"estimator","data_model","arm","a_mean","a_sd","subscenario","I0","n_sim_used","t_start","t_end","true_R","mean_est","mean_lower","mean_upper","mc_lower","mc_upper","coverage","n_used"
"EpiEstim","poisson","Correct SI",7.5,3.4,"gradual20_1.1_to_1.3",2000,100,2,2,1.1,NA,NA,NA,NA,NA,NA,0
"EpiEstim","poisson","Correct SI",7.5,3.4,"gradual20_1.1_to_1.3",2000,100,3,3,1.1,NA,NA,NA,NA,NA,NA,0
"EpiEstim","poisson","Correct SI",7.5,3.4,"gradual20_1.1_to_1.3",2000,100,4,4,1.1,NA,NA,NA,NA,NA,NA,0
"EpiEstim","poisson","Correct SI",7.5,3.4,"gradual20_1.1_to_1.3",2000,100,5,5,1.1,NA,NA,NA,NA,NA,NA,0
"EpiEstim","poisson","Correct SI",7.5,3.4,"gradual20_1.1_to_1.3",2000,100,6,6,1.1,NA,NA,NA,NA,NA,NA,0
"EpiEstim","poisson","Correct SI",7.5,3.4,"gradual20_1.1_to_1.3",2000,100,7,7,1.1,NA,NA,NA,NA,NA,NA,0
"EpiEstim","poisson","Correct SI",7.5,3.4,"gradual20_1.1_to_1.3",2000,100,8,8,1.1,1.10213346493927,0.984843527761343,1.22839557196394,0.990712940612301,1.24041001816765,0.93,100
"EpiEstim","poisson","Correct SI",7.5,3.4,"gradual20_1.1_to_1.3",2000,100,9,9,1.1,1.09892870917795,0.981239691213243,1.22567996008571,1.00455499867401,1.22677753292167,0.97,100
"EpiEstim","poisson","Correct SI",7.5,3.4,"gradual20_1.1_to_1.3",2000,100,10,10,1.1,1.09502750703763,0.977107900482796,1.22208224568395,0.992163916861773,1.25140917004677,0.94,100
"EpiEstim","poisson","Correct SI",7.5,3.4,"gradual20_1.1_to_1.3",2000,100,11,11,1.1,1.10326015639045,0.984953826238987,1.23068873554427,0.984148867633304,1.19630329039586,0.97,100
"EpiEstim","poisson","Correct SI",7.5,3.4,"gradual20_1.1_to_1.3",2000,100,12,12,1.1,1.10655179523798,0.988608014954979,1.23353320207637,0.9725827762871,1.22246633624291,0.94,100
"EpiEstim","poisson","Correct SI",7.5,3.4,"gradual20_1.1_to_1.3",2000,100,13,13,1.1,1.10752201550159,0.990271353628983,1.23369052401527,0.994943450220486,1.2179817856164,0.97,100
"EpiEstim","poisson","Correct SI",7.5,3.4,"gradual20_1.1_to_1.3",2000,100,14,14,1.1,1.10895601888615,0.992450814631543,1.23425027514858,0.994970534204503,1.24898415005594,0.94,100
"EpiEstim","poisson","Correct SI",7.5,3.4,"gradual20_1.1_to_1.3",2000,100,15,15,1.1,1.10328347324167,0.987895018657217,1.22733502767579,0.989870370481136,1.22236729853852,0.95,100
"EpiEstim","poisson","Correct SI",7.5,3.4,"gradual20_1.1_to_1.3",2000,100,16,16,1.1,1.09173150749907,0.97773283076921,1.21427289054926,0.997460162690161,1.19964318572521,0.97,100
"EpiEstim","poisson","Correct SI",7.5,3.4,"gradual20_1.1_to_1.3",2000,100,17,17,1.1,1.10797242479199,0.993846023084128,1.2305264370663,0.994308188681376,1.2192925250276,0.95,100
"EpiEstim","poisson","Correct SI",7.5,3.4,"gradual20_1.1_to_1.3",2000,100,18,18,1.1,1.10782274323767,0.994425511857097,1.22953851832018,0.994614685642325,1.21652464922076,0.96,100
"EpiEstim","poisson","Correct SI",7.5,3.4,"gradual20_1.1_to_1.3",2000,100,19,19,1.1,1.09589521305059,0.983822824869842,1.21618164595906,0.962416767393027,1.22661527683956,0.91,100
"EpiEstim","poisson","Correct SI",7.5,3.4,"gradual20_1.1_to_1.3",2000,100,20,20,1.1,1.09492620649508,0.983589731674687,1.2143725513553,0.975586265656649,1.21170974072053,0.95,100
"EpiEstim","poisson","Correct SI",7.5,3.4,"gradual20_1.1_to_1.3",2000,100,21,21,1.1,1.09654619896392,0.985804597968047,1.21529371024766,0.987276839064757,1.20042278069183,0.96,100
"EpiEstim","poisson","Correct SI",7.5,3.4,"gradual20_1.1_to_1.3",2000,100,22,22,1.1,1.09748203672261,0.987371962560625,1.21549701902561,0.98496438196816,1.18681071100981,0.96,100
"EpiEstim","poisson","Correct SI",7.5,3.4,"gradual20_1.1_to_1.3",2000,100,23,23,1.1,1.1020514665387,0.992353758583066,1.21955683123242,1.01396544986981,1.20782874710212,0.97,100
"EpiEstim","poisson","Correct SI",7.5,3.4,"gradual20_1.1_to_1.3",2000,100,24,24,1.1,1.10794460855529,0.998598862417367,1.22500331058823,1.01077556481209,1.19629795103042,0.96,100
"EpiEstim","poisson","Correct SI",7.5,3.4,"gradual20_1.1_to_1.3",2000,100,25,25,1.1,1.09778056391645,0.989603399627327,1.21357658518083,0.992888268098947,1.21727976584171,0.93,100
"EpiEstim","poisson","Correct SI",7.5,3.4,"gradual20_1.1_to_1.3",2000,100,26,26,1.1,1.10825965212738,1.00021096450033,1.22383174465562,0.99858830434654,1.22852061965731,0.94,100
"EpiEstim","poisson","Correct SI",7.5,3.4,"gradual20_1.1_to_1.3",2000,100,27,27,1.1,1.09520280457799,0.988471690159691,1.20936084214707,0.993416637342317,1.19509271118654,0.96,100
"EpiEstim","poisson","Correct SI",7.5,3.4,"gradual20_1.1_to_1.3",2000,100,28,28,1.1,1.09836365654898,0.99214021720134,1.21191793118393,1.01813631970107,1.21215242697831,0.96,100
"EpiEstim","poisson","Correct SI",7.5,3.4,"gradual20_1.1_to_1.3",2000,100,29,29,1.1,1.10820930542803,1.0021755159041,1.22147923768058,0.992691420123563,1.20828785445763,0.94,100
"EpiEstim","poisson","Correct SI",7.5,3.4,"gradual20_1.1_to_1.3",2000,100,30,30,1.1,1.10364888261911,0.998487903959324,1.21595422925142,1.00785911591721,1.20696336186579,0.96,100
"EpiEstim","poisson","Correct SI",7.5,3.4,"gradual20_1.1_to_1.3",2000,100,31,31,1.1,1.11117036439366,1.00628219012255,1.2231127042505,1.00975539920445,1.21164755780395,0.94,100
"EpiEstim","poisson","Correct SI",7.5,3.4,"gradual20_1.1_to_1.3",2000,100,32,32,1.1,1.09416039564248,0.990753727089584,1.20453068264506,0.992872847645718,1.19206995833415,0.95,100
"EpiEstim","poisson","Correct SI",7.5,3.4,"gradual20_1.1_to_1.3",2000,100,33,33,1.1,1.10343989412824,1.00022977500723,1.21352234626046,1.01020723844953,1.19103312080418,0.98,100
"EpiEstim","poisson","Correct SI",7.5,3.4,"gradual20_1.1_to_1.3",2000,100,34,34,1.1,1.09982046236891,0.997448769298264,1.20897387572118,1.01616914645965,1.19902184233487,0.97,100
"EpiEstim","poisson","Correct SI",7.5,3.4,"gradual20_1.1_to_1.3",2000,100,35,35,1.1,1.09555413554908,0.994036401169289,1.20376572557369,1.00962511394061,1.19699206234779,0.96,100
"EpiEstim","poisson","Correct SI",7.5,3.4,"gradual20_1.1_to_1.3",2000,100,36,36,1.1,1.09969975582819,0.998609055026557,1.20739884947871,1.01418113970645,1.17862544237615,0.98,100
"EpiEstim","poisson","Correct SI",7.5,3.4,"gradual20_1.1_to_1.3",2000,100,37,37,1.1,1.09330191286201,0.993130029947134,1.19999909408513,1.00717146281631,1.19003116049937,0.97,100
"EpiEstim","poisson","Correct SI",7.5,3.4,"gradual20_1.1_to_1.3",2000,100,38,38,1.1,1.10877949008859,1.00848950551534,1.21551394215711,1.01785025364972,1.185486109724,0.97,100
"EpiEstim","poisson","Correct SI",7.5,3.4,"gradual20_1.1_to_1.3",2000,100,39,39,1.1,1.10971086833539,1.00998416941314,1.21580300174331,1.01250409488104,1.21656773522569,0.93,100
"EpiEstim","poisson","Correct SI",7.5,3.4,"gradual20_1.1_to_1.3",2000,100,40,40,1.1,1.1022569055724,1.00346274682476,1.20733793301637,1.00594436451565,1.19042987397317,0.98,100
"EpiEstim","poisson","Correct SI",7.5,3.4,"gradual20_1.1_to_1.3",2000,100,41,41,1.1,1.10201924146112,1.00385553499454,1.20638943730892,0.996324458461572,1.20523895596388,0.92,100
"EpiEstim","poisson","Correct SI",7.5,3.4,"gradual20_1.1_to_1.3",2000,100,42,42,1.1,1.10127747483602,1.00377069693598,1.20490903847536,0.992919421278017,1.19756750912887,0.95,100
"EpiEstim","poisson","Correct SI",7.5,3.4,"gradual20_1.1_to_1.3",2000,100,43,43,1.1,1.09697211795403,1.00029459585688,1.19969351749789,1.02180236479118,1.20454388760107,0.96,100
"EpiEstim","poisson","Correct SI",7.5,3.4,"gradual20_1.1_to_1.3",2000,100,44,44,1.1,1.11119144760956,1.01448699124515,1.21386086967997,1.02693376817597,1.23061748244628,0.94,100
"EpiEstim","poisson","Correct SI",7.5,3.4,"gradual20_1.1_to_1.3",2000,100,45,45,1.1,1.09830881653774,1.00278514401606,1.19972095215214,1.01987834143607,1.19694309661564,0.96,100
"EpiEstim","poisson","Correct SI",7.5,3.4,"gradual20_1.1_to_1.3",2000,100,46,46,1.1,1.0934010044733,0.99867774580253,1.19393752863611,1.00029324872639,1.1994380795997,0.93,100
"EpiEstim","poisson","Correct SI",7.5,3.4,"gradual20_1.1_to_1.3",2000,100,47,47,1.1,1.09592119618011,1.00169501507511,1.1958857577107,0.998910902524265,1.1935838676745,0.95,100
"EpiEstim","poisson","Correct SI",7.5,3.4,"gradual20_1.1_to_1.3",2000,100,48,48,1.1,1.09966978653688,1.00585720457131,1.19914777950502,1.00279368388594,1.19556510217164,0.95,100
"EpiEstim","poisson","Correct SI",7.5,3.4,"gradual20_1.1_to_1.3",2000,100,49,49,1.1,1.09765222024168,1.00449594581609,1.19640374315167,1.0059585628705,1.1936248337429,0.95,100
"EpiEstim","poisson","Correct SI",7.5,3.4,"gradual20_1.1_to_1.3",2000,100,50,50,1.11,1.11450601677415,1.02116332704697,1.21337567425823,1.02760335684096,1.19677559079581,0.96,100
"EpiEstim","poisson","Correct SI",7.5,3.4,"gradual20_1.1_to_1.3",2000,100,51,51,1.12,1.12781039687374,1.03446864659607,1.22661147570108,1.04720630834478,1.23975014543675,0.95,100
"EpiEstim","poisson","Correct SI",7.5,3.4,"gradual20_1.1_to_1.3",2000,100,52,52,1.13,1.13093689102931,1.0380258310117,1.22923844534146,1.03687681879357,1.2177779149438,0.97,100
"EpiEstim","poisson","Correct SI",7.5,3.4,"gradual20_1.1_to_1.3",2000,100,53,53,1.14,1.14213636135498,1.04937499704344,1.24021510534392,1.04423361641125,1.2381084040324,0.93,100
"EpiEstim","poisson","Correct SI",7.5,3.4,"gradual20_1.1_to_1.3",2000,100,54,54,1.15,1.14732271171872,1.05502296401596,1.24486102007992,1.06474871805751,1.2545180361128,0.95,100
"EpiEstim","poisson","Correct SI",7.5,3.4,"gradual20_1.1_to_1.3",2000,100,55,55,1.16,1.1590698512537,1.0670000302966,1.2562942126159,1.06987326997159,1.24033133277035,0.96,100
"EpiEstim","poisson","Correct SI",7.5,3.4,"gradual20_1.1_to_1.3",2000,100,56,56,1.17,1.17498780034086,1.08304429511873,1.27199754547864,1.08670751254791,1.2507807812151,0.96,100
"EpiEstim","poisson","Correct SI",7.5,3.4,"gradual20_1.1_to_1.3",2000,100,57,57,1.18,1.18204201434971,1.09063895974741,1.27841937023194,1.09662651641813,1.25925019074813,0.97,100
"EpiEstim","poisson","Correct SI",7.5,3.4,"gradual20_1.1_to_1.3",2000,100,58,58,1.19,1.18464679909798,1.094018951958,1.280152859748,1.09010045551434,1.27247754877207,0.93,100
"EpiEstim","poisson","Correct SI",7.5,3.4,"gradual20_1.1_to_1.3",2000,100,59,59,1.2,1.19737889952087,1.10715919720454,1.29237621566071,1.11445648160196,1.26999018379008,0.96,100
"EpiEstim","poisson","Correct SI",7.5,3.4,"gradual20_1.1_to_1.3",2000,100,60,60,1.21,1.19953269154321,1.11018917555436,1.29354989101817,1.11123701531729,1.2886736045982,0.96,100
"EpiEstim","poisson","Correct SI",7.5,3.4,"gradual20_1.1_to_1.3",2000,100,61,61,1.22,1.21182234882615,1.12301297247682,1.30519944114126,1.11125850808222,1.29902498845929,0.94,100
"EpiEstim","poisson","Correct SI",7.5,3.4,"gradual20_1.1_to_1.3",2000,100,62,62,1.23,1.23036446050926,1.14189445346519,1.3232947897775,1.13451000172555,1.31689993092374,0.94,100
"EpiEstim","poisson","Correct SI",7.5,3.4,"gradual20_1.1_to_1.3",2000,100,63,63,1.24,1.23773957145521,1.15005980710553,1.32977111833477,1.16231891122737,1.32503986313212,0.96,100
"EpiEstim","poisson","Correct SI",7.5,3.4,"gradual20_1.1_to_1.3",2000,100,64,64,1.25,1.25561454775283,1.16838685399859,1.34708341988054,1.16069712802798,1.33242528769927,0.94,100
"EpiEstim","poisson","Correct SI",7.5,3.4,"gradual20_1.1_to_1.3",2000,100,65,65,1.26,1.26140631958339,1.17512279476852,1.35181751242563,1.18491278980656,1.36244548205073,0.92,100
"EpiEstim","poisson","Correct SI",7.5,3.4,"gradual20_1.1_to_1.3",2000,100,66,66,1.27,1.27525802559071,1.18969532509328,1.36483194654565,1.18892456949887,1.36386610378049,0.93,100
"EpiEstim","poisson","Correct SI",7.5,3.4,"gradual20_1.1_to_1.3",2000,100,67,67,1.28,1.27425967483025,1.18997783334531,1.36243382063357,1.18173732480945,1.34897527057313,0.93,100
"EpiEstim","poisson","Correct SI",7.5,3.4,"gradual20_1.1_to_1.3",2000,100,68,68,1.29,1.28437070195938,1.20103334820603,1.37147997431287,1.20001433505118,1.35830771286119,0.93,100
"EpiEstim","poisson","Correct SI",7.5,3.4,"gradual20_1.1_to_1.3",2000,100,69,69,1.3,1.2929048978532,1.21060373376338,1.37885738995437,1.21473291866781,1.3789874849011,0.94,100
"EpiEstim","poisson","Correct SI",7.5,3.4,"gradual20_1.1_to_1.3",2000,100,70,70,1.3,1.30816579780431,1.22671107406529,1.39315235485586,1.22813848295386,1.3848607361221,0.95,100
"EpiEstim","poisson","Correct SI",7.5,3.4,"gradual20_1.1_to_1.3",2000,100,71,71,1.3,1.30304381830477,1.22309863253749,1.38640271508904,1.21690484674689,1.3670548977618,0.96,100
"EpiEstim","poisson","Correct SI",7.5,3.4,"gradual20_1.1_to_1.3",2000,100,72,72,1.3,1.3014005124658,1.22285493892944,1.3832426390049,1.22564186547581,1.37638963259943,0.98,100
"EpiEstim","poisson","Correct SI",7.5,3.4,"gradual20_1.1_to_1.3",2000,100,73,73,1.3,1.30158263134278,1.22439146351625,1.38195443514985,1.22156310454651,1.3970476511876,0.93,100
"EpiEstim","poisson","Correct SI",7.5,3.4,"gradual20_1.1_to_1.3",2000,100,74,74,1.3,1.29132288172658,1.21580248341703,1.36991072337882,1.22094161124319,1.37731533480149,0.93,100
"EpiEstim","poisson","Correct SI",7.5,3.4,"gradual20_1.1_to_1.3",2000,100,75,75,1.3,1.30142073445645,1.22692828140951,1.37887130615683,1.23406322370348,1.37008284681957,0.96,100
"EpiEstim","poisson","Correct SI",7.5,3.4,"gradual20_1.1_to_1.3",2000,100,76,76,1.3,1.2989420598048,1.22583345949432,1.37490406934324,1.22273790300362,1.37588881066641,0.94,100
"EpiEstim","poisson","Correct SI",7.5,3.4,"gradual20_1.1_to_1.3",2000,100,77,77,1.3,1.29241395601721,1.22075229986416,1.36682889021648,1.2362567937165,1.35177223869034,1,100
"EpiEstim","poisson","Correct SI",7.5,3.4,"gradual20_1.1_to_1.3",2000,100,78,78,1.3,1.29615482767903,1.22563182099783,1.36933471611866,1.23698198759826,1.37059986572425,0.96,100
"EpiEstim","poisson","Correct SI",7.5,3.4,"gradual20_1.1_to_1.3",2000,100,79,79,1.3,1.30348426151466,1.2339829087446,1.37554966697256,1.23924841703939,1.36768109257148,0.96,100
"EpiEstim","poisson","Correct SI",7.5,3.4,"gradual20_1.1_to_1.3",2000,100,80,80,1.3,1.29896131145487,1.23077993596775,1.36961744845231,1.25084145801026,1.35923120780485,0.99,100
"EpiEstim","poisson","Correct SI",7.5,3.4,"gradual20_1.1_to_1.3",2000,100,81,81,1.3,1.2992140999271,1.23220406858983,1.3686125270398,1.24693164575241,1.353627837397,0.99,100
"EpiEstim","poisson","Correct SI",7.5,3.4,"gradual20_1.1_to_1.3",2000,100,82,82,1.3,1.2997924298722,1.23393242595703,1.36795697753427,1.23299039378149,1.36322826308325,0.97,100
"EpiEstim","poisson","Correct SI",7.5,3.4,"gradual20_1.1_to_1.3",2000,100,83,83,1.3,1.29741109239783,1.23276371035154,1.36428184380654,1.22626561449855,1.35673152030857,0.95,100
"EpiEstim","poisson","Correct SI",7.5,3.4,"gradual20_1.1_to_1.3",2000,100,84,84,1.3,1.29885812683084,1.23530723956144,1.36455400373274,1.2279315749559,1.35515232243333,0.95,100
"EpiEstim","poisson","Correct SI",7.5,3.4,"gradual20_1.1_to_1.3",2000,100,85,85,1.3,1.2981618808559,1.23573723492832,1.36265597189887,1.2462206257847,1.35011186883392,0.96,100
"EpiEstim","poisson","Correct SI",7.5,3.4,"gradual20_1.1_to_1.3",2000,100,86,86,1.3,1.29555217274844,1.23427808940428,1.35882296367013,1.24783648301188,1.36605579750279,0.95,100
"EpiEstim","poisson","Correct SI",7.5,3.4,"gradual20_1.1_to_1.3",2000,100,87,87,1.3,1.29962108467898,1.23932018730664,1.36184861297491,1.22350806976637,1.35876870401462,0.91,100
"EpiEstim","poisson","Correct SI",7.5,3.4,"gradual20_1.1_to_1.3",2000,100,88,88,1.3,1.30130109334696,1.24200738934905,1.3624539387546,1.2405635012947,1.3554366432237,0.95,100
"EpiEstim","poisson","Correct SI",7.5,3.4,"gradual20_1.1_to_1.3",2000,100,89,89,1.3,1.30177560260402,1.24350406366735,1.36184121950873,1.24357877484651,1.35793374280138,0.96,100
"EpiEstim","poisson","Correct SI",7.5,3.4,"gradual20_1.1_to_1.3",2000,100,90,90,1.3,1.29733273044408,1.24017662110133,1.35621996220057,1.24139290834335,1.35437038719985,0.94,100
"EpiEstim","poisson","Correct SI",7.5,3.4,"gradual20_1.1_to_1.3",2000,100,91,91,1.3,1.30276735690592,1.24649237975045,1.36071243788883,1.25064827285613,1.35150837241178,0.96,100
"EpiEstim","poisson","Correct SI",7.5,3.4,"gradual20_1.1_to_1.3",2000,100,92,92,1.3,1.2977311375735,1.24255180481314,1.35452159330018,1.25726559586625,1.35436308980776,0.98,100
"EpiEstim","poisson","Correct SI",7.5,3.4,"gradual20_1.1_to_1.3",2000,100,93,93,1.3,1.29893878631553,1.24470494307141,1.35472686106286,1.24087275693546,1.34378683767512,0.95,100
"EpiEstim","poisson","Correct SI",7.5,3.4,"gradual20_1.1_to_1.3",2000,100,94,94,1.3,1.30534541426955,1.25193049585216,1.36025969759095,1.24493917719007,1.359944021382,0.93,100
"EpiEstim","poisson","Correct SI",7.5,3.4,"gradual20_1.1_to_1.3",2000,100,95,95,1.3,1.2998354326752,1.24746896853384,1.35364842343577,1.25472159345309,1.35562001631569,0.93,100
"EpiEstim","poisson","Correct SI",7.5,3.4,"gradual20_1.1_to_1.3",2000,100,96,96,1.3,1.29735234702218,1.24595314218587,1.35014704114275,1.24763991230904,1.34276270699497,0.95,100
"EpiEstim","poisson","Correct SI",7.5,3.4,"gradual20_1.1_to_1.3",2000,100,97,97,1.3,1.30455152023591,1.25392075877004,1.35652837571304,1.24851853985651,1.35209759258061,0.93,100
"EpiEstim","poisson","Correct SI",7.5,3.4,"gradual20_1.1_to_1.3",2000,100,98,98,1.3,1.29892538838342,1.24929422470689,1.34985502422927,1.24445201214125,1.35719121285596,0.91,100
"EpiEstim","poisson","Correct SI",7.5,3.4,"gradual20_1.1_to_1.3",2000,100,99,99,1.3,1.30320544097524,1.25436472835835,1.35329873012037,1.26067207755038,1.3450191624578,0.97,100
"EpiEstim","poisson","Correct SI",7.5,3.4,"gradual20_1.1_to_1.3",2000,100,100,100,1.3,1.30028635577566,1.25236049030462,1.34942048988656,1.25505385022117,1.34180411270863,0.96,100
"EpiFilter (smoother)","poisson","Correct SI",7.5,3.4,"gradual20_1.1_to_1.3",2000,100,2,2,1.1,NA,NA,NA,NA,NA,NA,0
"EpiFilter (smoother)","poisson","Correct SI",7.5,3.4,"gradual20_1.1_to_1.3",2000,100,3,3,1.1,NA,NA,NA,NA,NA,NA,0
"EpiFilter (smoother)","poisson","Correct SI",7.5,3.4,"gradual20_1.1_to_1.3",2000,100,4,4,1.1,NA,NA,NA,NA,NA,NA,0
"EpiFilter (smoother)","poisson","Correct SI",7.5,3.4,"gradual20_1.1_to_1.3",2000,100,5,5,1.1,NA,NA,NA,NA,NA,NA,0
"EpiFilter (smoother)","poisson","Correct SI",7.5,3.4,"gradual20_1.1_to_1.3",2000,100,6,6,1.1,NA,NA,NA,NA,NA,NA,0
"EpiFilter (smoother)","poisson","Correct SI",7.5,3.4,"gradual20_1.1_to_1.3",2000,100,7,7,1.1,NA,NA,NA,NA,NA,NA,0
"EpiFilter (smoother)","poisson","Correct SI",7.5,3.4,"gradual20_1.1_to_1.3",2000,100,8,8,1.1,1.1046,0.8904,1.3572,1.03,1.20525,1,100
"EpiFilter (smoother)","poisson","Correct SI",7.5,3.4,"gradual20_1.1_to_1.3",2000,100,9,9,1.1,1.0979,0.9941,1.2099,1.02,1.2,0.99,100
"EpiFilter (smoother)","poisson","Correct SI",7.5,3.4,"gradual20_1.1_to_1.3",2000,100,10,10,1.1,1.0969,1.0011,1.1987,1.03,1.19,1,100
"EpiFilter (smoother)","poisson","Correct SI",7.5,3.4,"gradual20_1.1_to_1.3",2000,100,11,11,1.1,1.1018,1.0063,1.2029,1.02,1.1805,1,100
"EpiFilter (smoother)","poisson","Correct SI",7.5,3.4,"gradual20_1.1_to_1.3",2000,100,12,12,1.1,1.105,1.0095,1.2061,1.02,1.18,0.97,100
"EpiFilter (smoother)","poisson","Correct SI",7.5,3.4,"gradual20_1.1_to_1.3",2000,100,13,13,1.1,1.106,1.0118,1.2069,1.02475,1.19,0.98,100
"EpiFilter (smoother)","poisson","Correct SI",7.5,3.4,"gradual20_1.1_to_1.3",2000,100,14,14,1.1,1.1063,1.0124,1.2069,1.02425,1.2005,0.97,100
"EpiFilter (smoother)","poisson","Correct SI",7.5,3.4,"gradual20_1.1_to_1.3",2000,100,15,15,1.1,1.1017,1.0085,1.2013,1.02475,1.2,0.97,100
"EpiFilter (smoother)","poisson","Correct SI",7.5,3.4,"gradual20_1.1_to_1.3",2000,100,16,16,1.1,1.0956,1.0029,1.1942,1.02475,1.16525,0.98,100
"EpiFilter (smoother)","poisson","Correct SI",7.5,3.4,"gradual20_1.1_to_1.3",2000,100,17,17,1.1,1.1039,1.0117,1.2025,1.03,1.17525,0.99,100
"EpiFilter (smoother)","poisson","Correct SI",7.5,3.4,"gradual20_1.1_to_1.3",2000,100,18,18,1.1,1.1042,1.0123,1.2026,1.0295,1.18525,0.99,100
"EpiFilter (smoother)","poisson","Correct SI",7.5,3.4,"gradual20_1.1_to_1.3",2000,100,19,19,1.1,1.0964,1.0049,1.1942,1.00475,1.18,0.96,100
"EpiFilter (smoother)","poisson","Correct SI",7.5,3.4,"gradual20_1.1_to_1.3",2000,100,20,20,1.1,1.0951,1.0038,1.1916,1.0195,1.18,0.98,100
"EpiFilter (smoother)","poisson","Correct SI",7.5,3.4,"gradual20_1.1_to_1.3",2000,100,21,21,1.1,1.0955,1.0046,1.1922,1.01475,1.17525,0.99,100
"EpiFilter (smoother)","poisson","Correct SI",7.5,3.4,"gradual20_1.1_to_1.3",2000,100,22,22,1.1,1.0974,1.0071,1.1934,1.01475,1.16,1,100
"EpiFilter (smoother)","poisson","Correct SI",7.5,3.4,"gradual20_1.1_to_1.3",2000,100,23,23,1.1,1.1011,1.011,1.1965,1.04,1.17525,0.99,100
"EpiFilter (smoother)","poisson","Correct SI",7.5,3.4,"gradual20_1.1_to_1.3",2000,100,24,24,1.1,1.1049,1.0152,1.2003,1.03475,1.17,1,100
"EpiFilter (smoother)","poisson","Correct SI",7.5,3.4,"gradual20_1.1_to_1.3",2000,100,25,25,1.1,1.1002,1.0105,1.1946,1.03,1.17525,0.98,100
"EpiFilter (smoother)","poisson","Correct SI",7.5,3.4,"gradual20_1.1_to_1.3",2000,100,26,26,1.1,1.1041,1.0156,1.1985,1.03475,1.1905,0.98,100
"EpiFilter (smoother)","poisson","Correct SI",7.5,3.4,"gradual20_1.1_to_1.3",2000,100,27,27,1.1,1.0971,1.0088,1.1907,1.02475,1.17,0.99,100
"EpiFilter (smoother)","poisson","Correct SI",7.5,3.4,"gradual20_1.1_to_1.3",2000,100,28,28,1.1,1.0985,1.0108,1.1921,1.04,1.18,1,100
"EpiFilter (smoother)","poisson","Correct SI",7.5,3.4,"gradual20_1.1_to_1.3",2000,100,29,29,1.1,1.1048,1.017,1.1985,1.03,1.18,0.98,100
"EpiFilter (smoother)","poisson","Correct SI",7.5,3.4,"gradual20_1.1_to_1.3",2000,100,30,30,1.1,1.1038,1.0169,1.197,1.03,1.17,0.99,100
"EpiFilter (smoother)","poisson","Correct SI",7.5,3.4,"gradual20_1.1_to_1.3",2000,100,31,31,1.1,1.1068,1.02,1.1989,1.03,1.18,0.98,100
"EpiFilter (smoother)","poisson","Correct SI",7.5,3.4,"gradual20_1.1_to_1.3",2000,100,32,32,1.1,1.0968,1.0107,1.1884,1.02475,1.1705,0.97,100
"EpiFilter (smoother)","poisson","Correct SI",7.5,3.4,"gradual20_1.1_to_1.3",2000,100,33,33,1.1,1.1011,1.0144,1.1921,1.02475,1.17,1,100
"EpiFilter (smoother)","poisson","Correct SI",7.5,3.4,"gradual20_1.1_to_1.3",2000,100,34,34,1.1,1.0988,1.0133,1.1893,1.04,1.16525,0.98,100
"EpiFilter (smoother)","poisson","Correct SI",7.5,3.4,"gradual20_1.1_to_1.3",2000,100,35,35,1.1,1.0958,1.0115,1.1857,1.03,1.17,0.99,100
"EpiFilter (smoother)","poisson","Correct SI",7.5,3.4,"gradual20_1.1_to_1.3",2000,100,36,36,1.1,1.0975,1.0134,1.1875,1.03,1.15,1,100
"EpiFilter (smoother)","poisson","Correct SI",7.5,3.4,"gradual20_1.1_to_1.3",2000,100,37,37,1.1,1.0959,1.0114,1.1847,1.02475,1.17,0.98,100
"EpiFilter (smoother)","poisson","Correct SI",7.5,3.4,"gradual20_1.1_to_1.3",2000,100,38,38,1.1,1.1058,1.0219,1.1952,1.03475,1.17,1,100
"EpiFilter (smoother)","poisson","Correct SI",7.5,3.4,"gradual20_1.1_to_1.3",2000,100,39,39,1.1,1.1071,1.0236,1.1967,1.03,1.18,0.99,100
"EpiFilter (smoother)","poisson","Correct SI",7.5,3.4,"gradual20_1.1_to_1.3",2000,100,40,40,1.1,1.1024,1.0195,1.1907,1.04,1.17,0.99,100
"EpiFilter (smoother)","poisson","Correct SI",7.5,3.4,"gradual20_1.1_to_1.3",2000,100,41,41,1.1,1.1012,1.0188,1.189,1.02,1.17525,0.99,100
"EpiFilter (smoother)","poisson","Correct SI",7.5,3.4,"gradual20_1.1_to_1.3",2000,100,42,42,1.1,1.0999,1.0181,1.1877,1.02475,1.17,0.98,100
"EpiFilter (smoother)","poisson","Correct SI",7.5,3.4,"gradual20_1.1_to_1.3",2000,100,43,43,1.1,1.0985,1.0166,1.1855,1.04475,1.17,0.99,100
"EpiFilter (smoother)","poisson","Correct SI",7.5,3.4,"gradual20_1.1_to_1.3",2000,100,44,44,1.1,1.1062,1.0245,1.1934,1.04475,1.19,0.98,100
"EpiFilter (smoother)","poisson","Correct SI",7.5,3.4,"gradual20_1.1_to_1.3",2000,100,45,45,1.1,1.0983,1.0171,1.1843,1.03475,1.16525,1,100
"EpiFilter (smoother)","poisson","Correct SI",7.5,3.4,"gradual20_1.1_to_1.3",2000,100,46,46,1.1,1.094,1.0131,1.1796,1.03,1.17,1,100
"EpiFilter (smoother)","poisson","Correct SI",7.5,3.4,"gradual20_1.1_to_1.3",2000,100,47,47,1.1,1.0954,1.0154,1.1806,1.02475,1.16,0.98,100
"EpiFilter (smoother)","poisson","Correct SI",7.5,3.4,"gradual20_1.1_to_1.3",2000,100,48,48,1.1,1.099,1.0187,1.1826,1.02,1.17,0.99,100
"EpiFilter (smoother)","poisson","Correct SI",7.5,3.4,"gradual20_1.1_to_1.3",2000,100,49,49,1.1,1.0995,1.0203,1.1837,1.03475,1.16525,0.98,100
"EpiFilter (smoother)","poisson","Correct SI",7.5,3.4,"gradual20_1.1_to_1.3",2000,100,50,50,1.11,1.1136,1.0339,1.1977,1.04475,1.16525,1,100
"EpiFilter (smoother)","poisson","Correct SI",7.5,3.4,"gradual20_1.1_to_1.3",2000,100,51,51,1.12,1.1257,1.046,1.2099,1.07,1.21,0.96,100
"EpiFilter (smoother)","poisson","Correct SI",7.5,3.4,"gradual20_1.1_to_1.3",2000,100,52,52,1.13,1.1313,1.0518,1.2151,1.06,1.2,0.99,100
"EpiFilter (smoother)","poisson","Correct SI",7.5,3.4,"gradual20_1.1_to_1.3",2000,100,53,53,1.14,1.1409,1.0613,1.2246,1.07,1.21,0.99,100
"EpiFilter (smoother)","poisson","Correct SI",7.5,3.4,"gradual20_1.1_to_1.3",2000,100,54,54,1.15,1.1477,1.068,1.2311,1.09,1.23,0.98,100
"EpiFilter (smoother)","poisson","Correct SI",7.5,3.4,"gradual20_1.1_to_1.3",2000,100,55,55,1.16,1.1592,1.0795,1.2422,1.09475,1.22,1,100
"EpiFilter (smoother)","poisson","Correct SI",7.5,3.4,"gradual20_1.1_to_1.3",2000,100,56,56,1.17,1.1732,1.0939,1.2565,1.10475,1.23,0.97,100
"EpiFilter (smoother)","poisson","Correct SI",7.5,3.4,"gradual20_1.1_to_1.3",2000,100,57,57,1.18,1.1807,1.102,1.2636,1.11475,1.24,0.98,100
"EpiFilter (smoother)","poisson","Correct SI",7.5,3.4,"gradual20_1.1_to_1.3",2000,100,58,58,1.19,1.1853,1.1065,1.2679,1.11,1.26525,0.94,100
"EpiFilter (smoother)","poisson","Correct SI",7.5,3.4,"gradual20_1.1_to_1.3",2000,100,59,59,1.2,1.1952,1.1172,1.2779,1.13475,1.2605,0.98,100
"EpiFilter (smoother)","poisson","Correct SI",7.5,3.4,"gradual20_1.1_to_1.3",2000,100,60,60,1.21,1.2003,1.122,1.2817,1.14,1.26525,0.98,100
"EpiFilter (smoother)","poisson","Correct SI",7.5,3.4,"gradual20_1.1_to_1.3",2000,100,61,61,1.22,1.2126,1.1344,1.2935,1.13475,1.28,0.97,100
"EpiFilter (smoother)","poisson","Correct SI",7.5,3.4,"gradual20_1.1_to_1.3",2000,100,62,62,1.23,1.2284,1.1517,1.3095,1.15475,1.3,0.96,100
"EpiFilter (smoother)","poisson","Correct SI",7.5,3.4,"gradual20_1.1_to_1.3",2000,100,63,63,1.24,1.2385,1.1611,1.3191,1.18,1.31,0.98,100
"EpiFilter (smoother)","poisson","Correct SI",7.5,3.4,"gradual20_1.1_to_1.3",2000,100,64,64,1.25,1.2542,1.1771,1.3343,1.17475,1.31,0.97,100
"EpiFilter (smoother)","poisson","Correct SI",7.5,3.4,"gradual20_1.1_to_1.3",2000,100,65,65,1.26,1.2614,1.1855,1.3411,1.19475,1.34,0.97,100
"EpiFilter (smoother)","poisson","Correct SI",7.5,3.4,"gradual20_1.1_to_1.3",2000,100,66,66,1.27,1.2734,1.1978,1.3521,1.2095,1.34525,0.98,100
"EpiFilter (smoother)","poisson","Correct SI",7.5,3.4,"gradual20_1.1_to_1.3",2000,100,67,67,1.28,1.2749,1.2001,1.3527,1.19475,1.33,0.97,100
"EpiFilter (smoother)","poisson","Correct SI",7.5,3.4,"gradual20_1.1_to_1.3",2000,100,68,68,1.29,1.284,1.2097,1.3607,1.22,1.34,0.98,100
"EpiFilter (smoother)","poisson","Correct SI",7.5,3.4,"gradual20_1.1_to_1.3",2000,100,69,69,1.3,1.2923,1.2195,1.369,1.23,1.36,0.97,100
"EpiFilter (smoother)","poisson","Correct SI",7.5,3.4,"gradual20_1.1_to_1.3",2000,100,70,70,1.3,1.3055,1.2327,1.3812,1.24,1.37525,0.99,100
"EpiFilter (smoother)","poisson","Correct SI",7.5,3.4,"gradual20_1.1_to_1.3",2000,100,71,71,1.3,1.3029,1.2308,1.3772,1.2295,1.36,0.98,100
"EpiFilter (smoother)","poisson","Correct SI",7.5,3.4,"gradual20_1.1_to_1.3",2000,100,72,72,1.3,1.301,1.2302,1.3747,1.24,1.36,1,100
"EpiFilter (smoother)","poisson","Correct SI",7.5,3.4,"gradual20_1.1_to_1.3",2000,100,73,73,1.3,1.3008,1.2311,1.3722,1.24,1.38,0.95,100
"EpiFilter (smoother)","poisson","Correct SI",7.5,3.4,"gradual20_1.1_to_1.3",2000,100,74,74,1.3,1.2928,1.224,1.3637,1.23475,1.36525,0.99,100
"EpiFilter (smoother)","poisson","Correct SI",7.5,3.4,"gradual20_1.1_to_1.3",2000,100,75,75,1.3,1.2997,1.2328,1.3701,1.24,1.36,0.99,100
"EpiFilter (smoother)","poisson","Correct SI",7.5,3.4,"gradual20_1.1_to_1.3",2000,100,76,76,1.3,1.2985,1.2323,1.3672,1.2295,1.37,0.95,100
"EpiFilter (smoother)","poisson","Correct SI",7.5,3.4,"gradual20_1.1_to_1.3",2000,100,77,77,1.3,1.2929,1.2271,1.3601,1.25,1.34,1,100
"EpiFilter (smoother)","poisson","Correct SI",7.5,3.4,"gradual20_1.1_to_1.3",2000,100,78,78,1.3,1.296,1.2317,1.3628,1.25,1.35525,0.99,100
"EpiFilter (smoother)","poisson","Correct SI",7.5,3.4,"gradual20_1.1_to_1.3",2000,100,79,79,1.3,1.3024,1.2385,1.3678,1.25,1.35525,0.97,100
"EpiFilter (smoother)","poisson","Correct SI",7.5,3.4,"gradual20_1.1_to_1.3",2000,100,80,80,1.3,1.2991,1.2364,1.3636,1.25475,1.35,0.99,100
"EpiFilter (smoother)","poisson","Correct SI",7.5,3.4,"gradual20_1.1_to_1.3",2000,100,81,81,1.3,1.2986,1.2371,1.3628,1.25,1.34,1,100
"EpiFilter (smoother)","poisson","Correct SI",7.5,3.4,"gradual20_1.1_to_1.3",2000,100,82,82,1.3,1.2989,1.2382,1.3616,1.24,1.35525,0.98,100
"EpiFilter (smoother)","poisson","Correct SI",7.5,3.4,"gradual20_1.1_to_1.3",2000,100,83,83,1.3,1.2976,1.2379,1.3596,1.24,1.35,0.98,100
"EpiFilter (smoother)","poisson","Correct SI",7.5,3.4,"gradual20_1.1_to_1.3",2000,100,84,84,1.3,1.2984,1.2393,1.3594,1.23475,1.34525,0.97,100
"EpiFilter (smoother)","poisson","Correct SI",7.5,3.4,"gradual20_1.1_to_1.3",2000,100,85,85,1.3,1.2977,1.2396,1.3574,1.25,1.34,0.96,100
"EpiFilter (smoother)","poisson","Correct SI",7.5,3.4,"gradual20_1.1_to_1.3",2000,100,86,86,1.3,1.2956,1.2385,1.3544,1.25475,1.35525,0.96,100
"EpiFilter (smoother)","poisson","Correct SI",7.5,3.4,"gradual20_1.1_to_1.3",2000,100,87,87,1.3,1.2991,1.2427,1.3568,1.23475,1.35525,0.95,100
"EpiFilter (smoother)","poisson","Correct SI",7.5,3.4,"gradual20_1.1_to_1.3",2000,100,88,88,1.3,1.3006,1.2457,1.3579,1.24475,1.35,0.98,100
"EpiFilter (smoother)","poisson","Correct SI",7.5,3.4,"gradual20_1.1_to_1.3",2000,100,89,89,1.3,1.301,1.2464,1.3578,1.25,1.35,0.97,100
"EpiFilter (smoother)","poisson","Correct SI",7.5,3.4,"gradual20_1.1_to_1.3",2000,100,90,90,1.3,1.2975,1.2443,1.3527,1.25,1.35,0.96,100
"EpiFilter (smoother)","poisson","Correct SI",7.5,3.4,"gradual20_1.1_to_1.3",2000,100,91,91,1.3,1.3026,1.2492,1.3553,1.25475,1.35,0.97,100
"EpiFilter (smoother)","poisson","Correct SI",7.5,3.4,"gradual20_1.1_to_1.3",2000,100,92,92,1.3,1.2977,1.2458,1.3512,1.26,1.35,0.98,100
"EpiFilter (smoother)","poisson","Correct SI",7.5,3.4,"gradual20_1.1_to_1.3",2000,100,93,93,1.3,1.2985,1.2475,1.351,1.25,1.34,0.99,100
"EpiFilter (smoother)","poisson","Correct SI",7.5,3.4,"gradual20_1.1_to_1.3",2000,100,94,94,1.3,1.3042,1.2538,1.3563,1.25,1.35525,0.96,100
"EpiFilter (smoother)","poisson","Correct SI",7.5,3.4,"gradual20_1.1_to_1.3",2000,100,95,95,1.3,1.2992,1.2501,1.3503,1.26,1.35,0.96,100
"EpiFilter (smoother)","poisson","Correct SI",7.5,3.4,"gradual20_1.1_to_1.3",2000,100,96,96,1.3,1.2979,1.2489,1.3477,1.25,1.34,0.99,100
"EpiFilter (smoother)","poisson","Correct SI",7.5,3.4,"gradual20_1.1_to_1.3",2000,100,97,97,1.3,1.304,1.2559,1.3527,1.25,1.35,0.97,100
"EpiFilter (smoother)","poisson","Correct SI",7.5,3.4,"gradual20_1.1_to_1.3",2000,100,98,98,1.3,1.2989,1.2516,1.3471,1.25,1.35,0.96,100
"EpiFilter (smoother)","poisson","Correct SI",7.5,3.4,"gradual20_1.1_to_1.3",2000,100,99,99,1.3,1.3025,1.2561,1.35,1.26475,1.34,0.98,100
"EpiFilter (smoother)","poisson","Correct SI",7.5,3.4,"gradual20_1.1_to_1.3",2000,100,100,100,1.3,1.3004,1.2537,1.3478,1.26,1.34,0.98,100
"EpiLPS (MAP)","negbin","Correct SI",7.5,3.4,"gradual20_1.1_to_1.3",2000,100,2,2,1.1,NA,NA,NA,NA,NA,NA,0
"EpiLPS (MAP)","negbin","Correct SI",7.5,3.4,"gradual20_1.1_to_1.3",2000,100,3,3,1.1,NA,NA,NA,NA,NA,NA,0
"EpiLPS (MAP)","negbin","Correct SI",7.5,3.4,"gradual20_1.1_to_1.3",2000,100,4,4,1.1,NA,NA,NA,NA,NA,NA,0
"EpiLPS (MAP)","negbin","Correct SI",7.5,3.4,"gradual20_1.1_to_1.3",2000,100,5,5,1.1,NA,NA,NA,NA,NA,NA,0
"EpiLPS (MAP)","negbin","Correct SI",7.5,3.4,"gradual20_1.1_to_1.3",2000,100,6,6,1.1,NA,NA,NA,NA,NA,NA,0
"EpiLPS (MAP)","negbin","Correct SI",7.5,3.4,"gradual20_1.1_to_1.3",2000,100,7,7,1.1,NA,NA,NA,NA,NA,NA,0
"EpiLPS (MAP)","negbin","Correct SI",7.5,3.4,"gradual20_1.1_to_1.3",2000,100,8,8,1.1,305.690993236152,231.566061062473,404.330440036177,242.602377617014,374.736745158696,0,100
"EpiLPS (MAP)","negbin","Correct SI",7.5,3.4,"gradual20_1.1_to_1.3",2000,100,9,9,1.1,792.542141698175,718.396656337206,874.541699735654,748.833747845372,847.780045357934,0,100
"EpiLPS (MAP)","negbin","Correct SI",7.5,3.4,"gradual20_1.1_to_1.3",2000,100,10,10,1.1,47.3670840239035,39.8531905562149,56.3383551470932,42.6861910646165,53.7391451860418,0,100
"EpiLPS (MAP)","negbin","Correct SI",7.5,3.4,"gradual20_1.1_to_1.3",2000,100,11,11,1.1,12.0747047700641,9.73481235500315,14.994032450134,10.4874972993353,14.2981608651438,0,100
"EpiLPS (MAP)","negbin","Correct SI",7.5,3.4,"gradual20_1.1_to_1.3",2000,100,12,12,1.1,5.43436926113661,4.30749414515311,6.86517092113964,4.64557232305214,6.62750746993937,0,100
"EpiLPS (MAP)","negbin","Correct SI",7.5,3.4,"gradual20_1.1_to_1.3",2000,100,13,13,1.1,3.2609101283139,2.5834299831434,4.12157853996681,2.79944371055738,4.02345956137275,0,100
"EpiLPS (MAP)","negbin","Correct SI",7.5,3.4,"gradual20_1.1_to_1.3",2000,100,14,14,1.1,2.31588960448885,1.84610147040541,2.90891211857698,1.97059681259285,2.82192684337286,0,100
"EpiLPS (MAP)","negbin","Correct SI",7.5,3.4,"gradual20_1.1_to_1.3",2000,100,15,15,1.1,1.83118308338938,1.47498964514792,2.27599807194429,1.53058925719266,2.18158473274604,0,100
"EpiLPS (MAP)","negbin","Correct SI",7.5,3.4,"gradual20_1.1_to_1.3",2000,100,16,16,1.1,1.55589958881233,1.27103582639967,1.90650635715707,1.2905079012396,1.84963508448385,0.04,100
"EpiLPS (MAP)","negbin","Correct SI",7.5,3.4,"gradual20_1.1_to_1.3",2000,100,17,17,1.1,1.38943192417983,1.14757305807122,1.68375425688303,1.16689911180396,1.65089583625855,0.37,100
"EpiLPS (MAP)","negbin","Correct SI",7.5,3.4,"gradual20_1.1_to_1.3",2000,100,18,18,1.1,1.28491147092776,1.0675406239793,1.54781622049901,1.0755617519401,1.51695883220374,0.69,100
"EpiLPS (MAP)","negbin","Correct SI",7.5,3.4,"gradual20_1.1_to_1.3",2000,100,19,19,1.1,1.21792523843,1.01809081022626,1.45810381063256,1.01080061086272,1.41934178081022,0.79,100
"EpiLPS (MAP)","negbin","Correct SI",7.5,3.4,"gradual20_1.1_to_1.3",2000,100,20,20,1.1,1.1747004269723,0.986572395907835,1.39972425260862,0.97394913556139,1.35742383586544,0.9,100
"EpiLPS (MAP)","negbin","Correct SI",7.5,3.4,"gradual20_1.1_to_1.3",2000,100,21,21,1.1,1.1469668768217,0.963479858754357,1.36638812645222,0.964284560170915,1.30438217139505,0.95,100
"EpiLPS (MAP)","negbin","Correct SI",7.5,3.4,"gradual20_1.1_to_1.3",2000,100,22,22,1.1,1.12949273491087,0.949315420726476,1.34482935342738,0.95681829596845,1.27557347765124,0.96,100
"EpiLPS (MAP)","negbin","Correct SI",7.5,3.4,"gradual20_1.1_to_1.3",2000,100,23,23,1.1,1.11877923574923,0.943212810115063,1.3279360558246,0.951987410411408,1.25056102034965,0.96,100
"EpiLPS (MAP)","negbin","Correct SI",7.5,3.4,"gradual20_1.1_to_1.3",2000,100,24,24,1.1,1.11233780634297,0.938040397915096,1.31991308316551,0.945365718375473,1.24315940614306,0.95,100
"EpiLPS (MAP)","negbin","Correct SI",7.5,3.4,"gradual20_1.1_to_1.3",2000,100,25,25,1.1,1.10837285802963,0.933339285548376,1.31712566891113,0.941135085026359,1.24730538838008,0.96,100
"EpiLPS (MAP)","negbin","Correct SI",7.5,3.4,"gradual20_1.1_to_1.3",2000,100,26,26,1.1,1.10561319798546,0.932876976282175,1.31120576285839,0.948924619957149,1.27078654015883,0.97,100
"EpiLPS (MAP)","negbin","Correct SI",7.5,3.4,"gradual20_1.1_to_1.3",2000,100,27,27,1.1,1.10336499047062,0.932181852519693,1.3068475520271,0.950126511854369,1.27469688376825,0.96,100
"EpiLPS (MAP)","negbin","Correct SI",7.5,3.4,"gradual20_1.1_to_1.3",2000,100,28,28,1.1,1.10119807186476,0.928609272375563,1.30675458898754,0.957081306777066,1.27509992595559,0.96,100
"EpiLPS (MAP)","negbin","Correct SI",7.5,3.4,"gradual20_1.1_to_1.3",2000,100,29,29,1.1,1.0988086575644,0.926847208065331,1.30357335169808,0.949591327360302,1.27335274481595,0.96,100
"EpiLPS (MAP)","negbin","Correct SI",7.5,3.4,"gradual20_1.1_to_1.3",2000,100,30,30,1.1,1.09612140487864,0.926626736600231,1.2975065228482,0.958448745973901,1.27087437380472,0.95,100
"EpiLPS (MAP)","negbin","Correct SI",7.5,3.4,"gradual20_1.1_to_1.3",2000,100,31,31,1.1,1.09324977377768,0.923292041377409,1.29539808450676,0.954738315298841,1.2559108805369,0.94,100
"EpiLPS (MAP)","negbin","Correct SI",7.5,3.4,"gradual20_1.1_to_1.3",2000,100,32,32,1.1,1.09033983906059,0.919464270894714,1.29389694954402,0.953728219886095,1.24210288578075,0.95,100
"EpiLPS (MAP)","negbin","Correct SI",7.5,3.4,"gradual20_1.1_to_1.3",2000,100,33,33,1.1,1.08765366802325,0.91903703045166,1.28811506634071,0.953688887168173,1.24418096800944,0.95,100
"EpiLPS (MAP)","negbin","Correct SI",7.5,3.4,"gradual20_1.1_to_1.3",2000,100,34,34,1.1,1.08572164461439,0.917689898455267,1.28542707625904,0.953764591415084,1.24698214547795,0.97,100
"EpiLPS (MAP)","negbin","Correct SI",7.5,3.4,"gradual20_1.1_to_1.3",2000,100,35,35,1.1,1.08506747199158,0.91510231045884,1.28752981766661,0.952640348489588,1.23499752366231,0.98,100
"EpiLPS (MAP)","negbin","Correct SI",7.5,3.4,"gradual20_1.1_to_1.3",2000,100,36,36,1.1,1.08609533483132,0.91680602837094,1.28756374985977,0.95221728663764,1.23560755619923,0.99,100
"EpiLPS (MAP)","negbin","Correct SI",7.5,3.4,"gradual20_1.1_to_1.3",2000,100,37,37,1.1,1.08874076715617,0.92067685591596,1.28838615162177,0.942830220203359,1.23512613135955,0.99,100
"EpiLPS (MAP)","negbin","Correct SI",7.5,3.4,"gradual20_1.1_to_1.3",2000,100,38,38,1.1,1.09262421858306,0.922544828784524,1.29497818239038,0.932381765717808,1.24453081808205,0.96,100
"EpiLPS (MAP)","negbin","Correct SI",7.5,3.4,"gradual20_1.1_to_1.3",2000,100,39,39,1.1,1.09726745691629,0.925768559606901,1.30146517295136,0.922656188554223,1.26018206620491,0.95,100
"EpiLPS (MAP)","negbin","Correct SI",7.5,3.4,"gradual20_1.1_to_1.3",2000,100,40,40,1.1,1.10207587297158,0.93196196774415,1.304150192526,0.927998521296416,1.26948247465286,0.95,100
"EpiLPS (MAP)","negbin","Correct SI",7.5,3.4,"gradual20_1.1_to_1.3",2000,100,41,41,1.1,1.10641431300987,0.935422608832729,1.30957754882964,0.944364239646711,1.27987296645925,0.96,100
"EpiLPS (MAP)","negbin","Correct SI",7.5,3.4,"gradual20_1.1_to_1.3",2000,100,42,42,1.1,1.10968485199251,0.936298203782765,1.31611632872842,0.951213393590267,1.28347026809999,0.96,100
"EpiLPS (MAP)","negbin","Correct SI",7.5,3.4,"gradual20_1.1_to_1.3",2000,100,43,43,1.1,1.1114748148614,0.939222862929523,1.31623607294228,0.951380326629536,1.27452881950996,0.96,100
"EpiLPS (MAP)","negbin","Correct SI",7.5,3.4,"gradual20_1.1_to_1.3",2000,100,44,44,1.1,1.11203977797773,0.940728306667877,1.31545157054296,0.945326042089887,1.26119382765581,0.96,100
"EpiLPS (MAP)","negbin","Correct SI",7.5,3.4,"gradual20_1.1_to_1.3",2000,100,45,45,1.1,1.11183636315019,0.93859938885913,1.31796930090433,0.946618284586924,1.2489277457699,0.96,100
"EpiLPS (MAP)","negbin","Correct SI",7.5,3.4,"gradual20_1.1_to_1.3",2000,100,46,46,1.1,1.11132145942548,0.938098942225876,1.31745256077192,0.94706997318952,1.25077487476996,0.96,100
"EpiLPS (MAP)","negbin","Correct SI",7.5,3.4,"gradual20_1.1_to_1.3",2000,100,47,47,1.1,1.11101701632805,0.939861924386271,1.31424606768211,0.948321804536817,1.23844188825336,0.96,100
"EpiLPS (MAP)","negbin","Correct SI",7.5,3.4,"gradual20_1.1_to_1.3",2000,100,48,48,1.1,1.11148492844779,0.939414706434184,1.3159949297343,0.957602693790685,1.23505641822278,0.97,100
"EpiLPS (MAP)","negbin","Correct SI",7.5,3.4,"gradual20_1.1_to_1.3",2000,100,49,49,1.1,1.11322023672653,0.939413335414816,1.32012999144082,0.97011160535272,1.24240527123733,0.98,100
"EpiLPS (MAP)","negbin","Correct SI",7.5,3.4,"gradual20_1.1_to_1.3",2000,100,50,50,1.11,1.11654492842794,0.944175572242917,1.32131190272548,0.975048962391338,1.26277158749694,0.97,100
"EpiLPS (MAP)","negbin","Correct SI",7.5,3.4,"gradual20_1.1_to_1.3",2000,100,51,51,1.12,1.1214352905777,0.948893976935941,1.32627696719657,0.982016884521502,1.27350006262942,0.94,100
"EpiLPS (MAP)","negbin","Correct SI",7.5,3.4,"gradual20_1.1_to_1.3",2000,100,52,52,1.13,1.12764439305525,0.95215036792591,1.33643515368835,0.983105724338515,1.28514343123221,0.94,100
"EpiLPS (MAP)","negbin","Correct SI",7.5,3.4,"gradual20_1.1_to_1.3",2000,100,53,53,1.14,1.13478953680647,0.958980560728244,1.34377752048712,0.990485451770371,1.31961518701247,0.94,100
"EpiLPS (MAP)","negbin","Correct SI",7.5,3.4,"gradual20_1.1_to_1.3",2000,100,54,54,1.15,1.14246338296817,0.967275038596968,1.35032133692424,0.997965847635299,1.34313631756719,0.94,100
"EpiLPS (MAP)","negbin","Correct SI",7.5,3.4,"gradual20_1.1_to_1.3",2000,100,55,55,1.16,1.15030789902639,0.972446551714361,1.36167388962026,1.00360689782517,1.33715221382618,0.96,100
"EpiLPS (MAP)","negbin","Correct SI",7.5,3.4,"gradual20_1.1_to_1.3",2000,100,56,56,1.17,1.15801212508215,0.977984242575255,1.3721850162718,1.0176730398822,1.32856472689322,0.96,100
"EpiLPS (MAP)","negbin","Correct SI",7.5,3.4,"gradual20_1.1_to_1.3",2000,100,57,57,1.18,1.16549546825938,0.986486698391314,1.37799059936704,1.03632863581716,1.34138265886555,0.94,100
"EpiLPS (MAP)","negbin","Correct SI",7.5,3.4,"gradual20_1.1_to_1.3",2000,100,58,58,1.19,1.17301706015977,0.992753968767556,1.38703879541437,1.04813066458289,1.35626920633092,0.94,100
"EpiLPS (MAP)","negbin","Correct SI",7.5,3.4,"gradual20_1.1_to_1.3",2000,100,59,59,1.2,1.18082410162744,0.997409663658838,1.39903750130994,1.04965770418389,1.35895868039747,0.96,100
"EpiLPS (MAP)","negbin","Correct SI",7.5,3.4,"gradual20_1.1_to_1.3",2000,100,60,60,1.21,1.18908342285947,1.00606107329562,1.40647288238895,1.05643309201133,1.36139283923458,0.95,100
"EpiLPS (MAP)","negbin","Correct SI",7.5,3.4,"gradual20_1.1_to_1.3",2000,100,61,61,1.22,1.1977664478992,1.01497481340668,1.41455186144569,1.0471305667721,1.36133398209745,0.93,100
"EpiLPS (MAP)","negbin","Correct SI",7.5,3.4,"gradual20_1.1_to_1.3",2000,100,62,62,1.23,1.20674403419056,1.02077284665475,1.42771287180525,1.05039414617991,1.38288509705705,0.93,100
"EpiLPS (MAP)","negbin","Correct SI",7.5,3.4,"gradual20_1.1_to_1.3",2000,100,63,63,1.24,1.21585146879461,1.02837679828097,1.43863816277767,1.06334913493155,1.40572784279546,0.95,100
"EpiLPS (MAP)","negbin","Correct SI",7.5,3.4,"gradual20_1.1_to_1.3",2000,100,64,64,1.25,1.22497993425913,1.03842445774888,1.44617129851231,1.06761538153647,1.4389433484311,0.95,100
"EpiLPS (MAP)","negbin","Correct SI",7.5,3.4,"gradual20_1.1_to_1.3",2000,100,65,65,1.26,1.23408042942118,1.04532940912678,1.4580570806854,1.07669831465279,1.46792696483822,0.96,100
"EpiLPS (MAP)","negbin","Correct SI",7.5,3.4,"gradual20_1.1_to_1.3",2000,100,66,66,1.27,1.24308208647062,1.05119205930597,1.47117848425065,1.07671479097746,1.47928285363029,0.95,100
"EpiLPS (MAP)","negbin","Correct SI",7.5,3.4,"gradual20_1.1_to_1.3",2000,100,67,67,1.28,1.25189309198701,1.06080082974979,1.47857220960793,1.09002773386772,1.47118785274963,0.94,100
"EpiLPS (MAP)","negbin","Correct SI",7.5,3.4,"gradual20_1.1_to_1.3",2000,100,68,68,1.29,1.26039843617031,1.06882558701547,1.4874777695458,1.09367820098305,1.45861367887975,0.96,100
"EpiLPS (MAP)","negbin","Correct SI",7.5,3.4,"gradual20_1.1_to_1.3",2000,100,69,69,1.3,1.26840521392302,1.07334790661977,1.50012656364907,1.09480416560547,1.46270311579981,0.96,100
"EpiLPS (MAP)","negbin","Correct SI",7.5,3.4,"gradual20_1.1_to_1.3",2000,100,70,70,1.3,1.27567660192802,1.08024386847844,1.50769295375904,1.09832759875318,1.4857665995292,0.95,100
"EpiLPS (MAP)","negbin","Correct SI",7.5,3.4,"gradual20_1.1_to_1.3",2000,100,71,71,1.3,1.28210980623279,1.08788182204662,1.51223307709947,1.09413382133367,1.48078515425948,0.95,100
"EpiLPS (MAP)","negbin","Correct SI",7.5,3.4,"gradual20_1.1_to_1.3",2000,100,72,72,1.3,1.28771100123704,1.09116851742443,1.52090975474473,1.10712127960826,1.46388794654175,0.97,100
"EpiLPS (MAP)","negbin","Correct SI",7.5,3.4,"gradual20_1.1_to_1.3",2000,100,73,73,1.3,1.29248434076231,1.09405817717262,1.52818413941826,1.12491463187443,1.45607515159153,0.97,100
"EpiLPS (MAP)","negbin","Correct SI",7.5,3.4,"gradual20_1.1_to_1.3",2000,100,74,74,1.3,1.29644813964933,1.09994839670572,1.52931649090598,1.12817328803854,1.46106958726816,0.96,100
"EpiLPS (MAP)","negbin","Correct SI",7.5,3.4,"gradual20_1.1_to_1.3",2000,100,75,75,1.3,1.29961548102135,1.10272296573474,1.53293916123921,1.12542867672489,1.46054531857248,0.95,100
"EpiLPS (MAP)","negbin","Correct SI",7.5,3.4,"gradual20_1.1_to_1.3",2000,100,76,76,1.3,1.30188437028618,1.10234330978656,1.5388633982042,1.11823907426954,1.46158176663181,0.95,100
"EpiLPS (MAP)","negbin","Correct SI",7.5,3.4,"gradual20_1.1_to_1.3",2000,100,77,77,1.3,1.30310968105662,1.10486890323465,1.53822661031352,1.12224084111215,1.46535130246311,0.97,100
"EpiLPS (MAP)","negbin","Correct SI",7.5,3.4,"gradual20_1.1_to_1.3",2000,100,78,78,1.3,1.30344416189263,1.10665677845815,1.53652045319499,1.12982224815589,1.47057474738623,0.98,100
"EpiLPS (MAP)","negbin","Correct SI",7.5,3.4,"gradual20_1.1_to_1.3",2000,100,79,79,1.3,1.30320184512113,1.1041805006906,1.53943221713678,1.13063144769394,1.47088373524055,0.98,100
"EpiLPS (MAP)","negbin","Correct SI",7.5,3.4,"gradual20_1.1_to_1.3",2000,100,80,80,1.3,1.30272114040028,1.10324016017306,1.53962504545555,1.11862122735351,1.46397862493414,0.98,100
"EpiLPS (MAP)","negbin","Correct SI",7.5,3.4,"gradual20_1.1_to_1.3",2000,100,81,81,1.3,1.3023716455714,1.10542613203621,1.53573540644524,1.12605279792323,1.44035877012237,0.98,100
"EpiLPS (MAP)","negbin","Correct SI",7.5,3.4,"gradual20_1.1_to_1.3",2000,100,82,82,1.3,1.30248448373418,1.10490845090369,1.53674096144508,1.13679403102719,1.44855112833126,0.98,100
"EpiLPS (MAP)","negbin","Correct SI",7.5,3.4,"gradual20_1.1_to_1.3",2000,100,83,83,1.3,1.30324284536725,1.10373366916576,1.5402053637105,1.14464632490683,1.43896424090129,0.98,100
"EpiLPS (MAP)","negbin","Correct SI",7.5,3.4,"gradual20_1.1_to_1.3",2000,100,84,84,1.3,1.30464724449032,1.10719857847151,1.5386801820774,1.14640875284881,1.44145565073892,0.99,100
"EpiLPS (MAP)","negbin","Correct SI",7.5,3.4,"gradual20_1.1_to_1.3",2000,100,85,85,1.3,1.30645886344321,1.10974498414934,1.53941860869186,1.15026649302617,1.45576260212852,0.98,100
"EpiLPS (MAP)","negbin","Correct SI",7.5,3.4,"gradual20_1.1_to_1.3",2000,100,86,86,1.3,1.30834933175442,1.10894840236525,1.54503452623765,1.14428875833191,1.47625550987743,0.96,100
"EpiLPS (MAP)","negbin","Correct SI",7.5,3.4,"gradual20_1.1_to_1.3",2000,100,87,87,1.3,1.30998312767218,1.1107772406504,1.54635312607392,1.13620277139554,1.47566298177871,0.97,100
"EpiLPS (MAP)","negbin","Correct SI",7.5,3.4,"gradual20_1.1_to_1.3",2000,100,88,88,1.3,1.31113663796434,1.11387257529078,1.54475575622808,1.14664790442331,1.49558585254627,0.97,100
"EpiLPS (MAP)","negbin","Correct SI",7.5,3.4,"gradual20_1.1_to_1.3",2000,100,89,89,1.3,1.31167222943849,1.11264910546652,1.54775083428242,1.13715558294988,1.50416938326117,0.97,100
"EpiLPS (MAP)","negbin","Correct SI",7.5,3.4,"gradual20_1.1_to_1.3",2000,100,90,90,1.3,1.31145994095895,1.11065745921234,1.5500577365482,1.13704257488027,1.5080083165198,0.96,100
"EpiLPS (MAP)","negbin","Correct SI",7.5,3.4,"gradual20_1.1_to_1.3",2000,100,91,91,1.3,1.31042638453973,1.11153915724389,1.5463707557982,1.14334228438393,1.50952284347055,0.96,100
"EpiLPS (MAP)","negbin","Correct SI",7.5,3.4,"gradual20_1.1_to_1.3",2000,100,92,92,1.3,1.30857067237829,1.10926139662394,1.54517811013884,1.14268179144068,1.50447876616588,0.94,100
"EpiLPS (MAP)","negbin","Correct SI",7.5,3.4,"gradual20_1.1_to_1.3",2000,100,93,93,1.3,1.30582158579931,1.103749647119,1.54642950809781,1.13574159076157,1.52472061618945,0.92,100
"EpiLPS (MAP)","negbin","Correct SI",7.5,3.4,"gradual20_1.1_to_1.3",2000,100,94,94,1.3,1.30212848405502,1.10138687770843,1.54099039708812,1.1462145680605,1.54812899060037,0.93,100
"EpiLPS (MAP)","negbin","Correct SI",7.5,3.4,"gradual20_1.1_to_1.3",2000,100,95,95,1.3,1.29779447317125,1.09927394050107,1.53368507092133,1.13328848259651,1.54185905329278,0.93,100
"EpiLPS (MAP)","negbin","Correct SI",7.5,3.4,"gradual20_1.1_to_1.3",2000,100,96,96,1.3,1.29331463804498,1.09269010874237,1.53237086854303,1.12521145860502,1.52161421636339,0.94,100
"EpiLPS (MAP)","negbin","Correct SI",7.5,3.4,"gradual20_1.1_to_1.3",2000,100,97,97,1.3,1.28919486620896,1.08258020384876,1.53702457506117,1.13387887999748,1.49742342986234,0.94,100
"EpiLPS (MAP)","negbin","Correct SI",7.5,3.4,"gradual20_1.1_to_1.3",2000,100,98,98,1.3,1.28591154856786,1.06275787897111,1.55817825980997,1.11432952392028,1.49610997314525,0.93,100
"EpiLPS (MAP)","negbin","Correct SI",7.5,3.4,"gradual20_1.1_to_1.3",2000,100,99,99,1.3,1.28381325629003,1.02195688583111,1.61620922467783,1.05711151817389,1.56171821050335,0.96,100
"EpiLPS (MAP)","negbin","Correct SI",7.5,3.4,"gradual20_1.1_to_1.3",2000,100,100,100,1.3,1.28300527293287,0.961692076736028,1.71754335428092,1.01432767753081,1.63493284492228,0.95,100
"EpiLPS (MALA)","negbin","Correct SI",7.5,3.4,"gradual20_1.1_to_1.3",2000,100,2,2,1.1,NA,NA,NA,NA,NA,NA,0
"EpiLPS (MALA)","negbin","Correct SI",7.5,3.4,"gradual20_1.1_to_1.3",2000,100,3,3,1.1,NA,NA,NA,NA,NA,NA,0
"EpiLPS (MALA)","negbin","Correct SI",7.5,3.4,"gradual20_1.1_to_1.3",2000,100,4,4,1.1,NA,NA,NA,NA,NA,NA,0
"EpiLPS (MALA)","negbin","Correct SI",7.5,3.4,"gradual20_1.1_to_1.3",2000,100,5,5,1.1,NA,NA,NA,NA,NA,NA,0
"EpiLPS (MALA)","negbin","Correct SI",7.5,3.4,"gradual20_1.1_to_1.3",2000,100,6,6,1.1,NA,NA,NA,NA,NA,NA,0
"EpiLPS (MALA)","negbin","Correct SI",7.5,3.4,"gradual20_1.1_to_1.3",2000,100,7,7,1.1,NA,NA,NA,NA,NA,NA,0
"EpiLPS (MALA)","negbin","Correct SI",7.5,3.4,"gradual20_1.1_to_1.3",2000,100,8,8,1.1,306.784385191722,234.028114950955,410.199489045359,239.929044199376,389.92205322769,0,100
"EpiLPS (MALA)","negbin","Correct SI",7.5,3.4,"gradual20_1.1_to_1.3",2000,100,9,9,1.1,793.125008534929,717.463370329588,876.321367879126,751.286699542126,846.951553213802,0,100
"EpiLPS (MALA)","negbin","Correct SI",7.5,3.4,"gradual20_1.1_to_1.3",2000,100,10,10,1.1,47.4134502833728,39.7885138187066,56.3847315948905,42.8276597883656,53.6389001747215,0,100
"EpiLPS (MALA)","negbin","Correct SI",7.5,3.4,"gradual20_1.1_to_1.3",2000,100,11,11,1.1,12.083758501568,9.70762312800431,14.9554531729355,10.5003598816675,14.2572098075902,0,100
"EpiLPS (MALA)","negbin","Correct SI",7.5,3.4,"gradual20_1.1_to_1.3",2000,100,12,12,1.1,5.43607752373895,4.2879844756909,6.83196224056381,4.64375575489361,6.6091224220518,0,100
"EpiLPS (MALA)","negbin","Correct SI",7.5,3.4,"gradual20_1.1_to_1.3",2000,100,13,13,1.1,3.26014809090234,2.56492515342977,4.09593001737131,2.77056347240606,4.01628513642009,0,100
"EpiLPS (MALA)","negbin","Correct SI",7.5,3.4,"gradual20_1.1_to_1.3",2000,100,14,14,1.1,2.3138521440357,1.82760699916727,2.89747634709355,1.94633413018192,2.84579335508825,0,100
"EpiLPS (MALA)","negbin","Correct SI",7.5,3.4,"gradual20_1.1_to_1.3",2000,100,15,15,1.1,1.82889026648003,1.46007700435965,2.27171501545792,1.51479178884087,2.21509892171909,0,100
"EpiLPS (MALA)","negbin","Correct SI",7.5,3.4,"gradual20_1.1_to_1.3",2000,100,16,16,1.1,1.55375627330797,1.25771239905162,1.90722144436577,1.28508570386096,1.83601163591988,0.09,100
"EpiLPS (MALA)","negbin","Correct SI",7.5,3.4,"gradual20_1.1_to_1.3",2000,100,17,17,1.1,1.38748363377312,1.13565435175379,1.69118166694199,1.14631920627706,1.6366184125257,0.42,100
"EpiLPS (MALA)","negbin","Correct SI",7.5,3.4,"gradual20_1.1_to_1.3",2000,100,18,18,1.1,1.28309085142996,1.05829528129526,1.55827739880825,1.05263856219445,1.49651928843572,0.72,100
"EpiLPS (MALA)","negbin","Correct SI",7.5,3.4,"gradual20_1.1_to_1.3",2000,100,19,19,1.1,1.21596353405969,1.01191845902317,1.46548661638405,0.996324996114268,1.42341711762167,0.84,100
"EpiLPS (MALA)","negbin","Correct SI",7.5,3.4,"gradual20_1.1_to_1.3",2000,100,20,20,1.1,1.17318556827247,0.982717765462384,1.40272818635027,0.970430013904355,1.37012858013879,0.9,100
"EpiLPS (MALA)","negbin","Correct SI",7.5,3.4,"gradual20_1.1_to_1.3",2000,100,21,21,1.1,1.14609321447522,0.960010595955832,1.36832652623267,0.969738669371646,1.31336817334081,0.97,100
"EpiLPS (MALA)","negbin","Correct SI",7.5,3.4,"gradual20_1.1_to_1.3",2000,100,22,22,1.1,1.12858693572041,0.945247341027579,1.34621772455001,0.957840977311828,1.27787391131756,0.97,100
"EpiLPS (MALA)","negbin","Correct SI",7.5,3.4,"gradual20_1.1_to_1.3",2000,100,23,23,1.1,1.11765966786591,0.939358022681376,1.33008335529486,0.948737667397008,1.25467781542969,0.96,100
"EpiLPS (MALA)","negbin","Correct SI",7.5,3.4,"gradual20_1.1_to_1.3",2000,100,24,24,1.1,1.11106295670296,0.934376109824996,1.32236180621394,0.945367637542893,1.24747506050387,0.97,100
"EpiLPS (MALA)","negbin","Correct SI",7.5,3.4,"gradual20_1.1_to_1.3",2000,100,25,25,1.1,1.10745968596357,0.928631117151015,1.32059368444855,0.9429101577489,1.24899034786136,0.99,100
"EpiLPS (MALA)","negbin","Correct SI",7.5,3.4,"gradual20_1.1_to_1.3",2000,100,26,26,1.1,1.10438898538976,0.927350582667324,1.31201427579645,0.947129072866434,1.26130947389611,0.99,100
"EpiLPS (MALA)","negbin","Correct SI",7.5,3.4,"gradual20_1.1_to_1.3",2000,100,27,27,1.1,1.10141742793846,0.925878827958568,1.30513806700169,0.959682127048459,1.24202878397751,0.96,100
"EpiLPS (MALA)","negbin","Correct SI",7.5,3.4,"gradual20_1.1_to_1.3",2000,100,28,28,1.1,1.09839108271895,0.921317797640723,1.30632461273446,0.955041688032822,1.24503126138265,0.98,100
"EpiLPS (MALA)","negbin","Correct SI",7.5,3.4,"gradual20_1.1_to_1.3",2000,100,29,29,1.1,1.09475193448318,0.91913623569808,1.30193078738004,0.94114123399749,1.252297688578,0.98,100
"EpiLPS (MALA)","negbin","Correct SI",7.5,3.4,"gradual20_1.1_to_1.3",2000,100,30,30,1.1,1.0916246000805,0.919130820550845,1.29217644338509,0.944224288015617,1.25388621819277,0.98,100
"EpiLPS (MALA)","negbin","Correct SI",7.5,3.4,"gradual20_1.1_to_1.3",2000,100,31,31,1.1,1.08808302777415,0.915750251759603,1.28497074181436,0.943393339947683,1.25200847282587,0.98,100
"EpiLPS (MALA)","negbin","Correct SI",7.5,3.4,"gradual20_1.1_to_1.3",2000,100,32,32,1.1,1.08506872680031,0.911845902590618,1.28075471796143,0.950857351612239,1.23412365453126,0.96,100
"EpiLPS (MALA)","negbin","Correct SI",7.5,3.4,"gradual20_1.1_to_1.3",2000,100,33,33,1.1,1.08285871611582,0.911978557772843,1.27654166339993,0.956821701407648,1.21523291671851,0.96,100
"EpiLPS (MALA)","negbin","Correct SI",7.5,3.4,"gradual20_1.1_to_1.3",2000,100,34,34,1.1,1.08145398055421,0.912182148293025,1.27864777100199,0.952487246370682,1.21798635446691,0.97,100
"EpiLPS (MALA)","negbin","Correct SI",7.5,3.4,"gradual20_1.1_to_1.3",2000,100,35,35,1.1,1.08194072217645,0.910531956795119,1.287528688083,0.950123358986521,1.23188266311563,1,100
"EpiLPS (MALA)","negbin","Correct SI",7.5,3.4,"gradual20_1.1_to_1.3",2000,100,36,36,1.1,1.08439606932895,0.913607397640098,1.29138083911598,0.957117127934765,1.23879062574708,1,100
"EpiLPS (MALA)","negbin","Correct SI",7.5,3.4,"gradual20_1.1_to_1.3",2000,100,37,37,1.1,1.08796555449705,0.917229788976437,1.29492564523183,0.938844299600612,1.23992057369539,1,100
"EpiLPS (MALA)","negbin","Correct SI",7.5,3.4,"gradual20_1.1_to_1.3",2000,100,38,38,1.1,1.09334501721133,0.917648119614233,1.30233499137149,0.928879483002358,1.24224742058637,0.97,100
"EpiLPS (MALA)","negbin","Correct SI",7.5,3.4,"gradual20_1.1_to_1.3",2000,100,39,39,1.1,1.09937677153314,0.920546912108807,1.30955103567183,0.92673090517209,1.2628491111327,0.96,100
"EpiLPS (MALA)","negbin","Correct SI",7.5,3.4,"gradual20_1.1_to_1.3",2000,100,40,40,1.1,1.10434012810181,0.929514783569579,1.31302248667179,0.945064639076344,1.27686301735281,0.97,100
"EpiLPS (MALA)","negbin","Correct SI",7.5,3.4,"gradual20_1.1_to_1.3",2000,100,41,41,1.1,1.10783508886338,0.934650251336155,1.31764241001636,0.957444196109247,1.27629943243831,0.98,100
"EpiLPS (MALA)","negbin","Correct SI",7.5,3.4,"gradual20_1.1_to_1.3",2000,100,42,42,1.1,1.10998147109391,0.934998015189803,1.32275642286898,0.964517721129972,1.28522705266608,0.97,100
"EpiLPS (MALA)","negbin","Correct SI",7.5,3.4,"gradual20_1.1_to_1.3",2000,100,43,43,1.1,1.1117227221818,0.937695591239817,1.31995172913982,0.957654146219271,1.28190265701134,0.96,100
"EpiLPS (MALA)","negbin","Correct SI",7.5,3.4,"gradual20_1.1_to_1.3",2000,100,44,44,1.1,1.11212920985605,0.939379217500963,1.31835080262281,0.962763003004365,1.26163331179112,0.97,100
"EpiLPS (MALA)","negbin","Correct SI",7.5,3.4,"gradual20_1.1_to_1.3",2000,100,45,45,1.1,1.11154060271639,0.936323663249062,1.32225558921344,0.960712421690834,1.26971426855193,0.96,100
"EpiLPS (MALA)","negbin","Correct SI",7.5,3.4,"gradual20_1.1_to_1.3",2000,100,46,46,1.1,1.11085258688103,0.93398470329379,1.32008535993724,0.948015623996932,1.26928040662241,0.96,100
"EpiLPS (MALA)","negbin","Correct SI",7.5,3.4,"gradual20_1.1_to_1.3",2000,100,47,47,1.1,1.11013264686044,0.935693140451467,1.31469673255163,0.949237066475978,1.25437436075971,0.97,100
"EpiLPS (MALA)","negbin","Correct SI",7.5,3.4,"gradual20_1.1_to_1.3",2000,100,48,48,1.1,1.10999262850817,0.93508646352565,1.31596909731881,0.958352310621217,1.24501868554799,0.98,100
"EpiLPS (MALA)","negbin","Correct SI",7.5,3.4,"gradual20_1.1_to_1.3",2000,100,49,49,1.1,1.1112024151094,0.93544771109989,1.31853864131381,0.964641945315265,1.24844145762005,0.99,100
"EpiLPS (MALA)","negbin","Correct SI",7.5,3.4,"gradual20_1.1_to_1.3",2000,100,50,50,1.11,1.11412167945538,0.94073694784249,1.32134890163982,0.973882498242944,1.25355885955312,0.98,100
"EpiLPS (MALA)","negbin","Correct SI",7.5,3.4,"gradual20_1.1_to_1.3",2000,100,51,51,1.12,1.11966554677328,0.945626150782935,1.32488094512876,0.979725977795789,1.27903798325006,0.98,100
"EpiLPS (MALA)","negbin","Correct SI",7.5,3.4,"gradual20_1.1_to_1.3",2000,100,52,52,1.13,1.12633682116022,0.94773252943118,1.33314017288865,0.97679077140701,1.30761168708762,0.97,100
"EpiLPS (MALA)","negbin","Correct SI",7.5,3.4,"gradual20_1.1_to_1.3",2000,100,53,53,1.14,1.133697979167,0.954277017782588,1.34132772078368,0.979399187525036,1.35316274423167,0.94,100
"EpiLPS (MALA)","negbin","Correct SI",7.5,3.4,"gradual20_1.1_to_1.3",2000,100,54,54,1.15,1.14076979388755,0.963766311828801,1.34915751851569,0.984012228655382,1.3721045400552,0.92,100
"EpiLPS (MALA)","negbin","Correct SI",7.5,3.4,"gradual20_1.1_to_1.3",2000,100,55,55,1.16,1.14745767540382,0.969849185258988,1.36241643624247,0.997873313619832,1.3485262561737,0.95,100
"EpiLPS (MALA)","negbin","Correct SI",7.5,3.4,"gradual20_1.1_to_1.3",2000,100,56,56,1.17,1.15524111717726,0.977124283158372,1.37608112787151,1.01230669170078,1.31528469415783,0.96,100
"EpiLPS (MALA)","negbin","Correct SI",7.5,3.4,"gradual20_1.1_to_1.3",2000,100,57,57,1.18,1.16384816201896,0.985723231594851,1.38345846963668,1.02277639138585,1.33486317677818,0.96,100
"EpiLPS (MALA)","negbin","Correct SI",7.5,3.4,"gradual20_1.1_to_1.3",2000,100,58,58,1.19,1.17272032832315,0.992528356074178,1.39026094811345,1.03118076934556,1.35292922997239,0.95,100
"EpiLPS (MALA)","negbin","Correct SI",7.5,3.4,"gradual20_1.1_to_1.3",2000,100,59,59,1.2,1.18178611225732,0.997133995119995,1.40213935971606,1.04288207497574,1.37076942190252,0.99,100
"EpiLPS (MALA)","negbin","Correct SI",7.5,3.4,"gradual20_1.1_to_1.3",2000,100,60,60,1.21,1.19119434579997,1.00475546215817,1.41028051649874,1.04364627275987,1.36597598054956,0.99,100
"EpiLPS (MALA)","negbin","Correct SI",7.5,3.4,"gradual20_1.1_to_1.3",2000,100,61,61,1.22,1.19967694294208,1.01215690906816,1.4191403972554,1.0455958829061,1.37781982494602,0.97,100
"EpiLPS (MALA)","negbin","Correct SI",7.5,3.4,"gradual20_1.1_to_1.3",2000,100,62,62,1.23,1.20795455633528,1.01596106847025,1.43173319173729,1.04953552024336,1.38591403727906,0.96,100
"EpiLPS (MALA)","negbin","Correct SI",7.5,3.4,"gradual20_1.1_to_1.3",2000,100,63,63,1.24,1.21612137501999,1.02323163053392,1.44291975779378,1.04448461172107,1.41949360441662,0.97,100
"EpiLPS (MALA)","negbin","Correct SI",7.5,3.4,"gradual20_1.1_to_1.3",2000,100,64,64,1.25,1.22348346774419,1.03242649992818,1.44844695762802,1.04731429945633,1.45448644807314,0.95,100
"EpiLPS (MALA)","negbin","Correct SI",7.5,3.4,"gradual20_1.1_to_1.3",2000,100,65,65,1.26,1.23091188149862,1.03894113957802,1.45923742700612,1.05061318900824,1.47405204258886,0.93,100
"EpiLPS (MALA)","negbin","Correct SI",7.5,3.4,"gradual20_1.1_to_1.3",2000,100,66,66,1.27,1.23868115263399,1.04218644073945,1.47002886936619,1.06786914345724,1.47665142893085,0.95,100
"EpiLPS (MALA)","negbin","Correct SI",7.5,3.4,"gradual20_1.1_to_1.3",2000,100,67,67,1.28,1.24560953528775,1.04964371697418,1.47529718078119,1.07537200369005,1.46416917357044,0.94,100
"EpiLPS (MALA)","negbin","Correct SI",7.5,3.4,"gradual20_1.1_to_1.3",2000,100,68,68,1.29,1.25285228852785,1.05681092068549,1.48531413222557,1.08337396472317,1.44277972963031,0.93,100
"EpiLPS (MALA)","negbin","Correct SI",7.5,3.4,"gradual20_1.1_to_1.3",2000,100,69,69,1.3,1.26110068805713,1.06163579203604,1.49814349536491,1.08567626334697,1.45086231387283,0.95,100
"EpiLPS (MALA)","negbin","Correct SI",7.5,3.4,"gradual20_1.1_to_1.3",2000,100,70,70,1.3,1.26960141962242,1.06935101371888,1.50579395935729,1.091043388243,1.4499545168879,0.95,100
"EpiLPS (MALA)","negbin","Correct SI",7.5,3.4,"gradual20_1.1_to_1.3",2000,100,71,71,1.3,1.27820855510262,1.07928282022396,1.51124905714199,1.10305890714459,1.43795444285087,0.98,100
"EpiLPS (MALA)","negbin","Correct SI",7.5,3.4,"gradual20_1.1_to_1.3",2000,100,72,72,1.3,1.28628164074122,1.08559543888733,1.52206705957429,1.1217223641412,1.44928644012441,0.98,100
"EpiLPS (MALA)","negbin","Correct SI",7.5,3.4,"gradual20_1.1_to_1.3",2000,100,73,73,1.3,1.29201877711605,1.09150660844517,1.53113912185297,1.14218055399793,1.45444681784594,0.98,100
"EpiLPS (MALA)","negbin","Correct SI",7.5,3.4,"gradual20_1.1_to_1.3",2000,100,74,74,1.3,1.29653827447042,1.09909551906378,1.53416974805391,1.13340401144782,1.46467608388746,0.99,100
"EpiLPS (MALA)","negbin","Correct SI",7.5,3.4,"gradual20_1.1_to_1.3",2000,100,75,75,1.3,1.30040928331884,1.10203633842032,1.54101845440367,1.1147017540574,1.47138639445783,0.99,100
"EpiLPS (MALA)","negbin","Correct SI",7.5,3.4,"gradual20_1.1_to_1.3",2000,100,76,76,1.3,1.30323969248765,1.1014554779756,1.54798710014742,1.10137626603201,1.47621693962901,1,100
"EpiLPS (MALA)","negbin","Correct SI",7.5,3.4,"gradual20_1.1_to_1.3",2000,100,77,77,1.3,1.30434302758418,1.10165721567275,1.54777820581525,1.11894772044512,1.47417439189521,1,100
"EpiLPS (MALA)","negbin","Correct SI",7.5,3.4,"gradual20_1.1_to_1.3",2000,100,78,78,1.3,1.30356372377159,1.10011328980761,1.54638381277561,1.12400842295327,1.47887082728723,1,100
"EpiLPS (MALA)","negbin","Correct SI",7.5,3.4,"gradual20_1.1_to_1.3",2000,100,79,79,1.3,1.302786767131,1.09613132331865,1.54751045098579,1.12054570329573,1.46994894427229,0.99,100
"EpiLPS (MALA)","negbin","Correct SI",7.5,3.4,"gradual20_1.1_to_1.3",2000,100,80,80,1.3,1.30207400674542,1.09521010601004,1.5442901389239,1.11802528382342,1.45439928080294,0.99,100
"EpiLPS (MALA)","negbin","Correct SI",7.5,3.4,"gradual20_1.1_to_1.3",2000,100,81,81,1.3,1.3010117746991,1.09877272801737,1.53911977629565,1.12388255309206,1.45681510025228,0.98,100
"EpiLPS (MALA)","negbin","Correct SI",7.5,3.4,"gradual20_1.1_to_1.3",2000,100,82,82,1.3,1.30008409557594,1.09948521442466,1.53967279410377,1.13097858525689,1.4394665554672,0.98,100
"EpiLPS (MALA)","negbin","Correct SI",7.5,3.4,"gradual20_1.1_to_1.3",2000,100,83,83,1.3,1.30040697779041,1.09856001307562,1.54447755941195,1.13430384979305,1.45296036295389,0.99,100
"EpiLPS (MALA)","negbin","Correct SI",7.5,3.4,"gradual20_1.1_to_1.3",2000,100,84,84,1.3,1.3023338006554,1.10025428067597,1.54449837150679,1.14142417096263,1.45879291988703,1,100
"EpiLPS (MALA)","negbin","Correct SI",7.5,3.4,"gradual20_1.1_to_1.3",2000,100,85,85,1.3,1.30449193703925,1.10240043163627,1.54616215209787,1.15565413421635,1.47194295476843,1,100
"EpiLPS (MALA)","negbin","Correct SI",7.5,3.4,"gradual20_1.1_to_1.3",2000,100,86,86,1.3,1.3058462975107,1.0995916941672,1.549648778736,1.14964285318143,1.477505427629,0.99,100
"EpiLPS (MALA)","negbin","Correct SI",7.5,3.4,"gradual20_1.1_to_1.3",2000,100,87,87,1.3,1.30658010125671,1.10110917844901,1.54834471411071,1.13814381536928,1.4802231734335,1,100
"EpiLPS (MALA)","negbin","Correct SI",7.5,3.4,"gradual20_1.1_to_1.3",2000,100,88,88,1.3,1.30766416190633,1.10543205286257,1.54618908211339,1.14844598203895,1.49658060503506,0.99,100
"EpiLPS (MALA)","negbin","Correct SI",7.5,3.4,"gradual20_1.1_to_1.3",2000,100,89,89,1.3,1.30792588728345,1.10597735553795,1.54975643448767,1.13986062385096,1.50345641629403,0.98,100
"EpiLPS (MALA)","negbin","Correct SI",7.5,3.4,"gradual20_1.1_to_1.3",2000,100,90,90,1.3,1.30837416661667,1.10587350735988,1.55317205335274,1.14254691734218,1.50468146613546,0.97,100
"EpiLPS (MALA)","negbin","Correct SI",7.5,3.4,"gradual20_1.1_to_1.3",2000,100,91,91,1.3,1.30802297338665,1.10745412400931,1.55157577054339,1.140992906966,1.49898980702958,0.96,100
"EpiLPS (MALA)","negbin","Correct SI",7.5,3.4,"gradual20_1.1_to_1.3",2000,100,92,92,1.3,1.30730396221296,1.10558545294506,1.55086535566928,1.13415160258927,1.52242564257974,0.96,100
"EpiLPS (MALA)","negbin","Correct SI",7.5,3.4,"gradual20_1.1_to_1.3",2000,100,93,93,1.3,1.30581178789061,1.10032140216814,1.55325723801542,1.13754356960714,1.53375781047264,0.94,100
"EpiLPS (MALA)","negbin","Correct SI",7.5,3.4,"gradual20_1.1_to_1.3",2000,100,94,94,1.3,1.30231558413433,1.09772259578304,1.54733927593392,1.13940097441815,1.5561300542256,0.94,100
"EpiLPS (MALA)","negbin","Correct SI",7.5,3.4,"gradual20_1.1_to_1.3",2000,100,95,95,1.3,1.29911184739766,1.09486393692193,1.54181840433476,1.12873249483262,1.56456190527796,0.94,100
"EpiLPS (MALA)","negbin","Correct SI",7.5,3.4,"gradual20_1.1_to_1.3",2000,100,96,96,1.3,1.29561771897579,1.08885272994582,1.54245606679293,1.13896302894625,1.55127987871882,0.97,100
"EpiLPS (MALA)","negbin","Correct SI",7.5,3.4,"gradual20_1.1_to_1.3",2000,100,97,97,1.3,1.29266677882936,1.07993299880644,1.54670452299983,1.13477455326256,1.50135641037835,0.97,100
"EpiLPS (MALA)","negbin","Correct SI",7.5,3.4,"gradual20_1.1_to_1.3",2000,100,98,98,1.3,1.29005409079895,1.06179610117176,1.56730354168205,1.1011602881234,1.50065872171727,0.98,100
"EpiLPS (MALA)","negbin","Correct SI",7.5,3.4,"gradual20_1.1_to_1.3",2000,100,99,99,1.3,1.2884935861119,1.02237294634932,1.63051826825667,1.06623448265007,1.56508859761301,0.96,100
"EpiLPS (MALA)","negbin","Correct SI",7.5,3.4,"gradual20_1.1_to_1.3",2000,100,100,100,1.3,1.28808040814686,0.96506194873729,1.74264529085583,1.02322658533234,1.62846724015079,0.98,100
"EpiEstim","poisson","Mean -60%",3,3.4,"gradual20_1.1_to_1.3",2000,100,2,2,1.1,NA,NA,NA,NA,NA,NA,0
"EpiEstim","poisson","Mean -60%",3,3.4,"gradual20_1.1_to_1.3",2000,100,3,3,1.1,0.104361645094053,0.0767948687134467,0.137897226243512,0.078364858758761,0.142063249993697,0,100
"EpiEstim","poisson","Mean -60%",3,3.4,"gradual20_1.1_to_1.3",2000,100,4,4,1.1,0.638623742704748,0.538356682522182,0.75065698074003,0.514810052107533,0.730854509850262,0,100
"EpiEstim","poisson","Mean -60%",3,3.4,"gradual20_1.1_to_1.3",2000,100,5,5,1.1,1.16938739598897,1.02458114550133,1.32725282408136,1.02992718279041,1.32505657041593,0.84,100
"EpiEstim","poisson","Mean -60%",3,3.4,"gradual20_1.1_to_1.3",2000,100,6,6,1.1,1.28545523609647,1.14206833045803,1.44038241790619,1.1274561300082,1.47024800294034,0.36,100
"EpiEstim","poisson","Mean -60%",3,3.4,"gradual20_1.1_to_1.3",2000,100,7,7,1.1,1.22991984231432,1.09861540902248,1.37130312200507,1.06472071910237,1.39394945383671,0.48,100
"EpiEstim","poisson","Mean -60%",3,3.4,"gradual20_1.1_to_1.3",2000,100,8,8,1.1,1.12823520954498,1.00815420851756,1.25750307317564,1.00382585993951,1.29709019559375,0.91,100
"EpiEstim","poisson","Mean -60%",3,3.4,"gradual20_1.1_to_1.3",2000,100,9,9,1.1,1.06806439234368,0.953692842626599,1.19124176186432,0.954182363563783,1.22304536281573,0.86,100
"EpiEstim","poisson","Mean -60%",3,3.4,"gradual20_1.1_to_1.3",2000,100,10,10,1.1,1.03899760604065,0.92711896160022,1.15954279501659,0.918257310119856,1.18349259940377,0.81,100
"EpiEstim","poisson","Mean -60%",3,3.4,"gradual20_1.1_to_1.3",2000,100,11,11,1.1,1.04266992642001,0.930874805359938,1.16308409962133,0.909484612609649,1.16571057694305,0.82,100
"EpiEstim","poisson","Mean -60%",3,3.4,"gradual20_1.1_to_1.3",2000,100,12,12,1.1,1.04487347361357,0.933503469380334,1.16477738702848,0.91869517486202,1.15945120155078,0.82,100
"EpiEstim","poisson","Mean -60%",3,3.4,"gradual20_1.1_to_1.3",2000,100,13,13,1.1,1.04688904037141,0.936053999185961,1.16615428025683,0.940855018681104,1.16661974883848,0.82,100
"EpiEstim","poisson","Mean -60%",3,3.4,"gradual20_1.1_to_1.3",2000,100,14,14,1.1,1.04864364404271,0.938461274629678,1.16713917480627,0.940584126325037,1.16719786142094,0.83,100
"EpiEstim","poisson","Mean -60%",3,3.4,"gradual20_1.1_to_1.3",2000,100,15,15,1.1,1.04258956584309,0.93353019397251,1.1598383824171,0.92796477553186,1.14784782659333,0.8,100
"EpiEstim","poisson","Mean -60%",3,3.4,"gradual20_1.1_to_1.3",2000,100,16,16,1.1,1.03378006908868,0.925841611666679,1.14980640579529,0.89824047080873,1.16228327272673,0.78,100
"EpiEstim","poisson","Mean -60%",3,3.4,"gradual20_1.1_to_1.3",2000,100,17,17,1.1,1.05364940309065,0.945112920400928,1.17020119233787,0.939484308573102,1.1708725079666,0.85,100
"EpiEstim","poisson","Mean -60%",3,3.4,"gradual20_1.1_to_1.3",2000,100,18,18,1.1,1.04824495280204,0.940947144403576,1.16341375206709,0.920878886936,1.15993494796593,0.84,100
"EpiEstim","poisson","Mean -60%",3,3.4,"gradual20_1.1_to_1.3",2000,100,19,19,1.1,1.03407648900587,0.928335109302269,1.1475671925345,0.908095585593608,1.17490912499852,0.75,100
"EpiEstim","poisson","Mean -60%",3,3.4,"gradual20_1.1_to_1.3",2000,100,20,20,1.1,1.03683617902651,0.931407029295378,1.14994486508703,0.930272674493419,1.15464741411902,0.75,100
"EpiEstim","poisson","Mean -60%",3,3.4,"gradual20_1.1_to_1.3",2000,100,21,21,1.1,1.04052477366909,0.935439297496256,1.1532073683016,0.931791226270353,1.14412312968674,0.74,100
"EpiEstim","poisson","Mean -60%",3,3.4,"gradual20_1.1_to_1.3",2000,100,22,22,1.1,1.04124168877074,0.936779003613137,1.15320346857318,0.930114975665833,1.14756000436103,0.77,100
"EpiEstim","poisson","Mean -60%",3,3.4,"gradual20_1.1_to_1.3",2000,100,23,23,1.1,1.04494726433874,0.940947456888422,1.15634814159101,0.933149488137255,1.16512433310207,0.8,100
"EpiEstim","poisson","Mean -60%",3,3.4,"gradual20_1.1_to_1.3",2000,100,24,24,1.1,1.04778007705069,0.944386928644567,1.15846517704302,0.944945441049346,1.1491368532075,0.84,100
"EpiEstim","poisson","Mean -60%",3,3.4,"gradual20_1.1_to_1.3",2000,100,25,25,1.1,1.0341833903576,0.932268854817159,1.14327602136395,0.931166061520707,1.14693276010884,0.73,100
"EpiEstim","poisson","Mean -60%",3,3.4,"gradual20_1.1_to_1.3",2000,100,26,26,1.1,1.047406952992,0.94529611770095,1.1566273730359,0.931254268223408,1.17787436845957,0.77,100
"EpiEstim","poisson","Mean -60%",3,3.4,"gradual20_1.1_to_1.3",2000,100,27,27,1.1,1.03216103483391,0.931577531355365,1.13974341076282,0.927007458497256,1.14363240712008,0.72,100
"EpiEstim","poisson","Mean -60%",3,3.4,"gradual20_1.1_to_1.3",2000,100,28,28,1.1,1.03911726679091,0.938625685627935,1.14654394633956,0.933206795768378,1.13893482217643,0.79,100
"EpiEstim","poisson","Mean -60%",3,3.4,"gradual20_1.1_to_1.3",2000,100,29,29,1.1,1.0491564165157,0.948779154420704,1.15638332839266,0.928238136280951,1.16778468904607,0.78,100
"EpiEstim","poisson","Mean -60%",3,3.4,"gradual20_1.1_to_1.3",2000,100,30,30,1.1,1.04063975646887,0.94148702346064,1.14652836360075,0.944096785000845,1.17514250387924,0.76,100
"EpiEstim","poisson","Mean -60%",3,3.4,"gradual20_1.1_to_1.3",2000,100,31,31,1.1,1.04760739988572,0.948721306923364,1.15314385552523,0.944279826292977,1.16030463333356,0.78,100
"EpiEstim","poisson","Mean -60%",3,3.4,"gradual20_1.1_to_1.3",2000,100,32,32,1.1,1.02837352640271,0.931176801411111,1.13211619809774,0.927820678247067,1.12445456911657,0.74,100
"EpiEstim","poisson","Mean -60%",3,3.4,"gradual20_1.1_to_1.3",2000,100,33,33,1.1,1.04316241363564,0.945581248439032,1.14724175576464,0.958581185891889,1.12860752524577,0.8,100
"EpiEstim","poisson","Mean -60%",3,3.4,"gradual20_1.1_to_1.3",2000,100,34,34,1.1,1.03917061729163,0.942462413877417,1.14228406779616,0.941210228673506,1.15145496575847,0.72,100
"EpiEstim","poisson","Mean -60%",3,3.4,"gradual20_1.1_to_1.3",2000,100,35,35,1.1,1.03531571554643,0.939386322655865,1.13757001514619,0.931110793480991,1.12412024756399,0.72,100
"EpiEstim","poisson","Mean -60%",3,3.4,"gradual20_1.1_to_1.3",2000,100,36,36,1.1,1.04141510680768,0.945683223898724,1.14340499470658,0.958614321461139,1.12543616510322,0.76,100
"EpiEstim","poisson","Mean -60%",3,3.4,"gradual20_1.1_to_1.3",2000,100,37,37,1.1,1.03432188031688,0.939555577442191,1.13526125694977,0.943810751563304,1.13179871295311,0.8,100
"EpiEstim","poisson","Mean -60%",3,3.4,"gradual20_1.1_to_1.3",2000,100,38,38,1.1,1.05101361787705,0.955949961526659,1.15218581398967,0.960465087476041,1.15439200291935,0.85,100
"EpiEstim","poisson","Mean -60%",3,3.4,"gradual20_1.1_to_1.3",2000,100,39,39,1.1,1.04597614870957,0.951969549664569,1.14598360072372,0.9496379670301,1.14659521909177,0.83,100
"EpiEstim","poisson","Mean -60%",3,3.4,"gradual20_1.1_to_1.3",2000,100,40,40,1.1,1.03608589936322,0.943214603491992,1.13486771483564,0.938193109869332,1.11783807262293,0.76,100
"EpiEstim","poisson","Mean -60%",3,3.4,"gradual20_1.1_to_1.3",2000,100,41,41,1.1,1.0381124836509,0.945637623235751,1.13643440310418,0.93503446102344,1.14609779190914,0.74,100
"EpiEstim","poisson","Mean -60%",3,3.4,"gradual20_1.1_to_1.3",2000,100,42,42,1.1,1.03906661628894,0.947071686193265,1.1368398566026,0.915835329537747,1.13994313393256,0.76,100
"EpiEstim","poisson","Mean -60%",3,3.4,"gradual20_1.1_to_1.3",2000,100,43,43,1.1,1.0358142545077,0.944531797340177,1.13280300615726,0.946002745877477,1.1604028519231,0.68,100
"EpiEstim","poisson","Mean -60%",3,3.4,"gradual20_1.1_to_1.3",2000,100,44,44,1.1,1.05143870192285,0.959935799693055,1.14858564028262,0.954829957291956,1.1574615707899,0.76,100
"EpiEstim","poisson","Mean -60%",3,3.4,"gradual20_1.1_to_1.3",2000,100,45,45,1.1,1.03422398589311,0.944284757961712,1.12970673180275,0.93456303931185,1.14482148149649,0.69,100
"EpiEstim","poisson","Mean -60%",3,3.4,"gradual20_1.1_to_1.3",2000,100,46,46,1.1,1.03216492299421,0.942744813865576,1.12707295813709,0.934485849061106,1.12919972026862,0.68,100
"EpiEstim","poisson","Mean -60%",3,3.4,"gradual20_1.1_to_1.3",2000,100,47,47,1.1,1.0384424060966,0.949168002243955,1.13315295909688,0.925085468132377,1.14328698750597,0.74,100
"EpiEstim","poisson","Mean -60%",3,3.4,"gradual20_1.1_to_1.3",2000,100,48,48,1.1,1.04225074028698,0.953337259572788,1.13653375262055,0.938559760373209,1.14211171353442,0.73,100
"EpiEstim","poisson","Mean -60%",3,3.4,"gradual20_1.1_to_1.3",2000,100,49,49,1.1,1.03864928448044,0.95050415049364,1.13208846470883,0.943697064721557,1.14287439583836,0.71,100
"EpiEstim","poisson","Mean -60%",3,3.4,"gradual20_1.1_to_1.3",2000,100,50,50,1.11,1.05449996875425,0.966184646359595,1.14804444376719,0.969114968740393,1.14472507700638,0.76,100
"EpiEstim","poisson","Mean -60%",3,3.4,"gradual20_1.1_to_1.3",2000,100,51,51,1.12,1.05951259094192,0.971824080206046,1.15232973893594,0.969441374268708,1.1587180924765,0.72,100
"EpiEstim","poisson","Mean -60%",3,3.4,"gradual20_1.1_to_1.3",2000,100,52,52,1.13,1.0536064702542,0.967041535931799,1.14519413400487,0.975434186975815,1.14107242666249,0.58,100
"EpiEstim","poisson","Mean -60%",3,3.4,"gradual20_1.1_to_1.3",2000,100,53,53,1.14,1.05950548948629,0.97344954447675,1.15049478154326,0.975615398005437,1.15533274485928,0.57,100
"EpiEstim","poisson","Mean -60%",3,3.4,"gradual20_1.1_to_1.3",2000,100,54,54,1.15,1.05898046637926,0.973792542630807,1.14900300736919,0.961237824389223,1.1597805978744,0.47,100
"EpiEstim","poisson","Mean -60%",3,3.4,"gradual20_1.1_to_1.3",2000,100,55,55,1.16,1.06587084688094,0.98120220307543,1.15527978098416,0.966103438247134,1.14906406142191,0.47,100
"EpiEstim","poisson","Mean -60%",3,3.4,"gradual20_1.1_to_1.3",2000,100,56,56,1.17,1.07476722706593,0.990670471523,1.16349758911538,0.99056985863081,1.15850756750299,0.47,100
"EpiEstim","poisson","Mean -60%",3,3.4,"gradual20_1.1_to_1.3",2000,100,57,57,1.18,1.0726206412517,0.989682828880187,1.16007182210851,0.983474319875237,1.14585686346583,0.35,100
"EpiEstim","poisson","Mean -60%",3,3.4,"gradual20_1.1_to_1.3",2000,100,58,58,1.19,1.06942295698234,0.987613860381984,1.15563534958578,0.978805947808059,1.16182964234197,0.28,100
"EpiEstim","poisson","Mean -60%",3,3.4,"gradual20_1.1_to_1.3",2000,100,59,59,1.2,1.07850117754251,0.997229428074112,1.16407720939703,0.993304270398995,1.16066990902809,0.21,100
"EpiEstim","poisson","Mean -60%",3,3.4,"gradual20_1.1_to_1.3",2000,100,60,60,1.21,1.0751171230343,0.995035073806578,1.15938866194667,0.997548888798737,1.15261065502654,0.18,100
"EpiEstim","poisson","Mean -60%",3,3.4,"gradual20_1.1_to_1.3",2000,100,61,61,1.22,1.08374694591249,1.00432672231189,1.16725180358569,0.995028977760374,1.16541762490589,0.15,100
"EpiEstim","poisson","Mean -60%",3,3.4,"gradual20_1.1_to_1.3",2000,100,62,62,1.23,1.09489893081437,1.01617165021369,1.1775952365637,1.00906824912787,1.19186345333109,0.15,100
"EpiEstim","poisson","Mean -60%",3,3.4,"gradual20_1.1_to_1.3",2000,100,63,63,1.24,1.09213285510901,1.01477246860283,1.17333258180803,1.00626003733847,1.17786660931725,0.09,100
"EpiEstim","poisson","Mean -60%",3,3.4,"gradual20_1.1_to_1.3",2000,100,64,64,1.25,1.10134938025326,1.02483325295073,1.18158613879339,1.0206984552077,1.18706979333941,0.04,100
"EpiEstim","poisson","Mean -60%",3,3.4,"gradual20_1.1_to_1.3",2000,100,65,65,1.26,1.0977041151065,1.02261550439943,1.17638499243958,1.03203765153731,1.19308440058359,0.04,100
"EpiEstim","poisson","Mean -60%",3,3.4,"gradual20_1.1_to_1.3",2000,100,66,66,1.27,1.1048149718724,1.03068840337476,1.18241661938487,1.01969456918796,1.18972856595032,0.03,100
"EpiEstim","poisson","Mean -60%",3,3.4,"gradual20_1.1_to_1.3",2000,100,67,67,1.28,1.09762211891153,1.02502694568818,1.17356971185865,1.01384430620808,1.18371085438253,0,100
"EpiEstim","poisson","Mean -60%",3,3.4,"gradual20_1.1_to_1.3",2000,100,68,68,1.29,1.10501015357746,1.03331452172768,1.17995060181368,1.01767550196524,1.18043654071724,0,100
"EpiEstim","poisson","Mean -60%",3,3.4,"gradual20_1.1_to_1.3",2000,100,69,69,1.3,1.1088209193157,1.03824482275794,1.18252782372228,1.03267071512432,1.18139257680529,0.01,100
"EpiEstim","poisson","Mean -60%",3,3.4,"gradual20_1.1_to_1.3",2000,100,70,70,1.3,1.11734456465961,1.04777447817703,1.18993105576718,1.04005926919081,1.18032254796293,0.01,100
"EpiEstim","poisson","Mean -60%",3,3.4,"gradual20_1.1_to_1.3",2000,100,71,71,1.3,1.1057814403301,1.03793992568175,1.17651978471497,1.03530584606825,1.17789471875217,0,100
"EpiEstim","poisson","Mean -60%",3,3.4,"gradual20_1.1_to_1.3",2000,100,72,72,1.3,1.10401959728201,1.03738170044966,1.17345451396294,1.02897451382072,1.18195859638635,0,100
"EpiEstim","poisson","Mean -60%",3,3.4,"gradual20_1.1_to_1.3",2000,100,73,73,1.3,1.10573723542346,1.0401597503553,1.17401686322916,1.02182817477113,1.1970470943477,0.01,100
"EpiEstim","poisson","Mean -60%",3,3.4,"gradual20_1.1_to_1.3",2000,100,74,74,1.3,1.09797635352334,1.03376808384316,1.16479239081274,1.02361123768125,1.1733659077019,0,100
"EpiEstim","poisson","Mean -60%",3,3.4,"gradual20_1.1_to_1.3",2000,100,75,75,1.3,1.11112763320732,1.04752667570767,1.17725423968348,1.04452409527636,1.18487692156218,0,100
"EpiEstim","poisson","Mean -60%",3,3.4,"gradual20_1.1_to_1.3",2000,100,76,76,1.3,1.10687745978464,1.04458187650236,1.17160430213749,1.03885417370828,1.18173557263645,0.01,100
"EpiEstim","poisson","Mean -60%",3,3.4,"gradual20_1.1_to_1.3",2000,100,77,77,1.3,1.10096917204074,1.03992113079981,1.16436278313181,1.03713485277896,1.15729014889199,0,100
"EpiEstim","poisson","Mean -60%",3,3.4,"gradual20_1.1_to_1.3",2000,100,78,78,1.3,1.10661359135106,1.04640255545321,1.16909305401157,1.05691190963824,1.15774732850725,0,100
"EpiEstim","poisson","Mean -60%",3,3.4,"gradual20_1.1_to_1.3",2000,100,79,79,1.3,1.11246927405152,1.05315389838695,1.17397287616317,1.05409778340855,1.1778514698993,0,100
"EpiEstim","poisson","Mean -60%",3,3.4,"gradual20_1.1_to_1.3",2000,100,80,80,1.3,1.10528940670702,1.04727521315384,1.1654092683675,1.05880318924812,1.16786853752883,0,100
"EpiEstim","poisson","Mean -60%",3,3.4,"gradual20_1.1_to_1.3",2000,100,81,81,1.3,1.10585990291372,1.04882226511886,1.16493050530578,1.05981947240465,1.15645737283995,0,100
"EpiEstim","poisson","Mean -60%",3,3.4,"gradual20_1.1_to_1.3",2000,100,82,82,1.3,1.10670276360546,1.05062628957969,1.16474144700447,1.04219256925247,1.16480131715857,0,100
"EpiEstim","poisson","Mean -60%",3,3.4,"gradual20_1.1_to_1.3",2000,100,83,83,1.3,1.10469672470684,1.04965404660695,1.16163236856761,1.04024095470213,1.16651800570119,0,100
"EpiEstim","poisson","Mean -60%",3,3.4,"gradual20_1.1_to_1.3",2000,100,84,84,1.3,1.10694696806141,1.05278816385537,1.16293367881235,1.03905365305255,1.16727706863948,0,100
"EpiEstim","poisson","Mean -60%",3,3.4,"gradual20_1.1_to_1.3",2000,100,85,85,1.3,1.10617469936232,1.05298215223615,1.16113063739014,1.04965604585513,1.16499641761304,0,100
"EpiEstim","poisson","Mean -60%",3,3.4,"gradual20_1.1_to_1.3",2000,100,86,86,1.3,1.10400413165739,1.0517881112617,1.15792173094071,1.06267860185935,1.16979007398118,0,100
"EpiEstim","poisson","Mean -60%",3,3.4,"gradual20_1.1_to_1.3",2000,100,87,87,1.3,1.10857907968067,1.05714212243125,1.16165946666804,1.03715371702903,1.16047888103634,0,100
"EpiEstim","poisson","Mean -60%",3,3.4,"gradual20_1.1_to_1.3",2000,100,88,88,1.3,1.10883778750478,1.05831392676849,1.1609458042294,1.04364595733276,1.15028414360381,0,100
"EpiEstim","poisson","Mean -60%",3,3.4,"gradual20_1.1_to_1.3",2000,100,89,89,1.3,1.10783132093651,1.05824142074288,1.15894800322938,1.05715337018166,1.15334256424162,0,100
"EpiEstim","poisson","Mean -60%",3,3.4,"gradual20_1.1_to_1.3",2000,100,90,90,1.3,1.10350136844828,1.05488564551833,1.15358952254716,1.0521748689408,1.16798041519123,0,100
"EpiEstim","poisson","Mean -60%",3,3.4,"gradual20_1.1_to_1.3",2000,100,91,91,1.3,1.10971058686894,1.06177444545712,1.15906937341772,1.06305044350316,1.15356994858423,0,100
"EpiEstim","poisson","Mean -60%",3,3.4,"gradual20_1.1_to_1.3",2000,100,92,92,1.3,1.10402438504857,1.05708082122331,1.15233862435296,1.0648370444684,1.15960174792059,0,100
"EpiEstim","poisson","Mean -60%",3,3.4,"gradual20_1.1_to_1.3",2000,100,93,93,1.3,1.10643986371735,1.06024447271338,1.1539590871144,1.04400344372479,1.14730788879923,0,100
"EpiEstim","poisson","Mean -60%",3,3.4,"gradual20_1.1_to_1.3",2000,100,94,94,1.3,1.1119933077042,1.0664890117527,1.15877495727766,1.06080701388377,1.15547840400964,0,100
"EpiEstim","poisson","Mean -60%",3,3.4,"gradual20_1.1_to_1.3",2000,100,95,95,1.3,1.10480644675911,1.06029743087772,1.15054493194248,1.0495004908545,1.16456006925137,0,100
"EpiEstim","poisson","Mean -60%",3,3.4,"gradual20_1.1_to_1.3",2000,100,96,96,1.3,1.10372847317992,1.06000088188356,1.14864325508209,1.05774323304916,1.15499087095652,0,100
"EpiEstim","poisson","Mean -60%",3,3.4,"gradual20_1.1_to_1.3",2000,100,97,97,1.3,1.11154529047018,1.06840794710707,1.15582942837312,1.05578525309308,1.16004842199997,0,100
"EpiEstim","poisson","Mean -60%",3,3.4,"gradual20_1.1_to_1.3",2000,100,98,98,1.3,1.10444256709225,1.0622412183688,1.14774803780626,1.05327093597628,1.15973844772084,0,100
"EpiEstim","poisson","Mean -60%",3,3.4,"gradual20_1.1_to_1.3",2000,100,99,99,1.3,1.10938748831394,1.06781064357551,1.15203061797176,1.06099709284168,1.16544708492793,0,100
"EpiEstim","poisson","Mean -60%",3,3.4,"gradual20_1.1_to_1.3",2000,100,100,100,1.3,1.10571007418974,1.06495553488561,1.14749209438703,1.06351496765442,1.14366688454442,0,100
"EpiFilter (smoother)","poisson","Mean -60%",3,3.4,"gradual20_1.1_to_1.3",2000,100,2,2,1.1,NA,NA,NA,NA,NA,NA,0
"EpiFilter (smoother)","poisson","Mean -60%",3,3.4,"gradual20_1.1_to_1.3",2000,100,3,3,1.1,NA,NA,NA,NA,NA,NA,0
"EpiFilter (smoother)","poisson","Mean -60%",3,3.4,"gradual20_1.1_to_1.3",2000,100,4,4,1.1,NA,NA,NA,NA,NA,NA,0
"EpiFilter (smoother)","poisson","Mean -60%",3,3.4,"gradual20_1.1_to_1.3",2000,100,5,5,1.1,NA,NA,NA,NA,NA,NA,0
"EpiFilter (smoother)","poisson","Mean -60%",3,3.4,"gradual20_1.1_to_1.3",2000,100,6,6,1.1,NA,NA,NA,NA,NA,NA,0
"EpiFilter (smoother)","poisson","Mean -60%",3,3.4,"gradual20_1.1_to_1.3",2000,100,7,7,1.1,NA,NA,NA,NA,NA,NA,0
"EpiFilter (smoother)","poisson","Mean -60%",3,3.4,"gradual20_1.1_to_1.3",2000,100,8,8,1.1,1.0666,0.8577,1.3154,0.98,1.18525,1,100
"EpiFilter (smoother)","poisson","Mean -60%",3,3.4,"gradual20_1.1_to_1.3",2000,100,9,9,1.1,1.061,0.9599,1.1695,0.97,1.17525,0.92,100
"EpiFilter (smoother)","poisson","Mean -60%",3,3.4,"gradual20_1.1_to_1.3",2000,100,10,10,1.1,1.0424,0.9517,1.1407,0.98,1.12525,0.88,100
"EpiFilter (smoother)","poisson","Mean -60%",3,3.4,"gradual20_1.1_to_1.3",2000,100,11,11,1.1,1.0415,0.9511,1.1381,0.9695,1.11,0.84,100
"EpiFilter (smoother)","poisson","Mean -60%",3,3.4,"gradual20_1.1_to_1.3",2000,100,12,12,1.1,1.0434,0.9528,1.1388,0.96475,1.11525,0.86,100
"EpiFilter (smoother)","poisson","Mean -60%",3,3.4,"gradual20_1.1_to_1.3",2000,100,13,13,1.1,1.0446,0.9546,1.141,0.98475,1.11525,0.88,100
"EpiFilter (smoother)","poisson","Mean -60%",3,3.4,"gradual20_1.1_to_1.3",2000,100,14,14,1.1,1.0451,0.9557,1.1406,0.98,1.11,0.86,100
"EpiFilter (smoother)","poisson","Mean -60%",3,3.4,"gradual20_1.1_to_1.3",2000,100,15,15,1.1,1.0411,0.9522,1.1354,0.97475,1.10525,0.87,100
"EpiFilter (smoother)","poisson","Mean -60%",3,3.4,"gradual20_1.1_to_1.3",2000,100,16,16,1.1,1.0368,0.9484,1.1313,0.96,1.1105,0.83,100
"EpiFilter (smoother)","poisson","Mean -60%",3,3.4,"gradual20_1.1_to_1.3",2000,100,17,17,1.1,1.0473,0.9585,1.1416,0.97475,1.12,0.88,100
"EpiFilter (smoother)","poisson","Mean -60%",3,3.4,"gradual20_1.1_to_1.3",2000,100,18,18,1.1,1.0443,0.9565,1.1379,0.98475,1.11,0.87,100
"EpiFilter (smoother)","poisson","Mean -60%",3,3.4,"gradual20_1.1_to_1.3",2000,100,19,19,1.1,1.0351,0.948,1.128,0.96,1.12,0.81,100
"EpiFilter (smoother)","poisson","Mean -60%",3,3.4,"gradual20_1.1_to_1.3",2000,100,20,20,1.1,1.0355,0.9494,1.1281,0.96475,1.10525,0.77,100
"EpiFilter (smoother)","poisson","Mean -60%",3,3.4,"gradual20_1.1_to_1.3",2000,100,21,21,1.1,1.0387,0.9515,1.1298,0.9695,1.1,0.79,100
"EpiFilter (smoother)","poisson","Mean -60%",3,3.4,"gradual20_1.1_to_1.3",2000,100,22,22,1.1,1.0399,0.9539,1.1316,0.97,1.1,0.81,100
"EpiFilter (smoother)","poisson","Mean -60%",3,3.4,"gradual20_1.1_to_1.3",2000,100,23,23,1.1,1.0426,0.9562,1.1337,0.97475,1.12,0.83,100
"EpiFilter (smoother)","poisson","Mean -60%",3,3.4,"gradual20_1.1_to_1.3",2000,100,24,24,1.1,1.0435,0.9581,1.1345,0.98,1.11,0.87,100
"EpiFilter (smoother)","poisson","Mean -60%",3,3.4,"gradual20_1.1_to_1.3",2000,100,25,25,1.1,1.0363,0.9511,1.1263,0.97,1.11,0.8,100
"EpiFilter (smoother)","poisson","Mean -60%",3,3.4,"gradual20_1.1_to_1.3",2000,100,26,26,1.1,1.0419,0.9569,1.1317,0.97475,1.12525,0.78,100
"EpiFilter (smoother)","poisson","Mean -60%",3,3.4,"gradual20_1.1_to_1.3",2000,100,27,27,1.1,1.0334,0.95,1.123,0.96475,1.1,0.76,100
"EpiFilter (smoother)","poisson","Mean -60%",3,3.4,"gradual20_1.1_to_1.3",2000,100,28,28,1.1,1.0383,0.9539,1.1274,0.97,1.1105,0.82,100
"EpiFilter (smoother)","poisson","Mean -60%",3,3.4,"gradual20_1.1_to_1.3",2000,100,29,29,1.1,1.0444,0.9611,1.1335,0.97475,1.12,0.8,100
"EpiFilter (smoother)","poisson","Mean -60%",3,3.4,"gradual20_1.1_to_1.3",2000,100,30,30,1.1,1.0404,0.9575,1.1284,0.98475,1.12,0.79,100
"EpiFilter (smoother)","poisson","Mean -60%",3,3.4,"gradual20_1.1_to_1.3",2000,100,31,31,1.1,1.0426,0.9599,1.1302,0.97475,1.11525,0.78,100
"EpiFilter (smoother)","poisson","Mean -60%",3,3.4,"gradual20_1.1_to_1.3",2000,100,32,32,1.1,1.0323,0.9503,1.1189,0.96,1.10525,0.72,100
"EpiFilter (smoother)","poisson","Mean -60%",3,3.4,"gradual20_1.1_to_1.3",2000,100,33,33,1.1,1.0395,0.9583,1.1262,0.99,1.09525,0.79,100
"EpiFilter (smoother)","poisson","Mean -60%",3,3.4,"gradual20_1.1_to_1.3",2000,100,34,34,1.1,1.0376,0.9565,1.124,0.97,1.11,0.77,100
"EpiFilter (smoother)","poisson","Mean -60%",3,3.4,"gradual20_1.1_to_1.3",2000,100,35,35,1.1,1.0353,0.9551,1.1215,0.97,1.09525,0.74,100
"EpiFilter (smoother)","poisson","Mean -60%",3,3.4,"gradual20_1.1_to_1.3",2000,100,36,36,1.1,1.0386,0.9583,1.124,0.98,1.09525,0.75,100
"EpiFilter (smoother)","poisson","Mean -60%",3,3.4,"gradual20_1.1_to_1.3",2000,100,37,37,1.1,1.0362,0.9561,1.1216,0.98475,1.09525,0.81,100
"EpiFilter (smoother)","poisson","Mean -60%",3,3.4,"gradual20_1.1_to_1.3",2000,100,38,38,1.1,1.0468,0.9669,1.1315,0.98475,1.1105,0.85,100
"EpiFilter (smoother)","poisson","Mean -60%",3,3.4,"gradual20_1.1_to_1.3",2000,100,39,39,1.1,1.0437,0.964,1.1284,0.98475,1.10525,0.87,100
"EpiFilter (smoother)","poisson","Mean -60%",3,3.4,"gradual20_1.1_to_1.3",2000,100,40,40,1.1,1.0365,0.9577,1.1202,0.97,1.09,0.79,100
"EpiFilter (smoother)","poisson","Mean -60%",3,3.4,"gradual20_1.1_to_1.3",2000,100,41,41,1.1,1.0368,0.9589,1.1203,0.97,1.11,0.75,100
"EpiFilter (smoother)","poisson","Mean -60%",3,3.4,"gradual20_1.1_to_1.3",2000,100,42,42,1.1,1.0379,0.9594,1.1207,0.96475,1.1,0.75,100
"EpiFilter (smoother)","poisson","Mean -60%",3,3.4,"gradual20_1.1_to_1.3",2000,100,43,43,1.1,1.0371,0.9594,1.1198,0.98,1.11525,0.7,100
"EpiFilter (smoother)","poisson","Mean -60%",3,3.4,"gradual20_1.1_to_1.3",2000,100,44,44,1.1,1.046,0.9679,1.1293,0.98475,1.11,0.78,100
"EpiFilter (smoother)","poisson","Mean -60%",3,3.4,"gradual20_1.1_to_1.3",2000,100,45,45,1.1,1.0345,0.9583,1.1162,0.98,1.11,0.7,100
"EpiFilter (smoother)","poisson","Mean -60%",3,3.4,"gradual20_1.1_to_1.3",2000,100,46,46,1.1,1.0324,0.956,1.1131,0.97475,1.1,0.67,100
"EpiFilter (smoother)","poisson","Mean -60%",3,3.4,"gradual20_1.1_to_1.3",2000,100,47,47,1.1,1.0372,0.9606,1.1182,0.96475,1.1105,0.71,100
"EpiFilter (smoother)","poisson","Mean -60%",3,3.4,"gradual20_1.1_to_1.3",2000,100,48,48,1.1,1.041,0.964,1.1215,0.97475,1.10525,0.72,100
"EpiFilter (smoother)","poisson","Mean -60%",3,3.4,"gradual20_1.1_to_1.3",2000,100,49,49,1.1,1.0402,0.9644,1.1206,0.98,1.10525,0.76,100
"EpiFilter (smoother)","poisson","Mean -60%",3,3.4,"gradual20_1.1_to_1.3",2000,100,50,50,1.11,1.0522,0.9759,1.1321,0.99,1.12,0.8,100
"EpiFilter (smoother)","poisson","Mean -60%",3,3.4,"gradual20_1.1_to_1.3",2000,100,51,51,1.12,1.0565,0.981399999999999,1.1364,0.99475,1.1305,0.75,100
"EpiFilter (smoother)","poisson","Mean -60%",3,3.4,"gradual20_1.1_to_1.3",2000,100,52,52,1.13,1.0543,0.979,1.133,0.99475,1.11525,0.58,100
"EpiFilter (smoother)","poisson","Mean -60%",3,3.4,"gradual20_1.1_to_1.3",2000,100,53,53,1.14,1.0577,0.9833,1.1368,1,1.12,0.52,100
"EpiFilter (smoother)","poisson","Mean -60%",3,3.4,"gradual20_1.1_to_1.3",2000,100,54,54,1.15,1.0595,0.9854,1.1369,0.99475,1.12525,0.4,100
"EpiFilter (smoother)","poisson","Mean -60%",3,3.4,"gradual20_1.1_to_1.3",2000,100,55,55,1.16,1.0653,0.9912,1.1424,1,1.12525,0.38,100
"EpiFilter (smoother)","poisson","Mean -60%",3,3.4,"gradual20_1.1_to_1.3",2000,100,56,56,1.17,1.0723,0.9991,1.1487,1.02,1.14,0.23,100
"EpiFilter (smoother)","poisson","Mean -60%",3,3.4,"gradual20_1.1_to_1.3",2000,100,57,57,1.18,1.0713,0.9991,1.1484,1.01,1.12525,0.16,100
"EpiFilter (smoother)","poisson","Mean -60%",3,3.4,"gradual20_1.1_to_1.3",2000,100,58,58,1.19,1.07,0.9984,1.1448,1.01,1.13,0.07,100
"EpiFilter (smoother)","poisson","Mean -60%",3,3.4,"gradual20_1.1_to_1.3",2000,100,59,59,1.2,1.0763,1.0046,1.1508,1.01475,1.13525,0.06,100
"EpiFilter (smoother)","poisson","Mean -60%",3,3.4,"gradual20_1.1_to_1.3",2000,100,60,60,1.21,1.0752,1.0047,1.1494,1.01475,1.13525,0.05,100
"EpiFilter (smoother)","poisson","Mean -60%",3,3.4,"gradual20_1.1_to_1.3",2000,100,61,61,1.22,1.0831,1.0134,1.1567,1.01475,1.14,0.03,100
"EpiFilter (smoother)","poisson","Mean -60%",3,3.4,"gradual20_1.1_to_1.3",2000,100,62,62,1.23,1.0927,1.0232,1.166,1.02475,1.17,0.05,100
"EpiFilter (smoother)","poisson","Mean -60%",3,3.4,"gradual20_1.1_to_1.3",2000,100,63,63,1.24,1.0923,1.0238,1.1636,1.02475,1.15525,0.02,100
"EpiFilter (smoother)","poisson","Mean -60%",3,3.4,"gradual20_1.1_to_1.3",2000,100,64,64,1.25,1.099,1.0312,1.1705,1.04,1.16525,0.03,100
"EpiFilter (smoother)","poisson","Mean -60%",3,3.4,"gradual20_1.1_to_1.3",2000,100,65,65,1.26,1.098,1.0306,1.1675,1.05,1.17,0.01,100
"EpiFilter (smoother)","poisson","Mean -60%",3,3.4,"gradual20_1.1_to_1.3",2000,100,66,66,1.27,1.1027,1.0364,1.1717,1.03475,1.16525,0.01,100
"EpiFilter (smoother)","poisson","Mean -60%",3,3.4,"gradual20_1.1_to_1.3",2000,100,67,67,1.28,1.0974,1.0329,1.1663,1.03,1.16,0,100
"EpiFilter (smoother)","poisson","Mean -60%",3,3.4,"gradual20_1.1_to_1.3",2000,100,68,68,1.29,1.104,1.0395,1.1713,1.04,1.16,0,100
"EpiFilter (smoother)","poisson","Mean -60%",3,3.4,"gradual20_1.1_to_1.3",2000,100,69,69,1.3,1.108,1.0443,1.1744,1.04475,1.16,0.01,100
"EpiFilter (smoother)","poisson","Mean -60%",3,3.4,"gradual20_1.1_to_1.3",2000,100,70,70,1.3,1.1145,1.0517,1.1804,1.06,1.16525,0,100
"EpiFilter (smoother)","poisson","Mean -60%",3,3.4,"gradual20_1.1_to_1.3",2000,100,71,71,1.3,1.1058,1.0442,1.1694,1.05,1.16525,0,100
"EpiFilter (smoother)","poisson","Mean -60%",3,3.4,"gradual20_1.1_to_1.3",2000,100,72,72,1.3,1.1034,1.0431,1.1665,1.04,1.16,0,100
"EpiFilter (smoother)","poisson","Mean -60%",3,3.4,"gradual20_1.1_to_1.3",2000,100,73,73,1.3,1.1041,1.0444,1.1661,1.03475,1.17525,0,100
"EpiFilter (smoother)","poisson","Mean -60%",3,3.4,"gradual20_1.1_to_1.3",2000,100,74,74,1.3,1.099,1.0399,1.1597,1.03475,1.16,0,100
"EpiFilter (smoother)","poisson","Mean -60%",3,3.4,"gradual20_1.1_to_1.3",2000,100,75,75,1.3,1.1088,1.0502,1.1692,1.06,1.17,0,100
"EpiFilter (smoother)","poisson","Mean -60%",3,3.4,"gradual20_1.1_to_1.3",2000,100,76,76,1.3,1.1061,1.0487,1.1654,1.05,1.16525,0,100
"EpiFilter (smoother)","poisson","Mean -60%",3,3.4,"gradual20_1.1_to_1.3",2000,100,77,77,1.3,1.1,1.0451,1.1593,1.05,1.14525,0,100
"EpiFilter (smoother)","poisson","Mean -60%",3,3.4,"gradual20_1.1_to_1.3",2000,100,78,78,1.3,1.1058,1.0501,1.1631,1.06475,1.15,0,100
"EpiFilter (smoother)","poisson","Mean -60%",3,3.4,"gradual20_1.1_to_1.3",2000,100,79,79,1.3,1.1108,1.0557,1.1672,1.06,1.16525,0,100
"EpiFilter (smoother)","poisson","Mean -60%",3,3.4,"gradual20_1.1_to_1.3",2000,100,80,80,1.3,1.105,1.0511,1.1607,1.06475,1.15525,0,100
"EpiFilter (smoother)","poisson","Mean -60%",3,3.4,"gradual20_1.1_to_1.3",2000,100,81,81,1.3,1.1053,1.0522,1.1595,1.07,1.15,0,100
"EpiFilter (smoother)","poisson","Mean -60%",3,3.4,"gradual20_1.1_to_1.3",2000,100,82,82,1.3,1.1057,1.0534,1.1598,1.05475,1.15525,0,100
"EpiFilter (smoother)","poisson","Mean -60%",3,3.4,"gradual20_1.1_to_1.3",2000,100,83,83,1.3,1.1042,1.0533,1.1574,1.05,1.15525,0,100
"EpiFilter (smoother)","poisson","Mean -60%",3,3.4,"gradual20_1.1_to_1.3",2000,100,84,84,1.3,1.1056,1.055,1.158,1.05,1.15525,0,100
"EpiFilter (smoother)","poisson","Mean -60%",3,3.4,"gradual20_1.1_to_1.3",2000,100,85,85,1.3,1.105,1.0552,1.1566,1.05475,1.15525,0,100
"EpiFilter (smoother)","poisson","Mean -60%",3,3.4,"gradual20_1.1_to_1.3",2000,100,86,86,1.3,1.1037,1.0546,1.1542,1.07,1.16,0,100
"EpiFilter (smoother)","poisson","Mean -60%",3,3.4,"gradual20_1.1_to_1.3",2000,100,87,87,1.3,1.1074,1.0592,1.157,1.04475,1.15525,0,100
"EpiFilter (smoother)","poisson","Mean -60%",3,3.4,"gradual20_1.1_to_1.3",2000,100,88,88,1.3,1.1081,1.0601,1.1573,1.05,1.14,0,100
"EpiFilter (smoother)","poisson","Mean -60%",3,3.4,"gradual20_1.1_to_1.3",2000,100,89,89,1.3,1.1065,1.0598,1.1541,1.06,1.15,0,100
"EpiFilter (smoother)","poisson","Mean -60%",3,3.4,"gradual20_1.1_to_1.3",2000,100,90,90,1.3,1.1035,1.0571,1.1502,1.06,1.16,0,100
"EpiFilter (smoother)","poisson","Mean -60%",3,3.4,"gradual20_1.1_to_1.3",2000,100,91,91,1.3,1.1081,1.0632,1.1549,1.07,1.15,0,100
"EpiFilter (smoother)","poisson","Mean -60%",3,3.4,"gradual20_1.1_to_1.3",2000,100,92,92,1.3,1.1035,1.0589,1.1489,1.07,1.15525,0,100
"EpiFilter (smoother)","poisson","Mean -60%",3,3.4,"gradual20_1.1_to_1.3",2000,100,93,93,1.3,1.1057,1.0618,1.1502,1.05,1.14,0,100
"EpiFilter (smoother)","poisson","Mean -60%",3,3.4,"gradual20_1.1_to_1.3",2000,100,94,94,1.3,1.1108,1.0675,1.155,1.07,1.15,0,100
"EpiFilter (smoother)","poisson","Mean -60%",3,3.4,"gradual20_1.1_to_1.3",2000,100,95,95,1.3,1.1039,1.0618,1.1477,1.05475,1.16,0,100
"EpiFilter (smoother)","poisson","Mean -60%",3,3.4,"gradual20_1.1_to_1.3",2000,100,96,96,1.3,1.1038,1.0622,1.146,1.06475,1.15,0,100
"EpiFilter (smoother)","poisson","Mean -60%",3,3.4,"gradual20_1.1_to_1.3",2000,100,97,97,1.3,1.1104,1.0689,1.1526,1.06,1.16,0,100
"EpiFilter (smoother)","poisson","Mean -60%",3,3.4,"gradual20_1.1_to_1.3",2000,100,98,98,1.3,1.1045,1.0641,1.1454,1.06,1.15525,0,100
"EpiFilter (smoother)","poisson","Mean -60%",3,3.4,"gradual20_1.1_to_1.3",2000,100,99,99,1.3,1.1079,1.0681,1.1484,1.06,1.16,0,100
"EpiFilter (smoother)","poisson","Mean -60%",3,3.4,"gradual20_1.1_to_1.3",2000,100,100,100,1.3,1.1045,1.0651,1.1451,1.06475,1.14,0,100
"EpiLPS (MAP)","negbin","Mean -60%",3,3.4,"gradual20_1.1_to_1.3",2000,100,2,2,1.1,NA,NA,NA,NA,NA,NA,0
"EpiLPS (MAP)","negbin","Mean -60%",3,3.4,"gradual20_1.1_to_1.3",2000,100,3,3,1.1,NA,NA,NA,NA,NA,NA,0
"EpiLPS (MAP)","negbin","Mean -60%",3,3.4,"gradual20_1.1_to_1.3",2000,100,4,4,1.1,NA,NA,NA,NA,NA,NA,0
"EpiLPS (MAP)","negbin","Mean -60%",3,3.4,"gradual20_1.1_to_1.3",2000,100,5,5,1.1,NA,NA,NA,NA,NA,NA,0
"EpiLPS (MAP)","negbin","Mean -60%",3,3.4,"gradual20_1.1_to_1.3",2000,100,6,6,1.1,NA,NA,NA,NA,NA,NA,0
"EpiLPS (MAP)","negbin","Mean -60%",3,3.4,"gradual20_1.1_to_1.3",2000,100,7,7,1.1,NA,NA,NA,NA,NA,NA,0
"EpiLPS (MAP)","negbin","Mean -60%",3,3.4,"gradual20_1.1_to_1.3",2000,100,8,8,1.1,305.690993236152,231.566061062473,404.330440036177,242.602377617014,374.736745158696,0,100
"EpiLPS (MAP)","negbin","Mean -60%",3,3.4,"gradual20_1.1_to_1.3",2000,100,9,9,1.1,2.26395904816724,2.0521566295551,2.49819724396449,2.13910257866534,2.42175047049382,0,100
"EpiLPS (MAP)","negbin","Mean -60%",3,3.4,"gradual20_1.1_to_1.3",2000,100,10,10,1.1,1.53055730281463,1.36678911663614,1.71447842385626,1.42717676674704,1.66648071478217,0,100
"EpiLPS (MAP)","negbin","Mean -60%",3,3.4,"gradual20_1.1_to_1.3",2000,100,11,11,1.1,1.33337549962055,1.19298271518865,1.49074043234655,1.23737270398555,1.46209124230878,0.03,100
"EpiLPS (MAP)","negbin","Mean -60%",3,3.4,"gradual20_1.1_to_1.3",2000,100,12,12,1.1,1.23456500328089,1.11570956943668,1.36642855551977,1.15617479586339,1.3524653978479,0.42,100
"EpiLPS (MAP)","negbin","Mean -60%",3,3.4,"gradual20_1.1_to_1.3",2000,100,13,13,1.1,1.17586553437615,1.07119755552609,1.29103757175074,1.10031720750947,1.27106573954488,0.77,100
"EpiLPS (MAP)","negbin","Mean -60%",3,3.4,"gradual20_1.1_to_1.3",2000,100,14,14,1.1,1.13778211238904,1.04028110662384,1.24466210509077,1.05637352266922,1.219130414933,0.94,100
"EpiLPS (MAP)","negbin","Mean -60%",3,3.4,"gradual20_1.1_to_1.3",2000,100,15,15,1.1,1.11165814796165,1.02227076506812,1.20906412626373,1.03526778913306,1.18969144453659,0.94,100
"EpiLPS (MAP)","negbin","Mean -60%",3,3.4,"gradual20_1.1_to_1.3",2000,100,16,16,1.1,1.09306372191815,1.00985187774827,1.18330895208779,1.01918542493064,1.16608444894355,0.96,100
"EpiLPS (MAP)","negbin","Mean -60%",3,3.4,"gradual20_1.1_to_1.3",2000,100,17,17,1.1,1.07960259282236,0.995063141531358,1.17150794666427,1.00439044452002,1.14434282989643,0.95,100
"EpiLPS (MAP)","negbin","Mean -60%",3,3.4,"gradual20_1.1_to_1.3",2000,100,18,18,1.1,1.0697349132209,0.985165569723984,1.16174949060299,0.99633625164216,1.13575954355042,0.94,100
"EpiLPS (MAP)","negbin","Mean -60%",3,3.4,"gradual20_1.1_to_1.3",2000,100,19,19,1.1,1.06243766703652,0.982404686788285,1.1491590266272,0.991802264244606,1.11975611027556,0.93,100
"EpiLPS (MAP)","negbin","Mean -60%",3,3.4,"gradual20_1.1_to_1.3",2000,100,20,20,1.1,1.05705769420394,0.976469655082512,1.14446850037207,0.989233438850461,1.11233661428615,0.9,100
"EpiLPS (MAP)","negbin","Mean -60%",3,3.4,"gradual20_1.1_to_1.3",2000,100,21,21,1.1,1.053124043555,0.970009761014574,1.14354270163451,0.989583533255367,1.10483471625042,0.9,100
"EpiLPS (MAP)","negbin","Mean -60%",3,3.4,"gradual20_1.1_to_1.3",2000,100,22,22,1.1,1.05028289222828,0.970183018103892,1.13716529068469,0.988231130548762,1.09890084457756,0.86,100
"EpiLPS (MAP)","negbin","Mean -60%",3,3.4,"gradual20_1.1_to_1.3",2000,100,23,23,1.1,1.04818801038154,0.970082816341124,1.13274169885315,0.983703835565411,1.09690262045039,0.87,100
"EpiLPS (MAP)","negbin","Mean -60%",3,3.4,"gradual20_1.1_to_1.3",2000,100,24,24,1.1,1.04644282423235,0.965118066376771,1.13479267096703,0.983488205276308,1.10415931689375,0.88,100
"EpiLPS (MAP)","negbin","Mean -60%",3,3.4,"gradual20_1.1_to_1.3",2000,100,25,25,1.1,1.0447545014279,0.963616640517366,1.13289643331693,0.98535196705411,1.10351483272543,0.9,100
"EpiLPS (MAP)","negbin","Mean -60%",3,3.4,"gradual20_1.1_to_1.3",2000,100,26,26,1.1,1.04297293341302,0.965612800590433,1.12668939069877,0.983514671593672,1.10199789005995,0.86,100
"EpiLPS (MAP)","negbin","Mean -60%",3,3.4,"gradual20_1.1_to_1.3",2000,100,27,27,1.1,1.0411707742962,0.961852114583562,1.12719891383669,0.983927556257377,1.10190807622688,0.82,100
"EpiLPS (MAP)","negbin","Mean -60%",3,3.4,"gradual20_1.1_to_1.3",2000,100,28,28,1.1,1.03937607369353,0.957903680796868,1.12795743144951,0.980752447137144,1.10268399094329,0.82,100
"EpiLPS (MAP)","negbin","Mean -60%",3,3.4,"gradual20_1.1_to_1.3",2000,100,29,29,1.1,1.03758264170501,0.959635800105504,1.12202731029681,0.978135876902168,1.09948850288683,0.75,100
"EpiLPS (MAP)","negbin","Mean -60%",3,3.4,"gradual20_1.1_to_1.3",2000,100,30,30,1.1,1.03587422870359,0.958507810321791,1.11965084306325,0.978940885263496,1.09189348595046,0.76,100
"EpiLPS (MAP)","negbin","Mean -60%",3,3.4,"gradual20_1.1_to_1.3",2000,100,31,31,1.1,1.03434586455483,0.95362469348897,1.12208060156963,0.98044801875196,1.09216447989921,0.8,100
"EpiLPS (MAP)","negbin","Mean -60%",3,3.4,"gradual20_1.1_to_1.3",2000,100,32,32,1.1,1.03303582593305,0.953559643750853,1.11931248608732,0.98286325775178,1.09181605945758,0.78,100
"EpiLPS (MAP)","negbin","Mean -60%",3,3.4,"gradual20_1.1_to_1.3",2000,100,33,33,1.1,1.03206640709027,0.955538947108225,1.11488713288312,0.978987017843655,1.08912075443046,0.7,100
"EpiLPS (MAP)","negbin","Mean -60%",3,3.4,"gradual20_1.1_to_1.3",2000,100,34,34,1.1,1.03172331363682,0.952331644559722,1.11790977441947,0.979821948904784,1.08752682392693,0.73,100
"EpiLPS (MAP)","negbin","Mean -60%",3,3.4,"gradual20_1.1_to_1.3",2000,100,35,35,1.1,1.03217353224368,0.951393573454102,1.11999473136499,0.975915494058955,1.0859518176167,0.73,100
"EpiLPS (MAP)","negbin","Mean -60%",3,3.4,"gradual20_1.1_to_1.3",2000,100,36,36,1.1,1.0334710012621,0.956390932945724,1.11692972786497,0.972000616994141,1.08762706046601,0.72,100
"EpiLPS (MAP)","negbin","Mean -60%",3,3.4,"gradual20_1.1_to_1.3",2000,100,37,37,1.1,1.03528582562433,0.957371407894497,1.11971029806895,0.965406192810569,1.09506126212578,0.7,100
"EpiLPS (MAP)","negbin","Mean -60%",3,3.4,"gradual20_1.1_to_1.3",2000,100,38,38,1.1,1.03723177838536,0.956112598499449,1.12541577594642,0.96405371406339,1.09985532756765,0.73,100
"EpiLPS (MAP)","negbin","Mean -60%",3,3.4,"gradual20_1.1_to_1.3",2000,100,39,39,1.1,1.03918962928836,0.960341617151257,1.124684149572,0.97163514562664,1.10487301522902,0.75,100
"EpiLPS (MAP)","negbin","Mean -60%",3,3.4,"gradual20_1.1_to_1.3",2000,100,40,40,1.1,1.04084321460674,0.96390430576122,1.12408835887215,0.98039112736563,1.10718830080897,0.74,100
"EpiLPS (MAP)","negbin","Mean -60%",3,3.4,"gradual20_1.1_to_1.3",2000,100,41,41,1.1,1.04194317667706,0.961603528225683,1.1291742707952,0.978746117156006,1.10485127388383,0.77,100
"EpiLPS (MAP)","negbin","Mean -60%",3,3.4,"gradual20_1.1_to_1.3",2000,100,42,42,1.1,1.04230155948299,0.961704389030202,1.12983342898004,0.97920874684349,1.10181034939287,0.78,100
"EpiLPS (MAP)","negbin","Mean -60%",3,3.4,"gradual20_1.1_to_1.3",2000,100,43,43,1.1,1.04189899348914,0.965012579046957,1.1250749807402,0.974573262143275,1.09339913457371,0.79,100
"EpiLPS (MAP)","negbin","Mean -60%",3,3.4,"gradual20_1.1_to_1.3",2000,100,44,44,1.1,1.04122250327935,0.962440409766055,1.12662455464045,0.974056405431653,1.09613804696571,0.8,100
"EpiLPS (MAP)","negbin","Mean -60%",3,3.4,"gradual20_1.1_to_1.3",2000,100,45,45,1.1,1.04065810293224,0.959424608393075,1.12895182331893,0.970746792277433,1.0944528012945,0.83,100
"EpiLPS (MAP)","negbin","Mean -60%",3,3.4,"gradual20_1.1_to_1.3",2000,100,46,46,1.1,1.04042810003606,0.962478680567849,1.12486006726574,0.974411009390505,1.08655366572487,0.83,100
"EpiLPS (MAP)","negbin","Mean -60%",3,3.4,"gradual20_1.1_to_1.3",2000,100,47,47,1.1,1.04071358225245,0.963477896940121,1.12430889928755,0.983909266103428,1.08764557659992,0.81,100
"EpiLPS (MAP)","negbin","Mean -60%",3,3.4,"gradual20_1.1_to_1.3",2000,100,48,48,1.1,1.04162825995318,0.960853141435335,1.1293781646171,0.984478913467765,1.08976927454294,0.85,100
"EpiLPS (MAP)","negbin","Mean -60%",3,3.4,"gradual20_1.1_to_1.3",2000,100,49,49,1.1,1.04322693730904,0.963344334477788,1.12991410007868,0.985191739043024,1.098961795451,0.82,100
"EpiLPS (MAP)","negbin","Mean -60%",3,3.4,"gradual20_1.1_to_1.3",2000,100,50,50,1.11,1.04547602501328,0.968631307356559,1.12858356267591,0.988803798802456,1.09964122844596,0.75,100
"EpiLPS (MAP)","negbin","Mean -60%",3,3.4,"gradual20_1.1_to_1.3",2000,100,51,51,1.12,1.04812805746898,0.968369801956543,1.1346328551899,0.99014422055239,1.11746179684148,0.68,100
"EpiLPS (MAP)","negbin","Mean -60%",3,3.4,"gradual20_1.1_to_1.3",2000,100,52,52,1.13,1.05098458370217,0.969513160509202,1.13948682559126,0.990918329680742,1.13154293435121,0.58,100
"EpiLPS (MAP)","negbin","Mean -60%",3,3.4,"gradual20_1.1_to_1.3",2000,100,53,53,1.14,1.0539392857658,0.976133212419335,1.13811638582431,0.997858831240552,1.12718237425427,0.42,100
"EpiLPS (MAP)","negbin","Mean -60%",3,3.4,"gradual20_1.1_to_1.3",2000,100,54,54,1.15,1.05688067525613,0.978331509193011,1.14190978413693,0.998212893438801,1.12410499593761,0.34,100
"EpiLPS (MAP)","negbin","Mean -60%",3,3.4,"gradual20_1.1_to_1.3",2000,100,55,55,1.16,1.05966912508415,0.977672579637881,1.14873235264095,1.00718210477916,1.12158301547514,0.34,100
"EpiLPS (MAP)","negbin","Mean -60%",3,3.4,"gradual20_1.1_to_1.3",2000,100,56,56,1.17,1.06219381847516,0.982304920114705,1.14876155559054,1.01300639068608,1.12730493520667,0.23,100
"EpiLPS (MAP)","negbin","Mean -60%",3,3.4,"gradual20_1.1_to_1.3",2000,100,57,57,1.18,1.06454079870179,0.986758779639919,1.14862754532694,1.017049753435,1.12967249668674,0.16,100
"EpiLPS (MAP)","negbin","Mean -60%",3,3.4,"gradual20_1.1_to_1.3",2000,100,58,58,1.19,1.06699048116864,0.98572066946215,1.15515060074077,1.01542585117097,1.12896305346222,0.14,100
"EpiLPS (MAP)","negbin","Mean -60%",3,3.4,"gradual20_1.1_to_1.3",2000,100,59,59,1.2,1.06968240497148,0.98792000723782,1.15840508352059,1.00974011215058,1.12941065854743,0.13,100
"EpiLPS (MAP)","negbin","Mean -60%",3,3.4,"gradual20_1.1_to_1.3",2000,100,60,60,1.21,1.07266604907951,0.994719809421391,1.15689776974936,1.00825516933015,1.12885064245232,0.07,100
"EpiLPS (MAP)","negbin","Mean -60%",3,3.4,"gradual20_1.1_to_1.3",2000,100,61,61,1.22,1.07581076221474,0.995898430053316,1.1623233499771,1.01236175683214,1.13578470735701,0.04,100
"EpiLPS (MAP)","negbin","Mean -60%",3,3.4,"gradual20_1.1_to_1.3",2000,100,62,62,1.23,1.07897961984455,0.996193319797397,1.16884889464501,1.01725424088836,1.14767971277827,0.06,100
"EpiLPS (MAP)","negbin","Mean -60%",3,3.4,"gradual20_1.1_to_1.3",2000,100,63,63,1.24,1.08210579916371,1.00246136229118,1.16826704215219,1.02271997275474,1.15586073390424,0.04,100
"EpiLPS (MAP)","negbin","Mean -60%",3,3.4,"gradual20_1.1_to_1.3",2000,100,64,64,1.25,1.08517891624596,1.00633245373776,1.17038855916157,1.02119995897203,1.16062606864897,0.03,100
"EpiLPS (MAP)","negbin","Mean -60%",3,3.4,"gradual20_1.1_to_1.3",2000,100,65,65,1.26,1.08817670872946,1.00552417744473,1.17782683406176,1.02211221208314,1.16088273924184,0.03,100
"EpiLPS (MAP)","negbin","Mean -60%",3,3.4,"gradual20_1.1_to_1.3",2000,100,66,66,1.27,1.09105757166226,1.00918251708233,1.17977568251943,1.02856332308151,1.16150496874964,0.01,100
"EpiLPS (MAP)","negbin","Mean -60%",3,3.4,"gradual20_1.1_to_1.3",2000,100,67,67,1.28,1.09379057767265,1.01524321498796,1.17860117913717,1.03080623202749,1.16265582057908,0,100
"EpiLPS (MAP)","negbin","Mean -60%",3,3.4,"gradual20_1.1_to_1.3",2000,100,68,68,1.29,1.09631112560258,1.01475802962221,1.18462023724951,1.03184577310527,1.16953292975184,0,100
"EpiLPS (MAP)","negbin","Mean -60%",3,3.4,"gradual20_1.1_to_1.3",2000,100,69,69,1.3,1.09854274020505,1.01510827524447,1.18904786351549,1.029999690225,1.16558051446278,0,100
"EpiLPS (MAP)","negbin","Mean -60%",3,3.4,"gradual20_1.1_to_1.3",2000,100,70,70,1.3,1.10044948664337,1.02095921520141,1.18632419897743,1.03119866046529,1.16110277414328,0,100
"EpiLPS (MAP)","negbin","Mean -60%",3,3.4,"gradual20_1.1_to_1.3",2000,100,71,71,1.3,1.10207589537025,1.02208135637575,1.18853001834349,1.03768547941016,1.15645358073551,0,100
"EpiLPS (MAP)","negbin","Mean -60%",3,3.4,"gradual20_1.1_to_1.3",2000,100,72,72,1.3,1.10344651042192,1.01990763550862,1.1940453398337,1.0478017121334,1.15789799101212,0,100
"EpiLPS (MAP)","negbin","Mean -60%",3,3.4,"gradual20_1.1_to_1.3",2000,100,73,73,1.3,1.10455182564215,1.02321745395183,1.1925587711973,1.04325638753647,1.16305710957174,0,100
"EpiLPS (MAP)","negbin","Mean -60%",3,3.4,"gradual20_1.1_to_1.3",2000,100,74,74,1.3,1.10539175514771,1.02652039709077,1.19051923504787,1.03712757219761,1.16118725189276,0,100
"EpiLPS (MAP)","negbin","Mean -60%",3,3.4,"gradual20_1.1_to_1.3",2000,100,75,75,1.3,1.1059395747858,1.0235200387703,1.195210910022,1.03949317291604,1.16542016419857,0,100
"EpiLPS (MAP)","negbin","Mean -60%",3,3.4,"gradual20_1.1_to_1.3",2000,100,76,76,1.3,1.10614616086962,1.02312808091437,1.19611958051017,1.04349720986595,1.16568829992848,0,100
"EpiLPS (MAP)","negbin","Mean -60%",3,3.4,"gradual20_1.1_to_1.3",2000,100,77,77,1.3,1.10602631400867,1.02707938357148,1.19124090033066,1.04634359080745,1.16657336724386,0,100
"EpiLPS (MAP)","negbin","Mean -60%",3,3.4,"gradual20_1.1_to_1.3",2000,100,78,78,1.3,1.1058009178942,1.02501532235728,1.19316327565765,1.04149937031889,1.16197276267894,0,100
"EpiLPS (MAP)","negbin","Mean -60%",3,3.4,"gradual20_1.1_to_1.3",2000,100,79,79,1.3,1.10563897675954,1.02190872204065,1.19645647956186,1.04324787021741,1.15908165947006,0,100
"EpiLPS (MAP)","negbin","Mean -60%",3,3.4,"gradual20_1.1_to_1.3",2000,100,80,80,1.3,1.10562577504807,1.02521689507706,1.19255207325924,1.04697956422247,1.15463037970938,0,100
"EpiLPS (MAP)","negbin","Mean -60%",3,3.4,"gradual20_1.1_to_1.3",2000,100,81,81,1.3,1.10582095817847,1.02666244830477,1.19128895937687,1.05249824891786,1.15160515300078,0,100
"EpiLPS (MAP)","negbin","Mean -60%",3,3.4,"gradual20_1.1_to_1.3",2000,100,82,82,1.3,1.1062299735959,1.02335539462775,1.19604397655275,1.05163508723663,1.14880430192269,0,100
"EpiLPS (MAP)","negbin","Mean -60%",3,3.4,"gradual20_1.1_to_1.3",2000,100,83,83,1.3,1.10682950830119,1.02466202530823,1.19581256175524,1.05087744634652,1.15442194447246,0,100
"EpiLPS (MAP)","negbin","Mean -60%",3,3.4,"gradual20_1.1_to_1.3",2000,100,84,84,1.3,1.10757006353663,1.02897595460269,1.19237742863353,1.04798744934784,1.16275502398819,0,100
"EpiLPS (MAP)","negbin","Mean -60%",3,3.4,"gradual20_1.1_to_1.3",2000,100,85,85,1.3,1.1082743461824,1.02679363146839,1.1964491849706,1.04807522734424,1.16186610217269,0,100
"EpiLPS (MAP)","negbin","Mean -60%",3,3.4,"gradual20_1.1_to_1.3",2000,100,86,86,1.3,1.1087997329848,1.02526231255487,1.19938605936034,1.04601656910027,1.16809163633713,0,100
"EpiLPS (MAP)","negbin","Mean -60%",3,3.4,"gradual20_1.1_to_1.3",2000,100,87,87,1.3,1.10907655401321,1.02946485980775,1.19506717652714,1.0503904976631,1.17243028202815,0,100
"EpiLPS (MAP)","negbin","Mean -60%",3,3.4,"gradual20_1.1_to_1.3",2000,100,88,88,1.3,1.10909956078102,1.0291992211869,1.1954276201047,1.045792518361,1.17755738521786,0,100
"EpiLPS (MAP)","negbin","Mean -60%",3,3.4,"gradual20_1.1_to_1.3",2000,100,89,89,1.3,1.10885168887656,1.02523494828617,1.19953501504125,1.04841549554563,1.17443559926148,0.01,100
"EpiLPS (MAP)","negbin","Mean -60%",3,3.4,"gradual20_1.1_to_1.3",2000,100,90,90,1.3,1.10830163573535,1.02646651644983,1.19689925245691,1.04827047758628,1.17808945457162,0.01,100
"EpiLPS (MAP)","negbin","Mean -60%",3,3.4,"gradual20_1.1_to_1.3",2000,100,91,91,1.3,1.10746092030808,1.0279488596513,1.19334955041723,1.04246871743868,1.17837887912725,0.01,100
"EpiLPS (MAP)","negbin","Mean -60%",3,3.4,"gradual20_1.1_to_1.3",2000,100,92,92,1.3,1.10636660988926,1.02315871849038,1.19658980128695,1.03992012944349,1.18680249034667,0.01,100
"EpiLPS (MAP)","negbin","Mean -60%",3,3.4,"gradual20_1.1_to_1.3",2000,100,93,93,1.3,1.10502238344336,1.02090199667875,1.19632949295375,1.04813213464158,1.18489312382201,0.02,100
"EpiLPS (MAP)","negbin","Mean -60%",3,3.4,"gradual20_1.1_to_1.3",2000,100,94,94,1.3,1.103478193948,1.02337503606365,1.19008485233454,1.04165834996692,1.17570008652514,0,100
"EpiLPS (MAP)","negbin","Mean -60%",3,3.4,"gradual20_1.1_to_1.3",2000,100,95,95,1.3,1.1019356912237,1.02007481164138,1.19061417607588,1.04330920788059,1.16700280582277,0,100
"EpiLPS (MAP)","negbin","Mean -60%",3,3.4,"gradual20_1.1_to_1.3",2000,100,96,96,1.3,1.10053185510555,1.01357758404231,1.19523580591593,1.04483751284593,1.16602199008557,0,100
"EpiLPS (MAP)","negbin","Mean -60%",3,3.4,"gradual20_1.1_to_1.3",2000,100,97,97,1.3,1.09932669820193,1.0074108972476,1.19997301090051,1.03244015012979,1.18127585370432,0.01,100
"EpiLPS (MAP)","negbin","Mean -60%",3,3.4,"gradual20_1.1_to_1.3",2000,100,98,98,1.3,1.0983643166347,0.99093203991414,1.21794427563325,1.01593309936567,1.19906679166213,0.09,100
"EpiLPS (MAP)","negbin","Mean -60%",3,3.4,"gradual20_1.1_to_1.3",2000,100,99,99,1.3,1.09763175691034,0.963117337292185,1.25176207093317,0.999425686766309,1.22437987397156,0.21,100
"EpiLPS (MAP)","negbin","Mean -60%",3,3.4,"gradual20_1.1_to_1.3",2000,100,100,100,1.3,1.09707161182329,0.930992989379422,1.29412802774214,0.978834403822121,1.24379895754526,0.44,100
"EpiLPS (MALA)","negbin","Mean -60%",3,3.4,"gradual20_1.1_to_1.3",2000,100,2,2,1.1,NA,NA,NA,NA,NA,NA,0
"EpiLPS (MALA)","negbin","Mean -60%",3,3.4,"gradual20_1.1_to_1.3",2000,100,3,3,1.1,NA,NA,NA,NA,NA,NA,0
"EpiLPS (MALA)","negbin","Mean -60%",3,3.4,"gradual20_1.1_to_1.3",2000,100,4,4,1.1,NA,NA,NA,NA,NA,NA,0
"EpiLPS (MALA)","negbin","Mean -60%",3,3.4,"gradual20_1.1_to_1.3",2000,100,5,5,1.1,NA,NA,NA,NA,NA,NA,0
"EpiLPS (MALA)","negbin","Mean -60%",3,3.4,"gradual20_1.1_to_1.3",2000,100,6,6,1.1,NA,NA,NA,NA,NA,NA,0
"EpiLPS (MALA)","negbin","Mean -60%",3,3.4,"gradual20_1.1_to_1.3",2000,100,7,7,1.1,NA,NA,NA,NA,NA,NA,0
"EpiLPS (MALA)","negbin","Mean -60%",3,3.4,"gradual20_1.1_to_1.3",2000,100,8,8,1.1,306.784385191722,234.028114950955,410.199489045359,239.929044199376,389.92205322769,0,100
"EpiLPS (MALA)","negbin","Mean -60%",3,3.4,"gradual20_1.1_to_1.3",2000,100,9,9,1.1,2.26562405319287,2.04949062456899,2.5032810061825,2.14610962838094,2.41938381743228,0,100
"EpiLPS (MALA)","negbin","Mean -60%",3,3.4,"gradual20_1.1_to_1.3",2000,100,10,10,1.1,1.53124250632916,1.36446472943552,1.71271541689553,1.42912624462337,1.66611934537921,0,100
"EpiLPS (MALA)","negbin","Mean -60%",3,3.4,"gradual20_1.1_to_1.3",2000,100,11,11,1.1,1.33338755952081,1.18949524846576,1.48593132822232,1.23795602179548,1.46035783109813,0.04,100
"EpiLPS (MALA)","negbin","Mean -60%",3,3.4,"gradual20_1.1_to_1.3",2000,100,12,12,1.1,1.23402625397349,1.11070343715496,1.36170843524562,1.15131812530642,1.35115440030278,0.44,100
"EpiLPS (MALA)","negbin","Mean -60%",3,3.4,"gradual20_1.1_to_1.3",2000,100,13,13,1.1,1.17487799471574,1.06512319654833,1.28929796028156,1.09342169755608,1.27613624956448,0.79,100
"EpiLPS (MALA)","negbin","Mean -60%",3,3.4,"gradual20_1.1_to_1.3",2000,100,14,14,1.1,1.13679482017089,1.03337947779941,1.24500469680056,1.05295239382262,1.21266208462941,0.94,100
"EpiLPS (MALA)","negbin","Mean -60%",3,3.4,"gradual20_1.1_to_1.3",2000,100,15,15,1.1,1.1107495444067,1.01522495435388,1.21033761916772,1.02598056513544,1.18115694449191,0.96,100
"EpiLPS (MALA)","negbin","Mean -60%",3,3.4,"gradual20_1.1_to_1.3",2000,100,16,16,1.1,1.09244552905602,1.00451060826586,1.18645084226225,1.00768495775677,1.15864012509559,0.96,100
"EpiLPS (MALA)","negbin","Mean -60%",3,3.4,"gradual20_1.1_to_1.3",2000,100,17,17,1.1,1.0791806708134,0.990473521878668,1.17507502153828,0.998509337289598,1.14398080515021,0.96,100
"EpiLPS (MALA)","negbin","Mean -60%",3,3.4,"gradual20_1.1_to_1.3",2000,100,18,18,1.1,1.06938057487373,0.981466344433104,1.16459245454982,0.994717745314067,1.13920407615967,0.94,100
"EpiLPS (MALA)","negbin","Mean -60%",3,3.4,"gradual20_1.1_to_1.3",2000,100,19,19,1.1,1.06230229931655,0.978947192777248,1.15022054758787,0.992937695008937,1.12197308261983,0.91,100
"EpiLPS (MALA)","negbin","Mean -60%",3,3.4,"gradual20_1.1_to_1.3",2000,100,20,20,1.1,1.05680730813899,0.973158453341218,1.14545888870311,0.988962387771292,1.11301786636283,0.9,100
"EpiLPS (MALA)","negbin","Mean -60%",3,3.4,"gradual20_1.1_to_1.3",2000,100,21,21,1.1,1.05282423568941,0.966190704333449,1.14486186199057,0.985758425741337,1.10701532428723,0.91,100
"EpiLPS (MALA)","negbin","Mean -60%",3,3.4,"gradual20_1.1_to_1.3",2000,100,22,22,1.1,1.04982916344843,0.966664446447233,1.13806729910025,0.983324381256103,1.09799062540046,0.88,100
"EpiLPS (MALA)","negbin","Mean -60%",3,3.4,"gradual20_1.1_to_1.3",2000,100,23,23,1.1,1.04775060785494,0.967105176874459,1.13344790353162,0.984597516924546,1.09834914655595,0.82,100
"EpiLPS (MALA)","negbin","Mean -60%",3,3.4,"gradual20_1.1_to_1.3",2000,100,24,24,1.1,1.04573955839602,0.961549405764441,1.13618551629987,0.979925643763973,1.10786867788658,0.85,100
"EpiLPS (MALA)","negbin","Mean -60%",3,3.4,"gradual20_1.1_to_1.3",2000,100,25,25,1.1,1.04384666494106,0.960006945386485,1.13354072434141,0.990356206894984,1.1020490346541,0.84,100
"EpiLPS (MALA)","negbin","Mean -60%",3,3.4,"gradual20_1.1_to_1.3",2000,100,26,26,1.1,1.04176849448802,0.96208739538657,1.12661862556567,0.983768290752006,1.0963563722141,0.8,100
"EpiLPS (MALA)","negbin","Mean -60%",3,3.4,"gradual20_1.1_to_1.3",2000,100,27,27,1.1,1.03952530183236,0.95768391876628,1.12783787918159,0.978315384073706,1.09892074576661,0.78,100
"EpiLPS (MALA)","negbin","Mean -60%",3,3.4,"gradual20_1.1_to_1.3",2000,100,28,28,1.1,1.03763212080313,0.953861811823307,1.12762699430791,0.972571038057984,1.1000676684075,0.76,100
"EpiLPS (MALA)","negbin","Mean -60%",3,3.4,"gradual20_1.1_to_1.3",2000,100,29,29,1.1,1.03574754982831,0.955007166497137,1.11903917499331,0.971492437121434,1.09599464611333,0.66,100
"EpiLPS (MALA)","negbin","Mean -60%",3,3.4,"gradual20_1.1_to_1.3",2000,100,30,30,1.1,1.03374619129855,0.953917866673895,1.11419806398281,0.974343295400974,1.09230595764208,0.67,100
"EpiLPS (MALA)","negbin","Mean -60%",3,3.4,"gradual20_1.1_to_1.3",2000,100,31,31,1.1,1.03241617495123,0.94871633961251,1.11638987196328,0.980581734991052,1.08494557493063,0.75,100
"EpiLPS (MALA)","negbin","Mean -60%",3,3.4,"gradual20_1.1_to_1.3",2000,100,32,32,1.1,1.03113625089704,0.948234352978368,1.11495570308967,0.981590000464584,1.08067513525955,0.67,100
"EpiLPS (MALA)","negbin","Mean -60%",3,3.4,"gradual20_1.1_to_1.3",2000,100,33,33,1.1,1.03056750695203,0.9510680258273,1.11328081964818,0.975942213574009,1.08557669041797,0.64,100
"EpiLPS (MALA)","negbin","Mean -60%",3,3.4,"gradual20_1.1_to_1.3",2000,100,34,34,1.1,1.03084984044981,0.949029965283724,1.11816043914235,0.979028647444855,1.08954046427621,0.69,100
"EpiLPS (MALA)","negbin","Mean -60%",3,3.4,"gradual20_1.1_to_1.3",2000,100,35,35,1.1,1.03188363526071,0.948622807949434,1.12103342201784,0.973129113548482,1.08973718140655,0.74,100
"EpiLPS (MALA)","negbin","Mean -60%",3,3.4,"gradual20_1.1_to_1.3",2000,100,36,36,1.1,1.03353594606035,0.953768487887528,1.1188966263312,0.96813675230423,1.08854394765301,0.67,100
"EpiLPS (MALA)","negbin","Mean -60%",3,3.4,"gradual20_1.1_to_1.3",2000,100,37,37,1.1,1.03602836054483,0.953742253997501,1.12279926019563,0.964813645824631,1.09034119140926,0.73,100
"EpiLPS (MALA)","negbin","Mean -60%",3,3.4,"gradual20_1.1_to_1.3",2000,100,38,38,1.1,1.03825114285606,0.952752346152439,1.12936251762525,0.968225076591837,1.10072213460731,0.76,100
"EpiLPS (MALA)","negbin","Mean -60%",3,3.4,"gradual20_1.1_to_1.3",2000,100,39,39,1.1,1.03994840178115,0.958514354696992,1.12796963697995,0.977494902438034,1.10411973590521,0.78,100
"EpiLPS (MALA)","negbin","Mean -60%",3,3.4,"gradual20_1.1_to_1.3",2000,100,40,40,1.1,1.04099094115685,0.962187357144621,1.12689780916266,0.980112257039367,1.1051761980616,0.73,100
"EpiLPS (MALA)","negbin","Mean -60%",3,3.4,"gradual20_1.1_to_1.3",2000,100,41,41,1.1,1.04183279881363,0.959309421380575,1.13142884588997,0.982578615029449,1.10635259181416,0.76,100
"EpiLPS (MALA)","negbin","Mean -60%",3,3.4,"gradual20_1.1_to_1.3",2000,100,42,42,1.1,1.04212723801715,0.95905924059055,1.13072908679658,0.979142600185539,1.10223173297579,0.81,100
"EpiLPS (MALA)","negbin","Mean -60%",3,3.4,"gradual20_1.1_to_1.3",2000,100,43,43,1.1,1.04155147584464,0.962235706806235,1.12586076828021,0.982284525795601,1.10062221287771,0.78,100
"EpiLPS (MALA)","negbin","Mean -60%",3,3.4,"gradual20_1.1_to_1.3",2000,100,44,44,1.1,1.04064339106441,0.95891954657626,1.12802892996808,0.975379290545659,1.1048173223912,0.76,100
"EpiLPS (MALA)","negbin","Mean -60%",3,3.4,"gradual20_1.1_to_1.3",2000,100,45,45,1.1,1.04014153125625,0.954619378642585,1.12958689850149,0.971583427248953,1.10098591871217,0.79,100
"EpiLPS (MALA)","negbin","Mean -60%",3,3.4,"gradual20_1.1_to_1.3",2000,100,46,46,1.1,1.03978364704078,0.957920216953166,1.1238623192377,0.974897015484853,1.09193422858562,0.77,100
"EpiLPS (MALA)","negbin","Mean -60%",3,3.4,"gradual20_1.1_to_1.3",2000,100,47,47,1.1,1.04002983165768,0.960044815425115,1.12373897121224,0.980839410949309,1.09065298588507,0.8,100
"EpiLPS (MALA)","negbin","Mean -60%",3,3.4,"gradual20_1.1_to_1.3",2000,100,48,48,1.1,1.04041932583381,0.957877671253333,1.12970702639618,0.985017242366388,1.09484567716455,0.83,100
"EpiLPS (MALA)","negbin","Mean -60%",3,3.4,"gradual20_1.1_to_1.3",2000,100,49,49,1.1,1.0420837069511,0.960522667868811,1.13081998667976,0.988222389335565,1.09506236550166,0.85,100
"EpiLPS (MALA)","negbin","Mean -60%",3,3.4,"gradual20_1.1_to_1.3",2000,100,50,50,1.11,1.04484303718878,0.965774337271606,1.12801854001037,0.984001317964281,1.09999216130121,0.73,100
"EpiLPS (MALA)","negbin","Mean -60%",3,3.4,"gradual20_1.1_to_1.3",2000,100,51,51,1.12,1.04762419270363,0.964230362891006,1.13406604344844,0.983775970470766,1.12467268945752,0.68,100
"EpiLPS (MALA)","negbin","Mean -60%",3,3.4,"gradual20_1.1_to_1.3",2000,100,52,52,1.13,1.05040313544483,0.965701482969147,1.14032614691445,0.985192128915873,1.1400224722224,0.6,100
"EpiLPS (MALA)","negbin","Mean -60%",3,3.4,"gradual20_1.1_to_1.3",2000,100,53,53,1.14,1.05288221357617,0.973178755741625,1.13834555071564,0.989611380051724,1.13652030640475,0.44,100
"EpiLPS (MALA)","negbin","Mean -60%",3,3.4,"gradual20_1.1_to_1.3",2000,100,54,54,1.15,1.05550168912854,0.975809281757162,1.14291630720576,1.00030415102432,1.12415761448248,0.4,100
"EpiLPS (MALA)","negbin","Mean -60%",3,3.4,"gradual20_1.1_to_1.3",2000,100,55,55,1.16,1.05830736645603,0.975547596648554,1.15075990334983,1.00394358278013,1.11987531137533,0.34,100
"EpiLPS (MALA)","negbin","Mean -60%",3,3.4,"gradual20_1.1_to_1.3",2000,100,56,56,1.17,1.06136642878178,0.979846285558605,1.15058442831458,1.00439774544506,1.12705094496086,0.23,100
"EpiLPS (MALA)","negbin","Mean -60%",3,3.4,"gradual20_1.1_to_1.3",2000,100,57,57,1.18,1.06465768114808,0.98488537738159,1.14949753540416,1.01364982918465,1.12837353389497,0.18,100
"EpiLPS (MALA)","negbin","Mean -60%",3,3.4,"gradual20_1.1_to_1.3",2000,100,58,58,1.19,1.06780635540007,0.984175841048876,1.1566764591603,1.01050282106716,1.1294673115237,0.18,100
"EpiLPS (MALA)","negbin","Mean -60%",3,3.4,"gradual20_1.1_to_1.3",2000,100,59,59,1.2,1.07081224569325,0.986105855010862,1.16010621090787,1.00586191797813,1.13296308706197,0.15,100
"EpiLPS (MALA)","negbin","Mean -60%",3,3.4,"gradual20_1.1_to_1.3",2000,100,60,60,1.21,1.0735305276383,0.992062479527462,1.15816732768766,1.00631316558826,1.13360092684898,0.09,100
"EpiLPS (MALA)","negbin","Mean -60%",3,3.4,"gradual20_1.1_to_1.3",2000,100,61,61,1.22,1.07621661344907,0.991993171976595,1.16302704888301,1.01000423404896,1.14316495406541,0.06,100
"EpiLPS (MALA)","negbin","Mean -60%",3,3.4,"gradual20_1.1_to_1.3",2000,100,62,62,1.23,1.07870068911132,0.991497746115248,1.16905084998026,1.01236510623043,1.15281384361521,0.06,100
"EpiLPS (MALA)","negbin","Mean -60%",3,3.4,"gradual20_1.1_to_1.3",2000,100,63,63,1.24,1.08100796068615,0.99808082387769,1.16774419557356,1.01133091726314,1.15755939274296,0.04,100
"EpiLPS (MALA)","negbin","Mean -60%",3,3.4,"gradual20_1.1_to_1.3",2000,100,64,64,1.25,1.08342650929821,1.00225200214151,1.16995877874482,1.0149698784423,1.16111465437053,0.03,100
"EpiLPS (MALA)","negbin","Mean -60%",3,3.4,"gradual20_1.1_to_1.3",2000,100,65,65,1.26,1.08614671967524,0.999994943992469,1.17772556038256,1.02223282310717,1.16031651252288,0.03,100
"EpiLPS (MALA)","negbin","Mean -60%",3,3.4,"gradual20_1.1_to_1.3",2000,100,66,66,1.27,1.08848151568004,1.00319094846628,1.17926245894967,1.02668142865034,1.15532280746372,0.01,100
"EpiLPS (MALA)","negbin","Mean -60%",3,3.4,"gradual20_1.1_to_1.3",2000,100,67,67,1.28,1.09079521029535,1.00887175804154,1.17737946787532,1.02871630917665,1.15535003029799,0.01,100
"EpiLPS (MALA)","negbin","Mean -60%",3,3.4,"gradual20_1.1_to_1.3",2000,100,68,68,1.29,1.09350721963289,1.008503599299,1.18330263876339,1.02784431344093,1.16152790825851,0.01,100
"EpiLPS (MALA)","negbin","Mean -60%",3,3.4,"gradual20_1.1_to_1.3",2000,100,69,69,1.3,1.09645089398124,1.00849062852423,1.18758291819167,1.03043157032062,1.16028620018432,0,100
"EpiLPS (MALA)","negbin","Mean -60%",3,3.4,"gradual20_1.1_to_1.3",2000,100,70,70,1.3,1.09937691008074,1.01629177534878,1.18575730379901,1.03744789875336,1.14990426072322,0,100
"EpiLPS (MALA)","negbin","Mean -60%",3,3.4,"gradual20_1.1_to_1.3",2000,100,71,71,1.3,1.10187186066364,1.02004822320624,1.18949925150457,1.04135231678232,1.15970738251631,0,100
"EpiLPS (MALA)","negbin","Mean -60%",3,3.4,"gradual20_1.1_to_1.3",2000,100,72,72,1.3,1.10365038075819,1.01932917660396,1.19698882059696,1.04585570896458,1.16296538516031,0,100
"EpiLPS (MALA)","negbin","Mean -60%",3,3.4,"gradual20_1.1_to_1.3",2000,100,73,73,1.3,1.1052483492497,1.02293206512506,1.19557473057714,1.04267856566654,1.16465774197844,0,100
"EpiLPS (MALA)","negbin","Mean -60%",3,3.4,"gradual20_1.1_to_1.3",2000,100,74,74,1.3,1.10612270888733,1.02572586052882,1.19331210277751,1.03539089197226,1.16402246105249,0,100
"EpiLPS (MALA)","negbin","Mean -60%",3,3.4,"gradual20_1.1_to_1.3",2000,100,75,75,1.3,1.10655068627835,1.02117911815351,1.19878343981109,1.02988153861843,1.17044709660519,0,100
"EpiLPS (MALA)","negbin","Mean -60%",3,3.4,"gradual20_1.1_to_1.3",2000,100,76,76,1.3,1.10623912043273,1.01936272215655,1.19911078509636,1.03923305387914,1.1668582113852,0,100
"EpiLPS (MALA)","negbin","Mean -60%",3,3.4,"gradual20_1.1_to_1.3",2000,100,77,77,1.3,1.1055840938087,1.02267874001343,1.19374769862347,1.03976388170835,1.16629646163466,0,100
"EpiLPS (MALA)","negbin","Mean -60%",3,3.4,"gradual20_1.1_to_1.3",2000,100,78,78,1.3,1.10516590703129,1.02014234352016,1.19457250270613,1.03999843999018,1.15729784395844,0,100
"EpiLPS (MALA)","negbin","Mean -60%",3,3.4,"gradual20_1.1_to_1.3",2000,100,79,79,1.3,1.10491461093342,1.01703878440546,1.19746101526233,1.04146132304787,1.16199897703722,0,100
"EpiLPS (MALA)","negbin","Mean -60%",3,3.4,"gradual20_1.1_to_1.3",2000,100,80,80,1.3,1.10467536872185,1.0213861573831,1.19283180295314,1.04154536360732,1.15111011819088,0,100
"EpiLPS (MALA)","negbin","Mean -60%",3,3.4,"gradual20_1.1_to_1.3",2000,100,81,81,1.3,1.10476772515064,1.02328064415701,1.19165091470618,1.0468293050776,1.15188297043498,0,100
"EpiLPS (MALA)","negbin","Mean -60%",3,3.4,"gradual20_1.1_to_1.3",2000,100,82,82,1.3,1.10532485303778,1.01929552713677,1.19821231238702,1.05017996182349,1.154919242817,0,100
"EpiLPS (MALA)","negbin","Mean -60%",3,3.4,"gradual20_1.1_to_1.3",2000,100,83,83,1.3,1.10613278149676,1.02027530030863,1.19844433554575,1.05345470623919,1.15725344625936,0,100
"EpiLPS (MALA)","negbin","Mean -60%",3,3.4,"gradual20_1.1_to_1.3",2000,100,84,84,1.3,1.10685343199353,1.02422707776212,1.19402219142423,1.05502459706007,1.16171562743448,0,100
"EpiLPS (MALA)","negbin","Mean -60%",3,3.4,"gradual20_1.1_to_1.3",2000,100,85,85,1.3,1.10720922870962,1.02151534244309,1.19750828194332,1.04829983129884,1.16459129433167,0.01,100
"EpiLPS (MALA)","negbin","Mean -60%",3,3.4,"gradual20_1.1_to_1.3",2000,100,86,86,1.3,1.10727797805511,1.02033739944448,1.20016333136735,1.0469135772338,1.1659212651896,0.01,100
"EpiLPS (MALA)","negbin","Mean -60%",3,3.4,"gradual20_1.1_to_1.3",2000,100,87,87,1.3,1.10754946927193,1.02571053272719,1.19533542712599,1.05112411609179,1.17180814513515,0,100
"EpiLPS (MALA)","negbin","Mean -60%",3,3.4,"gradual20_1.1_to_1.3",2000,100,88,88,1.3,1.10754486957552,1.02610186269627,1.19540661072537,1.04779880904219,1.17045725738969,0,100
"EpiLPS (MALA)","negbin","Mean -60%",3,3.4,"gradual20_1.1_to_1.3",2000,100,89,89,1.3,1.10758383577128,1.02155382134809,1.201246188501,1.04717131402649,1.17335178748707,0.01,100
"EpiLPS (MALA)","negbin","Mean -60%",3,3.4,"gradual20_1.1_to_1.3",2000,100,90,90,1.3,1.10742593190382,1.02249012403638,1.19903132495726,1.04737976203469,1.1792952527922,0.01,100
"EpiLPS (MALA)","negbin","Mean -60%",3,3.4,"gradual20_1.1_to_1.3",2000,100,91,91,1.3,1.10709688453468,1.02523179159144,1.19477421783431,1.04194031828209,1.18775371918758,0.02,100
"EpiLPS (MALA)","negbin","Mean -60%",3,3.4,"gradual20_1.1_to_1.3",2000,100,92,92,1.3,1.10661141612372,1.02047757047612,1.19772838458481,1.03856681670714,1.19001585855367,0.03,100
"EpiLPS (MALA)","negbin","Mean -60%",3,3.4,"gradual20_1.1_to_1.3",2000,100,93,93,1.3,1.1056613679183,1.01783775950282,1.19792209776828,1.04344426743959,1.19413871684557,0.03,100
"EpiLPS (MALA)","negbin","Mean -60%",3,3.4,"gradual20_1.1_to_1.3",2000,100,94,94,1.3,1.10426881180018,1.02012068929319,1.19214057816589,1.04268027428676,1.18758304704521,0,100
"EpiLPS (MALA)","negbin","Mean -60%",3,3.4,"gradual20_1.1_to_1.3",2000,100,95,95,1.3,1.10264417826471,1.01696041591741,1.19339303546989,1.04735225767202,1.16753025039671,0,100
"EpiLPS (MALA)","negbin","Mean -60%",3,3.4,"gradual20_1.1_to_1.3",2000,100,96,96,1.3,1.10160196531169,1.01090624405189,1.19814276439572,1.04433113958612,1.16330521178164,0,100
"EpiLPS (MALA)","negbin","Mean -60%",3,3.4,"gradual20_1.1_to_1.3",2000,100,97,97,1.3,1.10077496358881,1.00568233361231,1.2020504353314,1.03228556993415,1.17763523350557,0.01,100
"EpiLPS (MALA)","negbin","Mean -60%",3,3.4,"gradual20_1.1_to_1.3",2000,100,98,98,1.3,1.10004591014881,0.990362087901927,1.22235444768024,1.01952992451315,1.19829799075438,0.08,100
"EpiLPS (MALA)","negbin","Mean -60%",3,3.4,"gradual20_1.1_to_1.3",2000,100,99,99,1.3,1.09946199663111,0.96399781574185,1.25939185444506,0.999867428851914,1.22412796272094,0.22,100
"EpiLPS (MALA)","negbin","Mean -60%",3,3.4,"gradual20_1.1_to_1.3",2000,100,100,100,1.3,1.09913325643061,0.930356639191769,1.30312374364392,0.987694378421948,1.24851433764656,0.55,100
"EpiEstim","poisson","Mean +60%",12,3.4,"gradual20_1.1_to_1.3",2000,100,2,2,1.1,NA,NA,NA,NA,NA,NA,0
"EpiEstim","poisson","Mean +60%",12,3.4,"gradual20_1.1_to_1.3",2000,100,3,3,1.1,NA,NA,NA,NA,NA,NA,0
"EpiEstim","poisson","Mean +60%",12,3.4,"gradual20_1.1_to_1.3",2000,100,4,4,1.1,NA,NA,NA,NA,NA,NA,0
"EpiEstim","poisson","Mean +60%",12,3.4,"gradual20_1.1_to_1.3",2000,100,5,5,1.1,NA,NA,NA,NA,NA,NA,0
"EpiEstim","poisson","Mean +60%",12,3.4,"gradual20_1.1_to_1.3",2000,100,6,6,1.1,NA,NA,NA,NA,NA,NA,0
"EpiEstim","poisson","Mean +60%",12,3.4,"gradual20_1.1_to_1.3",2000,100,7,7,1.1,NA,NA,NA,NA,NA,NA,0
"EpiEstim","poisson","Mean +60%",12,3.4,"gradual20_1.1_to_1.3",2000,100,8,8,1.1,NA,NA,NA,NA,NA,NA,0
"EpiEstim","poisson","Mean +60%",12,3.4,"gradual20_1.1_to_1.3",2000,100,9,9,1.1,NA,NA,NA,NA,NA,NA,0
"EpiEstim","poisson","Mean +60%",12,3.4,"gradual20_1.1_to_1.3",2000,100,10,10,1.1,NA,NA,NA,NA,NA,NA,0
"EpiEstim","poisson","Mean +60%",12,3.4,"gradual20_1.1_to_1.3",2000,100,11,11,1.1,NA,NA,NA,NA,NA,NA,0
"EpiEstim","poisson","Mean +60%",12,3.4,"gradual20_1.1_to_1.3",2000,100,12,12,1.1,NA,NA,NA,NA,NA,NA,0
"EpiEstim","poisson","Mean +60%",12,3.4,"gradual20_1.1_to_1.3",2000,100,13,13,1.1,1.10075932986236,0.984246634784767,1.22613192654992,0.977551805754279,1.2057151348115,0.94,100
"EpiEstim","poisson","Mean +60%",12,3.4,"gradual20_1.1_to_1.3",2000,100,14,14,1.1,1.10633105093963,0.990120324044359,1.23130705893335,0.984135937787443,1.24701028982109,0.91,100
"EpiEstim","poisson","Mean +60%",12,3.4,"gradual20_1.1_to_1.3",2000,100,15,15,1.1,1.12078868683017,1.003579715228,1.24679658388073,1.00624116428074,1.24395511205123,0.94,100
"EpiEstim","poisson","Mean +60%",12,3.4,"gradual20_1.1_to_1.3",2000,100,16,16,1.1,1.13095200369436,1.01287640120686,1.2578742977353,1.0125000229077,1.24685436066053,0.94,100
"EpiEstim","poisson","Mean +60%",12,3.4,"gradual20_1.1_to_1.3",2000,100,17,17,1.1,1.16414806346762,1.04424597224125,1.29290342202025,1.04657225252176,1.27952926113218,0.87,100
"EpiEstim","poisson","Mean +60%",12,3.4,"gradual20_1.1_to_1.3",2000,100,18,18,1.1,1.17331161475239,1.05323027324643,1.30220031265482,1.04311197441458,1.3166886445278,0.8,100
"EpiEstim","poisson","Mean +60%",12,3.4,"gradual20_1.1_to_1.3",2000,100,19,19,1.1,1.16390782562696,1.0448965197622,1.29164042357797,1.01461818529309,1.29950312358538,0.8,100
"EpiEstim","poisson","Mean +60%",12,3.4,"gradual20_1.1_to_1.3",2000,100,20,20,1.1,1.16325047883192,1.0449849449731,1.29012916066671,1.02307173943427,1.29570893004145,0.8,100
"EpiEstim","poisson","Mean +60%",12,3.4,"gradual20_1.1_to_1.3",2000,100,21,21,1.1,1.16409213014366,1.04654066555223,1.29014087032059,1.04402917353572,1.27130213874992,0.78,100
"EpiEstim","poisson","Mean +60%",12,3.4,"gradual20_1.1_to_1.3",2000,100,22,22,1.1,1.16404875140937,1.04727643160198,1.28920299084729,1.04328834074512,1.25413179074371,0.78,100
"EpiEstim","poisson","Mean +60%",12,3.4,"gradual20_1.1_to_1.3",2000,100,23,23,1.1,1.16752929318425,1.05132314164373,1.2920056422913,1.06200650397137,1.28242049501776,0.77,100
"EpiEstim","poisson","Mean +60%",12,3.4,"gradual20_1.1_to_1.3",2000,100,24,24,1.1,1.17273616661448,1.05700762101667,1.29662701700129,1.06434135811617,1.27551616078242,0.79,100
"EpiEstim","poisson","Mean +60%",12,3.4,"gradual20_1.1_to_1.3",2000,100,25,25,1.1,1.16125759142876,1.04683748497835,1.28373531481772,1.03789291454575,1.28972328066028,0.79,100
"EpiEstim","poisson","Mean +60%",12,3.4,"gradual20_1.1_to_1.3",2000,100,26,26,1.1,1.17224304273934,1.05796980681788,1.29447207603954,1.04227610644467,1.29192686898133,0.72,100
"EpiEstim","poisson","Mean +60%",12,3.4,"gradual20_1.1_to_1.3",2000,100,27,27,1.1,1.15865873542179,1.04574809937363,1.27942595771076,1.05669004739261,1.26845529165212,0.8,100
"EpiEstim","poisson","Mean +60%",12,3.4,"gradual20_1.1_to_1.3",2000,100,28,28,1.1,1.16275161687043,1.05030796453794,1.28295487532497,1.06988531633764,1.28702056521894,0.84,100
"EpiEstim","poisson","Mean +60%",12,3.4,"gradual20_1.1_to_1.3",2000,100,29,29,1.1,1.1739023021552,1.06159059879359,1.29387803284425,1.04655442847081,1.27848556428009,0.7,100
"EpiEstim","poisson","Mean +60%",12,3.4,"gradual20_1.1_to_1.3",2000,100,30,30,1.1,1.16942416000995,1.05800447564311,1.28841277885909,1.0595844993488,1.28188122247507,0.76,100
"EpiEstim","poisson","Mean +60%",12,3.4,"gradual20_1.1_to_1.3",2000,100,31,31,1.1,1.17739206029961,1.06625821653525,1.29599974296042,1.07153560166027,1.28606368237746,0.76,100
"EpiEstim","poisson","Mean +60%",12,3.4,"gradual20_1.1_to_1.3",2000,100,32,32,1.1,1.15956995179639,1.04998973668507,1.27652896109545,1.04922029728111,1.28125381631772,0.8,100
"EpiEstim","poisson","Mean +60%",12,3.4,"gradual20_1.1_to_1.3",2000,100,33,33,1.1,1.16977311659263,1.06036617406288,1.28646447304583,1.06997797757091,1.26617534538097,0.78,100
"EpiEstim","poisson","Mean +60%",12,3.4,"gradual20_1.1_to_1.3",2000,100,34,34,1.1,1.16625597939873,1.05770197359723,1.2820011354902,1.06998242624767,1.26166438144463,0.8,100
"EpiEstim","poisson","Mean +60%",12,3.4,"gradual20_1.1_to_1.3",2000,100,35,35,1.1,1.16208259957794,1.05440968128126,1.2768545776643,1.06823609512112,1.26969202166312,0.85,100
"EpiEstim","poisson","Mean +60%",12,3.4,"gradual20_1.1_to_1.3",2000,100,36,36,1.1,1.16638942861539,1.05917802154102,1.28060865703389,1.06616390633196,1.26074388918465,0.78,100
"EpiEstim","poisson","Mean +60%",12,3.4,"gradual20_1.1_to_1.3",2000,100,37,37,1.1,1.15916282605824,1.05296547084505,1.27227736154765,1.05457810797991,1.27500240292233,0.85,100
"EpiEstim","poisson","Mean +60%",12,3.4,"gradual20_1.1_to_1.3",2000,100,38,38,1.1,1.17478884161603,1.06853410953391,1.28787092706911,1.0718849927553,1.26180741919565,0.73,100
"EpiEstim","poisson","Mean +60%",12,3.4,"gradual20_1.1_to_1.3",2000,100,39,39,1.1,1.17497026586818,1.06938624367379,1.28729308837369,1.05877715456556,1.28863550248635,0.72,100
"EpiEstim","poisson","Mean +60%",12,3.4,"gradual20_1.1_to_1.3",2000,100,40,40,1.1,1.16651148953241,1.06196818952233,1.27770683856071,1.06161086020055,1.26051388589715,0.78,100
"EpiEstim","poisson","Mean +60%",12,3.4,"gradual20_1.1_to_1.3",2000,100,41,41,1.1,1.16627713800886,1.06239681028746,1.27672489827013,1.05543424900816,1.2833965605055,0.76,100
"EpiEstim","poisson","Mean +60%",12,3.4,"gradual20_1.1_to_1.3",2000,100,42,42,1.1,1.16619676805902,1.06294879287022,1.2759296957967,1.03810111617971,1.26555940797727,0.76,100
"EpiEstim","poisson","Mean +60%",12,3.4,"gradual20_1.1_to_1.3",2000,100,43,43,1.1,1.162659871427,1.06020571531104,1.27151821592895,1.07594844761358,1.28000462112239,0.79,100
"EpiEstim","poisson","Mean +60%",12,3.4,"gradual20_1.1_to_1.3",2000,100,44,44,1.1,1.17847661883494,1.07593061557998,1.28734697525156,1.08556022218025,1.31475093690837,0.64,100
"EpiEstim","poisson","Mean +60%",12,3.4,"gradual20_1.1_to_1.3",2000,100,45,45,1.1,1.1650876702937,1.06377094674243,1.27264899304807,1.06590508379235,1.27299625764999,0.72,100
"EpiEstim","poisson","Mean +60%",12,3.4,"gradual20_1.1_to_1.3",2000,100,46,46,1.1,1.15978564754986,1.05932367383917,1.26641225339914,1.06779274297885,1.26418847552533,0.77,100
"EpiEstim","poisson","Mean +60%",12,3.4,"gradual20_1.1_to_1.3",2000,100,47,47,1.1,1.16226400402741,1.06234185942174,1.26827089499704,1.05648229865996,1.26508577265866,0.75,100
"EpiEstim","poisson","Mean +60%",12,3.4,"gradual20_1.1_to_1.3",2000,100,48,48,1.1,1.16585182273429,1.06639979155447,1.27130941864365,1.06502800247379,1.26770199244304,0.72,100
"EpiEstim","poisson","Mean +60%",12,3.4,"gradual20_1.1_to_1.3",2000,100,49,49,1.1,1.16303225788181,1.06433498802464,1.26765709756469,1.06814890126616,1.26733108063732,0.78,100
"EpiEstim","poisson","Mean +60%",12,3.4,"gradual20_1.1_to_1.3",2000,100,50,50,1.11,1.17996505629914,1.08114498517945,1.28463610020709,1.0909974799379,1.25796155751665,0.68,100
"EpiEstim","poisson","Mean +60%",12,3.4,"gradual20_1.1_to_1.3",2000,100,51,51,1.12,1.19330842029678,1.09455002825003,1.29784267882467,1.11287799655661,1.31145687083386,0.76,100
"EpiEstim","poisson","Mean +60%",12,3.4,"gradual20_1.1_to_1.3",2000,100,52,52,1.13,1.19656866151463,1.09827304275233,1.30056672032616,1.09369901217605,1.28461886002033,0.72,100
"EpiEstim","poisson","Mean +60%",12,3.4,"gradual20_1.1_to_1.3",2000,100,53,53,1.14,1.20948816712878,1.11125766628668,1.31334949438193,1.11194631382723,1.31393549771622,0.75,100
"EpiEstim","poisson","Mean +60%",12,3.4,"gradual20_1.1_to_1.3",2000,100,54,54,1.15,1.21810150024628,1.12011559460595,1.32164821384818,1.12705586261718,1.33408520434368,0.72,100
"EpiEstim","poisson","Mean +60%",12,3.4,"gradual20_1.1_to_1.3",2000,100,55,55,1.16,1.235010602615,1.13691405067156,1.33859877858185,1.13586362051762,1.33915333075476,0.71,100
"EpiEstim","poisson","Mean +60%",12,3.4,"gradual20_1.1_to_1.3",2000,100,56,56,1.17,1.25768433833723,1.15927781999983,1.36151274957368,1.16686979439412,1.33620411449753,0.6,100
"EpiEstim","poisson","Mean +60%",12,3.4,"gradual20_1.1_to_1.3",2000,100,57,57,1.18,1.27152482589478,1.17321089948284,1.3751886688096,1.1643083089547,1.35141046868418,0.56,100
"EpiEstim","poisson","Mean +60%",12,3.4,"gradual20_1.1_to_1.3",2000,100,58,58,1.19,1.28107661742363,1.18308155568489,1.38434590579014,1.17567441352192,1.39955225435052,0.6,100
"EpiEstim","poisson","Mean +60%",12,3.4,"gradual20_1.1_to_1.3",2000,100,59,59,1.2,1.30173387500314,1.20365136877145,1.40501036893562,1.21580744091668,1.37512118941872,0.49,100
"EpiEstim","poisson","Mean +60%",12,3.4,"gradual20_1.1_to_1.3",2000,100,60,60,1.21,1.31133026867889,1.21366260504298,1.4141069138638,1.21826876533368,1.41015022314917,0.51,100
"EpiEstim","poisson","Mean +60%",12,3.4,"gradual20_1.1_to_1.3",2000,100,61,61,1.22,1.33181547019563,1.2342185158834,1.43443176744992,1.22498486508393,1.43240884679717,0.36,100
"EpiEstim","poisson","Mean +60%",12,3.4,"gradual20_1.1_to_1.3",2000,100,62,62,1.23,1.35880084942382,1.26110177205645,1.4614252129076,1.25501044418085,1.46295641127113,0.3,100
"EpiEstim","poisson","Mean +60%",12,3.4,"gradual20_1.1_to_1.3",2000,100,63,63,1.24,1.37312483577916,1.27586090900807,1.47521590008385,1.28908056802471,1.46830200036529,0.27,100
"EpiEstim","poisson","Mean +60%",12,3.4,"gradual20_1.1_to_1.3",2000,100,64,64,1.25,1.39917798659219,1.30198344374729,1.50109797768255,1.2878502992136,1.48536592752616,0.15,100
"EpiEstim","poisson","Mean +60%",12,3.4,"gradual20_1.1_to_1.3",2000,100,65,65,1.26,1.41226208450982,1.31566369833534,1.51348138045354,1.32628079855084,1.53992516551122,0.1,100
"EpiEstim","poisson","Mean +60%",12,3.4,"gradual20_1.1_to_1.3",2000,100,66,66,1.27,1.43532417267672,1.33902733494386,1.53613518405327,1.33383185440924,1.53827597777012,0.06,100
"EpiEstim","poisson","Mean +60%",12,3.4,"gradual20_1.1_to_1.3",2000,100,67,67,1.28,1.44252462133568,1.34712088720069,1.5423339254133,1.32850132102229,1.52943722554948,0.1,100
"EpiEstim","poisson","Mean +60%",12,3.4,"gradual20_1.1_to_1.3",2000,100,68,68,1.29,1.4627679617272,1.36786345949858,1.56196752527222,1.36052717188725,1.53989296289192,0.09,100
"EpiEstim","poisson","Mean +60%",12,3.4,"gradual20_1.1_to_1.3",2000,100,69,69,1.3,1.48112473596845,1.38684767135063,1.57958418573828,1.38875869047691,1.58223212965511,0.03,100
"EpiEstim","poisson","Mean +60%",12,3.4,"gradual20_1.1_to_1.3",2000,100,70,70,1.3,1.50668905797896,1.41287812249499,1.60456735079563,1.41482527896522,1.6016430895089,0,100
"EpiEstim","poisson","Mean +60%",12,3.4,"gradual20_1.1_to_1.3",2000,100,71,71,1.3,1.50782028559349,1.41531245570908,1.60427821290738,1.4095316124211,1.58067240221871,0.02,100
"EpiEstim","poisson","Mean +60%",12,3.4,"gradual20_1.1_to_1.3",2000,100,72,72,1.3,1.51249938341795,1.42121467143943,1.60761523948374,1.42831090628151,1.60682287841873,0.01,100
"EpiEstim","poisson","Mean +60%",12,3.4,"gradual20_1.1_to_1.3",2000,100,73,73,1.3,1.51876926090656,1.42869813269664,1.61255172139438,1.42368821513047,1.64553366328859,0,100
"EpiEstim","poisson","Mean +60%",12,3.4,"gradual20_1.1_to_1.3",2000,100,74,74,1.3,1.51201490600911,1.42358955890103,1.60403178006586,1.42610608238986,1.60938288273947,0,100
"EpiEstim","poisson","Mean +60%",12,3.4,"gradual20_1.1_to_1.3",2000,100,75,75,1.3,1.5277969758138,1.44035021676969,1.61871613189819,1.44387481225988,1.62216682558624,0,100
"EpiEstim","poisson","Mean +60%",12,3.4,"gradual20_1.1_to_1.3",2000,100,76,76,1.3,1.52711574074785,1.44116749430232,1.61641840801062,1.43845165604812,1.61202997644895,0.01,100
"EpiEstim","poisson","Mean +60%",12,3.4,"gradual20_1.1_to_1.3",2000,100,77,77,1.3,1.5200777609477,1.43579454504205,1.60759910129808,1.45118168131942,1.58759894990546,0,100
"EpiEstim","poisson","Mean +60%",12,3.4,"gradual20_1.1_to_1.3",2000,100,78,78,1.3,1.52426219812418,1.44133131406373,1.61031728520731,1.44801569167118,1.60850987508445,0,100
"EpiEstim","poisson","Mean +60%",12,3.4,"gradual20_1.1_to_1.3",2000,100,79,79,1.3,1.5320524230586,1.45036687257507,1.61675140957015,1.44707294371038,1.61696376020759,0,100
"EpiEstim","poisson","Mean +60%",12,3.4,"gradual20_1.1_to_1.3",2000,100,80,80,1.3,1.5255618303643,1.44548666139924,1.60854345513394,1.46124457550631,1.5911283631302,0,100
"EpiEstim","poisson","Mean +60%",12,3.4,"gradual20_1.1_to_1.3",2000,100,81,81,1.3,1.52512082127389,1.44646067894708,1.60658453676409,1.46129870592774,1.59365111097434,0,100
"EpiEstim","poisson","Mean +60%",12,3.4,"gradual20_1.1_to_1.3",2000,100,82,82,1.3,1.52557252641544,1.44827325690004,1.60557658433542,1.44965169455525,1.60342417768418,0,100
"EpiEstim","poisson","Mean +60%",12,3.4,"gradual20_1.1_to_1.3",2000,100,83,83,1.3,1.52297736832722,1.44709069199137,1.60147395084779,1.44524929292545,1.59153387271605,0,100
"EpiEstim","poisson","Mean +60%",12,3.4,"gradual20_1.1_to_1.3",2000,100,84,84,1.3,1.52512986102202,1.45050859771972,1.60226974049168,1.45106248941172,1.59432514070255,0,100
"EpiEstim","poisson","Mean +60%",12,3.4,"gradual20_1.1_to_1.3",2000,100,85,85,1.3,1.52473339531509,1.45141452539883,1.60048283461089,1.45267360244028,1.59675002390243,0,100
"EpiEstim","poisson","Mean +60%",12,3.4,"gradual20_1.1_to_1.3",2000,100,86,86,1.3,1.52187828568096,1.44990063647263,1.59620141370806,1.46501639926747,1.60670846609135,0,100
"EpiEstim","poisson","Mean +60%",12,3.4,"gradual20_1.1_to_1.3",2000,100,87,87,1.3,1.52664809109035,1.45581355465042,1.5997458064154,1.43629609411221,1.59787140043774,0,100
"EpiEstim","poisson","Mean +60%",12,3.4,"gradual20_1.1_to_1.3",2000,100,88,88,1.3,1.52845158583576,1.45880862185593,1.60027816252187,1.45245122898828,1.58862006461819,0,100
"EpiEstim","poisson","Mean +60%",12,3.4,"gradual20_1.1_to_1.3",2000,100,89,89,1.3,1.52872954331728,1.46030020665569,1.59926565721764,1.45840718115951,1.59702154265664,0,100
"EpiEstim","poisson","Mean +60%",12,3.4,"gradual20_1.1_to_1.3",2000,100,90,90,1.3,1.52336501966145,1.45625179722342,1.59251090815415,1.45708773053312,1.5876554419196,0,100
"EpiEstim","poisson","Mean +60%",12,3.4,"gradual20_1.1_to_1.3",2000,100,91,91,1.3,1.52992548490422,1.4638392994513,1.59797291103217,1.46808063342941,1.59577790096391,0,100
"EpiEstim","poisson","Mean +60%",12,3.4,"gradual20_1.1_to_1.3",2000,100,92,92,1.3,1.52433963957599,1.45952571143014,1.59104597868301,1.47271709677796,1.58795066718936,0,100
"EpiEstim","poisson","Mean +60%",12,3.4,"gradual20_1.1_to_1.3",2000,100,93,93,1.3,1.52617915616992,1.46245918458333,1.59172516169625,1.45577185467374,1.58634039257193,0,100
"EpiEstim","poisson","Mean +60%",12,3.4,"gradual20_1.1_to_1.3",2000,100,94,94,1.3,1.53400020930679,1.4712298213664,1.59853253940158,1.45960125241154,1.60288544586089,0,100
"EpiEstim","poisson","Mean +60%",12,3.4,"gradual20_1.1_to_1.3",2000,100,95,95,1.3,1.52764507878416,1.46610168440081,1.59088847153065,1.47615396579421,1.59754857081138,0,100
"EpiEstim","poisson","Mean +60%",12,3.4,"gradual20_1.1_to_1.3",2000,100,96,96,1.3,1.52481150896216,1.46440126468131,1.58686187667731,1.46350744018231,1.58463950888018,0,100
"EpiEstim","poisson","Mean +60%",12,3.4,"gradual20_1.1_to_1.3",2000,100,97,97,1.3,1.5335345581892,1.47401837182144,1.59463302620501,1.46619119062292,1.59196066520497,0,100
"EpiEstim","poisson","Mean +60%",12,3.4,"gradual20_1.1_to_1.3",2000,100,98,98,1.3,1.52706057651436,1.46871402070661,1.58693357910883,1.4639982367404,1.59798803159762,0,100
"EpiEstim","poisson","Mean +60%",12,3.4,"gradual20_1.1_to_1.3",2000,100,99,99,1.3,1.53213261132492,1.47471311161825,1.59102467944584,1.48116557640384,1.58976417761206,0,100
"EpiEstim","poisson","Mean +60%",12,3.4,"gradual20_1.1_to_1.3",2000,100,100,100,1.3,1.52880275468625,1.47245513578692,1.58657094259936,1.47407627760091,1.58390102685726,0,100
"EpiFilter (smoother)","poisson","Mean +60%",12,3.4,"gradual20_1.1_to_1.3",2000,100,2,2,1.1,NA,NA,NA,NA,NA,NA,0
"EpiFilter (smoother)","poisson","Mean +60%",12,3.4,"gradual20_1.1_to_1.3",2000,100,3,3,1.1,NA,NA,NA,NA,NA,NA,0
"EpiFilter (smoother)","poisson","Mean +60%",12,3.4,"gradual20_1.1_to_1.3",2000,100,4,4,1.1,NA,NA,NA,NA,NA,NA,0
"EpiFilter (smoother)","poisson","Mean +60%",12,3.4,"gradual20_1.1_to_1.3",2000,100,5,5,1.1,NA,NA,NA,NA,NA,NA,0
"EpiFilter (smoother)","poisson","Mean +60%",12,3.4,"gradual20_1.1_to_1.3",2000,100,6,6,1.1,NA,NA,NA,NA,NA,NA,0
"EpiFilter (smoother)","poisson","Mean +60%",12,3.4,"gradual20_1.1_to_1.3",2000,100,7,7,1.1,NA,NA,NA,NA,NA,NA,0
"EpiFilter (smoother)","poisson","Mean +60%",12,3.4,"gradual20_1.1_to_1.3",2000,100,8,8,1.1,1.8957,1.5901,2.244,1.75,2.08525,0,100
"EpiFilter (smoother)","poisson","Mean +60%",12,3.4,"gradual20_1.1_to_1.3",2000,100,9,9,1.1,1.8895,1.7119,2.0795,1.74475,2.07525,0,100
"EpiFilter (smoother)","poisson","Mean +60%",12,3.4,"gradual20_1.1_to_1.3",2000,100,10,10,1.1,1.5505,1.4212,1.6873,1.46,1.6605,0,100
"EpiFilter (smoother)","poisson","Mean +60%",12,3.4,"gradual20_1.1_to_1.3",2000,100,11,11,1.1,1.2977,1.1901,1.4127,1.21475,1.39,0.03,100
"EpiFilter (smoother)","poisson","Mean +60%",12,3.4,"gradual20_1.1_to_1.3",2000,100,12,12,1.1,1.1658,1.0672,1.27,1.0695,1.25,0.79,100
"EpiFilter (smoother)","poisson","Mean +60%",12,3.4,"gradual20_1.1_to_1.3",2000,100,13,13,1.1,1.116,1.0209,1.2168,1.02475,1.2,0.98,100
"EpiFilter (smoother)","poisson","Mean +60%",12,3.4,"gradual20_1.1_to_1.3",2000,100,14,14,1.1,1.1107,1.0164,1.2109,1.02,1.21525,0.96,100
"EpiFilter (smoother)","poisson","Mean +60%",12,3.4,"gradual20_1.1_to_1.3",2000,100,15,15,1.1,1.1212,1.0261,1.2222,1.03475,1.22,0.94,100
"EpiFilter (smoother)","poisson","Mean +60%",12,3.4,"gradual20_1.1_to_1.3",2000,100,16,16,1.1,1.1342,1.0391,1.2359,1.04,1.21,0.95,100
"EpiFilter (smoother)","poisson","Mean +60%",12,3.4,"gradual20_1.1_to_1.3",2000,100,17,17,1.1,1.1579,1.0617,1.2605,1.08,1.25,0.88,100
"EpiFilter (smoother)","poisson","Mean +60%",12,3.4,"gradual20_1.1_to_1.3",2000,100,18,18,1.1,1.168,1.071,1.2714,1.08475,1.27525,0.8,100
"EpiFilter (smoother)","poisson","Mean +60%",12,3.4,"gradual20_1.1_to_1.3",2000,100,19,19,1.1,1.1638,1.0677,1.2659,1.06,1.25525,0.8,100
"EpiFilter (smoother)","poisson","Mean +60%",12,3.4,"gradual20_1.1_to_1.3",2000,100,20,20,1.1,1.1632,1.0664,1.2646,1.07425,1.27,0.81,100
"EpiFilter (smoother)","poisson","Mean +60%",12,3.4,"gradual20_1.1_to_1.3",2000,100,21,21,1.1,1.1634,1.0678,1.2647,1.08,1.24,0.79,100
"EpiFilter (smoother)","poisson","Mean +60%",12,3.4,"gradual20_1.1_to_1.3",2000,100,22,22,1.1,1.1639,1.0684,1.2646,1.08,1.23,0.8,100
"EpiFilter (smoother)","poisson","Mean +60%",12,3.4,"gradual20_1.1_to_1.3",2000,100,23,23,1.1,1.1665,1.0723,1.2671,1.1,1.24525,0.77,100
"EpiFilter (smoother)","poisson","Mean +60%",12,3.4,"gradual20_1.1_to_1.3",2000,100,24,24,1.1,1.1688,1.0749,1.2701,1.08,1.24525,0.77,100
"EpiFilter (smoother)","poisson","Mean +60%",12,3.4,"gradual20_1.1_to_1.3",2000,100,25,25,1.1,1.1635,1.0702,1.2627,1.08,1.24525,0.74,100
"EpiFilter (smoother)","poisson","Mean +60%",12,3.4,"gradual20_1.1_to_1.3",2000,100,26,26,1.1,1.1675,1.0744,1.2668,1.08475,1.25,0.75,100
"EpiFilter (smoother)","poisson","Mean +60%",12,3.4,"gradual20_1.1_to_1.3",2000,100,27,27,1.1,1.1606,1.0687,1.2589,1.08,1.23525,0.82,100
"EpiFilter (smoother)","poisson","Mean +60%",12,3.4,"gradual20_1.1_to_1.3",2000,100,28,28,1.1,1.164,1.0706,1.2612,1.1,1.25525,0.83,100
"EpiFilter (smoother)","poisson","Mean +60%",12,3.4,"gradual20_1.1_to_1.3",2000,100,29,29,1.1,1.1704,1.0781,1.2687,1.09475,1.25,0.71,100
"EpiFilter (smoother)","poisson","Mean +60%",12,3.4,"gradual20_1.1_to_1.3",2000,100,30,30,1.1,1.1697,1.0777,1.2671,1.09475,1.24525,0.73,100
"EpiFilter (smoother)","poisson","Mean +60%",12,3.4,"gradual20_1.1_to_1.3",2000,100,31,31,1.1,1.1729,1.0818,1.2695,1.0895,1.25,0.76,100
"EpiFilter (smoother)","poisson","Mean +60%",12,3.4,"gradual20_1.1_to_1.3",2000,100,32,32,1.1,1.1625,1.0722,1.2592,1.09,1.25525,0.8,100
"EpiFilter (smoother)","poisson","Mean +60%",12,3.4,"gradual20_1.1_to_1.3",2000,100,33,33,1.1,1.1671,1.0768,1.263,1.09,1.23525,0.78,100
"EpiFilter (smoother)","poisson","Mean +60%",12,3.4,"gradual20_1.1_to_1.3",2000,100,34,34,1.1,1.1647,1.0752,1.2608,1.09,1.23525,0.81,100
"EpiFilter (smoother)","poisson","Mean +60%",12,3.4,"gradual20_1.1_to_1.3",2000,100,35,35,1.1,1.1626,1.073,1.2571,1.09475,1.23525,0.78,100
"EpiFilter (smoother)","poisson","Mean +60%",12,3.4,"gradual20_1.1_to_1.3",2000,100,36,36,1.1,1.1643,1.0748,1.2586,1.08,1.23525,0.8,100
"EpiFilter (smoother)","poisson","Mean +60%",12,3.4,"gradual20_1.1_to_1.3",2000,100,37,37,1.1,1.1614,1.074,1.2553,1.07475,1.24525,0.81,100
"EpiFilter (smoother)","poisson","Mean +60%",12,3.4,"gradual20_1.1_to_1.3",2000,100,38,38,1.1,1.1717,1.0828,1.2655,1.1,1.24,0.64,100
"EpiFilter (smoother)","poisson","Mean +60%",12,3.4,"gradual20_1.1_to_1.3",2000,100,39,39,1.1,1.1722,1.0841,1.2656,1.07,1.25525,0.72,100
"EpiFilter (smoother)","poisson","Mean +60%",12,3.4,"gradual20_1.1_to_1.3",2000,100,40,40,1.1,1.167,1.0789,1.2599,1.1,1.25,0.77,100
"EpiFilter (smoother)","poisson","Mean +60%",12,3.4,"gradual20_1.1_to_1.3",2000,100,41,41,1.1,1.1659,1.0788,1.2578,1.08,1.25,0.73,100
"EpiFilter (smoother)","poisson","Mean +60%",12,3.4,"gradual20_1.1_to_1.3",2000,100,42,42,1.1,1.1658,1.0784,1.2571,1.08,1.24525,0.77,100
"EpiFilter (smoother)","poisson","Mean +60%",12,3.4,"gradual20_1.1_to_1.3",2000,100,43,43,1.1,1.1644,1.0782,1.2554,1.09,1.2505,0.75,100
"EpiFilter (smoother)","poisson","Mean +60%",12,3.4,"gradual20_1.1_to_1.3",2000,100,44,44,1.1,1.1732,1.087,1.2645,1.09475,1.26,0.66,100
"EpiFilter (smoother)","poisson","Mean +60%",12,3.4,"gradual20_1.1_to_1.3",2000,100,45,45,1.1,1.1654,1.0798,1.2561,1.09475,1.24,0.7,100
"EpiFilter (smoother)","poisson","Mean +60%",12,3.4,"gradual20_1.1_to_1.3",2000,100,46,46,1.1,1.1602,1.075,1.2498,1.09,1.24525,0.8,100
"EpiFilter (smoother)","poisson","Mean +60%",12,3.4,"gradual20_1.1_to_1.3",2000,100,47,47,1.1,1.1618,1.0774,1.251,1.09,1.24,0.78,100
"EpiFilter (smoother)","poisson","Mean +60%",12,3.4,"gradual20_1.1_to_1.3",2000,100,48,48,1.1,1.1642,1.0802,1.2537,1.09,1.24,0.72,100
"EpiFilter (smoother)","poisson","Mean +60%",12,3.4,"gradual20_1.1_to_1.3",2000,100,49,49,1.1,1.1653,1.0814,1.2537,1.0995,1.24525,0.77,100
"EpiFilter (smoother)","poisson","Mean +60%",12,3.4,"gradual20_1.1_to_1.3",2000,100,50,50,1.11,1.1794,1.095,1.2673,1.11,1.23,0.67,100
"EpiFilter (smoother)","poisson","Mean +60%",12,3.4,"gradual20_1.1_to_1.3",2000,100,51,51,1.12,1.1914,1.1073,1.2796,1.13,1.28,0.74,100
"EpiFilter (smoother)","poisson","Mean +60%",12,3.4,"gradual20_1.1_to_1.3",2000,100,52,52,1.13,1.1967,1.1135,1.2853,1.12,1.26,0.73,100
"EpiFilter (smoother)","poisson","Mean +60%",12,3.4,"gradual20_1.1_to_1.3",2000,100,53,53,1.14,1.2084,1.1249,1.2972,1.14,1.29,0.76,100
"EpiFilter (smoother)","poisson","Mean +60%",12,3.4,"gradual20_1.1_to_1.3",2000,100,54,54,1.15,1.219,1.1349,1.3068,1.15,1.30525,0.72,100
"EpiFilter (smoother)","poisson","Mean +60%",12,3.4,"gradual20_1.1_to_1.3",2000,100,55,55,1.16,1.2352,1.1514,1.3235,1.16475,1.31,0.64,100
"EpiFilter (smoother)","poisson","Mean +60%",12,3.4,"gradual20_1.1_to_1.3",2000,100,56,56,1.17,1.2554,1.1715,1.3439,1.18,1.32,0.55,100
"EpiFilter (smoother)","poisson","Mean +60%",12,3.4,"gradual20_1.1_to_1.3",2000,100,57,57,1.18,1.27,1.1861,1.3584,1.19475,1.33525,0.45,100
"EpiFilter (smoother)","poisson","Mean +60%",12,3.4,"gradual20_1.1_to_1.3",2000,100,58,58,1.19,1.2817,1.1978,1.3704,1.2,1.38,0.53,100
"EpiFilter (smoother)","poisson","Mean +60%",12,3.4,"gradual20_1.1_to_1.3",2000,100,59,59,1.2,1.2993,1.2155,1.3885,1.24,1.37525,0.39,100
"EpiFilter (smoother)","poisson","Mean +60%",12,3.4,"gradual20_1.1_to_1.3",2000,100,60,60,1.21,1.312,1.228,1.4004,1.24,1.38,0.39,100
"EpiFilter (smoother)","poisson","Mean +60%",12,3.4,"gradual20_1.1_to_1.3",2000,100,61,61,1.22,1.3321,1.2481,1.4203,1.25,1.4105,0.27,100
"EpiFilter (smoother)","poisson","Mean +60%",12,3.4,"gradual20_1.1_to_1.3",2000,100,62,62,1.23,1.3568,1.272,1.4453,1.28,1.44,0.2,100
"EpiFilter (smoother)","poisson","Mean +60%",12,3.4,"gradual20_1.1_to_1.3",2000,100,63,63,1.24,1.3744,1.2891,1.462,1.30475,1.45,0.16,100
"EpiFilter (smoother)","poisson","Mean +60%",12,3.4,"gradual20_1.1_to_1.3",2000,100,64,64,1.25,1.3975,1.3126,1.4852,1.30475,1.46525,0.08,100
"EpiFilter (smoother)","poisson","Mean +60%",12,3.4,"gradual20_1.1_to_1.3",2000,100,65,65,1.26,1.4127,1.328,1.5006,1.34475,1.5205,0.05,100
"EpiFilter (smoother)","poisson","Mean +60%",12,3.4,"gradual20_1.1_to_1.3",2000,100,66,66,1.27,1.4332,1.3484,1.5207,1.35,1.51525,0.04,100
"EpiFilter (smoother)","poisson","Mean +60%",12,3.4,"gradual20_1.1_to_1.3",2000,100,67,67,1.28,1.4436,1.3601,1.5311,1.34475,1.51,0.06,100
"EpiFilter (smoother)","poisson","Mean +60%",12,3.4,"gradual20_1.1_to_1.3",2000,100,68,68,1.29,1.4621,1.3791,1.5494,1.39,1.53,0.02,100
"EpiFilter (smoother)","poisson","Mean +60%",12,3.4,"gradual20_1.1_to_1.3",2000,100,69,69,1.3,1.4812,1.3983,1.5678,1.4,1.56,0.01,100
"EpiFilter (smoother)","poisson","Mean +60%",12,3.4,"gradual20_1.1_to_1.3",2000,100,70,70,1.3,1.5034,1.4203,1.5901,1.43,1.5805,0,100
"EpiFilter (smoother)","poisson","Mean +60%",12,3.4,"gradual20_1.1_to_1.3",2000,100,71,71,1.3,1.5077,1.4255,1.5926,1.42,1.57525,0,100
"EpiFilter (smoother)","poisson","Mean +60%",12,3.4,"gradual20_1.1_to_1.3",2000,100,72,72,1.3,1.5119,1.431,1.5963,1.44475,1.59,0,100
"EpiFilter (smoother)","poisson","Mean +60%",12,3.4,"gradual20_1.1_to_1.3",2000,100,73,73,1.3,1.5169,1.4364,1.6003,1.44475,1.61525,0,100
"EpiFilter (smoother)","poisson","Mean +60%",12,3.4,"gradual20_1.1_to_1.3",2000,100,74,74,1.3,1.5139,1.435,1.596,1.44475,1.59,0,100
"EpiFilter (smoother)","poisson","Mean +60%",12,3.4,"gradual20_1.1_to_1.3",2000,100,75,75,1.3,1.5257,1.4474,1.6071,1.45475,1.60525,0,100
"EpiFilter (smoother)","poisson","Mean +60%",12,3.4,"gradual20_1.1_to_1.3",2000,100,76,76,1.3,1.526,1.4489,1.6058,1.44475,1.6,0,100
"EpiFilter (smoother)","poisson","Mean +60%",12,3.4,"gradual20_1.1_to_1.3",2000,100,77,77,1.3,1.5207,1.4448,1.5993,1.46475,1.57,0,100
"EpiFilter (smoother)","poisson","Mean +60%",12,3.4,"gradual20_1.1_to_1.3",2000,100,78,78,1.3,1.5241,1.4496,1.6013,1.46,1.6,0,100
"EpiFilter (smoother)","poisson","Mean +60%",12,3.4,"gradual20_1.1_to_1.3",2000,100,79,79,1.3,1.5303,1.4557,1.6066,1.46,1.6,0,100
"EpiFilter (smoother)","poisson","Mean +60%",12,3.4,"gradual20_1.1_to_1.3",2000,100,80,80,1.3,1.5252,1.4526,1.6011,1.47,1.58,0,100
"EpiFilter (smoother)","poisson","Mean +60%",12,3.4,"gradual20_1.1_to_1.3",2000,100,81,81,1.3,1.5253,1.4533,1.5985,1.47,1.58,0,100
"EpiFilter (smoother)","poisson","Mean +60%",12,3.4,"gradual20_1.1_to_1.3",2000,100,82,82,1.3,1.5249,1.4542,1.5983,1.46,1.59,0,100
"EpiFilter (smoother)","poisson","Mean +60%",12,3.4,"gradual20_1.1_to_1.3",2000,100,83,83,1.3,1.5231,1.4533,1.5948,1.46,1.58525,0,100
"EpiFilter (smoother)","poisson","Mean +60%",12,3.4,"gradual20_1.1_to_1.3",2000,100,84,84,1.3,1.5249,1.4559,1.5956,1.46,1.58,0,100
"EpiFilter (smoother)","poisson","Mean +60%",12,3.4,"gradual20_1.1_to_1.3",2000,100,85,85,1.3,1.5243,1.4568,1.5936,1.46475,1.58525,0,100
"EpiFilter (smoother)","poisson","Mean +60%",12,3.4,"gradual20_1.1_to_1.3",2000,100,86,86,1.3,1.5223,1.4555,1.5906,1.47,1.59525,0,100
"EpiFilter (smoother)","poisson","Mean +60%",12,3.4,"gradual20_1.1_to_1.3",2000,100,87,87,1.3,1.5265,1.4607,1.5944,1.45,1.59,0,100
"EpiFilter (smoother)","poisson","Mean +60%",12,3.4,"gradual20_1.1_to_1.3",2000,100,88,88,1.3,1.528,1.4631,1.5945,1.46,1.58525,0,100
"EpiFilter (smoother)","poisson","Mean +60%",12,3.4,"gradual20_1.1_to_1.3",2000,100,89,89,1.3,1.5281,1.4642,1.5939,1.46475,1.59,0,100
"EpiFilter (smoother)","poisson","Mean +60%",12,3.4,"gradual20_1.1_to_1.3",2000,100,90,90,1.3,1.5235,1.4614,1.5882,1.47,1.58,0,100
"EpiFilter (smoother)","poisson","Mean +60%",12,3.4,"gradual20_1.1_to_1.3",2000,100,91,91,1.3,1.5287,1.4675,1.5925,1.47475,1.58525,0,100
"EpiFilter (smoother)","poisson","Mean +60%",12,3.4,"gradual20_1.1_to_1.3",2000,100,92,92,1.3,1.5244,1.4638,1.5865,1.48,1.58,0,100
"EpiFilter (smoother)","poisson","Mean +60%",12,3.4,"gradual20_1.1_to_1.3",2000,100,93,93,1.3,1.5261,1.4669,1.5879,1.47,1.58,0,100
"EpiFilter (smoother)","poisson","Mean +60%",12,3.4,"gradual20_1.1_to_1.3",2000,100,94,94,1.3,1.5332,1.4745,1.5936,1.47,1.59525,0,100
"EpiFilter (smoother)","poisson","Mean +60%",12,3.4,"gradual20_1.1_to_1.3",2000,100,95,95,1.3,1.5275,1.4703,1.5865,1.48,1.59,0,100
"EpiFilter (smoother)","poisson","Mean +60%",12,3.4,"gradual20_1.1_to_1.3",2000,100,96,96,1.3,1.5252,1.4683,1.5833,1.47,1.57525,0,100
"EpiFilter (smoother)","poisson","Mean +60%",12,3.4,"gradual20_1.1_to_1.3",2000,100,97,97,1.3,1.5323,1.4762,1.5902,1.47,1.58525,0,100
"EpiFilter (smoother)","poisson","Mean +60%",12,3.4,"gradual20_1.1_to_1.3",2000,100,98,98,1.3,1.5271,1.4724,1.5837,1.47,1.59,0,100
"EpiFilter (smoother)","poisson","Mean +60%",12,3.4,"gradual20_1.1_to_1.3",2000,100,99,99,1.3,1.5317,1.4773,1.5873,1.48475,1.58525,0,100
"EpiFilter (smoother)","poisson","Mean +60%",12,3.4,"gradual20_1.1_to_1.3",2000,100,100,100,1.3,1.5283,1.4747,1.5851,1.48,1.58,0,100
"EpiLPS (MAP)","negbin","Mean +60%",12,3.4,"gradual20_1.1_to_1.3",2000,100,2,2,1.1,NA,NA,NA,NA,NA,NA,0
"EpiLPS (MAP)","negbin","Mean +60%",12,3.4,"gradual20_1.1_to_1.3",2000,100,3,3,1.1,NA,NA,NA,NA,NA,NA,0
"EpiLPS (MAP)","negbin","Mean +60%",12,3.4,"gradual20_1.1_to_1.3",2000,100,4,4,1.1,NA,NA,NA,NA,NA,NA,0
"EpiLPS (MAP)","negbin","Mean +60%",12,3.4,"gradual20_1.1_to_1.3",2000,100,5,5,1.1,NA,NA,NA,NA,NA,NA,0
"EpiLPS (MAP)","negbin","Mean +60%",12,3.4,"gradual20_1.1_to_1.3",2000,100,6,6,1.1,NA,NA,NA,NA,NA,NA,0
"EpiLPS (MAP)","negbin","Mean +60%",12,3.4,"gradual20_1.1_to_1.3",2000,100,7,7,1.1,NA,NA,NA,NA,NA,NA,0
"EpiLPS (MAP)","negbin","Mean +60%",12,3.4,"gradual20_1.1_to_1.3",2000,100,8,8,1.1,305.690993236152,231.566061062473,404.330440036177,242.602377617014,374.736745158696,0,100
"EpiLPS (MAP)","negbin","Mean +60%",12,3.4,"gradual20_1.1_to_1.3",2000,100,9,9,1.1,470869836.388591,426818081.000462,519587900.003875,444901546.275742,503688107.22904,0,100
"EpiLPS (MAP)","negbin","Mean +60%",12,3.4,"gradual20_1.1_to_1.3",2000,100,10,10,1.1,366545.896441524,306638.29294609,438496.152685261,329253.533656282,417518.067233689,0,100
"EpiLPS (MAP)","negbin","Mean +60%",12,3.4,"gradual20_1.1_to_1.3",2000,100,11,11,1.1,7806.10128130032,6148.00501139463,9925.25333586412,6687.13296568953,9397.40443203443,0,100
"EpiLPS (MAP)","negbin","Mean +60%",12,3.4,"gradual20_1.1_to_1.3",2000,100,12,12,1.1,661.68833329691,502.510460992697,872.921066218265,549.503017568859,832.878479754137,0,100
"EpiLPS (MAP)","negbin","Mean +60%",12,3.4,"gradual20_1.1_to_1.3",2000,100,13,13,1.1,120.299363723472,89.7852433222272,161.526939578192,99.0609717910664,156.460047398463,0,100
"EpiLPS (MAP)","negbin","Mean +60%",12,3.4,"gradual20_1.1_to_1.3",2000,100,14,14,1.1,35.267004195524,26.165480498254,47.6398197861712,28.809012272652,46.0961524964141,0,100
"EpiLPS (MAP)","negbin","Mean +60%",12,3.4,"gradual20_1.1_to_1.3",2000,100,15,15,1.1,14.2771577823544,10.6240877649021,19.227989181133,11.4569808624985,18.44588024545,0,100
"EpiLPS (MAP)","negbin","Mean +60%",12,3.4,"gradual20_1.1_to_1.3",2000,100,16,16,1.1,7.27040544289113,5.46748400619877,9.68740658110043,5.69809070826325,9.20925551966347,0,100
"EpiLPS (MAP)","negbin","Mean +60%",12,3.4,"gradual20_1.1_to_1.3",2000,100,17,17,1.1,4.38422937387355,3.34002464844671,5.76550336270178,3.39335585948024,5.60679299849751,0,100
"EpiLPS (MAP)","negbin","Mean +60%",12,3.4,"gradual20_1.1_to_1.3",2000,100,18,18,1.1,3.00316759867139,2.31760539909678,3.89801973117267,2.34204160549401,3.82130491254638,0,100
"EpiLPS (MAP)","negbin","Mean +60%",12,3.4,"gradual20_1.1_to_1.3",2000,100,19,19,1.1,2.2674642462452,1.77502346260748,2.90083733987517,1.78725355019819,2.88169732082001,0,100
"EpiLPS (MAP)","negbin","Mean +60%",12,3.4,"gradual20_1.1_to_1.3",2000,100,20,20,1.1,1.84480960858704,1.46345427851117,2.32863840144641,1.43249788119554,2.32764927559668,0.02,100
"EpiLPS (MAP)","negbin","Mean +60%",12,3.4,"gradual20_1.1_to_1.3",2000,100,21,21,1.1,1.58939513014292,1.27261291377103,1.98745089770143,1.21694955716903,1.98039309478372,0.11,100
"EpiLPS (MAP)","negbin","Mean +60%",12,3.4,"gradual20_1.1_to_1.3",2000,100,22,22,1.1,1.43027562952094,1.15414786050731,1.77446107529622,1.10618015356517,1.76350576610623,0.36,100
"EpiLPS (MAP)","negbin","Mean +60%",12,3.4,"gradual20_1.1_to_1.3",2000,100,23,23,1.1,1.32972344557911,1.08112093619158,1.63719123409944,1.03654827405761,1.60022327379509,0.55,100
"EpiLPS (MAP)","negbin","Mean +60%",12,3.4,"gradual20_1.1_to_1.3",2000,100,24,24,1.1,1.26602636936206,1.03328042664142,1.55272799173157,1.0025046682349,1.51775351979338,0.69,100
"EpiLPS (MAP)","negbin","Mean +60%",12,3.4,"gradual20_1.1_to_1.3",2000,100,25,25,1.1,1.22586980196415,1.00192226603056,1.5013100811882,0.971390673196819,1.45007079625726,0.84,100
"EpiLPS (MAP)","negbin","Mean +60%",12,3.4,"gradual20_1.1_to_1.3",2000,100,26,26,1.1,1.20070097372666,0.984335464846767,1.46598114698781,0.964278720742938,1.41470150205455,0.89,100
"EpiLPS (MAP)","negbin","Mean +60%",12,3.4,"gradual20_1.1_to_1.3",2000,100,27,27,1.1,1.18505082790285,0.973308369280746,1.44416979144171,0.957247908763979,1.41357882994482,0.88,100
"EpiLPS (MAP)","negbin","Mean +60%",12,3.4,"gradual20_1.1_to_1.3",2000,100,28,28,1.1,1.17527204690672,0.96458678053075,1.43328871681196,0.945445836674208,1.41009327019831,0.89,100
"EpiLPS (MAP)","negbin","Mean +60%",12,3.4,"gradual20_1.1_to_1.3",2000,100,29,29,1.1,1.1688526844621,0.960042367573325,1.42438757603685,0.936170971552869,1.44440944309116,0.89,100
"EpiLPS (MAP)","negbin","Mean +60%",12,3.4,"gradual20_1.1_to_1.3",2000,100,30,30,1.1,1.16417988135956,0.958055043995095,1.4159473289091,0.946357847665337,1.45287170196231,0.89,100
"EpiLPS (MAP)","negbin","Mean +60%",12,3.4,"gradual20_1.1_to_1.3",2000,100,31,31,1.1,1.16031389765946,0.954364381066437,1.41201920053084,0.96200082607178,1.43468243002655,0.89,100
"EpiLPS (MAP)","negbin","Mean +60%",12,3.4,"gradual20_1.1_to_1.3",2000,100,32,32,1.1,1.15671668318877,0.950613705445048,1.40883793710769,0.969134902438776,1.42103892555084,0.9,100
"EpiLPS (MAP)","negbin","Mean +60%",12,3.4,"gradual20_1.1_to_1.3",2000,100,33,33,1.1,1.15325174096042,0.949325518750608,1.40230546655249,0.973388436798559,1.41130037942865,0.94,100
"EpiLPS (MAP)","negbin","Mean +60%",12,3.4,"gradual20_1.1_to_1.3",2000,100,34,34,1.1,1.15028206154817,0.947093456922419,1.39838667632784,0.962786779763901,1.39505125239125,0.92,100
"EpiLPS (MAP)","negbin","Mean +60%",12,3.4,"gradual20_1.1_to_1.3",2000,100,35,35,1.1,1.14833041398022,0.94399744727057,1.39823802334069,0.95384324790227,1.39172945644474,0.93,100
"EpiLPS (MAP)","negbin","Mean +60%",12,3.4,"gradual20_1.1_to_1.3",2000,100,36,36,1.1,1.14791525646039,0.944399539348759,1.39662628811061,0.942726165012916,1.38587120613012,0.93,100
"EpiLPS (MAP)","negbin","Mean +60%",12,3.4,"gradual20_1.1_to_1.3",2000,100,37,37,1.1,1.1491398264486,0.946634928768116,1.39628888110716,0.957714096543714,1.3788423110429,0.93,100
"EpiLPS (MAP)","negbin","Mean +60%",12,3.4,"gradual20_1.1_to_1.3",2000,100,38,38,1.1,1.15184154484898,0.947802314926477,1.40114527758902,0.947376031184815,1.38417553321966,0.92,100
"EpiLPS (MAP)","negbin","Mean +60%",12,3.4,"gradual20_1.1_to_1.3",2000,100,39,39,1.1,1.15579690260437,0.950680060381253,1.40651805785334,0.931745838438111,1.38818007043419,0.92,100
"EpiLPS (MAP)","negbin","Mean +60%",12,3.4,"gradual20_1.1_to_1.3",2000,100,40,40,1.1,1.16059710680962,0.956319052350119,1.40984378613321,0.92485718450813,1.40485717957129,0.91,100
"EpiLPS (MAP)","negbin","Mean +60%",12,3.4,"gradual20_1.1_to_1.3",2000,100,41,41,1.1,1.1657163422384,0.960351930298485,1.41633754099948,0.926330652163456,1.41166936320984,0.88,100
"EpiLPS (MAP)","negbin","Mean +60%",12,3.4,"gradual20_1.1_to_1.3",2000,100,42,42,1.1,1.17052665928537,0.962953269275356,1.42420632962176,0.934205792644811,1.42463435986573,0.86,100
"EpiLPS (MAP)","negbin","Mean +60%",12,3.4,"gradual20_1.1_to_1.3",2000,100,43,43,1.1,1.1744474863854,0.967304095120255,1.42729699243491,0.94683742565174,1.43338042076432,0.87,100
"EpiLPS (MAP)","negbin","Mean +60%",12,3.4,"gradual20_1.1_to_1.3",2000,100,44,44,1.1,1.17750962388605,0.970489266889912,1.43002675114925,0.948764105065587,1.42622553353606,0.87,100
"EpiLPS (MAP)","negbin","Mean +60%",12,3.4,"gradual20_1.1_to_1.3",2000,100,45,45,1.1,1.17991611290683,0.97090253052494,1.43527862610954,0.939361427160427,1.42054500399566,0.85,100
"EpiLPS (MAP)","negbin","Mean +60%",12,3.4,"gradual20_1.1_to_1.3",2000,100,46,46,1.1,1.1818602451374,0.972474866784594,1.43768258589917,0.94579952541958,1.41441456294854,0.84,100
"EpiLPS (MAP)","negbin","Mean +60%",12,3.4,"gradual20_1.1_to_1.3",2000,100,47,47,1.1,1.18361698366303,0.975386411567087,1.43764149712637,0.948842401169907,1.40142066750309,0.83,100
"EpiLPS (MAP)","negbin","Mean +60%",12,3.4,"gradual20_1.1_to_1.3",2000,100,48,48,1.1,1.18558501029029,0.976263294636902,1.44114326069248,0.95328984375274,1.40237401241879,0.8,100
"EpiLPS (MAP)","negbin","Mean +60%",12,3.4,"gradual20_1.1_to_1.3",2000,100,49,49,1.1,1.18823626803191,0.977392242906609,1.44594033964403,0.963237627509977,1.38440880655834,0.84,100
"EpiLPS (MAP)","negbin","Mean +60%",12,3.4,"gradual20_1.1_to_1.3",2000,100,50,50,1.11,1.1920204252401,0.982078899708678,1.44820571234944,0.96824645319198,1.38434491237482,0.86,100
"EpiLPS (MAP)","negbin","Mean +60%",12,3.4,"gradual20_1.1_to_1.3",2000,100,51,51,1.12,1.19718088887787,0.986757201058569,1.45384212192733,0.977246451154559,1.40462902503109,0.9,100
"EpiLPS (MAP)","negbin","Mean +60%",12,3.4,"gradual20_1.1_to_1.3",2000,100,52,52,1.13,1.20384027897216,0.990813054819721,1.46405890859552,0.9941368610473,1.44397491620534,0.9,100
"EpiLPS (MAP)","negbin","Mean +60%",12,3.4,"gradual20_1.1_to_1.3",2000,100,53,53,1.14,1.21198202092921,0.998292974071046,1.47280210102178,1.00866131951781,1.46818195071954,0.89,100
"EpiLPS (MAP)","negbin","Mean +60%",12,3.4,"gradual20_1.1_to_1.3",2000,100,54,54,1.15,1.22144207578321,1.00748899156186,1.48221782332153,1.00490446223934,1.48533945232857,0.9,100
"EpiLPS (MAP)","negbin","Mean +60%",12,3.4,"gradual20_1.1_to_1.3",2000,100,55,55,1.16,1.2319549546751,1.01502435911472,1.49667079463208,1.02473745896782,1.49023388296589,0.91,100
"EpiLPS (MAP)","negbin","Mean +60%",12,3.4,"gradual20_1.1_to_1.3",2000,100,56,56,1.17,1.24316847932147,1.02360197466052,1.51129417088206,1.0401585910975,1.48722084275291,0.89,100
"EpiLPS (MAP)","negbin","Mean +60%",12,3.4,"gradual20_1.1_to_1.3",2000,100,57,57,1.18,1.25488762047045,1.03490075415046,1.52311361205228,1.04917012271369,1.49501590576639,0.86,100
"EpiLPS (MAP)","negbin","Mean +60%",12,3.4,"gradual20_1.1_to_1.3",2000,100,58,58,1.19,1.2672668688155,1.0448583237244,1.53853945412689,1.0570611816203,1.52415324570197,0.88,100
"EpiLPS (MAP)","negbin","Mean +60%",12,3.4,"gradual20_1.1_to_1.3",2000,100,59,59,1.2,1.28047119114028,1.05417860657622,1.55692937779378,1.07925058588028,1.5486606408556,0.88,100
"EpiLPS (MAP)","negbin","Mean +60%",12,3.4,"gradual20_1.1_to_1.3",2000,100,60,60,1.21,1.29459718725781,1.06710907881916,1.57220070917531,1.09151190080381,1.57375311389281,0.87,100
"EpiLPS (MAP)","negbin","Mean +60%",12,3.4,"gradual20_1.1_to_1.3",2000,100,61,61,1.22,1.30953103972699,1.08053414798525,1.58870923926165,1.11303319480358,1.57892352362462,0.85,100
"EpiLPS (MAP)","negbin","Mean +60%",12,3.4,"gradual20_1.1_to_1.3",2000,100,62,62,1.23,1.32507026503479,1.09195026343853,1.60967230953218,1.12561248152879,1.59748112187873,0.84,100
"EpiLPS (MAP)","negbin","Mean +60%",12,3.4,"gradual20_1.1_to_1.3",2000,100,63,63,1.24,1.34098745373417,1.10516137993215,1.62888564343514,1.14425770075625,1.64914299866845,0.87,100
"EpiLPS (MAP)","negbin","Mean +60%",12,3.4,"gradual20_1.1_to_1.3",2000,100,64,64,1.25,1.3571028643688,1.1203374085037,1.64565908189696,1.16001965632579,1.67406023700552,0.87,100
"EpiLPS (MAP)","negbin","Mean +60%",12,3.4,"gradual20_1.1_to_1.3",2000,100,65,65,1.26,1.37330541819861,1.13305996200783,1.66628306251044,1.14487309660923,1.73008530210618,0.87,100
"EpiLPS (MAP)","negbin","Mean +60%",12,3.4,"gradual20_1.1_to_1.3",2000,100,66,66,1.27,1.38948583188246,1.14512685761791,1.68782965279533,1.1475544190232,1.78197828801491,0.88,100
"EpiLPS (MAP)","negbin","Mean +60%",12,3.4,"gradual20_1.1_to_1.3",2000,100,67,67,1.28,1.40554030322547,1.16013839898998,1.70469822277627,1.15476701301243,1.81963524960023,0.86,100
"EpiLPS (MAP)","negbin","Mean +60%",12,3.4,"gradual20_1.1_to_1.3",2000,100,68,68,1.29,1.42138229045237,1.17375692647721,1.72312340321854,1.16063697490041,1.8198489712747,0.84,100
"EpiLPS (MAP)","negbin","Mean +60%",12,3.4,"gradual20_1.1_to_1.3",2000,100,69,69,1.3,1.4368462044236,1.18470688964045,1.74459032434056,1.16926483758041,1.8023682911447,0.85,100
"EpiLPS (MAP)","negbin","Mean +60%",12,3.4,"gradual20_1.1_to_1.3",2000,100,70,70,1.3,1.45166520224242,1.19762093925054,1.76157341591951,1.18488987308613,1.77856910235016,0.81,100
"EpiLPS (MAP)","negbin","Mean +60%",12,3.4,"gradual20_1.1_to_1.3",2000,100,71,71,1.3,1.46561711111639,1.2108469249815,1.77598371868698,1.18847819982223,1.75444909701169,0.78,100
"EpiLPS (MAP)","negbin","Mean +60%",12,3.4,"gradual20_1.1_to_1.3",2000,100,72,72,1.3,1.47853901471875,1.2202813567392,1.79350244234217,1.19961573464988,1.7618570451354,0.76,100
"EpiLPS (MAP)","negbin","Mean +60%",12,3.4,"gradual20_1.1_to_1.3",2000,100,73,73,1.3,1.49025834916987,1.22912206037077,1.80897090764059,1.21380795387523,1.7917023402532,0.72,100
"EpiLPS (MAP)","negbin","Mean +60%",12,3.4,"gradual20_1.1_to_1.3",2000,100,74,74,1.3,1.500653412013,1.23978917891498,1.81849684608976,1.23923234755735,1.8065916214997,0.67,100
"EpiLPS (MAP)","negbin","Mean +60%",12,3.4,"gradual20_1.1_to_1.3",2000,100,75,75,1.3,1.50967997896035,1.24722220760056,1.82948241843005,1.2356264041775,1.78913460097105,0.63,100
"EpiLPS (MAP)","negbin","Mean +60%",12,3.4,"gradual20_1.1_to_1.3",2000,100,76,76,1.3,1.51722438562187,1.25164512435589,1.84132101371418,1.24110654194055,1.78577264875149,0.61,100
"EpiLPS (MAP)","negbin","Mean +60%",12,3.4,"gradual20_1.1_to_1.3",2000,100,77,77,1.3,1.52311232384092,1.25788150221567,1.8464313847023,1.23484308353254,1.76634648557801,0.61,100
"EpiLPS (MAP)","negbin","Mean +60%",12,3.4,"gradual20_1.1_to_1.3",2000,100,78,78,1.3,1.52742993465647,1.26266649860117,1.84987443070919,1.23214222925368,1.74796923582717,0.59,100
"EpiLPS (MAP)","negbin","Mean +60%",12,3.4,"gradual20_1.1_to_1.3",2000,100,79,79,1.3,1.53040735737306,1.26324705760446,1.85628749406111,1.24831704661282,1.74741197930983,0.59,100
"EpiLPS (MAP)","negbin","Mean +60%",12,3.4,"gradual20_1.1_to_1.3",2000,100,80,80,1.3,1.53230548273699,1.26444980335986,1.85915429218027,1.25692628211899,1.76705263608336,0.62,100
"EpiLPS (MAP)","negbin","Mean +60%",12,3.4,"gradual20_1.1_to_1.3",2000,100,81,81,1.3,1.53348041527088,1.26737428120168,1.85770575098421,1.24429134024641,1.76728697468433,0.63,100
"EpiLPS (MAP)","negbin","Mean +60%",12,3.4,"gradual20_1.1_to_1.3",2000,100,82,82,1.3,1.53437816404383,1.2674230905726,1.85984504246685,1.24502202450759,1.75117432625217,0.66,100
"EpiLPS (MAP)","negbin","Mean +60%",12,3.4,"gradual20_1.1_to_1.3",2000,100,83,83,1.3,1.53542333917114,1.26682828651873,1.86330039014477,1.25522737692939,1.75679063253419,0.65,100
"EpiLPS (MAP)","negbin","Mean +60%",12,3.4,"gradual20_1.1_to_1.3",2000,100,84,84,1.3,1.53691601569268,1.27007214826141,1.86214710115878,1.26466045393561,1.7758806838423,0.63,100
"EpiLPS (MAP)","negbin","Mean +60%",12,3.4,"gradual20_1.1_to_1.3",2000,100,85,85,1.3,1.53887071250524,1.27255232117939,1.86325591763303,1.27166031893801,1.7739297175363,0.59,100
"EpiLPS (MAP)","negbin","Mean +60%",12,3.4,"gradual20_1.1_to_1.3",2000,100,86,86,1.3,1.5411498681401,1.27261521479763,1.86873784348017,1.28526074116374,1.79644786544356,0.58,100
"EpiLPS (MAP)","negbin","Mean +60%",12,3.4,"gradual20_1.1_to_1.3",2000,100,87,87,1.3,1.54350570981396,1.27519113226213,1.87068007743849,1.2992150789231,1.80929915518508,0.56,100
"EpiLPS (MAP)","negbin","Mean +60%",12,3.4,"gradual20_1.1_to_1.3",2000,100,88,88,1.3,1.54568419082301,1.27880316965732,1.87065653358706,1.28788230140675,1.79858198605345,0.56,100
"EpiLPS (MAP)","negbin","Mean +60%",12,3.4,"gradual20_1.1_to_1.3",2000,100,89,89,1.3,1.54742182359698,1.27881986507406,1.87488366752147,1.27313174417039,1.82846967425672,0.55,100
"EpiLPS (MAP)","negbin","Mean +60%",12,3.4,"gradual20_1.1_to_1.3",2000,100,90,90,1.3,1.5484045686704,1.27818464431412,1.87824282678167,1.26681483673972,1.85616249336946,0.61,100
"EpiLPS (MAP)","negbin","Mean +60%",12,3.4,"gradual20_1.1_to_1.3",2000,100,91,91,1.3,1.54838354135329,1.2794963385651,1.87626297012365,1.25986968049294,1.8688517258891,0.61,100
"EpiLPS (MAP)","negbin","Mean +60%",12,3.4,"gradual20_1.1_to_1.3",2000,100,92,92,1.3,1.54725232891646,1.27756125068255,1.87639458678339,1.2630633914491,1.8705813595348,0.61,100
"EpiLPS (MAP)","negbin","Mean +60%",12,3.4,"gradual20_1.1_to_1.3",2000,100,93,93,1.3,1.54484321143947,1.27253775939411,1.87800851998664,1.28160897865679,1.85709901042323,0.61,100
"EpiLPS (MAP)","negbin","Mean +60%",12,3.4,"gradual20_1.1_to_1.3",2000,100,94,94,1.3,1.54097173632343,1.2696294513689,1.87289714734367,1.29289751522994,1.87101368591461,0.66,100
"EpiLPS (MAP)","negbin","Mean +60%",12,3.4,"gradual20_1.1_to_1.3",2000,100,95,95,1.3,1.5358235585943,1.26644126993517,1.86508858184483,1.28114914811683,1.89729508474428,0.63,100
"EpiLPS (MAP)","negbin","Mean +60%",12,3.4,"gradual20_1.1_to_1.3",2000,100,96,96,1.3,1.52984089400026,1.25970796132001,1.86055507694479,1.26371417322765,1.91896620033095,0.63,100
"EpiLPS (MAP)","negbin","Mean +60%",12,3.4,"gradual20_1.1_to_1.3",2000,100,97,97,1.3,1.52358314250077,1.25027565361234,1.85946531900153,1.2477617763239,1.91733861680707,0.65,100
"EpiLPS (MAP)","negbin","Mean +60%",12,3.4,"gradual20_1.1_to_1.3",2000,100,98,98,1.3,1.51772375893898,1.23094358312407,1.87466016828289,1.23765720006089,1.90209045830276,0.69,100
"EpiLPS (MAP)","negbin","Mean +60%",12,3.4,"gradual20_1.1_to_1.3",2000,100,99,99,1.3,1.51297445005284,1.187797501446,1.93192113305817,1.20774479463636,1.88027189946732,0.72,100
"EpiLPS (MAP)","negbin","Mean +60%",12,3.4,"gradual20_1.1_to_1.3",2000,100,100,100,1.3,1.5099540263552,1.11796704171746,2.04723271915123,1.14357104763857,1.93950404355069,0.8,100
"EpiLPS (MALA)","negbin","Mean +60%",12,3.4,"gradual20_1.1_to_1.3",2000,100,2,2,1.1,NA,NA,NA,NA,NA,NA,0
"EpiLPS (MALA)","negbin","Mean +60%",12,3.4,"gradual20_1.1_to_1.3",2000,100,3,3,1.1,NA,NA,NA,NA,NA,NA,0
"EpiLPS (MALA)","negbin","Mean +60%",12,3.4,"gradual20_1.1_to_1.3",2000,100,4,4,1.1,NA,NA,NA,NA,NA,NA,0
"EpiLPS (MALA)","negbin","Mean +60%",12,3.4,"gradual20_1.1_to_1.3",2000,100,5,5,1.1,NA,NA,NA,NA,NA,NA,0
"EpiLPS (MALA)","negbin","Mean +60%",12,3.4,"gradual20_1.1_to_1.3",2000,100,6,6,1.1,NA,NA,NA,NA,NA,NA,0
"EpiLPS (MALA)","negbin","Mean +60%",12,3.4,"gradual20_1.1_to_1.3",2000,100,7,7,1.1,NA,NA,NA,NA,NA,NA,0
"EpiLPS (MALA)","negbin","Mean +60%",12,3.4,"gradual20_1.1_to_1.3",2000,100,8,8,1.1,306.784385191722,234.028114950955,410.199489045359,239.929044199376,389.92205322769,0,100
"EpiLPS (MALA)","negbin","Mean +60%",12,3.4,"gradual20_1.1_to_1.3",2000,100,9,9,1.1,471216132.689594,426263591.583951,520645246.993332,446358908.481926,503195878.564049,0,100
"EpiLPS (MALA)","negbin","Mean +60%",12,3.4,"gradual20_1.1_to_1.3",2000,100,10,10,1.1,366924.401710172,306193.965795676,439018.287108881,330362.019240735,416674.791649268,0,100
"EpiLPS (MALA)","negbin","Mean +60%",12,3.4,"gradual20_1.1_to_1.3",2000,100,11,11,1.1,7814.62703766788,6136.69034520883,9912.17060096489,6703.25541261463,9382.66988865192,0,100
"EpiLPS (MALA)","negbin","Mean +60%",12,3.4,"gradual20_1.1_to_1.3",2000,100,12,12,1.1,662.19888755512,500.984463211146,870.317117054081,550.302314446508,829.842333826715,0,100
"EpiLPS (MALA)","negbin","Mean +60%",12,3.4,"gradual20_1.1_to_1.3",2000,100,13,13,1.1,120.350155255172,89.3088111453922,160.604182236727,98.4323559818021,155.459406466853,0,100
"EpiLPS (MALA)","negbin","Mean +60%",12,3.4,"gradual20_1.1_to_1.3",2000,100,14,14,1.1,35.2641601734265,25.959370458702,47.3942447507383,28.3932725747286,46.2341218577101,0,100
"EpiLPS (MALA)","negbin","Mean +60%",12,3.4,"gradual20_1.1_to_1.3",2000,100,15,15,1.1,14.2769855440505,10.5332354790713,19.1654876591822,11.302993753528,18.7451581753749,0,100
"EpiLPS (MALA)","negbin","Mean +60%",12,3.4,"gradual20_1.1_to_1.3",2000,100,16,16,1.1,7.26738147895924,5.41937100158432,9.66671776706416,5.65586218178068,9.42898698073616,0,100
"EpiLPS (MALA)","negbin","Mean +60%",12,3.4,"gradual20_1.1_to_1.3",2000,100,17,17,1.1,4.38191133720532,3.30912149622608,5.76297750933357,3.38619197545316,5.59176325322896,0,100
"EpiLPS (MALA)","negbin","Mean +60%",12,3.4,"gradual20_1.1_to_1.3",2000,100,18,18,1.1,2.99921531052998,2.29578308330984,3.90847080546245,2.33034445354744,3.80777763256954,0,100
"EpiLPS (MALA)","negbin","Mean +60%",12,3.4,"gradual20_1.1_to_1.3",2000,100,19,19,1.1,2.26328260700357,1.76111945074011,2.91327844512952,1.73516293473539,2.85651615289429,0,100
"EpiLPS (MALA)","negbin","Mean +60%",12,3.4,"gradual20_1.1_to_1.3",2000,100,20,20,1.1,1.84046105749125,1.45686478500012,2.33862397306011,1.39146419308767,2.31413451965805,0.04,100
"EpiLPS (MALA)","negbin","Mean +60%",12,3.4,"gradual20_1.1_to_1.3",2000,100,21,21,1.1,1.58680535000894,1.26974121053491,1.99222556331702,1.20702188335788,2.01008295484854,0.12,100
"EpiLPS (MALA)","negbin","Mean +60%",12,3.4,"gradual20_1.1_to_1.3",2000,100,22,22,1.1,1.42841450585544,1.15147343673327,1.77769102070952,1.09735837205248,1.78642401399313,0.36,100
"EpiLPS (MALA)","negbin","Mean +60%",12,3.4,"gradual20_1.1_to_1.3",2000,100,23,23,1.1,1.32743249339049,1.07810127866801,1.63976622710826,1.0278233181172,1.60462658989911,0.53,100
"EpiLPS (MALA)","negbin","Mean +60%",12,3.4,"gradual20_1.1_to_1.3",2000,100,24,24,1.1,1.26372387317218,1.02971607019018,1.55460054456539,0.990018753273856,1.51581815170966,0.68,100
"EpiLPS (MALA)","negbin","Mean +60%",12,3.4,"gradual20_1.1_to_1.3",2000,100,25,25,1.1,1.22339844720869,0.997139585291495,1.50409714866702,0.96348611510354,1.45192850079982,0.86,100
"EpiLPS (MALA)","negbin","Mean +60%",12,3.4,"gradual20_1.1_to_1.3",2000,100,26,26,1.1,1.19867687092781,0.9784250872805,1.47009518027131,0.953681857504356,1.40414361905899,0.88,100
"EpiLPS (MALA)","negbin","Mean +60%",12,3.4,"gradual20_1.1_to_1.3",2000,100,27,27,1.1,1.18348574991013,0.96587986910732,1.44593086143148,0.945094949572593,1.40437702213221,0.88,100
"EpiLPS (MALA)","negbin","Mean +60%",12,3.4,"gradual20_1.1_to_1.3",2000,100,28,28,1.1,1.1730438975527,0.955512245597912,1.43427550777611,0.945740575756932,1.4140418851005,0.89,100
"EpiLPS (MALA)","negbin","Mean +60%",12,3.4,"gradual20_1.1_to_1.3",2000,100,29,29,1.1,1.16557609389218,0.949565865118041,1.42396220428728,0.935870996859261,1.41475628761743,0.88,100
"EpiLPS (MALA)","negbin","Mean +60%",12,3.4,"gradual20_1.1_to_1.3",2000,100,30,30,1.1,1.15975325025249,0.947856688716082,1.41161822223475,0.947073460356913,1.39943099114817,0.9,100
"EpiLPS (MALA)","negbin","Mean +60%",12,3.4,"gradual20_1.1_to_1.3",2000,100,31,31,1.1,1.15453461700731,0.944036717698829,1.4036396642039,0.956594793559183,1.40443298348852,0.91,100
"EpiLPS (MALA)","negbin","Mean +60%",12,3.4,"gradual20_1.1_to_1.3",2000,100,32,32,1.1,1.14993686600521,0.940785342438188,1.39770467385509,0.958615102022647,1.40656126390535,0.93,100
"EpiLPS (MALA)","negbin","Mean +60%",12,3.4,"gradual20_1.1_to_1.3",2000,100,33,33,1.1,1.14596825757567,0.939790735523256,1.38924929109094,0.967739372215164,1.39991934395988,0.94,100
"EpiLPS (MALA)","negbin","Mean +60%",12,3.4,"gradual20_1.1_to_1.3",2000,100,34,34,1.1,1.14331817457328,0.940044283743442,1.38594158737747,0.968352471500122,1.37512850562822,0.93,100
"EpiLPS (MALA)","negbin","Mean +60%",12,3.4,"gradual20_1.1_to_1.3",2000,100,35,35,1.1,1.14236762664286,0.938868109837291,1.39055923411087,0.955172293124976,1.34850827607478,0.94,100
"EpiLPS (MALA)","negbin","Mean +60%",12,3.4,"gradual20_1.1_to_1.3",2000,100,36,36,1.1,1.14303532380401,0.940491766765246,1.39308247341602,0.942834878025,1.35748396022656,0.94,100
"EpiLPS (MALA)","negbin","Mean +60%",12,3.4,"gradual20_1.1_to_1.3",2000,100,37,37,1.1,1.14549780261333,0.943066634031587,1.3975985149348,0.947308902865704,1.36582827568559,0.93,100
"EpiLPS (MALA)","negbin","Mean +60%",12,3.4,"gradual20_1.1_to_1.3",2000,100,38,38,1.1,1.14971005601497,0.944562684470078,1.40707213949747,0.950208196220719,1.38809715051594,0.94,100
"EpiLPS (MALA)","negbin","Mean +60%",12,3.4,"gradual20_1.1_to_1.3",2000,100,39,39,1.1,1.15478685663659,0.946149026734171,1.41461566104425,0.940431231214795,1.39103450399246,0.93,100
"EpiLPS (MALA)","negbin","Mean +60%",12,3.4,"gradual20_1.1_to_1.3",2000,100,40,40,1.1,1.16058901707537,0.953029263236191,1.41925903519843,0.933326797836368,1.4084378320383,0.89,100
"EpiLPS (MALA)","negbin","Mean +60%",12,3.4,"gradual20_1.1_to_1.3",2000,100,41,41,1.1,1.16663493435263,0.958089878908007,1.42523283400828,0.945143312446743,1.43199961561905,0.89,100
"EpiLPS (MALA)","negbin","Mean +60%",12,3.4,"gradual20_1.1_to_1.3",2000,100,42,42,1.1,1.17147109130682,0.962566474944251,1.4326815256044,0.957857747166273,1.42221625089571,0.87,100
"EpiLPS (MALA)","negbin","Mean +60%",12,3.4,"gradual20_1.1_to_1.3",2000,100,43,43,1.1,1.17524411004644,0.967376231301342,1.43515859210345,0.964938466908046,1.4253179232947,0.86,100
"EpiLPS (MALA)","negbin","Mean +60%",12,3.4,"gradual20_1.1_to_1.3",2000,100,44,44,1.1,1.17809905558227,0.970390279485314,1.43677039472308,0.958869263687671,1.42220258425663,0.85,100
"EpiLPS (MALA)","negbin","Mean +60%",12,3.4,"gradual20_1.1_to_1.3",2000,100,45,45,1.1,1.18060368903094,0.97094263789311,1.44007523584403,0.95305082333625,1.42086251695758,0.84,100
"EpiLPS (MALA)","negbin","Mean +60%",12,3.4,"gradual20_1.1_to_1.3",2000,100,46,46,1.1,1.18274292209718,0.972116470706055,1.43875765809986,0.95891407296738,1.41280765527835,0.85,100
"EpiLPS (MALA)","negbin","Mean +60%",12,3.4,"gradual20_1.1_to_1.3",2000,100,47,47,1.1,1.18402490062298,0.974586723363919,1.43711695495615,0.961552027150772,1.4090615249577,0.82,100
"EpiLPS (MALA)","negbin","Mean +60%",12,3.4,"gradual20_1.1_to_1.3",2000,100,48,48,1.1,1.18587741019918,0.975247399579772,1.43935809644719,0.963161263345012,1.39639670277606,0.83,100
"EpiLPS (MALA)","negbin","Mean +60%",12,3.4,"gradual20_1.1_to_1.3",2000,100,49,49,1.1,1.18779546487583,0.976203436720346,1.44513771994012,0.96472871787649,1.3959200224116,0.85,100
"EpiLPS (MALA)","negbin","Mean +60%",12,3.4,"gradual20_1.1_to_1.3",2000,100,50,50,1.11,1.19083737726625,0.980287449657026,1.44950469400445,0.961616808485992,1.37859354378827,0.89,100
"EpiLPS (MALA)","negbin","Mean +60%",12,3.4,"gradual20_1.1_to_1.3",2000,100,51,51,1.12,1.19571666773347,0.98596556257686,1.45450126349176,0.967551023067069,1.40362491967212,0.91,100
"EpiLPS (MALA)","negbin","Mean +60%",12,3.4,"gradual20_1.1_to_1.3",2000,100,52,52,1.13,1.20209857453602,0.989490863835948,1.46433846738876,0.992949710324849,1.44224844942589,0.91,100
"EpiLPS (MALA)","negbin","Mean +60%",12,3.4,"gradual20_1.1_to_1.3",2000,100,53,53,1.14,1.20994967662013,0.995453912226044,1.47164578060849,0.995528620892878,1.4660656974844,0.93,100
"EpiLPS (MALA)","negbin","Mean +60%",12,3.4,"gradual20_1.1_to_1.3",2000,100,54,54,1.15,1.2188902720195,1.00424725080744,1.482025226369,0.985339484819088,1.4808162518169,0.94,100
"EpiLPS (MALA)","negbin","Mean +60%",12,3.4,"gradual20_1.1_to_1.3",2000,100,55,55,1.16,1.22912934651872,1.01177125126844,1.4973111810473,1.0034541210558,1.48685665927427,0.93,100
"EpiLPS (MALA)","negbin","Mean +60%",12,3.4,"gradual20_1.1_to_1.3",2000,100,56,56,1.17,1.23986079416912,1.02146566841431,1.51550469787213,1.02114537475727,1.47688306548456,0.92,100
"EpiLPS (MALA)","negbin","Mean +60%",12,3.4,"gradual20_1.1_to_1.3",2000,100,57,57,1.18,1.25242901566113,1.03446167886519,1.52748398123777,1.04022478074996,1.47627503851034,0.93,100
"EpiLPS (MALA)","negbin","Mean +60%",12,3.4,"gradual20_1.1_to_1.3",2000,100,58,58,1.19,1.26582917826109,1.04630650873186,1.54686288313408,1.05202719989977,1.51310051788667,0.91,100
"EpiLPS (MALA)","negbin","Mean +60%",12,3.4,"gradual20_1.1_to_1.3",2000,100,59,59,1.2,1.28072472523259,1.0564354574709,1.56452247115206,1.06897937802646,1.54260331117885,0.91,100
"EpiLPS (MALA)","negbin","Mean +60%",12,3.4,"gradual20_1.1_to_1.3",2000,100,60,60,1.21,1.29583751177667,1.06843669747466,1.57669861665887,1.07864307467677,1.57371956416251,0.92,100
"EpiLPS (MALA)","negbin","Mean +60%",12,3.4,"gradual20_1.1_to_1.3",2000,100,61,61,1.22,1.31130598938242,1.07993783519812,1.59110425398383,1.09963976039763,1.60150237969214,0.86,100
"EpiLPS (MALA)","negbin","Mean +60%",12,3.4,"gradual20_1.1_to_1.3",2000,100,62,62,1.23,1.32661160422269,1.08967120867571,1.61256173790152,1.12840605537564,1.62231393053712,0.87,100
"EpiLPS (MALA)","negbin","Mean +60%",12,3.4,"gradual20_1.1_to_1.3",2000,100,63,63,1.24,1.34170154660975,1.10148111962183,1.63298098654455,1.13904213052836,1.67378236335535,0.85,100
"EpiLPS (MALA)","negbin","Mean +60%",12,3.4,"gradual20_1.1_to_1.3",2000,100,64,64,1.25,1.35687502051022,1.11657555021537,1.65049934455975,1.14113045404642,1.70686087676945,0.87,100
"EpiLPS (MALA)","negbin","Mean +60%",12,3.4,"gradual20_1.1_to_1.3",2000,100,65,65,1.26,1.37113405662049,1.12869542729339,1.67124659247299,1.13106307403755,1.7571796868351,0.86,100
"EpiLPS (MALA)","negbin","Mean +60%",12,3.4,"gradual20_1.1_to_1.3",2000,100,66,66,1.27,1.38618249505965,1.13850322513617,1.69108784649265,1.12712798161185,1.80197672012464,0.88,100
"EpiLPS (MALA)","negbin","Mean +60%",12,3.4,"gradual20_1.1_to_1.3",2000,100,67,67,1.28,1.40047679863167,1.15002149397014,1.70445089759174,1.13297749695666,1.81863142419942,0.91,100
"EpiLPS (MALA)","negbin","Mean +60%",12,3.4,"gradual20_1.1_to_1.3",2000,100,68,68,1.29,1.41418974726813,1.15980400440942,1.72183588642555,1.13962010747428,1.8119750424013,0.88,100
"EpiLPS (MALA)","negbin","Mean +60%",12,3.4,"gradual20_1.1_to_1.3",2000,100,69,69,1.3,1.42848259610453,1.16963455799991,1.74237445597165,1.15366574654715,1.78934723335832,0.87,100
"EpiLPS (MALA)","negbin","Mean +60%",12,3.4,"gradual20_1.1_to_1.3",2000,100,70,70,1.3,1.4433124731443,1.1845592360113,1.76178386850323,1.17769757793448,1.77244578740033,0.83,100
"EpiLPS (MALA)","negbin","Mean +60%",12,3.4,"gradual20_1.1_to_1.3",2000,100,71,71,1.3,1.45811273690117,1.20037269943423,1.77684735175568,1.19081168058531,1.75176240202165,0.79,100
"EpiLPS (MALA)","negbin","Mean +60%",12,3.4,"gradual20_1.1_to_1.3",2000,100,72,72,1.3,1.47214334150384,1.21071457349614,1.79649814605393,1.20743996567607,1.73607504251083,0.77,100
"EpiLPS (MALA)","negbin","Mean +60%",12,3.4,"gradual20_1.1_to_1.3",2000,100,73,73,1.3,1.48595844200282,1.22175257175505,1.81305065428679,1.23272294656735,1.74998850617315,0.73,100
"EpiLPS (MALA)","negbin","Mean +60%",12,3.4,"gradual20_1.1_to_1.3",2000,100,74,74,1.3,1.49799016323092,1.23304990163058,1.82201002771187,1.25218277996087,1.74983685676326,0.66,100
"EpiLPS (MALA)","negbin","Mean +60%",12,3.4,"gradual20_1.1_to_1.3",2000,100,75,75,1.3,1.50755847397321,1.24115539938627,1.83288565578382,1.24685859755931,1.7720829509674,0.66,100
"EpiLPS (MALA)","negbin","Mean +60%",12,3.4,"gradual20_1.1_to_1.3",2000,100,76,76,1.3,1.51570965480922,1.24798633825004,1.84625831599346,1.24615847215236,1.77097695657291,0.62,100
"EpiLPS (MALA)","negbin","Mean +60%",12,3.4,"gradual20_1.1_to_1.3",2000,100,77,77,1.3,1.52233322755694,1.25533055631653,1.85686383513323,1.23691630254111,1.76953812224959,0.62,100
"EpiLPS (MALA)","negbin","Mean +60%",12,3.4,"gradual20_1.1_to_1.3",2000,100,78,78,1.3,1.52704797184796,1.2605597774902,1.85995483522493,1.24323382123755,1.76841849364333,0.59,100
"EpiLPS (MALA)","negbin","Mean +60%",12,3.4,"gradual20_1.1_to_1.3",2000,100,79,79,1.3,1.52989925734486,1.2585624001407,1.86701373659896,1.2444592697229,1.76744722004586,0.6,100
"EpiLPS (MALA)","negbin","Mean +60%",12,3.4,"gradual20_1.1_to_1.3",2000,100,80,80,1.3,1.53225779059941,1.25744545953984,1.86915863944224,1.25917488956025,1.77030914542639,0.58,100
"EpiLPS (MALA)","negbin","Mean +60%",12,3.4,"gradual20_1.1_to_1.3",2000,100,81,81,1.3,1.53337504763882,1.26007892961844,1.86718609756308,1.23728931757637,1.76826709131447,0.6,100
"EpiLPS (MALA)","negbin","Mean +60%",12,3.4,"gradual20_1.1_to_1.3",2000,100,82,82,1.3,1.53413497796193,1.26158486906236,1.86864610024833,1.23937506410757,1.77341356096337,0.61,100
"EpiLPS (MALA)","negbin","Mean +60%",12,3.4,"gradual20_1.1_to_1.3",2000,100,83,83,1.3,1.53411782212984,1.26159054179073,1.87247476290692,1.24989215805882,1.7748202714279,0.65,100
"EpiLPS (MALA)","negbin","Mean +60%",12,3.4,"gradual20_1.1_to_1.3",2000,100,84,84,1.3,1.53427025809163,1.2650603845389,1.87039324544103,1.25529681371549,1.78511613893739,0.64,100
"EpiLPS (MALA)","negbin","Mean +60%",12,3.4,"gradual20_1.1_to_1.3",2000,100,85,85,1.3,1.53595131776777,1.26695056096699,1.86886060711408,1.2718401105556,1.79712917009537,0.63,100
"EpiLPS (MALA)","negbin","Mean +60%",12,3.4,"gradual20_1.1_to_1.3",2000,100,86,86,1.3,1.5376997207827,1.2640853853562,1.8768415493301,1.29586790654321,1.80176620786082,0.61,100
"EpiLPS (MALA)","negbin","Mean +60%",12,3.4,"gradual20_1.1_to_1.3",2000,100,87,87,1.3,1.53970598479436,1.26489503268197,1.87702749559896,1.29657310239247,1.83215483753457,0.65,100
"EpiLPS (MALA)","negbin","Mean +60%",12,3.4,"gradual20_1.1_to_1.3",2000,100,88,88,1.3,1.54135348360828,1.26631753319917,1.87420441551656,1.28196529219464,1.83034336389325,0.6,100
"EpiLPS (MALA)","negbin","Mean +60%",12,3.4,"gradual20_1.1_to_1.3",2000,100,89,89,1.3,1.54334819868304,1.26690461184677,1.87756369435998,1.27054235084246,1.84008952442375,0.6,100
"EpiLPS (MALA)","negbin","Mean +60%",12,3.4,"gradual20_1.1_to_1.3",2000,100,90,90,1.3,1.5443794068374,1.26839232756888,1.88268748684867,1.26080982488787,1.86784845663987,0.61,100
"EpiLPS (MALA)","negbin","Mean +60%",12,3.4,"gradual20_1.1_to_1.3",2000,100,91,91,1.3,1.54502509024446,1.27340566582718,1.88154342903355,1.25989654661684,1.88401550849382,0.64,100
"EpiLPS (MALA)","negbin","Mean +60%",12,3.4,"gradual20_1.1_to_1.3",2000,100,92,92,1.3,1.544510890821,1.27290059210391,1.88347927893488,1.26887598418994,1.88581836151363,0.63,100
"EpiLPS (MALA)","negbin","Mean +60%",12,3.4,"gradual20_1.1_to_1.3",2000,100,93,93,1.3,1.54346847619769,1.26900908989131,1.88658699376803,1.2787230781542,1.88671794420446,0.64,100
"EpiLPS (MALA)","negbin","Mean +60%",12,3.4,"gradual20_1.1_to_1.3",2000,100,94,94,1.3,1.54045406436386,1.26603047524437,1.88510319832958,1.27857807945114,1.88898836014296,0.66,100
"EpiLPS (MALA)","negbin","Mean +60%",12,3.4,"gradual20_1.1_to_1.3",2000,100,95,95,1.3,1.53645287408927,1.26322293502873,1.88024037547487,1.26804654294951,1.91346197889434,0.63,100
"EpiLPS (MALA)","negbin","Mean +60%",12,3.4,"gradual20_1.1_to_1.3",2000,100,96,96,1.3,1.53163640814675,1.25641386203868,1.87724101497697,1.26182138867672,1.94668972250832,0.65,100
"EpiLPS (MALA)","negbin","Mean +60%",12,3.4,"gradual20_1.1_to_1.3",2000,100,97,97,1.3,1.52667256260192,1.24809504596954,1.87463026405836,1.25673344857846,1.96432604768607,0.7,100
"EpiLPS (MALA)","negbin","Mean +60%",12,3.4,"gradual20_1.1_to_1.3",2000,100,98,98,1.3,1.52353955933884,1.23207309571501,1.88933710309627,1.23357348076993,1.96599380246857,0.68,100
"EpiLPS (MALA)","negbin","Mean +60%",12,3.4,"gradual20_1.1_to_1.3",2000,100,99,99,1.3,1.5200592870729,1.1909782796568,1.95096297894391,1.18284946249528,1.92459731440032,0.72,100
"EpiLPS (MALA)","negbin","Mean +60%",12,3.4,"gradual20_1.1_to_1.3",2000,100,100,100,1.3,1.51833829870397,1.12307355173668,2.07776941188874,1.13238445693082,2.01950863111789,0.86,100
"EpiEstim","poisson","SD -60%",7.5,1.36,"gradual20_1.1_to_1.3",2000,100,2,2,1.1,NA,NA,NA,NA,NA,NA,0
"EpiEstim","poisson","SD -60%",7.5,1.36,"gradual20_1.1_to_1.3",2000,100,3,3,1.1,NA,NA,NA,NA,NA,NA,0
"EpiEstim","poisson","SD -60%",7.5,1.36,"gradual20_1.1_to_1.3",2000,100,4,4,1.1,NA,NA,NA,NA,NA,NA,0
"EpiEstim","poisson","SD -60%",7.5,1.36,"gradual20_1.1_to_1.3",2000,100,5,5,1.1,NA,NA,NA,NA,NA,NA,0
"EpiEstim","poisson","SD -60%",7.5,1.36,"gradual20_1.1_to_1.3",2000,100,6,6,1.1,NA,NA,NA,NA,NA,NA,0
"EpiEstim","poisson","SD -60%",7.5,1.36,"gradual20_1.1_to_1.3",2000,100,7,7,1.1,NA,NA,NA,NA,NA,NA,0
"EpiEstim","poisson","SD -60%",7.5,1.36,"gradual20_1.1_to_1.3",2000,100,8,8,1.1,0.555398324270557,0.496294838965835,0.619022771831029,0.495795511997492,0.632755838633834,0,100
"EpiEstim","poisson","SD -60%",7.5,1.36,"gradual20_1.1_to_1.3",2000,100,9,9,1.1,0.603160555090656,0.538567778602087,0.672726879665191,0.547238726400092,0.679565452998129,0,100
"EpiEstim","poisson","SD -60%",7.5,1.36,"gradual20_1.1_to_1.3",2000,100,10,10,1.1,0.905927662008083,0.808377389609878,1.01103457081189,0.818259528634059,1.03099410862767,0.06,100
"EpiEstim","poisson","SD -60%",7.5,1.36,"gradual20_1.1_to_1.3",2000,100,11,11,1.1,1.3624391954841,1.21633004394333,1.51981523973114,1.21340797917224,1.49205380116886,0.04,100
"EpiEstim","poisson","SD -60%",7.5,1.36,"gradual20_1.1_to_1.3",2000,100,12,12,1.1,1.47033453859527,1.31359477381796,1.63908648721751,1.28595401928487,1.62355556027632,0.01,100
"EpiEstim","poisson","SD -60%",7.5,1.36,"gradual20_1.1_to_1.3",2000,100,13,13,1.1,1.29882018590572,1.16129757805775,1.44680406466911,1.16203855683099,1.41933759381062,0.17,100
"EpiEstim","poisson","SD -60%",7.5,1.36,"gradual20_1.1_to_1.3",2000,100,14,14,1.1,1.16055866582917,1.0386258933763,1.29169045372215,1.03466138485313,1.31004247609854,0.85,100
"EpiEstim","poisson","SD -60%",7.5,1.36,"gradual20_1.1_to_1.3",2000,100,15,15,1.1,1.09263147655053,0.978354179882638,1.21548867507029,0.978169045853686,1.23793486644798,0.94,100
"EpiEstim","poisson","SD -60%",7.5,1.36,"gradual20_1.1_to_1.3",2000,100,16,16,1.1,1.06801757120586,0.956498040884121,1.18789378680638,0.963183335976794,1.17642164499813,0.92,100
"EpiEstim","poisson","SD -60%",7.5,1.36,"gradual20_1.1_to_1.3",2000,100,17,17,1.1,1.09102803046425,0.978650054003382,1.21170424516111,0.979532062602379,1.20620250543655,0.96,100
"EpiEstim","poisson","SD -60%",7.5,1.36,"gradual20_1.1_to_1.3",2000,100,18,18,1.1,1.1007603704513,0.988093070147805,1.22169212751701,0.974072637987126,1.22105122512034,0.91,100
"EpiEstim","poisson","SD -60%",7.5,1.36,"gradual20_1.1_to_1.3",2000,100,19,19,1.1,1.09423337793778,0.982322745889176,1.21434683007154,0.956601433500036,1.22234521558769,0.9,100
"EpiEstim","poisson","SD -60%",7.5,1.36,"gradual20_1.1_to_1.3",2000,100,20,20,1.1,1.09531013918654,0.983929367260261,1.21480441710343,0.981051872364265,1.21537907240296,0.94,100
"EpiEstim","poisson","SD -60%",7.5,1.36,"gradual20_1.1_to_1.3",2000,100,21,21,1.1,1.09781025236679,0.986932833007626,1.21670404483524,0.997891855582343,1.20811733803408,0.97,100
"EpiEstim","poisson","SD -60%",7.5,1.36,"gradual20_1.1_to_1.3",2000,100,22,22,1.1,1.09980346951321,0.989455371959069,1.21807396333517,0.977579646531106,1.19968210600208,0.97,100
"EpiEstim","poisson","SD -60%",7.5,1.36,"gradual20_1.1_to_1.3",2000,100,23,23,1.1,1.10414401831975,0.994240005047986,1.22187021823782,1.00261407329616,1.21020100259908,0.97,100
"EpiEstim","poisson","SD -60%",7.5,1.36,"gradual20_1.1_to_1.3",2000,100,24,24,1.1,1.10794118508573,0.998594334129998,1.22500118592234,1.00171562330591,1.20982875191656,0.96,100
"EpiEstim","poisson","SD -60%",7.5,1.36,"gradual20_1.1_to_1.3",2000,100,25,25,1.1,1.09666879273377,0.988593378351292,1.21235648699832,0.99493421526025,1.19708596432908,0.96,100
"EpiEstim","poisson","SD -60%",7.5,1.36,"gradual20_1.1_to_1.3",2000,100,26,26,1.1,1.1087882549037,1.00068603790943,1.22441775916855,1.00558778940546,1.23298838962078,0.93,100
"EpiEstim","poisson","SD -60%",7.5,1.36,"gradual20_1.1_to_1.3",2000,100,27,27,1.1,1.09787141778318,0.990877039588946,1.21231128504014,0.998959691233326,1.21216020987786,0.96,100
"EpiEstim","poisson","SD -60%",7.5,1.36,"gradual20_1.1_to_1.3",2000,100,28,28,1.1,1.10209859228701,0.995517785362966,1.21603462578743,1.02126910082243,1.2238022034096,0.95,100
"EpiEstim","poisson","SD -60%",7.5,1.36,"gradual20_1.1_to_1.3",2000,100,29,29,1.1,1.11105207174932,1.00474600090612,1.22461287572544,0.992026883273546,1.21567861016254,0.92,100
"EpiEstim","poisson","SD -60%",7.5,1.36,"gradual20_1.1_to_1.3",2000,100,30,30,1.1,1.10459360011066,0.999342641105712,1.21699503673165,1.00014549974119,1.21383278435417,0.95,100
"EpiEstim","poisson","SD -60%",7.5,1.36,"gradual20_1.1_to_1.3",2000,100,31,31,1.1,1.11085364284492,1.00599259376268,1.22276723184015,1.00938991339745,1.20880301629536,0.96,100
"EpiEstim","poisson","SD -60%",7.5,1.36,"gradual20_1.1_to_1.3",2000,100,32,32,1.1,1.09389279150191,0.99050441876422,1.20424405719928,0.991511165972187,1.19263360609793,0.95,100
"EpiEstim","poisson","SD -60%",7.5,1.36,"gradual20_1.1_to_1.3",2000,100,33,33,1.1,1.10460408652921,1.00128252670532,1.21480559557839,1.01300145145173,1.20639823096456,0.97,100
"EpiEstim","poisson","SD -60%",7.5,1.36,"gradual20_1.1_to_1.3",2000,100,34,34,1.1,1.10248006611673,0.999857300011783,1.21190144850065,1.01814645156064,1.20227174892972,0.97,100
"EpiEstim","poisson","SD -60%",7.5,1.36,"gradual20_1.1_to_1.3",2000,100,35,35,1.1,1.09805239335297,0.996299390542033,1.20651503450475,1.01228333716393,1.19315368184481,0.97,100
"EpiEstim","poisson","SD -60%",7.5,1.36,"gradual20_1.1_to_1.3",2000,100,36,36,1.1,1.10055565966635,0.999384742554504,1.20834032942252,1.01440358119096,1.19035556739839,0.97,100
"EpiEstim","poisson","SD -60%",7.5,1.36,"gradual20_1.1_to_1.3",2000,100,37,37,1.1,1.09238207316443,0.992288547979633,1.19899620660811,0.997619136793154,1.18404576724486,0.96,100
"EpiEstim","poisson","SD -60%",7.5,1.36,"gradual20_1.1_to_1.3",2000,100,38,38,1.1,1.10771240808317,1.00751413368248,1.21434957396199,1.01518436909035,1.20344616195039,0.97,100
"EpiEstim","poisson","SD -60%",7.5,1.36,"gradual20_1.1_to_1.3",2000,100,39,39,1.1,1.10944972941165,1.00973947987991,1.21552484540989,1.01301210780306,1.21591709891746,0.94,100
"EpiEstim","poisson","SD -60%",7.5,1.36,"gradual20_1.1_to_1.3",2000,100,40,40,1.1,1.10284986526758,1.00400381035852,1.20798600500494,1.01091209883568,1.18124583489151,0.96,100
"EpiEstim","poisson","SD -60%",7.5,1.36,"gradual20_1.1_to_1.3",2000,100,41,41,1.1,1.10367679371336,1.00537013510479,1.20819868430018,1.00287865594585,1.22066447898689,0.9,100
"EpiEstim","poisson","SD -60%",7.5,1.36,"gradual20_1.1_to_1.3",2000,100,42,42,1.1,1.10428256866942,1.00651202849105,1.20819429602948,0.987018062583069,1.19840497897956,0.92,100
"EpiEstim","poisson","SD -60%",7.5,1.36,"gradual20_1.1_to_1.3",2000,100,43,43,1.1,1.10077970272198,1.00376741044565,1.20385674329057,1.0148390797144,1.21552806926818,0.96,100
"EpiEstim","poisson","SD -60%",7.5,1.36,"gradual20_1.1_to_1.3",2000,100,44,44,1.1,1.11407865622496,1.01712162502081,1.21701630862023,1.02804069256401,1.2337742902322,0.91,100
"EpiEstim","poisson","SD -60%",7.5,1.36,"gradual20_1.1_to_1.3",2000,100,45,45,1.1,1.09877845298956,1.003213050903,1.20023495845769,1.01199292097233,1.21216289582226,0.93,100
"EpiEstim","poisson","SD -60%",7.5,1.36,"gradual20_1.1_to_1.3",2000,100,46,46,1.1,1.09225828490113,0.997627892265814,1.19269665463766,0.999725445755635,1.19232201189393,0.93,100
"EpiEstim","poisson","SD -60%",7.5,1.36,"gradual20_1.1_to_1.3",2000,100,47,47,1.1,1.09538630019624,1.00120419183471,1.19530423500239,1.00033009060461,1.19956925060925,0.94,100
"EpiEstim","poisson","SD -60%",7.5,1.36,"gradual20_1.1_to_1.3",2000,100,48,48,1.1,1.10046712916861,1.0065884100689,1.20001512872561,1.00484628033868,1.21179536738179,0.92,100
"EpiEstim","poisson","SD -60%",7.5,1.36,"gradual20_1.1_to_1.3",2000,100,49,49,1.1,1.09886039719431,1.00560227552281,1.19771985113748,1.01351115072668,1.20039864335862,0.95,100
"EpiEstim","poisson","SD -60%",7.5,1.36,"gradual20_1.1_to_1.3",2000,100,50,50,1.11,1.11472558672366,1.02136470015003,1.21361450815059,1.02982210015246,1.19753500452422,0.96,100
"EpiEstim","poisson","SD -60%",7.5,1.36,"gradual20_1.1_to_1.3",2000,100,51,51,1.12,1.12703728089105,1.03375883290933,1.22577139786011,1.0476009314255,1.25050627290071,0.95,100
"EpiEstim","poisson","SD -60%",7.5,1.36,"gradual20_1.1_to_1.3",2000,100,52,52,1.13,1.13120645155979,1.0382688400889,1.22953636922254,1.04024944145954,1.21660082621538,0.98,100
"EpiEstim","poisson","SD -60%",7.5,1.36,"gradual20_1.1_to_1.3",2000,100,53,53,1.14,1.14554772867419,1.05251071842976,1.2439178509967,1.04584632802533,1.25060131199573,0.9,100
"EpiEstim","poisson","SD -60%",7.5,1.36,"gradual20_1.1_to_1.3",2000,100,54,54,1.15,1.15395579083517,1.06111985605167,1.25206088323536,1.06757028233478,1.25808490202753,0.95,100
"EpiEstim","poisson","SD -60%",7.5,1.36,"gradual20_1.1_to_1.3",2000,100,55,55,1.16,1.16870416023291,1.07587223168824,1.26673311596781,1.06789490971709,1.266796127169,0.92,100
"EpiEstim","poisson","SD -60%",7.5,1.36,"gradual20_1.1_to_1.3",2000,100,56,56,1.17,1.18563623551519,1.09285770620024,1.28352711843018,1.09162726066901,1.26750078373719,0.95,100
"EpiEstim","poisson","SD -60%",7.5,1.36,"gradual20_1.1_to_1.3",2000,100,57,57,1.18,1.19162203850324,1.09947941317816,1.28877914036194,1.09523332874387,1.28070143618824,0.93,100
"EpiEstim","poisson","SD -60%",7.5,1.36,"gradual20_1.1_to_1.3",2000,100,58,58,1.19,1.19273131450165,1.1014832178986,1.28889111206532,1.09534052725438,1.29156717432306,0.93,100
"EpiEstim","poisson","SD -60%",7.5,1.36,"gradual20_1.1_to_1.3",2000,100,59,59,1.2,1.20554096953801,1.11470332469129,1.3011891221269,1.11352377208193,1.29351980238744,0.96,100
"EpiEstim","poisson","SD -60%",7.5,1.36,"gradual20_1.1_to_1.3",2000,100,60,60,1.21,1.2088073547159,1.11877027508965,1.30355455475133,1.11861951893611,1.30756092507388,0.95,100
"EpiEstim","poisson","SD -60%",7.5,1.36,"gradual20_1.1_to_1.3",2000,100,61,61,1.22,1.22193159531581,1.13237994861697,1.3160892108313,1.12310214144163,1.31581997853794,0.92,100
"EpiEstim","poisson","SD -60%",7.5,1.36,"gradual20_1.1_to_1.3",2000,100,62,62,1.23,1.23996088785112,1.15080420129486,1.33361233775239,1.1448026142244,1.33538609266498,0.91,100
"EpiEstim","poisson","SD -60%",7.5,1.36,"gradual20_1.1_to_1.3",2000,100,63,63,1.24,1.24595296766874,1.15769436373774,1.33859191917666,1.16148980029048,1.33747250822727,0.95,100
"EpiEstim","poisson","SD -60%",7.5,1.36,"gradual20_1.1_to_1.3",2000,100,64,64,1.25,1.2638109670741,1.1760137555106,1.35587704822895,1.16827886413162,1.33641817972905,0.95,100
"EpiEstim","poisson","SD -60%",7.5,1.36,"gradual20_1.1_to_1.3",2000,100,65,65,1.26,1.27120116256792,1.18424415382031,1.36231823323222,1.18515977759254,1.3734423349069,0.95,100
"EpiEstim","poisson","SD -60%",7.5,1.36,"gradual20_1.1_to_1.3",2000,100,66,66,1.27,1.28767383385938,1.20127451259008,1.37812377395213,1.20403795705169,1.36655438340795,0.94,100
"EpiEstim","poisson","SD -60%",7.5,1.36,"gradual20_1.1_to_1.3",2000,100,67,67,1.28,1.28898336336095,1.20372756790482,1.37817645640853,1.19522347133622,1.37406812005017,0.95,100
"EpiEstim","poisson","SD -60%",7.5,1.36,"gradual20_1.1_to_1.3",2000,100,68,68,1.29,1.29996043706191,1.21561420142771,1.38812413015292,1.20905378540429,1.38317931716876,0.94,100
"EpiEstim","poisson","SD -60%",7.5,1.36,"gradual20_1.1_to_1.3",2000,100,69,69,1.3,1.30763319010203,1.22439444431905,1.39456486338416,1.22564032283716,1.40102243340074,0.93,100
"EpiEstim","poisson","SD -60%",7.5,1.36,"gradual20_1.1_to_1.3",2000,100,70,70,1.3,1.32142656315495,1.23914681835096,1.40727388451607,1.22565188175753,1.40770778634428,0.92,100
"EpiEstim","poisson","SD -60%",7.5,1.36,"gradual20_1.1_to_1.3",2000,100,71,71,1.3,1.31451571369422,1.23386380944241,1.39861163889158,1.22651435153309,1.38159712099247,0.95,100
"EpiEstim","poisson","SD -60%",7.5,1.36,"gradual20_1.1_to_1.3",2000,100,72,72,1.3,1.31209059558815,1.23289601339166,1.39460913929812,1.23321084385793,1.38045820542963,0.94,100
"EpiEstim","poisson","SD -60%",7.5,1.36,"gradual20_1.1_to_1.3",2000,100,73,73,1.3,1.31296388529734,1.2350952764235,1.39404115036511,1.2347578159848,1.41663339707459,0.91,100
"EpiEstim","poisson","SD -60%",7.5,1.36,"gradual20_1.1_to_1.3",2000,100,74,74,1.3,1.30375042487964,1.22750554817262,1.38309206853044,1.22991568423931,1.39184044221013,0.93,100
"EpiEstim","poisson","SD -60%",7.5,1.36,"gradual20_1.1_to_1.3",2000,100,75,75,1.3,1.31332978676439,1.23815949512751,1.39148495294186,1.24025330058232,1.37834116725,0.96,100
"EpiEstim","poisson","SD -60%",7.5,1.36,"gradual20_1.1_to_1.3",2000,100,76,76,1.3,1.30785326089563,1.23424527014409,1.38433406443609,1.22439506156889,1.38909174600843,0.9,100
"EpiEstim","poisson","SD -60%",7.5,1.36,"gradual20_1.1_to_1.3",2000,100,77,77,1.3,1.29808150606918,1.22610482273181,1.37282360636502,1.23983988675515,1.36309656099759,0.99,100
"EpiEstim","poisson","SD -60%",7.5,1.36,"gradual20_1.1_to_1.3",2000,100,78,78,1.3,1.30070758631949,1.22993471650073,1.37414683490335,1.23109983848331,1.36632012630862,0.96,100
"EpiEstim","poisson","SD -60%",7.5,1.36,"gradual20_1.1_to_1.3",2000,100,79,79,1.3,1.30890346537233,1.23911165998618,1.38127009398619,1.24363003167083,1.3723697675104,0.95,100
"EpiEstim","poisson","SD -60%",7.5,1.36,"gradual20_1.1_to_1.3",2000,100,80,80,1.3,1.30598545520559,1.23743482937222,1.37702426296708,1.24829137534804,1.36305147162925,0.98,100
"EpiEstim","poisson","SD -60%",7.5,1.36,"gradual20_1.1_to_1.3",2000,100,81,81,1.3,1.30727176144206,1.23984661993892,1.37710007355823,1.24311239522168,1.35886202315669,1,100
"EpiEstim","poisson","SD -60%",7.5,1.36,"gradual20_1.1_to_1.3",2000,100,82,82,1.3,1.30806021579318,1.24178230735646,1.37665725545531,1.23620822171821,1.38560959708495,0.93,100
"EpiEstim","poisson","SD -60%",7.5,1.36,"gradual20_1.1_to_1.3",2000,100,83,83,1.3,1.30607301154296,1.24099378543934,1.37339047071662,1.22413227257129,1.3763807537751,0.9,100
"EpiEstim","poisson","SD -60%",7.5,1.36,"gradual20_1.1_to_1.3",2000,100,84,84,1.3,1.3080023167496,1.24400298503794,1.37416181454698,1.2358144627474,1.36317758493666,0.94,100
"EpiEstim","poisson","SD -60%",7.5,1.36,"gradual20_1.1_to_1.3",2000,100,85,85,1.3,1.30681842595158,1.24397800016296,1.37174206256033,1.25243169210788,1.37405552603572,0.95,100
"EpiEstim","poisson","SD -60%",7.5,1.36,"gradual20_1.1_to_1.3",2000,100,86,86,1.3,1.30305630695814,1.2414267887318,1.3666941325145,1.25497450870478,1.37423132284882,0.94,100
"EpiEstim","poisson","SD -60%",7.5,1.36,"gradual20_1.1_to_1.3",2000,100,87,87,1.3,1.30661390260796,1.24598794303439,1.36917689792969,1.22555479286597,1.3671098530932,0.91,100
"EpiEstim","poisson","SD -60%",7.5,1.36,"gradual20_1.1_to_1.3",2000,100,88,88,1.3,1.3083473707331,1.24873259015763,1.36983135981109,1.24797109489005,1.36439716086605,0.96,100
"EpiEstim","poisson","SD -60%",7.5,1.36,"gradual20_1.1_to_1.3",2000,100,89,89,1.3,1.30909167897832,1.25049311755915,1.36949437166598,1.24494029097669,1.36456964009773,0.94,100
"EpiEstim","poisson","SD -60%",7.5,1.36,"gradual20_1.1_to_1.3",2000,100,90,90,1.3,1.30499430344411,1.24750121272563,1.36422870682885,1.25304216853024,1.36700387620935,0.95,100
"EpiEstim","poisson","SD -60%",7.5,1.36,"gradual20_1.1_to_1.3",2000,100,91,91,1.3,1.31093423770194,1.25430639945866,1.36924265367131,1.25858155427444,1.36247115102026,0.95,100
"EpiEstim","poisson","SD -60%",7.5,1.36,"gradual20_1.1_to_1.3",2000,100,92,92,1.3,1.30639375365927,1.25084546107886,1.36356396079879,1.2608055962397,1.35854726640711,0.95,100
"EpiEstim","poisson","SD -60%",7.5,1.36,"gradual20_1.1_to_1.3",2000,100,93,93,1.3,1.30775849774967,1.25315615325389,1.36392564071712,1.24982322562821,1.35768649291824,0.94,100
"EpiEstim","poisson","SD -60%",7.5,1.36,"gradual20_1.1_to_1.3",2000,100,94,94,1.3,1.31365445533108,1.25989992183219,1.36891787493852,1.2450792787076,1.37244056564426,0.88,100
"EpiEstim","poisson","SD -60%",7.5,1.36,"gradual20_1.1_to_1.3",2000,100,95,95,1.3,1.30733794867152,1.25466948177322,1.36146127719031,1.25544382644246,1.3641140299581,0.9,100
"EpiEstim","poisson","SD -60%",7.5,1.36,"gradual20_1.1_to_1.3",2000,100,96,96,1.3,1.3047197873449,1.25302883182443,1.35781414953246,1.25474752321567,1.35864737143691,0.95,100
"EpiEstim","poisson","SD -60%",7.5,1.36,"gradual20_1.1_to_1.3",2000,100,97,97,1.3,1.31231397710697,1.26138119433629,1.3646009044189,1.26769742816569,1.36039035561293,0.92,100
"EpiEstim","poisson","SD -60%",7.5,1.36,"gradual20_1.1_to_1.3",2000,100,98,98,1.3,1.30708124968664,1.25713772147219,1.35833144298706,1.2551143826253,1.36766124727135,0.92,100
"EpiEstim","poisson","SD -60%",7.5,1.36,"gradual20_1.1_to_1.3",2000,100,99,99,1.3,1.31161208560833,1.26245640865295,1.36202841519655,1.26187954618322,1.36146893721992,0.94,100
"EpiEstim","poisson","SD -60%",7.5,1.36,"gradual20_1.1_to_1.3",2000,100,100,100,1.3,1.3082525800075,1.2600326966258,1.35768815572876,1.26003835257885,1.35783628244321,0.95,100
"EpiFilter (smoother)","poisson","SD -60%",7.5,1.36,"gradual20_1.1_to_1.3",2000,100,2,2,1.1,NA,NA,NA,NA,NA,NA,0
"EpiFilter (smoother)","poisson","SD -60%",7.5,1.36,"gradual20_1.1_to_1.3",2000,100,3,3,1.1,NA,NA,NA,NA,NA,NA,0
"EpiFilter (smoother)","poisson","SD -60%",7.5,1.36,"gradual20_1.1_to_1.3",2000,100,4,4,1.1,NA,NA,NA,NA,NA,NA,0
"EpiFilter (smoother)","poisson","SD -60%",7.5,1.36,"gradual20_1.1_to_1.3",2000,100,5,5,1.1,NA,NA,NA,NA,NA,NA,0
"EpiFilter (smoother)","poisson","SD -60%",7.5,1.36,"gradual20_1.1_to_1.3",2000,100,6,6,1.1,NA,NA,NA,NA,NA,NA,0
"EpiFilter (smoother)","poisson","SD -60%",7.5,1.36,"gradual20_1.1_to_1.3",2000,100,7,7,1.1,NA,NA,NA,NA,NA,NA,0
"EpiFilter (smoother)","poisson","SD -60%",7.5,1.36,"gradual20_1.1_to_1.3",2000,100,8,8,1.1,0.6671,0.513,0.8597,0.62,0.73,0,100
"EpiFilter (smoother)","poisson","SD -60%",7.5,1.36,"gradual20_1.1_to_1.3",2000,100,9,9,1.1,0.6614,0.6002,0.7275,0.61,0.72,0,100
"EpiFilter (smoother)","poisson","SD -60%",7.5,1.36,"gradual20_1.1_to_1.3",2000,100,10,10,1.1,0.9366,0.8539,1.0242,0.88,1.01525,0.04,100
"EpiFilter (smoother)","poisson","SD -60%",7.5,1.36,"gradual20_1.1_to_1.3",2000,100,11,11,1.1,1.2725,1.1616,1.3915,1.17475,1.37525,0.09,100
"EpiFilter (smoother)","poisson","SD -60%",7.5,1.36,"gradual20_1.1_to_1.3",2000,100,12,12,1.1,1.3791,1.2614,1.5046,1.26475,1.48575,0,100
"EpiFilter (smoother)","poisson","SD -60%",7.5,1.36,"gradual20_1.1_to_1.3",2000,100,13,13,1.1,1.2895,1.1811,1.4051,1.19475,1.38575,0.06,100
"EpiFilter (smoother)","poisson","SD -60%",7.5,1.36,"gradual20_1.1_to_1.3",2000,100,14,14,1.1,1.1766,1.0782,1.2816,1.08475,1.28575,0.71,100
"EpiFilter (smoother)","poisson","SD -60%",7.5,1.36,"gradual20_1.1_to_1.3",2000,100,15,15,1.1,1.1068,1.0133,1.2057,1.03,1.2205,0.95,100
"EpiFilter (smoother)","poisson","SD -60%",7.5,1.36,"gradual20_1.1_to_1.3",2000,100,16,16,1.1,1.0801,0.9886,1.1767,1,1.15,0.95,100
"EpiFilter (smoother)","poisson","SD -60%",7.5,1.36,"gradual20_1.1_to_1.3",2000,100,17,17,1.1,1.089,0.997,1.1862,1.00475,1.16525,0.97,100
"EpiFilter (smoother)","poisson","SD -60%",7.5,1.36,"gradual20_1.1_to_1.3",2000,100,18,18,1.1,1.097,1.0054,1.1945,1.01475,1.17525,0.97,100
"EpiFilter (smoother)","poisson","SD -60%",7.5,1.36,"gradual20_1.1_to_1.3",2000,100,19,19,1.1,1.0944,1.0034,1.1912,0.99475,1.18,0.96,100
"EpiFilter (smoother)","poisson","SD -60%",7.5,1.36,"gradual20_1.1_to_1.3",2000,100,20,20,1.1,1.0951,1.0046,1.1913,1.0095,1.18525,0.97,100
"EpiFilter (smoother)","poisson","SD -60%",7.5,1.36,"gradual20_1.1_to_1.3",2000,100,21,21,1.1,1.0969,1.0061,1.1934,1.02,1.18,0.99,100
"EpiFilter (smoother)","poisson","SD -60%",7.5,1.36,"gradual20_1.1_to_1.3",2000,100,22,22,1.1,1.099,1.0085,1.1952,1.01475,1.17,0.99,100
"EpiFilter (smoother)","poisson","SD -60%",7.5,1.36,"gradual20_1.1_to_1.3",2000,100,23,23,1.1,1.1028,1.0128,1.1983,1.04,1.18,0.99,100
"EpiFilter (smoother)","poisson","SD -60%",7.5,1.36,"gradual20_1.1_to_1.3",2000,100,24,24,1.1,1.105,1.0149,1.2003,1.03,1.17525,0.99,100
"EpiFilter (smoother)","poisson","SD -60%",7.5,1.36,"gradual20_1.1_to_1.3",2000,100,25,25,1.1,1.0996,1.0101,1.1939,1.02475,1.17,0.99,100
"EpiFilter (smoother)","poisson","SD -60%",7.5,1.36,"gradual20_1.1_to_1.3",2000,100,26,26,1.1,1.1043,1.0152,1.1993,1.03,1.19525,0.97,100
"EpiFilter (smoother)","poisson","SD -60%",7.5,1.36,"gradual20_1.1_to_1.3",2000,100,27,27,1.1,1.1,1.0107,1.1933,1.03,1.18,0.99,100
"EpiFilter (smoother)","poisson","SD -60%",7.5,1.36,"gradual20_1.1_to_1.3",2000,100,28,28,1.1,1.1021,1.0135,1.1956,1.04,1.18525,1,100
"EpiFilter (smoother)","poisson","SD -60%",7.5,1.36,"gradual20_1.1_to_1.3",2000,100,29,29,1.1,1.1076,1.0199,1.2008,1.03,1.18525,0.98,100
"EpiFilter (smoother)","poisson","SD -60%",7.5,1.36,"gradual20_1.1_to_1.3",2000,100,30,30,1.1,1.1057,1.0174,1.1983,1.03,1.17525,0.99,100
"EpiFilter (smoother)","poisson","SD -60%",7.5,1.36,"gradual20_1.1_to_1.3",2000,100,31,31,1.1,1.1067,1.0192,1.1991,1.0295,1.18,0.99,100
"EpiFilter (smoother)","poisson","SD -60%",7.5,1.36,"gradual20_1.1_to_1.3",2000,100,32,32,1.1,1.0975,1.0103,1.1886,1.02475,1.17525,0.97,100
"EpiFilter (smoother)","poisson","SD -60%",7.5,1.36,"gradual20_1.1_to_1.3",2000,100,33,33,1.1,1.1017,1.016,1.1937,1.03,1.17525,1,100
"EpiFilter (smoother)","poisson","SD -60%",7.5,1.36,"gradual20_1.1_to_1.3",2000,100,34,34,1.1,1.1015,1.0151,1.1922,1.04,1.18525,0.98,100
"EpiFilter (smoother)","poisson","SD -60%",7.5,1.36,"gradual20_1.1_to_1.3",2000,100,35,35,1.1,1.0978,1.0136,1.1882,1.04,1.17,0.99,100
"EpiFilter (smoother)","poisson","SD -60%",7.5,1.36,"gradual20_1.1_to_1.3",2000,100,36,36,1.1,1.0989,1.0136,1.1882,1.03,1.16525,0.99,100
"EpiFilter (smoother)","poisson","SD -60%",7.5,1.36,"gradual20_1.1_to_1.3",2000,100,37,37,1.1,1.0947,1.0105,1.1837,1.02475,1.16,0.99,100
"EpiFilter (smoother)","poisson","SD -60%",7.5,1.36,"gradual20_1.1_to_1.3",2000,100,38,38,1.1,1.1052,1.0204,1.1943,1.03,1.1805,1,100
"EpiFilter (smoother)","poisson","SD -60%",7.5,1.36,"gradual20_1.1_to_1.3",2000,100,39,39,1.1,1.1072,1.023,1.1959,1.04,1.18525,0.99,100
"EpiFilter (smoother)","poisson","SD -60%",7.5,1.36,"gradual20_1.1_to_1.3",2000,100,40,40,1.1,1.1029,1.0198,1.1911,1.04,1.17,0.99,100
"EpiFilter (smoother)","poisson","SD -60%",7.5,1.36,"gradual20_1.1_to_1.3",2000,100,41,41,1.1,1.1026,1.0198,1.1901,1.03,1.18,0.97,100
"EpiFilter (smoother)","poisson","SD -60%",7.5,1.36,"gradual20_1.1_to_1.3",2000,100,42,42,1.1,1.1035,1.0206,1.1903,1.02,1.17525,0.99,100
"EpiFilter (smoother)","poisson","SD -60%",7.5,1.36,"gradual20_1.1_to_1.3",2000,100,43,43,1.1,1.1018,1.0201,1.1889,1.04,1.18,0.98,100
"EpiFilter (smoother)","poisson","SD -60%",7.5,1.36,"gradual20_1.1_to_1.3",2000,100,44,44,1.1,1.1096,1.0271,1.1965,1.04,1.18525,0.97,100
"EpiFilter (smoother)","poisson","SD -60%",7.5,1.36,"gradual20_1.1_to_1.3",2000,100,45,45,1.1,1.0991,1.0178,1.1845,1.03475,1.17525,1,100
"EpiFilter (smoother)","poisson","SD -60%",7.5,1.36,"gradual20_1.1_to_1.3",2000,100,46,46,1.1,1.0938,1.0128,1.1784,1.03,1.17,0.99,100
"EpiFilter (smoother)","poisson","SD -60%",7.5,1.36,"gradual20_1.1_to_1.3",2000,100,47,47,1.1,1.095,1.0144,1.1798,1.03475,1.17525,0.97,100
"EpiFilter (smoother)","poisson","SD -60%",7.5,1.36,"gradual20_1.1_to_1.3",2000,100,48,48,1.1,1.0993,1.0191,1.1836,1.02475,1.18,0.98,100
"EpiFilter (smoother)","poisson","SD -60%",7.5,1.36,"gradual20_1.1_to_1.3",2000,100,49,49,1.1,1.1008,1.0209,1.1852,1.04,1.17525,0.98,100
"EpiFilter (smoother)","poisson","SD -60%",7.5,1.36,"gradual20_1.1_to_1.3",2000,100,50,50,1.11,1.1139,1.0339,1.1973,1.04475,1.17,1,100
"EpiFilter (smoother)","poisson","SD -60%",7.5,1.36,"gradual20_1.1_to_1.3",2000,100,51,51,1.12,1.1255,1.0453,1.2096,1.06475,1.22,0.96,100
"EpiFilter (smoother)","poisson","SD -60%",7.5,1.36,"gradual20_1.1_to_1.3",2000,100,52,52,1.13,1.1319,1.0524,1.2154,1.0595,1.2005,1,100
"EpiFilter (smoother)","poisson","SD -60%",7.5,1.36,"gradual20_1.1_to_1.3",2000,100,53,53,1.14,1.1442,1.0642,1.2283,1.07,1.22,0.97,100
"EpiFilter (smoother)","poisson","SD -60%",7.5,1.36,"gradual20_1.1_to_1.3",2000,100,54,54,1.15,1.1543,1.0744,1.2379,1.09,1.23525,0.97,100
"EpiFilter (smoother)","poisson","SD -60%",7.5,1.36,"gradual20_1.1_to_1.3",2000,100,55,55,1.16,1.168,1.0887,1.2519,1.09475,1.24525,0.97,100
"EpiFilter (smoother)","poisson","SD -60%",7.5,1.36,"gradual20_1.1_to_1.3",2000,100,56,56,1.17,1.183,1.104,1.2678,1.11,1.24525,0.98,100
"EpiFilter (smoother)","poisson","SD -60%",7.5,1.36,"gradual20_1.1_to_1.3",2000,100,57,57,1.18,1.1909,1.1107,1.2739,1.12,1.26,0.99,100
"EpiFilter (smoother)","poisson","SD -60%",7.5,1.36,"gradual20_1.1_to_1.3",2000,100,58,58,1.19,1.1932,1.1141,1.2766,1.11475,1.2705,0.95,100
"EpiFilter (smoother)","poisson","SD -60%",7.5,1.36,"gradual20_1.1_to_1.3",2000,100,59,59,1.2,1.2042,1.1249,1.2866,1.13,1.28,0.98,100
"EpiFilter (smoother)","poisson","SD -60%",7.5,1.36,"gradual20_1.1_to_1.3",2000,100,60,60,1.21,1.2097,1.1314,1.2915,1.14,1.28525,1,100
"EpiFilter (smoother)","poisson","SD -60%",7.5,1.36,"gradual20_1.1_to_1.3",2000,100,61,61,1.22,1.2219,1.1438,1.3038,1.15,1.29525,0.97,100
"EpiFilter (smoother)","poisson","SD -60%",7.5,1.36,"gradual20_1.1_to_1.3",2000,100,62,62,1.23,1.238,1.1607,1.3195,1.17,1.31525,0.95,100
"EpiFilter (smoother)","poisson","SD -60%",7.5,1.36,"gradual20_1.1_to_1.3",2000,100,63,63,1.24,1.2465,1.1692,1.3279,1.17,1.32,0.99,100
"EpiFilter (smoother)","poisson","SD -60%",7.5,1.36,"gradual20_1.1_to_1.3",2000,100,64,64,1.25,1.2624,1.1855,1.3431,1.18475,1.32,0.97,100
"EpiFilter (smoother)","poisson","SD -60%",7.5,1.36,"gradual20_1.1_to_1.3",2000,100,65,65,1.26,1.2711,1.195,1.3511,1.21,1.35525,0.95,100
"EpiFilter (smoother)","poisson","SD -60%",7.5,1.36,"gradual20_1.1_to_1.3",2000,100,66,66,1.27,1.2853,1.2096,1.3653,1.22,1.35,0.96,100
"EpiFilter (smoother)","poisson","SD -60%",7.5,1.36,"gradual20_1.1_to_1.3",2000,100,67,67,1.28,1.2894,1.2135,1.3682,1.21475,1.35,0.99,100
"EpiFilter (smoother)","poisson","SD -60%",7.5,1.36,"gradual20_1.1_to_1.3",2000,100,68,68,1.29,1.2993,1.2248,1.3782,1.23,1.36525,1,100
"EpiFilter (smoother)","poisson","SD -60%",7.5,1.36,"gradual20_1.1_to_1.3",2000,100,69,69,1.3,1.3073,1.2339,1.3846,1.24475,1.38525,0.97,100
"EpiFilter (smoother)","poisson","SD -60%",7.5,1.36,"gradual20_1.1_to_1.3",2000,100,70,70,1.3,1.3185,1.2451,1.3956,1.24,1.39525,0.95,100
"EpiFilter (smoother)","poisson","SD -60%",7.5,1.36,"gradual20_1.1_to_1.3",2000,100,71,71,1.3,1.3144,1.2423,1.3896,1.24475,1.37525,0.97,100
"EpiFilter (smoother)","poisson","SD -60%",7.5,1.36,"gradual20_1.1_to_1.3",2000,100,72,72,1.3,1.3117,1.2408,1.3861,1.24475,1.37,0.99,100
"EpiFilter (smoother)","poisson","SD -60%",7.5,1.36,"gradual20_1.1_to_1.3",2000,100,73,73,1.3,1.3121,1.2416,1.3847,1.25,1.39525,0.93,100
"EpiFilter (smoother)","poisson","SD -60%",7.5,1.36,"gradual20_1.1_to_1.3",2000,100,74,74,1.3,1.305,1.236,1.3764,1.24475,1.38,0.95,100
"EpiFilter (smoother)","poisson","SD -60%",7.5,1.36,"gradual20_1.1_to_1.3",2000,100,75,75,1.3,1.3111,1.2428,1.3822,1.25,1.37,0.99,100
"EpiFilter (smoother)","poisson","SD -60%",7.5,1.36,"gradual20_1.1_to_1.3",2000,100,76,76,1.3,1.307,1.2399,1.3761,1.23,1.38,0.93,100
"EpiFilter (smoother)","poisson","SD -60%",7.5,1.36,"gradual20_1.1_to_1.3",2000,100,77,77,1.3,1.2986,1.233,1.3672,1.25,1.35525,1,100
"EpiFilter (smoother)","poisson","SD -60%",7.5,1.36,"gradual20_1.1_to_1.3",2000,100,78,78,1.3,1.301,1.2361,1.368,1.24475,1.35,0.98,100
"EpiFilter (smoother)","poisson","SD -60%",7.5,1.36,"gradual20_1.1_to_1.3",2000,100,79,79,1.3,1.3075,1.2441,1.3736,1.25,1.36525,0.97,100
"EpiFilter (smoother)","poisson","SD -60%",7.5,1.36,"gradual20_1.1_to_1.3",2000,100,80,80,1.3,1.3058,1.243,1.3707,1.26,1.36,1,100
"EpiFilter (smoother)","poisson","SD -60%",7.5,1.36,"gradual20_1.1_to_1.3",2000,100,81,81,1.3,1.3064,1.2449,1.3714,1.25,1.35,1,100
"EpiFilter (smoother)","poisson","SD -60%",7.5,1.36,"gradual20_1.1_to_1.3",2000,100,82,82,1.3,1.3066,1.2461,1.3707,1.24475,1.37525,0.96,100
"EpiFilter (smoother)","poisson","SD -60%",7.5,1.36,"gradual20_1.1_to_1.3",2000,100,83,83,1.3,1.306,1.2463,1.3681,1.23475,1.37,0.93,100
"EpiFilter (smoother)","poisson","SD -60%",7.5,1.36,"gradual20_1.1_to_1.3",2000,100,84,84,1.3,1.3075,1.2479,1.3684,1.24475,1.35525,0.97,100
"EpiFilter (smoother)","poisson","SD -60%",7.5,1.36,"gradual20_1.1_to_1.3",2000,100,85,85,1.3,1.3061,1.2475,1.3666,1.26,1.36525,0.96,100
"EpiFilter (smoother)","poisson","SD -60%",7.5,1.36,"gradual20_1.1_to_1.3",2000,100,86,86,1.3,1.3032,1.2458,1.3621,1.26,1.37,0.95,100
"EpiFilter (smoother)","poisson","SD -60%",7.5,1.36,"gradual20_1.1_to_1.3",2000,100,87,87,1.3,1.3063,1.2496,1.3646,1.24,1.3605,0.93,100
"EpiFilter (smoother)","poisson","SD -60%",7.5,1.36,"gradual20_1.1_to_1.3",2000,100,88,88,1.3,1.3078,1.2528,1.3659,1.25475,1.35525,0.96,100
"EpiFilter (smoother)","poisson","SD -60%",7.5,1.36,"gradual20_1.1_to_1.3",2000,100,89,89,1.3,1.308,1.2541,1.3645,1.25,1.36,0.97,100
"EpiFilter (smoother)","poisson","SD -60%",7.5,1.36,"gradual20_1.1_to_1.3",2000,100,90,90,1.3,1.3055,1.2515,1.3607,1.26,1.36525,0.96,100
"EpiFilter (smoother)","poisson","SD -60%",7.5,1.36,"gradual20_1.1_to_1.3",2000,100,91,91,1.3,1.3102,1.2568,1.3645,1.26475,1.35525,0.98,100
"EpiFilter (smoother)","poisson","SD -60%",7.5,1.36,"gradual20_1.1_to_1.3",2000,100,92,92,1.3,1.3063,1.2541,1.3602,1.27,1.35,0.97,100
"EpiFilter (smoother)","poisson","SD -60%",7.5,1.36,"gradual20_1.1_to_1.3",2000,100,93,93,1.3,1.3075,1.256,1.3609,1.25,1.35,1,100
"EpiFilter (smoother)","poisson","SD -60%",7.5,1.36,"gradual20_1.1_to_1.3",2000,100,94,94,1.3,1.3128,1.2621,1.365,1.25,1.36525,0.94,100
"EpiFilter (smoother)","poisson","SD -60%",7.5,1.36,"gradual20_1.1_to_1.3",2000,100,95,95,1.3,1.3075,1.2576,1.3584,1.26,1.36,0.94,100
"EpiFilter (smoother)","poisson","SD -60%",7.5,1.36,"gradual20_1.1_to_1.3",2000,100,96,96,1.3,1.305,1.2566,1.3549,1.26,1.35525,0.97,100
"EpiFilter (smoother)","poisson","SD -60%",7.5,1.36,"gradual20_1.1_to_1.3",2000,100,97,97,1.3,1.3119,1.2635,1.3611,1.27,1.35525,0.95,100
"EpiFilter (smoother)","poisson","SD -60%",7.5,1.36,"gradual20_1.1_to_1.3",2000,100,98,98,1.3,1.3074,1.2595,1.3561,1.26,1.36,0.95,100
"EpiFilter (smoother)","poisson","SD -60%",7.5,1.36,"gradual20_1.1_to_1.3",2000,100,99,99,1.3,1.3109,1.2647,1.359,1.26475,1.35525,0.97,100
"EpiFilter (smoother)","poisson","SD -60%",7.5,1.36,"gradual20_1.1_to_1.3",2000,100,100,100,1.3,1.3086,1.261,1.3558,1.26,1.36,0.96,100
"EpiLPS (MAP)","negbin","SD -60%",7.5,1.36,"gradual20_1.1_to_1.3",2000,100,2,2,1.1,NA,NA,NA,NA,NA,NA,0
"EpiLPS (MAP)","negbin","SD -60%",7.5,1.36,"gradual20_1.1_to_1.3",2000,100,3,3,1.1,NA,NA,NA,NA,NA,NA,0
"EpiLPS (MAP)","negbin","SD -60%",7.5,1.36,"gradual20_1.1_to_1.3",2000,100,4,4,1.1,NA,NA,NA,NA,NA,NA,0
"EpiLPS (MAP)","negbin","SD -60%",7.5,1.36,"gradual20_1.1_to_1.3",2000,100,5,5,1.1,NA,NA,NA,NA,NA,NA,0
"EpiLPS (MAP)","negbin","SD -60%",7.5,1.36,"gradual20_1.1_to_1.3",2000,100,6,6,1.1,NA,NA,NA,NA,NA,NA,0
"EpiLPS (MAP)","negbin","SD -60%",7.5,1.36,"gradual20_1.1_to_1.3",2000,100,7,7,1.1,NA,NA,NA,NA,NA,NA,0
"EpiLPS (MAP)","negbin","SD -60%",7.5,1.36,"gradual20_1.1_to_1.3",2000,100,8,8,1.1,305.690993236152,231.566061062473,404.330440036177,242.602377617014,374.736745158696,0,100
"EpiLPS (MAP)","negbin","SD -60%",7.5,1.36,"gradual20_1.1_to_1.3",2000,100,9,9,1.1,3181859974540.75,2884184255168.33,3511067846175.74,3006381622495.39,3403626446612.42,0,100
"EpiLPS (MAP)","negbin","SD -60%",7.5,1.36,"gradual20_1.1_to_1.3",2000,100,10,10,1.1,5048912.85229242,4223408.77982795,6040437.16701386,4535043.07312121,5751321.33797901,0,100
"EpiLPS (MAP)","negbin","SD -60%",7.5,1.36,"gradual20_1.1_to_1.3",2000,100,11,11,1.1,7233.30570702569,5686.12656369275,9214.55544696652,6189.59110444814,8719.39200608838,0,100
"EpiLPS (MAP)","negbin","SD -60%",7.5,1.36,"gradual20_1.1_to_1.3",2000,100,12,12,1.1,163.186728668062,123.205441086271,216.565117942121,134.989698041862,206.273278955588,0,100
"EpiLPS (MAP)","negbin","SD -60%",7.5,1.36,"gradual20_1.1_to_1.3",2000,100,13,13,1.1,16.5364364578539,12.2428917806706,22.3859452308933,13.5395735209997,21.6390155561521,0,100
"EpiLPS (MAP)","negbin","SD -60%",7.5,1.36,"gradual20_1.1_to_1.3",2000,100,14,14,1.1,4.25707354824997,3.14233985905234,5.78049251370772,3.46688279337041,5.59116504414845,0,100
"EpiLPS (MAP)","negbin","SD -60%",7.5,1.36,"gradual20_1.1_to_1.3",2000,100,15,15,1.1,1.99886715653642,1.49351125055934,2.68087015555624,1.60780316440164,2.57177304628769,0.01,100
"EpiLPS (MAP)","negbin","SD -60%",7.5,1.36,"gradual20_1.1_to_1.3",2000,100,16,16,1.1,1.36842218429789,1.04803923807375,1.78990558022968,1.08159776943948,1.71565344842547,0.68,100
"EpiLPS (MAP)","negbin","SD -60%",7.5,1.36,"gradual20_1.1_to_1.3",2000,100,17,17,1.1,1.1632492910224,0.915232177040494,1.48057520911368,0.928557351439082,1.44185628553533,0.92,100
"EpiLPS (MAP)","negbin","SD -60%",7.5,1.36,"gradual20_1.1_to_1.3",2000,100,18,18,1.1,1.10012844359221,0.88252288584427,1.37300555710743,0.894764835455368,1.3485916179199,0.95,100
"EpiLPS (MAP)","negbin","SD -60%",7.5,1.36,"gradual20_1.1_to_1.3",2000,100,19,19,1.1,1.0857896112663,0.881274191225425,1.33916083519496,0.872111996400325,1.30550225646428,0.95,100
"EpiLPS (MAP)","negbin","SD -60%",7.5,1.36,"gradual20_1.1_to_1.3",2000,100,20,20,1.1,1.08595870322857,0.885962734779721,1.33241498196165,0.877560279718849,1.28166634087041,0.94,100
"EpiLPS (MAP)","negbin","SD -60%",7.5,1.36,"gradual20_1.1_to_1.3",2000,100,21,21,1.1,1.08934880545164,0.88825078018581,1.33729554658649,0.898965889590196,1.26827354135114,0.96,100
"EpiLPS (MAP)","negbin","SD -60%",7.5,1.36,"gradual20_1.1_to_1.3",2000,100,22,22,1.1,1.0930094055947,0.890850562629188,1.34236901875186,0.910791210684393,1.26584903416507,0.96,100
"EpiLPS (MAP)","negbin","SD -60%",7.5,1.36,"gradual20_1.1_to_1.3",2000,100,23,23,1.1,1.0963452164981,0.895726870111377,1.34318401628819,0.927386155665132,1.26247755218531,0.95,100
"EpiLPS (MAP)","negbin","SD -60%",7.5,1.36,"gradual20_1.1_to_1.3",2000,100,24,24,1.1,1.09917081134605,0.898585373515449,1.34579910314155,0.924766206016316,1.24748336098006,0.95,100
"EpiLPS (MAP)","negbin","SD -60%",7.5,1.36,"gradual20_1.1_to_1.3",2000,100,25,25,1.1,1.10130015590005,0.899373863895441,1.34983200764158,0.927300442334322,1.24916885888565,0.96,100
"EpiLPS (MAP)","negbin","SD -60%",7.5,1.36,"gradual20_1.1_to_1.3",2000,100,26,26,1.1,1.10252736640786,0.901871331833209,1.34907300464329,0.940195435826014,1.28932486022591,0.97,100
"EpiLPS (MAP)","negbin","SD -60%",7.5,1.36,"gradual20_1.1_to_1.3",2000,100,27,27,1.1,1.10284859139019,0.903287275692205,1.34773592038129,0.940656177697121,1.27762177876721,0.96,100
"EpiLPS (MAP)","negbin","SD -60%",7.5,1.36,"gradual20_1.1_to_1.3",2000,100,28,28,1.1,1.10225027592098,0.901416269717387,1.3491001994502,0.942421237331403,1.27993577209457,0.95,100
"EpiLPS (MAP)","negbin","SD -60%",7.5,1.36,"gradual20_1.1_to_1.3",2000,100,29,29,1.1,1.10065503666858,0.900110793456247,1.3471688915199,0.930490718612861,1.28313287918186,0.96,100
"EpiLPS (MAP)","negbin","SD -60%",7.5,1.36,"gradual20_1.1_to_1.3",2000,100,30,30,1.1,1.09815431801897,0.899802930145034,1.34151177378287,0.938098868228815,1.29225516257842,0.95,100
"EpiLPS (MAP)","negbin","SD -60%",7.5,1.36,"gradual20_1.1_to_1.3",2000,100,31,31,1.1,1.0950553999125,0.896754336198603,1.33850923695623,0.934554556038843,1.28853827875145,0.96,100
"EpiLPS (MAP)","negbin","SD -60%",7.5,1.36,"gradual20_1.1_to_1.3",2000,100,32,32,1.1,1.0916951788023,0.892840784661272,1.33616563575145,0.931319057203864,1.25964478827638,0.95,100
"EpiLPS (MAP)","negbin","SD -60%",7.5,1.36,"gradual20_1.1_to_1.3",2000,100,33,33,1.1,1.08848595660027,0.891684119865037,1.33003395797212,0.931720153510537,1.25990091160234,0.96,100
"EpiLPS (MAP)","negbin","SD -60%",7.5,1.36,"gradual20_1.1_to_1.3",2000,100,34,34,1.1,1.08607872880869,0.890148597747343,1.32644134005416,0.936090801639469,1.26034212655123,0.98,100
"EpiLPS (MAP)","negbin","SD -60%",7.5,1.36,"gradual20_1.1_to_1.3",2000,100,35,35,1.1,1.0850880337297,0.887692914006485,1.32770853481347,0.938021711173636,1.25199014793766,0.99,100
"EpiLPS (MAP)","negbin","SD -60%",7.5,1.36,"gradual20_1.1_to_1.3",2000,100,36,36,1.1,1.08597955235964,0.888928104661853,1.32803563059775,0.943041784343409,1.25710315425879,0.99,100
"EpiLPS (MAP)","negbin","SD -60%",7.5,1.36,"gradual20_1.1_to_1.3",2000,100,37,37,1.1,1.08874946580085,0.89263149495204,1.32925956119229,0.93413706893607,1.25411613506322,0.99,100
"EpiLPS (MAP)","negbin","SD -60%",7.5,1.36,"gradual20_1.1_to_1.3",2000,100,38,38,1.1,1.09308336577767,0.895157078951547,1.33609189706431,0.923222133251666,1.25928215805371,0.98,100
"EpiLPS (MAP)","negbin","SD -60%",7.5,1.36,"gradual20_1.1_to_1.3",2000,100,39,39,1.1,1.09851233747127,0.898849654037342,1.34385871998566,0.909865425228916,1.2668991638797,0.97,100
"EpiLPS (MAP)","negbin","SD -60%",7.5,1.36,"gradual20_1.1_to_1.3",2000,100,40,40,1.1,1.10438828030995,0.90532829525092,1.34853025045702,0.907877194058117,1.28601953547852,0.95,100
"EpiLPS (MAP)","negbin","SD -60%",7.5,1.36,"gradual20_1.1_to_1.3",2000,100,41,41,1.1,1.10991493607481,0.909819534511105,1.35533658853386,0.927964630407608,1.30531681034976,0.96,100
"EpiLPS (MAP)","negbin","SD -60%",7.5,1.36,"gradual20_1.1_to_1.3",2000,100,42,42,1.1,1.1142676546156,0.911732733575894,1.36313978798997,0.936034205829611,1.31412043359348,0.97,100
"EpiLPS (MAP)","negbin","SD -60%",7.5,1.36,"gradual20_1.1_to_1.3",2000,100,43,43,1.1,1.11682381439796,0.914783623990984,1.36481620326227,0.934898605777678,1.30583873305393,0.97,100
"EpiLPS (MAP)","negbin","SD -60%",7.5,1.36,"gradual20_1.1_to_1.3",2000,100,44,44,1.1,1.11773510079929,0.916490589523446,1.36447967709793,0.935241595837722,1.28297199861215,0.96,100
"EpiLPS (MAP)","negbin","SD -60%",7.5,1.36,"gradual20_1.1_to_1.3",2000,100,45,45,1.1,1.11743529320806,0.914718778739182,1.36640368008522,0.930584547219216,1.26908389142461,0.97,100
"EpiLPS (MAP)","negbin","SD -60%",7.5,1.36,"gradual20_1.1_to_1.3",2000,100,46,46,1.1,1.1163855903062,0.913631642083041,1.3654626561486,0.932077537309962,1.27543248007397,0.97,100
"EpiLPS (MAP)","negbin","SD -60%",7.5,1.36,"gradual20_1.1_to_1.3",2000,100,47,47,1.1,1.11517934758917,0.914368355289331,1.36139879367544,0.930378894514823,1.26515671243958,0.98,100
"EpiLPS (MAP)","negbin","SD -60%",7.5,1.36,"gradual20_1.1_to_1.3",2000,100,48,48,1.1,1.11457915379754,0.913432416395444,1.36134178108152,0.945740306197866,1.26031609894988,0.98,100
"EpiLPS (MAP)","negbin","SD -60%",7.5,1.36,"gradual20_1.1_to_1.3",2000,100,49,49,1.1,1.11537326797713,0.912854313040815,1.36417091471152,0.964904083396515,1.26496616743746,0.98,100
"EpiLPS (MAP)","negbin","SD -60%",7.5,1.36,"gradual20_1.1_to_1.3",2000,100,50,50,1.11,1.11816639547847,0.916693626763504,1.36525584248864,0.96918687190466,1.28276306153472,0.98,100
"EpiLPS (MAP)","negbin","SD -60%",7.5,1.36,"gradual20_1.1_to_1.3",2000,100,51,51,1.12,1.12310835523916,0.92141915455667,1.37027876211898,0.977660651133868,1.28979342745282,0.95,100
"EpiLPS (MAP)","negbin","SD -60%",7.5,1.36,"gradual20_1.1_to_1.3",2000,100,52,52,1.13,1.12994734760457,0.925405797088929,1.38106055279932,0.971665286249995,1.29737024215805,0.94,100
"EpiLPS (MAP)","negbin","SD -60%",7.5,1.36,"gradual20_1.1_to_1.3",2000,100,53,53,1.14,1.13813459416698,0.93253169607314,1.3904342428929,0.976957492691911,1.33328613694593,0.94,100
"EpiLPS (MAP)","negbin","SD -60%",7.5,1.36,"gradual20_1.1_to_1.3",2000,100,54,54,1.15,1.14704518939987,0.941356739575643,1.39903937079875,0.979808351058128,1.37093169354179,0.94,100
"EpiLPS (MAP)","negbin","SD -60%",7.5,1.36,"gradual20_1.1_to_1.3",2000,100,55,55,1.16,1.15613144646576,0.947714338426503,1.41178802328431,0.989535180429039,1.37700241099111,0.95,100
"EpiLPS (MAP)","negbin","SD -60%",7.5,1.36,"gradual20_1.1_to_1.3",2000,100,56,56,1.17,1.16493236608536,0.953915447025672,1.42408239643311,1.00152525270083,1.37224526528023,0.96,100
"EpiLPS (MAP)","negbin","SD -60%",7.5,1.36,"gradual20_1.1_to_1.3",2000,100,57,57,1.18,1.1732940084412,0.962446755256073,1.43179822867905,1.03209511967704,1.37388831934994,0.95,100
"EpiLPS (MAP)","negbin","SD -60%",7.5,1.36,"gradual20_1.1_to_1.3",2000,100,58,58,1.19,1.18148956440709,0.969245872953275,1.44171136404376,1.04970953510195,1.38621487746193,0.95,100
"EpiLPS (MAP)","negbin","SD -60%",7.5,1.36,"gradual20_1.1_to_1.3",2000,100,59,59,1.2,1.18978389339416,0.974407228014666,1.45432682951234,1.03457543683147,1.39211694843381,0.96,100
"EpiLPS (MAP)","negbin","SD -60%",7.5,1.36,"gradual20_1.1_to_1.3",2000,100,60,60,1.21,1.19833240815958,0.982647126980262,1.46293279365211,1.04795210849813,1.39836419534284,0.96,100
"EpiLPS (MAP)","negbin","SD -60%",7.5,1.36,"gradual20_1.1_to_1.3",2000,100,61,61,1.22,1.20714152227483,0.991371322707662,1.47145408266681,1.02929686340795,1.40164875178742,0.93,100
"EpiLPS (MAP)","negbin","SD -60%",7.5,1.36,"gradual20_1.1_to_1.3",2000,100,62,62,1.23,1.2161955248512,0.99750578573577,1.48446057607038,1.02465405885586,1.40079243094955,0.94,100
"EpiLPS (MAP)","negbin","SD -60%",7.5,1.36,"gradual20_1.1_to_1.3",2000,100,63,63,1.24,1.22545618970611,1.00485932480493,1.49614182904258,1.03518832997199,1.42845481367742,0.95,100
"EpiLPS (MAP)","negbin","SD -60%",7.5,1.36,"gradual20_1.1_to_1.3",2000,100,64,64,1.25,1.23489514632852,1.01450712637629,1.50481242929154,1.04486470942643,1.4652573870179,0.96,100
"EpiLPS (MAP)","negbin","SD -60%",7.5,1.36,"gradual20_1.1_to_1.3",2000,100,65,65,1.26,1.2444778096873,1.02186624750303,1.51726654417119,1.06961535575137,1.50031365501807,0.97,100
"EpiLPS (MAP)","negbin","SD -60%",7.5,1.36,"gradual20_1.1_to_1.3",2000,100,66,66,1.27,1.2540728193769,1.02814323079452,1.53137571557586,1.06650391489051,1.51411687122332,0.97,100
"EpiLPS (MAP)","negbin","SD -60%",7.5,1.36,"gradual20_1.1_to_1.3",2000,100,67,67,1.28,1.26349889806089,1.0374678964293,1.54049201862286,1.07464633738897,1.50481167846202,0.97,100
"EpiLPS (MAP)","negbin","SD -60%",7.5,1.36,"gradual20_1.1_to_1.3",2000,100,68,68,1.29,1.272583356001,1.04576927151622,1.55031305542128,1.08792045558996,1.50324913358676,0.98,100
"EpiLPS (MAP)","negbin","SD -60%",7.5,1.36,"gradual20_1.1_to_1.3",2000,100,69,69,1.3,1.28109058740285,1.05094919283613,1.56340384700297,1.07951462462413,1.52084244992852,0.97,100
"EpiLPS (MAP)","negbin","SD -60%",7.5,1.36,"gradual20_1.1_to_1.3",2000,100,70,70,1.3,1.28872835596483,1.05760916828826,1.5721470604125,1.09209478976696,1.54425868263968,0.97,100
"EpiLPS (MAP)","negbin","SD -60%",7.5,1.36,"gradual20_1.1_to_1.3",2000,100,71,71,1.3,1.29536853116978,1.06493409494621,1.57745368437191,1.08703585781297,1.52622761582833,0.97,100
"EpiLPS (MAP)","negbin","SD -60%",7.5,1.36,"gradual20_1.1_to_1.3",2000,100,72,72,1.3,1.3010371769176,1.06857982425678,1.58589507299376,1.09749969309042,1.50521950849908,0.98,100
"EpiLPS (MAP)","negbin","SD -60%",7.5,1.36,"gradual20_1.1_to_1.3",2000,100,73,73,1.3,1.30575636988824,1.07137147329021,1.59329412943309,1.11444153966117,1.48821521371456,0.97,100
"EpiLPS (MAP)","negbin","SD -60%",7.5,1.36,"gradual20_1.1_to_1.3",2000,100,74,74,1.3,1.30956415682914,1.07653295170206,1.59490224494297,1.12600736834053,1.49950224735122,0.96,100
"EpiLPS (MAP)","negbin","SD -60%",7.5,1.36,"gradual20_1.1_to_1.3",2000,100,75,75,1.3,1.31251932819971,1.07927866080228,1.59804500598558,1.11374350277003,1.51035891230225,0.95,100
"EpiLPS (MAP)","negbin","SD -60%",7.5,1.36,"gradual20_1.1_to_1.3",2000,100,76,76,1.3,1.31454116131523,1.0790617065848,1.60334182346346,1.1039302811221,1.50956620571973,0.95,100
"EpiLPS (MAP)","negbin","SD -60%",7.5,1.36,"gradual20_1.1_to_1.3",2000,100,77,77,1.3,1.31545035255964,1.08084653488142,1.60290872279861,1.11026273124584,1.51413034543074,0.97,100
"EpiLPS (MAP)","negbin","SD -60%",7.5,1.36,"gradual20_1.1_to_1.3",2000,100,78,78,1.3,1.31536498434101,1.08214997566394,1.60076498794653,1.11670473012957,1.52367298110123,0.98,100
"EpiLPS (MAP)","negbin","SD -60%",7.5,1.36,"gradual20_1.1_to_1.3",2000,100,79,79,1.3,1.3145857239344,1.07977093276543,1.6024366093658,1.12178087030544,1.52114154931339,0.98,100
"EpiLPS (MAP)","negbin","SD -60%",7.5,1.36,"gradual20_1.1_to_1.3",2000,100,80,80,1.3,1.31345101082407,1.07818097172431,1.60205670949415,1.11047774825758,1.50583452484889,0.98,100
"EpiLPS (MAP)","negbin","SD -60%",7.5,1.36,"gradual20_1.1_to_1.3",2000,100,81,81,1.3,1.3123905344993,1.07932721830798,1.59775326174146,1.1144293446227,1.48015980037881,0.98,100
"EpiLPS (MAP)","negbin","SD -60%",7.5,1.36,"gradual20_1.1_to_1.3",2000,100,82,82,1.3,1.31187582357006,1.07864669063703,1.59752600946621,1.12690904760867,1.47209559132941,0.98,100
"EpiLPS (MAP)","negbin","SD -60%",7.5,1.36,"gradual20_1.1_to_1.3",2000,100,83,83,1.3,1.31222663091106,1.07745651279631,1.60018641342548,1.13863446152977,1.4725743265834,0.98,100
"EpiLPS (MAP)","negbin","SD -60%",7.5,1.36,"gradual20_1.1_to_1.3",2000,100,84,84,1.3,1.31350352561995,1.08034394192042,1.59900329578408,1.12936853173648,1.46895752541671,0.99,100
"EpiLPS (MAP)","negbin","SD -60%",7.5,1.36,"gradual20_1.1_to_1.3",2000,100,85,85,1.3,1.31545941003031,1.08307551755335,1.59972653507932,1.13025327590402,1.49586248185314,0.99,100
"EpiLPS (MAP)","negbin","SD -60%",7.5,1.36,"gradual20_1.1_to_1.3",2000,100,86,86,1.3,1.31770208506731,1.08308503744832,1.60522701148653,1.11778355129161,1.50890450860466,0.97,100
"EpiLPS (MAP)","negbin","SD -60%",7.5,1.36,"gradual20_1.1_to_1.3",2000,100,87,87,1.3,1.31978585772182,1.08494060388777,1.60757203675063,1.11551777000496,1.5073808302262,0.97,100
"EpiLPS (MAP)","negbin","SD -60%",7.5,1.36,"gradual20_1.1_to_1.3",2000,100,88,88,1.3,1.32138281991802,1.08801105422763,1.60690336942437,1.12223020746359,1.53373537430612,0.97,100
"EpiLPS (MAP)","negbin","SD -60%",7.5,1.36,"gradual20_1.1_to_1.3",2000,100,89,89,1.3,1.32228750508711,1.08752581297207,1.6098585601843,1.13294267439152,1.54510514651236,0.97,100
"EpiLPS (MAP)","negbin","SD -60%",7.5,1.36,"gradual20_1.1_to_1.3",2000,100,90,90,1.3,1.32231547861725,1.08586672585419,1.61242823978827,1.12777574057599,1.55928517563436,0.97,100
"EpiLPS (MAP)","negbin","SD -60%",7.5,1.36,"gradual20_1.1_to_1.3",2000,100,91,91,1.3,1.32136023440392,1.08634960980517,1.60937066753021,1.13437374657735,1.55442246311106,0.96,100
"EpiLPS (MAP)","negbin","SD -60%",7.5,1.36,"gradual20_1.1_to_1.3",2000,100,92,92,1.3,1.31942271288253,1.08424898865015,1.60778279025982,1.12889533904335,1.54950947193146,0.94,100
"EpiLPS (MAP)","negbin","SD -60%",7.5,1.36,"gradual20_1.1_to_1.3",2000,100,93,93,1.3,1.31641920707512,1.07898517816208,1.60834230211032,1.12230339068943,1.5711448496849,0.93,100
"EpiLPS (MAP)","negbin","SD -60%",7.5,1.36,"gradual20_1.1_to_1.3",2000,100,94,94,1.3,1.31225872918325,1.07582078740497,1.60290222943298,1.13520117544642,1.60138352385014,0.92,100
"EpiLPS (MAP)","negbin","SD -60%",7.5,1.36,"gradual20_1.1_to_1.3",2000,100,95,95,1.3,1.30725198980585,1.07307001470085,1.59477055434445,1.12320512448721,1.59030174761984,0.93,100
"EpiLPS (MAP)","negbin","SD -60%",7.5,1.36,"gradual20_1.1_to_1.3",2000,100,96,96,1.3,1.30197376339146,1.06680109391195,1.59130033243374,1.09725945115909,1.5658296054292,0.94,100
"EpiLPS (MAP)","negbin","SD -60%",7.5,1.36,"gradual20_1.1_to_1.3",2000,100,97,97,1.3,1.29705428067955,1.05735345322635,1.59361311356428,1.10554269958209,1.53991908684566,0.96,100
"EpiLPS (MAP)","negbin","SD -60%",7.5,1.36,"gradual20_1.1_to_1.3",2000,100,98,98,1.3,1.29313924120254,1.03915889346172,1.61225204005263,1.10487244010875,1.53715074867864,0.94,100
"EpiLPS (MAP)","negbin","SD -60%",7.5,1.36,"gradual20_1.1_to_1.3",2000,100,99,99,1.3,1.29077320873207,1.00068105429867,1.66940492506153,1.05050655755023,1.60719565451831,0.96,100
"EpiLPS (MAP)","negbin","SD -60%",7.5,1.36,"gradual20_1.1_to_1.3",2000,100,100,100,1.3,1.29020060310471,0.94080719071519,1.77671561542367,1.0030838131254,1.6896308461094,0.95,100
"EpiLPS (MALA)","negbin","SD -60%",7.5,1.36,"gradual20_1.1_to_1.3",2000,100,2,2,1.1,NA,NA,NA,NA,NA,NA,0
"EpiLPS (MALA)","negbin","SD -60%",7.5,1.36,"gradual20_1.1_to_1.3",2000,100,3,3,1.1,NA,NA,NA,NA,NA,NA,0
"EpiLPS (MALA)","negbin","SD -60%",7.5,1.36,"gradual20_1.1_to_1.3",2000,100,4,4,1.1,NA,NA,NA,NA,NA,NA,0
"EpiLPS (MALA)","negbin","SD -60%",7.5,1.36,"gradual20_1.1_to_1.3",2000,100,5,5,1.1,NA,NA,NA,NA,NA,NA,0
"EpiLPS (MALA)","negbin","SD -60%",7.5,1.36,"gradual20_1.1_to_1.3",2000,100,6,6,1.1,NA,NA,NA,NA,NA,NA,0
"EpiLPS (MALA)","negbin","SD -60%",7.5,1.36,"gradual20_1.1_to_1.3",2000,100,7,7,1.1,NA,NA,NA,NA,NA,NA,0
"EpiLPS (MALA)","negbin","SD -60%",7.5,1.36,"gradual20_1.1_to_1.3",2000,100,8,8,1.1,306.784385191722,234.028114950955,410.199489045359,239.929044199376,389.92205322769,0,100
"EpiLPS (MALA)","negbin","SD -60%",7.5,1.36,"gradual20_1.1_to_1.3",2000,100,9,9,1.1,3184200040211.43,2880437343507.49,3518212772023.52,3016229614687.53,3400300256301.6,0,100
"EpiLPS (MALA)","negbin","SD -60%",7.5,1.36,"gradual20_1.1_to_1.3",2000,100,10,10,1.1,5054131.97239612,4217299.30863567,6047663.02432561,4550347.19960089,5739705.33067599,0,100
"EpiLPS (MALA)","negbin","SD -60%",7.5,1.36,"gradual20_1.1_to_1.3",2000,100,11,11,1.1,7241.38132224401,5676.01510773629,9203.91809945192,6203.98346724793,8704.49682390335,0,100
"EpiLPS (MALA)","negbin","SD -60%",7.5,1.36,"gradual20_1.1_to_1.3",2000,100,12,12,1.1,163.324663740277,122.845138261031,215.95219244274,135.222220168723,205.537859350799,0,100
"EpiLPS (MALA)","negbin","SD -60%",7.5,1.36,"gradual20_1.1_to_1.3",2000,100,13,13,1.1,16.5456374927554,12.184199183418,22.2586270971604,13.4645904495501,21.5101705511149,0,100
"EpiLPS (MALA)","negbin","SD -60%",7.5,1.36,"gradual20_1.1_to_1.3",2000,100,14,14,1.1,4.25781820920098,3.11887880617442,5.75215079353812,3.41587184821599,5.605992206959,0,100
"EpiLPS (MALA)","negbin","SD -60%",7.5,1.36,"gradual20_1.1_to_1.3",2000,100,15,15,1.1,1.99862538705166,1.48098314538219,2.6730584625789,1.58728364799826,2.61378474974268,0.01,100
"EpiLPS (MALA)","negbin","SD -60%",7.5,1.36,"gradual20_1.1_to_1.3",2000,100,16,16,1.1,1.3675309323836,1.038769226794,1.78897993303225,1.07552574593464,1.74194975421134,0.66,100
"EpiLPS (MALA)","negbin","SD -60%",7.5,1.36,"gradual20_1.1_to_1.3",2000,100,17,17,1.1,1.16173825076382,0.906485880082678,1.48517132086268,0.921348208784121,1.43202904555536,0.95,100
"EpiLPS (MALA)","negbin","SD -60%",7.5,1.36,"gradual20_1.1_to_1.3",2000,100,18,18,1.1,1.09868495199688,0.874905146297584,1.38398491848433,0.867887649061385,1.33570566538949,0.93,100
"EpiLPS (MALA)","negbin","SD -60%",7.5,1.36,"gradual20_1.1_to_1.3",2000,100,19,19,1.1,1.08485695646767,0.876859712350614,1.34951148783598,0.855190215761089,1.30400594056303,0.96,100
"EpiLPS (MALA)","negbin","SD -60%",7.5,1.36,"gradual20_1.1_to_1.3",2000,100,20,20,1.1,1.08542973429479,0.8836900698721,1.33860608457915,0.870651445443688,1.29304307144001,0.96,100
"EpiLPS (MALA)","negbin","SD -60%",7.5,1.36,"gradual20_1.1_to_1.3",2000,100,21,21,1.1,1.08952143024807,0.885921473267778,1.34061286266824,0.912654614589103,1.27478366185626,0.98,100
"EpiLPS (MALA)","negbin","SD -60%",7.5,1.36,"gradual20_1.1_to_1.3",2000,100,22,22,1.1,1.09336106702458,0.889016269791533,1.34622719845921,0.911398948652407,1.27413342634435,0.99,100
"EpiLPS (MALA)","negbin","SD -60%",7.5,1.36,"gradual20_1.1_to_1.3",2000,100,23,23,1.1,1.09681577623513,0.893399533439745,1.35007003625193,0.921706142920693,1.27106050074541,0.97,100
"EpiLPS (MALA)","negbin","SD -60%",7.5,1.36,"gradual20_1.1_to_1.3",2000,100,24,24,1.1,1.0989978425005,0.895585225724126,1.35230522989979,0.923578639279303,1.25279545261932,0.98,100
"EpiLPS (MALA)","negbin","SD -60%",7.5,1.36,"gradual20_1.1_to_1.3",2000,100,25,25,1.1,1.10148425030931,0.895889558495012,1.35606591440364,0.934830124681065,1.26103738521341,0.99,100
"EpiLPS (MALA)","negbin","SD -60%",7.5,1.36,"gradual20_1.1_to_1.3",2000,100,26,26,1.1,1.10239619267413,0.897259434778038,1.35263523977655,0.932072950973129,1.28994543474546,0.99,100
"EpiLPS (MALA)","negbin","SD -60%",7.5,1.36,"gradual20_1.1_to_1.3",2000,100,27,27,1.1,1.10154016003927,0.898069664833468,1.3469377495862,0.960054227120834,1.26654152670066,0.98,100
"EpiLPS (MALA)","negbin","SD -60%",7.5,1.36,"gradual20_1.1_to_1.3",2000,100,28,28,1.1,1.09987292925832,0.895274663722316,1.34960695773415,0.930802560836886,1.25342814881281,0.97,100
"EpiLPS (MALA)","negbin","SD -60%",7.5,1.36,"gradual20_1.1_to_1.3",2000,100,29,29,1.1,1.09698448334657,0.893786823044162,1.34868699424709,0.931721614899574,1.26518359363055,0.98,100
"EpiLPS (MALA)","negbin","SD -60%",7.5,1.36,"gradual20_1.1_to_1.3",2000,100,30,30,1.1,1.09372799107763,0.893712108293071,1.34063679200766,0.926567036851143,1.26534933371205,0.97,100
"EpiLPS (MALA)","negbin","SD -60%",7.5,1.36,"gradual20_1.1_to_1.3",2000,100,31,31,1.1,1.08985520837558,0.889527704511438,1.33060535724976,0.917990117431141,1.26785156871151,0.98,100
"EpiLPS (MALA)","negbin","SD -60%",7.5,1.36,"gradual20_1.1_to_1.3",2000,100,32,32,1.1,1.08662226164018,0.886371352301285,1.32310521335055,0.925252938954915,1.25731782416185,0.98,100
"EpiLPS (MALA)","negbin","SD -60%",7.5,1.36,"gradual20_1.1_to_1.3",2000,100,33,33,1.1,1.08392011569153,0.885715233324823,1.31800989453399,0.929872809768729,1.22595881626147,0.97,100
"EpiLPS (MALA)","negbin","SD -60%",7.5,1.36,"gradual20_1.1_to_1.3",2000,100,34,34,1.1,1.08205153298385,0.88455550181254,1.31936081901717,0.934723909821921,1.23316064164502,0.98,100
"EpiLPS (MALA)","negbin","SD -60%",7.5,1.36,"gradual20_1.1_to_1.3",2000,100,35,35,1.1,1.08242732933222,0.882750574385134,1.32818337438322,0.938264458655952,1.24654558374809,1,100
"EpiLPS (MALA)","negbin","SD -60%",7.5,1.36,"gradual20_1.1_to_1.3",2000,100,36,36,1.1,1.08508988176499,0.885431848053906,1.33434791308076,0.941473863042902,1.25667963147819,1,100
"EpiLPS (MALA)","negbin","SD -60%",7.5,1.36,"gradual20_1.1_to_1.3",2000,100,37,37,1.1,1.08900270804083,0.889313052269258,1.33809502741957,0.923202505779327,1.26277842853928,1,100
"EpiLPS (MALA)","negbin","SD -60%",7.5,1.36,"gradual20_1.1_to_1.3",2000,100,38,38,1.1,1.09489963810767,0.891309720691432,1.34554294624205,0.917111479928263,1.26802754958455,1,100
"EpiLPS (MALA)","negbin","SD -60%",7.5,1.36,"gradual20_1.1_to_1.3",2000,100,39,39,1.1,1.10220735823566,0.8953510761608,1.35624408513165,0.910480358281149,1.27397564639153,0.98,100
"EpiLPS (MALA)","negbin","SD -60%",7.5,1.36,"gradual20_1.1_to_1.3",2000,100,40,40,1.1,1.10843211026607,0.904295816264149,1.36264297020696,0.92856155963923,1.29185685112965,0.98,100
"EpiLPS (MALA)","negbin","SD -60%",7.5,1.36,"gradual20_1.1_to_1.3",2000,100,41,41,1.1,1.11300703025617,0.910779208935858,1.36908800991085,0.944282792052589,1.30114049633648,0.98,100
"EpiLPS (MALA)","negbin","SD -60%",7.5,1.36,"gradual20_1.1_to_1.3",2000,100,42,42,1.1,1.11606581250035,0.9125624902074,1.37440586243595,0.949730556466199,1.31500763017909,0.98,100
"EpiLPS (MALA)","negbin","SD -60%",7.5,1.36,"gradual20_1.1_to_1.3",2000,100,43,43,1.1,1.11839754681901,0.914883562316177,1.37286489811681,0.948463405209031,1.31324775760418,0.98,100
"EpiLPS (MALA)","negbin","SD -60%",7.5,1.36,"gradual20_1.1_to_1.3",2000,100,44,44,1.1,1.118838768974,0.916219817280038,1.3690516425892,0.946525777814624,1.29415552639071,0.97,100
"EpiLPS (MALA)","negbin","SD -60%",7.5,1.36,"gradual20_1.1_to_1.3",2000,100,45,45,1.1,1.11788568213463,0.913610846612215,1.37328351422711,0.951860086108924,1.29715429809467,0.96,100
"EpiLPS (MALA)","negbin","SD -60%",7.5,1.36,"gradual20_1.1_to_1.3",2000,100,46,46,1.1,1.11604421226954,0.911492786523228,1.37217667901931,0.933422372748322,1.30143612655753,0.97,100
"EpiLPS (MALA)","negbin","SD -60%",7.5,1.36,"gradual20_1.1_to_1.3",2000,100,47,47,1.1,1.1141531232214,0.91055192489989,1.36715884479943,0.929667976491631,1.28560955446063,0.96,100
"EpiLPS (MALA)","negbin","SD -60%",7.5,1.36,"gradual20_1.1_to_1.3",2000,100,48,48,1.1,1.11328689841463,0.908693333558452,1.36430413449654,0.938865281893983,1.26785033403558,0.99,100
"EpiLPS (MALA)","negbin","SD -60%",7.5,1.36,"gradual20_1.1_to_1.3",2000,100,49,49,1.1,1.11375371450039,0.908418635131145,1.36543716733277,0.95827465418875,1.27739779244324,1,100
"EpiLPS (MALA)","negbin","SD -60%",7.5,1.36,"gradual20_1.1_to_1.3",2000,100,50,50,1.11,1.11587089572365,0.913031763381563,1.36660020900988,0.964674455899327,1.28005146035666,0.99,100
"EpiLPS (MALA)","negbin","SD -60%",7.5,1.36,"gradual20_1.1_to_1.3",2000,100,51,51,1.12,1.12130497743218,0.919190892565711,1.37061563391103,0.968367355579346,1.30153417152582,0.99,100
"EpiLPS (MALA)","negbin","SD -60%",7.5,1.36,"gradual20_1.1_to_1.3",2000,100,52,52,1.13,1.12919669221103,0.9217118887888,1.37918912472107,0.966332297601728,1.31055616033266,0.97,100
"EpiLPS (MALA)","negbin","SD -60%",7.5,1.36,"gradual20_1.1_to_1.3",2000,100,53,53,1.14,1.13794196953462,0.927854768568789,1.38912077679285,0.962271221661156,1.37047715646089,0.96,100
"EpiLPS (MALA)","negbin","SD -60%",7.5,1.36,"gradual20_1.1_to_1.3",2000,100,54,54,1.15,1.14659086740901,0.937930991314829,1.39991121411086,0.967849282615285,1.40847345635741,0.93,100
"EpiLPS (MALA)","negbin","SD -60%",7.5,1.36,"gradual20_1.1_to_1.3",2000,100,55,55,1.16,1.15468894130313,0.946186755547243,1.41523292524309,0.979712807742493,1.41536414467915,0.94,100
"EpiLPS (MALA)","negbin","SD -60%",7.5,1.36,"gradual20_1.1_to_1.3",2000,100,56,56,1.17,1.16304008223096,0.953441855920651,1.42994158282556,1.00513738184007,1.36596512874799,0.97,100
"EpiLPS (MALA)","negbin","SD -60%",7.5,1.36,"gradual20_1.1_to_1.3",2000,100,57,57,1.18,1.1720074655331,0.963092631398513,1.44052784872329,1.02635491612521,1.3631647929586,0.97,100
"EpiLPS (MALA)","negbin","SD -60%",7.5,1.36,"gradual20_1.1_to_1.3",2000,100,58,58,1.19,1.1815289766608,0.969713683402632,1.44728766851294,1.02751070150799,1.38285302796329,0.99,100
"EpiLPS (MALA)","negbin","SD -60%",7.5,1.36,"gradual20_1.1_to_1.3",2000,100,59,59,1.2,1.19157644810838,0.974219130256377,1.45973718342652,1.03740259124269,1.40399852879316,1,100
"EpiLPS (MALA)","negbin","SD -60%",7.5,1.36,"gradual20_1.1_to_1.3",2000,100,60,60,1.21,1.20101170533942,0.981559627802927,1.46957065786267,1.02629297065561,1.40039901548242,1,100
"EpiLPS (MALA)","negbin","SD -60%",7.5,1.36,"gradual20_1.1_to_1.3",2000,100,61,61,1.22,1.21026562263057,0.989600257122805,1.48037895074593,1.02213567288091,1.41080824015918,0.97,100
"EpiLPS (MALA)","negbin","SD -60%",7.5,1.36,"gradual20_1.1_to_1.3",2000,100,62,62,1.23,1.21891746545004,0.995239398720967,1.49304657334362,1.02614197034097,1.40933814262907,0.98,100
"EpiLPS (MALA)","negbin","SD -60%",7.5,1.36,"gradual20_1.1_to_1.3",2000,100,63,63,1.24,1.22739541366297,1.00113892524901,1.50409108586152,1.03074043097553,1.44566501332485,0.97,100
"EpiLPS (MALA)","negbin","SD -60%",7.5,1.36,"gradual20_1.1_to_1.3",2000,100,64,64,1.25,1.23463389053995,1.00953754605093,1.51062043632622,1.03072741244256,1.48026482661045,0.95,100
"EpiLPS (MALA)","negbin","SD -60%",7.5,1.36,"gradual20_1.1_to_1.3",2000,100,65,65,1.26,1.2425026909987,1.01607708059115,1.52122923921659,1.03676129039725,1.51219647190054,0.95,100
"EpiLPS (MALA)","negbin","SD -60%",7.5,1.36,"gradual20_1.1_to_1.3",2000,100,66,66,1.27,1.24982097688186,1.01906671302995,1.52999213327739,1.05294895805549,1.50949622948625,0.97,100
"EpiLPS (MALA)","negbin","SD -60%",7.5,1.36,"gradual20_1.1_to_1.3",2000,100,67,67,1.28,1.25721685477696,1.02664417314028,1.53807919377286,1.06917830366932,1.49330842952221,0.95,100
"EpiLPS (MALA)","negbin","SD -60%",7.5,1.36,"gradual20_1.1_to_1.3",2000,100,68,68,1.29,1.26437303221016,1.03385208287587,1.5483826478311,1.07920961031248,1.47873902280151,0.97,100
"EpiLPS (MALA)","negbin","SD -60%",7.5,1.36,"gradual20_1.1_to_1.3",2000,100,69,69,1.3,1.27285827613549,1.03947792820496,1.56401847246463,1.08165859667327,1.49350081296291,0.97,100
"EpiLPS (MALA)","negbin","SD -60%",7.5,1.36,"gradual20_1.1_to_1.3",2000,100,70,70,1.3,1.28181860504427,1.04677568175952,1.57251897540025,1.08547455467432,1.50393509455051,0.99,100
"EpiLPS (MALA)","negbin","SD -60%",7.5,1.36,"gradual20_1.1_to_1.3",2000,100,71,71,1.3,1.29086492966159,1.05628562839039,1.57768643502299,1.09574984106661,1.48996470661544,0.98,100
"EpiLPS (MALA)","negbin","SD -60%",7.5,1.36,"gradual20_1.1_to_1.3",2000,100,72,72,1.3,1.29966401525554,1.06253474043541,1.5890693979124,1.11316641329641,1.47814417092051,0.99,100
"EpiLPS (MALA)","negbin","SD -60%",7.5,1.36,"gradual20_1.1_to_1.3",2000,100,73,73,1.3,1.30598619130244,1.06906357051123,1.59732772308663,1.1250441135655,1.50922862578434,0.98,100
"EpiLPS (MALA)","negbin","SD -60%",7.5,1.36,"gradual20_1.1_to_1.3",2000,100,74,74,1.3,1.31018610990915,1.07743998712507,1.60126068598448,1.12502720395258,1.50962723864809,0.99,100
"EpiLPS (MALA)","negbin","SD -60%",7.5,1.36,"gradual20_1.1_to_1.3",2000,100,75,75,1.3,1.3144111280312,1.08106743832772,1.60958344431686,1.10619857325848,1.51164413258143,0.99,100
"EpiLPS (MALA)","negbin","SD -60%",7.5,1.36,"gradual20_1.1_to_1.3",2000,100,76,76,1.3,1.31775438554671,1.08097776164939,1.61834277660541,1.09077492299709,1.51662464096224,1,100
"EpiLPS (MALA)","negbin","SD -60%",7.5,1.36,"gradual20_1.1_to_1.3",2000,100,77,77,1.3,1.31897790147458,1.08091619895455,1.61968278750173,1.10167378031828,1.53137931267162,1,100
"EpiLPS (MALA)","negbin","SD -60%",7.5,1.36,"gradual20_1.1_to_1.3",2000,100,78,78,1.3,1.3181835368068,1.07734100253909,1.61580549669956,1.11209007673169,1.53034396472858,1,100
"EpiLPS (MALA)","negbin","SD -60%",7.5,1.36,"gradual20_1.1_to_1.3",2000,100,79,79,1.3,1.31550131129027,1.07277501605995,1.61728273969096,1.10886580477921,1.52071501365851,1,100
"EpiLPS (MALA)","negbin","SD -60%",7.5,1.36,"gradual20_1.1_to_1.3",2000,100,80,80,1.3,1.31393901192234,1.07002500910208,1.61089682367329,1.10988639884013,1.48795450062291,0.99,100
"EpiLPS (MALA)","negbin","SD -60%",7.5,1.36,"gradual20_1.1_to_1.3",2000,100,81,81,1.3,1.31175868970905,1.07280878415261,1.60469662111194,1.12110176295825,1.48529063367154,0.99,100
"EpiLPS (MALA)","negbin","SD -60%",7.5,1.36,"gradual20_1.1_to_1.3",2000,100,82,82,1.3,1.30979825079415,1.07347414924792,1.60251557211033,1.12188399163697,1.47656300770476,0.99,100
"EpiLPS (MALA)","negbin","SD -60%",7.5,1.36,"gradual20_1.1_to_1.3",2000,100,83,83,1.3,1.30944882023006,1.07344835920191,1.60667743588374,1.12634292356506,1.48188825876815,0.98,100
"EpiLPS (MALA)","negbin","SD -60%",7.5,1.36,"gradual20_1.1_to_1.3",2000,100,84,84,1.3,1.31079611955424,1.07394868922406,1.60723755893718,1.12878413042408,1.49513797863747,0.99,100
"EpiLPS (MALA)","negbin","SD -60%",7.5,1.36,"gradual20_1.1_to_1.3",2000,100,85,85,1.3,1.31316081428958,1.07572024461795,1.60938850174807,1.14030213300031,1.49707676022262,0.99,100
"EpiLPS (MALA)","negbin","SD -60%",7.5,1.36,"gradual20_1.1_to_1.3",2000,100,86,86,1.3,1.31590183589169,1.07283881746356,1.61494928216094,1.12896792837871,1.50624045640836,0.99,100
"EpiLPS (MALA)","negbin","SD -60%",7.5,1.36,"gradual20_1.1_to_1.3",2000,100,87,87,1.3,1.31752237409718,1.07475922386519,1.61498411199732,1.12517909832639,1.52975848219618,0.99,100
"EpiLPS (MALA)","negbin","SD -60%",7.5,1.36,"gradual20_1.1_to_1.3",2000,100,88,88,1.3,1.31880657225224,1.08023126140256,1.61188558823783,1.13403776851842,1.53757177419577,0.99,100
"EpiLPS (MALA)","negbin","SD -60%",7.5,1.36,"gradual20_1.1_to_1.3",2000,100,89,89,1.3,1.3192057217144,1.08118982477089,1.61378206825485,1.14034319942178,1.55010616663786,0.98,100
"EpiLPS (MALA)","negbin","SD -60%",7.5,1.36,"gradual20_1.1_to_1.3",2000,100,90,90,1.3,1.31929796111311,1.08219476279697,1.61698915876791,1.13023468147904,1.54662110505373,0.97,100
"EpiLPS (MALA)","negbin","SD -60%",7.5,1.36,"gradual20_1.1_to_1.3",2000,100,91,91,1.3,1.3192146937671,1.08340480273729,1.61622329463119,1.13221618653175,1.54565400697641,0.96,100
"EpiLPS (MALA)","negbin","SD -60%",7.5,1.36,"gradual20_1.1_to_1.3",2000,100,92,92,1.3,1.31860846809028,1.08103414721776,1.61615379600458,1.12856975624431,1.55595934677095,0.95,100
"EpiLPS (MALA)","negbin","SD -60%",7.5,1.36,"gradual20_1.1_to_1.3",2000,100,93,93,1.3,1.31680909504207,1.0768358155657,1.62107948259697,1.12213298168317,1.57955207391954,0.95,100
"EpiLPS (MALA)","negbin","SD -60%",7.5,1.36,"gradual20_1.1_to_1.3",2000,100,94,94,1.3,1.31341227485318,1.07314631175839,1.61355055541408,1.12378861820657,1.61012973110628,0.94,100
"EpiLPS (MALA)","negbin","SD -60%",7.5,1.36,"gradual20_1.1_to_1.3",2000,100,95,95,1.3,1.30917940804452,1.07077927260734,1.60668098067126,1.11193577490025,1.6288403251585,0.94,100
"EpiLPS (MALA)","negbin","SD -60%",7.5,1.36,"gradual20_1.1_to_1.3",2000,100,96,96,1.3,1.30592365815464,1.06423644880883,1.60524050521741,1.11972991188202,1.61147700997899,0.96,100
"EpiLPS (MALA)","negbin","SD -60%",7.5,1.36,"gradual20_1.1_to_1.3",2000,100,97,97,1.3,1.30203981168082,1.05574443145497,1.606924269345,1.12286971251586,1.55301465627166,0.97,100
"EpiLPS (MALA)","negbin","SD -60%",7.5,1.36,"gradual20_1.1_to_1.3",2000,100,98,98,1.3,1.29959877366658,1.03823093916494,1.62624386303663,1.09662404240845,1.53032226552614,0.98,100
"EpiLPS (MALA)","negbin","SD -60%",7.5,1.36,"gradual20_1.1_to_1.3",2000,100,99,99,1.3,1.29736608206938,1.00218752841496,1.68554588836132,1.05789683648086,1.6014427473702,0.98,100
"EpiLPS (MALA)","negbin","SD -60%",7.5,1.36,"gradual20_1.1_to_1.3",2000,100,100,100,1.3,1.29666550518418,0.944894633885688,1.80334855754182,1.0153296873486,1.67463202918535,0.98,100
"EpiEstim","poisson","SD +60%",7.5,5.44,"gradual20_1.1_to_1.3",2000,100,2,2,1.1,NA,NA,NA,NA,NA,NA,0
"EpiEstim","poisson","SD +60%",7.5,5.44,"gradual20_1.1_to_1.3",2000,100,3,3,1.1,NA,NA,NA,NA,NA,NA,0
"EpiEstim","poisson","SD +60%",7.5,5.44,"gradual20_1.1_to_1.3",2000,100,4,4,1.1,NA,NA,NA,NA,NA,NA,0
"EpiEstim","poisson","SD +60%",7.5,5.44,"gradual20_1.1_to_1.3",2000,100,5,5,1.1,NA,NA,NA,NA,NA,NA,0
"EpiEstim","poisson","SD +60%",7.5,5.44,"gradual20_1.1_to_1.3",2000,100,6,6,1.1,NA,NA,NA,NA,NA,NA,0
"EpiEstim","poisson","SD +60%",7.5,5.44,"gradual20_1.1_to_1.3",2000,100,7,7,1.1,NA,NA,NA,NA,NA,NA,0
"EpiEstim","poisson","SD +60%",7.5,5.44,"gradual20_1.1_to_1.3",2000,100,8,8,1.1,1.34675064847854,1.20342253054625,1.5010432383331,1.20511161048907,1.51606851670735,0.09,100
"EpiEstim","poisson","SD +60%",7.5,5.44,"gradual20_1.1_to_1.3",2000,100,9,9,1.1,1.27311640049147,1.1367737698394,1.4199575542743,1.1609823439149,1.42283886876344,0.31,100
"EpiEstim","poisson","SD +60%",7.5,5.44,"gradual20_1.1_to_1.3",2000,100,10,10,1.1,1.20869218164864,1.07852999468444,1.34893813493758,1.08906589775256,1.38185797690843,0.66,100
"EpiEstim","poisson","SD +60%",7.5,5.44,"gradual20_1.1_to_1.3",2000,100,11,11,1.1,1.17914998081092,1.05270910828834,1.31534005275273,1.04157138310837,1.28701712722515,0.76,100
"EpiEstim","poisson","SD +60%",7.5,5.44,"gradual20_1.1_to_1.3",2000,100,12,12,1.1,1.16100045514171,1.03725638101045,1.29422634404236,1.01860161646368,1.2807648743452,0.83,100
"EpiEstim","poisson","SD +60%",7.5,5.44,"gradual20_1.1_to_1.3",2000,100,13,13,1.1,1.14959877078743,1.02789607094118,1.28055772810567,1.0300628080157,1.26785987246958,0.88,100
"EpiEstim","poisson","SD +60%",7.5,5.44,"gradual20_1.1_to_1.3",2000,100,14,14,1.1,1.14294906181753,1.02287040903265,1.27208651768948,1.02904395280811,1.27616316772206,0.89,100
"EpiEstim","poisson","SD +60%",7.5,5.44,"gradual20_1.1_to_1.3",2000,100,15,15,1.1,1.13085472699013,1.01257896056319,1.25801067418315,1.01847556821325,1.25319148241664,0.91,100
"EpiEstim","poisson","SD +60%",7.5,5.44,"gradual20_1.1_to_1.3",2000,100,16,16,1.1,1.11398548997957,0.997664154915513,1.23902349930784,1.01239185217801,1.22172961653943,0.95,100
"EpiEstim","poisson","SD +60%",7.5,5.44,"gradual20_1.1_to_1.3",2000,100,17,17,1.1,1.12683496922031,1.01076839886141,1.25147220238788,1.00766842026935,1.24187706353057,0.94,100
"EpiEstim","poisson","SD +60%",7.5,5.44,"gradual20_1.1_to_1.3",2000,100,18,18,1.1,1.12339506590295,1.00840372258934,1.24682189599998,1.00482958046164,1.23147732025688,0.92,100
"EpiEstim","poisson","SD +60%",7.5,5.44,"gradual20_1.1_to_1.3",2000,100,19,19,1.1,1.1074383008722,0.99418886815034,1.22898777755715,0.971382495712873,1.2365942946523,0.9,100
"EpiEstim","poisson","SD +60%",7.5,5.44,"gradual20_1.1_to_1.3",2000,100,20,20,1.1,1.10349395222413,0.991288847340145,1.22387200246783,0.982173295121626,1.22238261745253,0.93,100
"EpiEstim","poisson","SD +60%",7.5,5.44,"gradual20_1.1_to_1.3",2000,100,21,21,1.1,1.10372610305864,0.992262342858475,1.22324775009064,0.99822025235932,1.20615354636729,0.98,100
"EpiEstim","poisson","SD +60%",7.5,5.44,"gradual20_1.1_to_1.3",2000,100,22,22,1.1,1.1036345641544,0.992910572070788,1.22230727358964,0.990795447948831,1.20025320335918,0.97,100
"EpiEstim","poisson","SD +60%",7.5,5.44,"gradual20_1.1_to_1.3",2000,100,23,23,1.1,1.10700721018763,0.996819805863502,1.22503685417187,1.01708389988836,1.21852801388608,0.95,100
"EpiEstim","poisson","SD +60%",7.5,5.44,"gradual20_1.1_to_1.3",2000,100,24,24,1.1,1.11150125900509,1.00180979548275,1.22892965809075,1.01444007749693,1.19899249934455,0.96,100
"EpiEstim","poisson","SD +60%",7.5,5.44,"gradual20_1.1_to_1.3",2000,100,25,25,1.1,1.09957081096293,0.991222644973829,1.21554946819697,0.992402015971632,1.22491560902299,0.93,100
"EpiEstim","poisson","SD +60%",7.5,5.44,"gradual20_1.1_to_1.3",2000,100,26,26,1.1,1.10878914754658,1.00069296257772,1.22441173720803,1.00129127369694,1.2267345215181,0.93,100
"EpiEstim","poisson","SD +60%",7.5,5.44,"gradual20_1.1_to_1.3",2000,100,27,27,1.1,1.09517891073518,0.988450906478103,1.20933356525585,0.994727918955156,1.19540884444898,0.95,100
"EpiEstim","poisson","SD +60%",7.5,5.44,"gradual20_1.1_to_1.3",2000,100,28,28,1.1,1.09800846280544,0.991820622087891,1.21152458261353,1.01448716492143,1.20942361367834,0.97,100
"EpiEstim","poisson","SD +60%",7.5,5.44,"gradual20_1.1_to_1.3",2000,100,29,29,1.1,1.10825749637889,1.00222080902901,1.22153040537414,0.998864989685884,1.21170296047443,0.95,100
"EpiEstim","poisson","SD +60%",7.5,5.44,"gradual20_1.1_to_1.3",2000,100,30,30,1.1,1.10346064143471,0.998319943595188,1.21574416289866,1.00682251599429,1.20823188714234,0.96,100
"EpiEstim","poisson","SD +60%",7.5,5.44,"gradual20_1.1_to_1.3",2000,100,31,31,1.1,1.11012932428222,1.00534104547205,1.2219649290492,1.01067947399636,1.20792198865611,0.95,100
"EpiEstim","poisson","SD +60%",7.5,5.44,"gradual20_1.1_to_1.3",2000,100,32,32,1.1,1.09248191211576,0.989235558607779,1.20268095790519,0.989235134309627,1.19807881742804,0.94,100
"EpiEstim","poisson","SD +60%",7.5,5.44,"gradual20_1.1_to_1.3",2000,100,33,33,1.1,1.10155658975273,0.998522840336922,1.21145091348442,1.01133165488871,1.1845389328022,0.98,100
"EpiEstim","poisson","SD +60%",7.5,5.44,"gradual20_1.1_to_1.3",2000,100,34,34,1.1,1.09877586346264,0.99650604481316,1.20782032118227,1.01597165883484,1.20228592083365,0.98,100
"EpiEstim","poisson","SD +60%",7.5,5.44,"gradual20_1.1_to_1.3",2000,100,35,35,1.1,1.09465172819668,0.993220926344477,1.20277041447508,1.00638589611051,1.20074440275114,0.96,100
"EpiEstim","poisson","SD +60%",7.5,5.44,"gradual20_1.1_to_1.3",2000,100,36,36,1.1,1.09904824088651,0.998021054811515,1.20667941084541,1.01762498018416,1.17838663166611,0.98,100
"EpiEstim","poisson","SD +60%",7.5,5.44,"gradual20_1.1_to_1.3",2000,100,37,37,1.1,1.09286042992139,0.992731967391534,1.19951115385514,1.00824276259948,1.18979151896559,0.97,100
"EpiEstim","poisson","SD +60%",7.5,5.44,"gradual20_1.1_to_1.3",2000,100,38,38,1.1,1.10830981757942,1.00806422878802,1.21499689579063,1.01840549057966,1.19011886479756,0.99,100
"EpiEstim","poisson","SD +60%",7.5,5.44,"gradual20_1.1_to_1.3",2000,100,39,39,1.1,1.10890908687138,1.00925523965211,1.21492366667729,1.01245333123545,1.2111053726533,0.96,100
"EpiEstim","poisson","SD +60%",7.5,5.44,"gradual20_1.1_to_1.3",2000,100,40,40,1.1,1.10021674152724,1.00160554786652,1.2051031526054,1.00388225044079,1.18335072487365,0.97,100
"EpiEstim","poisson","SD +60%",7.5,5.44,"gradual20_1.1_to_1.3",2000,100,41,41,1.1,1.09927782125013,1.00135719046081,1.20338964576989,0.99268336287321,1.20797652882624,0.93,100
"EpiEstim","poisson","SD +60%",7.5,5.44,"gradual20_1.1_to_1.3",2000,100,42,42,1.1,1.09884225899745,1.00155095755546,1.20224482528928,0.992697644612423,1.19743362375176,0.96,100
"EpiEstim","poisson","SD +60%",7.5,5.44,"gradual20_1.1_to_1.3",2000,100,43,43,1.1,1.09511062711866,0.998599666358855,1.19765489522649,1.01978623992535,1.20114551423259,0.97,100
"EpiEstim","poisson","SD +60%",7.5,5.44,"gradual20_1.1_to_1.3",2000,100,44,44,1.1,1.10987126211534,1.01328458119268,1.2124154590904,1.02850069830673,1.22704434788343,0.94,100
"EpiEstim","poisson","SD +60%",7.5,5.44,"gradual20_1.1_to_1.3",2000,100,45,45,1.1,1.09703119616092,1.00162055450067,1.19832320628195,1.01328471540303,1.18797645945959,0.96,100
"EpiEstim","poisson","SD +60%",7.5,5.44,"gradual20_1.1_to_1.3",2000,100,46,46,1.1,1.0916268553964,0.997059288226599,1.19199800321594,1.0017197548465,1.20269932520417,0.92,100
"EpiEstim","poisson","SD +60%",7.5,5.44,"gradual20_1.1_to_1.3",2000,100,47,47,1.1,1.09463188569035,1.00051799694133,1.19447721434012,0.994714922929559,1.18870938997375,0.94,100
"EpiEstim","poisson","SD +60%",7.5,5.44,"gradual20_1.1_to_1.3",2000,100,48,48,1.1,1.09913988393591,1.00537597934374,1.1985660405771,0.998801012166862,1.19883774000216,0.93,100
"EpiEstim","poisson","SD +60%",7.5,5.44,"gradual20_1.1_to_1.3",2000,100,49,49,1.1,1.09716930607884,1.00405450970916,1.19587682882783,1.0074367188559,1.1888858223456,0.96,100
"EpiEstim","poisson","SD +60%",7.5,5.44,"gradual20_1.1_to_1.3",2000,100,50,50,1.11,1.11371538057979,1.02044063923035,1.21251295022691,1.0262311829017,1.19646424988406,0.98,100
"EpiEstim","poisson","SD +60%",7.5,5.44,"gradual20_1.1_to_1.3",2000,100,51,51,1.12,1.12614082899209,1.0329382806627,1.22479449985152,1.04561513773239,1.23935574392605,0.95,100
"EpiEstim","poisson","SD +60%",7.5,5.44,"gradual20_1.1_to_1.3",2000,100,52,52,1.13,1.12716462018003,1.03456503534212,1.2251365317559,1.03331359140765,1.21383857362915,0.97,100
"EpiEstim","poisson","SD +60%",7.5,5.44,"gradual20_1.1_to_1.3",2000,100,53,53,1.14,1.13597434111426,1.04371119634503,1.23352643898236,1.04011766411099,1.23563273350187,0.92,100
"EpiEstim","poisson","SD +60%",7.5,5.44,"gradual20_1.1_to_1.3",2000,100,54,54,1.15,1.13967147111538,1.04798925217219,1.23655707806702,1.05921292515403,1.24062411986986,0.95,100
"EpiEstim","poisson","SD +60%",7.5,5.44,"gradual20_1.1_to_1.3",2000,100,55,55,1.16,1.15018105270677,1.05881737036026,1.24665973228534,1.05828417801431,1.23632324040198,0.94,100
"EpiEstim","poisson","SD +60%",7.5,5.44,"gradual20_1.1_to_1.3",2000,100,56,56,1.17,1.16523959281614,1.07405988576172,1.26144339668285,1.08086890181327,1.24394217369486,0.96,100
"EpiEstim","poisson","SD +60%",7.5,5.44,"gradual20_1.1_to_1.3",2000,100,57,57,1.18,1.17111599279557,1.08055945240169,1.26660066917445,1.08413799428183,1.24590271042516,0.95,100
"EpiEstim","poisson","SD +60%",7.5,5.44,"gradual20_1.1_to_1.3",2000,100,58,58,1.19,1.17235544014521,1.082670677273,1.26686749505936,1.07491668798032,1.25619065821285,0.91,100
"EpiEstim","poisson","SD +60%",7.5,5.44,"gradual20_1.1_to_1.3",2000,100,59,59,1.2,1.18423770183107,1.09500825701192,1.27819230978003,1.10312788121284,1.25831722179546,0.95,100
"EpiEstim","poisson","SD +60%",7.5,5.44,"gradual20_1.1_to_1.3",2000,100,60,60,1.21,1.18627648267747,1.09791998369816,1.27925504886927,1.10076373931595,1.27452615101611,0.91,100
"EpiEstim","poisson","SD +60%",7.5,5.44,"gradual20_1.1_to_1.3",2000,100,61,61,1.22,1.19833086202364,1.11051076731272,1.29066775959533,1.09923754559072,1.2862822759354,0.92,100
"EpiEstim","poisson","SD +60%",7.5,5.44,"gradual20_1.1_to_1.3",2000,100,62,62,1.23,1.21661065538663,1.12912965677825,1.30850211449662,1.11777355673541,1.30112283215937,0.93,100
"EpiEstim","poisson","SD +60%",7.5,5.44,"gradual20_1.1_to_1.3",2000,100,63,63,1.24,1.22315559522361,1.13651223274317,1.31409912772744,1.14643329777975,1.31306922673486,0.95,100
"EpiEstim","poisson","SD +60%",7.5,5.44,"gradual20_1.1_to_1.3",2000,100,64,64,1.25,1.23926341365058,1.15317170086831,1.3295410678816,1.14910526926278,1.32249607658026,0.94,100
"EpiEstim","poisson","SD +60%",7.5,5.44,"gradual20_1.1_to_1.3",2000,100,65,65,1.26,1.24363694595948,1.15856957753848,1.33277377143906,1.16563779520387,1.3408504228832,0.95,100
"EpiEstim","poisson","SD +60%",7.5,5.44,"gradual20_1.1_to_1.3",2000,100,66,66,1.27,1.2560466013599,1.17177416750234,1.34426970496171,1.1699043477166,1.34551089319159,0.95,100
"EpiEstim","poisson","SD +60%",7.5,5.44,"gradual20_1.1_to_1.3",2000,100,67,67,1.28,1.25439502586725,1.17142952248687,1.34119192237489,1.15842414331182,1.34136557788561,0.9,100
"EpiEstim","poisson","SD +60%",7.5,5.44,"gradual20_1.1_to_1.3",2000,100,68,68,1.29,1.26408640489194,1.18206636708513,1.34981868263557,1.17718234240145,1.33240044933252,0.89,100
"EpiEstim","poisson","SD +60%",7.5,5.44,"gradual20_1.1_to_1.3",2000,100,69,69,1.3,1.27303262669325,1.1919986748321,1.35766157855122,1.19300013902432,1.35410826761345,0.9,100
"EpiEstim","poisson","SD +60%",7.5,5.44,"gradual20_1.1_to_1.3",2000,100,70,70,1.3,1.28828414357108,1.20806932517901,1.37197694522239,1.20933964367779,1.36212826324192,0.92,100
"EpiEstim","poisson","SD +60%",7.5,5.44,"gradual20_1.1_to_1.3",2000,100,71,71,1.3,1.28283458216048,1.20413095855876,1.3648988277295,1.19639666534863,1.34569578296037,0.91,100
"EpiEstim","poisson","SD +60%",7.5,5.44,"gradual20_1.1_to_1.3",2000,100,72,72,1.3,1.28074118091596,1.20344273175343,1.36128383154877,1.20317868573605,1.35307605028297,0.94,100
"EpiEstim","poisson","SD +60%",7.5,5.44,"gradual20_1.1_to_1.3",2000,100,73,73,1.3,1.28176375615611,1.20574805173945,1.36091165942363,1.19454795484374,1.36991252187946,0.9,100
"EpiEstim","poisson","SD +60%",7.5,5.44,"gradual20_1.1_to_1.3",2000,100,74,74,1.3,1.27304815782101,1.19859583709198,1.35052456572034,1.20316482667978,1.35383632407587,0.88,100
"EpiEstim","poisson","SD +60%",7.5,5.44,"gradual20_1.1_to_1.3",2000,100,75,75,1.3,1.28478052008207,1.21124055549009,1.36124078007872,1.2188588973704,1.35467176309685,0.93,100
"EpiEstim","poisson","SD +60%",7.5,5.44,"gradual20_1.1_to_1.3",2000,100,76,76,1.3,1.28398107223657,1.21171565876229,1.35906693862606,1.21045385005552,1.35556504477388,0.93,100
"EpiEstim","poisson","SD +60%",7.5,5.44,"gradual20_1.1_to_1.3",2000,100,77,77,1.3,1.27793736495985,1.20707911829481,1.35151799258174,1.21920589210689,1.33418700809532,0.95,100
"EpiEstim","poisson","SD +60%",7.5,5.44,"gradual20_1.1_to_1.3",2000,100,78,78,1.3,1.28211277160786,1.21235375856858,1.35449988648973,1.22667347936178,1.35158186857803,0.92,100
"EpiEstim","poisson","SD +60%",7.5,5.44,"gradual20_1.1_to_1.3",2000,100,79,79,1.3,1.29002055129019,1.22123725180844,1.36134140709947,1.22746458906967,1.35462179507078,0.96,100
"EpiEstim","poisson","SD +60%",7.5,5.44,"gradual20_1.1_to_1.3",2000,100,80,80,1.3,1.28546315537749,1.21799090979408,1.35538439955421,1.23694115614307,1.3450960297981,0.97,100
"EpiEstim","poisson","SD +60%",7.5,5.44,"gradual20_1.1_to_1.3",2000,100,81,81,1.3,1.28523354916281,1.21894505348595,1.35388470600114,1.23621315955137,1.33688709221637,0.98,100
"EpiEstim","poisson","SD +60%",7.5,5.44,"gradual20_1.1_to_1.3",2000,100,82,82,1.3,1.28581465537336,1.22066283320531,1.3532462421131,1.22275883295223,1.34933903876658,0.92,100
"EpiEstim","poisson","SD +60%",7.5,5.44,"gradual20_1.1_to_1.3",2000,100,83,83,1.3,1.28364736251484,1.21968589882332,1.34980860082521,1.21812086269802,1.34117907331004,0.89,100
"EpiEstim","poisson","SD +60%",7.5,5.44,"gradual20_1.1_to_1.3",2000,100,84,84,1.3,1.28537155005713,1.22248145736262,1.35038429546636,1.21774499851464,1.34037281695363,0.91,100
"EpiEstim","poisson","SD +60%",7.5,5.44,"gradual20_1.1_to_1.3",2000,100,85,85,1.3,1.28497253078287,1.22318241919212,1.34881104235721,1.2339518997787,1.33764665188901,0.95,100
"EpiEstim","poisson","SD +60%",7.5,5.44,"gradual20_1.1_to_1.3",2000,100,86,86,1.3,1.28251999319919,1.22186213822927,1.34515447935669,1.2353443524302,1.35186053238274,0.95,100
"EpiEstim","poisson","SD +60%",7.5,5.44,"gradual20_1.1_to_1.3",2000,100,87,87,1.3,1.28674260923518,1.22703921089114,1.34835354923341,1.21020749942668,1.34586278812804,0.89,100
"EpiEstim","poisson","SD +60%",7.5,5.44,"gradual20_1.1_to_1.3",2000,100,88,88,1.3,1.28851751639731,1.22980625640995,1.3490696562899,1.22578887316047,1.33847838648066,0.94,100
"EpiEstim","poisson","SD +60%",7.5,5.44,"gradual20_1.1_to_1.3",2000,100,89,89,1.3,1.28867872435173,1.23099338359684,1.34814009667654,1.22691679425462,1.34275740297293,0.93,100
"EpiEstim","poisson","SD +60%",7.5,5.44,"gradual20_1.1_to_1.3",2000,100,90,90,1.3,1.28391252908978,1.22734818285474,1.34219005867876,1.22586312279797,1.33959793597195,0.9,100
"EpiEstim","poisson","SD +60%",7.5,5.44,"gradual20_1.1_to_1.3",2000,100,91,91,1.3,1.28923799487961,1.23354757527341,1.34658116608968,1.23819301955273,1.34123030898093,0.95,100
"EpiEstim","poisson","SD +60%",7.5,5.44,"gradual20_1.1_to_1.3",2000,100,92,92,1.3,1.28442429071024,1.2298106578948,1.34063253309102,1.24428279210345,1.33946511659916,0.96,100
"EpiEstim","poisson","SD +60%",7.5,5.44,"gradual20_1.1_to_1.3",2000,100,93,93,1.3,1.28565715813331,1.23197803273273,1.34087461325937,1.22896711150367,1.33147494395975,0.92,100
"EpiEstim","poisson","SD +60%",7.5,5.44,"gradual20_1.1_to_1.3",2000,100,94,94,1.3,1.29225654021025,1.23937714787229,1.3466202676331,1.23428635570506,1.34374745459591,0.91,100
"EpiEstim","poisson","SD +60%",7.5,5.44,"gradual20_1.1_to_1.3",2000,100,95,95,1.3,1.28668557555164,1.23484895712572,1.33995408281186,1.23975942437574,1.34652837027535,0.91,100
"EpiEstim","poisson","SD +60%",7.5,5.44,"gradual20_1.1_to_1.3",2000,100,96,96,1.3,1.28386928885729,1.23300439277903,1.33611516386752,1.23592702692803,1.32515979331064,0.89,100
"EpiEstim","poisson","SD +60%",7.5,5.44,"gradual20_1.1_to_1.3",2000,100,97,97,1.3,1.29124148449115,1.241127892034,1.34268740454129,1.23518200145052,1.33937567285459,0.94,100
"EpiEstim","poisson","SD +60%",7.5,5.44,"gradual20_1.1_to_1.3",2000,100,98,98,1.3,1.28582482127531,1.23669454363208,1.33624045745907,1.23724166089865,1.34531719166165,0.87,100
"EpiEstim","poisson","SD +60%",7.5,5.44,"gradual20_1.1_to_1.3",2000,100,99,99,1.3,1.28990323446301,1.24156111751251,1.33948513898764,1.24733068139983,1.33539040912131,0.93,100
"EpiEstim","poisson","SD +60%",7.5,5.44,"gradual20_1.1_to_1.3",2000,100,100,100,1.3,1.28703229519602,1.23959470772114,1.33566584746268,1.23939723260397,1.3290373203325,0.94,100
"EpiFilter (smoother)","poisson","SD +60%",7.5,5.44,"gradual20_1.1_to_1.3",2000,100,2,2,1.1,NA,NA,NA,NA,NA,NA,0
"EpiFilter (smoother)","poisson","SD +60%",7.5,5.44,"gradual20_1.1_to_1.3",2000,100,3,3,1.1,NA,NA,NA,NA,NA,NA,0
"EpiFilter (smoother)","poisson","SD +60%",7.5,5.44,"gradual20_1.1_to_1.3",2000,100,4,4,1.1,NA,NA,NA,NA,NA,NA,0
"EpiFilter (smoother)","poisson","SD +60%",7.5,5.44,"gradual20_1.1_to_1.3",2000,100,5,5,1.1,NA,NA,NA,NA,NA,NA,0
"EpiFilter (smoother)","poisson","SD +60%",7.5,5.44,"gradual20_1.1_to_1.3",2000,100,6,6,1.1,NA,NA,NA,NA,NA,NA,0
"EpiFilter (smoother)","poisson","SD +60%",7.5,5.44,"gradual20_1.1_to_1.3",2000,100,7,7,1.1,NA,NA,NA,NA,NA,NA,0
"EpiFilter (smoother)","poisson","SD +60%",7.5,5.44,"gradual20_1.1_to_1.3",2000,100,8,8,1.1,1.2563,1.0243,1.5291,1.17,1.37,0.94,100
"EpiFilter (smoother)","poisson","SD +60%",7.5,5.44,"gradual20_1.1_to_1.3",2000,100,9,9,1.1,1.2507,1.1327,1.3778,1.16475,1.37,0.29,100
"EpiFilter (smoother)","poisson","SD +60%",7.5,5.44,"gradual20_1.1_to_1.3",2000,100,10,10,1.1,1.2079,1.1041,1.3187,1.14,1.30525,0.53,100
"EpiFilter (smoother)","poisson","SD +60%",7.5,5.44,"gradual20_1.1_to_1.3",2000,100,11,11,1.1,1.178,1.0772,1.2852,1.09,1.2605,0.75,100
"EpiFilter (smoother)","poisson","SD +60%",7.5,5.44,"gradual20_1.1_to_1.3",2000,100,12,12,1.1,1.1582,1.06,1.2637,1.0695,1.23525,0.84,100
"EpiFilter (smoother)","poisson","SD +60%",7.5,5.44,"gradual20_1.1_to_1.3",2000,100,13,13,1.1,1.1451,1.0475,1.2491,1.06475,1.22525,0.94,100
"EpiFilter (smoother)","poisson","SD +60%",7.5,5.44,"gradual20_1.1_to_1.3",2000,100,14,14,1.1,1.1365,1.0408,1.2393,1.0595,1.2305,0.92,100
"EpiFilter (smoother)","poisson","SD +60%",7.5,5.44,"gradual20_1.1_to_1.3",2000,100,15,15,1.1,1.1254,1.0299,1.2267,1.05475,1.2105,0.95,100
"EpiFilter (smoother)","poisson","SD +60%",7.5,5.44,"gradual20_1.1_to_1.3",2000,100,16,16,1.1,1.1142,1.0205,1.2139,1.04,1.18525,0.98,100
"EpiFilter (smoother)","poisson","SD +60%",7.5,5.44,"gradual20_1.1_to_1.3",2000,100,17,17,1.1,1.1183,1.0248,1.2184,1.04,1.1905,0.96,100
"EpiFilter (smoother)","poisson","SD +60%",7.5,5.44,"gradual20_1.1_to_1.3",2000,100,18,18,1.1,1.1155,1.0228,1.2149,1.0495,1.19,0.99,100
"EpiFilter (smoother)","poisson","SD +60%",7.5,5.44,"gradual20_1.1_to_1.3",2000,100,19,19,1.1,1.1043,1.0126,1.2021,1.01475,1.18525,0.96,100
"EpiFilter (smoother)","poisson","SD +60%",7.5,5.44,"gradual20_1.1_to_1.3",2000,100,20,20,1.1,1.1003,1.0083,1.1959,1.0295,1.18525,0.98,100
"EpiFilter (smoother)","poisson","SD +60%",7.5,5.44,"gradual20_1.1_to_1.3",2000,100,21,21,1.1,1.0989,1.0084,1.1952,1.02,1.17525,0.99,100
"EpiFilter (smoother)","poisson","SD +60%",7.5,5.44,"gradual20_1.1_to_1.3",2000,100,22,22,1.1,1.0987,1.0087,1.1955,1.02,1.16,1,100
"EpiFilter (smoother)","poisson","SD +60%",7.5,5.44,"gradual20_1.1_to_1.3",2000,100,23,23,1.1,1.1011,1.0114,1.1974,1.04,1.17525,1,100
"EpiFilter (smoother)","poisson","SD +60%",7.5,5.44,"gradual20_1.1_to_1.3",2000,100,24,24,1.1,1.1037,1.0136,1.1991,1.03475,1.17,0.99,100
"EpiFilter (smoother)","poisson","SD +60%",7.5,5.44,"gradual20_1.1_to_1.3",2000,100,25,25,1.1,1.0971,1.0082,1.1915,1.03,1.17525,0.98,100
"EpiFilter (smoother)","poisson","SD +60%",7.5,5.44,"gradual20_1.1_to_1.3",2000,100,26,26,1.1,1.0999,1.0116,1.1944,1.03,1.18,0.98,100
"EpiFilter (smoother)","poisson","SD +60%",7.5,5.44,"gradual20_1.1_to_1.3",2000,100,27,27,1.1,1.0924,1.0043,1.1857,1.02475,1.16525,0.99,100
"EpiFilter (smoother)","poisson","SD +60%",7.5,5.44,"gradual20_1.1_to_1.3",2000,100,28,28,1.1,1.0946,1.0065,1.1878,1.03475,1.17525,1,100
"EpiFilter (smoother)","poisson","SD +60%",7.5,5.44,"gradual20_1.1_to_1.3",2000,100,29,29,1.1,1.1007,1.0137,1.1932,1.03,1.18,0.99,100
"EpiFilter (smoother)","poisson","SD +60%",7.5,5.44,"gradual20_1.1_to_1.3",2000,100,30,30,1.1,1.0994,1.0128,1.1918,1.02475,1.17,0.99,100
"EpiFilter (smoother)","poisson","SD +60%",7.5,5.44,"gradual20_1.1_to_1.3",2000,100,31,31,1.1,1.1016,1.0153,1.1943,1.02475,1.17525,0.98,100
"EpiFilter (smoother)","poisson","SD +60%",7.5,5.44,"gradual20_1.1_to_1.3",2000,100,32,32,1.1,1.0947,1.0086,1.186,1.02,1.17525,0.98,100
"EpiFilter (smoother)","poisson","SD +60%",7.5,5.44,"gradual20_1.1_to_1.3",2000,100,33,33,1.1,1.098,1.0121,1.1887,1.02475,1.16,1,100
"EpiFilter (smoother)","poisson","SD +60%",7.5,5.44,"gradual20_1.1_to_1.3",2000,100,34,34,1.1,1.0961,1.0113,1.1862,1.03475,1.17,0.99,100
"EpiFilter (smoother)","poisson","SD +60%",7.5,5.44,"gradual20_1.1_to_1.3",2000,100,35,35,1.1,1.0936,1.0086,1.1828,1.03,1.16525,0.99,100
"EpiFilter (smoother)","poisson","SD +60%",7.5,5.44,"gradual20_1.1_to_1.3",2000,100,36,36,1.1,1.0954,1.0106,1.1851,1.03,1.15,1,100
"EpiFilter (smoother)","poisson","SD +60%",7.5,5.44,"gradual20_1.1_to_1.3",2000,100,37,37,1.1,1.0939,1.009,1.1822,1.0295,1.16525,0.98,100
"EpiFilter (smoother)","poisson","SD +60%",7.5,5.44,"gradual20_1.1_to_1.3",2000,100,38,38,1.1,1.1035,1.0195,1.1927,1.03,1.16,0.99,100
"EpiFilter (smoother)","poisson","SD +60%",7.5,5.44,"gradual20_1.1_to_1.3",2000,100,39,39,1.1,1.1049,1.0203,1.1935,1.03475,1.18,0.99,100
"EpiFilter (smoother)","poisson","SD +60%",7.5,5.44,"gradual20_1.1_to_1.3",2000,100,40,40,1.1,1.0989,1.0155,1.1871,1.04,1.16,1,100
"EpiFilter (smoother)","poisson","SD +60%",7.5,5.44,"gradual20_1.1_to_1.3",2000,100,41,41,1.1,1.0971,1.0148,1.1852,1.02475,1.17,0.99,100
"EpiFilter (smoother)","poisson","SD +60%",7.5,5.44,"gradual20_1.1_to_1.3",2000,100,42,42,1.1,1.0966,1.0145,1.1836,1.02475,1.16,0.98,100
"EpiFilter (smoother)","poisson","SD +60%",7.5,5.44,"gradual20_1.1_to_1.3",2000,100,43,43,1.1,1.0948,1.0139,1.1814,1.04,1.16525,0.99,100
"EpiFilter (smoother)","poisson","SD +60%",7.5,5.44,"gradual20_1.1_to_1.3",2000,100,44,44,1.1,1.1037,1.022,1.1905,1.04475,1.18,0.97,100
"EpiFilter (smoother)","poisson","SD +60%",7.5,5.44,"gradual20_1.1_to_1.3",2000,100,45,45,1.1,1.0959,1.0151,1.1811,1.03475,1.16525,1,100
"EpiFilter (smoother)","poisson","SD +60%",7.5,5.44,"gradual20_1.1_to_1.3",2000,100,46,46,1.1,1.0908,1.0105,1.1758,1.02475,1.16525,1,100
"EpiFilter (smoother)","poisson","SD +60%",7.5,5.44,"gradual20_1.1_to_1.3",2000,100,47,47,1.1,1.0935,1.0132,1.1775,1.02,1.16,0.97,100
"EpiFilter (smoother)","poisson","SD +60%",7.5,5.44,"gradual20_1.1_to_1.3",2000,100,48,48,1.1,1.0968,1.0167,1.1808,1.02475,1.17,0.99,100
"EpiFilter (smoother)","poisson","SD +60%",7.5,5.44,"gradual20_1.1_to_1.3",2000,100,49,49,1.1,1.0971,1.018,1.1822,1.0295,1.16,0.98,100
"EpiFilter (smoother)","poisson","SD +60%",7.5,5.44,"gradual20_1.1_to_1.3",2000,100,50,50,1.11,1.1116,1.0319,1.1951,1.04475,1.16,1,100
"EpiFilter (smoother)","poisson","SD +60%",7.5,5.44,"gradual20_1.1_to_1.3",2000,100,51,51,1.12,1.1225,1.0426,1.207,1.06475,1.21,0.97,100
"EpiFilter (smoother)","poisson","SD +60%",7.5,5.44,"gradual20_1.1_to_1.3",2000,100,52,52,1.13,1.1258,1.0462,1.2094,1.05475,1.19,0.99,100
"EpiFilter (smoother)","poisson","SD +60%",7.5,5.44,"gradual20_1.1_to_1.3",2000,100,53,53,1.14,1.1333,1.0544,1.2168,1.07,1.2,1,100
"EpiFilter (smoother)","poisson","SD +60%",7.5,5.44,"gradual20_1.1_to_1.3",2000,100,54,54,1.15,1.1382,1.0599,1.2218,1.0795,1.21525,0.99,100
"EpiFilter (smoother)","poisson","SD +60%",7.5,5.44,"gradual20_1.1_to_1.3",2000,100,55,55,1.16,1.1483,1.0701,1.2319,1.08475,1.21,0.99,100
"EpiFilter (smoother)","poisson","SD +60%",7.5,5.44,"gradual20_1.1_to_1.3",2000,100,56,56,1.17,1.1618,1.0829,1.2446,1.10475,1.21525,0.98,100
"EpiFilter (smoother)","poisson","SD +60%",7.5,5.44,"gradual20_1.1_to_1.3",2000,100,57,57,1.18,1.1679,1.0901,1.2507,1.10475,1.22525,0.98,100
"EpiFilter (smoother)","poisson","SD +60%",7.5,5.44,"gradual20_1.1_to_1.3",2000,100,58,58,1.19,1.172,1.0942,1.2529,1.09,1.24525,0.92,100
"EpiFilter (smoother)","poisson","SD +60%",7.5,5.44,"gradual20_1.1_to_1.3",2000,100,59,59,1.2,1.181,1.103,1.2625,1.12,1.24,0.96,100
"EpiFilter (smoother)","poisson","SD +60%",7.5,5.44,"gradual20_1.1_to_1.3",2000,100,60,60,1.21,1.1857,1.1077,1.2662,1.12,1.25,0.95,100
"EpiFilter (smoother)","poisson","SD +60%",7.5,5.44,"gradual20_1.1_to_1.3",2000,100,61,61,1.22,1.1968,1.1202,1.2772,1.12475,1.26525,0.94,100
"EpiFilter (smoother)","poisson","SD +60%",7.5,5.44,"gradual20_1.1_to_1.3",2000,100,62,62,1.23,1.2131,1.1362,1.2927,1.14,1.28,0.95,100
"EpiFilter (smoother)","poisson","SD +60%",7.5,5.44,"gradual20_1.1_to_1.3",2000,100,63,63,1.24,1.2214,1.146,1.3013,1.16,1.3,0.97,100
"EpiFilter (smoother)","poisson","SD +60%",7.5,5.44,"gradual20_1.1_to_1.3",2000,100,64,64,1.25,1.2357,1.1601,1.3148,1.16475,1.29525,0.97,100
"EpiFilter (smoother)","poisson","SD +60%",7.5,5.44,"gradual20_1.1_to_1.3",2000,100,65,65,1.26,1.2419,1.167,1.3204,1.18475,1.32,0.98,100
"EpiFilter (smoother)","poisson","SD +60%",7.5,5.44,"gradual20_1.1_to_1.3",2000,100,66,66,1.27,1.252,1.178,1.3298,1.18475,1.32525,0.97,100
"EpiFilter (smoother)","poisson","SD +60%",7.5,5.44,"gradual20_1.1_to_1.3",2000,100,67,67,1.28,1.2528,1.1795,1.33,1.17,1.32,0.9,100
"EpiFilter (smoother)","poisson","SD +60%",7.5,5.44,"gradual20_1.1_to_1.3",2000,100,68,68,1.29,1.2619,1.1889,1.3372,1.19,1.31525,0.91,100
"EpiFilter (smoother)","poisson","SD +60%",7.5,5.44,"gradual20_1.1_to_1.3",2000,100,69,69,1.3,1.271,1.198,1.3459,1.20475,1.33525,0.93,100
"EpiFilter (smoother)","poisson","SD +60%",7.5,5.44,"gradual20_1.1_to_1.3",2000,100,70,70,1.3,1.2833,1.2109,1.3578,1.22,1.34525,0.96,100
"EpiFilter (smoother)","poisson","SD +60%",7.5,5.44,"gradual20_1.1_to_1.3",2000,100,71,71,1.3,1.2803,1.2099,1.3533,1.2095,1.33525,0.94,100
"EpiFilter (smoother)","poisson","SD +60%",7.5,5.44,"gradual20_1.1_to_1.3",2000,100,72,72,1.3,1.278,1.209,1.3503,1.22,1.34,0.95,100
"EpiFilter (smoother)","poisson","SD +60%",7.5,5.44,"gradual20_1.1_to_1.3",2000,100,73,73,1.3,1.278,1.2093,1.3491,1.21,1.35,0.93,100
"EpiFilter (smoother)","poisson","SD +60%",7.5,5.44,"gradual20_1.1_to_1.3",2000,100,74,74,1.3,1.2718,1.2043,1.3424,1.21475,1.34,0.92,100
"EpiFilter (smoother)","poisson","SD +60%",7.5,5.44,"gradual20_1.1_to_1.3",2000,100,75,75,1.3,1.2803,1.2144,1.3494,1.23,1.3405,0.96,100
"EpiFilter (smoother)","poisson","SD +60%",7.5,5.44,"gradual20_1.1_to_1.3",2000,100,76,76,1.3,1.2808,1.2143,1.3481,1.21475,1.34,0.95,100
"EpiFilter (smoother)","poisson","SD +60%",7.5,5.44,"gradual20_1.1_to_1.3",2000,100,77,77,1.3,1.2759,1.2109,1.3427,1.23,1.32525,0.97,100
"EpiFilter (smoother)","poisson","SD +60%",7.5,5.44,"gradual20_1.1_to_1.3",2000,100,78,78,1.3,1.2792,1.2155,1.3451,1.23,1.34,0.97,100
"EpiFilter (smoother)","poisson","SD +60%",7.5,5.44,"gradual20_1.1_to_1.3",2000,100,79,79,1.3,1.2859,1.2226,1.3511,1.23,1.34,0.98,100
"EpiFilter (smoother)","poisson","SD +60%",7.5,5.44,"gradual20_1.1_to_1.3",2000,100,80,80,1.3,1.283,1.2211,1.3464,1.24,1.33525,0.98,100
"EpiFilter (smoother)","poisson","SD +60%",7.5,5.44,"gradual20_1.1_to_1.3",2000,100,81,81,1.3,1.2816,1.221,1.3449,1.24,1.32,0.99,100
"EpiFilter (smoother)","poisson","SD +60%",7.5,5.44,"gradual20_1.1_to_1.3",2000,100,82,82,1.3,1.2821,1.2222,1.3444,1.23,1.34,0.95,100
"EpiFilter (smoother)","poisson","SD +60%",7.5,5.44,"gradual20_1.1_to_1.3",2000,100,83,83,1.3,1.2805,1.2214,1.3417,1.22,1.33,0.9,100
"EpiFilter (smoother)","poisson","SD +60%",7.5,5.44,"gradual20_1.1_to_1.3",2000,100,84,84,1.3,1.2818,1.2238,1.3423,1.22475,1.33,0.94,100
"EpiFilter (smoother)","poisson","SD +60%",7.5,5.44,"gradual20_1.1_to_1.3",2000,100,85,85,1.3,1.2813,1.2243,1.3408,1.24,1.33,0.98,100
"EpiFilter (smoother)","poisson","SD +60%",7.5,5.44,"gradual20_1.1_to_1.3",2000,100,86,86,1.3,1.2796,1.2235,1.3373,1.24,1.34,0.97,100
"EpiFilter (smoother)","poisson","SD +60%",7.5,5.44,"gradual20_1.1_to_1.3",2000,100,87,87,1.3,1.2833,1.2275,1.3403,1.21475,1.34,0.92,100
"EpiFilter (smoother)","poisson","SD +60%",7.5,5.44,"gradual20_1.1_to_1.3",2000,100,88,88,1.3,1.2845,1.2306,1.341,1.23,1.33,0.95,100
"EpiFilter (smoother)","poisson","SD +60%",7.5,5.44,"gradual20_1.1_to_1.3",2000,100,89,89,1.3,1.285,1.2311,1.3403,1.23,1.33525,0.96,100
"EpiFilter (smoother)","poisson","SD +60%",7.5,5.44,"gradual20_1.1_to_1.3",2000,100,90,90,1.3,1.2807,1.2284,1.3356,1.23,1.33,0.91,100
"EpiFilter (smoother)","poisson","SD +60%",7.5,5.44,"gradual20_1.1_to_1.3",2000,100,91,91,1.3,1.2851,1.2336,1.3386,1.24,1.33,0.96,100
"EpiFilter (smoother)","poisson","SD +60%",7.5,5.44,"gradual20_1.1_to_1.3",2000,100,92,92,1.3,1.2809,1.2297,1.3341,1.24475,1.33,0.99,100
"EpiFilter (smoother)","poisson","SD +60%",7.5,5.44,"gradual20_1.1_to_1.3",2000,100,93,93,1.3,1.2823,1.2318,1.3341,1.23,1.32,0.93,100
"EpiFilter (smoother)","poisson","SD +60%",7.5,5.44,"gradual20_1.1_to_1.3",2000,100,94,94,1.3,1.288,1.2386,1.3392,1.24,1.33525,0.92,100
"EpiFilter (smoother)","poisson","SD +60%",7.5,5.44,"gradual20_1.1_to_1.3",2000,100,95,95,1.3,1.2834,1.2346,1.3338,1.24,1.34,0.96,100
"EpiFilter (smoother)","poisson","SD +60%",7.5,5.44,"gradual20_1.1_to_1.3",2000,100,96,96,1.3,1.2808,1.2327,1.3303,1.24,1.32,0.9,100
"EpiFilter (smoother)","poisson","SD +60%",7.5,5.44,"gradual20_1.1_to_1.3",2000,100,97,97,1.3,1.2871,1.2398,1.3358,1.23475,1.33,0.94,100
"EpiFilter (smoother)","poisson","SD +60%",7.5,5.44,"gradual20_1.1_to_1.3",2000,100,98,98,1.3,1.2829,1.2364,1.3303,1.24,1.33525,0.89,100
"EpiFilter (smoother)","poisson","SD +60%",7.5,5.44,"gradual20_1.1_to_1.3",2000,100,99,99,1.3,1.2858,1.2402,1.3329,1.25,1.33,0.96,100
"EpiFilter (smoother)","poisson","SD +60%",7.5,5.44,"gradual20_1.1_to_1.3",2000,100,100,100,1.3,1.2839,1.2374,1.331,1.24,1.32525,0.95,100
"EpiLPS (MAP)","negbin","SD +60%",7.5,5.44,"gradual20_1.1_to_1.3",2000,100,2,2,1.1,NA,NA,NA,NA,NA,NA,0
"EpiLPS (MAP)","negbin","SD +60%",7.5,5.44,"gradual20_1.1_to_1.3",2000,100,3,3,1.1,NA,NA,NA,NA,NA,NA,0
"EpiLPS (MAP)","negbin","SD +60%",7.5,5.44,"gradual20_1.1_to_1.3",2000,100,4,4,1.1,NA,NA,NA,NA,NA,NA,0
"EpiLPS (MAP)","negbin","SD +60%",7.5,5.44,"gradual20_1.1_to_1.3",2000,100,5,5,1.1,NA,NA,NA,NA,NA,NA,0
"EpiLPS (MAP)","negbin","SD +60%",7.5,5.44,"gradual20_1.1_to_1.3",2000,100,6,6,1.1,NA,NA,NA,NA,NA,NA,0
"EpiLPS (MAP)","negbin","SD +60%",7.5,5.44,"gradual20_1.1_to_1.3",2000,100,7,7,1.1,NA,NA,NA,NA,NA,NA,0
"EpiLPS (MAP)","negbin","SD +60%",7.5,5.44,"gradual20_1.1_to_1.3",2000,100,8,8,1.1,305.690993236152,231.566061062473,404.330440036177,242.602377617014,374.736745158696,0,100
"EpiLPS (MAP)","negbin","SD +60%",7.5,5.44,"gradual20_1.1_to_1.3",2000,100,9,9,1.1,29.2410396850693,26.5054235381938,32.2664337992478,27.6284076091498,31.2790558965154,0,100
"EpiLPS (MAP)","negbin","SD +60%",7.5,5.44,"gradual20_1.1_to_1.3",2000,100,10,10,1.1,7.47028943790533,6.40570989498031,8.71677420430617,6.80508643305186,8.36431835305708,0,100
"EpiLPS (MAP)","negbin","SD +60%",7.5,5.44,"gradual20_1.1_to_1.3",2000,100,11,11,1.1,4.10096370351844,3.43380693792556,4.90151133473982,3.64402066709084,4.72457143721313,0,100
"EpiLPS (MAP)","negbin","SD +60%",7.5,5.44,"gradual20_1.1_to_1.3",2000,100,12,12,1.1,2.87100011361674,2.39179770182378,3.44904037768726,2.53977256065042,3.36810088389585,0,100
"EpiLPS (MAP)","negbin","SD +60%",7.5,5.44,"gradual20_1.1_to_1.3",2000,100,13,13,1.1,2.26228394396322,1.89272125102809,2.70613269226561,2.00939196400289,2.65326694090428,0,100
"EpiLPS (MAP)","negbin","SD +60%",7.5,5.44,"gradual20_1.1_to_1.3",2000,100,14,14,1.1,1.91005902426869,1.60592497215803,2.27346779877133,1.67703281695356,2.20537672096911,0,100
"EpiLPS (MAP)","negbin","SD +60%",7.5,5.44,"gradual20_1.1_to_1.3",2000,100,15,15,1.1,1.68604766266381,1.42720806426346,1.99317359775628,1.4572024902714,1.9362695198158,0,100
"EpiLPS (MAP)","negbin","SD +60%",7.5,5.44,"gradual20_1.1_to_1.3",2000,100,16,16,1.1,1.53443583265901,1.31107118748532,1.79693000074663,1.32942838053321,1.75846803631769,0.02,100
"EpiLPS (MAP)","negbin","SD +60%",7.5,5.44,"gradual20_1.1_to_1.3",2000,100,17,17,1.1,1.42750246206395,1.22533912365415,1.6639509919703,1.24474423885311,1.63365684642261,0.03,100
"EpiLPS (MAP)","negbin","SD +60%",7.5,5.44,"gradual20_1.1_to_1.3",2000,100,18,18,1.1,1.34986508270931,1.15944128747185,1.57242839908533,1.1656779634149,1.53515110027711,0.23,100
"EpiLPS (MAP)","negbin","SD +60%",7.5,5.44,"gradual20_1.1_to_1.3",2000,100,19,19,1.1,1.29228219798946,1.11412778852863,1.49971212036388,1.10899961581171,1.46004397182188,0.42,100
"EpiLPS (MAP)","negbin","SD +60%",7.5,5.44,"gradual20_1.1_to_1.3",2000,100,20,20,1.1,1.24895201166922,1.0798680158377,1.44524464372632,1.07334908173288,1.39792944523345,0.64,100
"EpiLPS (MAP)","negbin","SD +60%",7.5,5.44,"gradual20_1.1_to_1.3",2000,100,21,21,1.1,1.21605539969444,1.04981706518376,1.40934372821248,1.05552776785893,1.34933956744454,0.77,100
"EpiLPS (MAP)","negbin","SD +60%",7.5,5.44,"gradual20_1.1_to_1.3",2000,100,22,22,1.1,1.19094551395843,1.02860379760873,1.37961110766164,1.03702748902121,1.31188435049672,0.84,100
"EpiLPS (MAP)","negbin","SD +60%",7.5,5.44,"gradual20_1.1_to_1.3",2000,100,23,23,1.1,1.17165234520959,1.01539715356031,1.35260653419871,1.01857927835159,1.28612320614882,0.92,100
"EpiLPS (MAP)","negbin","SD +60%",7.5,5.44,"gradual20_1.1_to_1.3",2000,100,24,24,1.1,1.15658246242919,1.00182154058122,1.33589217841439,1.00227002477518,1.27103188986933,0.93,100
"EpiLPS (MAP)","negbin","SD +60%",7.5,5.44,"gradual20_1.1_to_1.3",2000,100,25,25,1.1,1.14446172461928,0.989585298864714,1.32422144936066,0.99425832353655,1.27608896115597,0.93,100
"EpiLPS (MAP)","negbin","SD +60%",7.5,5.44,"gradual20_1.1_to_1.3",2000,100,26,26,1.1,1.13432701852464,0.983514276792695,1.30888233981571,0.989952024298033,1.27294566859579,0.94,100
"EpiLPS (MAP)","negbin","SD +60%",7.5,5.44,"gradual20_1.1_to_1.3",2000,100,27,27,1.1,1.12565545917434,0.977071948142407,1.29744278640002,0.983968465113613,1.28145760578764,0.94,100
"EpiLPS (MAP)","negbin","SD +60%",7.5,5.44,"gradual20_1.1_to_1.3",2000,100,28,28,1.1,1.11807895441845,0.96808103587878,1.29194968238579,0.985917414470298,1.27678907481188,0.94,100
"EpiLPS (MAP)","negbin","SD +60%",7.5,5.44,"gradual20_1.1_to_1.3",2000,100,29,29,1.1,1.11127480645471,0.963026347593339,1.28297346048936,0.982388971902932,1.27074082960618,0.94,100
"EpiLPS (MAP)","negbin","SD +60%",7.5,5.44,"gradual20_1.1_to_1.3",2000,100,30,30,1.1,1.10509448265839,0.960140696018594,1.27254491259166,0.98455690205861,1.25329909106874,0.95,100
"EpiLPS (MAP)","negbin","SD +60%",7.5,5.44,"gradual20_1.1_to_1.3",2000,100,31,31,1.1,1.0995326460823,0.953674254113206,1.26832877141274,0.982603533457319,1.23772809476741,0.93,100
"EpiLPS (MAP)","negbin","SD +60%",7.5,5.44,"gradual20_1.1_to_1.3",2000,100,32,32,1.1,1.09458877795209,0.94800571307976,1.26448025213369,0.977366404340443,1.22684437382145,0.94,100
"EpiLPS (MAP)","negbin","SD +60%",7.5,5.44,"gradual20_1.1_to_1.3",2000,100,33,33,1.1,1.09037350837654,0.946924374336033,1.25617562042861,0.976057676274211,1.22833407986703,0.95,100
"EpiLPS (MAP)","negbin","SD +60%",7.5,5.44,"gradual20_1.1_to_1.3",2000,100,34,34,1.1,1.08726604245594,0.944137614525839,1.25271410032867,0.97287121035128,1.22814726303672,0.96,100
"EpiLPS (MAP)","negbin","SD +60%",7.5,5.44,"gradual20_1.1_to_1.3",2000,100,35,35,1.1,1.08563600671634,0.940198347805476,1.25421345732923,0.972456984081965,1.22079878655099,0.98,100
"EpiLPS (MAP)","negbin","SD +60%",7.5,5.44,"gradual20_1.1_to_1.3",2000,100,36,36,1.1,1.08573443208084,0.941823981426746,1.25226288511288,0.965951077587778,1.21954795369663,0.98,100
"EpiLPS (MAP)","negbin","SD +60%",7.5,5.44,"gradual20_1.1_to_1.3",2000,100,37,37,1.1,1.08736393915892,0.945046540672485,1.25172648616635,0.955069136441482,1.21841512659505,0.96,100
"EpiLPS (MAP)","negbin","SD +60%",7.5,5.44,"gradual20_1.1_to_1.3",2000,100,38,38,1.1,1.09006307944469,0.945270479662348,1.25766549638105,0.942953259215342,1.2289082928046,0.94,100
"EpiLPS (MAP)","negbin","SD +60%",7.5,5.44,"gradual20_1.1_to_1.3",2000,100,39,39,1.1,1.09401964361241,0.948288221658732,1.26278304301815,0.939493876480294,1.23977776587675,0.93,100
"EpiLPS (MAP)","negbin","SD +60%",7.5,5.44,"gradual20_1.1_to_1.3",2000,100,40,40,1.1,1.09794102886932,0.954468574479459,1.26359509084376,0.948160848664547,1.24537850306478,0.94,100
"EpiLPS (MAP)","negbin","SD +60%",7.5,5.44,"gradual20_1.1_to_1.3",2000,100,41,41,1.1,1.10133720017339,0.956666706292794,1.26850910709979,0.961923897791805,1.25323893939589,0.96,100
"EpiLPS (MAP)","negbin","SD +60%",7.5,5.44,"gradual20_1.1_to_1.3",2000,100,42,42,1.1,1.10375036748114,0.956600876847381,1.27417787525131,0.969730468822964,1.25092945686148,0.95,100
"EpiLPS (MAP)","negbin","SD +60%",7.5,5.44,"gradual20_1.1_to_1.3",2000,100,43,43,1.1,1.1048892465346,0.959787696458327,1.27254937320658,0.963927777279756,1.24378835206504,0.96,100
"EpiLPS (MAP)","negbin","SD +60%",7.5,5.44,"gradual20_1.1_to_1.3",2000,100,44,44,1.1,1.10509427380113,0.960889428024591,1.27155217525122,0.960335389788369,1.23550656642824,0.95,100
"EpiLPS (MAP)","negbin","SD +60%",7.5,5.44,"gradual20_1.1_to_1.3",2000,100,45,45,1.1,1.10485633300389,0.958043307863014,1.27479975394435,0.961068306056246,1.22733985428265,0.96,100
"EpiLPS (MAP)","negbin","SD +60%",7.5,5.44,"gradual20_1.1_to_1.3",2000,100,46,46,1.1,1.10459863583069,0.958251478775438,1.27392656789884,0.960660161503247,1.22605411627292,0.96,100
"EpiLPS (MAP)","negbin","SD +60%",7.5,5.44,"gradual20_1.1_to_1.3",2000,100,47,47,1.1,1.10474742336963,0.960804694429983,1.27086928398878,0.965121710339508,1.21428169808907,0.96,100
"EpiLPS (MAP)","negbin","SD +60%",7.5,5.44,"gradual20_1.1_to_1.3",2000,100,48,48,1.1,1.10572023905735,0.960061941053883,1.27411099667264,0.974265121634443,1.20918151159153,0.97,100
"EpiLPS (MAP)","negbin","SD +60%",7.5,5.44,"gradual20_1.1_to_1.3",2000,100,49,49,1.1,1.10785130631356,0.960365688573788,1.27863861212253,0.979322924830204,1.21477626404559,0.98,100
"EpiLPS (MAP)","negbin","SD +60%",7.5,5.44,"gradual20_1.1_to_1.3",2000,100,50,50,1.11,1.11132126998302,0.966072701459152,1.27903985590523,0.983900244089283,1.23566885971285,0.96,100
"EpiLPS (MAP)","negbin","SD +60%",7.5,5.44,"gradual20_1.1_to_1.3",2000,100,51,51,1.12,1.11601039439709,0.970380112209417,1.28412710569838,0.989135465691887,1.24648907370882,0.94,100
"EpiLPS (MAP)","negbin","SD +60%",7.5,5.44,"gradual20_1.1_to_1.3",2000,100,52,52,1.13,1.12165343999172,0.972754140958488,1.29399822192816,0.994779241075245,1.26683315680343,0.94,100
"EpiLPS (MAP)","negbin","SD +60%",7.5,5.44,"gradual20_1.1_to_1.3",2000,100,53,53,1.14,1.12794346773835,0.979736410001659,1.29921446322167,1.00225997949123,1.29524434012518,0.92,100
"EpiLPS (MAP)","negbin","SD +60%",7.5,5.44,"gradual20_1.1_to_1.3",2000,100,54,54,1.15,1.13459660246693,0.987556737931155,1.30416422321389,1.00994546707245,1.30182823965387,0.95,100
"EpiLPS (MAP)","negbin","SD +60%",7.5,5.44,"gradual20_1.1_to_1.3",2000,100,55,55,1.16,1.14136342614314,0.991229728661144,1.31490057215137,1.01192918612815,1.30072639801693,0.96,100
"EpiLPS (MAP)","negbin","SD +60%",7.5,5.44,"gradual20_1.1_to_1.3",2000,100,56,56,1.17,1.14800651863532,0.996311481427841,1.32348052124576,1.02166599297103,1.29117991661356,0.95,100
"EpiLPS (MAP)","negbin","SD +60%",7.5,5.44,"gradual20_1.1_to_1.3",2000,100,57,57,1.18,1.15449116523326,1.00485163917243,1.32708456375997,1.03434589103239,1.3011376816771,0.94,100
"EpiLPS (MAP)","negbin","SD +60%",7.5,5.44,"gradual20_1.1_to_1.3",2000,100,58,58,1.19,1.16109879484781,1.00995022949475,1.33555641777334,1.04605273922661,1.3131726049935,0.95,100
"EpiLPS (MAP)","negbin","SD +60%",7.5,5.44,"gradual20_1.1_to_1.3",2000,100,59,59,1.2,1.16807636637804,1.01374565572945,1.34662352042052,1.05720262165306,1.31601295252799,0.94,100
"EpiLPS (MAP)","negbin","SD +60%",7.5,5.44,"gradual20_1.1_to_1.3",2000,100,60,60,1.21,1.17556710506383,1.02277275220076,1.35189892626781,1.05872812897206,1.31508782563811,0.95,100
"EpiLPS (MAP)","negbin","SD +60%",7.5,5.44,"gradual20_1.1_to_1.3",2000,100,61,61,1.22,1.18350362435229,1.03115730347455,1.35906891263437,1.05758154326215,1.32092572768625,0.93,100
"EpiLPS (MAP)","negbin","SD +60%",7.5,5.44,"gradual20_1.1_to_1.3",2000,100,62,62,1.23,1.19172110719201,1.03572562292542,1.37196006444302,1.06392539364033,1.34798590540728,0.91,100
"EpiLPS (MAP)","negbin","SD +60%",7.5,5.44,"gradual20_1.1_to_1.3",2000,100,63,63,1.24,1.20004746672856,1.04341383785058,1.38094971305548,1.06723221827351,1.36860592814424,0.92,100
"EpiLPS (MAP)","negbin","SD +60%",7.5,5.44,"gradual20_1.1_to_1.3",2000,100,64,64,1.25,1.20838673264874,1.05354499037194,1.38672271104826,1.07256645183998,1.39614132976667,0.93,100
"EpiLPS (MAP)","negbin","SD +60%",7.5,5.44,"gradual20_1.1_to_1.3",2000,100,65,65,1.26,1.21669592061237,1.05923219462269,1.39832758887117,1.0781830835703,1.41987496744717,0.94,100
"EpiLPS (MAP)","negbin","SD +60%",7.5,5.44,"gradual20_1.1_to_1.3",2000,100,66,66,1.27,1.22490283163097,1.06458917737972,1.41014278315162,1.08152362573993,1.42601246526564,0.92,100
"EpiLPS (MAP)","negbin","SD +60%",7.5,5.44,"gradual20_1.1_to_1.3",2000,100,67,67,1.28,1.23292006189073,1.07464877921702,1.41526552066785,1.09073376158654,1.42001564486033,0.91,100
"EpiLPS (MAP)","negbin","SD +60%",7.5,5.44,"gradual20_1.1_to_1.3",2000,100,68,68,1.29,1.24064560958667,1.0818375966368,1.42353781466451,1.0969753717296,1.40795146666764,0.9,100
"EpiLPS (MAP)","negbin","SD +60%",7.5,5.44,"gradual20_1.1_to_1.3",2000,100,69,69,1.3,1.24791807789851,1.08526710445869,1.43575983850543,1.0994830497894,1.40910845777231,0.89,100
"EpiLPS (MAP)","negbin","SD +60%",7.5,5.44,"gradual20_1.1_to_1.3",2000,100,70,70,1.3,1.25455540201842,1.09260910007081,1.44131794604536,1.09890379291222,1.42049773847799,0.93,100
"EpiLPS (MAP)","negbin","SD +60%",7.5,5.44,"gradual20_1.1_to_1.3",2000,100,71,71,1.3,1.26050536908672,1.10025560875094,1.44489646297948,1.09966518035681,1.4141102503982,0.92,100
"EpiLPS (MAP)","negbin","SD +60%",7.5,5.44,"gradual20_1.1_to_1.3",2000,100,72,72,1.3,1.265789089399,1.10248864712893,1.45411339122579,1.11300823528629,1.41093061337302,0.94,100
"EpiLPS (MAP)","negbin","SD +60%",7.5,5.44,"gradual20_1.1_to_1.3",2000,100,73,73,1.3,1.27039429451873,1.10560092843621,1.4606050569073,1.12584879859776,1.41185951705516,0.94,100
"EpiLPS (MAP)","negbin","SD +60%",7.5,5.44,"gradual20_1.1_to_1.3",2000,100,74,74,1.3,1.27431038552776,1.11235961966653,1.46066731733092,1.12833189028689,1.40835384508055,0.93,100
"EpiLPS (MAP)","negbin","SD +60%",7.5,5.44,"gradual20_1.1_to_1.3",2000,100,75,75,1.3,1.27752160859509,1.11457142302242,1.4651350345379,1.12979822092779,1.40110039527996,0.94,100
"EpiLPS (MAP)","negbin","SD +60%",7.5,5.44,"gradual20_1.1_to_1.3",2000,100,76,76,1.3,1.2799229929653,1.11390899384087,1.4715542832428,1.12517451233129,1.40860042597367,0.95,100
"EpiLPS (MAP)","negbin","SD +60%",7.5,5.44,"gradual20_1.1_to_1.3",2000,100,77,77,1.3,1.28140529577149,1.11762824092994,1.47003662762808,1.13176201925699,1.41378781720828,0.95,100
"EpiLPS (MAP)","negbin","SD +60%",7.5,5.44,"gradual20_1.1_to_1.3",2000,100,78,78,1.3,1.28216086837989,1.11971191966667,1.46902280909628,1.1346895074583,1.41865329274438,0.95,100
"EpiLPS (MAP)","negbin","SD +60%",7.5,5.44,"gradual20_1.1_to_1.3",2000,100,79,79,1.3,1.28250317946276,1.11683640385509,1.47362823307443,1.13350241022452,1.417419495138,0.96,100
"EpiLPS (MAP)","negbin","SD +60%",7.5,5.44,"gradual20_1.1_to_1.3",2000,100,80,80,1.3,1.28271141983393,1.11706192767045,1.47381519733203,1.12776736260398,1.40947313674483,0.95,100
"EpiLPS (MAP)","negbin","SD +60%",7.5,5.44,"gradual20_1.1_to_1.3",2000,100,81,81,1.3,1.28305287819285,1.12045931310391,1.47010526775452,1.13406786545132,1.40419431715874,0.96,100
"EpiLPS (MAP)","negbin","SD +60%",7.5,5.44,"gradual20_1.1_to_1.3",2000,100,82,82,1.3,1.283743441942,1.1195557948392,1.47289952533339,1.1436600936613,1.40394506727837,0.97,100
"EpiLPS (MAP)","negbin","SD +60%",7.5,5.44,"gradual20_1.1_to_1.3",2000,100,83,83,1.3,1.28488049089679,1.1185214418669,1.47690499168563,1.14931673296727,1.39318814031545,0.99,100
"EpiLPS (MAP)","negbin","SD +60%",7.5,5.44,"gradual20_1.1_to_1.3",2000,100,84,84,1.3,1.28643483525631,1.12304349436137,1.47449676709388,1.15031472254654,1.40488226965662,0.97,100
"EpiLPS (MAP)","negbin","SD +60%",7.5,5.44,"gradual20_1.1_to_1.3",2000,100,85,85,1.3,1.28818577190581,1.12514024056177,1.47576385622526,1.163317157409,1.41921101926718,0.97,100
"EpiLPS (MAP)","negbin","SD +60%",7.5,5.44,"gradual20_1.1_to_1.3",2000,100,86,86,1.3,1.28985734395337,1.12340756999188,1.48192361094305,1.16247578908771,1.42162074554573,0.97,100
"EpiLPS (MAP)","negbin","SD +60%",7.5,5.44,"gradual20_1.1_to_1.3",2000,100,87,87,1.3,1.29119798902506,1.12582191989518,1.4818175969591,1.15057962586444,1.42618593164631,0.97,100
"EpiLPS (MAP)","negbin","SD +60%",7.5,5.44,"gradual20_1.1_to_1.3",2000,100,88,88,1.3,1.29207178232577,1.12902862178146,1.47959149279551,1.15242071055881,1.44348200828989,0.97,100
"EpiLPS (MAP)","negbin","SD +60%",7.5,5.44,"gradual20_1.1_to_1.3",2000,100,89,89,1.3,1.29240065262716,1.12667579396307,1.48347040215159,1.13875820282164,1.45389653301226,0.97,100
"EpiLPS (MAP)","negbin","SD +60%",7.5,5.44,"gradual20_1.1_to_1.3",2000,100,90,90,1.3,1.29208590779237,1.12477960623364,1.48527075292583,1.14305859550048,1.4536613980591,0.97,100
"EpiLPS (MAP)","negbin","SD +60%",7.5,5.44,"gradual20_1.1_to_1.3",2000,100,91,91,1.3,1.29107186821969,1.12651697049802,1.48062989357333,1.14261172851464,1.45470676934505,0.95,100
"EpiLPS (MAP)","negbin","SD +60%",7.5,5.44,"gradual20_1.1_to_1.3",2000,100,92,92,1.3,1.28937103187836,1.12372785224481,1.48041568358652,1.14872306106777,1.45287111809272,0.94,100
"EpiLPS (MAP)","negbin","SD +60%",7.5,5.44,"gradual20_1.1_to_1.3",2000,100,93,93,1.3,1.28693973821602,1.11802481173352,1.48240589766885,1.14742004222811,1.47391826748734,0.94,100
"EpiLPS (MAP)","negbin","SD +60%",7.5,5.44,"gradual20_1.1_to_1.3",2000,100,94,94,1.3,1.28376563886385,1.11704565618668,1.47637986554288,1.14912824511165,1.48774415437091,0.92,100
"EpiLPS (MAP)","negbin","SD +60%",7.5,5.44,"gradual20_1.1_to_1.3",2000,100,95,95,1.3,1.28015001715622,1.11542338279278,1.47020403249371,1.13801138614421,1.48065981268416,0.93,100
"EpiLPS (MAP)","negbin","SD +60%",7.5,5.44,"gradual20_1.1_to_1.3",2000,100,96,96,1.3,1.27651008842342,1.1081735755592,1.47149388730552,1.13872355786763,1.46260128525578,0.93,100
"EpiLPS (MAP)","negbin","SD +60%",7.5,5.44,"gradual20_1.1_to_1.3",2000,100,97,97,1.3,1.2732039551181,1.09812898415279,1.47742044493903,1.1397146346842,1.44511383631919,0.94,100
"EpiLPS (MAP)","negbin","SD +60%",7.5,5.44,"gradual20_1.1_to_1.3",2000,100,98,98,1.3,1.27053464988256,1.07804293763568,1.4990109758141,1.11573939541222,1.45182765755436,0.93,100
"EpiLPS (MAP)","negbin","SD +60%",7.5,5.44,"gradual20_1.1_to_1.3",2000,100,99,99,1.3,1.26869383311407,1.03725230673295,1.55434074577143,1.06357011720032,1.51632369156445,0.96,100
"EpiLPS (MAP)","negbin","SD +60%",7.5,5.44,"gradual20_1.1_to_1.3",2000,100,100,100,1.3,1.26768937532617,0.980157053150015,1.64399769879041,1.03253453313926,1.56818838534492,0.96,100
"EpiLPS (MALA)","negbin","SD +60%",7.5,5.44,"gradual20_1.1_to_1.3",2000,100,2,2,1.1,NA,NA,NA,NA,NA,NA,0
"EpiLPS (MALA)","negbin","SD +60%",7.5,5.44,"gradual20_1.1_to_1.3",2000,100,3,3,1.1,NA,NA,NA,NA,NA,NA,0
"EpiLPS (MALA)","negbin","SD +60%",7.5,5.44,"gradual20_1.1_to_1.3",2000,100,4,4,1.1,NA,NA,NA,NA,NA,NA,0
"EpiLPS (MALA)","negbin","SD +60%",7.5,5.44,"gradual20_1.1_to_1.3",2000,100,5,5,1.1,NA,NA,NA,NA,NA,NA,0
"EpiLPS (MALA)","negbin","SD +60%",7.5,5.44,"gradual20_1.1_to_1.3",2000,100,6,6,1.1,NA,NA,NA,NA,NA,NA,0
"EpiLPS (MALA)","negbin","SD +60%",7.5,5.44,"gradual20_1.1_to_1.3",2000,100,7,7,1.1,NA,NA,NA,NA,NA,NA,0
"EpiLPS (MALA)","negbin","SD +60%",7.5,5.44,"gradual20_1.1_to_1.3",2000,100,8,8,1.1,306.784385191722,234.028114950955,410.199489045359,239.929044199376,389.92205322769,0,100
"EpiLPS (MALA)","negbin","SD +60%",7.5,5.44,"gradual20_1.1_to_1.3",2000,100,9,9,1.1,29.262544702163,26.4709897185261,32.3320950985928,27.7189098728611,31.2484884725379,0,100
"EpiLPS (MALA)","negbin","SD +60%",7.5,5.44,"gradual20_1.1_to_1.3",2000,100,10,10,1.1,7.47602736647888,6.39272946429394,8.7151873331611,6.82332151655712,8.35423733463949,0,100
"EpiLPS (MALA)","negbin","SD +60%",7.5,5.44,"gradual20_1.1_to_1.3",2000,100,11,11,1.1,4.10231970562367,3.42168260560347,4.88380423170013,3.64799442028222,4.71636822938311,0,100
"EpiLPS (MALA)","negbin","SD +60%",7.5,5.44,"gradual20_1.1_to_1.3",2000,100,12,12,1.1,2.87091151123652,2.37810588468095,3.42907418258082,2.53541229333189,3.35634649236681,0,100
"EpiLPS (MALA)","negbin","SD +60%",7.5,5.44,"gradual20_1.1_to_1.3",2000,100,13,13,1.1,2.26066983401275,1.8762344847056,2.69024462985896,1.9888807306036,2.65474939939898,0,100
"EpiLPS (MALA)","negbin","SD +60%",7.5,5.44,"gradual20_1.1_to_1.3",2000,100,14,14,1.1,1.90792010009852,1.59003633671083,2.26729392239752,1.65929024413509,2.22744509527485,0,100
"EpiLPS (MALA)","negbin","SD +60%",7.5,5.44,"gradual20_1.1_to_1.3",2000,100,15,15,1.1,1.68380266009165,1.41220646951596,1.99161464953376,1.45043443171633,1.92173479552116,0,100
"EpiLPS (MALA)","negbin","SD +60%",7.5,5.44,"gradual20_1.1_to_1.3",2000,100,16,16,1.1,1.53215057212774,1.29724030027696,1.79870167710721,1.32009928857279,1.7413297726205,0.03,100
"EpiLPS (MALA)","negbin","SD +60%",7.5,5.44,"gradual20_1.1_to_1.3",2000,100,17,17,1.1,1.42573235571574,1.21346166147544,1.67070617664324,1.21854576714092,1.61731995988814,0.09,100
"EpiLPS (MALA)","negbin","SD +60%",7.5,5.44,"gradual20_1.1_to_1.3",2000,100,18,18,1.1,1.34825929110775,1.15031832245823,1.5803094837152,1.14773848500056,1.52210798504841,0.25,100
"EpiLPS (MALA)","negbin","SD +60%",7.5,5.44,"gradual20_1.1_to_1.3",2000,100,19,19,1.1,1.29045799182225,1.10800917430219,1.50383726796169,1.09850183115869,1.46960547360021,0.47,100
"EpiLPS (MALA)","negbin","SD +60%",7.5,5.44,"gradual20_1.1_to_1.3",2000,100,20,20,1.1,1.2476403049181,1.07496167881164,1.44638790475979,1.07056162679047,1.41019283196075,0.62,100
"EpiLPS (MALA)","negbin","SD +60%",7.5,5.44,"gradual20_1.1_to_1.3",2000,100,21,21,1.1,1.21472094801709,1.04508075809898,1.40928768234073,1.05533397417739,1.35307088051564,0.76,100
"EpiLPS (MALA)","negbin","SD +60%",7.5,5.44,"gradual20_1.1_to_1.3",2000,100,22,22,1.1,1.18978680454409,1.02360242850543,1.38015352177968,1.03465208643869,1.31389870613147,0.86,100
"EpiLPS (MALA)","negbin","SD +60%",7.5,5.44,"gradual20_1.1_to_1.3",2000,100,23,23,1.1,1.17022519446578,1.01091819720331,1.35277859156326,1.01737635956842,1.28550348085406,0.93,100
"EpiLPS (MALA)","negbin","SD +60%",7.5,5.44,"gradual20_1.1_to_1.3",2000,100,24,24,1.1,1.15511219705296,0.996874215311429,1.33717040824137,1.00566916022715,1.26975053556424,0.95,100
"EpiLPS (MALA)","negbin","SD +60%",7.5,5.44,"gradual20_1.1_to_1.3",2000,100,25,25,1.1,1.14328973868119,0.983842009263996,1.32593507191197,0.994155361490217,1.27403043643773,0.96,100
"EpiLPS (MALA)","negbin","SD +60%",7.5,5.44,"gradual20_1.1_to_1.3",2000,100,26,26,1.1,1.13255090718846,0.977375611261517,1.30790549695379,0.990232491817124,1.26593479047451,0.97,100
"EpiLPS (MALA)","negbin","SD +60%",7.5,5.44,"gradual20_1.1_to_1.3",2000,100,27,27,1.1,1.12327364181782,0.970090851249231,1.29533686753559,0.987104980262459,1.24979505052844,0.98,100
"EpiLPS (MALA)","negbin","SD +60%",7.5,5.44,"gradual20_1.1_to_1.3",2000,100,28,28,1.1,1.11458596066217,0.960290030270232,1.29069800541179,0.983364597829433,1.25027834239336,0.97,100
"EpiLPS (MALA)","negbin","SD +60%",7.5,5.44,"gradual20_1.1_to_1.3",2000,100,29,29,1.1,1.10728961692187,0.955082795255842,1.28016343608839,0.976929614995613,1.25026908696551,0.96,100
"EpiLPS (MALA)","negbin","SD +60%",7.5,5.44,"gradual20_1.1_to_1.3",2000,100,30,30,1.1,1.10074199636537,0.952162520064282,1.26612374299137,0.976075977694846,1.2462166105164,0.95,100
"EpiLPS (MALA)","negbin","SD +60%",7.5,5.44,"gradual20_1.1_to_1.3",2000,100,31,31,1.1,1.09478040242256,0.945766779761205,1.25754810469468,0.974463845964985,1.23921816025609,0.98,100
"EpiLPS (MALA)","negbin","SD +60%",7.5,5.44,"gradual20_1.1_to_1.3",2000,100,32,32,1.1,1.0896914483687,0.940375427839588,1.25214093468255,0.97945627085054,1.22088559366639,0.97,100
"EpiLPS (MALA)","negbin","SD +60%",7.5,5.44,"gradual20_1.1_to_1.3",2000,100,33,33,1.1,1.08605744226708,0.939920118435204,1.24608825439825,0.979414070684249,1.20511835156585,0.95,100
"EpiLPS (MALA)","negbin","SD +60%",7.5,5.44,"gradual20_1.1_to_1.3",2000,100,34,34,1.1,1.08320545905668,0.938298622793948,1.24779696094577,0.972854467618403,1.20372900870466,0.97,100
"EpiLPS (MALA)","negbin","SD +60%",7.5,5.44,"gradual20_1.1_to_1.3",2000,100,35,35,1.1,1.08285107809281,0.935804100419002,1.25392942019859,0.966720212974474,1.21290196232442,1,100
"EpiLPS (MALA)","negbin","SD +60%",7.5,5.44,"gradual20_1.1_to_1.3",2000,100,36,36,1.1,1.08411918837565,0.93844432706391,1.25426675673757,0.970391345947192,1.21689907045661,0.99,100
"EpiLPS (MALA)","negbin","SD +60%",7.5,5.44,"gradual20_1.1_to_1.3",2000,100,37,37,1.1,1.08654123935005,0.941007532678125,1.2561716863303,0.955659955797999,1.22025782626459,0.97,100
"EpiLPS (MALA)","negbin","SD +60%",7.5,5.44,"gradual20_1.1_to_1.3",2000,100,38,38,1.1,1.09020745161592,0.939460817522738,1.26331240499692,0.945777520580348,1.22219731274004,0.94,100
"EpiLPS (MALA)","negbin","SD +60%",7.5,5.44,"gradual20_1.1_to_1.3",2000,100,39,39,1.1,1.09503655462935,0.943021580140327,1.2685982427193,0.950763980792426,1.24787963861675,0.95,100
"EpiLPS (MALA)","negbin","SD +60%",7.5,5.44,"gradual20_1.1_to_1.3",2000,100,40,40,1.1,1.09894356431251,0.951632652225473,1.26938490395386,0.961209270651343,1.24978716247979,0.95,100
"EpiLPS (MALA)","negbin","SD +60%",7.5,5.44,"gradual20_1.1_to_1.3",2000,100,41,41,1.1,1.10155791386856,0.954683975544299,1.27351581813705,0.970072117050514,1.24816524185716,0.98,100
"EpiLPS (MALA)","negbin","SD +60%",7.5,5.44,"gradual20_1.1_to_1.3",2000,100,42,42,1.1,1.10320416222835,0.953910644076378,1.27799034059587,0.980579664118228,1.25285591497417,0.97,100
"EpiLPS (MALA)","negbin","SD +60%",7.5,5.44,"gradual20_1.1_to_1.3",2000,100,43,43,1.1,1.10421703522018,0.957167978582805,1.27364273022342,0.968855006329693,1.24297834002801,0.96,100
"EpiLPS (MALA)","negbin","SD +60%",7.5,5.44,"gradual20_1.1_to_1.3",2000,100,44,44,1.1,1.10471929308243,0.958294885199476,1.27245724212893,0.969995088367096,1.23899294181124,0.97,100
"EpiLPS (MALA)","negbin","SD +60%",7.5,5.44,"gradual20_1.1_to_1.3",2000,100,45,45,1.1,1.10372708904337,0.954250895591781,1.2770197272862,0.962309332646229,1.24140833349676,0.97,100
"EpiLPS (MALA)","negbin","SD +60%",7.5,5.44,"gradual20_1.1_to_1.3",2000,100,46,46,1.1,1.10381619312755,0.952862481454141,1.27464012228294,0.963127277601941,1.2393732240942,0.96,100
"EpiLPS (MALA)","negbin","SD +60%",7.5,5.44,"gradual20_1.1_to_1.3",2000,100,47,47,1.1,1.103731419277,0.956302181741424,1.26928544894915,0.967717391579291,1.22336868751648,0.96,100
"EpiLPS (MALA)","negbin","SD +60%",7.5,5.44,"gradual20_1.1_to_1.3",2000,100,48,48,1.1,1.10405988259574,0.955960308041921,1.27221263029771,0.970604822356193,1.21732380058585,0.96,100
"EpiLPS (MALA)","negbin","SD +60%",7.5,5.44,"gradual20_1.1_to_1.3",2000,100,49,49,1.1,1.10564658915971,0.95661244661864,1.2767809309819,0.966870157250287,1.2152930786809,0.98,100
"EpiLPS (MALA)","negbin","SD +60%",7.5,5.44,"gradual20_1.1_to_1.3",2000,100,50,50,1.11,1.10919961623494,0.962758448452626,1.27815558723295,0.982401820476102,1.22412323291254,0.96,100
"EpiLPS (MALA)","negbin","SD +60%",7.5,5.44,"gradual20_1.1_to_1.3",2000,100,51,51,1.12,1.11438040799999,0.966551209247246,1.28135068140503,0.984972688850001,1.24860272493577,0.96,100
"EpiLPS (MALA)","negbin","SD +60%",7.5,5.44,"gradual20_1.1_to_1.3",2000,100,52,52,1.13,1.12024824137245,0.967873049969474,1.29090779238814,0.98450588796195,1.29085827533495,0.93,100
"EpiLPS (MALA)","negbin","SD +60%",7.5,5.44,"gradual20_1.1_to_1.3",2000,100,53,53,1.14,1.12648760139297,0.974774184383218,1.29751593353652,0.987177377020273,1.3211828240857,0.9,100
"EpiLPS (MALA)","negbin","SD +60%",7.5,5.44,"gradual20_1.1_to_1.3",2000,100,54,54,1.15,1.13241975199019,0.983752587775218,1.30319005472666,0.99274656449865,1.32461669793119,0.91,100
"EpiLPS (MALA)","negbin","SD +60%",7.5,5.44,"gradual20_1.1_to_1.3",2000,100,55,55,1.16,1.13844117742138,0.987833951198564,1.31663121337538,1.01160790351669,1.28784546067896,0.95,100
"EpiLPS (MALA)","negbin","SD +60%",7.5,5.44,"gradual20_1.1_to_1.3",2000,100,56,56,1.17,1.14527638570005,0.994481952627331,1.32654431154431,1.02180464977958,1.28247229811676,0.96,100
"EpiLPS (MALA)","negbin","SD +60%",7.5,5.44,"gradual20_1.1_to_1.3",2000,100,57,57,1.18,1.15266308795563,1.00282494481223,1.33017505708271,1.0197554935766,1.29662922166057,0.95,100
"EpiLPS (MALA)","negbin","SD +60%",7.5,5.44,"gradual20_1.1_to_1.3",2000,100,58,58,1.19,1.16093380763903,1.00901961878798,1.33735959405601,1.03441372214962,1.30913129674505,0.94,100
"EpiLPS (MALA)","negbin","SD +60%",7.5,5.44,"gradual20_1.1_to_1.3",2000,100,59,59,1.2,1.16888383549384,1.01256677767761,1.34865179953678,1.04813002987173,1.32240656862077,0.97,100
"EpiLPS (MALA)","negbin","SD +60%",7.5,5.44,"gradual20_1.1_to_1.3",2000,100,60,60,1.21,1.17727561374474,1.02034087933023,1.35414161937428,1.05087879990239,1.32142929071132,0.97,100
"EpiLPS (MALA)","negbin","SD +60%",7.5,5.44,"gradual20_1.1_to_1.3",2000,100,61,61,1.22,1.18473114945407,1.02722740460076,1.36126749824918,1.05706078622308,1.33955977786983,0.94,100
"EpiLPS (MALA)","negbin","SD +60%",7.5,5.44,"gradual20_1.1_to_1.3",2000,100,62,62,1.23,1.19219959129723,1.03006798617515,1.37446321231057,1.05830358628866,1.350761580432,0.96,100
"EpiLPS (MALA)","negbin","SD +60%",7.5,5.44,"gradual20_1.1_to_1.3",2000,100,63,63,1.24,1.19940691281914,1.03728658172571,1.3825842814502,1.06228375775073,1.38106842185881,0.93,100
"EpiLPS (MALA)","negbin","SD +60%",7.5,5.44,"gradual20_1.1_to_1.3",2000,100,64,64,1.25,1.20628104428505,1.04764203803246,1.38678984776581,1.05426324503185,1.41014307102667,0.92,100
"EpiLPS (MALA)","negbin","SD +60%",7.5,5.44,"gradual20_1.1_to_1.3",2000,100,65,65,1.26,1.2131675291551,1.05209117635032,1.39753723106682,1.05759458532752,1.42233251397665,0.92,100
"EpiLPS (MALA)","negbin","SD +60%",7.5,5.44,"gradual20_1.1_to_1.3",2000,100,66,66,1.27,1.22043032455504,1.05517049999816,1.4083556225782,1.0730477381204,1.42440406464586,0.93,100
"EpiLPS (MALA)","negbin","SD +60%",7.5,5.44,"gradual20_1.1_to_1.3",2000,100,67,67,1.28,1.22710746649146,1.06410025664514,1.41265309103473,1.07862641053019,1.41252062687556,0.92,100
"EpiLPS (MALA)","negbin","SD +60%",7.5,5.44,"gradual20_1.1_to_1.3",2000,100,68,68,1.29,1.23392456019534,1.07070544546854,1.42092913920192,1.08684454362462,1.3959354428919,0.91,100
"EpiLPS (MALA)","negbin","SD +60%",7.5,5.44,"gradual20_1.1_to_1.3",2000,100,69,69,1.3,1.24164502479536,1.07419413539922,1.43329788783969,1.08929944889606,1.40415047295884,0.9,100
"EpiLPS (MALA)","negbin","SD +60%",7.5,5.44,"gradual20_1.1_to_1.3",2000,100,70,70,1.3,1.24937823418173,1.08253035879506,1.43874327264073,1.09916349391831,1.40242908778618,0.92,100
"EpiLPS (MALA)","negbin","SD +60%",7.5,5.44,"gradual20_1.1_to_1.3",2000,100,71,71,1.3,1.25739350720491,1.09254798793903,1.44388897689261,1.10705620673245,1.3964969386124,0.93,100
"EpiLPS (MALA)","negbin","SD +60%",7.5,5.44,"gradual20_1.1_to_1.3",2000,100,72,72,1.3,1.26424419410136,1.09801824399852,1.45556220315422,1.1218649000783,1.40069688677502,0.97,100
"EpiLPS (MALA)","negbin","SD +60%",7.5,5.44,"gradual20_1.1_to_1.3",2000,100,73,73,1.3,1.26966119839585,1.10259239287424,1.46272318541937,1.14071873879392,1.40239504744168,0.98,100
"EpiLPS (MALA)","negbin","SD +60%",7.5,5.44,"gradual20_1.1_to_1.3",2000,100,74,74,1.3,1.27421553381933,1.11018482344292,1.46352238843787,1.13175676842328,1.40542025120687,0.97,100
"EpiLPS (MALA)","negbin","SD +60%",7.5,5.44,"gradual20_1.1_to_1.3",2000,100,75,75,1.3,1.27785231935065,1.11273635244267,1.47011140583775,1.11684863189775,1.41134985394616,0.96,100
"EpiLPS (MALA)","negbin","SD +60%",7.5,5.44,"gradual20_1.1_to_1.3",2000,100,76,76,1.3,1.28048718312502,1.11108872745031,1.47766589657326,1.11362756660161,1.41964145880467,0.98,100
"EpiLPS (MALA)","negbin","SD +60%",7.5,5.44,"gradual20_1.1_to_1.3",2000,100,77,77,1.3,1.28155839509386,1.11238641287788,1.47553591970925,1.12542188947031,1.42399162124734,0.98,100
"EpiLPS (MALA)","negbin","SD +60%",7.5,5.44,"gradual20_1.1_to_1.3",2000,100,78,78,1.3,1.28138752739157,1.11232660620563,1.47497066651281,1.12837016828842,1.42180497718489,0.98,100
"EpiLPS (MALA)","negbin","SD +60%",7.5,5.44,"gradual20_1.1_to_1.3",2000,100,79,79,1.3,1.28155583629784,1.10888674994029,1.47763468458454,1.12520481206012,1.41242324378819,0.96,100
"EpiLPS (MALA)","negbin","SD +60%",7.5,5.44,"gradual20_1.1_to_1.3",2000,100,80,80,1.3,1.28141348642951,1.10962691564795,1.47475285542043,1.12487231646977,1.40673168749721,0.97,100
"EpiLPS (MALA)","negbin","SD +60%",7.5,5.44,"gradual20_1.1_to_1.3",2000,100,81,81,1.3,1.28117293823779,1.11438188824251,1.47166073683001,1.12821862077564,1.40471417326074,0.97,100
"EpiLPS (MALA)","negbin","SD +60%",7.5,5.44,"gradual20_1.1_to_1.3",2000,100,82,82,1.3,1.28126561063134,1.11457677824881,1.47397419564096,1.13560443218368,1.39693983385122,0.98,100
"EpiLPS (MALA)","negbin","SD +60%",7.5,5.44,"gradual20_1.1_to_1.3",2000,100,83,83,1.3,1.28248633781839,1.11257239299898,1.48054260811177,1.14220536870585,1.40996840657117,0.98,100
"EpiLPS (MALA)","negbin","SD +60%",7.5,5.44,"gradual20_1.1_to_1.3",2000,100,84,84,1.3,1.28434029734403,1.11585264278563,1.47871357149999,1.14649457845617,1.41682681909678,0.98,100
"EpiLPS (MALA)","negbin","SD +60%",7.5,5.44,"gradual20_1.1_to_1.3",2000,100,85,85,1.3,1.28634807723386,1.11667279110026,1.47920002758734,1.16721008075661,1.4287171024021,0.98,100
"EpiLPS (MALA)","negbin","SD +60%",7.5,5.44,"gradual20_1.1_to_1.3",2000,100,86,86,1.3,1.28709450473694,1.11428069598527,1.48312581161138,1.15298157293314,1.43183697652327,0.98,100
"EpiLPS (MALA)","negbin","SD +60%",7.5,5.44,"gradual20_1.1_to_1.3",2000,100,87,87,1.3,1.28796588504866,1.11667881114146,1.48104009763944,1.14779777676527,1.43073843589573,0.98,100
"EpiLPS (MALA)","negbin","SD +60%",7.5,5.44,"gradual20_1.1_to_1.3",2000,100,88,88,1.3,1.28864606600051,1.12107235965208,1.47851486395561,1.15189396873558,1.4512481388511,0.98,100
"EpiLPS (MALA)","negbin","SD +60%",7.5,5.44,"gradual20_1.1_to_1.3",2000,100,89,89,1.3,1.28908032262088,1.12033087607774,1.48425920694438,1.14334023351521,1.44969969042818,0.96,100
"EpiLPS (MALA)","negbin","SD +60%",7.5,5.44,"gradual20_1.1_to_1.3",2000,100,90,90,1.3,1.28934875269365,1.11899442756881,1.48754879399333,1.14520966501655,1.45167586359739,0.95,100
"EpiLPS (MALA)","negbin","SD +60%",7.5,5.44,"gradual20_1.1_to_1.3",2000,100,91,91,1.3,1.28903056907102,1.12151935696536,1.48439564920039,1.14101046406803,1.45019500916326,0.95,100
"EpiLPS (MALA)","negbin","SD +60%",7.5,5.44,"gradual20_1.1_to_1.3",2000,100,92,92,1.3,1.28803391488175,1.11993588235163,1.48436704218822,1.14104282048241,1.47051802380389,0.92,100
"EpiLPS (MALA)","negbin","SD +60%",7.5,5.44,"gradual20_1.1_to_1.3",2000,100,93,93,1.3,1.28675844110167,1.11356245760637,1.48568588595893,1.14378550828321,1.48062892327825,0.92,100
"EpiLPS (MALA)","negbin","SD +60%",7.5,5.44,"gradual20_1.1_to_1.3",2000,100,94,94,1.3,1.28365909996212,1.11210740035548,1.47990892706438,1.14851870330131,1.49561069391916,0.95,100
"EpiLPS (MALA)","negbin","SD +60%",7.5,5.44,"gradual20_1.1_to_1.3",2000,100,95,95,1.3,1.28096551764389,1.11053849316903,1.47572827252887,1.14001386908957,1.49699295998855,0.96,100
"EpiLPS (MALA)","negbin","SD +60%",7.5,5.44,"gradual20_1.1_to_1.3",2000,100,96,96,1.3,1.27784672316196,1.10342845940747,1.47834975778911,1.1443483273491,1.47418945828887,0.97,100
"EpiLPS (MALA)","negbin","SD +60%",7.5,5.44,"gradual20_1.1_to_1.3",2000,100,97,97,1.3,1.27589030645969,1.09520539907757,1.48359464313258,1.13588423302772,1.44065242079469,0.98,100
"EpiLPS (MALA)","negbin","SD +60%",7.5,5.44,"gradual20_1.1_to_1.3",2000,100,98,98,1.3,1.27368044287971,1.07630480671286,1.50533593586435,1.1042867928391,1.46957649000821,0.97,100
"EpiLPS (MALA)","negbin","SD +60%",7.5,5.44,"gradual20_1.1_to_1.3",2000,100,99,99,1.3,1.272214179908,1.03789225216489,1.56597780500774,1.07123436175758,1.51111730747093,0.97,100
"EpiLPS (MALA)","negbin","SD +60%",7.5,5.44,"gradual20_1.1_to_1.3",2000,100,100,100,1.3,1.27177221592533,0.982639660847775,1.66500310019424,1.03216900448341,1.56781325618254,0.98,100
