"key","scenario","grid_value","rel_error","correct","day","truth","mean_R","sd_R","coverage","half","bias","family"
"gamma_bin_10.50_3.40","vary_mean",10.5,0.4,FALSE,8,1.22915300707766,NA,NA,NA,NA,NA,"gamma_bin"
"gamma_bin_10.50_3.40","vary_mean",10.5,0.4,FALSE,9,2.39912444733293,NA,NA,NA,NA,NA,"gamma_bin"
"gamma_bin_10.50_3.40","vary_mean",10.5,0.4,FALSE,10,1.19488455941613,NA,NA,NA,NA,NA,"gamma_bin"
"gamma_bin_10.50_3.40","vary_mean",10.5,0.4,FALSE,11,1.32901937043135,1.81160335928,0.0727344113941451,0,0.133788383880042,0.48258398884865,"gamma_bin"
"gamma_bin_10.50_3.40","vary_mean",10.5,0.4,FALSE,12,1.45964563283974,1.89476598291699,0.0667135731937256,0,0.128516439911059,0.435120350077248,"gamma_bin"
"gamma_bin_10.50_3.40","vary_mean",10.5,0.4,FALSE,13,1.71536377425759,2.14855643431158,0.0656351998616504,0,0.130094815545711,0.433192660053989,"gamma_bin"
"gamma_bin_10.50_3.40","vary_mean",10.5,0.4,FALSE,14,1.05186283321434,1.27945578831706,0.0503503685228147,0,0.0961649630630442,0.227592955102716,"gamma_bin"
"gamma_bin_10.50_3.40","vary_mean",10.5,0.4,FALSE,15,1.02513341063733,1.20715484547286,0.0494557199698584,0.02,0.090013262464618,0.182021434835528,"gamma_bin"
"gamma_bin_10.50_3.40","vary_mean",10.5,0.4,FALSE,16,1.25256084138212,1.46200005902436,0.0487417890687592,0.01,0.0959597370916458,0.209439217642235,"gamma_bin"
"gamma_bin_10.50_3.40","vary_mean",10.5,0.4,FALSE,17,1.2152968085526,1.38891124297688,0.0469371951753806,0.03,0.0909600896044155,0.173614434424283,"gamma_bin"
"gamma_bin_10.50_3.40","vary_mean",10.5,0.4,FALSE,18,0.979262007308338,1.08916433539151,0.043310945515207,0.21,0.0785798299115844,0.109902328083176,"gamma_bin"
"gamma_bin_10.50_3.40","vary_mean",10.5,0.4,FALSE,19,1.02548164174434,1.10771293502489,0.0412672528188138,0.45,0.0775793665949993,0.0822312932805482,"gamma_bin"
"gamma_bin_10.50_3.40","vary_mean",10.5,0.4,FALSE,20,1.03937017525567,1.10900844693786,0.0372143000932274,0.59,0.0762813890461205,0.0696382716821935,"gamma_bin"
"gamma_bin_10.50_3.40","vary_mean",10.5,0.4,FALSE,21,1.31708921089394,1.37882980467319,0.0426249849987486,0.69,0.0838762570818653,0.0617405937792481,"gamma_bin"
"gamma_bin_10.50_3.40","vary_mean",10.5,0.4,FALSE,22,1.01629528374106,1.0510107057687,0.0350628613777094,0.88,0.0724462033097717,0.03471542202764,"gamma_bin"
"gamma_bin_10.50_3.40","vary_mean",10.5,0.4,FALSE,23,0.750244244564339,0.769310667363021,0.0305475226573082,0.91,0.0614764821430698,0.0190664227986819,"gamma_bin"
"gamma_bin_10.50_3.40","vary_mean",10.5,0.4,FALSE,24,0.686827825813118,0.708085180883933,0.0293152380623992,0.9,0.0586275637129791,0.0212573550708151,"gamma_bin"
"gamma_bin_10.50_3.40","vary_mean",10.5,0.4,FALSE,25,1.09141067495798,1.12264009033067,0.0350750308333325,0.9,0.073460648241935,0.0312294153726922,"gamma_bin"
"gamma_bin_10.50_3.40","vary_mean",10.5,0.4,FALSE,26,0.74108150094242,0.74251880021266,0.0323132216397157,0.95,0.0594703156756983,0.00143729927023994,"gamma_bin"
"gamma_bin_10.50_3.40","vary_mean",10.5,0.4,FALSE,27,0.768558244559202,0.757889945962009,0.0315666676124273,0.94,0.0598705649989365,-0.0106682985971929,"gamma_bin"
"gamma_bin_10.50_3.40","vary_mean",10.5,0.4,FALSE,28,0.75279022252533,0.719853032298779,0.0271892392157855,0.83,0.0582883327861217,-0.0329371902265508,"gamma_bin"
"gamma_bin_10.50_3.40","vary_mean",10.5,0.4,FALSE,29,0.700207559621297,0.65834180245892,0.0271423828119053,0.67,0.0558862584424265,-0.0418657571623766,"gamma_bin"
"gamma_bin_10.50_3.40","vary_mean",10.5,0.4,FALSE,30,0.555254250263291,0.516994280404944,0.0259106127186242,0.73,0.0498376495834706,-0.0382599698583473,"gamma_bin"
"gamma_bin_10.50_3.40","vary_mean",10.5,0.4,FALSE,31,0.584462421312083,0.532075387136539,0.0251948801557478,0.48,0.0510552002832577,-0.0523870341755444,"gamma_bin"
"gamma_bin_10.50_3.40","vary_mean",10.5,0.4,FALSE,32,0.680311568720764,0.610247510006392,0.0252118666252994,0.32,0.0553703226739832,-0.0700640587143717,"gamma_bin"
"gamma_bin_10.50_3.40","vary_mean",10.5,0.4,FALSE,33,0.958980557438332,0.842673914261604,0.0417126716538519,0.13,0.0660634664334111,-0.116306643176728,"gamma_bin"
"gamma_bin_10.50_3.40","vary_mean",10.5,0.4,FALSE,34,1.26715241572783,1.08338007216494,0.0357453089761852,0,0.0763033839946724,-0.183772343562889,"gamma_bin"
"gamma_bin_10.50_3.40","vary_mean",10.5,0.4,FALSE,35,1.32835101120383,1.12469160169781,0.0397716951731064,0,0.0794590779578593,-0.203659409506016,"gamma_bin"
"gamma_bin_10.50_3.40","vary_mean",10.5,0.4,FALSE,36,0.820531409863083,0.708657021708769,0.032645613542918,0.08,0.0646536142512345,-0.111874388154314,"gamma_bin"
"gamma_bin_10.50_3.40","vary_mean",10.5,0.4,FALSE,37,0.605068218099632,0.550059839383796,0.0331152601599035,0.54,0.0584366774896844,-0.0550083787158361,"gamma_bin"
"gamma_bin_10.50_3.40","vary_mean",10.5,0.4,FALSE,38,0.48061136006007,0.469155268293749,0.0297769974513296,0.91,0.0551896319805906,-0.0114560917663213,"gamma_bin"
"gamma_bin_10.50_3.40","vary_mean",10.5,0.4,FALSE,39,0.729684564655972,0.738726156376928,0.0327039953818018,0.98,0.0702937187960579,0.00904159172095576,"gamma_bin"
"gamma_bin_10.50_3.40","vary_mean",10.5,0.4,FALSE,40,0.815108206288389,0.818834358945419,0.0389955958018046,0.95,0.074426121235352,0.00372615265703002,"gamma_bin"
"gamma_bin_10.50_3.40","vary_mean",10.5,0.4,FALSE,41,0.615430120554185,0.592235196079594,0.0343270992893377,0.88,0.0633186028431167,-0.0231949244745909,"gamma_bin"
"gamma_bin_10.50_3.40","vary_mean",10.5,0.4,FALSE,42,0.7716723572992,0.699379380460381,0.0365665367156271,0.48,0.0688846269787605,-0.0722929768388186,"gamma_bin"
"gamma_bin_10.50_3.40","vary_mean",10.5,0.4,FALSE,43,0.638626730193333,0.564830643929532,0.0283157791017061,0.33,0.062324393787986,-0.0737960862638015,"gamma_bin"
"gamma_bin_10.50_3.40","vary_mean",10.5,0.4,FALSE,44,0.502593853100566,0.431150004364535,0.0310756237999197,0.33,0.0552096421963712,-0.0714438487360314,"gamma_bin"
"gamma_bin_10.50_3.40","vary_mean",10.5,0.4,FALSE,45,0.419338241890262,0.364674162584467,0.0291876373285815,0.5,0.0518093373108428,-0.0546640793057946,"gamma_bin"
"gamma_bin_10.50_3.40","vary_mean",10.5,0.4,FALSE,46,0.532509871825,0.460314528189795,0.0286830405515954,0.38,0.0596287341920823,-0.0721953436352047,"gamma_bin"
"gamma_bin_10.50_3.40","vary_mean",10.5,0.4,FALSE,47,0.748139787723446,0.630543377359426,0.0402146412131552,0.17,0.0716154023420358,-0.11759641036402,"gamma_bin"
"gamma_bin_10.50_3.40","vary_mean",10.5,0.4,FALSE,48,0.69956822206096,0.57506246946301,0.0335859496851444,0.06,0.070266025860658,-0.12450575259795,"gamma_bin"
"gamma_bin_10.50_3.40","vary_mean",10.5,0.4,FALSE,49,0.840598040729289,0.677301317054981,0.0378615658993906,0.02,0.0784959120851654,-0.163296723674308,"gamma_bin"
"gamma_bin_10.50_3.40","vary_mean",10.5,0.4,FALSE,50,0.60554325949379,0.490851637549425,0.0364669381677211,0.12,0.0689581159093089,-0.114691621944365,"gamma_bin"
"gamma_bin_10.50_3.40","vary_mean",10.5,0.4,FALSE,51,0.551125264389769,0.448287827842776,0.0346035646678152,0.2,0.06821006549682,-0.102837436546993,"gamma_bin"
"gamma_bin_10.50_3.40","vary_mean",10.5,0.4,FALSE,52,0.382393923102511,0.321602868701376,0.0271576540307923,0.51,0.0598490123859531,-0.0607910544011347,"gamma_bin"
"gamma_bin_10.50_3.40","vary_mean",10.5,0.4,FALSE,53,0.67600822687436,0.582146398173243,0.045485056959797,0.45,0.0832536136885576,-0.0938618287011175,"gamma_bin"
"gamma_bin_10.50_3.40","vary_mean",10.5,0.4,FALSE,54,0.673855515926702,0.571462671971333,0.0424925625742649,0.38,0.08502793821242,-0.102392843955369,"gamma_bin"
"gamma_bin_10.50_3.40","vary_mean",10.5,0.4,FALSE,55,0.928599757202953,0.788209712043856,0.0488219197214629,0.25,0.102616668828985,-0.140390045159097,"gamma_bin"
"gamma_bin_10.50_3.40","vary_mean",10.5,0.4,FALSE,56,0.750387184163906,0.622612587755626,0.0475433579779531,0.29,0.093621827368797,-0.12777459640828,"gamma_bin"
"gamma_bin_10.50_3.40","vary_mean",10.5,0.4,FALSE,57,0.713506443750686,0.594768978633643,0.0535908384093039,0.37,0.0940847684367924,-0.118737465117043,"gamma_bin"
"gamma_bin_10.50_3.40","vary_mean",10.5,0.4,FALSE,58,0.492090945289708,0.415025873465909,0.0410544996915998,0.59,0.0810039318369339,-0.0770650718237989,"gamma_bin"
"gamma_bin_10.50_3.40","vary_mean",10.5,0.4,FALSE,59,0.488086622314194,0.423192127727125,0.0511389817441043,0.7,0.0843026223962417,-0.0648944945870687,"gamma_bin"
"gamma_bin_10.50_3.40","vary_mean",10.5,0.4,FALSE,60,0.671814423224244,0.589837392996372,0.0515138049799197,0.67,0.102479262538859,-0.0819770302278716,"gamma_bin"
"gamma_bin_10.50_3.40","vary_mean",10.5,0.4,FALSE,61,0.791713212108865,0.691762023464285,0.065686545202575,0.55,0.113829026339135,-0.09995118864458,"gamma_bin"
"gamma_bin_10.50_3.40","vary_mean",10.5,0.4,FALSE,62,0.652883007093316,0.574183811114395,0.0554133493097766,0.69,0.106093693271119,-0.0786991959789213,"gamma_bin"
"gamma_bin_10.50_3.40","vary_mean",10.5,0.4,FALSE,63,0.61385111269512,0.520638793171925,0.0557330885276097,0.57,0.10327784452049,-0.0932123195231949,"gamma_bin"
"gamma_bin_10.50_3.40","vary_mean",10.5,0.4,FALSE,64,0.74711285306125,0.62573731278598,0.057666054708591,0.51,0.116053341410473,-0.12137554027527,"gamma_bin"
"gamma_bin_10.50_3.40","vary_mean",10.5,0.4,FALSE,65,0.706623402762968,0.595650040668188,0.0610587604043932,0.57,0.116292291061438,-0.11097336209478,"gamma_bin"
"gamma_bin_10.50_3.40","vary_mean",10.5,0.4,FALSE,66,0.511807017708403,0.429985029417733,0.0554238227349214,0.64,0.10168230960515,-0.0818219882906704,"gamma_bin"
"gamma_bin_10.50_3.40","vary_mean",10.5,0.4,FALSE,67,0.670522334469821,0.573026451374034,0.0578518809845239,0.71,0.120861914497142,-0.0974958830957868,"gamma_bin"
"gamma_bin_10.50_3.40","vary_mean",10.5,0.4,FALSE,68,1.17241462294142,1.00714129046288,0.0762404868418983,0.53,0.164754178994481,-0.165273332478542,"gamma_bin"
"gamma_bin_10.50_3.40","vary_mean",10.5,0.4,FALSE,69,1.09873791889337,0.957896652432468,0.0781543702281137,0.64,0.164977004942226,-0.140841266460901,"gamma_bin"
"gamma_bin_10.50_3.40","vary_mean",10.5,0.4,FALSE,70,0.863932410861542,0.735884894676307,0.0815908397234584,0.63,0.148319325537095,-0.128047516185235,"gamma_bin"
"gamma_bin_10.50_3.40","vary_mean",10.5,0.4,FALSE,71,0.715028130529259,0.632851209484829,0.0641990173493923,0.83,0.141095160646736,-0.0821769210444304,"gamma_bin"
"gamma_bin_10.50_3.40","vary_mean",10.5,0.4,FALSE,72,0.577764438354966,0.541515576787964,0.0776114775855093,0.91,0.13355962502789,-0.0362488615670022,"gamma_bin"
"gamma_bin_10.50_3.40","vary_mean",10.5,0.4,FALSE,73,0.968013714061152,0.914743691054057,0.0930329205195906,0.91,0.177104131721152,-0.0532700230070952,"gamma_bin"
"gamma_bin_10.50_3.40","vary_mean",10.5,0.4,FALSE,74,0.655296731928532,0.644917485709237,0.0697894511825083,0.96,0.150811252131647,-0.0103792462192945,"gamma_bin"
"gamma_bin_10.50_3.40","vary_mean",10.5,0.4,FALSE,75,0.599731609487604,0.576391866196346,0.0746804074837848,0.93,0.143783178753039,-0.0233397432912582,"gamma_bin"
"gamma_bin_10.50_3.40","vary_mean",10.5,0.4,FALSE,76,0.795766545904808,0.765896003092421,0.0884985241490035,0.92,0.166892750697097,-0.0298705428123869,"gamma_bin"
"gamma_bin_10.50_3.40","vary_mean",10.5,0.4,FALSE,77,0.873622167427323,0.817575282459023,0.0918247130526003,0.93,0.173930077934604,-0.0560468849683001,"gamma_bin"
"gamma_bin_10.50_3.40","vary_mean",10.5,0.4,FALSE,78,0.655482440826882,0.58872616936227,0.0903486695584674,0.83,0.149159787137544,-0.0667562714646122,"gamma_bin"
"gamma_bin_10.50_3.40","vary_mean",10.5,0.4,FALSE,79,0.810569670710955,0.718922373796958,0.0750377436549246,0.85,0.167792345727439,-0.0916472969139973,"gamma_bin"
"gamma_bin_10.50_3.40","vary_mean",10.5,0.4,FALSE,80,0.610411594391532,0.554253389067057,0.0827684529333444,0.88,0.149788674820598,-0.0561582053244751,"gamma_bin"
"gamma_bin_10.50_3.40","vary_mean",10.5,0.4,FALSE,81,0.859802485503572,0.759786421555333,0.0921716132546942,0.8,0.179232168300411,-0.100016063948239,"gamma_bin"
"gamma_bin_10.50_3.40","vary_mean",10.5,0.4,FALSE,82,0.717893912271731,0.647988985163107,0.09119011426374,0.85,0.168917315843619,-0.0699049271086242,"gamma_bin"
"gamma_bin_10.50_3.40","vary_mean",10.5,0.4,FALSE,83,0.992160969972712,0.9001797494384,0.0843698806241798,0.87,0.203254806696817,-0.0919812205343118,"gamma_bin"
"gamma_bin_10.50_3.40","vary_mean",10.5,0.4,FALSE,84,1.12536119877567,1.02527783777089,0.109826634712674,0.87,0.220944138968966,-0.100083361004783,"gamma_bin"
"gamma_bin_10.50_3.40","vary_mean",10.5,0.4,FALSE,85,0.719045149251176,0.661919845382898,0.0935782628539882,0.86,0.180845505521831,-0.057125303868278,"gamma_bin"
"gamma_bin_10.50_3.40","vary_mean",10.5,0.4,FALSE,86,0.847473435579488,0.778757364512576,0.0986804713514549,0.94,0.199766320255023,-0.0687160710669117,"gamma_bin"
"gamma_bin_10.50_3.40","vary_mean",10.5,0.4,FALSE,87,0.854973302049258,0.806899233187461,0.111112110793805,0.92,0.206771111386168,-0.0480740688617969,"gamma_bin"
"gamma_bin_10.50_3.40","vary_mean",10.5,0.4,FALSE,88,1.05225780392596,1.03416526996297,0.119570891367517,0.94,0.237603679928214,-0.0180925339629872,"gamma_bin"
"gamma_bin_10.50_3.40","vary_mean",10.5,0.4,FALSE,89,0.736216801220608,0.713168375085741,0.11769019052422,0.91,0.199379515753017,-0.0230484261348671,"gamma_bin"
"gamma_bin_10.50_3.40","vary_mean",10.5,0.4,FALSE,90,0.91040746889,0.87939297887961,0.109768746296965,0.95,0.223199430046232,-0.0310144900103897,"gamma_bin"
"gamma_bin_10.50_3.40","vary_mean",10.5,0.4,FALSE,91,0.87534575895404,0.83902197459111,0.105362304539175,0.94,0.219445535376631,-0.0363237843629295,"gamma_bin"
"gamma_bin_10.50_3.40","vary_mean",10.5,0.4,FALSE,92,1.13304443436225,1.09100522684736,0.121075431762326,0.96,0.251908367266416,-0.0420392075148923,"gamma_bin"
"gamma_bin_10.50_3.40","vary_mean",10.5,0.4,FALSE,93,0.779596408911112,0.757958224560832,0.101588242827087,0.97,0.211284706922625,-0.0216381843502804,"gamma_bin"
"gamma_bin_10.50_3.40","vary_mean",10.5,0.4,FALSE,94,0.738569675828446,0.714022866530052,0.100423422905345,0.97,0.206644061119117,-0.0245468092983937,"gamma_bin"
"gamma_bin_10.50_3.40","vary_mean",10.5,0.4,FALSE,95,0.736364931280663,0.713925558406111,0.104263218544423,0.92,0.208121309428557,-0.022439372874552,"gamma_bin"
"gamma_bin_10.50_3.40","vary_mean",10.5,0.4,FALSE,96,0.940445717920046,0.907359248759945,0.114967982042076,0.95,0.236548738929876,-0.0330864691601012,"gamma_bin"
"gamma_bin_10.50_3.40","vary_mean",10.5,0.4,FALSE,97,0.926791760743166,0.889658474546739,0.103614530476203,0.97,0.235885739390706,-0.0371332861964269,"gamma_bin"
"gamma_bin_10.50_3.40","vary_mean",10.5,0.4,FALSE,98,0.805248809294182,0.758423762810695,0.114442426710742,0.93,0.219133039561952,-0.046825046483487,"gamma_bin"
"gamma_bin_10.50_3.40","vary_mean",10.5,0.4,FALSE,99,0.968943928916511,0.897402382582326,0.135426575246909,0.86,0.240235043024886,-0.0715415463341854,"gamma_bin"
"gamma_bin_10.50_3.40","vary_mean",10.5,0.4,FALSE,100,0.483314411540288,0.450635045052323,0.0787028096479744,0.98,0.171977252443198,-0.0326793664879653,"gamma_bin"
"gamma_bin_10.50_3.40","vary_mean",10.5,0.4,FALSE,101,0.660754209210677,0.614542128409893,0.100750730313452,0.96,0.203256180457149,-0.0462120808007835,"gamma_bin"
"gamma_bin_10.50_3.40","vary_mean",10.5,0.4,FALSE,102,0.65572642436151,0.611921957277288,0.105148479589003,0.95,0.204985047493582,-0.0438044670842223,"gamma_bin"
"gamma_bin_10.50_3.40","vary_mean",10.5,0.4,FALSE,103,1.19597238563675,1.10888726271146,0.150406677657885,0.9,0.279300767510027,-0.087085122925286,"gamma_bin"
"gamma_bin_10.50_3.40","vary_mean",10.5,0.4,FALSE,104,1.52016047762218,1.41383763484777,0.173603345216443,0.89,0.319138651129587,-0.106322842774413,"gamma_bin"
"gamma_bin_10.50_3.40","vary_mean",10.5,0.4,FALSE,105,1.1030085210386,0.977301185618505,0.141837620942523,0.86,0.269218450033501,-0.125707335420095,"gamma_bin"
"gamma_bin_10.50_3.40","vary_mean",10.5,0.4,FALSE,106,0.895239451481731,0.815866642075015,0.127672573517519,0.91,0.250261150417482,-0.0793728094067159,"gamma_bin"
"gamma_bin_10.50_3.40","vary_mean",10.5,0.4,FALSE,107,0.603003827128156,0.595715548793388,0.115602160873877,0.94,0.217653212248181,-0.00728827833476842,"gamma_bin"
"gamma_bin_10.50_3.40","vary_mean",10.5,0.4,FALSE,108,1.07759954005713,1.08498163310084,0.147310634500347,0.98,0.298554653126711,0.00738209304370785,"gamma_bin"
"gamma_bin_10.50_3.40","vary_mean",10.5,0.4,FALSE,109,1.67933972630709,1.75217689020899,0.182940401490286,0.98,0.382280914976682,0.0728371639019041,"gamma_bin"
"gamma_bin_10.50_3.40","vary_mean",10.5,0.4,FALSE,110,0.778502984216349,0.830735958538759,0.132988570569463,0.93,0.26289772843147,0.0522329743224101,"gamma_bin"
"gamma_bin_10.50_3.40","vary_mean",10.5,0.4,FALSE,111,0.991989182530735,1.03074203684836,0.140456768461169,0.97,0.29143842351497,0.0387528543176259,"gamma_bin"
"gamma_bin_10.50_3.40","vary_mean",10.5,0.4,FALSE,112,1.07686506331656,1.12270992396975,0.166429950901568,0.89,0.302436784340611,0.0458448606531916,"gamma_bin"
"gamma_bin_10.50_3.40","vary_mean",10.5,0.4,FALSE,113,0.702387790154813,0.757482843128838,0.120830225169924,0.92,0.24742307755933,0.0550950529740245,"gamma_bin"
"gamma_bin_10.50_3.40","vary_mean",10.5,0.4,FALSE,114,0.976044237490855,1.03928188287105,0.141216388056025,0.97,0.288463925203278,0.0632376453801963,"gamma_bin"
"gamma_bin_10.50_3.40","vary_mean",10.5,0.4,FALSE,115,1.2386571693013,1.2516590138836,0.16118950901152,0.96,0.315019436154517,0.0130018445823019,"gamma_bin"
"gamma_bin_10.50_3.40","vary_mean",10.5,0.4,FALSE,116,1.16178575840714,1.16078543335125,0.158357998589061,0.97,0.302322622834918,-0.00100032505589187,"gamma_bin"
"gamma_bin_10.50_3.40","vary_mean",10.5,0.4,FALSE,117,1.19460307270673,1.19937810222466,0.156105837642861,0.92,0.305921689710665,0.00477502951793229,"gamma_bin"
"gamma_bin_10.50_3.40","vary_mean",10.5,0.4,FALSE,118,1.1631999130357,1.18771775377122,0.137490297487168,0.98,0.304443730401477,0.0245178407355153,"gamma_bin"
"gamma_bin_10.50_3.40","vary_mean",10.5,0.4,FALSE,119,1.07031355257977,1.08014401981591,0.164520086097639,0.92,0.290179761730992,0.00983046723614467,"gamma_bin"
"gamma_bin_10.50_3.40","vary_mean",10.5,0.4,FALSE,120,0.877747847801672,0.906726614000568,0.148103460476487,0.9,0.266182688005532,0.0289787661988961,"gamma_bin"
"gamma_bin_10.50_3.40","vary_mean",10.5,0.4,FALSE,121,1.36754433627127,1.44160379121477,0.171083054987807,0.91,0.335159688236547,0.0740594549434992,"gamma_bin"
"gamma_bin_10.50_3.40","vary_mean",10.5,0.4,FALSE,122,0.835785870448611,0.896739103813671,0.148589980473423,0.89,0.262482995635895,0.0609532333650602,"gamma_bin"
"gamma_bin_10.50_3.40","vary_mean",10.5,0.4,FALSE,123,1.2672350602796,1.33400563554669,0.158783778730698,0.9,0.317954833594741,0.0667705752670897,"gamma_bin"
"gamma_bin_10.50_3.40","vary_mean",10.5,0.4,FALSE,124,0.96912547878376,1.03976888918663,0.138366708410196,0.93,0.278351159529763,0.0706434104028721,"gamma_bin"
"gamma_bin_10.50_3.40","vary_mean",10.5,0.4,FALSE,125,0.847337032261578,0.903809448661255,0.134344537439873,0.91,0.257290916495079,0.0564724163996769,"gamma_bin"
"gamma_bin_10.50_3.40","vary_mean",10.5,0.4,FALSE,126,0.715562409302676,0.743477217957789,0.113010210566287,0.95,0.232056141384609,0.0279148086551134,"gamma_bin"
"gamma_bin_10.50_3.40","vary_mean",10.5,0.4,FALSE,127,0.947820201198353,0.966116627627571,0.137385000955671,0.93,0.262816598896673,0.0182964264292178,"gamma_bin"
"gamma_bin_10.50_3.40","vary_mean",10.5,0.4,FALSE,128,0.685080159737144,0.696448423314948,0.127308316355316,0.91,0.22180503542759,0.0113682635778043,"gamma_bin"
"gamma_bin_10.50_3.40","vary_mean",10.5,0.4,FALSE,129,0.940715932502657,0.933328057525359,0.143857064313451,0.92,0.255962072446152,-0.00738787497729809,"gamma_bin"
"gamma_bin_10.50_3.40","vary_mean",10.5,0.4,FALSE,130,0.882737793731905,0.85732127479128,0.13075938945737,0.94,0.245248763864868,-0.0254165189406245,"gamma_bin"
"gamma_bin_10.50_3.40","vary_mean",10.5,0.4,FALSE,131,0.908595801485553,0.824989490740971,0.12167368629928,0.88,0.241326574138258,-0.0836063107445816,"gamma_bin"
"gamma_bin_10.50_3.40","vary_mean",10.5,0.4,FALSE,132,0.91957504082564,0.870406852661805,0.13468863531149,0.93,0.249631563047059,-0.0491681881638348,"gamma_bin"
"gamma_bin_10.50_3.40","vary_mean",10.5,0.4,FALSE,133,0.772867637399724,0.715589458581649,0.127336645848526,0.92,0.228453813371733,-0.0572781788180752,"gamma_bin"
"gamma_bin_10.50_3.40","vary_mean",10.5,0.4,FALSE,134,0.85010038418266,0.812388761505315,0.131555017397993,0.92,0.246817943398759,-0.0377116226773447,"gamma_bin"
"gamma_bin_10.50_3.40","vary_mean",10.5,0.4,FALSE,135,0.784742304497557,0.761495681664367,0.114861497552931,0.96,0.242107735918696,-0.02324662283319,"gamma_bin"
"gamma_bin_10.50_3.40","vary_mean",10.5,0.4,FALSE,136,0.974662005700731,0.931641457326093,0.138338927408754,0.92,0.270615358255439,-0.0430205483746382,"gamma_bin"
"gamma_bin_10.50_3.40","vary_mean",10.5,0.4,FALSE,137,0.984149213306856,0.92777657127027,0.122368560902605,0.97,0.273108596676741,-0.0563726420365865,"gamma_bin"
"gamma_bin_10.50_3.40","vary_mean",10.5,0.4,FALSE,138,1.19074372582141,1.11321008009344,0.193363059231986,0.83,0.301796696967732,-0.0775336457279692,"gamma_bin"
"gamma_bin_10.50_3.40","vary_mean",10.5,0.4,FALSE,139,1.38369717355419,1.35427869968792,0.174536686437988,0.92,0.336515572389167,-0.0294184738662742,"gamma_bin"
"gamma_bin_10.50_3.40","vary_mean",10.5,0.4,FALSE,140,0.815809623984031,0.793516526053622,0.131724609668408,0.95,0.260121352075553,-0.0222930979304088,"gamma_bin"
"gamma_bin_10.50_3.40","vary_mean",10.5,0.4,FALSE,141,0.948704132009637,0.948667871389615,0.166611353615681,0.94,0.286608684417463,-3.62606200222659e-05,"gamma_bin"
"gamma_bin_10.50_3.40","vary_mean",10.5,0.4,FALSE,142,0.887909591017245,0.915240041280743,0.143317714023462,0.96,0.283851084481824,0.027330450263498,"gamma_bin"
"gamma_bin_10.50_3.40","vary_mean",10.5,0.4,FALSE,143,1.33194554446529,1.37884490935093,0.188642694441876,0.93,0.348912225669213,0.0468993648856404,"gamma_bin"
"gamma_bin_10.50_3.40","vary_mean",10.5,0.4,FALSE,144,1.33130879278334,1.38339704176573,0.141424107632596,0.99,0.348959349779191,0.0520882489823875,"gamma_bin"
"gamma_bin_10.50_3.40","vary_mean",10.5,0.4,FALSE,145,1.36040798308223,1.39478383892823,0.179724154918191,0.94,0.348199997234098,0.0343758558459979,"gamma_bin"
"gamma_bin_10.50_3.40","vary_mean",10.5,0.4,FALSE,146,1.03071021292377,1.04969320898117,0.183287328871195,0.9,0.299996427872962,0.0189829960574022,"gamma_bin"
"gamma_bin_10.50_3.40","vary_mean",10.5,0.4,FALSE,147,1.01542172209859,1.03926489807514,0.150541162942698,0.97,0.297454057038321,0.0238431759765543,"gamma_bin"
"gamma_bin_10.50_3.40","vary_mean",10.5,0.4,FALSE,148,0.918033733511508,0.98722528722287,0.175827696434143,0.87,0.288512986174627,0.0691915537113619,"gamma_bin"
"gamma_bin_10.50_3.40","vary_mean",10.5,0.4,FALSE,149,0.795399668183425,0.882607897908159,0.143068449370889,0.91,0.270896346379827,0.087208229724734,"gamma_bin"
"gamma_bin_10.50_3.40","vary_mean",10.5,0.4,FALSE,150,0.94707340630239,1.04300746403425,0.141616233720768,0.93,0.291997920955328,0.0959340577318633,"gamma_bin"
"gamma_bin_10.50_3.40","vary_mean",10.5,0.4,FALSE,151,0.838901742382429,0.860433960657369,0.118257218986858,0.98,0.26195967600116,0.0215322182749405,"gamma_bin"
"gamma_bin_10.50_3.40","vary_mean",10.5,0.4,FALSE,152,1.10279545241581,1.12095765952928,0.155370413289307,0.92,0.296412727190925,0.018162207113475,"gamma_bin"
"gamma_bin_10.50_3.40","vary_mean",10.5,0.4,FALSE,153,1.09815075967234,1.10984803499881,0.169874485363748,0.92,0.292689733061088,0.0116972753264659,"gamma_bin"
"gamma_bin_10.50_3.40","vary_mean",10.5,0.4,FALSE,154,0.933692374106949,0.910194524490285,0.140246894054423,0.94,0.265220644203123,-0.023497849616664,"gamma_bin"
"gamma_bin_10.50_3.40","vary_mean",10.5,0.4,FALSE,155,0.677255280263044,0.662641716862367,0.112447123103781,0.95,0.227281083480628,-0.014613563400677,"gamma_bin"
"gamma_bin_10.50_3.40","vary_mean",10.5,0.4,FALSE,156,0.794315589671576,0.798085231026212,0.128141773019178,0.94,0.250541984168428,0.0037696413546362,"gamma_bin"
"gamma_bin_10.50_3.40","vary_mean",10.5,0.4,FALSE,157,0.863128942217305,0.867815621585262,0.108708902304063,0.99,0.263335478926811,0.00468667936795675,"gamma_bin"
"gamma_bin_10.50_3.40","vary_mean",10.5,0.4,FALSE,158,1.21212682918176,1.20762758868476,0.163858330217056,0.94,0.311766048734959,-0.00449924049700123,"gamma_bin"
"gamma_bin_10.50_3.40","vary_mean",10.5,0.4,FALSE,159,1.02410139695973,0.968575162008754,0.140583357839366,0.94,0.27957116914837,-0.0555262349509756,"gamma_bin"
"gamma_bin_10.50_3.40","vary_mean",10.5,0.4,FALSE,160,0.905623732385136,0.850635335064363,0.142957028128055,0.9,0.263045383592126,-0.0549883973207732,"gamma_bin"
"gamma_bin_10.50_3.40","vary_mean",10.5,0.4,FALSE,161,0.9116217888269,0.865046985259173,0.138284539987681,0.93,0.266601527405158,-0.0465748035677274,"gamma_bin"
"gamma_bin_10.50_3.40","vary_mean",10.5,0.4,FALSE,162,0.854312926973229,0.842167374582795,0.140747136849384,0.95,0.265518981151594,-0.0121455523904342,"gamma_bin"
"gamma_bin_10.50_3.40","vary_mean",10.5,0.4,FALSE,163,0.939537145583715,0.948032793604374,0.131475337555334,0.98,0.28399361612378,0.00849564802065894,"gamma_bin"
"gamma_bin_10.50_3.40","vary_mean",10.5,0.4,FALSE,164,0.80426541937565,0.778214103754801,0.139515216974318,0.94,0.258303933722762,-0.0260513156208487,"gamma_bin"
"gamma_bin_10.50_3.40","vary_mean",10.5,0.4,FALSE,165,1.00142458710162,0.993422216063916,0.139633704350009,0.97,0.292608999049082,-0.00800237103770363,"gamma_bin"
"gamma_bin_10.50_3.40","vary_mean",10.5,0.4,FALSE,166,1.22258752675771,1.18688553715527,0.185866789771621,0.92,0.320116722214734,-0.0357019896024438,"gamma_bin"
"gamma_bin_10.50_3.40","vary_mean",10.5,0.4,FALSE,167,0.797785738886173,0.795587988296137,0.12795157692166,0.98,0.263958150607362,-0.00219775059003624,"gamma_bin"
"gamma_bin_10.50_3.40","vary_mean",10.5,0.4,FALSE,168,1.14984066668627,1.12150826742072,0.165973370731058,0.94,0.314708684674354,-0.0283323992655471,"gamma_bin"
"gamma_bin_10.50_3.40","vary_mean",10.5,0.4,FALSE,169,0.760346365617299,0.723777819449179,0.124860636251879,0.97,0.254468824640825,-0.0365685461681197,"gamma_bin"
"gamma_bin_10.50_3.40","vary_mean",10.5,0.4,FALSE,170,1.3742280074719,1.35716350037061,0.198218376581514,0.95,0.350541933388894,-0.0170645071012905,"gamma_bin"
"gamma_bin_10.50_3.40","vary_mean",10.5,0.4,FALSE,171,0.879913573057892,0.891449641578637,0.132145839945292,0.96,0.285581927014648,0.0115360685207448,"gamma_bin"
"gamma_bin_10.50_3.40","vary_mean",10.5,0.4,FALSE,172,1.40469565689074,1.41321985345802,0.182425067487955,0.98,0.360552212159976,0.00852419656728087,"gamma_bin"
"gamma_bin_10.50_3.40","vary_mean",10.5,0.4,FALSE,173,0.919193449899109,0.950480352285937,0.160538631956617,0.96,0.295903323144888,0.0312869023868279,"gamma_bin"
"gamma_bin_10.50_3.40","vary_mean",10.5,0.4,FALSE,174,0.923151861958846,0.938932320793144,0.154746302592635,0.93,0.293682439242689,0.0157804588342981,"gamma_bin"
"gamma_bin_10.50_3.40","vary_mean",10.5,0.4,FALSE,175,1.03836327926758,1.0514981420653,0.142956508237706,0.94,0.310692610742298,0.0131348627977186,"gamma_bin"
"gamma_bin_10.50_3.40","vary_mean",10.5,0.4,FALSE,176,0.9985406934674,1.04126425961423,0.141901367073175,0.97,0.308147996706469,0.0427235661468269,"gamma_bin"
"gamma_bin_10.50_3.40","vary_mean",10.5,0.4,FALSE,177,1.06724188250379,1.11876495450923,0.177192760471029,0.9,0.317313240269437,0.0515230720054354,"gamma_bin"
"gamma_bin_10.50_3.40","vary_mean",10.5,0.4,FALSE,178,0.796484699666055,0.807190204708233,0.156779859595517,0.89,0.26797800719186,0.0107055050421776,"gamma_bin"
"gamma_bin_10.50_3.40","vary_mean",10.5,0.4,FALSE,179,1.1985320355335,1.19676183341181,0.175487098224948,0.94,0.325277058873514,-0.00177020212169099,"gamma_bin"
"gamma_bin_10.50_3.40","vary_mean",10.5,0.4,FALSE,180,1.18742100745866,1.24699662425201,0.152677904400581,0.95,0.331519783286445,0.0595756167933481,"gamma_bin"
"gamma_bin_10.50_3.40","vary_mean",10.5,0.4,FALSE,181,1.49419527020498,1.49234264223436,0.19090363299148,0.93,0.362277688715945,-0.00185262797061991,"gamma_bin"
"gamma_bin_10.50_3.40","vary_mean",10.5,0.4,FALSE,182,1.51569869674153,1.49447986848472,0.189401275493526,0.95,0.36285068131663,-0.0212188282568142,"gamma_bin"
"gamma_bin_10.50_3.40","vary_mean",10.5,0.4,FALSE,183,0.993075321330978,1.02219206830302,0.16443926761052,0.93,0.299434718973832,0.0291167469720446,"gamma_bin"
"gamma_bin_10.50_3.40","vary_mean",10.5,0.4,FALSE,184,0.900892693512611,0.955519179869937,0.162277419867,0.92,0.289952264669359,0.0546264863573259,"gamma_bin"
"gamma_bin_10.50_3.40","vary_mean",10.5,0.4,FALSE,185,0.823216687408857,0.930260672016695,0.148556024331596,0.9,0.28511101790804,0.107043984607838,"gamma_bin"
"gamma_bin_10.50_3.40","vary_mean",10.5,0.4,FALSE,186,1.22622981286846,1.36786058799533,0.184441662864991,0.82,0.342081211451318,0.141630775126867,"gamma_bin"
"gamma_bin_10.50_3.40","vary_mean",10.5,0.4,FALSE,187,0.917491231652979,1.01745691516677,0.147691300098753,0.88,0.291102868553323,0.0999656835137926,"gamma_bin"
"gamma_bin_10.50_3.40","vary_mean",10.5,0.4,FALSE,188,1.14601430452239,1.20312808846337,0.183776812509109,0.93,0.311301361525336,0.0571137839409785,"gamma_bin"
"gamma_bin_10.50_3.40","vary_mean",10.5,0.4,FALSE,189,1.15018203934659,1.17858637196088,0.154991568413451,0.95,0.303877121549717,0.0284043326142915,"gamma_bin"
"gamma_bin_10.50_3.40","vary_mean",10.5,0.4,FALSE,190,1.13788009197463,1.12781567326917,0.140195547883717,0.96,0.295410667712461,-0.0100644187054588,"gamma_bin"
"gamma_bin_10.50_3.40","vary_mean",10.5,0.4,FALSE,191,1.77821476084602,1.79931682962988,0.191006087033408,0.94,0.371709015198386,0.0211020687838623,"gamma_bin"
"gamma_bin_10.50_3.40","vary_mean",10.5,0.4,FALSE,192,1.12622467540917,1.15549150908088,0.160597033395406,0.94,0.297032311042688,0.0292668336717077,"gamma_bin"
"gamma_bin_10.50_3.40","vary_mean",10.5,0.4,FALSE,193,1.63143870001326,1.69558615545925,0.185413209344211,0.93,0.359550630773186,0.0641474554459904,"gamma_bin"
"gamma_bin_10.50_3.40","vary_mean",10.5,0.4,FALSE,194,1.96133686485764,2.13352002718185,0.220560292830462,0.84,0.401703026040294,0.172183162324209,"gamma_bin"
"gamma_bin_10.50_3.40","vary_mean",10.5,0.4,FALSE,195,1.62645944263275,1.80858610035561,0.173057955529068,0.83,0.367416317163998,0.182126657722864,"gamma_bin"
"gamma_bin_10.50_3.40","vary_mean",10.5,0.4,FALSE,196,1.22116224956869,1.43943633170892,0.156848257748709,0.74,0.324119662620489,0.218274082140228,"gamma_bin"
"gamma_bin_10.50_3.40","vary_mean",10.5,0.4,FALSE,197,1.08513472727433,1.3230764684097,0.144342094589749,0.63,0.304606760870505,0.237941741135371,"gamma_bin"
"gamma_bin_10.50_3.40","vary_mean",10.5,0.4,FALSE,198,1.22272793926392,1.50013376599266,0.155116184622333,0.57,0.31590219929874,0.27740582672874,"gamma_bin"
"gamma_bin_10.50_3.40","vary_mean",10.5,0.4,FALSE,199,1.29605177368887,1.56274114505169,0.156835126559415,0.62,0.312950060956655,0.266689371362816,"gamma_bin"
"gamma_bin_10.50_3.40","vary_mean",10.5,0.4,FALSE,200,1.66923410820015,1.98807279185728,0.189803826027033,0.54,0.341569380975273,0.31883868365713,"gamma_bin"
"gamma_bin_10.50_3.40","vary_mean",10.5,0.4,FALSE,201,1.1694237090907,1.32771596663243,0.128269583798521,0.77,0.270500969355672,0.158292257541728,"gamma_bin"
"gamma_bin_10.50_3.40","vary_mean",10.5,0.4,FALSE,202,1.07879296650834,1.20803610289153,0.137123108747879,0.82,0.251510779073921,0.129243136383192,"gamma_bin"
"gamma_bin_10.50_3.40","vary_mean",10.5,0.4,FALSE,203,0.894627487421358,0.977327810122753,0.110519675940639,0.87,0.221363658995582,0.0827003227013948,"gamma_bin"
"gamma_bin_10.50_3.40","vary_mean",10.5,0.4,FALSE,204,0.81895014827116,0.921968131578744,0.109881981900028,0.86,0.211348483250402,0.103017983307584,"gamma_bin"
"gamma_bin_10.50_3.40","vary_mean",10.5,0.4,FALSE,205,0.966704879629287,1.08386627958755,0.115423084901005,0.83,0.225172493146031,0.11716139995826,"gamma_bin"
"gamma_bin_10.50_3.40","vary_mean",10.5,0.4,FALSE,206,0.735615178317886,0.784137679366826,0.0956212934728714,0.91,0.188185105089492,0.0485225010489402,"gamma_bin"
"gamma_bin_10.50_3.40","vary_mean",10.5,0.4,FALSE,207,0.854920650119855,0.879735663210364,0.112255582188066,0.93,0.196376600216674,0.0248150130905087,"gamma_bin"
"gamma_bin_10.50_3.40","vary_mean",10.5,0.4,FALSE,208,1.1836252253062,1.17421095360297,0.128285496949748,0.91,0.224721662123276,-0.00941427170323217,"gamma_bin"
"gamma_bin_10.50_3.40","vary_mean",10.5,0.4,FALSE,209,1.4603135494891,1.39328548347063,0.113945100402641,0.92,0.243694857382315,-0.0670280660184721,"gamma_bin"
"gamma_bin_10.50_3.40","vary_mean",10.5,0.4,FALSE,210,0.828359371463702,0.807254583039573,0.0977913166443793,0.94,0.186038119964374,-0.021104788424129,"gamma_bin"
"gamma_bin_10.50_3.40","vary_mean",10.5,0.4,FALSE,211,0.945528169177749,0.911198546397097,0.0906883550214315,0.96,0.198940676821812,-0.0343296227806518,"gamma_bin"
"gamma_bin_10.50_3.40","vary_mean",10.5,0.4,FALSE,212,0.79051319956122,0.788410459352136,0.0947889506510504,0.98,0.186479586634473,-0.00210274020908396,"gamma_bin"
"gamma_bin_10.50_3.40","vary_mean",10.5,0.4,FALSE,213,1.43201623771777,1.4703646504166,0.135965656172691,0.96,0.256307605963961,0.0383484126988347,"gamma_bin"
"gamma_bin_10.50_3.40","vary_mean",10.5,0.4,FALSE,214,1.11428897280893,1.16079059101103,0.119147068798511,0.93,0.227981244945333,0.0465016182020976,"gamma_bin"
"gamma_bin_10.50_3.40","vary_mean",10.5,0.4,FALSE,215,1.11572179995221,1.13501414658588,0.132887800900632,0.94,0.22520669729112,0.019292346633669,"gamma_bin"
"gamma_bin_10.50_3.40","vary_mean",10.5,0.4,FALSE,216,1.45327758905901,1.49717528820501,0.140408439187893,0.9,0.25754348692023,0.0438976991460029,"gamma_bin"
"gamma_bin_10.50_3.40","vary_mean",10.5,0.4,FALSE,217,1.1420673106557,1.18552378523626,0.0994443531915078,0.98,0.228293841428958,0.043456474580557,"gamma_bin"
"gamma_bin_10.50_3.40","vary_mean",10.5,0.4,FALSE,218,0.657966158830962,0.700779184229105,0.083341923244165,0.94,0.174879994734577,0.0428130253981427,"gamma_bin"
"gamma_bin_10.50_3.40","vary_mean",10.5,0.4,FALSE,219,1.3705780170681,1.49932274187226,0.123274998649012,0.87,0.254204695123361,0.128744724804162,"gamma_bin"
"gamma_bin_10.50_3.40","vary_mean",10.5,0.4,FALSE,220,1.12178323201924,1.22851098267267,0.115697374894576,0.82,0.228102397120305,0.106727750653427,"gamma_bin"
"gamma_bin_10.50_3.40","vary_mean",10.5,0.4,FALSE,221,1.82150678776182,1.93112080912748,0.128438380820024,0.93,0.283150190296031,0.109614021365659,"gamma_bin"
"gamma_bin_10.50_3.40","vary_mean",10.5,0.4,FALSE,222,1.47822233790926,1.55770025872894,0.129823285292911,0.89,0.251095528159292,0.0794779208196759,"gamma_bin"
"gamma_bin_10.50_3.40","vary_mean",10.5,0.4,FALSE,223,1.2291381002976,1.29608013077663,0.11454176437413,0.92,0.226858151777483,0.066942030479026,"gamma_bin"
"gamma_bin_10.50_3.40","vary_mean",10.5,0.4,FALSE,224,1.39168397860736,1.52364937814644,0.12761038426015,0.77,0.243492933177096,0.13196539953908,"gamma_bin"
"gamma_bin_10.50_3.40","vary_mean",10.5,0.4,FALSE,225,1.02693213453622,1.19036856206616,0.101080509052721,0.66,0.212900359238555,0.163436427529937,"gamma_bin"
"gamma_bin_10.50_3.40","vary_mean",10.5,0.4,FALSE,226,0.944477107231107,1.09320113056386,0.0982704356555076,0.69,0.201015966177391,0.148724023332751,"gamma_bin"
"gamma_bin_10.50_3.40","vary_mean",10.5,0.4,FALSE,227,0.88294479567521,1.01598510413431,0.108812486062172,0.68,0.189677260601196,0.133040308459096,"gamma_bin"
"gamma_bin_10.50_3.40","vary_mean",10.5,0.4,FALSE,228,1.2545287150813,1.4221832398754,0.11448775339362,0.57,0.219433665935498,0.167654524794104,"gamma_bin"
"gamma_bin_10.50_3.40","vary_mean",10.5,0.4,FALSE,229,1.46483936058861,1.58132509399621,0.125912760330108,0.77,0.226244794229118,0.116485733407604,"gamma_bin"
"gamma_bin_10.50_3.40","vary_mean",10.5,0.4,FALSE,230,1.5106771494413,1.56636453256117,0.100487154782154,0.96,0.2211815797472,0.0556873831198661,"gamma_bin"
"gamma_bin_10.50_3.40","vary_mean",10.5,0.4,FALSE,231,1.76125096519109,1.81146970449038,0.113901256635157,0.94,0.234786443296873,0.050218739299289,"gamma_bin"
"gamma_bin_10.50_3.40","vary_mean",10.5,0.4,FALSE,232,1.40611418271408,1.48639454817893,0.0965950312293647,0.89,0.210901394490508,0.0802803654648505,"gamma_bin"
"gamma_bin_10.50_3.40","vary_mean",10.5,0.4,FALSE,233,1.50840807515769,1.65984501056592,0.10659808946196,0.72,0.221468912137708,0.151436935408225,"gamma_bin"
"gamma_bin_10.50_3.40","vary_mean",10.5,0.4,FALSE,234,2.14812836507422,2.47117024381833,0.138662957672739,0.32,0.267928083423026,0.323041878744112,"gamma_bin"
"gamma_bin_10.50_3.40","vary_mean",10.5,0.4,FALSE,235,1.77318978695313,2.11550290503732,0.138933267507244,0.21,0.244056805251102,0.342313118084194,"gamma_bin"
"gamma_bin_10.50_3.40","vary_mean",10.5,0.4,FALSE,236,1.73485405696823,2.11577794047885,0.137913247335368,0.08,0.238615149121269,0.380923883510623,"gamma_bin"
"gamma_bin_10.50_3.40","vary_mean",10.5,0.4,FALSE,237,1.62270455030168,2.0417409817947,0.116450192957798,0.03,0.227810215577716,0.419036431493025,"gamma_bin"
"gamma_bin_10.50_3.40","vary_mean",10.5,0.4,FALSE,238,1.18127386711031,1.49371542920131,0.0966956914932994,0.1,0.188358677908547,0.312441562091003,"gamma_bin"
"gamma_bin_10.50_3.40","vary_mean",10.5,0.4,FALSE,239,1.18467641337506,1.53550868120215,0.0984597637980556,0.08,0.183742472248158,0.350832267827088,"gamma_bin"
"gamma_bin_10.50_3.40","vary_mean",10.5,0.4,FALSE,240,1.41686704734357,1.79801362748915,0.115672012198907,0.03,0.191154221077973,0.381146580145577,"gamma_bin"
"gamma_bin_10.50_3.40","vary_mean",10.5,0.4,FALSE,241,1.25638994428988,1.54000266914151,0.0834058823751647,0.06,0.16979759265826,0.283612724851633,"gamma_bin"
"gamma_bin_10.50_3.40","vary_mean",10.5,0.4,FALSE,242,1.12129644908568,1.33206661080769,0.0806799497704534,0.16,0.152082685731166,0.210770161722014,"gamma_bin"
"gamma_bin_10.50_3.40","vary_mean",10.5,0.4,FALSE,243,1.35471671225519,1.53414637545687,0.0761486153922195,0.32,0.157795767029853,0.179429663201677,"gamma_bin"
"gamma_bin_10.50_3.40","vary_mean",10.5,0.4,FALSE,244,1.01075153524685,1.11874134707948,0.0758733837142565,0.6,0.131263405125802,0.107989811832635,"gamma_bin"
"gamma_bin_10.50_3.40","vary_mean",10.5,0.4,FALSE,245,1.09871605480815,1.19376042973882,0.0648734034022095,0.7,0.132807237700618,0.0950443749306724,"gamma_bin"
"gamma_bin_10.50_3.40","vary_mean",10.5,0.4,FALSE,246,1.01869442350015,1.10210981998123,0.0639164655564817,0.73,0.125425543510302,0.08341539648108,"gamma_bin"
"gamma_bin_10.50_3.40","vary_mean",10.5,0.4,FALSE,247,0.933319674797869,0.996015454593185,0.0620691773882885,0.74,0.117292276241126,0.0626957797953163,"gamma_bin"
"gamma_bin_10.50_3.40","vary_mean",10.5,0.4,FALSE,248,1.07523379129616,1.14140192925495,0.0699269060317142,0.76,0.124033402727276,0.0661681379587855,"gamma_bin"
"gamma_bin_10.50_3.40","vary_mean",10.5,0.4,FALSE,249,1.30371060738913,1.34871120909466,0.0619496675471018,0.94,0.133351315107564,0.0450006017055338,"gamma_bin"
"gamma_bin_10.50_3.40","vary_mean",10.5,0.4,FALSE,250,1.41728039570922,1.43906902494615,0.0679832949688632,0.91,0.136474820881637,0.021788629236926,"gamma_bin"
"gamma_bin_10.50_3.40","vary_mean",10.5,0.4,FALSE,251,1.14476257942982,1.16290459952206,0.0620762704096253,0.97,0.12202978154016,0.0181420200922395,"gamma_bin"
"gamma_bin_10.50_3.40","vary_mean",10.5,0.4,FALSE,252,1.28960282315637,1.32966089008422,0.0671164300505311,0.91,0.129878040939708,0.0400580669278501,"gamma_bin"
"gamma_bin_10.50_3.40","vary_mean",10.5,0.4,FALSE,253,1.41166776000313,1.48989976744251,0.0684468763945007,0.75,0.137151500720613,0.0782320074393807,"gamma_bin"
"gamma_bin_12.00_3.40","vary_mean",12,0.6,FALSE,8,1.22915300707766,NA,NA,NA,NA,NA,"gamma_bin"
"gamma_bin_12.00_3.40","vary_mean",12,0.6,FALSE,9,2.39912444733293,NA,NA,NA,NA,NA,"gamma_bin"
"gamma_bin_12.00_3.40","vary_mean",12,0.6,FALSE,10,1.19488455941613,NA,NA,NA,NA,NA,"gamma_bin"
"gamma_bin_12.00_3.40","vary_mean",12,0.6,FALSE,11,1.32901937043135,NA,NA,NA,NA,NA,"gamma_bin"
"gamma_bin_12.00_3.40","vary_mean",12,0.6,FALSE,12,1.45964563283974,2.33208863604429,0.0842129366625398,0,0.158174017769218,0.872443003204546,"gamma_bin"
"gamma_bin_12.00_3.40","vary_mean",12,0.6,FALSE,13,1.71536377425759,2.52641796117859,0.078690473458647,0,0.152970463468263,0.811054186921,"gamma_bin"
"gamma_bin_12.00_3.40","vary_mean",12,0.6,FALSE,14,1.05186283321434,1.46250469606046,0.0579225338613591,0,0.109920806947504,0.410641862846122,"gamma_bin"
"gamma_bin_12.00_3.40","vary_mean",12,0.6,FALSE,15,1.02513341063733,1.35322976913435,0.0565516692739205,0,0.100902318231691,0.328096358497018,"gamma_bin"
"gamma_bin_12.00_3.40","vary_mean",12,0.6,FALSE,16,1.25256084138212,1.61355485037346,0.0542025495434834,0,0.105905356362689,0.360994008991337,"gamma_bin"
"gamma_bin_12.00_3.40","vary_mean",12,0.6,FALSE,17,1.2152968085526,1.51386461557805,0.0518198990334805,0,0.0991415113062741,0.298567807025449,"gamma_bin"
"gamma_bin_12.00_3.40","vary_mean",12,0.6,FALSE,18,0.979262007308338,1.17528014904494,0.0480162491358305,0.01,0.0847902528774627,0.196018141736602,"gamma_bin"
"gamma_bin_12.00_3.40","vary_mean",12,0.6,FALSE,19,1.02548164174434,1.18373139736148,0.0451011633882824,0.03,0.0829014860634745,0.158249755617138,"gamma_bin"
"gamma_bin_12.00_3.40","vary_mean",12,0.6,FALSE,20,1.03937017525567,1.17257858383179,0.039673029564548,0.06,0.0806530927811759,0.133208408576116,"gamma_bin"
"gamma_bin_12.00_3.40","vary_mean",12,0.6,FALSE,21,1.31708921089394,1.4421752016591,0.045212923019345,0.19,0.0877284266572377,0.125085990765162,"gamma_bin"
"gamma_bin_12.00_3.40","vary_mean",12,0.6,FALSE,22,1.01629528374106,1.08842552138961,0.0360122113666497,0.48,0.0750248569207177,0.0721302376485538,"gamma_bin"
"gamma_bin_12.00_3.40","vary_mean",12,0.6,FALSE,23,0.750244244564339,0.789878832192847,0.0319063661443909,0.75,0.0631186010093703,0.0396345876285085,"gamma_bin"
"gamma_bin_12.00_3.40","vary_mean",12,0.6,FALSE,24,0.686827825813118,0.721933367012896,0.0298971898457176,0.83,0.059773412544608,0.0351055411997783,"gamma_bin"
"gamma_bin_12.00_3.40","vary_mean",12,0.6,FALSE,25,1.09141067495798,1.13957589340824,0.0361884185148308,0.76,0.0745674267610234,0.0481652184502601,"gamma_bin"
"gamma_bin_12.00_3.40","vary_mean",12,0.6,FALSE,26,0.74108150094242,0.752275957648533,0.0327458682437329,0.89,0.0602512017407475,0.0111944567061126,"gamma_bin"
"gamma_bin_12.00_3.40","vary_mean",12,0.6,FALSE,27,0.768558244559202,0.766280119695077,0.0321443847676235,0.96,0.0605325725681808,-0.00227812486412526,"gamma_bin"
"gamma_bin_12.00_3.40","vary_mean",12,0.6,FALSE,28,0.75279022252533,0.723827858204049,0.0274430428805937,0.83,0.0586098124498942,-0.0289623643212806,"gamma_bin"
"gamma_bin_12.00_3.40","vary_mean",12,0.6,FALSE,29,0.700207559621297,0.655711677261982,0.0269068280966905,0.61,0.0556631031464086,-0.0444958823593149,"gamma_bin"
"gamma_bin_12.00_3.40","vary_mean",12,0.6,FALSE,30,0.555254250263291,0.509113893015836,0.0255935134854487,0.56,0.0490777621709193,-0.0461403572474546,"gamma_bin"
"gamma_bin_12.00_3.40","vary_mean",12,0.6,FALSE,31,0.584462421312083,0.518264426645304,0.0243487877169466,0.27,0.049730374137068,-0.0661979946667789,"gamma_bin"
"gamma_bin_12.00_3.40","vary_mean",12,0.6,FALSE,32,0.680311568720764,0.588815953742532,0.0243500693021271,0.07,0.0534255661002566,-0.0914956149782318,"gamma_bin"
"gamma_bin_12.00_3.40","vary_mean",12,0.6,FALSE,33,0.958980557438332,0.806207413278743,0.0406765642154663,0.02,0.0632027993161457,-0.152773144159589,"gamma_bin"
"gamma_bin_12.00_3.40","vary_mean",12,0.6,FALSE,34,1.26715241572783,1.02738394882185,0.0340131038042553,0,0.0723589070618628,-0.239768466905984,"gamma_bin"
"gamma_bin_12.00_3.40","vary_mean",12,0.6,FALSE,35,1.32835101120383,1.05618718529226,0.03835825584381,0,0.0746173724222308,-0.272163825911569,"gamma_bin"
"gamma_bin_12.00_3.40","vary_mean",12,0.6,FALSE,36,0.820531409863083,0.659145738217534,0.0307666948005375,0,0.0601350871965767,-0.161385671645549,"gamma_bin"
"gamma_bin_12.00_3.40","vary_mean",12,0.6,FALSE,37,0.605068218099632,0.509035083687266,0.0311409990747761,0.14,0.0540761858934962,-0.0960331344123662,"gamma_bin"
"gamma_bin_12.00_3.40","vary_mean",12,0.6,FALSE,38,0.48061136006007,0.436472330755435,0.0281703227101864,0.64,0.0513425885636885,-0.0441390293046351,"gamma_bin"
"gamma_bin_12.00_3.40","vary_mean",12,0.6,FALSE,39,0.729684564655972,0.700132379864324,0.0315752600794139,0.89,0.0666191798260127,-0.0295521847916478,"gamma_bin"
"gamma_bin_12.00_3.40","vary_mean",12,0.6,FALSE,40,0.815108206288389,0.79682268122831,0.0390734470915979,0.92,0.0724219869216345,-0.0182855250600791,"gamma_bin"
"gamma_bin_12.00_3.40","vary_mean",12,0.6,FALSE,41,0.615430120554185,0.588842206460035,0.0347613200749974,0.84,0.0629529758685492,-0.0265879140941498,"gamma_bin"
"gamma_bin_12.00_3.40","vary_mean",12,0.6,FALSE,42,0.7716723572992,0.699459673405331,0.0373782546382681,0.49,0.0688894734562044,-0.0722126838938686,"gamma_bin"
"gamma_bin_12.00_3.40","vary_mean",12,0.6,FALSE,43,0.638626730193333,0.558634166466731,0.028147058230383,0.25,0.0616393064614435,-0.0799925637266019,"gamma_bin"
"gamma_bin_12.00_3.40","vary_mean",12,0.6,FALSE,44,0.502593853100566,0.417592484745487,0.0302502354644337,0.15,0.0534719486886348,-0.0850013683550795,"gamma_bin"
"gamma_bin_12.00_3.40","vary_mean",12,0.6,FALSE,45,0.419338241890262,0.345689000197595,0.0278744608355841,0.22,0.0491098997323227,-0.0736492416926675,"gamma_bin"
"gamma_bin_12.00_3.40","vary_mean",12,0.6,FALSE,46,0.532509871825,0.429478945954936,0.0269839309773719,0.06,0.055632146406656,-0.103030925870064,"gamma_bin"
"gamma_bin_12.00_3.40","vary_mean",12,0.6,FALSE,47,0.748139787723446,0.583228322964305,0.0374329482331765,0.01,0.0662388659675457,-0.164911464759141,"gamma_bin"
"gamma_bin_12.00_3.40","vary_mean",12,0.6,FALSE,48,0.69956822206096,0.529693748138386,0.0315199814348501,0,0.0647186315309222,-0.169874473922574,"gamma_bin"
"gamma_bin_12.00_3.40","vary_mean",12,0.6,FALSE,49,0.840598040729289,0.621237755888338,0.0350925323528247,0,0.0719954119683878,-0.219360284840951,"gamma_bin"
"gamma_bin_12.00_3.40","vary_mean",12,0.6,FALSE,50,0.60554325949379,0.447225525470251,0.0335936582227238,0,0.0628258634751588,-0.158317734023538,"gamma_bin"
"gamma_bin_12.00_3.40","vary_mean",12,0.6,FALSE,51,0.551125264389769,0.405252054306457,0.0313733453364103,0,0.0616599968412477,-0.145873210083312,"gamma_bin"
"gamma_bin_12.00_3.40","vary_mean",12,0.6,FALSE,52,0.382393923102511,0.289351268538366,0.0243572209336582,0.11,0.0538466954750974,-0.0930426545641454,"gamma_bin"
"gamma_bin_12.00_3.40","vary_mean",12,0.6,FALSE,53,0.67600822687436,0.524851369076619,0.0412123642381324,0.06,0.0750568727496948,-0.151156857797741,"gamma_bin"
"gamma_bin_12.00_3.40","vary_mean",12,0.6,FALSE,54,0.673855515926702,0.519579782881076,0.0385561503071625,0.03,0.0773063062180512,-0.154275733045626,"gamma_bin"
"gamma_bin_12.00_3.40","vary_mean",12,0.6,FALSE,55,0.928599757202953,0.72402826642871,0.0457594440465254,0.01,0.0942539207762842,-0.204571490774243,"gamma_bin"
"gamma_bin_12.00_3.40","vary_mean",12,0.6,FALSE,56,0.750387184163906,0.575179339992809,0.0442225506274001,0.04,0.0864845489596748,-0.175207844171097,"gamma_bin"
"gamma_bin_12.00_3.40","vary_mean",12,0.6,FALSE,57,0.713506443750686,0.548672639824731,0.0498154034349766,0.09,0.0867877567523025,-0.164833803925955,"gamma_bin"
"gamma_bin_12.00_3.40","vary_mean",12,0.6,FALSE,58,0.492090945289708,0.3806018294329,0.0377299455542294,0.17,0.0742825576574204,-0.111489115856808,"gamma_bin"
"gamma_bin_12.00_3.40","vary_mean",12,0.6,FALSE,59,0.488086622314194,0.386439479986729,0.046838160515974,0.32,0.0769790683377763,-0.101647142327465,"gamma_bin"
"gamma_bin_12.00_3.40","vary_mean",12,0.6,FALSE,60,0.671814423224244,0.539815600070779,0.0475000757644517,0.27,0.0937841391856385,-0.131998823153465,"gamma_bin"
"gamma_bin_12.00_3.40","vary_mean",12,0.6,FALSE,61,0.791713212108865,0.638458847415393,0.0609995420387581,0.22,0.105053448248598,-0.153254364693472,"gamma_bin"
"gamma_bin_12.00_3.40","vary_mean",12,0.6,FALSE,62,0.652883007093316,0.534963185512749,0.0519298015178338,0.39,0.0988419333800973,-0.117919821580567,"gamma_bin"
"gamma_bin_12.00_3.40","vary_mean",12,0.6,FALSE,63,0.61385111269512,0.487117439411252,0.0522295722122899,0.35,0.0966239360437252,-0.126733673283868,"gamma_bin"
"gamma_bin_12.00_3.40","vary_mean",12,0.6,FALSE,64,0.74711285306125,0.583644408225296,0.0542443893075638,0.18,0.10823791317141,-0.163468444835954,"gamma_bin"
"gamma_bin_12.00_3.40","vary_mean",12,0.6,FALSE,65,0.706623402762968,0.55147580870051,0.0571674063634701,0.24,0.107657106282408,-0.155147594062458,"gamma_bin"
"gamma_bin_12.00_3.40","vary_mean",12,0.6,FALSE,66,0.511807017708403,0.395374880221082,0.0509013150163617,0.37,0.0934948123306362,-0.116432137487321,"gamma_bin"
"gamma_bin_12.00_3.40","vary_mean",12,0.6,FALSE,67,0.670522334469821,0.525556273306839,0.0540157979899283,0.31,0.110833431670081,-0.144966061162982,"gamma_bin"
"gamma_bin_12.00_3.40","vary_mean",12,0.6,FALSE,68,1.17241462294142,0.92494855307786,0.0716348124031154,0.13,0.151290146310429,-0.24746606986356,"gamma_bin"
"gamma_bin_12.00_3.40","vary_mean",12,0.6,FALSE,69,1.09873791889337,0.883067327397373,0.073962403989273,0.25,0.152067170635137,-0.215670591495997,"gamma_bin"
"gamma_bin_12.00_3.40","vary_mean",12,0.6,FALSE,70,0.863932410861542,0.680871014846978,0.0769357470783051,0.36,0.137204854462828,-0.183061396014564,"gamma_bin"
"gamma_bin_12.00_3.40","vary_mean",12,0.6,FALSE,71,0.715028130529259,0.586786998695128,0.0601111701406904,0.56,0.130809640329798,-0.128241131834131,"gamma_bin"
"gamma_bin_12.00_3.40","vary_mean",12,0.6,FALSE,72,0.577764438354966,0.50384890482594,0.0718749454973377,0.76,0.124264621498275,-0.0739155335290265,"gamma_bin"
"gamma_bin_12.00_3.40","vary_mean",12,0.6,FALSE,73,0.968013714061152,0.859266569085227,0.0881663543666524,0.74,0.166339572995556,-0.108747144975925,"gamma_bin"
"gamma_bin_12.00_3.40","vary_mean",12,0.6,FALSE,74,0.655296731928532,0.615335052039902,0.0673152401596505,0.93,0.14387121016525,-0.0399616798886303,"gamma_bin"
"gamma_bin_12.00_3.40","vary_mean",12,0.6,FALSE,75,0.599731609487604,0.559050821025457,0.0735861670261623,0.89,0.139428554935299,-0.0406807884621474,"gamma_bin"
"gamma_bin_12.00_3.40","vary_mean",12,0.6,FALSE,76,0.795766545904808,0.74979574355798,0.0866579741518596,0.91,0.163369947685861,-0.0459708023468282,"gamma_bin"
"gamma_bin_12.00_3.40","vary_mean",12,0.6,FALSE,77,0.873622167427323,0.800067372861305,0.0900335299305776,0.87,0.170189293612229,-0.0735547945660175,"gamma_bin"
"gamma_bin_12.00_3.40","vary_mean",12,0.6,FALSE,78,0.655482440826882,0.571386204851238,0.0881533274253175,0.76,0.144750297144007,-0.0840962359756438,"gamma_bin"
"gamma_bin_12.00_3.40","vary_mean",12,0.6,FALSE,79,0.810569670710955,0.689494972752319,0.073015853333967,0.73,0.160905979861274,-0.121074697958636,"gamma_bin"
"gamma_bin_12.00_3.40","vary_mean",12,0.6,FALSE,80,0.610411594391532,0.525683419412418,0.0794486766314128,0.82,0.142044168147058,-0.0847281749791144,"gamma_bin"
"gamma_bin_12.00_3.40","vary_mean",12,0.6,FALSE,81,0.859802485503572,0.715342224414594,0.0882946525456106,0.66,0.168718461518517,-0.144460261088978,"gamma_bin"
"gamma_bin_12.00_3.40","vary_mean",12,0.6,FALSE,82,0.717893912271731,0.608793296788357,0.0877491432142744,0.71,0.158657903479689,-0.109100615483374,"gamma_bin"
"gamma_bin_12.00_3.40","vary_mean",12,0.6,FALSE,83,0.992160969972712,0.846701854546513,0.0799211983860596,0.76,0.191163799374486,-0.145459115426199,"gamma_bin"
"gamma_bin_12.00_3.40","vary_mean",12,0.6,FALSE,84,1.12536119877567,0.967400595747765,0.107259280155979,0.7,0.208412393177599,-0.157960603027905,"gamma_bin"
"gamma_bin_12.00_3.40","vary_mean",12,0.6,FALSE,85,0.719045149251176,0.625691799924851,0.0890403571682576,0.81,0.170915202314255,-0.0933533493263253,"gamma_bin"
"gamma_bin_12.00_3.40","vary_mean",12,0.6,FALSE,86,0.847473435579488,0.737154478007739,0.093848999471398,0.81,0.189058107012331,-0.110318957571749,"gamma_bin"
"gamma_bin_12.00_3.40","vary_mean",12,0.6,FALSE,87,0.854973302049258,0.765895564624689,0.106070650732904,0.87,0.196227203432173,-0.0890777374245687,"gamma_bin"
"gamma_bin_12.00_3.40","vary_mean",12,0.6,FALSE,88,1.05225780392596,0.98793029520211,0.114660269112504,0.92,0.226946294301231,-0.06432750872385,"gamma_bin"
"gamma_bin_12.00_3.40","vary_mean",12,0.6,FALSE,89,0.736216801220608,0.68803770533539,0.113843699804661,0.88,0.192324978577959,-0.048179095885218,"gamma_bin"
"gamma_bin_12.00_3.40","vary_mean",12,0.6,FALSE,90,0.91040746889,0.856659490452415,0.106868757506585,0.96,0.217413106052907,-0.0537479784375847,"gamma_bin"
"gamma_bin_12.00_3.40","vary_mean",12,0.6,FALSE,91,0.87534575895404,0.822717491342784,0.10415937961168,0.93,0.215148621196036,-0.0526282676112562,"gamma_bin"
"gamma_bin_12.00_3.40","vary_mean",12,0.6,FALSE,92,1.13304443436225,1.07209232950719,0.119891133311738,0.94,0.247517873942146,-0.0609521048550634,"gamma_bin"
"gamma_bin_12.00_3.40","vary_mean",12,0.6,FALSE,93,0.779596408911112,0.744559539004387,0.101561883200885,0.97,0.207502000100432,-0.0350368699067253,"gamma_bin"
"gamma_bin_12.00_3.40","vary_mean",12,0.6,FALSE,94,0.738569675828446,0.700020118337912,0.100172946065011,0.97,0.202540158223504,-0.0385495574905339,"gamma_bin"
"gamma_bin_12.00_3.40","vary_mean",12,0.6,FALSE,95,0.736364931280663,0.698276569577432,0.101922873976433,0.92,0.203546658895466,-0.0380883617032313,"gamma_bin"
"gamma_bin_12.00_3.40","vary_mean",12,0.6,FALSE,96,0.940445717920046,0.887041572750159,0.113211192149443,0.94,0.231220138453233,-0.0534041451698875,"gamma_bin"
"gamma_bin_12.00_3.40","vary_mean",12,0.6,FALSE,97,0.926791760743166,0.87051207974798,0.102155413911668,0.95,0.230778087735336,-0.0562796809951861,"gamma_bin"
"gamma_bin_12.00_3.40","vary_mean",12,0.6,FALSE,98,0.805248809294182,0.74258384831304,0.113239095005179,0.9,0.214514827906025,-0.0626649609811424,"gamma_bin"
"gamma_bin_12.00_3.40","vary_mean",12,0.6,FALSE,99,0.968943928916511,0.876988510903884,0.134136283967079,0.84,0.23472212565784,-0.0919554180126269,"gamma_bin"
"gamma_bin_12.00_3.40","vary_mean",12,0.6,FALSE,100,0.483314411540288,0.438368277976811,0.0768661300155341,0.96,0.167280828961369,-0.0449461335634772,"gamma_bin"
"gamma_bin_12.00_3.40","vary_mean",12,0.6,FALSE,101,0.660754209210677,0.594917530635849,0.0969238741078393,0.93,0.196779003233232,-0.065836678574828,"gamma_bin"
"gamma_bin_12.00_3.40","vary_mean",12,0.6,FALSE,102,0.65572642436151,0.591134137585634,0.102729416295537,0.91,0.19799074084369,-0.064592286775876,"gamma_bin"
"gamma_bin_12.00_3.40","vary_mean",12,0.6,FALSE,103,1.19597238563675,1.07080199376937,0.147831410341613,0.85,0.269661686478088,-0.125170391867384,"gamma_bin"
"gamma_bin_12.00_3.40","vary_mean",12,0.6,FALSE,104,1.52016047762218,1.36406691979782,0.170749514567863,0.82,0.307843839893471,-0.156093557824363,"gamma_bin"
"gamma_bin_12.00_3.40","vary_mean",12,0.6,FALSE,105,1.1030085210386,0.938473965788103,0.136212140076475,0.81,0.258498459258578,-0.164534555250497,"gamma_bin"
"gamma_bin_12.00_3.40","vary_mean",12,0.6,FALSE,106,0.895239451481731,0.77762444089093,0.123948795518212,0.8,0.238449177616003,-0.117615010590801,"gamma_bin"
"gamma_bin_12.00_3.40","vary_mean",12,0.6,FALSE,107,0.603003827128156,0.564461598585516,0.110205797109675,0.95,0.206170669571981,-0.0385422285426401,"gamma_bin"
"gamma_bin_12.00_3.40","vary_mean",12,0.6,FALSE,108,1.07759954005713,1.03274488816254,0.142329331107089,0.97,0.284094155545352,-0.0448546518945923,"gamma_bin"
"gamma_bin_12.00_3.40","vary_mean",12,0.6,FALSE,109,1.67933972630709,1.69842645435102,0.181419391266124,0.98,0.37044492892216,0.0190867280439289,"gamma_bin"
"gamma_bin_12.00_3.40","vary_mean",12,0.6,FALSE,110,0.778502984216349,0.825588581610285,0.13495933582581,0.94,0.26114760823078,0.0470855973939363,"gamma_bin"
"gamma_bin_12.00_3.40","vary_mean",12,0.6,FALSE,111,0.991989182530735,1.04315451228008,0.143756455494743,0.95,0.294862754931736,0.0511653297493422,"gamma_bin"
"gamma_bin_12.00_3.40","vary_mean",12,0.6,FALSE,112,1.07686506331656,1.14383534949027,0.17310440443052,0.89,0.308006006220848,0.0669702861737078,"gamma_bin"
"gamma_bin_12.00_3.40","vary_mean",12,0.6,FALSE,113,0.702387790154813,0.770741531531127,0.125758678193187,0.91,0.251642431514024,0.0683537413763139,"gamma_bin"
"gamma_bin_12.00_3.40","vary_mean",12,0.6,FALSE,114,0.976044237490855,1.05462224054469,0.144138089128774,0.96,0.292671748694801,0.0785780030538327,"gamma_bin"
"gamma_bin_12.00_3.40","vary_mean",12,0.6,FALSE,115,1.2386571693013,1.26973257843,0.164899490748656,0.95,0.319516542838295,0.0310754091286991,"gamma_bin"
"gamma_bin_12.00_3.40","vary_mean",12,0.6,FALSE,116,1.16178575840714,1.1775628671577,0.163751489693892,0.97,0.306614016308795,0.0157771087505576,"gamma_bin"
"gamma_bin_12.00_3.40","vary_mean",12,0.6,FALSE,117,1.19460307270673,1.21312413449588,0.160126466355439,0.94,0.309372538052201,0.01852106178915,"gamma_bin"
"gamma_bin_12.00_3.40","vary_mean",12,0.6,FALSE,118,1.1631999130357,1.19436081087828,0.139872910026609,0.98,0.306108838340114,0.031160897842577,"gamma_bin"
"gamma_bin_12.00_3.40","vary_mean",12,0.6,FALSE,119,1.07031355257977,1.08028223102211,0.165614836060898,0.93,0.290167542759019,0.00996867844234206,"gamma_bin"
"gamma_bin_12.00_3.40","vary_mean",12,0.6,FALSE,120,0.877747847801672,0.90568904586012,0.149964221731959,0.91,0.265806174964746,0.0279411980584475,"gamma_bin"
"gamma_bin_12.00_3.40","vary_mean",12,0.6,FALSE,121,1.36754433627127,1.44634539792787,0.172929599949509,0.91,0.336197638219986,0.0788010616565991,"gamma_bin"
"gamma_bin_12.00_3.40","vary_mean",12,0.6,FALSE,122,0.835785870448611,0.907860718867273,0.151496469818542,0.85,0.265669655547182,0.0720748484186623,"gamma_bin"
"gamma_bin_12.00_3.40","vary_mean",12,0.6,FALSE,123,1.2672350602796,1.36257797892868,0.163705644007682,0.88,0.32469005898598,0.0953429186490775,"gamma_bin"
"gamma_bin_12.00_3.40","vary_mean",12,0.6,FALSE,124,0.96912547878376,1.06703676958337,0.142181161150663,0.91,0.285610684443248,0.0979112907996085,"gamma_bin"
"gamma_bin_12.00_3.40","vary_mean",12,0.6,FALSE,125,0.847337032261578,0.927531563019235,0.139171622123915,0.87,0.263997681833138,0.080194530757657,"gamma_bin"
"gamma_bin_12.00_3.40","vary_mean",12,0.6,FALSE,126,0.715562409302676,0.76045659559663,0.115963295071164,0.95,0.237334456846095,0.0448941862939539,"gamma_bin"
"gamma_bin_12.00_3.40","vary_mean",12,0.6,FALSE,127,0.947820201198353,0.984359775207354,0.140617557475164,0.93,0.267759136209139,0.0365395740090007,"gamma_bin"
"gamma_bin_12.00_3.40","vary_mean",12,0.6,FALSE,128,0.685080159737144,0.707558763401712,0.132024411735533,0.9,0.225268532690654,0.0224786036645676,"gamma_bin"
"gamma_bin_12.00_3.40","vary_mean",12,0.6,FALSE,129,0.940715932502657,0.944100404845302,0.147306995416749,0.89,0.258878385037101,0.00338447234264538,"gamma_bin"
"gamma_bin_12.00_3.40","vary_mean",12,0.6,FALSE,130,0.882737793731905,0.861895997056432,0.134891370553963,0.93,0.246478772304676,-0.0208417966754733,"gamma_bin"
"gamma_bin_12.00_3.40","vary_mean",12,0.6,FALSE,131,0.908595801485553,0.821069673472534,0.122784847063802,0.87,0.240129735510016,-0.0875261280130194,"gamma_bin"
"gamma_bin_12.00_3.40","vary_mean",12,0.6,FALSE,132,0.91957504082564,0.856236110186335,0.135765400043617,0.9,0.24547894202175,-0.0633389306393051,"gamma_bin"
"gamma_bin_12.00_3.40","vary_mean",12,0.6,FALSE,133,0.772867637399724,0.695513109231398,0.123453818216809,0.9,0.222041571276589,-0.0773545281683263,"gamma_bin"
"gamma_bin_12.00_3.40","vary_mean",12,0.6,FALSE,134,0.85010038418266,0.783943127026139,0.129244522190517,0.94,0.238102095418916,-0.0661572571565211,"gamma_bin"
"gamma_bin_12.00_3.40","vary_mean",12,0.6,FALSE,135,0.784742304497557,0.732609823128634,0.111550283695132,0.93,0.232872741540798,-0.0521324813689226,"gamma_bin"
"gamma_bin_12.00_3.40","vary_mean",12,0.6,FALSE,136,0.974662005700731,0.897800091074782,0.134746746182519,0.9,0.260703647945682,-0.0768619146259487,"gamma_bin"
"gamma_bin_12.00_3.40","vary_mean",12,0.6,FALSE,137,0.984149213306856,0.897700450325682,0.122665669771168,0.92,0.26410575101259,-0.0864487629811742,"gamma_bin"
"gamma_bin_12.00_3.40","vary_mean",12,0.6,FALSE,138,1.19074372582141,1.08019608888539,0.190423880184131,0.84,0.292699977146928,-0.11054763693602,"gamma_bin"
"gamma_bin_12.00_3.40","vary_mean",12,0.6,FALSE,139,1.38369717355419,1.31518996997388,0.17180298357078,0.92,0.326690386222279,-0.0685072035803092,"gamma_bin"
"gamma_bin_12.00_3.40","vary_mean",12,0.6,FALSE,140,0.815809623984031,0.770736318990046,0.129404476321886,0.94,0.252569707087978,-0.0450733049939852,"gamma_bin"
"gamma_bin_12.00_3.40","vary_mean",12,0.6,FALSE,141,0.948704132009637,0.922979097856976,0.164585824789172,0.94,0.278745869739471,-0.0257250341526611,"gamma_bin"
"gamma_bin_12.00_3.40","vary_mean",12,0.6,FALSE,142,0.887909591017245,0.895684015280099,0.142801059989804,0.96,0.277689992075732,0.00777442426285413,"gamma_bin"
"gamma_bin_12.00_3.40","vary_mean",12,0.6,FALSE,143,1.33194554446529,1.36465261173464,0.189593461386986,0.95,0.345221550036935,0.0327070672693472,"gamma_bin"
"gamma_bin_12.00_3.40","vary_mean",12,0.6,FALSE,144,1.33130879278334,1.38859665340786,0.148278866760955,0.98,0.350129004119028,0.0572878606245182,"gamma_bin"
"gamma_bin_12.00_3.40","vary_mean",12,0.6,FALSE,145,1.36040798308223,1.4145876356013,0.183595888217672,0.94,0.353048842475938,0.0541796525190694,"gamma_bin"
"gamma_bin_12.00_3.40","vary_mean",12,0.6,FALSE,146,1.03071021292377,1.06896217595833,0.1902694167509,0.88,0.30534597566773,0.0382519630345644,"gamma_bin"
"gamma_bin_12.00_3.40","vary_mean",12,0.6,FALSE,147,1.01542172209859,1.05673422461174,0.155000309773171,0.97,0.30233092662991,0.0413125025131491,"gamma_bin"
"gamma_bin_12.00_3.40","vary_mean",12,0.6,FALSE,148,0.918033733511508,1.00347622451682,0.18134886867132,0.85,0.293110339585139,0.0854424910053094,"gamma_bin"
"gamma_bin_12.00_3.40","vary_mean",12,0.6,FALSE,149,0.795399668183425,0.900886832683475,0.148329668844898,0.87,0.276362425687081,0.10548716450005,"gamma_bin"
"gamma_bin_12.00_3.40","vary_mean",12,0.6,FALSE,150,0.94707340630239,1.07240614640419,0.148157597051416,0.88,0.300090847502693,0.125332740101805,"gamma_bin"
"gamma_bin_12.00_3.40","vary_mean",12,0.6,FALSE,151,0.838901742382429,0.889378508557967,0.124267839491021,0.95,0.270645966305563,0.050476766175538,"gamma_bin"
"gamma_bin_12.00_3.40","vary_mean",12,0.6,FALSE,152,1.10279545241581,1.15660548991116,0.160765898733569,0.91,0.305725503685809,0.0538100374953452,"gamma_bin"
"gamma_bin_12.00_3.40","vary_mean",12,0.6,FALSE,153,1.09815075967234,1.13488769038389,0.176391977666144,0.89,0.299147698844884,0.0367369307115526,"gamma_bin"
"gamma_bin_12.00_3.40","vary_mean",12,0.6,FALSE,154,0.933692374106949,0.917736121018841,0.144000288225283,0.94,0.267302314859132,-0.0159562530881079,"gamma_bin"
"gamma_bin_12.00_3.40","vary_mean",12,0.6,FALSE,155,0.677255280263044,0.658657188974664,0.112816833905481,0.94,0.225845107860851,-0.0185980912883805,"gamma_bin"
"gamma_bin_12.00_3.40","vary_mean",12,0.6,FALSE,156,0.794315589671576,0.785385399243177,0.127048978534173,0.93,0.246521396935285,-0.00893019042839949,"gamma_bin"
"gamma_bin_12.00_3.40","vary_mean",12,0.6,FALSE,157,0.863128942217305,0.851550024373713,0.107730375932586,0.99,0.258392547706774,-0.0115789178435924,"gamma_bin"
"gamma_bin_12.00_3.40","vary_mean",12,0.6,FALSE,158,1.21212682918176,1.18884739826146,0.164284450758763,0.94,0.306889838704149,-0.0232794309203002,"gamma_bin"
"gamma_bin_12.00_3.40","vary_mean",12,0.6,FALSE,159,1.02410139695973,0.957642746837357,0.141435522404887,0.92,0.2763624067345,-0.0664586501223734,"gamma_bin"
"gamma_bin_12.00_3.40","vary_mean",12,0.6,FALSE,160,0.905623732385136,0.84170655922221,0.144815641715244,0.9,0.260187217469552,-0.063917173162926,"gamma_bin"
"gamma_bin_12.00_3.40","vary_mean",12,0.6,FALSE,161,0.9116217888269,0.852454203015472,0.138288448297385,0.91,0.262632105307699,-0.0591675858114279,"gamma_bin"
"gamma_bin_12.00_3.40","vary_mean",12,0.6,FALSE,162,0.854312926973229,0.82614071074284,0.140510225787141,0.96,0.260353348203955,-0.0281722162303893,"gamma_bin"
"gamma_bin_12.00_3.40","vary_mean",12,0.6,FALSE,163,0.939537145583715,0.928571017022998,0.127770979715667,0.97,0.278134224615155,-0.0109661285607168,"gamma_bin"
"gamma_bin_12.00_3.40","vary_mean",12,0.6,FALSE,164,0.80426541937565,0.76507524873838,0.137297194618071,0.95,0.253903081676193,-0.0391901706372704,"gamma_bin"
"gamma_bin_12.00_3.40","vary_mean",12,0.6,FALSE,165,1.00142458710162,0.981763521331063,0.139062483557253,0.96,0.289096388695469,-0.0196610657705575,"gamma_bin"
"gamma_bin_12.00_3.40","vary_mean",12,0.6,FALSE,166,1.22258752675771,1.17614816578319,0.186085446259384,0.92,0.317107742702874,-0.0464393609745204,"gamma_bin"
"gamma_bin_12.00_3.40","vary_mean",12,0.6,FALSE,167,0.797785738886173,0.787622440748408,0.128023648373014,0.98,0.261206772444853,-0.0101632981377646,"gamma_bin"
"gamma_bin_12.00_3.40","vary_mean",12,0.6,FALSE,168,1.14984066668627,1.10614705894064,0.166359926674485,0.94,0.310258594361015,-0.0436936077456276,"gamma_bin"
"gamma_bin_12.00_3.40","vary_mean",12,0.6,FALSE,169,0.760346365617299,0.710943060025059,0.123036470236524,0.93,0.249890718523819,-0.0494033055922403,"gamma_bin"
"gamma_bin_12.00_3.40","vary_mean",12,0.6,FALSE,170,1.3742280074719,1.33210740422717,0.197404788300725,0.9,0.343967151619098,-0.0421206032447339,"gamma_bin"
"gamma_bin_12.00_3.40","vary_mean",12,0.6,FALSE,171,0.879913573057892,0.878004407700245,0.133231708478623,0.97,0.281159554910653,-0.00190916535764729,"gamma_bin"
"gamma_bin_12.00_3.40","vary_mean",12,0.6,FALSE,172,1.40469565689074,1.39981608817056,0.184311231395207,0.96,0.356990538669886,-0.0048795687201808,"gamma_bin"
"gamma_bin_12.00_3.40","vary_mean",12,0.6,FALSE,173,0.919193449899109,0.947362622828152,0.16353552878433,0.95,0.294734101586153,0.0281691729290428,"gamma_bin"
"gamma_bin_12.00_3.40","vary_mean",12,0.6,FALSE,174,0.923151861958846,0.939654652484393,0.156358779399813,0.94,0.293754078449418,0.0165027905255472,"gamma_bin"
"gamma_bin_12.00_3.40","vary_mean",12,0.6,FALSE,175,1.03836327926758,1.05622388731218,0.144658530331107,0.94,0.311942440597174,0.0178606080445969,"gamma_bin"
"gamma_bin_12.00_3.40","vary_mean",12,0.6,FALSE,176,0.9985406934674,1.05078458271955,0.145252292754962,0.96,0.310802398356267,0.0522438892521456,"gamma_bin"
"gamma_bin_12.00_3.40","vary_mean",12,0.6,FALSE,177,1.06724188250379,1.13436799215927,0.181612786829806,0.89,0.321587193795484,0.0671261096554783,"gamma_bin"
"gamma_bin_12.00_3.40","vary_mean",12,0.6,FALSE,178,0.796484699666055,0.821160356903293,0.162791260761489,0.9,0.272435397856456,0.0246756572372381,"gamma_bin"
"gamma_bin_12.00_3.40","vary_mean",12,0.6,FALSE,179,1.1985320355335,1.21595735220956,0.182417601617548,0.93,0.330327835250245,0.0174253166760627,"gamma_bin"
"gamma_bin_12.00_3.40","vary_mean",12,0.6,FALSE,180,1.18742100745866,1.26111600925571,0.156550754571392,0.94,0.335151013655126,0.0736950017970472,"gamma_bin"
"gamma_bin_12.00_3.40","vary_mean",12,0.6,FALSE,181,1.49419527020498,1.50091367583775,0.197296222699702,0.92,0.364169518711642,0.00671840563276849,"gamma_bin"
"gamma_bin_12.00_3.40","vary_mean",12,0.6,FALSE,182,1.51569869674153,1.49493955847561,0.191585691582665,0.95,0.362805216897582,-0.0207591382659198,"gamma_bin"
"gamma_bin_12.00_3.40","vary_mean",12,0.6,FALSE,183,0.993075321330978,1.01972157690388,0.164793898972622,0.94,0.298570133528706,0.0266462555729003,"gamma_bin"
"gamma_bin_12.00_3.40","vary_mean",12,0.6,FALSE,184,0.900892693512611,0.955608998574198,0.164904474426505,0.91,0.289784620227076,0.0547163050615868,"gamma_bin"
"gamma_bin_12.00_3.40","vary_mean",12,0.6,FALSE,185,0.823216687408857,0.938812963612364,0.152748685740645,0.89,0.287556277421554,0.115596276203507,"gamma_bin"
"gamma_bin_12.00_3.40","vary_mean",12,0.6,FALSE,186,1.22622981286846,1.40192068601808,0.195022415473402,0.79,0.35039490513638,0.17569087314962,"gamma_bin"
"gamma_bin_12.00_3.40","vary_mean",12,0.6,FALSE,187,0.917491231652979,1.05902765213171,0.158383064916563,0.85,0.302856999026207,0.141536420478732,"gamma_bin"
"gamma_bin_12.00_3.40","vary_mean",12,0.6,FALSE,188,1.14601430452239,1.26183971450628,0.195886068039823,0.86,0.326394422120314,0.115825409983892,"gamma_bin"
"gamma_bin_12.00_3.40","vary_mean",12,0.6,FALSE,189,1.15018203934659,1.23154201093286,0.167028438518529,0.9,0.317411832515831,0.0813599715862692,"gamma_bin"
"gamma_bin_12.00_3.40","vary_mean",12,0.6,FALSE,190,1.13788009197463,1.16358960797676,0.147916640085997,0.96,0.304690892649392,0.0257095160021299,"gamma_bin"
"gamma_bin_12.00_3.40","vary_mean",12,0.6,FALSE,191,1.77821476084602,1.8297969177149,0.199512887613218,0.94,0.377879060502861,0.051582156868877,"gamma_bin"
"gamma_bin_12.00_3.40","vary_mean",12,0.6,FALSE,192,1.12622467540917,1.16278206178133,0.164629950825936,0.92,0.298801435194697,0.0365573863721607,"gamma_bin"
"gamma_bin_12.00_3.40","vary_mean",12,0.6,FALSE,193,1.63143870001326,1.70038277725952,0.193694792111652,0.92,0.360426087503765,0.0689440772462613,"gamma_bin"
"gamma_bin_12.00_3.40","vary_mean",12,0.6,FALSE,194,1.96133686485764,2.14793271897497,0.229774268201577,0.82,0.404282546701762,0.186595854117334,"gamma_bin"
"gamma_bin_12.00_3.40","vary_mean",12,0.6,FALSE,195,1.62645944263275,1.84085228516209,0.182843100128366,0.78,0.373853935590737,0.214392842529338,"gamma_bin"
"gamma_bin_12.00_3.40","vary_mean",12,0.6,FALSE,196,1.22116224956869,1.48842902790264,0.163759746578648,0.65,0.335085178989581,0.267266778333948,"gamma_bin"
"gamma_bin_12.00_3.40","vary_mean",12,0.6,FALSE,197,1.08513472727433,1.39356667994199,0.153547089068872,0.42,0.320761006363805,0.308431952667658,"gamma_bin"
"gamma_bin_12.00_3.40","vary_mean",12,0.6,FALSE,198,1.22272793926392,1.61035515240434,0.170471065266515,0.33,0.338983634331702,0.387627213140416,"gamma_bin"
"gamma_bin_12.00_3.40","vary_mean",12,0.6,FALSE,199,1.29605177368887,1.7054681429102,0.173127455556389,0.25,0.341390727340016,0.409416369221328,"gamma_bin"
"gamma_bin_12.00_3.40","vary_mean",12,0.6,FALSE,200,1.66923410820015,2.19116708057891,0.212969548652907,0.17,0.376276395090013,0.521932972378762,"gamma_bin"
"gamma_bin_12.00_3.40","vary_mean",12,0.6,FALSE,201,1.1694237090907,1.46212471395248,0.144232484596935,0.49,0.297742608317132,0.292701004861782,"gamma_bin"
"gamma_bin_12.00_3.40","vary_mean",12,0.6,FALSE,202,1.07879296650834,1.3157917876559,0.15096259297864,0.59,0.273854407008887,0.236998821147556,"gamma_bin"
"gamma_bin_12.00_3.40","vary_mean",12,0.6,FALSE,203,0.894627487421358,1.04843288648107,0.119486130877618,0.68,0.237431621619103,0.153805399059709,"gamma_bin"
"gamma_bin_12.00_3.40","vary_mean",12,0.6,FALSE,204,0.81895014827116,0.976924346693367,0.116318717284857,0.68,0.223955849248074,0.157974198422207,"gamma_bin"
"gamma_bin_12.00_3.40","vary_mean",12,0.6,FALSE,205,0.966704879629287,1.14193227859208,0.123427432212402,0.67,0.237240431716702,0.175227398962789,"gamma_bin"
"gamma_bin_12.00_3.40","vary_mean",12,0.6,FALSE,206,0.735615178317886,0.824308578408889,0.102321133947825,0.83,0.197822135232063,0.0886934000910031,"gamma_bin"
"gamma_bin_12.00_3.40","vary_mean",12,0.6,FALSE,207,0.854920650119855,0.920618711677216,0.119255814419297,0.86,0.205490935984671,0.0656980615573614,"gamma_bin"
"gamma_bin_12.00_3.40","vary_mean",12,0.6,FALSE,208,1.1836252253062,1.21598643508274,0.13642169165104,0.91,0.232680598433744,0.0323612097765436,"gamma_bin"
"gamma_bin_12.00_3.40","vary_mean",12,0.6,FALSE,209,1.4603135494891,1.41964852129892,0.118813789942302,0.94,0.248278953896084,-0.0406650281901786,"gamma_bin"
"gamma_bin_12.00_3.40","vary_mean",12,0.6,FALSE,210,0.828359371463702,0.807840439257423,0.10006460580928,0.94,0.186137944848379,-0.0205189322062794,"gamma_bin"
"gamma_bin_12.00_3.40","vary_mean",12,0.6,FALSE,211,0.945528169177749,0.897076036382766,0.089896201058923,0.96,0.195846516169988,-0.0484521327949831,"gamma_bin"
"gamma_bin_12.00_3.40","vary_mean",12,0.6,FALSE,212,0.79051319956122,0.769328234671592,0.0940790819786261,0.97,0.181940422285076,-0.0211849648896276,"gamma_bin"
"gamma_bin_12.00_3.40","vary_mean",12,0.6,FALSE,213,1.43201623771777,1.43680397486037,0.136143333855154,0.96,0.25041803474801,0.00478773714259706,"gamma_bin"
"gamma_bin_12.00_3.40","vary_mean",12,0.6,FALSE,214,1.11428897280893,1.14640056509157,0.119402053691274,0.94,0.225118428881847,0.032111592282638,"gamma_bin"
"gamma_bin_12.00_3.40","vary_mean",12,0.6,FALSE,215,1.11572179995221,1.13587549911179,0.135138916829136,0.94,0.225325504208414,0.0201536991595781,"gamma_bin"
"gamma_bin_12.00_3.40","vary_mean",12,0.6,FALSE,216,1.45327758905901,1.51128681709868,0.142681156682958,0.87,0.259924204650615,0.0580092280396736,"gamma_bin"
"gamma_bin_12.00_3.40","vary_mean",12,0.6,FALSE,217,1.1420673106557,1.20056258452401,0.102021481632133,0.97,0.23115162062272,0.0584952738683133,"gamma_bin"
"gamma_bin_12.00_3.40","vary_mean",12,0.6,FALSE,218,0.657966158830962,0.71053824311681,0.0841560612906062,0.94,0.177294333847916,0.0525720842858483,"gamma_bin"
"gamma_bin_12.00_3.40","vary_mean",12,0.6,FALSE,219,1.3705780170681,1.52548123301625,0.129921766898217,0.78,0.258575869046562,0.154903215948151,"gamma_bin"
"gamma_bin_12.00_3.40","vary_mean",12,0.6,FALSE,220,1.12178323201924,1.25783145440055,0.121356773332835,0.74,0.23348223225531,0.136048222381314,"gamma_bin"
"gamma_bin_12.00_3.40","vary_mean",12,0.6,FALSE,221,1.82150678776182,1.99115275085345,0.135715643741465,0.8,0.291867553890495,0.16964596309163,"gamma_bin"
"gamma_bin_12.00_3.40","vary_mean",12,0.6,FALSE,222,1.47822233790926,1.6123953477324,0.136963445765862,0.8,0.259816046960438,0.134173009823142,"gamma_bin"
"gamma_bin_12.00_3.40","vary_mean",12,0.6,FALSE,223,1.2291381002976,1.34010064628919,0.119456491608056,0.83,0.234467896331839,0.110962545991592,"gamma_bin"
"gamma_bin_12.00_3.40","vary_mean",12,0.6,FALSE,224,1.39168397860736,1.5714905383316,0.13400586290586,0.62,0.251030796372556,0.179806559724244,"gamma_bin"
"gamma_bin_12.00_3.40","vary_mean",12,0.6,FALSE,225,1.02693213453622,1.2300319837679,0.105553333964235,0.59,0.219910074106285,0.203099849231677,"gamma_bin"
"gamma_bin_12.00_3.40","vary_mean",12,0.6,FALSE,226,0.944477107231107,1.14024840518649,0.102867439219477,0.49,0.209602512892011,0.195771297955388,"gamma_bin"
"gamma_bin_12.00_3.40","vary_mean",12,0.6,FALSE,227,0.88294479567521,1.07446903995416,0.117776719179486,0.5,0.20052149782487,0.191524244278949,"gamma_bin"
"gamma_bin_12.00_3.40","vary_mean",12,0.6,FALSE,228,1.2545287150813,1.52013294569369,0.124636173142066,0.35,0.234487710668847,0.265604230612387,"gamma_bin"
"gamma_bin_12.00_3.40","vary_mean",12,0.6,FALSE,229,1.46483936058861,1.69422768128715,0.137820744201411,0.56,0.242341897284924,0.229388320698544,"gamma_bin"
"gamma_bin_12.00_3.40","vary_mean",12,0.6,FALSE,230,1.5106771494413,1.66504229301735,0.108276868214703,0.74,0.235072575641824,0.15436514357605,"gamma_bin"
"gamma_bin_12.00_3.40","vary_mean",12,0.6,FALSE,231,1.76125096519109,1.89660100764512,0.123115981127517,0.83,0.245769346548997,0.135350042454032,"gamma_bin"
"gamma_bin_12.00_3.40","vary_mean",12,0.6,FALSE,232,1.40611418271408,1.53104082601682,0.102162363778558,0.79,0.217195935064541,0.12492664330274,"gamma_bin"
"gamma_bin_12.00_3.40","vary_mean",12,0.6,FALSE,233,1.50840807515769,1.69331819289578,0.110839863797712,0.6,0.225899731727087,0.184910117738085,"gamma_bin"
"gamma_bin_12.00_3.40","vary_mean",12,0.6,FALSE,234,2.14812836507422,2.52781579175353,0.144295515021187,0.19,0.274033999662764,0.379687426679311,"gamma_bin"
"gamma_bin_12.00_3.40","vary_mean",12,0.6,FALSE,235,1.77318978695313,2.19696165841516,0.146425842983733,0.1,0.253425214366712,0.423771871462032,"gamma_bin"
"gamma_bin_12.00_3.40","vary_mean",12,0.6,FALSE,236,1.73485405696823,2.24527435209517,0.149002076542312,0.03,0.253190997279884,0.510420295126936,"gamma_bin"
"gamma_bin_12.00_3.40","vary_mean",12,0.6,FALSE,237,1.62270455030168,2.21233977286497,0.128721291260014,0,0.24681766873234,0.589635222563292,"gamma_bin"
"gamma_bin_12.00_3.40","vary_mean",12,0.6,FALSE,238,1.18127386711031,1.6460089512114,0.106934731083014,0.01,0.207540472217602,0.464735084101087,"gamma_bin"
"gamma_bin_12.00_3.40","vary_mean",12,0.6,FALSE,239,1.18467641337506,1.71446807700771,0.11044286376113,0,0.205129167546567,0.529791663632645,"gamma_bin"
"gamma_bin_12.00_3.40","vary_mean",12,0.6,FALSE,240,1.41686704734357,2.02637002034197,0.133959857437631,0,0.215389272253168,0.609502972998396,"gamma_bin"
"gamma_bin_12.00_3.40","vary_mean",12,0.6,FALSE,241,1.25638994428988,1.74121886341687,0.096727804045793,0,0.191952167101479,0.484828919126989,"gamma_bin"
"gamma_bin_12.00_3.40","vary_mean",12,0.6,FALSE,242,1.12129644908568,1.4985483921508,0.0925978848517867,0.03,0.171067009393658,0.377251943065118,"gamma_bin"
"gamma_bin_12.00_3.40","vary_mean",12,0.6,FALSE,243,1.35471671225519,1.70325074839095,0.087578231803794,0.03,0.17516970101377,0.348534036135756,"gamma_bin"
"gamma_bin_12.00_3.40","vary_mean",12,0.6,FALSE,244,1.01075153524685,1.22021675241622,0.0836164394686077,0.18,0.14315957910292,0.209465217169367,"gamma_bin"
"gamma_bin_12.00_3.40","vary_mean",12,0.6,FALSE,245,1.09871605480815,1.27970133731453,0.0703573851200605,0.27,0.142361155139059,0.180985282506378,"gamma_bin"
"gamma_bin_12.00_3.40","vary_mean",12,0.6,FALSE,246,1.01869442350015,1.16543923245045,0.0674115304068434,0.4,0.132629596544892,0.146744808950302,"gamma_bin"
"gamma_bin_12.00_3.40","vary_mean",12,0.6,FALSE,247,0.933319674797869,1.04371117501258,0.0660218040289342,0.53,0.122900042007942,0.110391500214715,"gamma_bin"
"gamma_bin_12.00_3.40","vary_mean",12,0.6,FALSE,248,1.07523379129616,1.18870105361783,0.0734284655277561,0.59,0.12916081681094,0.113467262321671,"gamma_bin"
"gamma_bin_12.00_3.40","vary_mean",12,0.6,FALSE,249,1.30371060738913,1.39699358039593,0.0647140129827991,0.71,0.138106363636132,0.0932829730068019,"gamma_bin"
"gamma_bin_12.00_3.40","vary_mean",12,0.6,FALSE,250,1.41728039570922,1.48104684314175,0.0709855477375906,0.84,0.140429969068479,0.0637664474325264,"gamma_bin"
"gamma_bin_12.00_3.40","vary_mean",12,0.6,FALSE,251,1.14476257942982,1.18753418158496,0.0632979028885462,0.92,0.124590343969156,0.042771602155145,"gamma_bin"
"gamma_bin_12.00_3.40","vary_mean",12,0.6,FALSE,252,1.28960282315637,1.34785837570766,0.0691837785291157,0.82,0.131628159153874,0.0582555525512949,"gamma_bin"
"gamma_bin_12.00_3.40","vary_mean",12,0.6,FALSE,253,1.41166776000313,1.50466305319157,0.0707432106839392,0.7,0.138484092924714,0.0929952931884352,"gamma_bin"
"gamma_bin_3.00_3.40","vary_mean",3,-0.6,FALSE,8,1.22915300707766,0.811804858556066,0.037322515942117,0,0.0722572256853253,-0.417348148521594,"gamma_bin"
"gamma_bin_3.00_3.40","vary_mean",3,-0.6,FALSE,9,2.39912444733293,1.89224295867041,0.0565639390781014,0,0.114287846068952,-0.506881488662516,"gamma_bin"
"gamma_bin_3.00_3.40","vary_mean",3,-0.6,FALSE,10,1.19488455941613,0.82630399856198,0.0305889270387646,0,0.0673102441279685,-0.368580560854149,"gamma_bin"
"gamma_bin_3.00_3.40","vary_mean",3,-0.6,FALSE,11,1.32901937043135,1.07292300268812,0.0437690836403944,0,0.0792408477863526,-0.256096367743226,"gamma_bin"
"gamma_bin_3.00_3.40","vary_mean",3,-0.6,FALSE,12,1.45964563283974,1.24811127846664,0.0472920248938532,0.02,0.0846588339768065,-0.211534354373102,"gamma_bin"
"gamma_bin_3.00_3.40","vary_mean",3,-0.6,FALSE,13,1.71536377425759,1.46389471202142,0.0491605663619557,0,0.0886415160342924,-0.251469062236175,"gamma_bin"
"gamma_bin_3.00_3.40","vary_mean",3,-0.6,FALSE,14,1.05186283321434,0.840160910931262,0.0350631426725975,0,0.0631480895869301,-0.211701922283078,"gamma_bin"
"gamma_bin_3.00_3.40","vary_mean",3,-0.6,FALSE,15,1.02513341063733,0.903195855046461,0.0378707143608044,0.07,0.067349562264118,-0.121937555590869,"gamma_bin"
"gamma_bin_3.00_3.40","vary_mean",3,-0.6,FALSE,16,1.25256084138212,1.20066283927515,0.0413114476908433,0.73,0.0788094344534625,-0.0518980021069713,"gamma_bin"
"gamma_bin_3.00_3.40","vary_mean",3,-0.6,FALSE,17,1.2152968085526,1.13845489993061,0.041179945900902,0.53,0.0745595058441406,-0.076841908621992,"gamma_bin"
"gamma_bin_3.00_3.40","vary_mean",3,-0.6,FALSE,18,0.979262007308338,0.904038889499589,0.0362561610360683,0.38,0.0652269027249196,-0.0752231178087495,"gamma_bin"
"gamma_bin_3.00_3.40","vary_mean",3,-0.6,FALSE,19,1.02548164174434,0.990501709618319,0.0374877176268899,0.83,0.0693751267307502,-0.0349799321260209,"gamma_bin"
"gamma_bin_3.00_3.40","vary_mean",3,-0.6,FALSE,20,1.03937017525567,1.02983724271085,0.0378668898702537,0.91,0.0708374175069545,-0.00953293254482235,"gamma_bin"
"gamma_bin_3.00_3.40","vary_mean",3,-0.6,FALSE,21,1.31708921089394,1.30523257539312,0.0430571315886716,0.91,0.0794003957050498,-0.0118566355008212,"gamma_bin"
"gamma_bin_3.00_3.40","vary_mean",3,-0.6,FALSE,22,1.01629528374106,0.933929217703494,0.033661280683911,0.28,0.064376627022109,-0.0823660660375658,"gamma_bin"
"gamma_bin_3.00_3.40","vary_mean",3,-0.6,FALSE,23,0.750244244564339,0.711910496498738,0.0289511075847021,0.78,0.0568900277537468,-0.038333748065601,"gamma_bin"
"gamma_bin_3.00_3.40","vary_mean",3,-0.6,FALSE,24,0.686827825813118,0.724836136449039,0.0319957107829724,0.77,0.0600131023916446,0.0380083106359209,"gamma_bin"
"gamma_bin_3.00_3.40","vary_mean",3,-0.6,FALSE,25,1.09141067495798,1.25605771039958,0.0403136772572103,0.02,0.0821911155864989,0.164647035441603,"gamma_bin"
"gamma_bin_3.00_3.40","vary_mean",3,-0.6,FALSE,26,0.74108150094242,0.775534368594105,0.0350242669661553,0.78,0.0621145623672721,0.0344528676516851,"gamma_bin"
"gamma_bin_3.00_3.40","vary_mean",3,-0.6,FALSE,27,0.768558244559202,0.854976082908269,0.0379424664943132,0.28,0.0675390963612355,0.0864178383490667,"gamma_bin"
"gamma_bin_3.00_3.40","vary_mean",3,-0.6,FALSE,28,0.75279022252533,0.846887468112785,0.0334429994949673,0.18,0.0685749445975379,0.0940972455874548,"gamma_bin"
"gamma_bin_3.00_3.40","vary_mean",3,-0.6,FALSE,29,0.700207559621297,0.80373630625753,0.0350103614287969,0.1,0.0682282326249507,0.103528746636233,"gamma_bin"
"gamma_bin_3.00_3.40","vary_mean",3,-0.6,FALSE,30,0.555254250263291,0.65847701015623,0.0345638377111917,0.11,0.0634751769729136,0.10322275989294,"gamma_bin"
"gamma_bin_3.00_3.40","vary_mean",3,-0.6,FALSE,31,0.584462421312083,0.734491649362594,0.0354974189074042,0,0.070480322796651,0.150029228050511,"gamma_bin"
"gamma_bin_3.00_3.40","vary_mean",3,-0.6,FALSE,32,0.680311568720764,0.883293440894713,0.0379364244095983,0,0.0801474207333364,0.202981872173949,"gamma_bin"
"gamma_bin_3.00_3.40","vary_mean",3,-0.6,FALSE,33,0.958980557438332,1.21520806059135,0.0620967103641726,0,0.0952738433095108,0.256227503153017,"gamma_bin"
"gamma_bin_3.00_3.40","vary_mean",3,-0.6,FALSE,34,1.26715241572783,1.41052784441637,0.0521366411988176,0.18,0.0993481469800262,0.14337542868854,"gamma_bin"
"gamma_bin_3.00_3.40","vary_mean",3,-0.6,FALSE,35,1.32835101120383,1.25292948100295,0.0454236130370734,0.61,0.0885252787862176,-0.0754215302008832,"gamma_bin"
"gamma_bin_3.00_3.40","vary_mean",3,-0.6,FALSE,36,0.820531409863083,0.703320089380684,0.0319804125343947,0.06,0.0641711677862811,-0.117211320482399,"gamma_bin"
"gamma_bin_3.00_3.40","vary_mean",3,-0.6,FALSE,37,0.605068218099632,0.571350474002174,0.0335179521497476,0.78,0.0607054401055187,-0.0337177440974578,"gamma_bin"
"gamma_bin_3.00_3.40","vary_mean",3,-0.6,FALSE,38,0.48061136006007,0.53118360635658,0.0330736041521024,0.65,0.0624944077895665,0.05057224629651,"gamma_bin"
"gamma_bin_3.00_3.40","vary_mean",3,-0.6,FALSE,39,0.729684564655972,0.932498015429988,0.0426477945695041,0,0.0887401431863789,0.202813450774016,"gamma_bin"
"gamma_bin_3.00_3.40","vary_mean",3,-0.6,FALSE,40,0.815108206288389,1.03040899661822,0.0514796521582395,0.01,0.0936617292861674,0.215300790329836,"gamma_bin"
"gamma_bin_3.00_3.40","vary_mean",3,-0.6,FALSE,41,0.615430120554185,0.734342187147685,0.0424624605395492,0.15,0.0785239415864408,0.1189120665935,"gamma_bin"
"gamma_bin_3.00_3.40","vary_mean",3,-0.6,FALSE,42,0.7716723572992,0.936703318501787,0.0506187614297823,0.05,0.0922688404422508,0.165030961202587,"gamma_bin"
"gamma_bin_3.00_3.40","vary_mean",3,-0.6,FALSE,43,0.638626730193333,0.756370360195434,0.0386491173590083,0.13,0.0834686512507543,0.117743630002101,"gamma_bin"
"gamma_bin_3.00_3.40","vary_mean",3,-0.6,FALSE,44,0.502593853100566,0.602717043460875,0.0446975400663018,0.24,0.0771834862955573,0.100123190360309,"gamma_bin"
"gamma_bin_3.00_3.40","vary_mean",3,-0.6,FALSE,45,0.419338241890262,0.550600370906953,0.0434754962610459,0.06,0.0782362408334868,0.131262129016691,"gamma_bin"
"gamma_bin_3.00_3.40","vary_mean",3,-0.6,FALSE,46,0.532509871825,0.75479696336932,0.0465690313441768,0,0.097788360790365,0.22228709154432,"gamma_bin"
"gamma_bin_3.00_3.40","vary_mean",3,-0.6,FALSE,47,0.748139787723446,1.04477756374628,0.0690011200980777,0,0.118672879714996,0.296637776022834,"gamma_bin"
"gamma_bin_3.00_3.40","vary_mean",3,-0.6,FALSE,48,0.69956822206096,0.883572016769776,0.0522256122094696,0.06,0.10797714065956,0.184003794708816,"gamma_bin"
"gamma_bin_3.00_3.40","vary_mean",3,-0.6,FALSE,49,0.840598040729289,1.01427002405186,0.0583033207139218,0.14,0.117567339174096,0.173671983322568,"gamma_bin"
"gamma_bin_3.00_3.40","vary_mean",3,-0.6,FALSE,50,0.60554325949379,0.685204490476536,0.0546217108738479,0.59,0.0962598952629902,0.0796612309827459,"gamma_bin"
"gamma_bin_3.00_3.40","vary_mean",3,-0.6,FALSE,51,0.551125264389769,0.64284464730578,0.0514865375550462,0.52,0.0978217538755677,0.0917193829160106,"gamma_bin"
"gamma_bin_3.00_3.40","vary_mean",3,-0.6,FALSE,52,0.382393923102511,0.47699442360796,0.0418462010439607,0.41,0.0887687530838374,0.0946005005054492,"gamma_bin"
"gamma_bin_3.00_3.40","vary_mean",3,-0.6,FALSE,53,0.67600822687436,0.944013257188118,0.0758857971230352,0.01,0.135011085682627,0.268005030313758,"gamma_bin"
"gamma_bin_3.00_3.40","vary_mean",3,-0.6,FALSE,54,0.673855515926702,0.875682715510073,0.0677337440043885,0.12,0.130300076686774,0.201827199583371,"gamma_bin"
"gamma_bin_3.00_3.40","vary_mean",3,-0.6,FALSE,55,0.928599757202953,1.18073919780084,0.0801423468334913,0.08,0.153710385632369,0.252139440597885,"gamma_bin"
"gamma_bin_3.00_3.40","vary_mean",3,-0.6,FALSE,56,0.750387184163906,0.837032705651156,0.0680617325989666,0.75,0.125859732787272,0.0866455214872504,"gamma_bin"
"gamma_bin_3.00_3.40","vary_mean",3,-0.6,FALSE,57,0.713506443750686,0.795263702137568,0.0754416834982423,0.71,0.125799256704209,0.0817572583868819,"gamma_bin"
"gamma_bin_3.00_3.40","vary_mean",3,-0.6,FALSE,58,0.492090945289708,0.554299605545132,0.0544452766612006,0.83,0.10821969113503,0.0622086602554242,"gamma_bin"
"gamma_bin_3.00_3.40","vary_mean",3,-0.6,FALSE,59,0.488086622314194,0.608809610773323,0.0741241793513692,0.47,0.121300026051107,0.120722988459129,"gamma_bin"
"gamma_bin_3.00_3.40","vary_mean",3,-0.6,FALSE,60,0.671814423224244,0.895540374774446,0.0802768053568107,0.1,0.15561807206284,0.223725951550202,"gamma_bin"
"gamma_bin_3.00_3.40","vary_mean",3,-0.6,FALSE,61,0.791713212108865,1.0193555224717,0.0979769041210914,0.25,0.167783668532313,0.227642310362832,"gamma_bin"
"gamma_bin_3.00_3.40","vary_mean",3,-0.6,FALSE,62,0.652883007093316,0.800248043023589,0.077918560957993,0.47,0.147908481388563,0.147365035930273,"gamma_bin"
"gamma_bin_3.00_3.40","vary_mean",3,-0.6,FALSE,63,0.61385111269512,0.736046764981045,0.0812459023027456,0.61,0.146029897937109,0.122195652285925,"gamma_bin"
"gamma_bin_3.00_3.40","vary_mean",3,-0.6,FALSE,64,0.74711285306125,0.910079987773796,0.0910150091039111,0.43,0.168779958407828,0.162967134712546,"gamma_bin"
"gamma_bin_3.00_3.40","vary_mean",3,-0.6,FALSE,65,0.706623402762968,0.837678568659126,0.0839291302812634,0.61,0.163616317668916,0.131055165896158,"gamma_bin"
"gamma_bin_3.00_3.40","vary_mean",3,-0.6,FALSE,66,0.511807017708403,0.598150795979943,0.077970343965543,0.75,0.141511449929374,0.08634377827154,"gamma_bin"
"gamma_bin_3.00_3.40","vary_mean",3,-0.6,FALSE,67,0.670522334469821,0.849978784652556,0.0888607869896697,0.45,0.179323203038113,0.179456450182735,"gamma_bin"
"gamma_bin_3.00_3.40","vary_mean",3,-0.6,FALSE,68,1.17241462294142,1.4660728713805,0.117101504621082,0.26,0.239886558990872,0.293658248439084,"gamma_bin"
"gamma_bin_3.00_3.40","vary_mean",3,-0.6,FALSE,69,1.09873791889337,1.15903759187561,0.0961270441865747,0.92,0.199702425965643,0.0602996729822354,"gamma_bin"
"gamma_bin_3.00_3.40","vary_mean",3,-0.6,FALSE,70,0.863932410861542,0.812573520884208,0.0902366272332936,0.89,0.163863708105869,-0.0513588899773342,"gamma_bin"
"gamma_bin_3.00_3.40","vary_mean",3,-0.6,FALSE,71,0.715028130529259,0.707204453034312,0.0767572906535083,0.97,0.157697669742454,-0.00782367749494717,"gamma_bin"
"gamma_bin_3.00_3.40","vary_mean",3,-0.6,FALSE,72,0.577764438354966,0.63138814339604,0.0974746765565401,0.87,0.155690735980482,0.0536237050410737,"gamma_bin"
"gamma_bin_3.00_3.40","vary_mean",3,-0.6,FALSE,73,0.968013714061152,1.14335530796027,0.119730494212284,0.64,0.221404421192524,0.175341593899123,"gamma_bin"
"gamma_bin_3.00_3.40","vary_mean",3,-0.6,FALSE,74,0.655296731928532,0.74789966619235,0.0830508537240809,0.83,0.174942356895657,0.0926029342638175,"gamma_bin"
"gamma_bin_3.00_3.40","vary_mean",3,-0.6,FALSE,75,0.599731609487604,0.709735796801573,0.0933307789793915,0.73,0.17708336309584,0.110004187313969,"gamma_bin"
"gamma_bin_3.00_3.40","vary_mean",3,-0.6,FALSE,76,0.795766545904808,1.01355901039431,0.127403113190047,0.4,0.220803024644192,0.217792464489505,"gamma_bin"
"gamma_bin_3.00_3.40","vary_mean",3,-0.6,FALSE,77,0.873622167427323,1.05261968615465,0.112766669241856,0.61,0.224079999154532,0.178997518727322,"gamma_bin"
"gamma_bin_3.00_3.40","vary_mean",3,-0.6,FALSE,78,0.655482440826882,0.72952978945816,0.114171657124488,0.82,0.184880495720806,0.0740473486312782,"gamma_bin"
"gamma_bin_3.00_3.40","vary_mean",3,-0.6,FALSE,79,0.810569670710955,0.939643965175247,0.104948611224127,0.79,0.219373523711383,0.129074294464292,"gamma_bin"
"gamma_bin_3.00_3.40","vary_mean",3,-0.6,FALSE,80,0.610411594391532,0.70795443703208,0.108590115501339,0.81,0.191331035912015,0.0975428426405478,"gamma_bin"
"gamma_bin_3.00_3.40","vary_mean",3,-0.6,FALSE,81,0.859802485503572,1.01768919066376,0.12853917496387,0.77,0.240203505268272,0.157886705160185,"gamma_bin"
"gamma_bin_3.00_3.40","vary_mean",3,-0.6,FALSE,82,0.717893912271731,0.825496581401015,0.117860789668458,0.8,0.215332552618579,0.107602669129284,"gamma_bin"
"gamma_bin_3.00_3.40","vary_mean",3,-0.6,FALSE,83,0.992160969972712,1.16343529164206,0.127539961317862,0.75,0.262705921695188,0.171274321669349,"gamma_bin"
"gamma_bin_3.00_3.40","vary_mean",3,-0.6,FALSE,84,1.12536119877567,1.21427594449366,0.132604058662163,0.84,0.261774273065284,0.088914745717994,"gamma_bin"
"gamma_bin_3.00_3.40","vary_mean",3,-0.6,FALSE,85,0.719045149251176,0.713633956095851,0.107103712165373,0.94,0.194998867657137,-0.00541119315532501,"gamma_bin"
"gamma_bin_3.00_3.40","vary_mean",3,-0.6,FALSE,86,0.847473435579488,0.88827417393587,0.114766518799485,0.96,0.227922865724505,0.0408007383563819,"gamma_bin"
"gamma_bin_3.00_3.40","vary_mean",3,-0.6,FALSE,87,0.854973302049258,0.918660430286825,0.13212655171138,0.88,0.235453518070639,0.0636871282375666,"gamma_bin"
"gamma_bin_3.00_3.40","vary_mean",3,-0.6,FALSE,88,1.05225780392596,1.17262572686018,0.152911695345825,0.82,0.269373195832557,0.12036792293422,"gamma_bin"
"gamma_bin_3.00_3.40","vary_mean",3,-0.6,FALSE,89,0.736216801220608,0.753137454901285,0.129952844783666,0.9,0.210573587078369,0.0169206536806772,"gamma_bin"
"gamma_bin_3.00_3.40","vary_mean",3,-0.6,FALSE,90,0.91040746889,0.988836873345046,0.122108733174262,0.93,0.251081278990949,0.0784294044550459,"gamma_bin"
"gamma_bin_3.00_3.40","vary_mean",3,-0.6,FALSE,91,0.87534575895404,0.935129088643911,0.128500938491382,0.91,0.244527303919461,0.0597833296898712,"gamma_bin"
"gamma_bin_3.00_3.40","vary_mean",3,-0.6,FALSE,92,1.13304443436225,1.22487907532699,0.145125629464637,0.89,0.282848692045714,0.0918346409647361,"gamma_bin"
"gamma_bin_3.00_3.40","vary_mean",3,-0.6,FALSE,93,0.779596408911112,0.789207666270265,0.113307371011384,0.96,0.21994833027498,0.00961125735915325,"gamma_bin"
"gamma_bin_3.00_3.40","vary_mean",3,-0.6,FALSE,94,0.738569675828446,0.784217781980573,0.110546262591201,0.96,0.227075632535306,0.0456481061521267,"gamma_bin"
"gamma_bin_3.00_3.40","vary_mean",3,-0.6,FALSE,95,0.736364931280663,0.824356361553808,0.12051588215308,0.88,0.240377455848128,0.0879914302731453,"gamma_bin"
"gamma_bin_3.00_3.40","vary_mean",3,-0.6,FALSE,96,0.940445717920046,1.086519900884,0.144278579848322,0.81,0.283262984771776,0.146074182963955,"gamma_bin"
"gamma_bin_3.00_3.40","vary_mean",3,-0.6,FALSE,97,0.926791760743166,1.02383011354908,0.130491410854306,0.94,0.271313624467074,0.0970383528059146,"gamma_bin"
"gamma_bin_3.00_3.40","vary_mean",3,-0.6,FALSE,98,0.805248809294182,0.855685389183244,0.129766697479236,0.93,0.247251983799972,0.0504365798890622,"gamma_bin"
"gamma_bin_3.00_3.40","vary_mean",3,-0.6,FALSE,99,0.968943928916511,1.04367216963035,0.164192407529042,0.88,0.279409016254735,0.0747282407138402,"gamma_bin"
"gamma_bin_3.00_3.40","vary_mean",3,-0.6,FALSE,100,0.483314411540288,0.50813039248327,0.092465013204413,0.95,0.193947856638321,0.0248159809429822,"gamma_bin"
"gamma_bin_3.00_3.40","vary_mean",3,-0.6,FALSE,101,0.660754209210677,0.79426319502656,0.139853585861866,0.82,0.262689708487548,0.133508985815883,"gamma_bin"
"gamma_bin_3.00_3.40","vary_mean",3,-0.6,FALSE,102,0.65572642436151,0.817220383510324,0.150612816624498,0.77,0.273660706167313,0.161493959148814,"gamma_bin"
"gamma_bin_3.00_3.40","vary_mean",3,-0.6,FALSE,103,1.19597238563675,1.52256472355644,0.215431125521431,0.57,0.383659919691748,0.326592337919695,"gamma_bin"
"gamma_bin_3.00_3.40","vary_mean",3,-0.6,FALSE,104,1.52016047762218,1.64085356909939,0.204682855350471,0.87,0.370708546706576,0.120693091477214,"gamma_bin"
"gamma_bin_3.00_3.40","vary_mean",3,-0.6,FALSE,105,1.1030085210386,0.937257219933945,0.148838679359929,0.77,0.258284422254917,-0.165751301104655,"gamma_bin"
"gamma_bin_3.00_3.40","vary_mean",3,-0.6,FALSE,106,0.895239451481731,0.779128799410454,0.124554814862439,0.82,0.239153487190587,-0.116110652071277,"gamma_bin"
"gamma_bin_3.00_3.40","vary_mean",3,-0.6,FALSE,107,0.603003827128156,0.58969288777069,0.116777412179187,0.93,0.215564230631742,-0.0133109393574665,"gamma_bin"
"gamma_bin_3.00_3.40","vary_mean",3,-0.6,FALSE,108,1.07759954005713,1.18487505634968,0.165387023412675,0.9,0.326244986456619,0.107275516292547,"gamma_bin"
"gamma_bin_3.00_3.40","vary_mean",3,-0.6,FALSE,109,1.67933972630709,1.7814116157624,0.188637977705305,0.95,0.388949970862978,0.102071889455315,"gamma_bin"
"gamma_bin_3.00_3.40","vary_mean",3,-0.6,FALSE,110,0.778502984216349,0.691475286157102,0.115007000714089,0.85,0.218908846163615,-0.087027698059247,"gamma_bin"
"gamma_bin_3.00_3.40","vary_mean",3,-0.6,FALSE,111,0.991989182530735,0.967204653777947,0.145045985038451,0.96,0.273405969129077,-0.024784528752788,"gamma_bin"
"gamma_bin_3.00_3.40","vary_mean",3,-0.6,FALSE,112,1.07686506331656,1.07542177450236,0.16199639928493,0.9,0.289775983268314,-0.00144328881419664,"gamma_bin"
"gamma_bin_3.00_3.40","vary_mean",3,-0.6,FALSE,113,0.702387790154813,0.718360929112246,0.117605182858472,0.97,0.234675853310678,0.0159731389574332,"gamma_bin"
"gamma_bin_3.00_3.40","vary_mean",3,-0.6,FALSE,114,0.976044237490855,1.08738888595985,0.148235626845906,0.93,0.301941517329276,0.111344648468992,"gamma_bin"
"gamma_bin_3.00_3.40","vary_mean",3,-0.6,FALSE,115,1.2386571693013,1.2877999260196,0.166586088561048,0.94,0.324375213036858,0.0491427567182992,"gamma_bin"
"gamma_bin_3.00_3.40","vary_mean",3,-0.6,FALSE,116,1.16178575840714,1.11876884002385,0.181178268063663,0.92,0.291319232567485,-0.0430169183832929,"gamma_bin"
"gamma_bin_3.00_3.40","vary_mean",3,-0.6,FALSE,117,1.19460307270673,1.13088895897021,0.162027953295207,0.89,0.288376304195288,-0.0637141137365249,"gamma_bin"
"gamma_bin_3.00_3.40","vary_mean",3,-0.6,FALSE,118,1.1631999130357,1.08736271107951,0.137743873789484,0.93,0.278837279572588,-0.0758372019561877,"gamma_bin"
"gamma_bin_3.00_3.40","vary_mean",3,-0.6,FALSE,119,1.07031355257977,0.967730297174951,0.148423899666294,0.85,0.260180280931997,-0.102583255404819,"gamma_bin"
"gamma_bin_3.00_3.40","vary_mean",3,-0.6,FALSE,120,0.877747847801672,0.824840132423627,0.139905588877012,0.91,0.24230793048636,-0.0529077153780453,"gamma_bin"
"gamma_bin_3.00_3.40","vary_mean",3,-0.6,FALSE,121,1.36754433627127,1.39411657141885,0.178438487333609,0.91,0.324151379485414,0.0265722351475783,"gamma_bin"
"gamma_bin_3.00_3.40","vary_mean",3,-0.6,FALSE,122,0.835785870448611,0.786518703030595,0.135092765031482,0.92,0.230156578267031,-0.0492671674180163,"gamma_bin"
"gamma_bin_3.00_3.40","vary_mean",3,-0.6,FALSE,123,1.2672350602796,1.27749938256784,0.15183808100437,0.94,0.304621782377507,0.0102643222882355,"gamma_bin"
"gamma_bin_3.00_3.40","vary_mean",3,-0.6,FALSE,124,0.96912547878376,0.939414266592603,0.132939653573708,0.92,0.251498260411948,-0.0297112121911572,"gamma_bin"
"gamma_bin_3.00_3.40","vary_mean",3,-0.6,FALSE,125,0.847337032261578,0.850213129342871,0.132424652942832,0.93,0.242035573686718,0.00287609708129288,"gamma_bin"
"gamma_bin_3.00_3.40","vary_mean",3,-0.6,FALSE,126,0.715562409302676,0.743326469222699,0.11385149461855,0.96,0.232116959215938,0.0277640599200227,"gamma_bin"
"gamma_bin_3.00_3.40","vary_mean",3,-0.6,FALSE,127,0.947820201198353,1.05756524516957,0.156962582454825,0.85,0.287633617641096,0.109745043971217,"gamma_bin"
"gamma_bin_3.00_3.40","vary_mean",3,-0.6,FALSE,128,0.685080159737144,0.755177744120964,0.138723564364811,0.86,0.240550746441554,0.0700975843838196,"gamma_bin"
"gamma_bin_3.00_3.40","vary_mean",3,-0.6,FALSE,129,0.940715932502657,1.10118545876692,0.177161830885414,0.76,0.302015634992347,0.160469526264262,"gamma_bin"
"gamma_bin_3.00_3.40","vary_mean",3,-0.6,FALSE,130,0.882737793731905,0.982564789146726,0.151760135098763,0.89,0.281327153572095,0.0998269954148205,"gamma_bin"
"gamma_bin_3.00_3.40","vary_mean",3,-0.6,FALSE,131,0.908595801485553,0.948087346185754,0.144298256114842,0.94,0.277557558462912,0.0394915447002008,"gamma_bin"
"gamma_bin_3.00_3.40","vary_mean",3,-0.6,FALSE,132,0.91957504082564,1.00466706776321,0.161840489351354,0.91,0.28837367519294,0.085092026937569,"gamma_bin"
"gamma_bin_3.00_3.40","vary_mean",3,-0.6,FALSE,133,0.772867637399724,0.810672385963055,0.152162572992249,0.9,0.258902199663714,0.0378047485633312,"gamma_bin"
"gamma_bin_3.00_3.40","vary_mean",3,-0.6,FALSE,134,0.85010038418266,0.95238209261962,0.156789700327738,0.86,0.289700284604198,0.10228170843696,"gamma_bin"
"gamma_bin_3.00_3.40","vary_mean",3,-0.6,FALSE,135,0.784742304497557,0.884556738397972,0.142975507788505,0.86,0.281302728248359,0.099814433900415,"gamma_bin"
"gamma_bin_3.00_3.40","vary_mean",3,-0.6,FALSE,136,0.974662005700731,1.09623583492723,0.174793408627352,0.87,0.318332533480083,0.121573829226501,"gamma_bin"
"gamma_bin_3.00_3.40","vary_mean",3,-0.6,FALSE,137,0.984149213306856,1.03958176202872,0.140350437175524,0.95,0.30627704157821,0.0554325487218684,"gamma_bin"
"gamma_bin_3.00_3.40","vary_mean",3,-0.6,FALSE,138,1.19074372582141,1.21414635822715,0.217332739713132,0.88,0.329436401108384,0.0234026324057428,"gamma_bin"
"gamma_bin_3.00_3.40","vary_mean",3,-0.6,FALSE,139,1.38369717355419,1.37078199243231,0.192134002437383,0.92,0.340825991363555,-0.0129151811218828,"gamma_bin"
"gamma_bin_3.00_3.40","vary_mean",3,-0.6,FALSE,140,0.815809623984031,0.715364369796143,0.125170332206117,0.84,0.234594292790425,-0.100445254187888,"gamma_bin"
"gamma_bin_3.00_3.40","vary_mean",3,-0.6,FALSE,141,0.948704132009637,0.923562606218216,0.16040044784221,0.91,0.279382239475867,-0.0251415257914213,"gamma_bin"
"gamma_bin_3.00_3.40","vary_mean",3,-0.6,FALSE,142,0.887909591017245,0.90237375022787,0.149356881411639,0.97,0.280175365894545,0.0144641592106255,"gamma_bin"
"gamma_bin_3.00_3.40","vary_mean",3,-0.6,FALSE,143,1.33194554446529,1.39770881569285,0.209594424371794,0.88,0.353854588814985,0.0657632712275606,"gamma_bin"
"gamma_bin_3.00_3.40","vary_mean",3,-0.6,FALSE,144,1.33130879278334,1.263993344784,0.138933691708293,0.96,0.319227597755807,-0.0673154479993416,"gamma_bin"
"gamma_bin_3.00_3.40","vary_mean",3,-0.6,FALSE,145,1.36040798308223,1.20421295369191,0.158025879309891,0.82,0.300984539520608,-0.156195029390318,"gamma_bin"
"gamma_bin_3.00_3.40","vary_mean",3,-0.6,FALSE,146,1.03071021292377,0.87060599954366,0.145434644865059,0.72,0.249357651235161,-0.16010421338011,"gamma_bin"
"gamma_bin_3.00_3.40","vary_mean",3,-0.6,FALSE,147,1.01542172209859,0.913504498155127,0.135111127756414,0.84,0.261935157454985,-0.101917223943463,"gamma_bin"
"gamma_bin_3.00_3.40","vary_mean",3,-0.6,FALSE,148,0.918033733511508,0.902980186878388,0.16787324430593,0.86,0.264285680395831,-0.0150535466331202,"gamma_bin"
"gamma_bin_3.00_3.40","vary_mean",3,-0.6,FALSE,149,0.795399668183425,0.844482784383414,0.138785117697172,0.93,0.259526174293809,0.0490831161999885,"gamma_bin"
"gamma_bin_3.00_3.40","vary_mean",3,-0.6,FALSE,150,0.94707340630239,1.06988453838775,0.155664081033692,0.88,0.299729609770019,0.122811132085365,"gamma_bin"
"gamma_bin_3.00_3.40","vary_mean",3,-0.6,FALSE,151,0.838901742382429,0.884763922923318,0.129514938588548,0.96,0.269324307470499,0.0458621805408886,"gamma_bin"
"gamma_bin_3.00_3.40","vary_mean",3,-0.6,FALSE,152,1.10279545241581,1.21983309297307,0.175081591914262,0.87,0.322592184424646,0.117037640557257,"gamma_bin"
"gamma_bin_3.00_3.40","vary_mean",3,-0.6,FALSE,153,1.09815075967234,1.1491419085903,0.17893261451022,0.91,0.303020671906214,0.0509911489179573,"gamma_bin"
"gamma_bin_3.00_3.40","vary_mean",3,-0.6,FALSE,154,0.933692374106949,0.909458975292768,0.141447937296283,0.93,0.265237084988413,-0.0242333988141814,"gamma_bin"
"gamma_bin_3.00_3.40","vary_mean",3,-0.6,FALSE,155,0.677255280263044,0.680057534241471,0.118188393885446,0.94,0.233382499561039,0.00280225397842659,"gamma_bin"
"gamma_bin_3.00_3.40","vary_mean",3,-0.6,FALSE,156,0.794315589671576,0.895834017980782,0.147052298541779,0.86,0.281286876425602,0.101518428309206,"gamma_bin"
"gamma_bin_3.00_3.40","vary_mean",3,-0.6,FALSE,157,0.863128942217305,0.991980110078021,0.135015054504244,0.86,0.301105872298957,0.128851167860716,"gamma_bin"
"gamma_bin_3.00_3.40","vary_mean",3,-0.6,FALSE,158,1.21212682918176,1.37086667739999,0.195526118756854,0.89,0.354017026517782,0.158739848218233,"gamma_bin"
"gamma_bin_3.00_3.40","vary_mean",3,-0.6,FALSE,159,1.02410139695973,0.990437070618768,0.164799503731972,0.89,0.285558703441169,-0.0336643263409618,"gamma_bin"
"gamma_bin_3.00_3.40","vary_mean",3,-0.6,FALSE,160,0.905623732385136,0.870706576974375,0.150495916072739,0.9,0.269436826852063,-0.0349171554107607,"gamma_bin"
"gamma_bin_3.00_3.40","vary_mean",3,-0.6,FALSE,161,0.9116217888269,0.913519550991593,0.147599605678026,0.94,0.281930807139935,0.00189776216469284,"gamma_bin"
"gamma_bin_3.00_3.40","vary_mean",3,-0.6,FALSE,162,0.854312926973229,0.90282555334367,0.158244540101172,0.93,0.285063052664,0.0485126263704406,"gamma_bin"
"gamma_bin_3.00_3.40","vary_mean",3,-0.6,FALSE,163,0.939537145583715,1.03435033433439,0.156580258606535,0.92,0.310108902209071,0.0948131887506732,"gamma_bin"
"gamma_bin_3.00_3.40","vary_mean",3,-0.6,FALSE,164,0.80426541937565,0.832871375131334,0.151630161822573,0.92,0.276569277914442,0.0286059557556836,"gamma_bin"
"gamma_bin_3.00_3.40","vary_mean",3,-0.6,FALSE,165,1.00142458710162,1.11452702519047,0.15785196575279,0.91,0.328343680937645,0.113102438088852,"gamma_bin"
"gamma_bin_3.00_3.40","vary_mean",3,-0.6,FALSE,166,1.22258752675771,1.28173222308439,0.198973358878862,0.93,0.346044688798363,0.0591446963266762,"gamma_bin"
"gamma_bin_3.00_3.40","vary_mean",3,-0.6,FALSE,167,0.797785738886173,0.79114235653294,0.126918549050415,0.97,0.263111292220201,-0.00664338235323281,"gamma_bin"
"gamma_bin_3.00_3.40","vary_mean",3,-0.6,FALSE,168,1.14984066668627,1.1865214610777,0.186814870980785,0.93,0.333297334864911,0.0366807943914325,"gamma_bin"
"gamma_bin_3.00_3.40","vary_mean",3,-0.6,FALSE,169,0.760346365617299,0.718177704380547,0.128735064354891,0.96,0.252824720647613,-0.0421686612367519,"gamma_bin"
"gamma_bin_3.00_3.40","vary_mean",3,-0.6,FALSE,170,1.3742280074719,1.45900918774241,0.224459958375162,0.9,0.377315493816076,0.0847811802705056,"gamma_bin"
"gamma_bin_3.00_3.40","vary_mean",3,-0.6,FALSE,171,0.879913573057892,0.837616503590381,0.129093008549427,0.95,0.268795977551461,-0.0422970694675106,"gamma_bin"
"gamma_bin_3.00_3.40","vary_mean",3,-0.6,FALSE,172,1.40469565689074,1.40176743730981,0.200808927297945,0.94,0.358019744826577,-0.0029282195809317,"gamma_bin"
"gamma_bin_3.00_3.40","vary_mean",3,-0.6,FALSE,173,0.919193449899109,0.843888741289494,0.149722302409014,0.89,0.263042374836848,-0.075304708609615,"gamma_bin"
"gamma_bin_3.00_3.40","vary_mean",3,-0.6,FALSE,174,0.923151861958846,0.88173514950505,0.144512291617886,0.92,0.276183948302682,-0.0414167124537962,"gamma_bin"
"gamma_bin_3.00_3.40","vary_mean",3,-0.6,FALSE,175,1.03836327926758,1.03089429624863,0.144964414896507,0.96,0.305028873741513,-0.00746898301895271,"gamma_bin"
"gamma_bin_3.00_3.40","vary_mean",3,-0.6,FALSE,176,0.9985406934674,1.01989433107262,0.140228761215542,0.98,0.302277584512763,0.0213536376052216,"gamma_bin"
"gamma_bin_3.00_3.40","vary_mean",3,-0.6,FALSE,177,1.06724188250379,1.10527584563059,0.185132239749659,0.9,0.313810523969032,0.038033963126797,"gamma_bin"
"gamma_bin_3.00_3.40","vary_mean",3,-0.6,FALSE,178,0.796484699666055,0.785846762016004,0.160979963586333,0.9,0.261345451134309,-0.0106379376500511,"gamma_bin"
"gamma_bin_3.00_3.40","vary_mean",3,-0.6,FALSE,179,1.1985320355335,1.26195944452543,0.19754751929015,0.89,0.343568851916206,0.063427408991928,"gamma_bin"
"gamma_bin_3.00_3.40","vary_mean",3,-0.6,FALSE,180,1.18742100745866,1.23023738294776,0.167700312840943,0.95,0.32753287191573,0.0428163754890969,"gamma_bin"
"gamma_bin_3.00_3.40","vary_mean",3,-0.6,FALSE,181,1.49419527020498,1.38993578327014,0.186161626614448,0.88,0.337820252705972,-0.104259486934841,"gamma_bin"
"gamma_bin_3.00_3.40","vary_mean",3,-0.6,FALSE,182,1.51569869674153,1.25727821513024,0.166715197607846,0.6,0.305518636758887,-0.258420481611288,"gamma_bin"
"gamma_bin_3.00_3.40","vary_mean",3,-0.6,FALSE,183,0.993075321330978,0.805715256027708,0.130497781921323,0.69,0.236157993679746,-0.18736006530327,"gamma_bin"
"gamma_bin_3.00_3.40","vary_mean",3,-0.6,FALSE,184,0.900892693512611,0.807565392996268,0.139470482179551,0.83,0.245430651952973,-0.0933273005163427,"gamma_bin"
"gamma_bin_3.00_3.40","vary_mean",3,-0.6,FALSE,185,0.823216687408857,0.842528346290568,0.13610379899022,0.93,0.258528310475364,0.0193116588817112,"gamma_bin"
"gamma_bin_3.00_3.40","vary_mean",3,-0.6,FALSE,186,1.22622981286846,1.32477513331792,0.172186178741747,0.9,0.331709200478206,0.09854532044946,"gamma_bin"
"gamma_bin_3.00_3.40","vary_mean",3,-0.6,FALSE,187,0.917491231652979,0.927311550610121,0.134007909965582,0.94,0.265733707958576,0.00982031895714197,"gamma_bin"
"gamma_bin_3.00_3.40","vary_mean",3,-0.6,FALSE,188,1.14601430452239,1.16557688648378,0.183623563482008,0.91,0.301697166187011,0.0195625819613929,"gamma_bin"
"gamma_bin_3.00_3.40","vary_mean",3,-0.6,FALSE,189,1.15018203934659,1.12011171440598,0.143224916093235,0.93,0.289037094626025,-0.0300703249406087,"gamma_bin"
"gamma_bin_3.00_3.40","vary_mean",3,-0.6,FALSE,190,1.13788009197463,1.05926059617243,0.135034678769888,0.9,0.277791292751726,-0.0786194958021982,"gamma_bin"
"gamma_bin_3.00_3.40","vary_mean",3,-0.6,FALSE,191,1.77821476084602,1.6835699064799,0.192950900522329,0.88,0.347973893198084,-0.0946448543661158,"gamma_bin"
"gamma_bin_3.00_3.40","vary_mean",3,-0.6,FALSE,192,1.12622467540917,0.907460523671466,0.132814396980895,0.58,0.233264934056286,-0.218764151737704,"gamma_bin"
"gamma_bin_3.00_3.40","vary_mean",3,-0.6,FALSE,193,1.63143870001326,1.38955030633537,0.167841127213047,0.68,0.294749262522115,-0.241888393677891,"gamma_bin"
"gamma_bin_3.00_3.40","vary_mean",3,-0.6,FALSE,194,1.96133686485764,1.58481494450334,0.160493173868049,0.33,0.298876757124754,-0.376521920354303,"gamma_bin"
"gamma_bin_3.00_3.40","vary_mean",3,-0.6,FALSE,195,1.62645944263275,1.17510160885548,0.11649951342368,0.08,0.239286384448908,-0.451357833777266,"gamma_bin"
"gamma_bin_3.00_3.40","vary_mean",3,-0.6,FALSE,196,1.22116224956869,0.924472749800387,0.106675250243025,0.27,0.208582019553197,-0.296689499768303,"gamma_bin"
"gamma_bin_3.00_3.40","vary_mean",3,-0.6,FALSE,197,1.08513472727433,0.911449563360988,0.108564647377806,0.69,0.209936876054253,-0.173685163913341,"gamma_bin"
"gamma_bin_3.00_3.40","vary_mean",3,-0.6,FALSE,198,1.22272793926392,1.11974729307403,0.122140223979841,0.89,0.235818773172201,-0.102980646189885,"gamma_bin"
"gamma_bin_3.00_3.40","vary_mean",3,-0.6,FALSE,199,1.29605177368887,1.19997353730542,0.127392959152655,0.86,0.240369537655301,-0.0960782363834474,"gamma_bin"
"gamma_bin_3.00_3.40","vary_mean",3,-0.6,FALSE,200,1.66923410820015,1.54523152638016,0.147766411071594,0.85,0.265504932391438,-0.124002581819993,"gamma_bin"
"gamma_bin_3.00_3.40","vary_mean",3,-0.6,FALSE,201,1.1694237090907,0.953472409685728,0.109213928815738,0.48,0.194083774401473,-0.215951299404972,"gamma_bin"
"gamma_bin_3.00_3.40","vary_mean",3,-0.6,FALSE,202,1.07879296650834,0.9356031502678,0.110792797481211,0.7,0.194795702516028,-0.14318981624054,"gamma_bin"
"gamma_bin_3.00_3.40","vary_mean",3,-0.6,FALSE,203,0.894627487421358,0.8083474203573,0.095317482669874,0.84,0.183060501014772,-0.0862800670640584,"gamma_bin"
"gamma_bin_3.00_3.40","vary_mean",3,-0.6,FALSE,204,0.81895014827116,0.838611597617106,0.0961720295652238,0.97,0.192364660215922,0.0196614493459457,"gamma_bin"
"gamma_bin_3.00_3.40","vary_mean",3,-0.6,FALSE,205,0.966704879629287,1.07159399953254,0.125613831913592,0.85,0.222550204446002,0.104889119903256,"gamma_bin"
"gamma_bin_3.00_3.40","vary_mean",3,-0.6,FALSE,206,0.735615178317886,0.783351360824793,0.0957169751003852,0.9,0.187976029841181,0.0477361825069066,"gamma_bin"
"gamma_bin_3.00_3.40","vary_mean",3,-0.6,FALSE,207,0.854920650119855,0.968306387664166,0.127780167878013,0.75,0.216142499892738,0.113385737544311,"gamma_bin"
"gamma_bin_3.00_3.40","vary_mean",3,-0.6,FALSE,208,1.1836252253062,1.32756618775874,0.141096361919234,0.75,0.254248560928817,0.143940962452542,"gamma_bin"
"gamma_bin_3.00_3.40","vary_mean",3,-0.6,FALSE,209,1.4603135494891,1.45098402439261,0.129956857600048,0.97,0.253856604670392,-0.00932952509649265,"gamma_bin"
"gamma_bin_3.00_3.40","vary_mean",3,-0.6,FALSE,210,0.828359371463702,0.743713789652181,0.0958476792368492,0.88,0.171576753733792,-0.0846455818115212,"gamma_bin"
"gamma_bin_3.00_3.40","vary_mean",3,-0.6,FALSE,211,0.945528169177749,0.90502739023776,0.0980647732211388,0.92,0.197604994318983,-0.0405007789399886,"gamma_bin"
"gamma_bin_3.00_3.40","vary_mean",3,-0.6,FALSE,212,0.79051319956122,0.790707457757186,0.0878438478204782,0.96,0.187178054055365,0.000194258195965857,"gamma_bin"
"gamma_bin_3.00_3.40","vary_mean",3,-0.6,FALSE,213,1.43201623771777,1.55378121235088,0.158583068434359,0.8,0.270883945745041,0.121764974633108,"gamma_bin"
"gamma_bin_3.00_3.40","vary_mean",3,-0.6,FALSE,214,1.11428897280893,1.05003488572416,0.118752320852646,0.89,0.20629472081568,-0.0642540870847743,"gamma_bin"
"gamma_bin_3.00_3.40","vary_mean",3,-0.6,FALSE,215,1.11572179995221,1.02328045360949,0.123077941076493,0.83,0.203242831709863,-0.0924413463427167,"gamma_bin"
"gamma_bin_3.00_3.40","vary_mean",3,-0.6,FALSE,216,1.45327758905901,1.35686511854977,0.136331232766759,0.82,0.23356087204155,-0.096412470509236,"gamma_bin"
"gamma_bin_3.00_3.40","vary_mean",3,-0.6,FALSE,217,1.1420673106557,0.983776555910474,0.0905395803349559,0.69,0.189649261944435,-0.158290754745226,"gamma_bin"
"gamma_bin_3.00_3.40","vary_mean",3,-0.6,FALSE,218,0.657966158830962,0.59319951268163,0.0694492076531246,0.9,0.148311745478201,-0.0647666461493323,"gamma_bin"
"gamma_bin_3.00_3.40","vary_mean",3,-0.6,FALSE,219,1.3705780170681,1.46434591193177,0.127315631878122,0.92,0.248630348142496,0.0937678948636733,"gamma_bin"
"gamma_bin_3.00_3.40","vary_mean",3,-0.6,FALSE,220,1.12178323201924,1.07036854079916,0.1014505278,0.89,0.199048726363656,-0.0514146912200784,"gamma_bin"
"gamma_bin_3.00_3.40","vary_mean",3,-0.6,FALSE,221,1.82150678776182,1.6966819459941,0.131049792570707,0.82,0.249077342076421,-0.124824841767719,"gamma_bin"
"gamma_bin_3.00_3.40","vary_mean",3,-0.6,FALSE,222,1.47822233790926,1.16706170501422,0.102638600705494,0.15,0.188271903435878,-0.311160632895038,"gamma_bin"
"gamma_bin_3.00_3.40","vary_mean",3,-0.6,FALSE,223,1.2291381002976,0.955839107831909,0.0883091477974434,0.16,0.167508500536524,-0.273298992465691,"gamma_bin"
"gamma_bin_3.00_3.40","vary_mean",3,-0.6,FALSE,224,1.39168397860736,1.16989050044228,0.109478307220456,0.43,0.187073278481473,-0.221793478165083,"gamma_bin"
"gamma_bin_3.00_3.40","vary_mean",3,-0.6,FALSE,225,1.02693213453622,0.89295141473807,0.0781289331626937,0.62,0.159859888283426,-0.13398071979815,"gamma_bin"
"gamma_bin_3.00_3.40","vary_mean",3,-0.6,FALSE,226,0.944477107231107,0.877688305815962,0.0802826253352875,0.88,0.161533262577139,-0.0667888014151448,"gamma_bin"
"gamma_bin_3.00_3.40","vary_mean",3,-0.6,FALSE,227,0.88294479567521,0.881820537215632,0.0940360925411183,0.94,0.164728811313618,-0.00112425845957775,"gamma_bin"
"gamma_bin_3.00_3.40","vary_mean",3,-0.6,FALSE,228,1.2545287150813,1.33928173889565,0.117711100510473,0.82,0.206753225675581,0.0847530238143543,"gamma_bin"
"gamma_bin_3.00_3.40","vary_mean",3,-0.6,FALSE,229,1.46483936058861,1.41519644777578,0.117639591634248,0.87,0.202589691218984,-0.0496429128128322,"gamma_bin"
"gamma_bin_3.00_3.40","vary_mean",3,-0.6,FALSE,230,1.5106771494413,1.30403758520543,0.0948579721128897,0.43,0.18421740140473,-0.206639564235869,"gamma_bin"
"gamma_bin_3.00_3.40","vary_mean",3,-0.6,FALSE,231,1.76125096519109,1.4310088767418,0.0908051602629796,0.13,0.185537062205543,-0.330242088449294,"gamma_bin"
"gamma_bin_3.00_3.40","vary_mean",3,-0.6,FALSE,232,1.40611418271408,1.06716910531206,0.0762315625357864,0.04,0.151431825251285,-0.338945077402023,"gamma_bin"
"gamma_bin_3.00_3.40","vary_mean",3,-0.6,FALSE,233,1.50840807515769,1.1940317224663,0.0819647865701822,0.07,0.159375968095903,-0.314376352691389,"gamma_bin"
"gamma_bin_3.00_3.40","vary_mean",3,-0.6,FALSE,234,2.14812836507422,1.72096515773231,0.102099525020901,0.04,0.186722186944289,-0.427163207341909,"gamma_bin"
"gamma_bin_3.00_3.40","vary_mean",3,-0.6,FALSE,235,1.77318978695313,1.260898125786,0.0903156571275052,0,0.145532905136392,-0.512291661167135,"gamma_bin"
"gamma_bin_3.00_3.40","vary_mean",3,-0.6,FALSE,236,1.73485405696823,1.23945397025131,0.0819669147244556,0,0.139875222620587,-0.495400086716921,"gamma_bin"
"gamma_bin_3.00_3.40","vary_mean",3,-0.6,FALSE,237,1.62270455030168,1.19396151497443,0.0725162270456128,0.01,0.133291968284922,-0.428743035327247,"gamma_bin"
"gamma_bin_3.00_3.40","vary_mean",3,-0.6,FALSE,238,1.18127386711031,0.890708142041908,0.0641881382981492,0.01,0.112330744100072,-0.290565725068402,"gamma_bin"
"gamma_bin_3.00_3.40","vary_mean",3,-0.6,FALSE,239,1.18467641337506,1.02632603989332,0.0697694812412917,0.4,0.122826649989602,-0.158350373481743,"gamma_bin"
"gamma_bin_3.00_3.40","vary_mean",3,-0.6,FALSE,240,1.41686704734357,1.29499162989914,0.0923665608540688,0.57,0.137723787746044,-0.121875417444433,"gamma_bin"
"gamma_bin_3.00_3.40","vary_mean",3,-0.6,FALSE,241,1.25638994428988,1.10943320415618,0.0664855754023768,0.36,0.122323940981085,-0.146956740133696,"gamma_bin"
"gamma_bin_3.00_3.40","vary_mean",3,-0.6,FALSE,242,1.12129644908568,1.00810504771367,0.0600847831297662,0.56,0.11512451695304,-0.113191401372008,"gamma_bin"
"gamma_bin_3.00_3.40","vary_mean",3,-0.6,FALSE,243,1.35471671225519,1.24147200024751,0.0632867154709928,0.63,0.127700661152809,-0.113244712007676,"gamma_bin"
"gamma_bin_3.00_3.40","vary_mean",3,-0.6,FALSE,244,1.01075153524685,0.893456633915255,0.0626058097425104,0.4,0.104907816040952,-0.117294901331594,"gamma_bin"
"gamma_bin_3.00_3.40","vary_mean",3,-0.6,FALSE,245,1.09871605480815,1.03191332724422,0.057882900083018,0.83,0.114904225653907,-0.0668027275639256,"gamma_bin"
"gamma_bin_3.00_3.40","vary_mean",3,-0.6,FALSE,246,1.01869442350015,0.978239601842007,0.0626313405202073,0.91,0.111396862010246,-0.0404548216581435,"gamma_bin"
"gamma_bin_3.00_3.40","vary_mean",3,-0.6,FALSE,247,0.933319674797869,0.917926895867337,0.0586527619901175,0.93,0.108144863744848,-0.0153927789305319,"gamma_bin"
"gamma_bin_3.00_3.40","vary_mean",3,-0.6,FALSE,248,1.07523379129616,1.10752077132631,0.0703019605708801,0.92,0.120466877639307,0.0322869800301495,"gamma_bin"
"gamma_bin_3.00_3.40","vary_mean",3,-0.6,FALSE,249,1.30371060738913,1.2971316203614,0.0628259404634632,0.93,0.128340846607913,-0.00657898702773485,"gamma_bin"
"gamma_bin_3.00_3.40","vary_mean",3,-0.6,FALSE,250,1.41728039570922,1.29858228860531,0.0663409906500377,0.55,0.123188424941724,-0.118698107103909,"gamma_bin"
"gamma_bin_3.00_3.40","vary_mean",3,-0.6,FALSE,251,1.14476257942982,0.98176544993735,0.0562353012917432,0.16,0.103057058629118,-0.16299712949247,"gamma_bin"
"gamma_bin_3.00_3.40","vary_mean",3,-0.6,FALSE,252,1.28960282315637,1.14451368887146,0.0612711758866564,0.3,0.111776133548384,-0.145089134284908,"gamma_bin"
"gamma_bin_3.00_3.40","vary_mean",3,-0.6,FALSE,253,1.41166776000313,1.24142008719686,0.0617247827670135,0.2,0.114288235957918,-0.170247672806266,"gamma_bin"
"gamma_bin_4.50_3.40","vary_mean",4.5,-0.4,FALSE,8,1.22915300707766,0.910579390044786,0.0418309785580901,0,0.0810468182268636,-0.318573617032874,"gamma_bin"
"gamma_bin_4.50_3.40","vary_mean",4.5,-0.4,FALSE,9,2.39912444733293,1.92190048753278,0.053409366236454,0,0.116078991225855,-0.477223959800152,"gamma_bin"
"gamma_bin_4.50_3.40","vary_mean",4.5,-0.4,FALSE,10,1.19488455941613,0.924169308640757,0.0327444908007429,0,0.075283253932914,-0.270715250775373,"gamma_bin"
"gamma_bin_4.50_3.40","vary_mean",4.5,-0.4,FALSE,11,1.32901937043135,1.0925875015046,0.0434798233969258,0,0.0806938774655735,-0.23643186892675,"gamma_bin"
"gamma_bin_4.50_3.40","vary_mean",4.5,-0.4,FALSE,12,1.45964563283974,1.26350816015758,0.0464091695700093,0.03,0.085702703882098,-0.196137472682164,"gamma_bin"
"gamma_bin_4.50_3.40","vary_mean",4.5,-0.4,FALSE,13,1.71536377425759,1.51521779495739,0.0480192672950061,0.01,0.0917495804367249,-0.200145979300196,"gamma_bin"
"gamma_bin_4.50_3.40","vary_mean",4.5,-0.4,FALSE,14,1.05186283321434,0.904179386273351,0.0370076287345006,0.04,0.0679598393789328,-0.147683446940989,"gamma_bin"
"gamma_bin_4.50_3.40","vary_mean",4.5,-0.4,FALSE,15,1.02513341063733,0.907401801069649,0.0365976966676149,0.08,0.0676647385817928,-0.117731609567681,"gamma_bin"
"gamma_bin_4.50_3.40","vary_mean",4.5,-0.4,FALSE,16,1.25256084138212,1.1795421827091,0.0386695904859167,0.55,0.07742349526917,-0.073018658673019,"gamma_bin"
"gamma_bin_4.50_3.40","vary_mean",4.5,-0.4,FALSE,17,1.2152968085526,1.15690859948712,0.0401641517263943,0.69,0.0757679575260411,-0.0583882090654804,"gamma_bin"
"gamma_bin_4.50_3.40","vary_mean",4.5,-0.4,FALSE,18,0.979262007308338,0.925841093478789,0.0366673908708565,0.61,0.0667993582910561,-0.0534209138295495,"gamma_bin"
"gamma_bin_4.50_3.40","vary_mean",4.5,-0.4,FALSE,19,1.02548164174434,0.983742677442927,0.0354035318198638,0.77,0.0689019604466615,-0.0417389643014126,"gamma_bin"
"gamma_bin_4.50_3.40","vary_mean",4.5,-0.4,FALSE,20,1.03937017525567,1.02198726931057,0.0359770394584619,0.93,0.0702976946654924,-0.0173829059451034,"gamma_bin"
"gamma_bin_4.50_3.40","vary_mean",4.5,-0.4,FALSE,21,1.31708921089394,1.30297815277241,0.0415063130419574,0.92,0.0792644261927243,-0.0141110581215262,"gamma_bin"
"gamma_bin_4.50_3.40","vary_mean",4.5,-0.4,FALSE,22,1.01629528374106,0.972396477803265,0.0332524531022358,0.82,0.0670291638085941,-0.0438988059377946,"gamma_bin"
"gamma_bin_4.50_3.40","vary_mean",4.5,-0.4,FALSE,23,0.750244244564339,0.717064748675308,0.0283312157161876,0.82,0.0573031550637672,-0.0331794958890311,"gamma_bin"
"gamma_bin_4.50_3.40","vary_mean",4.5,-0.4,FALSE,24,0.686827825813118,0.693261098676666,0.0297462455072693,0.93,0.0573996867225618,0.00643327286354833,"gamma_bin"
"gamma_bin_4.50_3.40","vary_mean",4.5,-0.4,FALSE,25,1.09141067495798,1.17395158988103,0.0369892071801784,0.45,0.0768186484268197,0.0825409149230505,"gamma_bin"
"gamma_bin_4.50_3.40","vary_mean",4.5,-0.4,FALSE,26,0.74108150094242,0.778772488774527,0.0344967572946795,0.77,0.0623736999169654,0.0376909878321071,"gamma_bin"
"gamma_bin_4.50_3.40","vary_mean",4.5,-0.4,FALSE,27,0.768558244559202,0.826510515208594,0.03493853449291,0.54,0.0652917793423621,0.0579522706493925,"gamma_bin"
"gamma_bin_4.50_3.40","vary_mean",4.5,-0.4,FALSE,28,0.75279022252533,0.815112012452139,0.031357304180063,0.56,0.0660021195937223,0.0623217899268087,"gamma_bin"
"gamma_bin_4.50_3.40","vary_mean",4.5,-0.4,FALSE,29,0.700207559621297,0.771158301033764,0.0322924877089241,0.46,0.0654638734053519,0.0709507414124675,"gamma_bin"
"gamma_bin_4.50_3.40","vary_mean",4.5,-0.4,FALSE,30,0.555254250263291,0.626762845674056,0.0325930676726035,0.29,0.060417890592038,0.0715085954107647,"gamma_bin"
"gamma_bin_4.50_3.40","vary_mean",4.5,-0.4,FALSE,31,0.584462421312083,0.679600254870903,0.0322093939891385,0.14,0.0652129479394413,0.0951378335588196,"gamma_bin"
"gamma_bin_4.50_3.40","vary_mean",4.5,-0.4,FALSE,32,0.680311568720764,0.817353378633449,0.0342172671471916,0.06,0.0741639310263413,0.137041809912685,"gamma_bin"
"gamma_bin_4.50_3.40","vary_mean",4.5,-0.4,FALSE,33,0.958980557438332,1.15419915167401,0.057669764542536,0.01,0.0904901653459875,0.195218594235675,"gamma_bin"
"gamma_bin_4.50_3.40","vary_mean",4.5,-0.4,FALSE,34,1.26715241572783,1.4272104840586,0.0485301211907014,0.1,0.100523986794741,0.160058068330772,"gamma_bin"
"gamma_bin_4.50_3.40","vary_mean",4.5,-0.4,FALSE,35,1.32835101120383,1.33950899122825,0.0467888582440894,0.97,0.0946425586540883,0.0111579800244219,"gamma_bin"
"gamma_bin_4.50_3.40","vary_mean",4.5,-0.4,FALSE,36,0.820531409863083,0.754499385116112,0.0341533913907554,0.62,0.0688405537186807,-0.0660320247469706,"gamma_bin"
"gamma_bin_4.50_3.40","vary_mean",4.5,-0.4,FALSE,37,0.605068218099632,0.56490689990055,0.0330977758434682,0.73,0.0600197343733938,-0.0401613181990818,"gamma_bin"
"gamma_bin_4.50_3.40","vary_mean",4.5,-0.4,FALSE,38,0.48061136006007,0.492574177246994,0.0306486380413901,0.89,0.0579499872053994,0.0119628171869239,"gamma_bin"
"gamma_bin_4.50_3.40","vary_mean",4.5,-0.4,FALSE,39,0.729684564655972,0.830492335573963,0.0369824125624083,0.25,0.07903126944256,0.100807770917991,"gamma_bin"
"gamma_bin_4.50_3.40","vary_mean",4.5,-0.4,FALSE,40,0.815108206288389,0.96546589914177,0.0464891413991799,0.05,0.0877596238242627,0.150357692853381,"gamma_bin"
"gamma_bin_4.50_3.40","vary_mean",4.5,-0.4,FALSE,41,0.615430120554185,0.717118507059049,0.0407237244253645,0.23,0.076680480476941,0.101688386504864,"gamma_bin"
"gamma_bin_4.50_3.40","vary_mean",4.5,-0.4,FALSE,42,0.7716723572992,0.890821675244184,0.0466352852256044,0.21,0.0877497948831838,0.119149317944984,"gamma_bin"
"gamma_bin_4.50_3.40","vary_mean",4.5,-0.4,FALSE,43,0.638626730193333,0.734590752881918,0.0366715995079342,0.29,0.0810649234464309,0.0959640226885852,"gamma_bin"
"gamma_bin_4.50_3.40","vary_mean",4.5,-0.4,FALSE,44,0.502593853100566,0.574218820375767,0.0414141005423618,0.45,0.0735371968987728,0.0716249672752007,"gamma_bin"
"gamma_bin_4.50_3.40","vary_mean",4.5,-0.4,FALSE,45,0.419338241890262,0.506012332992478,0.0394446457576894,0.34,0.0719018773245162,0.0866740911022161,"gamma_bin"
"gamma_bin_4.50_3.40","vary_mean",4.5,-0.4,FALSE,46,0.532509871825,0.67504632183472,0.0408868329792809,0.07,0.0874570807512768,0.14253645000972,"gamma_bin"
"gamma_bin_4.50_3.40","vary_mean",4.5,-0.4,FALSE,47,0.748139787723446,0.957313585762833,0.0615793579359494,0.03,0.108737284404207,0.209173798039387,"gamma_bin"
"gamma_bin_4.50_3.40","vary_mean",4.5,-0.4,FALSE,48,0.69956822206096,0.859639380163358,0.0495284506247932,0.1,0.10505070827483,0.160071158102397,"gamma_bin"
"gamma_bin_4.50_3.40","vary_mean",4.5,-0.4,FALSE,49,0.840598040729289,0.991194052727429,0.0550837678559865,0.23,0.114890467050593,0.15059601199814,"gamma_bin"
"gamma_bin_4.50_3.40","vary_mean",4.5,-0.4,FALSE,50,0.60554325949379,0.684619356042583,0.0522051512046745,0.62,0.096185569707795,0.0790760965487934,"gamma_bin"
"gamma_bin_4.50_3.40","vary_mean",4.5,-0.4,FALSE,51,0.551125264389769,0.615398637335978,0.0494258614132567,0.7,0.0936399495586319,0.0642733729462094,"gamma_bin"
"gamma_bin_4.50_3.40","vary_mean",4.5,-0.4,FALSE,52,0.382393923102511,0.443483146972244,0.0382010399019252,0.73,0.0825352743059621,0.0610892238697327,"gamma_bin"
"gamma_bin_4.50_3.40","vary_mean",4.5,-0.4,FALSE,53,0.67600822687436,0.838508168010789,0.0662704149245145,0.23,0.119925722525679,0.162499941136429,"gamma_bin"
"gamma_bin_4.50_3.40","vary_mean",4.5,-0.4,FALSE,54,0.673855515926702,0.82596475772907,0.0618660208098578,0.23,0.122904969266298,0.152109241802368,"gamma_bin"
"gamma_bin_4.50_3.40","vary_mean",4.5,-0.4,FALSE,55,0.928599757202953,1.13499731403353,0.0728968269875439,0.17,0.147766170093862,0.206397556830581,"gamma_bin"
"gamma_bin_4.50_3.40","vary_mean",4.5,-0.4,FALSE,56,0.750387184163906,0.850485402808253,0.0669878798163875,0.67,0.127887073042795,0.100098218644347,"gamma_bin"
"gamma_bin_4.50_3.40","vary_mean",4.5,-0.4,FALSE,57,0.713506443750686,0.787175692660162,0.0729055366618688,0.75,0.124520356540419,0.0736692489094758,"gamma_bin"
"gamma_bin_4.50_3.40","vary_mean",4.5,-0.4,FALSE,58,0.492090945289708,0.5377692491345,0.0519539701803449,0.89,0.104988909053001,0.045678303844792,"gamma_bin"
"gamma_bin_4.50_3.40","vary_mean",4.5,-0.4,FALSE,59,0.488086622314194,0.560198063058775,0.0673866922120459,0.71,0.111614339981975,0.0721114407445806,"gamma_bin"
"gamma_bin_4.50_3.40","vary_mean",4.5,-0.4,FALSE,60,0.671814423224244,0.810449169222334,0.0707765973081303,0.51,0.140833505824087,0.13863474599809,"gamma_bin"
"gamma_bin_4.50_3.40","vary_mean",4.5,-0.4,FALSE,61,0.791713212108865,0.961785301274773,0.0900051003077063,0.43,0.158304856826482,0.170072089165908,"gamma_bin"
"gamma_bin_4.50_3.40","vary_mean",4.5,-0.4,FALSE,62,0.652883007093316,0.786066294897452,0.0751001740182348,0.52,0.145282827890717,0.133183287804136,"gamma_bin"
"gamma_bin_4.50_3.40","vary_mean",4.5,-0.4,FALSE,63,0.61385111269512,0.712275937680432,0.0777205842714736,0.68,0.14131077941903,0.0984248249853115,"gamma_bin"
"gamma_bin_4.50_3.40","vary_mean",4.5,-0.4,FALSE,64,0.74711285306125,0.864501117801629,0.0829874525987625,0.7,0.160339540145844,0.117388264740379,"gamma_bin"
"gamma_bin_4.50_3.40","vary_mean",4.5,-0.4,FALSE,65,0.706623402762968,0.811303677390704,0.0785299289939127,0.77,0.15847397811184,0.104680274627736,"gamma_bin"
"gamma_bin_4.50_3.40","vary_mean",4.5,-0.4,FALSE,66,0.511807017708403,0.577785646306328,0.0740343642562114,0.83,0.136681285028395,0.0659786285979251,"gamma_bin"
"gamma_bin_4.50_3.40","vary_mean",4.5,-0.4,FALSE,67,0.670522334469821,0.786531470246454,0.0785178943894658,0.73,0.165953937805275,0.116009135776633,"gamma_bin"
"gamma_bin_4.50_3.40","vary_mean",4.5,-0.4,FALSE,68,1.17241462294142,1.38793836380627,0.10617130328225,0.53,0.227112738625977,0.21552374086485,"gamma_bin"
"gamma_bin_4.50_3.40","vary_mean",4.5,-0.4,FALSE,69,1.09873791889337,1.21219488155036,0.0985182655867585,0.84,0.208847040748225,0.113456962656992,"gamma_bin"
"gamma_bin_4.50_3.40","vary_mean",4.5,-0.4,FALSE,70,0.863932410861542,0.853227715112673,0.0927664250207036,0.95,0.172054971837859,-0.0107046957488687,"gamma_bin"
"gamma_bin_4.50_3.40","vary_mean",4.5,-0.4,FALSE,71,0.715028130529259,0.705715347128154,0.0748822245180436,0.96,0.15736316365185,-0.00931278340110531,"gamma_bin"
"gamma_bin_4.50_3.40","vary_mean",4.5,-0.4,FALSE,72,0.577764438354966,0.603118522728586,0.0899771159291532,0.89,0.148758872385793,0.0253540843736204,"gamma_bin"
"gamma_bin_4.50_3.40","vary_mean",4.5,-0.4,FALSE,73,0.968013714061152,1.05423917357878,0.106907330479086,0.85,0.204171567961038,0.0862254595176282,"gamma_bin"
"gamma_bin_4.50_3.40","vary_mean",4.5,-0.4,FALSE,74,0.655296731928532,0.736183435115341,0.0783680391068527,0.87,0.172215277615786,0.0808867031868094,"gamma_bin"
"gamma_bin_4.50_3.40","vary_mean",4.5,-0.4,FALSE,75,0.599731609487604,0.678161075166808,0.0887843872721687,0.84,0.169194364074342,0.0784294656792045,"gamma_bin"
"gamma_bin_4.50_3.40","vary_mean",4.5,-0.4,FALSE,76,0.795766545904808,0.948241097783447,0.115135284480799,0.67,0.20660033585058,0.152474551878639,"gamma_bin"
"gamma_bin_4.50_3.40","vary_mean",4.5,-0.4,FALSE,77,0.873622167427323,1.02513491537853,0.1110478018363,0.7,0.218178631221901,0.151512747951204,"gamma_bin"
"gamma_bin_4.50_3.40","vary_mean",4.5,-0.4,FALSE,78,0.655482440826882,0.728039395886305,0.1114931808557,0.83,0.184502801426825,0.0725569550594234,"gamma_bin"
"gamma_bin_4.50_3.40","vary_mean",4.5,-0.4,FALSE,79,0.810569670710955,0.901278995277521,0.0941832432831598,0.87,0.210424685359242,0.0907093245665662,"gamma_bin"
"gamma_bin_4.50_3.40","vary_mean",4.5,-0.4,FALSE,80,0.610411594391532,0.689680887289262,0.103723111099924,0.86,0.186431293615329,0.0792692928977298,"gamma_bin"
"gamma_bin_4.50_3.40","vary_mean",4.5,-0.4,FALSE,81,0.859802485503572,0.960815317935643,0.115547098333981,0.89,0.226784725961307,0.101012832432071,"gamma_bin"
"gamma_bin_4.50_3.40","vary_mean",4.5,-0.4,FALSE,82,0.717893912271731,0.807435270794828,0.111181390729331,0.84,0.210633802683772,0.0895413585230965,"gamma_bin"
"gamma_bin_4.50_3.40","vary_mean",4.5,-0.4,FALSE,83,0.992160969972712,1.12282171256688,0.115230429475634,0.84,0.25357140461338,0.130660742594172,"gamma_bin"
"gamma_bin_4.50_3.40","vary_mean",4.5,-0.4,FALSE,84,1.12536119877567,1.2265120574404,0.128228295946443,0.87,0.264468619886092,0.101150858664728,"gamma_bin"
"gamma_bin_4.50_3.40","vary_mean",4.5,-0.4,FALSE,85,0.719045149251176,0.740946092631201,0.107489084187902,0.96,0.202492896602566,0.0219009433800249,"gamma_bin"
"gamma_bin_4.50_3.40","vary_mean",4.5,-0.4,FALSE,86,0.847473435579488,0.865414755821287,0.109475801564586,0.98,0.222077507858438,0.0179413202417986,"gamma_bin"
"gamma_bin_4.50_3.40","vary_mean",4.5,-0.4,FALSE,87,0.854973302049258,0.892822117591903,0.127023091103042,0.93,0.228797946141652,0.037848815542645,"gamma_bin"
"gamma_bin_4.50_3.40","vary_mean",4.5,-0.4,FALSE,88,1.05225780392596,1.14197116087833,0.140576052036171,0.91,0.262364963206142,0.0897133569523731,"gamma_bin"
"gamma_bin_4.50_3.40","vary_mean",4.5,-0.4,FALSE,89,0.736216801220608,0.762893106862859,0.127742546630998,0.92,0.213336151251199,0.0266763056422509,"gamma_bin"
"gamma_bin_4.50_3.40","vary_mean",4.5,-0.4,FALSE,90,0.91040746889,0.957028774652152,0.116009700540262,0.96,0.243015880900537,0.0466213057621515,"gamma_bin"
"gamma_bin_4.50_3.40","vary_mean",4.5,-0.4,FALSE,91,0.87534575895404,0.918856130151577,0.120417844333164,0.91,0.240313376651819,0.0435103711975366,"gamma_bin"
"gamma_bin_4.50_3.40","vary_mean",4.5,-0.4,FALSE,92,1.13304443436225,1.2031734080115,0.140243125595067,0.93,0.277809670135649,0.0701289736492523,"gamma_bin"
"gamma_bin_4.50_3.40","vary_mean",4.5,-0.4,FALSE,93,0.779596408911112,0.807886493975644,0.110190979283111,0.95,0.22523967798285,0.0282900850645318,"gamma_bin"
"gamma_bin_4.50_3.40","vary_mean",4.5,-0.4,FALSE,94,0.738569675828446,0.767445008366248,0.106975914918638,0.97,0.222209262183944,0.0288753325378022,"gamma_bin"
"gamma_bin_4.50_3.40","vary_mean",4.5,-0.4,FALSE,95,0.736364931280663,0.787982923190619,0.112409714349848,0.92,0.229811375649363,0.0516179919099561,"gamma_bin"
"gamma_bin_4.50_3.40","vary_mean",4.5,-0.4,FALSE,96,0.940445717920046,1.03371343717845,0.13439932189611,0.9,0.269495002463181,0.0932677192584044,"gamma_bin"
"gamma_bin_4.50_3.40","vary_mean",4.5,-0.4,FALSE,97,0.926791760743166,1.01205312609128,0.120833626862297,0.97,0.26829487627458,0.0852613653481126,"gamma_bin"
"gamma_bin_4.50_3.40","vary_mean",4.5,-0.4,FALSE,98,0.805248809294182,0.854677315624571,0.128289966827452,0.93,0.246955517040244,0.0494285063303892,"gamma_bin"
"gamma_bin_4.50_3.40","vary_mean",4.5,-0.4,FALSE,99,0.968943928916511,1.01934598993607,0.152214540310871,0.92,0.272960746968627,0.0504020610195569,"gamma_bin"
"gamma_bin_4.50_3.40","vary_mean",4.5,-0.4,FALSE,100,0.483314411540288,0.505863996581953,0.0906211337286243,0.95,0.193040684172065,0.0225495850416646,"gamma_bin"
"gamma_bin_4.50_3.40","vary_mean",4.5,-0.4,FALSE,101,0.660754209210677,0.729194487085808,0.125275341499323,0.91,0.241141996068945,0.0684402778751307,"gamma_bin"
"gamma_bin_4.50_3.40","vary_mean",4.5,-0.4,FALSE,102,0.65572642436151,0.758192750240149,0.134526336979135,0.86,0.253999538686802,0.102466325878639,"gamma_bin"
"gamma_bin_4.50_3.40","vary_mean",4.5,-0.4,FALSE,103,1.19597238563675,1.42667342252697,0.19364777129904,0.73,0.359530926220673,0.230701036890222,"gamma_bin"
"gamma_bin_4.50_3.40","vary_mean",4.5,-0.4,FALSE,104,1.52016047762218,1.71214811165542,0.205919348574715,0.8,0.386776920781864,0.191987634033236,"gamma_bin"
"gamma_bin_4.50_3.40","vary_mean",4.5,-0.4,FALSE,105,1.1030085210386,1.04022410298375,0.157589129344094,0.92,0.286659926318621,-0.0627844180548511,"gamma_bin"
"gamma_bin_4.50_3.40","vary_mean",4.5,-0.4,FALSE,106,0.895239451481731,0.810745864090168,0.126601304109818,0.9,0.248881524553407,-0.084493587391563,"gamma_bin"
"gamma_bin_4.50_3.40","vary_mean",4.5,-0.4,FALSE,107,0.603003827128156,0.579731703061019,0.111952963943868,0.94,0.211974074029825,-0.0232721240671367,"gamma_bin"
"gamma_bin_4.50_3.40","vary_mean",4.5,-0.4,FALSE,108,1.07759954005713,1.09522330727541,0.147641054976011,0.97,0.301588692485172,0.0176237672182848,"gamma_bin"
"gamma_bin_4.50_3.40","vary_mean",4.5,-0.4,FALSE,109,1.67933972630709,1.75887923443519,0.178200919644902,0.96,0.38402479654175,0.0795395081280963,"gamma_bin"
"gamma_bin_4.50_3.40","vary_mean",4.5,-0.4,FALSE,110,0.778502984216349,0.758885774357971,0.121872083110729,0.97,0.240291481471536,-0.0196172098583776,"gamma_bin"
"gamma_bin_4.50_3.40","vary_mean",4.5,-0.4,FALSE,111,0.991989182530735,0.960288201435653,0.137444471843253,0.96,0.271534065619238,-0.0317009810950825,"gamma_bin"
"gamma_bin_4.50_3.40","vary_mean",4.5,-0.4,FALSE,112,1.07686506331656,1.06416680573955,0.156302668168121,0.94,0.28679095339937,-0.0126982575770078,"gamma_bin"
"gamma_bin_4.50_3.40","vary_mean",4.5,-0.4,FALSE,113,0.702387790154813,0.720557283981413,0.115070934123464,0.98,0.235417243110811,0.0181694938266003,"gamma_bin"
"gamma_bin_4.50_3.40","vary_mean",4.5,-0.4,FALSE,114,0.976044237490855,1.03787803512912,0.139195802483398,0.97,0.288177918616526,0.0618337976382685,"gamma_bin"
"gamma_bin_4.50_3.40","vary_mean",4.5,-0.4,FALSE,115,1.2386571693013,1.27276517303376,0.161120625473732,0.94,0.320500099466575,0.0341080037324606,"gamma_bin"
"gamma_bin_4.50_3.40","vary_mean",4.5,-0.4,FALSE,116,1.16178575840714,1.15526612208515,0.174919483689685,0.95,0.300848551240973,-0.0065196363219926,"gamma_bin"
"gamma_bin_4.50_3.40","vary_mean",4.5,-0.4,FALSE,117,1.19460307270673,1.16568445589934,0.160228429521344,0.92,0.297345613725128,-0.0289186168073912,"gamma_bin"
"gamma_bin_4.50_3.40","vary_mean",4.5,-0.4,FALSE,118,1.1631999130357,1.12162831594165,0.137717469336454,0.97,0.287572294497423,-0.0415715970940538,"gamma_bin"
"gamma_bin_4.50_3.40","vary_mean",4.5,-0.4,FALSE,119,1.07031355257977,0.992525364971155,0.153164271139626,0.89,0.266774594921845,-0.0777881876086154,"gamma_bin"
"gamma_bin_4.50_3.40","vary_mean",4.5,-0.4,FALSE,120,0.877747847801672,0.82783997264663,0.138587070816406,0.9,0.243135288078714,-0.0499078751550415,"gamma_bin"
"gamma_bin_4.50_3.40","vary_mean",4.5,-0.4,FALSE,121,1.36754433627127,1.35328386499417,0.165922068859913,0.93,0.314713633262348,-0.0142604712770968,"gamma_bin"
"gamma_bin_4.50_3.40","vary_mean",4.5,-0.4,FALSE,122,0.835785870448611,0.81694172195296,0.13807520222049,0.94,0.239111583272618,-0.0188441484956511,"gamma_bin"
"gamma_bin_4.50_3.40","vary_mean",4.5,-0.4,FALSE,123,1.2672350602796,1.25362101877243,0.146097951722005,0.96,0.298885031419423,-0.0136140415071684,"gamma_bin"
"gamma_bin_4.50_3.40","vary_mean",4.5,-0.4,FALSE,124,0.96912547878376,0.96598364432308,0.13465018142678,0.95,0.258550133170755,-0.00314183446067995,"gamma_bin"
"gamma_bin_4.50_3.40","vary_mean",4.5,-0.4,FALSE,125,0.847337032261578,0.850756221482835,0.129150125618249,0.95,0.242199610761021,0.0034191892212575,"gamma_bin"
"gamma_bin_4.50_3.40","vary_mean",4.5,-0.4,FALSE,126,0.715562409302676,0.723959758660329,0.107480651900535,0.96,0.226093785510799,0.00839734935765302,"gamma_bin"
"gamma_bin_4.50_3.40","vary_mean",4.5,-0.4,FALSE,127,0.947820201198353,0.999053056462007,0.145091209748968,0.9,0.2717767046172,0.0512328552636545,"gamma_bin"
"gamma_bin_4.50_3.40","vary_mean",4.5,-0.4,FALSE,128,0.685080159737144,0.73875123500427,0.131073963710078,0.88,0.235409045703571,0.0536710752671256,"gamma_bin"
"gamma_bin_4.50_3.40","vary_mean",4.5,-0.4,FALSE,129,0.940715932502657,1.044948817084,0.160527196062178,0.87,0.286654894518238,0.104232884581342,"gamma_bin"
"gamma_bin_4.50_3.40","vary_mean",4.5,-0.4,FALSE,130,0.882737793731905,0.971500611115098,0.14543114686768,0.89,0.278091178925641,0.0887628173831935,"gamma_bin"
"gamma_bin_4.50_3.40","vary_mean",4.5,-0.4,FALSE,131,0.908595801485553,0.9391518168441,0.136800014516081,0.93,0.274953252580192,0.0305560153585472,"gamma_bin"
"gamma_bin_4.50_3.40","vary_mean",4.5,-0.4,FALSE,132,0.91957504082564,0.991418694064139,0.153773892815938,0.93,0.284586867385572,0.0718436532384986,"gamma_bin"
"gamma_bin_4.50_3.40","vary_mean",4.5,-0.4,FALSE,133,0.772867637399724,0.805233315618753,0.147030320639391,0.91,0.257230153279996,0.0323656782190287,"gamma_bin"
"gamma_bin_4.50_3.40","vary_mean",4.5,-0.4,FALSE,134,0.85010038418266,0.920432716984989,0.145765667608721,0.91,0.280000878151606,0.0703323328023293,"gamma_bin"
"gamma_bin_4.50_3.40","vary_mean",4.5,-0.4,FALSE,135,0.784742304497557,0.86255802507758,0.131716865811443,0.92,0.274437920074376,0.0778157205800231,"gamma_bin"
"gamma_bin_4.50_3.40","vary_mean",4.5,-0.4,FALSE,136,0.974662005700731,1.06313689221636,0.164217610898209,0.91,0.308846290175184,0.0884748865156305,"gamma_bin"
"gamma_bin_4.50_3.40","vary_mean",4.5,-0.4,FALSE,137,0.984149213306856,1.03842406010306,0.132852518190735,0.96,0.30595106201506,0.0542748467962088,"gamma_bin"
"gamma_bin_4.50_3.40","vary_mean",4.5,-0.4,FALSE,138,1.19074372582141,1.22018981432869,0.212158953379999,0.88,0.331052718811251,0.0294460885072794,"gamma_bin"
"gamma_bin_4.50_3.40","vary_mean",4.5,-0.4,FALSE,139,1.38369717355419,1.41461787690185,0.185874299327484,0.97,0.351726156140886,0.0309207033476571,"gamma_bin"
"gamma_bin_4.50_3.40","vary_mean",4.5,-0.4,FALSE,140,0.815809623984031,0.763274671594877,0.130263279516136,0.94,0.250297026419457,-0.0525349523891542,"gamma_bin"
"gamma_bin_4.50_3.40","vary_mean",4.5,-0.4,FALSE,141,0.948704132009637,0.90911573924689,0.156950077518754,0.91,0.274965756836188,-0.0395883927627472,"gamma_bin"
"gamma_bin_4.50_3.40","vary_mean",4.5,-0.4,FALSE,142,0.887909591017245,0.882147512420638,0.139678208423245,0.98,0.273857436546603,-0.00576207859660682,"gamma_bin"
"gamma_bin_4.50_3.40","vary_mean",4.5,-0.4,FALSE,143,1.33194554446529,1.35694419448368,0.191953385897435,0.92,0.343629051038616,0.0249986500183899,"gamma_bin"
"gamma_bin_4.50_3.40","vary_mean",4.5,-0.4,FALSE,144,1.33130879278334,1.3143811205134,0.135957158204653,0.99,0.33191782621332,-0.0169276722699381,"gamma_bin"
"gamma_bin_4.50_3.40","vary_mean",4.5,-0.4,FALSE,145,1.36040798308223,1.27004977120792,0.159921524186744,0.93,0.317469070932868,-0.09035821187431,"gamma_bin"
"gamma_bin_4.50_3.40","vary_mean",4.5,-0.4,FALSE,146,1.03071021292377,0.917012046532405,0.152746502668989,0.86,0.262545180197293,-0.113698166391365,"gamma_bin"
"gamma_bin_4.50_3.40","vary_mean",4.5,-0.4,FALSE,147,1.01542172209859,0.914289810316812,0.131333591091475,0.86,0.262071068619183,-0.101131911781778,"gamma_bin"
"gamma_bin_4.50_3.40","vary_mean",4.5,-0.4,FALSE,148,0.918033733511508,0.887575430506682,0.160005302109231,0.88,0.25976356245647,-0.0304583030048261,"gamma_bin"
"gamma_bin_4.50_3.40","vary_mean",4.5,-0.4,FALSE,149,0.795399668183425,0.82124510206812,0.129602773724954,0.95,0.252473047047792,0.0258454338846953,"gamma_bin"
"gamma_bin_4.50_3.40","vary_mean",4.5,-0.4,FALSE,150,0.94707340630239,1.02624483104975,0.145281207220908,0.95,0.287524213962951,0.079171424747358,"gamma_bin"
"gamma_bin_4.50_3.40","vary_mean",4.5,-0.4,FALSE,151,0.838901742382429,0.873178403476265,0.120552167451981,0.96,0.265984138171855,0.0342766610938363,"gamma_bin"
"gamma_bin_4.50_3.40","vary_mean",4.5,-0.4,FALSE,152,1.10279545241581,1.18792426520327,0.16628144164851,0.93,0.314184355057041,0.0851288127874641,"gamma_bin"
"gamma_bin_4.50_3.40","vary_mean",4.5,-0.4,FALSE,153,1.09815075967234,1.16908158362446,0.178053786103229,0.89,0.308327603397666,0.0709308239521222,"gamma_bin"
"gamma_bin_4.50_3.40","vary_mean",4.5,-0.4,FALSE,154,0.933692374106949,0.934931654291948,0.141799588937345,0.94,0.272549167698046,0.00123928018499853,"gamma_bin"
"gamma_bin_4.50_3.40","vary_mean",4.5,-0.4,FALSE,155,0.677255280263044,0.678063388214979,0.1148801285529,0.96,0.232667781728865,0.000808107951934534,"gamma_bin"
"gamma_bin_4.50_3.40","vary_mean",4.5,-0.4,FALSE,156,0.794315589671576,0.847406481700573,0.136159878826175,0.92,0.266104806965542,0.0530908920289973,"gamma_bin"
"gamma_bin_4.50_3.40","vary_mean",4.5,-0.4,FALSE,157,0.863128942217305,0.947654800699326,0.123569682866985,0.94,0.287626740378261,0.0845258584820214,"gamma_bin"
"gamma_bin_4.50_3.40","vary_mean",4.5,-0.4,FALSE,158,1.21212682918176,1.33783699752532,0.190190512553072,0.91,0.345456565937361,0.125710168343562,"gamma_bin"
"gamma_bin_4.50_3.40","vary_mean",4.5,-0.4,FALSE,159,1.02410139695973,1.02833451236881,0.159002306683267,0.93,0.296725134419426,0.00423311540908089,"gamma_bin"
"gamma_bin_4.50_3.40","vary_mean",4.5,-0.4,FALSE,160,0.905623732385136,0.883936673682739,0.147152199627368,0.9,0.273526653174746,-0.0216870587023973,"gamma_bin"
"gamma_bin_4.50_3.40","vary_mean",4.5,-0.4,FALSE,161,0.9116217888269,0.900843872642828,0.143155293705414,0.93,0.27790238254931,-0.0107779161840722,"gamma_bin"
"gamma_bin_4.50_3.40","vary_mean",4.5,-0.4,FALSE,162,0.854312926973229,0.882631287757503,0.149932029166435,0.95,0.278565849334791,0.0283183607842736,"gamma_bin"
"gamma_bin_4.50_3.40","vary_mean",4.5,-0.4,FALSE,163,0.939537145583715,1.00515533944743,0.142110539911055,0.96,0.301461945693132,0.0656181938637123,"gamma_bin"
"gamma_bin_4.50_3.40","vary_mean",4.5,-0.4,FALSE,164,0.80426541937565,0.824656408756293,0.147424607035894,0.92,0.273964279067409,0.0203909893806432,"gamma_bin"
"gamma_bin_4.50_3.40","vary_mean",4.5,-0.4,FALSE,165,1.00142458710162,1.07845842208406,0.150004728498197,0.93,0.317825454578499,0.0770338349824446,"gamma_bin"
"gamma_bin_4.50_3.40","vary_mean",4.5,-0.4,FALSE,166,1.22258752675771,1.28116503425371,0.191434026848117,0.93,0.345880317878127,0.0585775074959978,"gamma_bin"
"gamma_bin_4.50_3.40","vary_mean",4.5,-0.4,FALSE,167,0.797785738886173,0.822304402290233,0.130137542513884,0.96,0.273182482440887,0.0245186634040601,"gamma_bin"
"gamma_bin_4.50_3.40","vary_mean",4.5,-0.4,FALSE,168,1.14984066668627,1.16704629230276,0.175647562222055,0.95,0.327843000673414,0.0172056256164894,"gamma_bin"
"gamma_bin_4.50_3.40","vary_mean",4.5,-0.4,FALSE,169,0.760346365617299,0.730707455346428,0.127481704595681,0.97,0.257212273543138,-0.0296389102708713,"gamma_bin"
"gamma_bin_4.50_3.40","vary_mean",4.5,-0.4,FALSE,170,1.3742280074719,1.40248591413159,0.207647109266872,0.94,0.362714818338191,0.0282579066596946,"gamma_bin"
"gamma_bin_4.50_3.40","vary_mean",4.5,-0.4,FALSE,171,0.879913573057892,0.873975823231447,0.130515514226075,0.97,0.280407227272324,-0.00593774982644524,"gamma_bin"
"gamma_bin_4.50_3.40","vary_mean",4.5,-0.4,FALSE,172,1.40469565689074,1.39089944355146,0.189679079016581,0.96,0.355256021200327,-0.0137962133392757,"gamma_bin"
"gamma_bin_4.50_3.40","vary_mean",4.5,-0.4,FALSE,173,0.919193449899109,0.886743976582601,0.151523941509698,0.94,0.276458169788402,-0.0324494733165079,"gamma_bin"
"gamma_bin_4.50_3.40","vary_mean",4.5,-0.4,FALSE,174,0.923151861958846,0.878255954255793,0.138461414533161,0.92,0.275175369623887,-0.0448959077030531,"gamma_bin"
"gamma_bin_4.50_3.40","vary_mean",4.5,-0.4,FALSE,175,1.03836327926758,1.00744952705421,0.139776990695501,0.96,0.297963300002621,-0.0309137522133731,"gamma_bin"
"gamma_bin_4.50_3.40","vary_mean",4.5,-0.4,FALSE,176,0.9985406934674,1.00981191385477,0.133914965541954,0.99,0.29925862436078,0.0112712203873674,"gamma_bin"
"gamma_bin_4.50_3.40","vary_mean",4.5,-0.4,FALSE,177,1.06724188250379,1.10016863959962,0.181261778497358,0.89,0.312291549215455,0.032926757095828,"gamma_bin"
"gamma_bin_4.50_3.40","vary_mean",4.5,-0.4,FALSE,178,0.796484699666055,0.792740480817194,0.153162865254504,0.91,0.263653227661991,-0.00374421884886111,"gamma_bin"
"gamma_bin_4.50_3.40","vary_mean",4.5,-0.4,FALSE,179,1.1985320355335,1.22154922325418,0.18253480267555,0.93,0.332526007511378,0.023017187720684,"gamma_bin"
"gamma_bin_4.50_3.40","vary_mean",4.5,-0.4,FALSE,180,1.18742100745866,1.25407369099619,0.160056051500379,0.96,0.33388997910175,0.0666526835375274,"gamma_bin"
"gamma_bin_4.50_3.40","vary_mean",4.5,-0.4,FALSE,181,1.49419527020498,1.44597877019076,0.18729390576128,0.92,0.351486795136683,-0.0482165000142234,"gamma_bin"
"gamma_bin_4.50_3.40","vary_mean",4.5,-0.4,FALSE,182,1.51569869674153,1.3478559993965,0.173230096045648,0.85,0.327580380322455,-0.167842697345033,"gamma_bin"
"gamma_bin_4.50_3.40","vary_mean",4.5,-0.4,FALSE,183,0.993075321330978,0.860030511812355,0.135610983934534,0.84,0.252146500951104,-0.133044809518623,"gamma_bin"
"gamma_bin_4.50_3.40","vary_mean",4.5,-0.4,FALSE,184,0.900892693512611,0.805062153776483,0.137074284993358,0.82,0.244523659610648,-0.0958305397361281,"gamma_bin"
"gamma_bin_4.50_3.40","vary_mean",4.5,-0.4,FALSE,185,0.823216687408857,0.812259001215553,0.128627572277637,0.93,0.249191309386691,-0.0109576861933038,"gamma_bin"
"gamma_bin_4.50_3.40","vary_mean",4.5,-0.4,FALSE,186,1.22622981286846,1.26408280841242,0.163249887799422,0.94,0.316454927479561,0.0378529955439555,"gamma_bin"
"gamma_bin_4.50_3.40","vary_mean",4.5,-0.4,FALSE,187,0.917491231652979,0.945605970411763,0.130146033467923,0.94,0.270944459857025,0.0281147387587842,"gamma_bin"
"gamma_bin_4.50_3.40","vary_mean",4.5,-0.4,FALSE,188,1.14601430452239,1.15941848756589,0.177935299609518,0.91,0.300180554786135,0.0134041830434966,"gamma_bin"
"gamma_bin_4.50_3.40","vary_mean",4.5,-0.4,FALSE,189,1.15018203934659,1.14123638825717,0.141683316557014,0.96,0.294512134474791,-0.00894565108941903,"gamma_bin"
"gamma_bin_4.50_3.40","vary_mean",4.5,-0.4,FALSE,190,1.13788009197463,1.0840930774839,0.130810847517548,0.93,0.28423806900839,-0.0537870144907304,"gamma_bin"
"gamma_bin_4.50_3.40","vary_mean",4.5,-0.4,FALSE,191,1.77821476084602,1.71250838917328,0.188949103334916,0.93,0.353970292112176,-0.0657063716727373,"gamma_bin"
"gamma_bin_4.50_3.40","vary_mean",4.5,-0.4,FALSE,192,1.12622467540917,0.99680901114661,0.139804550343854,0.85,0.256329114206775,-0.12941566426256,"gamma_bin"
"gamma_bin_4.50_3.40","vary_mean",4.5,-0.4,FALSE,193,1.63143870001326,1.42673837140521,0.161885909005964,0.8,0.302638290371561,-0.204700328608053,"gamma_bin"
"gamma_bin_4.50_3.40","vary_mean",4.5,-0.4,FALSE,194,1.96133686485764,1.6873955176598,0.166826405260146,0.65,0.318065576140902,-0.273941347197841,"gamma_bin"
"gamma_bin_4.50_3.40","vary_mean",4.5,-0.4,FALSE,195,1.62645944263275,1.30075707879193,0.123678769620777,0.42,0.264676770300562,-0.325702363840824,"gamma_bin"
"gamma_bin_4.50_3.40","vary_mean",4.5,-0.4,FALSE,196,1.22116224956869,0.989183786681773,0.113098424178143,0.48,0.223095627970038,-0.231978462886917,"gamma_bin"
"gamma_bin_4.50_3.40","vary_mean",4.5,-0.4,FALSE,197,1.08513472727433,0.925083206994405,0.106342089788445,0.77,0.213202563681773,-0.160051520279925,"gamma_bin"
"gamma_bin_4.50_3.40","vary_mean",4.5,-0.4,FALSE,198,1.22272793926392,1.10612446791589,0.11763286834873,0.87,0.233070092624293,-0.116603471348035,"gamma_bin"
"gamma_bin_4.50_3.40","vary_mean",4.5,-0.4,FALSE,199,1.29605177368887,1.20702443886509,0.121458374075404,0.88,0.241831379993208,-0.089027334823778,"gamma_bin"
"gamma_bin_4.50_3.40","vary_mean",4.5,-0.4,FALSE,200,1.66923410820015,1.58706873525293,0.149003730648243,0.89,0.272708602461086,-0.0821653729472158,"gamma_bin"
"gamma_bin_4.50_3.40","vary_mean",4.5,-0.4,FALSE,201,1.1694237090907,1.03347149549574,0.110823071001132,0.73,0.210414711661032,-0.135952213594958,"gamma_bin"
"gamma_bin_4.50_3.40","vary_mean",4.5,-0.4,FALSE,202,1.07879296650834,0.961036293675653,0.111906183125424,0.77,0.200047233098391,-0.117756672832687,"gamma_bin"
"gamma_bin_4.50_3.40","vary_mean",4.5,-0.4,FALSE,203,0.894627487421358,0.806958878580861,0.0919161807491139,0.85,0.182754953955148,-0.0876686088404967,"gamma_bin"
"gamma_bin_4.50_3.40","vary_mean",4.5,-0.4,FALSE,204,0.81895014827116,0.809346721564136,0.0925211934919871,0.99,0.185605701554366,-0.00960342670702374,"gamma_bin"
"gamma_bin_4.50_3.40","vary_mean",4.5,-0.4,FALSE,205,0.966704879629287,1.02188048665546,0.113237292652026,0.95,0.212284765199634,0.0551756070261733,"gamma_bin"
"gamma_bin_4.50_3.40","vary_mean",4.5,-0.4,FALSE,206,0.735615178317886,0.771400330253107,0.0925629237703791,0.93,0.185142816748602,0.0357851519352211,"gamma_bin"
"gamma_bin_4.50_3.40","vary_mean",4.5,-0.4,FALSE,207,0.854920650119855,0.925761424516811,0.117985211809103,0.87,0.20666345131706,0.0708407743969562,"gamma_bin"
"gamma_bin_4.50_3.40","vary_mean",4.5,-0.4,FALSE,208,1.1836252253062,1.29103155518701,0.136582526454579,0.87,0.247179713856486,0.107406329880811,"gamma_bin"
"gamma_bin_4.50_3.40","vary_mean",4.5,-0.4,FALSE,209,1.4603135494891,1.49795889901514,0.126395737422451,0.96,0.26204844840241,0.0376453495260367,"gamma_bin"
"gamma_bin_4.50_3.40","vary_mean",4.5,-0.4,FALSE,210,0.828359371463702,0.801997924970369,0.0994355703874458,0.94,0.184955440850872,-0.0263614464933332,"gamma_bin"
"gamma_bin_4.50_3.40","vary_mean",4.5,-0.4,FALSE,211,0.945528169177749,0.899878364368796,0.0951104212232076,0.94,0.196508814415215,-0.0456498048089533,"gamma_bin"
"gamma_bin_4.50_3.40","vary_mean",4.5,-0.4,FALSE,212,0.79051319956122,0.77609178546195,0.0866188391727596,0.96,0.183718407656824,-0.0144214140992703,"gamma_bin"
"gamma_bin_4.50_3.40","vary_mean",4.5,-0.4,FALSE,213,1.43201623771777,1.48563574334413,0.141861907357032,0.92,0.259038877635716,0.0536195056263622,"gamma_bin"
"gamma_bin_4.50_3.40","vary_mean",4.5,-0.4,FALSE,214,1.11428897280893,1.10669787954635,0.12006325846623,0.95,0.217400917889773,-0.00759109326257645,"gamma_bin"
"gamma_bin_4.50_3.40","vary_mean",4.5,-0.4,FALSE,215,1.11572179995221,1.05481117554727,0.124330748025858,0.87,0.209429997807556,-0.0609106244049376,"gamma_bin"
"gamma_bin_4.50_3.40","vary_mean",4.5,-0.4,FALSE,216,1.45327758905901,1.37846078246083,0.13015234840461,0.9,0.237284960713316,-0.0748168065981796,"gamma_bin"
"gamma_bin_4.50_3.40","vary_mean",4.5,-0.4,FALSE,217,1.1420673106557,1.0394305181221,0.0912532917070216,0.86,0.200319591924701,-0.102636792533597,"gamma_bin"
"gamma_bin_4.50_3.40","vary_mean",4.5,-0.4,FALSE,218,0.657966158830962,0.605839341240817,0.0697746593656273,0.94,0.151416876241278,-0.052126817590145,"gamma_bin"
"gamma_bin_4.50_3.40","vary_mean",4.5,-0.4,FALSE,219,1.3705780170681,1.37938085863215,0.115311447272655,0.97,0.234179914715101,0.00880284156405442,"gamma_bin"
"gamma_bin_4.50_3.40","vary_mean",4.5,-0.4,FALSE,220,1.12178323201924,1.10709619829318,0.103438121378633,0.97,0.205843833314547,-0.014687033726059,"gamma_bin"
"gamma_bin_4.50_3.40","vary_mean",4.5,-0.4,FALSE,221,1.82150678776182,1.736747478692,0.124738823736127,0.92,0.254949282817742,-0.084759309069816,"gamma_bin"
"gamma_bin_4.50_3.40","vary_mean",4.5,-0.4,FALSE,222,1.47822233790926,1.28916525799968,0.10983164093329,0.56,0.208003744742915,-0.189057079909579,"gamma_bin"
"gamma_bin_4.50_3.40","vary_mean",4.5,-0.4,FALSE,223,1.2291381002976,1.0222383631251,0.0916447050014924,0.42,0.179108511010762,-0.206899737172502,"gamma_bin"
"gamma_bin_4.50_3.40","vary_mean",4.5,-0.4,FALSE,224,1.39168397860736,1.19528374677184,0.106304211576026,0.54,0.191142974559273,-0.196400231835519,"gamma_bin"
"gamma_bin_4.50_3.40","vary_mean",4.5,-0.4,FALSE,225,1.02693213453622,0.920860352079024,0.0783489822331614,0.81,0.164828097852537,-0.106071782457196,"gamma_bin"
"gamma_bin_4.50_3.40","vary_mean",4.5,-0.4,FALSE,226,0.944477107231107,0.872259578705939,0.0777091369794469,0.86,0.160517932490198,-0.0722175285251679,"gamma_bin"
"gamma_bin_4.50_3.40","vary_mean",4.5,-0.4,FALSE,227,0.88294479567521,0.859096440792669,0.0902759669005817,0.91,0.160496690220705,-0.0238483548825413,"gamma_bin"
"gamma_bin_4.50_3.40","vary_mean",4.5,-0.4,FALSE,228,1.2545287150813,1.29296504727367,0.106423849340301,0.94,0.199600709055906,0.0384363321923655,"gamma_bin"
"gamma_bin_4.50_3.40","vary_mean",4.5,-0.4,FALSE,229,1.46483936058861,1.45632749965319,0.119346218839231,0.92,0.20845478152695,-0.00851186093541978,"gamma_bin"
"gamma_bin_4.50_3.40","vary_mean",4.5,-0.4,FALSE,230,1.5106771494413,1.39542555854768,0.0930185563673411,0.76,0.197126748923443,-0.115251590893623,"gamma_bin"
"gamma_bin_4.50_3.40","vary_mean",4.5,-0.4,FALSE,231,1.76125096519109,1.53745963224473,0.0953795143631603,0.37,0.199349622109287,-0.223791332946359,"gamma_bin"
"gamma_bin_4.50_3.40","vary_mean",4.5,-0.4,FALSE,232,1.40611418271408,1.16630379815524,0.0792472264259905,0.23,0.165510656320918,-0.239810384558837,"gamma_bin"
"gamma_bin_4.50_3.40","vary_mean",4.5,-0.4,FALSE,233,1.50840807515769,1.25256644850794,0.0835603230879559,0.19,0.167168661262201,-0.255841626649752,"gamma_bin"
"gamma_bin_4.50_3.40","vary_mean",4.5,-0.4,FALSE,234,2.14812836507422,1.80211955720472,0.100248414060326,0.08,0.195487867005902,-0.346008807869505,"gamma_bin"
"gamma_bin_4.50_3.40","vary_mean",4.5,-0.4,FALSE,235,1.77318978695313,1.40734148916734,0.0957225742840261,0.03,0.162432686428342,-0.365848297785794,"gamma_bin"
"gamma_bin_4.50_3.40","vary_mean",4.5,-0.4,FALSE,236,1.73485405696823,1.34593251757683,0.0862574575539647,0.02,0.151881475894019,-0.388921539391399,"gamma_bin"
"gamma_bin_4.50_3.40","vary_mean",4.5,-0.4,FALSE,237,1.62270455030168,1.27665705944141,0.0736285881895704,0.03,0.142520959964044,-0.346047490860267,"gamma_bin"
"gamma_bin_4.50_3.40","vary_mean",4.5,-0.4,FALSE,238,1.18127386711031,0.939588060226942,0.0649801884543911,0.06,0.118510816057482,-0.241685806883368,"gamma_bin"
"gamma_bin_4.50_3.40","vary_mean",4.5,-0.4,FALSE,239,1.18467641337506,1.02919865498233,0.0680643984508823,0.4,0.123181729142412,-0.155477758392727,"gamma_bin"
"gamma_bin_4.50_3.40","vary_mean",4.5,-0.4,FALSE,240,1.41686704734357,1.2941770270583,0.0867529018494992,0.58,0.137621755423718,-0.122690020285273,"gamma_bin"
"gamma_bin_4.50_3.40","vary_mean",4.5,-0.4,FALSE,241,1.25638994428988,1.15045646819699,0.0646626254569978,0.63,0.126861966700113,-0.105933476092887,"gamma_bin"
"gamma_bin_4.50_3.40","vary_mean",4.5,-0.4,FALSE,242,1.12129644908568,1.03739431679762,0.0617387591019127,0.72,0.118461615718463,-0.0839021322880555,"gamma_bin"
"gamma_bin_4.50_3.40","vary_mean",4.5,-0.4,FALSE,243,1.35471671225519,1.25473583704449,0.0624593174510268,0.71,0.129066809416002,-0.0999808752106965,"gamma_bin"
"gamma_bin_4.50_3.40","vary_mean",4.5,-0.4,FALSE,244,1.01075153524685,0.925912894362597,0.0624350196548963,0.61,0.10868470940713,-0.0848386408842527,"gamma_bin"
"gamma_bin_4.50_3.40","vary_mean",4.5,-0.4,FALSE,245,1.09871605480815,1.02873325201122,0.0564824992373163,0.82,0.114518820768902,-0.0699828027969269,"gamma_bin"
"gamma_bin_4.50_3.40","vary_mean",4.5,-0.4,FALSE,246,1.01869442350015,0.978107436633585,0.0595281421646794,0.88,0.111381018664089,-0.0405869868665653,"gamma_bin"
"gamma_bin_4.50_3.40","vary_mean",4.5,-0.4,FALSE,247,0.933319674797869,0.911941777649506,0.0557754541562094,0.93,0.107455675186016,-0.0213778971483634,"gamma_bin"
"gamma_bin_4.50_3.40","vary_mean",4.5,-0.4,FALSE,248,1.07523379129616,1.08727389253113,0.0664149003703016,0.95,0.118239425339847,0.012040101234972,"gamma_bin"
"gamma_bin_4.50_3.40","vary_mean",4.5,-0.4,FALSE,249,1.30371060738913,1.30368813172544,0.0604380427725627,0.96,0.128985854874939,-2.24756636852952e-05,"gamma_bin"
"gamma_bin_4.50_3.40","vary_mean",4.5,-0.4,FALSE,250,1.41728039570922,1.35531515997874,0.0661612198473521,0.82,0.128586489045485,-0.0619652357304841,"gamma_bin"
"gamma_bin_4.50_3.40","vary_mean",4.5,-0.4,FALSE,251,1.14476257942982,1.0427820929163,0.0578925828083013,0.52,0.10946213680262,-0.101980486513521,"gamma_bin"
"gamma_bin_4.50_3.40","vary_mean",4.5,-0.4,FALSE,252,1.28960282315637,1.17211476998485,0.0608822303981691,0.52,0.114494500408042,-0.117488053171523,"gamma_bin"
"gamma_bin_4.50_3.40","vary_mean",4.5,-0.4,FALSE,253,1.41166776000313,1.2792106252806,0.0596742531015451,0.4,0.11776359389405,-0.132457134722534,"gamma_bin"
"gamma_bin_6.00_3.40","vary_mean",6,-0.2,FALSE,8,1.22915300707766,1.04775313654432,0.0481205268522939,0.06,0.0932541156262726,-0.181399870533341,"gamma_bin"
"gamma_bin_6.00_3.40","vary_mean",6,-0.2,FALSE,9,2.39912444733293,2.08866383298214,0.0558127269648055,0,0.126150193674311,-0.310460614350794,"gamma_bin"
"gamma_bin_6.00_3.40","vary_mean",6,-0.2,FALSE,10,1.19488455941613,1.05191389119653,0.036257286593274,0.08,0.0856895690128567,-0.142970668219597,"gamma_bin"
"gamma_bin_6.00_3.40","vary_mean",6,-0.2,FALSE,11,1.32901937043135,1.18403678330999,0.0464095679390363,0.09,0.0874479844261348,-0.144982587121364,"gamma_bin"
"gamma_bin_6.00_3.40","vary_mean",6,-0.2,FALSE,12,1.45964563283974,1.32952659585436,0.04800125380659,0.22,0.0901804255599737,-0.130119036985377,"gamma_bin"
"gamma_bin_6.00_3.40","vary_mean",6,-0.2,FALSE,13,1.71536377425759,1.59625949168027,0.0486646298193946,0.33,0.0966571392199466,-0.119104282577316,"gamma_bin"
"gamma_bin_6.00_3.40","vary_mean",6,-0.2,FALSE,14,1.05186283321434,0.982446555040106,0.0393115828088523,0.55,0.0738430869979629,-0.0694162781742342,"gamma_bin"
"gamma_bin_6.00_3.40","vary_mean",6,-0.2,FALSE,15,1.02513341063733,0.951788567387444,0.0377228317582205,0.53,0.0709753552413511,-0.0733448432498855,"gamma_bin"
"gamma_bin_6.00_3.40","vary_mean",6,-0.2,FALSE,16,1.25256084138212,1.19561569248507,0.0382577465442435,0.69,0.0784787409043324,-0.0569451488970509,"gamma_bin"
"gamma_bin_6.00_3.40","vary_mean",6,-0.2,FALSE,17,1.2152968085526,1.1793284442442,0.0393389473696933,0.82,0.0772367065334416,-0.0359683643083997,"gamma_bin"
"gamma_bin_6.00_3.40","vary_mean",6,-0.2,FALSE,18,0.979262007308338,0.952316715449322,0.0373293815621578,0.89,0.068709139719673,-0.0269452918590165,"gamma_bin"
"gamma_bin_6.00_3.40","vary_mean",6,-0.2,FALSE,19,1.02548164174434,0.994806597788906,0.0352407586340729,0.89,0.0696761732047778,-0.0306750439554343,"gamma_bin"
"gamma_bin_6.00_3.40","vary_mean",6,-0.2,FALSE,20,1.03937017525567,1.02338370181636,0.0348570287474316,0.95,0.0703936506751753,-0.015986473439314,"gamma_bin"
"gamma_bin_6.00_3.40","vary_mean",6,-0.2,FALSE,21,1.31708921089394,1.30330855725,0.040434565645073,0.93,0.0792849919386336,-0.0137806536439371,"gamma_bin"
"gamma_bin_6.00_3.40","vary_mean",6,-0.2,FALSE,22,1.01629528374106,1.00245593170894,0.0334791002837952,0.93,0.06910163513507,-0.0138393520321185,"gamma_bin"
"gamma_bin_6.00_3.40","vary_mean",6,-0.2,FALSE,23,0.750244244564339,0.73315683448254,0.0283834670817062,0.92,0.0585900594993983,-0.0170874100817989,"gamma_bin"
"gamma_bin_6.00_3.40","vary_mean",6,-0.2,FALSE,24,0.686827825813118,0.681009671451423,0.0286173707922081,0.94,0.0563862166380612,-0.00581815436169453,"gamma_bin"
"gamma_bin_6.00_3.40","vary_mean",6,-0.2,FALSE,25,1.09141067495798,1.11150110245059,0.0347980695725132,0.93,0.0727324502692246,0.0200904274926075,"gamma_bin"
"gamma_bin_6.00_3.40","vary_mean",6,-0.2,FALSE,26,0.74108150094242,0.758452582667552,0.0333145165462816,0.87,0.0607462722647978,0.0173710817251317,"gamma_bin"
"gamma_bin_6.00_3.40","vary_mean",6,-0.2,FALSE,27,0.768558244559202,0.79663357461628,0.0328034680924417,0.87,0.062932176038562,0.0280753300570779,"gamma_bin"
"gamma_bin_6.00_3.40","vary_mean",6,-0.2,FALSE,28,0.75279022252533,0.77880948020448,0.0295492399668415,0.87,0.0630624409741674,0.02601925767915,"gamma_bin"
"gamma_bin_6.00_3.40","vary_mean",6,-0.2,FALSE,29,0.700207559621297,0.73164339079614,0.0300268532497945,0.83,0.0621097605543856,0.0314358311748428,"gamma_bin"
"gamma_bin_6.00_3.40","vary_mean",6,-0.2,FALSE,30,0.555254250263291,0.5891579707963,0.0303029855664935,0.79,0.0567931750505343,0.033903720533009,"gamma_bin"
"gamma_bin_6.00_3.40","vary_mean",6,-0.2,FALSE,31,0.584462421312083,0.624044062063648,0.0294471907577882,0.71,0.0598814830516774,0.0395816407515651,"gamma_bin"
"gamma_bin_6.00_3.40","vary_mean",6,-0.2,FALSE,32,0.680311568720764,0.740608024862804,0.030694069450261,0.53,0.0671998651590946,0.0602964561420402,"gamma_bin"
"gamma_bin_6.00_3.40","vary_mean",6,-0.2,FALSE,33,0.958980557438332,1.05543216763461,0.0516766797742528,0.39,0.0827468436864972,0.096451610196281,"gamma_bin"
"gamma_bin_6.00_3.40","vary_mean",6,-0.2,FALSE,34,1.26715241572783,1.37093098912333,0.0451632795453753,0.4,0.0965593185823585,0.103778573395503,"gamma_bin"
"gamma_bin_6.00_3.40","vary_mean",6,-0.2,FALSE,35,1.32835101120383,1.37908226859407,0.0474185253965223,0.82,0.097437317495606,0.0507312573902376,"gamma_bin"
"gamma_bin_6.00_3.40","vary_mean",6,-0.2,FALSE,36,0.820531409863083,0.80807073203288,0.0367097612307938,0.93,0.0737275188110724,-0.0124606778302034,"gamma_bin"
"gamma_bin_6.00_3.40","vary_mean",6,-0.2,FALSE,37,0.605068218099632,0.581136764244023,0.0340538779758423,0.89,0.0617434088334919,-0.0239314538556094,"gamma_bin"
"gamma_bin_6.00_3.40","vary_mean",6,-0.2,FALSE,38,0.48061136006007,0.475176852211525,0.0295227212022464,0.95,0.0559023142018654,-0.00543450784854466,"gamma_bin"
"gamma_bin_6.00_3.40","vary_mean",6,-0.2,FALSE,39,0.729684564655972,0.754495112244386,0.033100836153948,0.92,0.0717979975370346,0.0248105475884138,"gamma_bin"
"gamma_bin_6.00_3.40","vary_mean",6,-0.2,FALSE,40,0.815108206288389,0.875078749449247,0.0409241911898358,0.68,0.0795438607510722,0.0599705431608577,"gamma_bin"
"gamma_bin_6.00_3.40","vary_mean",6,-0.2,FALSE,41,0.615430120554185,0.667807932257022,0.0376083082548465,0.7,0.0714059347767709,0.0523778117028373,"gamma_bin"
"gamma_bin_6.00_3.40","vary_mean",6,-0.2,FALSE,42,0.7716723572992,0.827921083756562,0.0425061501814753,0.72,0.0815529911037852,0.0562487264573621,"gamma_bin"
"gamma_bin_6.00_3.40","vary_mean",6,-0.2,FALSE,43,0.638626730193333,0.691599349578967,0.0343538612807158,0.76,0.0763189314235358,0.0529726193856335,"gamma_bin"
"gamma_bin_6.00_3.40","vary_mean",6,-0.2,FALSE,44,0.502593853100566,0.537533466311104,0.0381114512529033,0.83,0.0688402640228991,0.0349396132105377,"gamma_bin"
"gamma_bin_6.00_3.40","vary_mean",6,-0.2,FALSE,45,0.419338241890262,0.461336611972576,0.0359379854643047,0.72,0.0655526472703612,0.0419983700823136,"gamma_bin"
"gamma_bin_6.00_3.40","vary_mean",6,-0.2,FALSE,46,0.532509871825,0.596046907447103,0.0360774529590763,0.61,0.0772211626836216,0.0635370356221032,"gamma_bin"
"gamma_bin_6.00_3.40","vary_mean",6,-0.2,FALSE,47,0.748139787723446,0.841929284377516,0.0536230278732011,0.46,0.0956301308627453,0.0937894966540701,"gamma_bin"
"gamma_bin_6.00_3.40","vary_mean",6,-0.2,FALSE,48,0.69956822206096,0.784639885725879,0.0448625254054659,0.56,0.0958834643751547,0.085071663664919,"gamma_bin"
"gamma_bin_6.00_3.40","vary_mean",6,-0.2,FALSE,49,0.840598040729289,0.927192181969761,0.0505517035161099,0.62,0.107468965446848,0.0865941412404722,"gamma_bin"
"gamma_bin_6.00_3.40","vary_mean",6,-0.2,FALSE,50,0.60554325949379,0.659375574290592,0.0485131895832799,0.76,0.0926434986525005,0.0538323147968018,"gamma_bin"
"gamma_bin_6.00_3.40","vary_mean",6,-0.2,FALSE,51,0.551125264389769,0.584862377772048,0.0467870249970956,0.89,0.0889904386964426,0.0337371133822792,"gamma_bin"
"gamma_bin_6.00_3.40","vary_mean",6,-0.2,FALSE,52,0.382393923102511,0.410265242457387,0.0349893431764047,0.9,0.0763541429068633,0.0278713193548761,"gamma_bin"
"gamma_bin_6.00_3.40","vary_mean",6,-0.2,FALSE,53,0.67600822687436,0.742668979878142,0.0583446232554278,0.71,0.106218889211046,0.0666607530037818,"gamma_bin"
"gamma_bin_6.00_3.40","vary_mean",6,-0.2,FALSE,54,0.673855515926702,0.740429881913783,0.0550898941219154,0.77,0.110177111765184,0.066574365987081,"gamma_bin"
"gamma_bin_6.00_3.40","vary_mean",6,-0.2,FALSE,55,0.928599757202953,1.03779776365797,0.0640381373419267,0.68,0.135119561587087,0.109198006455014,"gamma_bin"
"gamma_bin_6.00_3.40","vary_mean",6,-0.2,FALSE,56,0.750387184163906,0.81808262367412,0.0627010525442584,0.82,0.123020202469547,0.0676954395102143,"gamma_bin"
"gamma_bin_6.00_3.40","vary_mean",6,-0.2,FALSE,57,0.713506443750686,0.764628909116476,0.0698866647114347,0.86,0.120953552503782,0.0511224653657901,"gamma_bin"
"gamma_bin_6.00_3.40","vary_mean",6,-0.2,FALSE,58,0.492090945289708,0.517852617195928,0.0501526836587316,0.92,0.101091969971872,0.0257616719062198,"gamma_bin"
"gamma_bin_6.00_3.40","vary_mean",6,-0.2,FALSE,59,0.488086622314194,0.518465964644164,0.0620676723454183,0.86,0.103296527008803,0.0303793423299695,"gamma_bin"
"gamma_bin_6.00_3.40","vary_mean",6,-0.2,FALSE,60,0.671814423224244,0.725859679115074,0.0628781420633086,0.89,0.126130843837732,0.0540452558908296,"gamma_bin"
"gamma_bin_6.00_3.40","vary_mean",6,-0.2,FALSE,61,0.791713212108865,0.867879315252006,0.0804960897814372,0.78,0.142841245035463,0.0761661031431407,"gamma_bin"
"gamma_bin_6.00_3.40","vary_mean",6,-0.2,FALSE,62,0.652883007093316,0.732297349293409,0.0691959313578083,0.78,0.135340374374774,0.0794143422000926,"gamma_bin"
"gamma_bin_6.00_3.40","vary_mean",6,-0.2,FALSE,63,0.61385111269512,0.668985984147786,0.0722306934993523,0.83,0.132720988506847,0.0551348714526662,"gamma_bin"
"gamma_bin_6.00_3.40","vary_mean",6,-0.2,FALSE,64,0.74711285306125,0.805658660202525,0.0752873139400727,0.9,0.149435545253419,0.0585458071412748,"gamma_bin"
"gamma_bin_6.00_3.40","vary_mean",6,-0.2,FALSE,65,0.706623402762968,0.762629370777008,0.0735606964851017,0.89,0.148959402559309,0.05600596801404,"gamma_bin"
"gamma_bin_6.00_3.40","vary_mean",6,-0.2,FALSE,66,0.511807017708403,0.544760600704674,0.069921639115206,0.89,0.128847896499037,0.0329535829962707,"gamma_bin"
"gamma_bin_6.00_3.40","vary_mean",6,-0.2,FALSE,67,0.670522334469821,0.722234069151904,0.0703401949414793,0.93,0.152386660605964,0.0517117346820835,"gamma_bin"
"gamma_bin_6.00_3.40","vary_mean",6,-0.2,FALSE,68,1.17241462294142,1.27380828150385,0.0944541911596603,0.85,0.208437982804183,0.101393658562426,"gamma_bin"
"gamma_bin_6.00_3.40","vary_mean",6,-0.2,FALSE,69,1.09873791889337,1.19415122984412,0.0957251557127955,0.87,0.205727295379624,0.0954133109507478,"gamma_bin"
"gamma_bin_6.00_3.40","vary_mean",6,-0.2,FALSE,70,0.863932410861542,0.877065690423378,0.094830253625168,0.92,0.176846202627138,0.0131332795618363,"gamma_bin"
"gamma_bin_6.00_3.40","vary_mean",6,-0.2,FALSE,71,0.715028130529259,0.714664941502478,0.0739473976154107,0.96,0.159361412697174,-0.000363189026781119,"gamma_bin"
"gamma_bin_6.00_3.40","vary_mean",6,-0.2,FALSE,72,0.577764438354966,0.587886063836649,0.0852511426545369,0.91,0.145026833106159,0.0101216254816828,"gamma_bin"
"gamma_bin_6.00_3.40","vary_mean",6,-0.2,FALSE,73,0.968013714061152,0.983974395932685,0.0984894721914087,0.94,0.190571349416493,0.0159606818715332,"gamma_bin"
"gamma_bin_6.00_3.40","vary_mean",6,-0.2,FALSE,74,0.655296731928532,0.700230154843189,0.0736504625545217,0.95,0.163807396516323,0.0449334229146567,"gamma_bin"
"gamma_bin_6.00_3.40","vary_mean",6,-0.2,FALSE,75,0.599731609487604,0.639124266255518,0.0831330749998938,0.91,0.159452956036996,0.0393926567679136,"gamma_bin"
"gamma_bin_6.00_3.40","vary_mean",6,-0.2,FALSE,76,0.795766545904808,0.877196436431307,0.103991288226913,0.88,0.191140501443957,0.0814298905264991,"gamma_bin"
"gamma_bin_6.00_3.40","vary_mean",6,-0.2,FALSE,77,0.873622167427323,0.964098021659845,0.106452516035117,0.87,0.205150643261177,0.0904758542325219,"gamma_bin"
"gamma_bin_6.00_3.40","vary_mean",6,-0.2,FALSE,78,0.655482440826882,0.702908463356985,0.106754172705591,0.85,0.178127338779598,0.0474260225301028,"gamma_bin"
"gamma_bin_6.00_3.40","vary_mean",6,-0.2,FALSE,79,0.810569670710955,0.85949277185891,0.0865013067052156,0.96,0.200664629277424,0.0489231011479552,"gamma_bin"
"gamma_bin_6.00_3.40","vary_mean",6,-0.2,FALSE,80,0.610411594391532,0.659802907046602,0.0975954855726935,0.88,0.178370355307126,0.0493913126550704,"gamma_bin"
"gamma_bin_6.00_3.40","vary_mean",6,-0.2,FALSE,81,0.859802485503572,0.902159628431396,0.107041108362674,0.94,0.21292028340965,0.0423571429278241,"gamma_bin"
"gamma_bin_6.00_3.40","vary_mean",6,-0.2,FALSE,82,0.717893912271731,0.767901503347266,0.104081074693184,0.92,0.200305956515491,0.0500075910755351,"gamma_bin"
"gamma_bin_6.00_3.40","vary_mean",6,-0.2,FALSE,83,0.992160969972712,1.06578881604823,0.104456891729111,0.93,0.24070037135292,0.0736278460755212,"gamma_bin"
"gamma_bin_6.00_3.40","vary_mean",6,-0.2,FALSE,84,1.12536119877567,1.20064366780697,0.122188263299907,0.91,0.258911614611486,0.0752824690312957,"gamma_bin"
"gamma_bin_6.00_3.40","vary_mean",6,-0.2,FALSE,85,0.719045149251176,0.75288167408647,0.106595383713648,0.96,0.205782844558719,0.0338365248352935,"gamma_bin"
"gamma_bin_6.00_3.40","vary_mean",6,-0.2,FALSE,86,0.847473435579488,0.857509266978558,0.10802018772383,0.98,0.220050851775102,0.0100358313990705,"gamma_bin"
"gamma_bin_6.00_3.40","vary_mean",6,-0.2,FALSE,87,0.854973302049258,0.870392920194948,0.122302028352502,0.95,0.223049852139724,0.0154196181456904,"gamma_bin"
"gamma_bin_6.00_3.40","vary_mean",6,-0.2,FALSE,88,1.05225780392596,1.10530452531397,0.131466064792478,0.92,0.253958119198462,0.0530467213880075,"gamma_bin"
"gamma_bin_6.00_3.40","vary_mean",6,-0.2,FALSE,89,0.736216801220608,0.75621751756776,0.123731983398484,0.92,0.211497037216768,0.0200007163471517,"gamma_bin"
"gamma_bin_6.00_3.40","vary_mean",6,-0.2,FALSE,90,0.91040746889,0.931516345516481,0.112710583592631,0.98,0.236530978303037,0.0211088766264813,"gamma_bin"
"gamma_bin_6.00_3.40","vary_mean",6,-0.2,FALSE,91,0.87534575895404,0.894117299611995,0.113470364141282,0.95,0.233882772885384,0.0187715406579546,"gamma_bin"
"gamma_bin_6.00_3.40","vary_mean",6,-0.2,FALSE,92,1.13304443436225,1.17072468226354,0.13361030796487,0.94,0.270315203520013,0.0376802479012899,"gamma_bin"
"gamma_bin_6.00_3.40","vary_mean",6,-0.2,FALSE,93,0.779596408911112,0.809649956259541,0.105926069297816,0.96,0.225799046116063,0.0300535473484292,"gamma_bin"
"gamma_bin_6.00_3.40","vary_mean",6,-0.2,FALSE,94,0.738569675828446,0.757288046057326,0.104898600270767,0.97,0.219259413342531,0.0187183702288802,"gamma_bin"
"gamma_bin_6.00_3.40","vary_mean",6,-0.2,FALSE,95,0.736364931280663,0.758686661371316,0.107901112085056,0.92,0.221270622698902,0.0223217300906532,"gamma_bin"
"gamma_bin_6.00_3.40","vary_mean",6,-0.2,FALSE,96,0.940445717920046,0.978661395679026,0.126086416098537,0.95,0.255149782463327,0.0382156777589795,"gamma_bin"
"gamma_bin_6.00_3.40","vary_mean",6,-0.2,FALSE,97,0.926791760743166,0.974393115252604,0.11219627188309,0.97,0.258382735797083,0.047601354509438,"gamma_bin"
"gamma_bin_6.00_3.40","vary_mean",6,-0.2,FALSE,98,0.805248809294182,0.836955733890367,0.125175735679023,0.94,0.241840971021337,0.0317069245961848,"gamma_bin"
"gamma_bin_6.00_3.40","vary_mean",6,-0.2,FALSE,99,0.968943928916511,0.992137344390555,0.144345862811115,0.93,0.265707801927228,0.0231934154740435,"gamma_bin"
"gamma_bin_6.00_3.40","vary_mean",6,-0.2,FALSE,100,0.483314411540288,0.497101944150499,0.0877591644254905,0.97,0.189689753615205,0.0137875326102115,"gamma_bin"
"gamma_bin_6.00_3.40","vary_mean",6,-0.2,FALSE,101,0.660754209210677,0.68282191371764,0.115105792317623,0.93,0.225784101243537,0.0220677045069634,"gamma_bin"
"gamma_bin_6.00_3.40","vary_mean",6,-0.2,FALSE,102,0.65572642436151,0.695609894794535,0.120393832839006,0.91,0.233073769847677,0.0398834704330251,"gamma_bin"
"gamma_bin_6.00_3.40","vary_mean",6,-0.2,FALSE,103,1.19597238563675,1.30249926803943,0.172897281462359,0.89,0.328251591819262,0.106526882402677,"gamma_bin"
"gamma_bin_6.00_3.40","vary_mean",6,-0.2,FALSE,104,1.52016047762218,1.68248878586068,0.201388050540752,0.86,0.380021433878409,0.162328308238504,"gamma_bin"
"gamma_bin_6.00_3.40","vary_mean",6,-0.2,FALSE,105,1.1030085210386,1.11881072318698,0.164967044897463,0.95,0.308287434046604,0.0158022021483846,"gamma_bin"
"gamma_bin_6.00_3.40","vary_mean",6,-0.2,FALSE,106,0.895239451481731,0.868154328452372,0.133298039010365,0.97,0.266495809277327,-0.0270851230293593,"gamma_bin"
"gamma_bin_6.00_3.40","vary_mean",6,-0.2,FALSE,107,0.603003827128156,0.593958468302654,0.11251890171024,0.94,0.217212949666703,-0.00904535882550195,"gamma_bin"
"gamma_bin_6.00_3.40","vary_mean",6,-0.2,FALSE,108,1.07759954005713,1.05261404960901,0.139173995541899,0.97,0.289869688419896,-0.0249854904481248,"gamma_bin"
"gamma_bin_6.00_3.40","vary_mean",6,-0.2,FALSE,109,1.67933972630709,1.70489512947842,0.171077114552684,0.95,0.372217913057317,0.025555403171327,"gamma_bin"
"gamma_bin_6.00_3.40","vary_mean",6,-0.2,FALSE,110,0.778502984216349,0.801528042554857,0.124979616098154,0.97,0.253839510688794,0.0230250583385082,"gamma_bin"
"gamma_bin_6.00_3.40","vary_mean",6,-0.2,FALSE,111,0.991989182530735,0.984448315684932,0.136027339376548,0.96,0.278420679998139,-0.00754086684580269,"gamma_bin"
"gamma_bin_6.00_3.40","vary_mean",6,-0.2,FALSE,112,1.07686506331656,1.07068670396077,0.154718848168268,0.94,0.288582932219442,-0.00617835935578981,"gamma_bin"
"gamma_bin_6.00_3.40","vary_mean",6,-0.2,FALSE,113,0.702387790154813,0.724486182832706,0.113768668205435,0.96,0.23673776662548,0.0220983926778932,"gamma_bin"
"gamma_bin_6.00_3.40","vary_mean",6,-0.2,FALSE,114,0.976044237490855,1.00876969259138,0.135502548576933,0.96,0.280074031237493,0.032725455100525,"gamma_bin"
"gamma_bin_6.00_3.40","vary_mean",6,-0.2,FALSE,115,1.2386571693013,1.24328253183427,0.157915206619669,0.97,0.312996705756321,0.00462536253297219,"gamma_bin"
"gamma_bin_6.00_3.40","vary_mean",6,-0.2,FALSE,116,1.16178575840714,1.16787731451804,0.16517489445698,0.96,0.304186821110483,0.00609155611089518,"gamma_bin"
"gamma_bin_6.00_3.40","vary_mean",6,-0.2,FALSE,117,1.19460307270673,1.2001410719063,0.15996751466633,0.92,0.306177935668639,0.00553799919956832,"gamma_bin"
"gamma_bin_6.00_3.40","vary_mean",6,-0.2,FALSE,118,1.1631999130357,1.16606360721339,0.141037848811173,0.98,0.29892488605729,0.00286369417768872,"gamma_bin"
"gamma_bin_6.00_3.40","vary_mean",6,-0.2,FALSE,119,1.07031355257977,1.03195222143019,0.159189866187786,0.92,0.277333949175481,-0.0383613311495772,"gamma_bin"
"gamma_bin_6.00_3.40","vary_mean",6,-0.2,FALSE,120,0.877747847801672,0.847551652337169,0.140719558007511,0.91,0.248885788894998,-0.0301961954645028,"gamma_bin"
"gamma_bin_6.00_3.40","vary_mean",6,-0.2,FALSE,121,1.36754433627127,1.34259081704813,0.159294289869274,0.93,0.312272195613239,-0.0249535192231434,"gamma_bin"
"gamma_bin_6.00_3.40","vary_mean",6,-0.2,FALSE,122,0.835785870448611,0.8365094342911,0.13977728517112,0.94,0.244893406760622,0.00072356384248895,"gamma_bin"
"gamma_bin_6.00_3.40","vary_mean",6,-0.2,FALSE,123,1.2672350602796,1.25390533698135,0.146077859393374,0.96,0.298948001608149,-0.0133297232982532,"gamma_bin"
"gamma_bin_6.00_3.40","vary_mean",6,-0.2,FALSE,124,0.96912547878376,0.985907176520961,0.135313115463006,0.96,0.263873633478997,0.0167816977372007,"gamma_bin"
"gamma_bin_6.00_3.40","vary_mean",6,-0.2,FALSE,125,0.847337032261578,0.860927185421597,0.127769273175011,0.94,0.24510618797101,0.0135901531600188,"gamma_bin"
"gamma_bin_6.00_3.40","vary_mean",6,-0.2,FALSE,126,0.715562409302676,0.715950289635307,0.104998041658507,0.96,0.223587261148295,0.00038788033263093,"gamma_bin"
"gamma_bin_6.00_3.40","vary_mean",6,-0.2,FALSE,127,0.947820201198353,0.955976606206744,0.137043901907047,0.95,0.260084850401556,0.00815640500839132,"gamma_bin"
"gamma_bin_6.00_3.40","vary_mean",6,-0.2,FALSE,128,0.685080159737144,0.710789785070322,0.123874107710743,0.91,0.226563289373815,0.0257096253331778,"gamma_bin"
"gamma_bin_6.00_3.40","vary_mean",6,-0.2,FALSE,129,0.940715932502657,0.988466045822161,0.147326167697103,0.93,0.271219841665373,0.0477501133195042,"gamma_bin"
"gamma_bin_6.00_3.40","vary_mean",6,-0.2,FALSE,130,0.882737793731905,0.936270462543402,0.138562298507433,0.95,0.267959120997305,0.0535326688114969,"gamma_bin"
"gamma_bin_6.00_3.40","vary_mean",6,-0.2,FALSE,131,0.908595801485553,0.915625921301875,0.130474147677066,0.95,0.26802742197413,0.00703011981632196,"gamma_bin"
"gamma_bin_6.00_3.40","vary_mean",6,-0.2,FALSE,132,0.91957504082564,0.969932128338969,0.146584899843758,0.96,0.278390432541643,0.0503570875133289,"gamma_bin"
"gamma_bin_6.00_3.40","vary_mean",6,-0.2,FALSE,133,0.772867637399724,0.792867631321287,0.142276395835709,0.9,0.253278724024403,0.019999993921563,"gamma_bin"
"gamma_bin_6.00_3.40","vary_mean",6,-0.2,FALSE,134,0.85010038418266,0.892500152439865,0.139182141865922,0.92,0.271479772540482,0.0423997682572046,"gamma_bin"
"gamma_bin_6.00_3.40","vary_mean",6,-0.2,FALSE,135,0.784742304497557,0.833988063667017,0.122960036853066,0.97,0.265407760277166,0.0492457591694601,"gamma_bin"
"gamma_bin_6.00_3.40","vary_mean",6,-0.2,FALSE,136,0.974662005700731,1.02250216830357,0.154062666850428,0.93,0.297128791289171,0.0478401626028394,"gamma_bin"
"gamma_bin_6.00_3.40","vary_mean",6,-0.2,FALSE,137,0.984149213306856,1.01670900885376,0.126855980281042,0.97,0.299570228710608,0.0325597955469069,"gamma_bin"
"gamma_bin_6.00_3.40","vary_mean",6,-0.2,FALSE,138,1.19074372582141,1.21102816936526,0.206099975613492,0.89,0.328565031586219,0.0202844435438476,"gamma_bin"
"gamma_bin_6.00_3.40","vary_mean",6,-0.2,FALSE,139,1.38369717355419,1.44304047465536,0.183084464899995,0.93,0.35877685677407,0.0593433011011746,"gamma_bin"
"gamma_bin_6.00_3.40","vary_mean",6,-0.2,FALSE,140,0.815809623984031,0.809892205819014,0.134861955113528,0.93,0.265592805294975,-0.00591741816501712,"gamma_bin"
"gamma_bin_6.00_3.40","vary_mean",6,-0.2,FALSE,141,0.948704132009637,0.928458624873784,0.159594680035384,0.93,0.280756634117724,-0.0202455071358526,"gamma_bin"
"gamma_bin_6.00_3.40","vary_mean",6,-0.2,FALSE,142,0.887909591017245,0.878062797126201,0.135753101974895,0.97,0.272544555361174,-0.00984679389104359,"gamma_bin"
"gamma_bin_6.00_3.40","vary_mean",6,-0.2,FALSE,143,1.33194554446529,1.32560788892652,0.178250331480449,0.96,0.335739536520685,-0.00633765553876531,"gamma_bin"
"gamma_bin_6.00_3.40","vary_mean",6,-0.2,FALSE,144,1.33130879278334,1.33628240921698,0.133499112588262,0.99,0.337390102680707,0.0049736164336438,"gamma_bin"
"gamma_bin_6.00_3.40","vary_mean",6,-0.2,FALSE,145,1.36040798308223,1.33343242925715,0.164686047299518,0.97,0.333275859425544,-0.0269755538250804,"gamma_bin"
"gamma_bin_6.00_3.40","vary_mean",6,-0.2,FALSE,146,1.03071021292377,0.978211329682989,0.164329432839312,0.9,0.279943558166568,-0.0524988832407807,"gamma_bin"
"gamma_bin_6.00_3.40","vary_mean",6,-0.2,FALSE,147,1.01542172209859,0.946693415900991,0.134001097580036,0.89,0.271271428091684,-0.0687283061975993,"gamma_bin"
"gamma_bin_6.00_3.40","vary_mean",6,-0.2,FALSE,148,0.918033733511508,0.893304458824842,0.157620282106462,0.89,0.261379607823871,-0.0247292746866655,"gamma_bin"
"gamma_bin_6.00_3.40","vary_mean",6,-0.2,FALSE,149,0.795399668183425,0.808697179359524,0.125646202792361,0.95,0.24860239964017,0.0132975111760987,"gamma_bin"
"gamma_bin_6.00_3.40","vary_mean",6,-0.2,FALSE,150,0.94707340630239,0.989304663289032,0.137559852566147,0.97,0.2771854806095,0.0422312569866418,"gamma_bin"
"gamma_bin_6.00_3.40","vary_mean",6,-0.2,FALSE,151,0.838901742382429,0.848588903430721,0.112365547362552,0.97,0.258629835710792,0.00968716104829248,"gamma_bin"
"gamma_bin_6.00_3.40","vary_mean",6,-0.2,FALSE,152,1.10279545241581,1.14952225121162,0.158397585058176,0.94,0.30410282837162,0.046726798795808,"gamma_bin"
"gamma_bin_6.00_3.40","vary_mean",6,-0.2,FALSE,153,1.09815075967234,1.1641789693226,0.175703464190796,0.89,0.30709877902516,0.0660282096502649,"gamma_bin"
"gamma_bin_6.00_3.40","vary_mean",6,-0.2,FALSE,154,0.933692374106949,0.953163056988355,0.144349560969602,0.94,0.277783534697599,0.0194706828814064,"gamma_bin"
"gamma_bin_6.00_3.40","vary_mean",6,-0.2,FALSE,155,0.677255280263044,0.684331467884311,0.114940050034749,0.96,0.234761950434063,0.00707618762126716,"gamma_bin"
"gamma_bin_6.00_3.40","vary_mean",6,-0.2,FALSE,156,0.794315589671576,0.820652227500293,0.130390479436845,0.95,0.257681786132419,0.0263366378287166,"gamma_bin"
"gamma_bin_6.00_3.40","vary_mean",6,-0.2,FALSE,157,0.863128942217305,0.902800712001051,0.113867782481374,0.98,0.27400339304903,0.0396717697837459,"gamma_bin"
"gamma_bin_6.00_3.40","vary_mean",6,-0.2,FALSE,158,1.21212682918176,1.28144962068198,0.179451218410915,0.93,0.330880382472964,0.0693227915002161,"gamma_bin"
"gamma_bin_6.00_3.40","vary_mean",6,-0.2,FALSE,159,1.02410139695973,1.03367862900071,0.151204686078795,0.95,0.298467835872994,0.0095772320409806,"gamma_bin"
"gamma_bin_6.00_3.40","vary_mean",6,-0.2,FALSE,160,0.905623732385136,0.8974235347649,0.145654846561124,0.91,0.27772943426803,-0.00820019762023649,"gamma_bin"
"gamma_bin_6.00_3.40","vary_mean",6,-0.2,FALSE,161,0.9116217888269,0.900118130215045,0.14166657979113,0.94,0.277597334841317,-0.0115036586118547,"gamma_bin"
"gamma_bin_6.00_3.40","vary_mean",6,-0.2,FALSE,162,0.854312926973229,0.868660869742735,0.14403573463714,0.97,0.274067168231342,0.014347942769506,"gamma_bin"
"gamma_bin_6.00_3.40","vary_mean",6,-0.2,FALSE,163,0.939537145583715,0.977521064211246,0.132397399710281,0.97,0.293149450488683,0.0379839186275306,"gamma_bin"
"gamma_bin_6.00_3.40","vary_mean",6,-0.2,FALSE,164,0.80426541937565,0.807198689960482,0.144089256312464,0.92,0.268173045403201,0.00293327058483206,"gamma_bin"
"gamma_bin_6.00_3.40","vary_mean",6,-0.2,FALSE,165,1.00142458710162,1.04258466580332,0.144090709047221,0.95,0.307354651437642,0.0411600787017006,"gamma_bin"
"gamma_bin_6.00_3.40","vary_mean",6,-0.2,FALSE,166,1.22258752675771,1.25828824234851,0.185946369603478,0.95,0.33973011026568,0.0357007155908045,"gamma_bin"
"gamma_bin_6.00_3.40","vary_mean",6,-0.2,FALSE,167,0.797785738886173,0.838462280916636,0.132390945349925,0.97,0.278359797302282,0.0406765420304633,"gamma_bin"
"gamma_bin_6.00_3.40","vary_mean",6,-0.2,FALSE,168,1.14984066668627,1.16629712433577,0.169196652392214,0.95,0.327555372484304,0.0164564576494954,"gamma_bin"
"gamma_bin_6.00_3.40","vary_mean",6,-0.2,FALSE,169,0.760346365617299,0.740202186892035,0.127951288912132,0.98,0.260453475376377,-0.0201441787252635,"gamma_bin"
"gamma_bin_6.00_3.40","vary_mean",6,-0.2,FALSE,170,1.3742280074719,1.37490334351267,0.19801638964644,0.95,0.35553918328666,0.000675336040770302,"gamma_bin"
"gamma_bin_6.00_3.40","vary_mean",6,-0.2,FALSE,171,0.879913573057892,0.892575186852346,0.131209379650166,0.98,0.286309734127784,0.0126616137944543,"gamma_bin"
"gamma_bin_6.00_3.40","vary_mean",6,-0.2,FALSE,172,1.40469565689074,1.39956503104198,0.184447678059972,0.97,0.357430817735427,-0.00513062584876245,"gamma_bin"
"gamma_bin_6.00_3.40","vary_mean",6,-0.2,FALSE,173,0.919193449899109,0.923264264622644,0.153804396115033,0.97,0.287851543982674,0.00407081472353454,"gamma_bin"
"gamma_bin_6.00_3.40","vary_mean",6,-0.2,FALSE,174,0.923151861958846,0.895716013315903,0.140006503459418,0.94,0.280638616445224,-0.027435848642943,"gamma_bin"
"gamma_bin_6.00_3.40","vary_mean",6,-0.2,FALSE,175,1.03836327926758,1.00193438303618,0.138090647208486,0.96,0.296260572522819,-0.0364288962313992,"gamma_bin"
"gamma_bin_6.00_3.40","vary_mean",6,-0.2,FALSE,176,0.9985406934674,1.000023879619,0.131240775223966,0.98,0.296277208931753,0.00148318615159837,"gamma_bin"
"gamma_bin_6.00_3.40","vary_mean",6,-0.2,FALSE,177,1.06724188250379,1.090868097514,0.176492015915135,0.9,0.30958880919445,0.023626215010208,"gamma_bin"
"gamma_bin_6.00_3.40","vary_mean",6,-0.2,FALSE,178,0.796484699666055,0.794770212637763,0.147773143568672,0.92,0.264305288902769,-0.00171448702829202,"gamma_bin"
"gamma_bin_6.00_3.40","vary_mean",6,-0.2,FALSE,179,1.1985320355335,1.19771996772954,0.175106837951827,0.95,0.32591205955786,-0.000812067803958483,"gamma_bin"
"gamma_bin_6.00_3.40","vary_mean",6,-0.2,FALSE,180,1.18742100745866,1.25912063546036,0.154487571547702,0.97,0.335160538007085,0.0716996280017024,"gamma_bin"
"gamma_bin_6.00_3.40","vary_mean",6,-0.2,FALSE,181,1.49419527020498,1.49263012076372,0.188234383870803,0.95,0.3628353394802,-0.00156514944125896,"gamma_bin"
"gamma_bin_6.00_3.40","vary_mean",6,-0.2,FALSE,182,1.51569869674153,1.44538760888818,0.183179400664285,0.94,0.351315674659212,-0.0703110878533506,"gamma_bin"
"gamma_bin_6.00_3.40","vary_mean",6,-0.2,FALSE,183,0.993075321330978,0.936999698811367,0.145782806301719,0.97,0.274787234577252,-0.0560756225196111,"gamma_bin"
"gamma_bin_6.00_3.40","vary_mean",6,-0.2,FALSE,184,0.900892693512611,0.840633395394911,0.142762787599787,0.87,0.255240020110237,-0.0602592981176998,"gamma_bin"
"gamma_bin_6.00_3.40","vary_mean",6,-0.2,FALSE,185,0.823216687408857,0.810407831736691,0.127038223110893,0.94,0.248558469244017,-0.0128088556721661,"gamma_bin"
"gamma_bin_6.00_3.40","vary_mean",6,-0.2,FALSE,186,1.22622981286846,1.22240344459745,0.157411498079232,0.97,0.305962037802817,-0.00382636827101246,"gamma_bin"
"gamma_bin_6.00_3.40","vary_mean",6,-0.2,FALSE,187,0.917491231652979,0.942189479648104,0.1268388701025,0.95,0.269907524538862,0.024698247995125,"gamma_bin"
"gamma_bin_6.00_3.40","vary_mean",6,-0.2,FALSE,188,1.14601430452239,1.15376588476164,0.174197447574542,0.93,0.298732314218888,0.00775158023924538,"gamma_bin"
"gamma_bin_6.00_3.40","vary_mean",6,-0.2,FALSE,189,1.15018203934659,1.15518561566745,0.143632050863212,0.97,0.29810567220829,0.00500357632085779,"gamma_bin"
"gamma_bin_6.00_3.40","vary_mean",6,-0.2,FALSE,190,1.13788009197463,1.11055637727792,0.130829688612758,0.94,0.29111718710639,-0.0273237146967127,"gamma_bin"
"gamma_bin_6.00_3.40","vary_mean",6,-0.2,FALSE,191,1.77821476084602,1.7567824557146,0.185530770461506,0.97,0.363121299216374,-0.0214323051314211,"gamma_bin"
"gamma_bin_6.00_3.40","vary_mean",6,-0.2,FALSE,192,1.12622467540917,1.08654606183017,0.147933715281023,0.93,0.279489250159354,-0.039678613578997,"gamma_bin"
"gamma_bin_6.00_3.40","vary_mean",6,-0.2,FALSE,193,1.63143870001326,1.52266083733749,0.165646403157354,0.9,0.323009972878789,-0.108777862675771,"gamma_bin"
"gamma_bin_6.00_3.40","vary_mean",6,-0.2,FALSE,194,1.96133686485764,1.82933872076332,0.178903173952969,0.91,0.344689025240657,-0.131998144094315,"gamma_bin"
"gamma_bin_6.00_3.40","vary_mean",6,-0.2,FALSE,195,1.62645944263275,1.4663140558943,0.136115412377905,0.87,0.298145144729486,-0.160145386738451,"gamma_bin"
"gamma_bin_6.00_3.40","vary_mean",6,-0.2,FALSE,196,1.22116224956869,1.10615963979373,0.123391599466452,0.82,0.249333730370192,-0.115002609774959,"gamma_bin"
"gamma_bin_6.00_3.40","vary_mean",6,-0.2,FALSE,197,1.08513472727433,0.990371278069484,0.11023552210599,0.87,0.228284571954449,-0.094763449204846,"gamma_bin"
"gamma_bin_6.00_3.40","vary_mean",6,-0.2,FALSE,198,1.22272793926392,1.1361948751538,0.118520681820368,0.91,0.239504704619106,-0.0865330641101174,"gamma_bin"
"gamma_bin_6.00_3.40","vary_mean",6,-0.2,FALSE,199,1.29605177368887,1.2291150967624,0.121009239515366,0.93,0.246333863892465,-0.0669366769264665,"gamma_bin"
"gamma_bin_6.00_3.40","vary_mean",6,-0.2,FALSE,200,1.66923410820015,1.63398289946384,0.152837747484078,0.93,0.280822155785204,-0.0352512087363126,"gamma_bin"
"gamma_bin_6.00_3.40","vary_mean",6,-0.2,FALSE,201,1.1694237090907,1.11595505770064,0.112244618982324,0.94,0.227289960891799,-0.053468651390062,"gamma_bin"
"gamma_bin_6.00_3.40","vary_mean",6,-0.2,FALSE,202,1.07879296650834,1.02092277353268,0.116047267111912,0.9,0.212505502987554,-0.0578701929756611,"gamma_bin"
"gamma_bin_6.00_3.40","vary_mean",6,-0.2,FALSE,203,0.894627487421358,0.832534779055798,0.0929081528543962,0.93,0.188545911297748,-0.0620927083655596,"gamma_bin"
"gamma_bin_6.00_3.40","vary_mean",6,-0.2,FALSE,204,0.81895014827116,0.803480652342386,0.0930680863311254,0.99,0.184212575921988,-0.0154694959287737,"gamma_bin"
"gamma_bin_6.00_3.40","vary_mean",6,-0.2,FALSE,205,0.966704879629287,0.985634284315814,0.105106777994373,0.96,0.204781360127264,0.0189294046865267,"gamma_bin"
"gamma_bin_6.00_3.40","vary_mean",6,-0.2,FALSE,206,0.735615178317886,0.748947265385831,0.0891231800025125,0.95,0.17978158842744,0.0133320870679453,"gamma_bin"
"gamma_bin_6.00_3.40","vary_mean",6,-0.2,FALSE,207,0.854920650119855,0.884512490728205,0.110778754691776,0.92,0.197481389861414,0.0295918406083496,"gamma_bin"
"gamma_bin_6.00_3.40","vary_mean",6,-0.2,FALSE,208,1.1836252253062,1.23694308462102,0.131515969504196,0.93,0.236785019382183,0.0533178593148154,"gamma_bin"
"gamma_bin_6.00_3.40","vary_mean",6,-0.2,FALSE,209,1.4603135494891,1.49998905555575,0.121867237228964,0.95,0.262388130156262,0.0396755060666496,"gamma_bin"
"gamma_bin_6.00_3.40","vary_mean",6,-0.2,FALSE,210,0.828359371463702,0.850734440672588,0.101895014119672,0.93,0.196132263084978,0.0223750692088857,"gamma_bin"
"gamma_bin_6.00_3.40","vary_mean",6,-0.2,FALSE,211,0.945528169177749,0.925892018698157,0.0956266162157078,0.98,0.20218084262658,-0.0196361504795919,"gamma_bin"
"gamma_bin_6.00_3.40","vary_mean",6,-0.2,FALSE,212,0.79051319956122,0.778123714701917,0.0879894250481565,0.96,0.18418647386227,-0.0123894848593029,"gamma_bin"
"gamma_bin_6.00_3.40","vary_mean",6,-0.2,FALSE,213,1.43201623771777,1.44261967909219,0.131446419806749,0.97,0.251575712640436,0.0106034413744185,"gamma_bin"
"gamma_bin_6.00_3.40","vary_mean",6,-0.2,FALSE,214,1.11428897280893,1.1328484309357,0.119715319794122,0.95,0.222533668415067,0.0185594581267667,"gamma_bin"
"gamma_bin_6.00_3.40","vary_mean",6,-0.2,FALSE,215,1.11572179995221,1.09251744174488,0.127850073600058,0.92,0.216850913165915,-0.0232043582073285,"gamma_bin"
"gamma_bin_6.00_3.40","vary_mean",6,-0.2,FALSE,216,1.45327758905901,1.42110527268879,0.130248281686135,0.94,0.244591476951066,-0.0321723163702166,"gamma_bin"
"gamma_bin_6.00_3.40","vary_mean",6,-0.2,FALSE,217,1.1420673106557,1.10038417710971,0.0938800433598901,0.95,0.2120017786735,-0.0416831335459888,"gamma_bin"
"gamma_bin_6.00_3.40","vary_mean",6,-0.2,FALSE,218,0.657966158830962,0.633959067563284,0.0725844386707544,0.96,0.158370106045736,-0.0240070912676782,"gamma_bin"
"gamma_bin_6.00_3.40","vary_mean",6,-0.2,FALSE,219,1.3705780170681,1.35735850409699,0.109370400003594,0.97,0.230374224670802,-0.0132195129711148,"gamma_bin"
"gamma_bin_6.00_3.40","vary_mean",6,-0.2,FALSE,220,1.12178323201924,1.12450675525569,0.104537319460352,0.97,0.209022890433019,0.00272352323644975,"gamma_bin"
"gamma_bin_6.00_3.40","vary_mean",6,-0.2,FALSE,221,1.82150678776182,1.78129720592217,0.120444775077026,0.95,0.261454233709629,-0.0402095818396544,"gamma_bin"
"gamma_bin_6.00_3.40","vary_mean",6,-0.2,FALSE,222,1.47822233790926,1.41110044033485,0.117723200933105,0.88,0.227687603069501,-0.0671218975744055,"gamma_bin"
"gamma_bin_6.00_3.40","vary_mean",6,-0.2,FALSE,223,1.2291381002976,1.127062586437,0.0996365199654857,0.82,0.19744380794235,-0.102075513860601,"gamma_bin"
"gamma_bin_6.00_3.40","vary_mean",6,-0.2,FALSE,224,1.39168397860736,1.27725027626909,0.109948900544763,0.78,0.204240150580649,-0.114433702338273,"gamma_bin"
"gamma_bin_6.00_3.40","vary_mean",6,-0.2,FALSE,225,1.02693213453622,0.974519423000773,0.0818978739893855,0.91,0.174402727792283,-0.0524127115354467,"gamma_bin"
"gamma_bin_6.00_3.40","vary_mean",6,-0.2,FALSE,226,0.944477107231107,0.894554066613927,0.0788753704637844,0.92,0.16459006715919,-0.0499230406171799,"gamma_bin"
"gamma_bin_6.00_3.40","vary_mean",6,-0.2,FALSE,227,0.88294479567521,0.854891714300234,0.0887486164593333,0.92,0.159709437722435,-0.0280530813749764,"gamma_bin"
"gamma_bin_6.00_3.40","vary_mean",6,-0.2,FALSE,228,1.2545287150813,1.25887272190699,0.0996130020914999,0.97,0.19433492825242,0.00434400682569258,"gamma_bin"
"gamma_bin_6.00_3.40","vary_mean",6,-0.2,FALSE,229,1.46483936058861,1.46636195568051,0.118105706987496,0.96,0.209876038626676,0.00152259509190356,"gamma_bin"
"gamma_bin_6.00_3.40","vary_mean",6,-0.2,FALSE,230,1.5106771494413,1.47499466758349,0.0937144236229181,0.96,0.208359325185304,-0.0356824818578096,"gamma_bin"
"gamma_bin_6.00_3.40","vary_mean",6,-0.2,FALSE,231,1.76125096519109,1.6718699185729,0.101462995250502,0.91,0.21677841075012,-0.0893810466181941,"gamma_bin"
"gamma_bin_6.00_3.40","vary_mean",6,-0.2,FALSE,232,1.40611418271408,1.30379478199334,0.0849160809454808,0.84,0.185036640018581,-0.102319400720742,"gamma_bin"
"gamma_bin_6.00_3.40","vary_mean",6,-0.2,FALSE,233,1.50840807515769,1.37448975528637,0.0897474618389763,0.72,0.18342730972708,-0.133918319871321,"gamma_bin"
"gamma_bin_6.00_3.40","vary_mean",6,-0.2,FALSE,234,2.14812836507422,1.95529350565059,0.105608532085906,0.59,0.212060934635651,-0.192834859423633,"gamma_bin"
"gamma_bin_6.00_3.40","vary_mean",6,-0.2,FALSE,235,1.77318978695313,1.59733500894647,0.104288828402987,0.57,0.184341612891375,-0.175854778006663,"gamma_bin"
"gamma_bin_6.00_3.40","vary_mean",6,-0.2,FALSE,236,1.73485405696823,1.52799716927155,0.0962031035854835,0.39,0.17240670256336,-0.206856887696678,"gamma_bin"
"gamma_bin_6.00_3.40","vary_mean",6,-0.2,FALSE,237,1.62270455030168,1.43144402729793,0.0802463232881399,0.3,0.159788541325611,-0.191260523003752,"gamma_bin"
"gamma_bin_6.00_3.40","vary_mean",6,-0.2,FALSE,238,1.18127386711031,1.03589523983151,0.0687999776418089,0.41,0.130669330164788,-0.1453786272788,"gamma_bin"
"gamma_bin_6.00_3.40","vary_mean",6,-0.2,FALSE,239,1.18467641337506,1.08453557672621,0.0708177824503777,0.68,0.129813635000783,-0.100140836648849,"gamma_bin"
"gamma_bin_6.00_3.40","vary_mean",6,-0.2,FALSE,240,1.41686704734357,1.3291003641026,0.0846274762065834,0.77,0.141334200783553,-0.0877666832409718,"gamma_bin"
"gamma_bin_6.00_3.40","vary_mean",6,-0.2,FALSE,241,1.25638994428988,1.198001268747,0.0644113462552501,0.89,0.132110808434556,-0.0583886755428851,"gamma_bin"
"gamma_bin_6.00_3.40","vary_mean",6,-0.2,FALSE,242,1.12129644908568,1.08245447727702,0.0643949998694288,0.93,0.123602014331405,-0.0388419718086617,"gamma_bin"
"gamma_bin_6.00_3.40","vary_mean",6,-0.2,FALSE,243,1.35471671225519,1.29372597240726,0.0638491592397379,0.87,0.133078409518195,-0.0609907398479321,"gamma_bin"
"gamma_bin_6.00_3.40","vary_mean",6,-0.2,FALSE,244,1.01075153524685,0.966214784185032,0.0634502103373896,0.84,0.113390806806664,-0.0445367510618179,"gamma_bin"
"gamma_bin_6.00_3.40","vary_mean",6,-0.2,FALSE,245,1.09871605480815,1.05065749891118,0.057125864159729,0.89,0.116921880885691,-0.0480585558969744,"gamma_bin"
"gamma_bin_6.00_3.40","vary_mean",6,-0.2,FALSE,246,1.01869442350015,0.989471924400011,0.0579583867593988,0.92,0.112656643134074,-0.0292224991001387,"gamma_bin"
"gamma_bin_6.00_3.40","vary_mean",6,-0.2,FALSE,247,0.933319674797869,0.913898423058682,0.0544675948784899,0.94,0.10768548427386,-0.0194212517391873,"gamma_bin"
"gamma_bin_6.00_3.40","vary_mean",6,-0.2,FALSE,248,1.07523379129616,1.07533160156521,0.0646835713823803,0.93,0.116920551137729,9.78102690507576e-05,"gamma_bin"
"gamma_bin_6.00_3.40","vary_mean",6,-0.2,FALSE,249,1.30371060738913,1.30148194793782,0.0593632851286543,0.97,0.128752108396647,-0.00222865945130857,"gamma_bin"
"gamma_bin_6.00_3.40","vary_mean",6,-0.2,FALSE,250,1.41728039570922,1.39825977920287,0.0659715698659676,0.96,0.132666635559089,-0.0190206165063529,"gamma_bin"
"gamma_bin_6.00_3.40","vary_mean",6,-0.2,FALSE,251,1.14476257942982,1.10962218824012,0.0605912281848685,0.88,0.116478940589886,-0.0351403911897044,"gamma_bin"
"gamma_bin_6.00_3.40","vary_mean",6,-0.2,FALSE,252,1.28960282315637,1.23279302356945,0.0630597483129163,0.81,0.120439269825566,-0.0568097995869243,"gamma_bin"
"gamma_bin_6.00_3.40","vary_mean",6,-0.2,FALSE,253,1.41166776000313,1.34256883679861,0.0598261035753077,0.82,0.123602945654404,-0.069098923204516,"gamma_bin"
"gamma_bin_7.50_1.36","vary_sd",1.36,-0.6,FALSE,8,1.22915300707766,0.829056239321193,0.0388002537596692,0,0.073784740102881,-0.400096767756467,"gamma_bin"
"gamma_bin_7.50_1.36","vary_sd",1.36,-0.6,FALSE,9,2.39912444733293,1.80482415922696,0.049892207593045,0,0.109000624818284,-0.594300288105965,"gamma_bin"
"gamma_bin_7.50_1.36","vary_sd",1.36,-0.6,FALSE,10,1.19488455941613,1.12991158903448,0.0400056542494583,0.79,0.0920394214618679,-0.0649729703816464,"gamma_bin"
"gamma_bin_7.50_1.36","vary_sd",1.36,-0.6,FALSE,11,1.32901937043135,1.36587075281385,0.0544008588377013,0.93,0.100878726144914,0.036851382382505,"gamma_bin"
"gamma_bin_7.50_1.36","vary_sd",1.36,-0.6,FALSE,12,1.45964563283974,1.50565834597281,0.0523555898123402,0.85,0.102133601984317,0.0460127131330716,"gamma_bin"
"gamma_bin_7.50_1.36","vary_sd",1.36,-0.6,FALSE,13,1.71536377425759,1.74298756006303,0.0544536792434918,0.93,0.105543664194153,0.0276237858054376,"gamma_bin"
"gamma_bin_7.50_1.36","vary_sd",1.36,-0.6,FALSE,14,1.05186283321434,1.04193086022905,0.0419707679772698,0.92,0.0783158047749477,-0.00993197298529358,"gamma_bin"
"gamma_bin_7.50_1.36","vary_sd",1.36,-0.6,FALSE,15,1.02513341063733,0.980108658770701,0.0397384641020133,0.75,0.0730877360851196,-0.0450247518666291,"gamma_bin"
"gamma_bin_7.50_1.36","vary_sd",1.36,-0.6,FALSE,16,1.25256084138212,1.20769112523855,0.0429239815957271,0.78,0.079268002724509,-0.0448697161435676,"gamma_bin"
"gamma_bin_7.50_1.36","vary_sd",1.36,-0.6,FALSE,17,1.2152968085526,1.20950632973448,0.0410752112131586,0.95,0.0792132635148959,-0.00579047881812245,"gamma_bin"
"gamma_bin_7.50_1.36","vary_sd",1.36,-0.6,FALSE,18,0.979262007308338,0.979160612661285,0.0376165399403311,0.94,0.0706481010863174,-0.000101394647052944,"gamma_bin"
"gamma_bin_7.50_1.36","vary_sd",1.36,-0.6,FALSE,19,1.02548164174434,0.978687899656413,0.0360253205031002,0.73,0.068546335130418,-0.0467937420879272,"gamma_bin"
"gamma_bin_7.50_1.36","vary_sd",1.36,-0.6,FALSE,20,1.03937017525567,0.979866498021507,0.0333815527811279,0.56,0.0674001869282046,-0.0595036772341632,"gamma_bin"
"gamma_bin_7.50_1.36","vary_sd",1.36,-0.6,FALSE,21,1.31708921089394,1.28100757704041,0.0411125762927933,0.85,0.0779267779241457,-0.0360816338535326,"gamma_bin"
"gamma_bin_7.50_1.36","vary_sd",1.36,-0.6,FALSE,22,1.01629528374106,1.0179308112475,0.0362614490612821,0.93,0.0701661614334267,0.00163552750644103,"gamma_bin"
"gamma_bin_7.50_1.36","vary_sd",1.36,-0.6,FALSE,23,0.750244244564339,0.743955029762583,0.0292190193708864,0.95,0.0594534946906967,-0.00628921480175648,"gamma_bin"
"gamma_bin_7.50_1.36","vary_sd",1.36,-0.6,FALSE,24,0.686827825813118,0.683779659545969,0.0295852031911867,0.92,0.0566162714984057,-0.00304816626714866,"gamma_bin"
"gamma_bin_7.50_1.36","vary_sd",1.36,-0.6,FALSE,25,1.09141067495798,1.10663773160954,0.0365103665674462,0.93,0.0724161063699053,0.0152270566515627,"gamma_bin"
"gamma_bin_7.50_1.36","vary_sd",1.36,-0.6,FALSE,26,0.74108150094242,0.738769287056096,0.0325481729737343,0.92,0.0591720910152604,-0.00231221388632352,"gamma_bin"
"gamma_bin_7.50_1.36","vary_sd",1.36,-0.6,FALSE,27,0.768558244559202,0.734301699268449,0.0309938928203371,0.77,0.0580081267759664,-0.0342565452907533,"gamma_bin"
"gamma_bin_7.50_1.36","vary_sd",1.36,-0.6,FALSE,28,0.75279022252533,0.684589997640611,0.0267301861428998,0.31,0.0554327242653523,-0.0682002248847192,"gamma_bin"
"gamma_bin_7.50_1.36","vary_sd",1.36,-0.6,FALSE,29,0.700207559621297,0.654615870789822,0.0285344689027235,0.57,0.0555680140852458,-0.0455916888314748,"gamma_bin"
"gamma_bin_7.50_1.36","vary_sd",1.36,-0.6,FALSE,30,0.555254250263291,0.558266945857537,0.0283742340378224,0.93,0.0538160468014535,0.00301269559424588,"gamma_bin"
"gamma_bin_7.50_1.36","vary_sd",1.36,-0.6,FALSE,31,0.584462421312083,0.5948781094215,0.0296317317322994,0.94,0.0570796187839384,0.0104156881094175,"gamma_bin"
"gamma_bin_7.50_1.36","vary_sd",1.36,-0.6,FALSE,32,0.680311568720764,0.671371002456626,0.0286675259787656,0.95,0.0609178238958945,-0.00894056626413786,"gamma_bin"
"gamma_bin_7.50_1.36","vary_sd",1.36,-0.6,FALSE,33,0.958980557438332,0.92447138511761,0.0438118183707919,0.78,0.0724841753825292,-0.0345091723207223,"gamma_bin"
"gamma_bin_7.50_1.36","vary_sd",1.36,-0.6,FALSE,34,1.26715241572783,1.21381216093235,0.0430419486464027,0.81,0.0854910315751725,-0.0533402547954751,"gamma_bin"
"gamma_bin_7.50_1.36","vary_sd",1.36,-0.6,FALSE,35,1.32835101120383,1.29874027756981,0.0448547221465987,0.92,0.0917617084592158,-0.0296107336340192,"gamma_bin"
"gamma_bin_7.50_1.36","vary_sd",1.36,-0.6,FALSE,36,0.820531409863083,0.855062491105361,0.04036704870115,0.89,0.0780133512552198,0.0345310812422779,"gamma_bin"
"gamma_bin_7.50_1.36","vary_sd",1.36,-0.6,FALSE,37,0.605068218099632,0.695297385864817,0.0410521826695923,0.33,0.0738745009477938,0.0902291677651847,"gamma_bin"
"gamma_bin_7.50_1.36","vary_sd",1.36,-0.6,FALSE,38,0.48061136006007,0.592527552753314,0.0366105650881442,0.1,0.0697124725472424,0.111916192693244,"gamma_bin"
"gamma_bin_7.50_1.36","vary_sd",1.36,-0.6,FALSE,39,0.729684564655972,0.850410764301992,0.0370836172579604,0.11,0.0809298465714154,0.12072619964602,"gamma_bin"
"gamma_bin_7.50_1.36","vary_sd",1.36,-0.6,FALSE,40,0.815108206288389,0.809524371569928,0.0370772366151186,0.96,0.0735890539949954,-0.00558383471846058,"gamma_bin"
"gamma_bin_7.50_1.36","vary_sd",1.36,-0.6,FALSE,41,0.615430120554185,0.521549020306472,0.029458244174021,0.12,0.0557669276890862,-0.0938811002477128,"gamma_bin"
"gamma_bin_7.50_1.36","vary_sd",1.36,-0.6,FALSE,42,0.7716723572992,0.615183773914883,0.0321046179456074,0.01,0.0605947666431565,-0.156488583384317,"gamma_bin"
"gamma_bin_7.50_1.36","vary_sd",1.36,-0.6,FALSE,43,0.638626730193333,0.562011248162796,0.0287146728631248,0.32,0.0620156962941578,-0.0766154820305375,"gamma_bin"
"gamma_bin_7.50_1.36","vary_sd",1.36,-0.6,FALSE,44,0.502593853100566,0.513574095111679,0.0375839738842347,0.91,0.0657689733123761,0.0109802420111134,"gamma_bin"
"gamma_bin_7.50_1.36","vary_sd",1.36,-0.6,FALSE,45,0.419338241890262,0.483071333795112,0.0386177345511376,0.49,0.0686403759793051,0.0637330919048501,"gamma_bin"
"gamma_bin_7.50_1.36","vary_sd",1.36,-0.6,FALSE,46,0.532509871825,0.592688369687077,0.0375245257654058,0.65,0.0767851878614784,0.0601784978620769,"gamma_bin"
"gamma_bin_7.50_1.36","vary_sd",1.36,-0.6,FALSE,47,0.748139787723446,0.756532017406519,0.0488496424698675,0.92,0.0859351462052272,0.00839222968307263,"gamma_bin"
"gamma_bin_7.50_1.36","vary_sd",1.36,-0.6,FALSE,48,0.69956822206096,0.66387681973603,0.0388914442465978,0.87,0.0811287399898059,-0.0356914023249305,"gamma_bin"
"gamma_bin_7.50_1.36","vary_sd",1.36,-0.6,FALSE,49,0.840598040729289,0.782956402324642,0.0443052819698201,0.8,0.0907503089069236,-0.057641638404647,"gamma_bin"
"gamma_bin_7.50_1.36","vary_sd",1.36,-0.6,FALSE,50,0.60554325949379,0.595499088296573,0.043721709553766,0.94,0.0836717044814043,-0.0100441711972172,"gamma_bin"
"gamma_bin_7.50_1.36","vary_sd",1.36,-0.6,FALSE,51,0.551125264389769,0.592320295141727,0.0458716822480881,0.82,0.0901347621995973,0.0411950307519579,"gamma_bin"
"gamma_bin_7.50_1.36","vary_sd",1.36,-0.6,FALSE,52,0.382393923102511,0.448771251207033,0.0394918337200584,0.65,0.0835137252975123,0.0663773281045223,"gamma_bin"
"gamma_bin_7.50_1.36","vary_sd",1.36,-0.6,FALSE,53,0.67600822687436,0.776686647063446,0.0629583039051447,0.54,0.111083264396559,0.100678420189086,"gamma_bin"
"gamma_bin_7.50_1.36","vary_sd",1.36,-0.6,FALSE,54,0.673855515926702,0.686618255380529,0.0543831288233174,0.9,0.102165078851379,0.0127627394538268,"gamma_bin"
"gamma_bin_7.50_1.36","vary_sd",1.36,-0.6,FALSE,55,0.928599757202953,0.870670504524195,0.0522272801012166,0.82,0.113381411928657,-0.0579292526787579,"gamma_bin"
"gamma_bin_7.50_1.36","vary_sd",1.36,-0.6,FALSE,56,0.750387184163906,0.676798376177685,0.0526664110755652,0.72,0.101780075029124,-0.0735888079862212,"gamma_bin"
"gamma_bin_7.50_1.36","vary_sd",1.36,-0.6,FALSE,57,0.713506443750686,0.687910790109817,0.0620247992354202,0.88,0.1088336280172,-0.0255956536408692,"gamma_bin"
"gamma_bin_7.50_1.36","vary_sd",1.36,-0.6,FALSE,58,0.492090945289708,0.533830210322415,0.0537450705666933,0.9,0.104200359458752,0.041739265032707,"gamma_bin"
"gamma_bin_7.50_1.36","vary_sd",1.36,-0.6,FALSE,59,0.488086622314194,0.577787614150397,0.0713385890141439,0.62,0.115095818224485,0.0897009918362034,"gamma_bin"
"gamma_bin_7.50_1.36","vary_sd",1.36,-0.6,FALSE,60,0.671814423224244,0.764876058965315,0.0688329802265832,0.74,0.132900168846582,0.0930616357410705,"gamma_bin"
"gamma_bin_7.50_1.36","vary_sd",1.36,-0.6,FALSE,61,0.791713212108865,0.80032237986088,0.0783323608337289,0.91,0.131695223778518,0.00860916775201459,"gamma_bin"
"gamma_bin_7.50_1.36","vary_sd",1.36,-0.6,FALSE,62,0.652883007093316,0.609800772308156,0.0588805506479604,0.89,0.112690948405749,-0.0430822347851602,"gamma_bin"
"gamma_bin_7.50_1.36","vary_sd",1.36,-0.6,FALSE,63,0.61385111269512,0.550463353622177,0.0596792586384686,0.78,0.109213067616362,-0.0633877590729431,"gamma_bin"
"gamma_bin_7.50_1.36","vary_sd",1.36,-0.6,FALSE,64,0.74711285306125,0.713706205858088,0.0678425972417267,0.9,0.132396926177861,-0.033406647203162,"gamma_bin"
"gamma_bin_7.50_1.36","vary_sd",1.36,-0.6,FALSE,65,0.706623402762968,0.756724241255298,0.0802895464555715,0.91,0.147766168646669,0.0501008384923297,"gamma_bin"
"gamma_bin_7.50_1.36","vary_sd",1.36,-0.6,FALSE,66,0.511807017708403,0.572535309942831,0.0770921651667591,0.8,0.135393091360395,0.0607282922344278,"gamma_bin"
"gamma_bin_7.50_1.36","vary_sd",1.36,-0.6,FALSE,67,0.670522334469821,0.723327251242219,0.0718962541967768,0.93,0.152637163027139,0.0528049167723976,"gamma_bin"
"gamma_bin_7.50_1.36","vary_sd",1.36,-0.6,FALSE,68,1.17241462294142,1.18427192735244,0.0896938475221509,0.98,0.193802119478672,0.0118573044110211,"gamma_bin"
"gamma_bin_7.50_1.36","vary_sd",1.36,-0.6,FALSE,69,1.09873791889337,1.09978357835891,0.0894788324078325,0.95,0.189476822548283,0.00104565946553969,"gamma_bin"
"gamma_bin_7.50_1.36","vary_sd",1.36,-0.6,FALSE,70,0.863932410861542,0.848310633694914,0.0935667859976328,0.95,0.171047854811988,-0.0156217771666283,"gamma_bin"
"gamma_bin_7.50_1.36","vary_sd",1.36,-0.6,FALSE,71,0.715028130529259,0.735365142616738,0.0757318914544812,0.96,0.16400380225802,0.0203370120874786,"gamma_bin"
"gamma_bin_7.50_1.36","vary_sd",1.36,-0.6,FALSE,72,0.577764438354966,0.647099338219318,0.0978016072899645,0.81,0.159596385569617,0.0693348998643518,"gamma_bin"
"gamma_bin_7.50_1.36","vary_sd",1.36,-0.6,FALSE,73,0.968013714061152,1.10625407398925,0.110449266663403,0.75,0.21430842845174,0.138240359928095,"gamma_bin"
"gamma_bin_7.50_1.36","vary_sd",1.36,-0.6,FALSE,74,0.655296731928532,0.719010663577609,0.0789807733846344,0.89,0.168183198443244,0.0637139316490773,"gamma_bin"
"gamma_bin_7.50_1.36","vary_sd",1.36,-0.6,FALSE,75,0.599731609487604,0.56621813445667,0.072657267215569,0.9,0.141306088607599,-0.0335134750309338,"gamma_bin"
"gamma_bin_7.50_1.36","vary_sd",1.36,-0.6,FALSE,76,0.795766545904808,0.717397815607041,0.0850371607594443,0.85,0.156362778039637,-0.0783687302977667,"gamma_bin"
"gamma_bin_7.50_1.36","vary_sd",1.36,-0.6,FALSE,77,0.873622167427323,0.81445464646596,0.0943746756019448,0.89,0.173301787018637,-0.0591675209613625,"gamma_bin"
"gamma_bin_7.50_1.36","vary_sd",1.36,-0.6,FALSE,78,0.655482440826882,0.6541397604043,0.10011578667556,0.91,0.165784221613116,-0.0013426804225819,"gamma_bin"
"gamma_bin_7.50_1.36","vary_sd",1.36,-0.6,FALSE,79,0.810569670710955,0.847882440041216,0.0894377592553205,0.95,0.197929839008551,0.0373127693302615,"gamma_bin"
"gamma_bin_7.50_1.36","vary_sd",1.36,-0.6,FALSE,80,0.610411594391532,0.652805129479624,0.0967240967439199,0.93,0.176512040955969,0.0423935350880917,"gamma_bin"
"gamma_bin_7.50_1.36","vary_sd",1.36,-0.6,FALSE,81,0.859802485503572,0.896121387750739,0.10926035287311,0.95,0.211486044541325,0.0363189022471674,"gamma_bin"
"gamma_bin_7.50_1.36","vary_sd",1.36,-0.6,FALSE,82,0.717893912271731,0.75905411252953,0.100964145191574,0.92,0.198038015733893,0.0411602002577984,"gamma_bin"
"gamma_bin_7.50_1.36","vary_sd",1.36,-0.6,FALSE,83,0.992160969972712,1.0158038187664,0.106123285054106,0.96,0.229385503084235,0.0236428487936905,"gamma_bin"
"gamma_bin_7.50_1.36","vary_sd",1.36,-0.6,FALSE,84,1.12536119877567,1.12077862231052,0.118424931345538,0.99,0.241733161142001,-0.00458257646515237,"gamma_bin"
"gamma_bin_7.50_1.36","vary_sd",1.36,-0.6,FALSE,85,0.719045149251176,0.729196215009944,0.106657856273107,0.94,0.199314129504057,0.0101510657587678,"gamma_bin"
"gamma_bin_7.50_1.36","vary_sd",1.36,-0.6,FALSE,86,0.847473435579488,0.880131001171515,0.113300326729875,0.97,0.225887654623871,0.032657565592027,"gamma_bin"
"gamma_bin_7.50_1.36","vary_sd",1.36,-0.6,FALSE,87,0.854973302049258,0.925668562795333,0.134737708890231,0.83,0.237223173653348,0.0706952607460747,"gamma_bin"
"gamma_bin_7.50_1.36","vary_sd",1.36,-0.6,FALSE,88,1.05225780392596,1.16731252537581,0.139359410068822,0.85,0.268312517410354,0.115054721449852,"gamma_bin"
"gamma_bin_7.50_1.36","vary_sd",1.36,-0.6,FALSE,89,0.736216801220608,0.764549399061068,0.126905649563163,0.9,0.213823223203239,0.0283325978404596,"gamma_bin"
"gamma_bin_7.50_1.36","vary_sd",1.36,-0.6,FALSE,90,0.91040746889,0.882397604162569,0.11594731220689,0.95,0.223935483870343,-0.0280098647274315,"gamma_bin"
"gamma_bin_7.50_1.36","vary_sd",1.36,-0.6,FALSE,91,0.87534575895404,0.824842497617467,0.106635933704541,0.93,0.215753942170114,-0.0505032613365733,"gamma_bin"
"gamma_bin_7.50_1.36","vary_sd",1.36,-0.6,FALSE,92,1.13304443436225,1.11771357765169,0.131900504296252,0.94,0.258055311345355,-0.0153308567105603,"gamma_bin"
"gamma_bin_7.50_1.36","vary_sd",1.36,-0.6,FALSE,93,0.779596408911112,0.807459601635812,0.107934393348034,0.96,0.225222114113066,0.0278631927246998,"gamma_bin"
"gamma_bin_7.50_1.36","vary_sd",1.36,-0.6,FALSE,94,0.738569675828446,0.757850083341093,0.105789456177257,0.99,0.219493791513821,0.0192804075126474,"gamma_bin"
"gamma_bin_7.50_1.36","vary_sd",1.36,-0.6,FALSE,95,0.736364931280663,0.749460180040325,0.113255677653259,0.93,0.218525041099632,0.0130952487596622,"gamma_bin"
"gamma_bin_7.50_1.36","vary_sd",1.36,-0.6,FALSE,96,0.940445717920046,0.960431235119655,0.127280440994855,0.95,0.250440991826981,0.0199855171996093,"gamma_bin"
"gamma_bin_7.50_1.36","vary_sd",1.36,-0.6,FALSE,97,0.926791760743166,0.941484263028499,0.112878772404223,0.96,0.249711978071301,0.014692502285333,"gamma_bin"
"gamma_bin_7.50_1.36","vary_sd",1.36,-0.6,FALSE,98,0.805248809294182,0.781148523946497,0.119934381940389,0.94,0.225755678827377,-0.0241002853476853,"gamma_bin"
"gamma_bin_7.50_1.36","vary_sd",1.36,-0.6,FALSE,99,0.968943928916511,0.91103052675852,0.13153814446402,0.9,0.244085691869096,-0.0579134021579912,"gamma_bin"
"gamma_bin_7.50_1.36","vary_sd",1.36,-0.6,FALSE,100,0.483314411540288,0.475477593206384,0.0839558190535758,0.96,0.181489962118917,-0.00783681833390443,"gamma_bin"
"gamma_bin_7.50_1.36","vary_sd",1.36,-0.6,FALSE,101,0.660754209210677,0.685205389129002,0.117356890658279,0.93,0.226572789397989,0.0244511799183253,"gamma_bin"
"gamma_bin_7.50_1.36","vary_sd",1.36,-0.6,FALSE,102,0.65572642436151,0.687076498621766,0.117953901680042,0.93,0.230240961354001,0.0313500742602556,"gamma_bin"
"gamma_bin_7.50_1.36","vary_sd",1.36,-0.6,FALSE,103,1.19597238563675,1.19830741250977,0.165485510959159,0.93,0.301889238695836,0.00233502687302334,"gamma_bin"
"gamma_bin_7.50_1.36","vary_sd",1.36,-0.6,FALSE,104,1.52016047762218,1.47869773613761,0.179958673300868,0.91,0.333943656765868,-0.0414627414845665,"gamma_bin"
"gamma_bin_7.50_1.36","vary_sd",1.36,-0.6,FALSE,105,1.1030085210386,1.02521515687954,0.151259542491864,0.93,0.282576664055909,-0.0777933641590616,"gamma_bin"
"gamma_bin_7.50_1.36","vary_sd",1.36,-0.6,FALSE,106,0.895239451481731,0.90234061011404,0.138645780393083,0.98,0.277150049227877,0.00710115863230931,"gamma_bin"
"gamma_bin_7.50_1.36","vary_sd",1.36,-0.6,FALSE,107,0.603003827128156,0.720083772584553,0.1404456108994,0.85,0.263386506331993,0.117079945456397,"gamma_bin"
"gamma_bin_7.50_1.36","vary_sd",1.36,-0.6,FALSE,108,1.07759954005713,1.35745246270056,0.193742478381669,0.63,0.373701985387853,0.279852922643428,"gamma_bin"
"gamma_bin_7.50_1.36","vary_sd",1.36,-0.6,FALSE,109,1.67933972630709,1.96420478325838,0.211544172909964,0.74,0.428794964370676,0.284865056951286,"gamma_bin"
"gamma_bin_7.50_1.36","vary_sd",1.36,-0.6,FALSE,110,0.778502984216349,0.774925048306298,0.122128164195574,0.98,0.245519771797732,-0.00357793591005118,"gamma_bin"
"gamma_bin_7.50_1.36","vary_sd",1.36,-0.6,FALSE,111,0.991989182530735,0.870752832804787,0.121750550939682,0.84,0.246374898878743,-0.121236349725948,"gamma_bin"
"gamma_bin_7.50_1.36","vary_sd",1.36,-0.6,FALSE,112,1.07686506331656,0.990035424433717,0.145918452115272,0.87,0.26690874466805,-0.0868296388828427,"gamma_bin"
"gamma_bin_7.50_1.36","vary_sd",1.36,-0.6,FALSE,113,0.702387790154813,0.762779112588984,0.117663111631663,0.95,0.249390023834188,0.0603913224341707,"gamma_bin"
"gamma_bin_7.50_1.36","vary_sd",1.36,-0.6,FALSE,114,0.976044237490855,1.12483147545887,0.156386739489592,0.81,0.312310781240856,0.148787237968014,"gamma_bin"
"gamma_bin_7.50_1.36","vary_sd",1.36,-0.6,FALSE,115,1.2386571693013,1.25626174803734,0.169136448446522,0.94,0.316254841208999,0.017604578736037,"gamma_bin"
"gamma_bin_7.50_1.36","vary_sd",1.36,-0.6,FALSE,116,1.16178575840714,1.07617156516574,0.143648576628516,0.9,0.28050501555965,-0.0856141932414038,"gamma_bin"
"gamma_bin_7.50_1.36","vary_sd",1.36,-0.6,FALSE,117,1.19460307270673,1.12639914388477,0.14960727811639,0.95,0.287379029893243,-0.0682039288219563,"gamma_bin"
"gamma_bin_7.50_1.36","vary_sd",1.36,-0.6,FALSE,118,1.1631999130357,1.17580235845267,0.136963482567903,0.96,0.301465461697024,0.0126024454169713,"gamma_bin"
"gamma_bin_7.50_1.36","vary_sd",1.36,-0.6,FALSE,119,1.07031355257977,1.12387587401018,0.170915026994353,0.9,0.302096293567963,0.0535623214304082,"gamma_bin"
"gamma_bin_7.50_1.36","vary_sd",1.36,-0.6,FALSE,120,0.877747847801672,0.963227104642491,0.156262008412228,0.9,0.283031514153953,0.0854792568408194,"gamma_bin"
"gamma_bin_7.50_1.36","vary_sd",1.36,-0.6,FALSE,121,1.36754433627127,1.47434257252575,0.19107706246477,0.88,0.342923850344424,0.106798236254479,"gamma_bin"
"gamma_bin_7.50_1.36","vary_sd",1.36,-0.6,FALSE,122,0.835785870448611,0.857619630764742,0.143438030711678,0.9,0.251207597599239,0.021833760316131,"gamma_bin"
"gamma_bin_7.50_1.36","vary_sd",1.36,-0.6,FALSE,123,1.2672350602796,1.223063577083,0.146351279439816,0.96,0.291694098184204,-0.0441714831966027,"gamma_bin"
"gamma_bin_7.50_1.36","vary_sd",1.36,-0.6,FALSE,124,0.96912547878376,0.947938611151208,0.129409216158897,0.96,0.253876808854421,-0.0211868676325522,"gamma_bin"
"gamma_bin_7.50_1.36","vary_sd",1.36,-0.6,FALSE,125,0.847337032261578,0.846018695643983,0.123607918063514,0.95,0.241048030957126,-0.00131833661759495,"gamma_bin"
"gamma_bin_7.50_1.36","vary_sd",1.36,-0.6,FALSE,126,0.715562409302676,0.727546005293622,0.118067502283367,0.97,0.227072264872768,0.0119835959909461,"gamma_bin"
"gamma_bin_7.50_1.36","vary_sd",1.36,-0.6,FALSE,127,0.947820201198353,0.959598817203751,0.140894774353879,0.91,0.261061709841822,0.0117786160053982,"gamma_bin"
"gamma_bin_7.50_1.36","vary_sd",1.36,-0.6,FALSE,128,0.685080159737144,0.684176978530048,0.120367301119949,0.94,0.218072787912892,-0.00090318120709576,"gamma_bin"
"gamma_bin_7.50_1.36","vary_sd",1.36,-0.6,FALSE,129,0.940715932502657,0.907417864897246,0.139854577536633,0.9,0.248983772345125,-0.0332980676054114,"gamma_bin"
"gamma_bin_7.50_1.36","vary_sd",1.36,-0.6,FALSE,130,0.882737793731905,0.831523836385207,0.123341137830696,0.92,0.238113289613271,-0.0512139573466983,"gamma_bin"
"gamma_bin_7.50_1.36","vary_sd",1.36,-0.6,FALSE,131,0.908595801485553,0.827041452899075,0.124909620674761,0.87,0.242058850533535,-0.0815543485864781,"gamma_bin"
"gamma_bin_7.50_1.36","vary_sd",1.36,-0.6,FALSE,132,0.91957504082564,0.926839029202056,0.137436549973721,0.96,0.266088075709137,0.00726398837641595,"gamma_bin"
"gamma_bin_7.50_1.36","vary_sd",1.36,-0.6,FALSE,133,0.772867637399724,0.801486885036493,0.151224866783945,0.89,0.255739108253721,0.0286192476367688,"gamma_bin"
"gamma_bin_7.50_1.36","vary_sd",1.36,-0.6,FALSE,134,0.85010038418266,0.920577971120052,0.15261610719462,0.86,0.279733932730876,0.0704775869373921,"gamma_bin"
"gamma_bin_7.50_1.36","vary_sd",1.36,-0.6,FALSE,135,0.784742304497557,0.849073654608053,0.13230822881953,0.93,0.270058174897135,0.0643313501104955,"gamma_bin"
"gamma_bin_7.50_1.36","vary_sd",1.36,-0.6,FALSE,136,0.974662005700731,1.00284990615796,0.152058619892591,0.95,0.291578443892448,0.0281879004572244,"gamma_bin"
"gamma_bin_7.50_1.36","vary_sd",1.36,-0.6,FALSE,137,0.984149213306856,0.969145985094905,0.12534765062421,0.98,0.285714136553573,-0.0150032282119507,"gamma_bin"
"gamma_bin_7.50_1.36","vary_sd",1.36,-0.6,FALSE,138,1.19074372582141,1.15171927369278,0.196701057980249,0.89,0.312672599183838,-0.0390244521286318,"gamma_bin"
"gamma_bin_7.50_1.36","vary_sd",1.36,-0.6,FALSE,139,1.38369717355419,1.42153461101304,0.18969312423355,0.93,0.353446058611449,0.0378374374588477,"gamma_bin"
"gamma_bin_7.50_1.36","vary_sd",1.36,-0.6,FALSE,140,0.815809623984031,0.853494566880238,0.142749092840809,0.94,0.279946020416492,0.0376849428962068,"gamma_bin"
"gamma_bin_7.50_1.36","vary_sd",1.36,-0.6,FALSE,141,0.948704132009637,1.03312881867375,0.180553812468396,0.84,0.312287372893899,0.084424686664109,"gamma_bin"
"gamma_bin_7.50_1.36","vary_sd",1.36,-0.6,FALSE,142,0.887909591017245,0.9815159407913,0.151300467580564,0.9,0.304565301630416,0.0936063497740549,"gamma_bin"
"gamma_bin_7.50_1.36","vary_sd",1.36,-0.6,FALSE,143,1.33194554446529,1.41896408899055,0.195963884919488,0.87,0.359283107757701,0.0870185445252569,"gamma_bin"
"gamma_bin_7.50_1.36","vary_sd",1.36,-0.6,FALSE,144,1.33130879278334,1.33858539884234,0.135092981253053,0.97,0.337986186556366,0.00727660605899794,"gamma_bin"
"gamma_bin_7.50_1.36","vary_sd",1.36,-0.6,FALSE,145,1.36040798308223,1.27376073503002,0.173210912606697,0.9,0.318157557533689,-0.086647248052212,"gamma_bin"
"gamma_bin_7.50_1.36","vary_sd",1.36,-0.6,FALSE,146,1.03071021292377,0.956317610285609,0.166584671903632,0.84,0.273583674818281,-0.0743926026381614,"gamma_bin"
"gamma_bin_7.50_1.36","vary_sd",1.36,-0.6,FALSE,147,1.01542172209859,1.01195640328592,0.152543659317621,0.94,0.289842800824336,-0.00346531881266632,"gamma_bin"
"gamma_bin_7.50_1.36","vary_sd",1.36,-0.6,FALSE,148,0.918033733511508,1.02218329869735,0.183037462003773,0.82,0.299075629158696,0.104149565185847,"gamma_bin"
"gamma_bin_7.50_1.36","vary_sd",1.36,-0.6,FALSE,149,0.795399668183425,0.89518802597705,0.142859638281962,0.92,0.275121710582751,0.0997883577936249,"gamma_bin"
"gamma_bin_7.50_1.36","vary_sd",1.36,-0.6,FALSE,150,0.94707340630239,0.976192632476104,0.132727584571756,0.98,0.273522575612343,0.0291192261737142,"gamma_bin"
"gamma_bin_7.50_1.36","vary_sd",1.36,-0.6,FALSE,151,0.838901742382429,0.759039788976598,0.105921360945238,0.93,0.23126268391952,-0.0798619534058309,"gamma_bin"
"gamma_bin_7.50_1.36","vary_sd",1.36,-0.6,FALSE,152,1.10279545241581,0.998647210544012,0.146134378429489,0.85,0.264254551785278,-0.104148241871798,"gamma_bin"
"gamma_bin_7.50_1.36","vary_sd",1.36,-0.6,FALSE,153,1.09815075967234,1.05384671923706,0.162722276370207,0.93,0.27828646602757,-0.0443040404352844,"gamma_bin"
"gamma_bin_7.50_1.36","vary_sd",1.36,-0.6,FALSE,154,0.933692374106949,0.931771149954335,0.142677418899704,0.93,0.271845664964652,-0.00192122415261398,"gamma_bin"
"gamma_bin_7.50_1.36","vary_sd",1.36,-0.6,FALSE,155,0.677255280263044,0.715468017806539,0.122464989923109,0.95,0.245588133461902,0.0382127375434949,"gamma_bin"
"gamma_bin_7.50_1.36","vary_sd",1.36,-0.6,FALSE,156,0.794315589671576,0.876749683641014,0.145513211796318,0.89,0.275203691692859,0.0824340939694383,"gamma_bin"
"gamma_bin_7.50_1.36","vary_sd",1.36,-0.6,FALSE,157,0.863128942217305,0.937902145804529,0.121107720213644,0.95,0.284516562869339,0.0747732035872237,"gamma_bin"
"gamma_bin_7.50_1.36","vary_sd",1.36,-0.6,FALSE,158,1.21212682918176,1.24929209898105,0.169668192442759,0.93,0.322486296173565,0.0371652697992861,"gamma_bin"
"gamma_bin_7.50_1.36","vary_sd",1.36,-0.6,FALSE,159,1.02410139695973,0.948680594627644,0.134902356678797,0.91,0.274047352482152,-0.0754208023320859,"gamma_bin"
"gamma_bin_7.50_1.36","vary_sd",1.36,-0.6,FALSE,160,0.905623732385136,0.821227514776773,0.135595001726738,0.88,0.254282779453837,-0.0843962176083635,"gamma_bin"
"gamma_bin_7.50_1.36","vary_sd",1.36,-0.6,FALSE,161,0.9116217888269,0.881179885289526,0.14388908680791,0.93,0.271871452482668,-0.0304419035373745,"gamma_bin"
"gamma_bin_7.50_1.36","vary_sd",1.36,-0.6,FALSE,162,0.854312926973229,0.925953532454649,0.152126096897272,0.92,0.292361574675116,0.07164060548142,"gamma_bin"
"gamma_bin_7.50_1.36","vary_sd",1.36,-0.6,FALSE,163,0.939537145583715,1.06341919344961,0.157517286291128,0.89,0.31859019218065,0.123882047865891,"gamma_bin"
"gamma_bin_7.50_1.36","vary_sd",1.36,-0.6,FALSE,164,0.80426541937565,0.8176103687637,0.151629046833903,0.92,0.271342732153877,0.0133449493880503,"gamma_bin"
"gamma_bin_7.50_1.36","vary_sd",1.36,-0.6,FALSE,165,1.00142458710162,0.971471696148503,0.144547907572579,0.92,0.286130324749706,-0.0299528909531173,"gamma_bin"
"gamma_bin_7.50_1.36","vary_sd",1.36,-0.6,FALSE,166,1.22258752675771,1.14972417359823,0.185154800746896,0.89,0.310273577068947,-0.0728633531594767,"gamma_bin"
"gamma_bin_7.50_1.36","vary_sd",1.36,-0.6,FALSE,167,0.797785738886173,0.802974238616663,0.132245346116883,0.98,0.266759350620922,0.00518849973048985,"gamma_bin"
"gamma_bin_7.50_1.36","vary_sd",1.36,-0.6,FALSE,168,1.14984066668627,1.1808790723959,0.17712766067908,0.95,0.331934492575049,0.0310384057096287,"gamma_bin"
"gamma_bin_7.50_1.36","vary_sd",1.36,-0.6,FALSE,169,0.760346365617299,0.77624634437657,0.136634514870525,0.97,0.273077275568097,0.015899978759271,"gamma_bin"
"gamma_bin_7.50_1.36","vary_sd",1.36,-0.6,FALSE,170,1.3742280074719,1.45770469002346,0.222317733836502,0.89,0.376354510816253,0.0834766825515634,"gamma_bin"
"gamma_bin_7.50_1.36","vary_sd",1.36,-0.6,FALSE,171,0.879913573057892,0.937091370337625,0.139178672062011,0.94,0.300236863438667,0.057177797279733,"gamma_bin"
"gamma_bin_7.50_1.36","vary_sd",1.36,-0.6,FALSE,172,1.40469565689074,1.41729124254877,0.190363005003605,0.96,0.361883903836899,0.0125955856580338,"gamma_bin"
"gamma_bin_7.50_1.36","vary_sd",1.36,-0.6,FALSE,173,0.919193449899109,0.923220492260664,0.156246977959691,0.95,0.287989045072054,0.00402704236155471,"gamma_bin"
"gamma_bin_7.50_1.36","vary_sd",1.36,-0.6,FALSE,174,0.923151861958846,0.919234805260705,0.155676777848282,0.93,0.287966940413203,-0.0039170566981408,"gamma_bin"
"gamma_bin_7.50_1.36","vary_sd",1.36,-0.6,FALSE,175,1.03836327926758,1.05310277564576,0.149939665785698,0.95,0.311482336285677,0.014739496378178,"gamma_bin"
"gamma_bin_7.50_1.36","vary_sd",1.36,-0.6,FALSE,176,0.9985406934674,1.04143830803077,0.149080531386483,0.95,0.308418946807085,0.0428976145633727,"gamma_bin"
"gamma_bin_7.50_1.36","vary_sd",1.36,-0.6,FALSE,177,1.06724188250379,1.0878957218691,0.177783353987586,0.91,0.308804807609108,0.0206538393653142,"gamma_bin"
"gamma_bin_7.50_1.36","vary_sd",1.36,-0.6,FALSE,178,0.796484699666055,0.760288371342417,0.143240836087323,0.9,0.252786963554656,-0.0361963283236377,"gamma_bin"
"gamma_bin_7.50_1.36","vary_sd",1.36,-0.6,FALSE,179,1.1985320355335,1.12536645391679,0.166046766633642,0.87,0.306067263035821,-0.0731655816167092,"gamma_bin"
"gamma_bin_7.50_1.36","vary_sd",1.36,-0.6,FALSE,180,1.18742100745866,1.2197404626041,0.154440991872136,0.98,0.324446505842916,0.0323194551454364,"gamma_bin"
"gamma_bin_7.50_1.36","vary_sd",1.36,-0.6,FALSE,181,1.49419527020498,1.52324365714796,0.191868134826642,0.95,0.370248182968737,0.0290483869429787,"gamma_bin"
"gamma_bin_7.50_1.36","vary_sd",1.36,-0.6,FALSE,182,1.51569869674153,1.54131184149754,0.208080392615037,0.94,0.374539888045106,0.0256131447560088,"gamma_bin"
"gamma_bin_7.50_1.36","vary_sd",1.36,-0.6,FALSE,183,0.993075321330978,1.04168191084617,0.171968452745699,0.9,0.305547065092566,0.0486065895151937,"gamma_bin"
"gamma_bin_7.50_1.36","vary_sd",1.36,-0.6,FALSE,184,0.900892693512611,0.97230120760435,0.163136778616189,0.91,0.295634307684803,0.0714085140917394,"gamma_bin"
"gamma_bin_7.50_1.36","vary_sd",1.36,-0.6,FALSE,185,0.823216687408857,0.938708887767359,0.146359307106037,0.9,0.288209377735907,0.115492200358501,"gamma_bin"
"gamma_bin_7.50_1.36","vary_sd",1.36,-0.6,FALSE,186,1.22622981286846,1.31010008308207,0.170584408585817,0.89,0.328057376722664,0.0838702702136136,"gamma_bin"
"gamma_bin_7.50_1.36","vary_sd",1.36,-0.6,FALSE,187,0.917491231652979,0.902220522560463,0.127556209995279,0.95,0.258277885699951,-0.0152707090925163,"gamma_bin"
"gamma_bin_7.50_1.36","vary_sd",1.36,-0.6,FALSE,188,1.14601430452239,1.01559403307717,0.152808497813717,0.79,0.262833799259419,-0.130420271445218,"gamma_bin"
"gamma_bin_7.50_1.36","vary_sd",1.36,-0.6,FALSE,189,1.15018203934659,1.02072548131935,0.131486483070213,0.84,0.263341080336433,-0.129456558027245,"gamma_bin"
"gamma_bin_7.50_1.36","vary_sd",1.36,-0.6,FALSE,190,1.13788009197463,1.07711769455489,0.137442990126106,0.93,0.282384325801753,-0.0607623974197362,"gamma_bin"
"gamma_bin_7.50_1.36","vary_sd",1.36,-0.6,FALSE,191,1.77821476084602,1.8928836795782,0.208964890964785,0.91,0.391497746341161,0.114668918732176,"gamma_bin"
"gamma_bin_7.50_1.36","vary_sd",1.36,-0.6,FALSE,192,1.12622467540917,1.2373893492802,0.174763248046431,0.89,0.318433969847807,0.111164673871033,"gamma_bin"
"gamma_bin_7.50_1.36","vary_sd",1.36,-0.6,FALSE,193,1.63143870001326,1.74348506034835,0.195784245497184,0.91,0.369991086063649,0.112046360335086,"gamma_bin"
"gamma_bin_7.50_1.36","vary_sd",1.36,-0.6,FALSE,194,1.96133686485764,2.1054845800325,0.217181438086466,0.85,0.396662915593042,0.144147715174864,"gamma_bin"
"gamma_bin_7.50_1.36","vary_sd",1.36,-0.6,FALSE,195,1.62645944263275,1.73685483834582,0.167092121958787,0.9,0.353060605804145,0.110395395713069,"gamma_bin"
"gamma_bin_7.50_1.36","vary_sd",1.36,-0.6,FALSE,196,1.22116224956869,1.34216245909611,0.157159092379134,0.88,0.302301029356542,0.121000209527425,"gamma_bin"
"gamma_bin_7.50_1.36","vary_sd",1.36,-0.6,FALSE,197,1.08513472727433,1.17339766369302,0.132654095617811,0.89,0.270196863932709,0.088262936418688,"gamma_bin"
"gamma_bin_7.50_1.36","vary_sd",1.36,-0.6,FALSE,198,1.22272793926392,1.28410492220005,0.135976726280807,0.92,0.27046774401926,0.0613769829361315,"gamma_bin"
"gamma_bin_7.50_1.36","vary_sd",1.36,-0.6,FALSE,199,1.29605177368887,1.31592809598666,0.136281810306094,0.94,0.263670438692612,0.0198763222977918,"gamma_bin"
"gamma_bin_7.50_1.36","vary_sd",1.36,-0.6,FALSE,200,1.66923410820015,1.61732257147022,0.159420016360064,0.94,0.278227182874176,-0.0519115367299252,"gamma_bin"
"gamma_bin_7.50_1.36","vary_sd",1.36,-0.6,FALSE,201,1.1694237090907,1.05624650046731,0.100969026239754,0.85,0.215549363015803,-0.113177208623388,"gamma_bin"
"gamma_bin_7.50_1.36","vary_sd",1.36,-0.6,FALSE,202,1.07879296650834,1.00180517510594,0.116599216202921,0.87,0.208752227043856,-0.0769877914023995,"gamma_bin"
"gamma_bin_7.50_1.36","vary_sd",1.36,-0.6,FALSE,203,0.894627487421358,0.885730008210945,0.10176765723988,0.99,0.200584217284194,-0.00889747921041251,"gamma_bin"
"gamma_bin_7.50_1.36","vary_sd",1.36,-0.6,FALSE,204,0.81895014827116,0.893749971012929,0.111104021562181,0.89,0.204700500308785,0.0747998227417686,"gamma_bin"
"gamma_bin_7.50_1.36","vary_sd",1.36,-0.6,FALSE,205,0.966704879629287,1.04141401764247,0.111819966512,0.94,0.2162510501768,0.074709138013179,"gamma_bin"
"gamma_bin_7.50_1.36","vary_sd",1.36,-0.6,FALSE,206,0.735615178317886,0.706701056344322,0.0856147756297864,0.91,0.169603993674443,-0.0289141219735636,"gamma_bin"
"gamma_bin_7.50_1.36","vary_sd",1.36,-0.6,FALSE,207,0.854920650119855,0.763107791343709,0.0970048759351211,0.79,0.170393183132907,-0.0918128587761458,"gamma_bin"
"gamma_bin_7.50_1.36","vary_sd",1.36,-0.6,FALSE,208,1.1836252253062,1.0538166705611,0.110795297204753,0.76,0.201811990467502,-0.129808554745103,"gamma_bin"
"gamma_bin_7.50_1.36","vary_sd",1.36,-0.6,FALSE,209,1.4603135494891,1.36369047193136,0.114740117805979,0.89,0.238634194252022,-0.0966230775577386,"gamma_bin"
"gamma_bin_7.50_1.36","vary_sd",1.36,-0.6,FALSE,210,0.828359371463702,0.858993437261445,0.101288085311909,0.94,0.198095060465149,0.030634065797743,"gamma_bin"
"gamma_bin_7.50_1.36","vary_sd",1.36,-0.6,FALSE,211,0.945528169177749,1.00939374172416,0.103197011362066,0.96,0.220392809484258,0.0638655725464102,"gamma_bin"
"gamma_bin_7.50_1.36","vary_sd",1.36,-0.6,FALSE,212,0.79051319956122,0.879710314089926,0.105785029248015,0.84,0.208088694487815,0.0891971145287062,"gamma_bin"
"gamma_bin_7.50_1.36","vary_sd",1.36,-0.6,FALSE,213,1.43201623771777,1.62264099278375,0.15216551531541,0.73,0.28294205236264,0.190624755065985,"gamma_bin"
"gamma_bin_7.50_1.36","vary_sd",1.36,-0.6,FALSE,214,1.11428897280893,1.19925073142341,0.124504243897335,0.82,0.235698233020344,0.0849617586144826,"gamma_bin"
"gamma_bin_7.50_1.36","vary_sd",1.36,-0.6,FALSE,215,1.11572179995221,1.06100485694811,0.124973386014665,0.86,0.210710478863185,-0.0547169430040975,"gamma_bin"
"gamma_bin_7.50_1.36","vary_sd",1.36,-0.6,FALSE,216,1.45327758905901,1.34825712150963,0.133930397345969,0.84,0.232063398265384,-0.105020467549382,"gamma_bin"
"gamma_bin_7.50_1.36","vary_sd",1.36,-0.6,FALSE,217,1.1420673106557,1.12804952113063,0.100335758197516,0.95,0.217255224275716,-0.0140177895250699,"gamma_bin"
"gamma_bin_7.50_1.36","vary_sd",1.36,-0.6,FALSE,218,0.657966158830962,0.71717985961121,0.0884156520087401,0.92,0.1789579987477,0.0592137007802483,"gamma_bin"
"gamma_bin_7.50_1.36","vary_sd",1.36,-0.6,FALSE,219,1.3705780170681,1.52221959829052,0.115748105320957,0.81,0.258221836299684,0.151641581222417,"gamma_bin"
"gamma_bin_7.50_1.36","vary_sd",1.36,-0.6,FALSE,220,1.12178323201924,1.17264582889846,0.110148595280345,0.92,0.217870313961914,0.0508625968792189,"gamma_bin"
"gamma_bin_7.50_1.36","vary_sd",1.36,-0.6,FALSE,221,1.82150678776182,1.77108501176095,0.131321465101432,0.95,0.259834827622675,-0.0504217760008747,"gamma_bin"
"gamma_bin_7.50_1.36","vary_sd",1.36,-0.6,FALSE,222,1.47822233790926,1.40116002268032,0.120679126367772,0.9,0.226048139310365,-0.0770623152289389,"gamma_bin"
"gamma_bin_7.50_1.36","vary_sd",1.36,-0.6,FALSE,223,1.2291381002976,1.1761629248733,0.110935461570518,0.92,0.206062182390747,-0.0529751754243024,"gamma_bin"
"gamma_bin_7.50_1.36","vary_sd",1.36,-0.6,FALSE,224,1.39168397860736,1.46451382992703,0.128018795210856,0.88,0.234270750589111,0.0728298513196743,"gamma_bin"
"gamma_bin_7.50_1.36","vary_sd",1.36,-0.6,FALSE,225,1.02693213453622,1.19520533478407,0.105822456562697,0.62,0.213936187628087,0.168273200247851,"gamma_bin"
"gamma_bin_7.50_1.36","vary_sd",1.36,-0.6,FALSE,226,0.944477107231107,1.05599663694073,0.097230544024581,0.8,0.194283022988405,0.111519529709626,"gamma_bin"
"gamma_bin_7.50_1.36","vary_sd",1.36,-0.6,FALSE,227,0.88294479567521,0.894669893777661,0.0930763648867254,0.94,0.167119413820196,0.0117250981024511,"gamma_bin"
"gamma_bin_7.50_1.36","vary_sd",1.36,-0.6,FALSE,228,1.2545287150813,1.17298968030253,0.0945306006982226,0.83,0.181034541648441,-0.0815390347787708,"gamma_bin"
"gamma_bin_7.50_1.36","vary_sd",1.36,-0.6,FALSE,229,1.46483936058861,1.31147728255289,0.100943952705353,0.6,0.187719815072342,-0.153362078035722,"gamma_bin"
"gamma_bin_7.50_1.36","vary_sd",1.36,-0.6,FALSE,230,1.5106771494413,1.36697747093503,0.0924227009369717,0.73,0.193098608606343,-0.143699678506273,"gamma_bin"
"gamma_bin_7.50_1.36","vary_sd",1.36,-0.6,FALSE,231,1.76125096519109,1.68225223799939,0.105973153066173,0.9,0.218160296389615,-0.0789987271917025,"gamma_bin"
"gamma_bin_7.50_1.36","vary_sd",1.36,-0.6,FALSE,232,1.40611418271408,1.4806196585911,0.0966399104506042,0.89,0.210177627195841,0.0745054758770236,"gamma_bin"
"gamma_bin_7.50_1.36","vary_sd",1.36,-0.6,FALSE,233,1.50840807515769,1.74452531141069,0.119275740110096,0.42,0.232821564653099,0.236117236252995,"gamma_bin"
"gamma_bin_7.50_1.36","vary_sd",1.36,-0.6,FALSE,234,2.14812836507422,2.54784971786979,0.147918885836543,0.14,0.276321600980263,0.399721352795568,"gamma_bin"
"gamma_bin_7.50_1.36","vary_sd",1.36,-0.6,FALSE,235,1.77318978695313,1.99242483140441,0.140451983439924,0.48,0.229898792189356,0.219235044451281,"gamma_bin"
"gamma_bin_7.50_1.36","vary_sd",1.36,-0.6,FALSE,236,1.73485405696823,1.81207662981643,0.123665598845325,0.84,0.204400147985593,0.0772225728481954,"gamma_bin"
"gamma_bin_7.50_1.36","vary_sd",1.36,-0.6,FALSE,237,1.62270455030168,1.65647846547367,0.0954078657300153,0.93,0.184841141635813,0.0337739151719896,"gamma_bin"
"gamma_bin_7.50_1.36","vary_sd",1.36,-0.6,FALSE,238,1.18127386711031,1.2104414219823,0.0782816192644444,0.94,0.152658591664931,0.0291675548719932,"gamma_bin"
"gamma_bin_7.50_1.36","vary_sd",1.36,-0.6,FALSE,239,1.18467641337506,1.26855910168467,0.0821977869275088,0.73,0.151847464241464,0.0838826883096131,"gamma_bin"
"gamma_bin_7.50_1.36","vary_sd",1.36,-0.6,FALSE,240,1.41686704734357,1.46103916629235,0.0956434162772332,0.85,0.155395723244426,0.0441721189487816,"gamma_bin"
"gamma_bin_7.50_1.36","vary_sd",1.36,-0.6,FALSE,241,1.25638994428988,1.20874306948957,0.0646713398534234,0.92,0.13332578486637,-0.0476468748003063,"gamma_bin"
"gamma_bin_7.50_1.36","vary_sd",1.36,-0.6,FALSE,242,1.12129644908568,1.04129566404653,0.0613900912328914,0.77,0.118922639563208,-0.0800007850391511,"gamma_bin"
"gamma_bin_7.50_1.36","vary_sd",1.36,-0.6,FALSE,243,1.35471671225519,1.24137502283414,0.0590310454119286,0.63,0.127704312184441,-0.113341689421051,"gamma_bin"
"gamma_bin_7.50_1.36","vary_sd",1.36,-0.6,FALSE,244,1.01075153524685,0.967267229985947,0.066008948335854,0.82,0.113489953485582,-0.0434843052609025,"gamma_bin"
"gamma_bin_7.50_1.36","vary_sd",1.36,-0.6,FALSE,245,1.09871605480815,1.10475542156901,0.0611647308056701,0.96,0.122907850811413,0.00603936676085848,"gamma_bin"
"gamma_bin_7.50_1.36","vary_sd",1.36,-0.6,FALSE,246,1.01869442350015,1.04294686635482,0.0649114862715698,0.88,0.11869244220723,0.0242524428546662,"gamma_bin"
"gamma_bin_7.50_1.36","vary_sd",1.36,-0.6,FALSE,247,0.933319674797869,0.928673611753302,0.0588920826822549,0.95,0.109370428459638,-0.00464606304456705,"gamma_bin"
"gamma_bin_7.50_1.36","vary_sd",1.36,-0.6,FALSE,248,1.07523379129616,1.05431596557411,0.0650336890101547,0.89,0.114583913284767,-0.020917825722049,"gamma_bin"
"gamma_bin_7.50_1.36","vary_sd",1.36,-0.6,FALSE,249,1.30371060738913,1.24810865362833,0.0605350433770575,0.86,0.123444079434262,-0.0556019537607977,"gamma_bin"
"gamma_bin_7.50_1.36","vary_sd",1.36,-0.6,FALSE,250,1.41728039570922,1.35021986873606,0.0661421438943546,0.84,0.128131226498355,-0.067060526973159,"gamma_bin"
"gamma_bin_7.50_1.36","vary_sd",1.36,-0.6,FALSE,251,1.14476257942982,1.12250683165244,0.0645400905394699,0.94,0.117862425168214,-0.0222557477773806,"gamma_bin"
"gamma_bin_7.50_1.36","vary_sd",1.36,-0.6,FALSE,252,1.28960282315637,1.32317464057435,0.0682023356557512,0.91,0.129297618713856,0.0335718174179762,"gamma_bin"
"gamma_bin_7.50_1.36","vary_sd",1.36,-0.6,FALSE,253,1.41166776000313,1.51786441291265,0.0690038950081607,0.63,0.139767934238828,0.106196652909518,"gamma_bin"
"gamma_bin_7.50_2.04","vary_sd",2.04,-0.4,FALSE,8,1.22915300707766,1.06111871908494,0.0490800786007698,0.06,0.0944393704232132,-0.168034287992725,"gamma_bin"
"gamma_bin_7.50_2.04","vary_sd",2.04,-0.4,FALSE,9,2.39912444733293,2.11540763942884,0.057119763461399,0,0.127760384259233,-0.283716807904091,"gamma_bin"
"gamma_bin_7.50_2.04","vary_sd",2.04,-0.4,FALSE,10,1.19488455941613,1.11691479305694,0.0391213841316796,0.62,0.0909816879195141,-0.0779697663591898,"gamma_bin"
"gamma_bin_7.50_2.04","vary_sd",2.04,-0.4,FALSE,11,1.32901937043135,1.30400675168721,0.0513767132627334,0.9,0.0963073208584475,-0.0250126187441395,"gamma_bin"
"gamma_bin_7.50_2.04","vary_sd",2.04,-0.4,FALSE,12,1.45964563283974,1.46213804174899,0.0505380766076629,0.97,0.0991781766554188,0.00249240890924907,"gamma_bin"
"gamma_bin_7.50_2.04","vary_sd",2.04,-0.4,FALSE,13,1.71536377425759,1.71414044088816,0.0519600457487317,0.97,0.103795971454003,-0.00122333336942559,"gamma_bin"
"gamma_bin_7.50_2.04","vary_sd",2.04,-0.4,FALSE,14,1.05186283321434,1.03797913461657,0.040736452417043,0.91,0.0780186637721478,-0.0138836985977724,"gamma_bin"
"gamma_bin_7.50_2.04","vary_sd",2.04,-0.4,FALSE,15,1.02513341063733,0.999103246633744,0.0400076631769831,0.85,0.0745035534017992,-0.0260301640035857,"gamma_bin"
"gamma_bin_7.50_2.04","vary_sd",2.04,-0.4,FALSE,16,1.25256084138212,1.24393130334324,0.0421346634118663,0.99,0.0816480980665861,-0.00862953803888078,"gamma_bin"
"gamma_bin_7.50_2.04","vary_sd",2.04,-0.4,FALSE,17,1.2152968085526,1.20797606060582,0.0399661542078806,0.96,0.0791134617966006,-0.00732074794677517,"gamma_bin"
"gamma_bin_7.50_2.04","vary_sd",2.04,-0.4,FALSE,18,0.979262007308338,0.958353323546768,0.0366593395353565,0.94,0.0691458008438292,-0.0209086837615697,"gamma_bin"
"gamma_bin_7.50_2.04","vary_sd",2.04,-0.4,FALSE,19,1.02548164174434,0.989064790336797,0.0356076229261529,0.81,0.0692727869093911,-0.0364168514075432,"gamma_bin"
"gamma_bin_7.50_2.04","vary_sd",2.04,-0.4,FALSE,20,1.03937017525567,1.01479234822713,0.0342032083416922,0.91,0.0698022608971953,-0.0245778270285386,"gamma_bin"
"gamma_bin_7.50_2.04","vary_sd",2.04,-0.4,FALSE,21,1.31708921089394,1.29298570953742,0.0402093096712723,0.9,0.0786560710721033,-0.0241035013565178,"gamma_bin"
"gamma_bin_7.50_2.04","vary_sd",2.04,-0.4,FALSE,22,1.01629528374106,1.0020772646428,0.0343334847787269,0.92,0.0690743158302384,-0.0142180190982648,"gamma_bin"
"gamma_bin_7.50_2.04","vary_sd",2.04,-0.4,FALSE,23,0.750244244564339,0.742540078140333,0.0288900406170672,0.94,0.059340172188783,-0.00770416642400573,"gamma_bin"
"gamma_bin_7.50_2.04","vary_sd",2.04,-0.4,FALSE,24,0.686827825813118,0.69123031280802,0.0292074999367175,0.93,0.0572332882036841,0.00440248699490198,"gamma_bin"
"gamma_bin_7.50_2.04","vary_sd",2.04,-0.4,FALSE,25,1.09141067495798,1.10071161025176,0.0347769060324067,0.93,0.0720277759373495,0.00930093529378251,"gamma_bin"
"gamma_bin_7.50_2.04","vary_sd",2.04,-0.4,FALSE,26,0.74108150094242,0.724471546507329,0.0316962423870187,0.89,0.0580259711658076,-0.0166099544350909,"gamma_bin"
"gamma_bin_7.50_2.04","vary_sd",2.04,-0.4,FALSE,27,0.768558244559202,0.739467484181827,0.0307612289036323,0.82,0.0584162727754632,-0.0290907603773746,"gamma_bin"
"gamma_bin_7.50_2.04","vary_sd",2.04,-0.4,FALSE,28,0.75279022252533,0.717047260599307,0.0275259906220564,0.8,0.0580609719550945,-0.0357429619260228,"gamma_bin"
"gamma_bin_7.50_2.04","vary_sd",2.04,-0.4,FALSE,29,0.700207559621297,0.679778557926864,0.0286415836758746,0.94,0.0577053172759702,-0.0204290016944326,"gamma_bin"
"gamma_bin_7.50_2.04","vary_sd",2.04,-0.4,FALSE,30,0.555254250263291,0.550975084843075,0.0278544201801267,0.92,0.0531132698528472,-0.004279165420216,"gamma_bin"
"gamma_bin_7.50_2.04","vary_sd",2.04,-0.4,FALSE,31,0.584462421312083,0.577895367859915,0.0280122592261465,0.94,0.0554513480483962,-0.00656705345216824,"gamma_bin"
"gamma_bin_7.50_2.04","vary_sd",2.04,-0.4,FALSE,32,0.680311568720764,0.671026000992611,0.0280492701647821,0.95,0.0608861616059537,-0.00928556772815303,"gamma_bin"
"gamma_bin_7.50_2.04","vary_sd",2.04,-0.4,FALSE,33,0.958980557438332,0.939543216282907,0.0446281153833182,0.85,0.0736638030553406,-0.0194373411554252,"gamma_bin"
"gamma_bin_7.50_2.04","vary_sd",2.04,-0.4,FALSE,34,1.26715241572783,1.23335281139968,0.0420847545882597,0.9,0.0868674855628341,-0.0337996043281483,"gamma_bin"
"gamma_bin_7.50_2.04","vary_sd",2.04,-0.4,FALSE,35,1.32835101120383,1.3172611491391,0.0450996899630767,0.97,0.0930691973985125,-0.0110898620647311,"gamma_bin"
"gamma_bin_7.50_2.04","vary_sd",2.04,-0.4,FALSE,36,0.820531409863083,0.85301242909302,0.0393782879819355,0.9,0.0778268288753524,0.0324810192299373,"gamma_bin"
"gamma_bin_7.50_2.04","vary_sd",2.04,-0.4,FALSE,37,0.605068218099632,0.66429014184621,0.0389342463161822,0.62,0.0705789020111291,0.059221923746578,"gamma_bin"
"gamma_bin_7.50_2.04","vary_sd",2.04,-0.4,FALSE,38,0.48061136006007,0.541883560897622,0.0333212513802959,0.48,0.0637523826370111,0.0612722008375522,"gamma_bin"
"gamma_bin_7.50_2.04","vary_sd",2.04,-0.4,FALSE,39,0.729684564655972,0.782797479309868,0.0340202882656415,0.7,0.0744927641151107,0.0531129146538959,"gamma_bin"
"gamma_bin_7.50_2.04","vary_sd",2.04,-0.4,FALSE,40,0.815108206288389,0.799469616750891,0.0363391441381142,0.94,0.0726730307685877,-0.0156385895374979,"gamma_bin"
"gamma_bin_7.50_2.04","vary_sd",2.04,-0.4,FALSE,41,0.615430120554185,0.561237798726012,0.0316029490925447,0.58,0.060009915192995,-0.0541923218281726,"gamma_bin"
"gamma_bin_7.50_2.04","vary_sd",2.04,-0.4,FALSE,42,0.7716723572992,0.687332972357484,0.0352068010885008,0.36,0.0677029963798343,-0.0843393849417156,"gamma_bin"
"gamma_bin_7.50_2.04","vary_sd",2.04,-0.4,FALSE,43,0.638626730193333,0.601739358694495,0.0303338589362258,0.85,0.0664001679879699,-0.036887371498838,"gamma_bin"
"gamma_bin_7.50_2.04","vary_sd",2.04,-0.4,FALSE,44,0.502593853100566,0.497923724941841,0.0357153067838356,0.94,0.0637654468594948,-0.00467012815872525,"gamma_bin"
"gamma_bin_7.50_2.04","vary_sd",2.04,-0.4,FALSE,45,0.419338241890262,0.440241226655995,0.0347310231635473,0.87,0.0625533249729094,0.0209029847657327,"gamma_bin"
"gamma_bin_7.50_2.04","vary_sd",2.04,-0.4,FALSE,46,0.532509871825,0.55828106206135,0.0345978525918791,0.88,0.0723267824687555,0.02577119023635,"gamma_bin"
"gamma_bin_7.50_2.04","vary_sd",2.04,-0.4,FALSE,47,0.748139787723446,0.754076925306012,0.0482690795105608,0.93,0.0856536416279595,0.0059371375825662,"gamma_bin"
"gamma_bin_7.50_2.04","vary_sd",2.04,-0.4,FALSE,48,0.69956822206096,0.682542703431679,0.0392591096374716,0.96,0.0834087956130951,-0.0170255186292815,"gamma_bin"
"gamma_bin_7.50_2.04","vary_sd",2.04,-0.4,FALSE,49,0.840598040729289,0.816190491731935,0.0453971976279795,0.94,0.0946011224913973,-0.0244075489973544,"gamma_bin"
"gamma_bin_7.50_2.04","vary_sd",2.04,-0.4,FALSE,50,0.60554325949379,0.612808244338565,0.0445589987965056,0.95,0.0861031134907764,0.007264984844775,"gamma_bin"
"gamma_bin_7.50_2.04","vary_sd",2.04,-0.4,FALSE,51,0.551125264389769,0.578109216549587,0.0449371405606186,0.92,0.0879689311525388,0.026983952159818,"gamma_bin"
"gamma_bin_7.50_2.04","vary_sd",2.04,-0.4,FALSE,52,0.382393923102511,0.41506836261653,0.0356803550809748,0.89,0.0772449943771186,0.0326744395140191,"gamma_bin"
"gamma_bin_7.50_2.04","vary_sd",2.04,-0.4,FALSE,53,0.67600822687436,0.724331610769508,0.0576233222076541,0.81,0.103595228825201,0.0483233838951479,"gamma_bin"
"gamma_bin_7.50_2.04","vary_sd",2.04,-0.4,FALSE,54,0.673855515926702,0.676556751543253,0.0519601872498093,0.93,0.100669939415851,0.00270123561655122,"gamma_bin"
"gamma_bin_7.50_2.04","vary_sd",2.04,-0.4,FALSE,55,0.928599757202953,0.905378487496548,0.0545413208135236,0.98,0.117891976046697,-0.0232212697064048,"gamma_bin"
"gamma_bin_7.50_2.04","vary_sd",2.04,-0.4,FALSE,56,0.750387184163906,0.721111081818856,0.0549905834454241,0.93,0.108444571437546,-0.0292761023450502,"gamma_bin"
"gamma_bin_7.50_2.04","vary_sd",2.04,-0.4,FALSE,57,0.713506443750686,0.715699593134623,0.0642540424657169,0.92,0.11322560323524,0.00219314938393678,"gamma_bin"
"gamma_bin_7.50_2.04","vary_sd",2.04,-0.4,FALSE,58,0.492090945289708,0.518202171508132,0.0512315997866792,0.92,0.101150706916823,0.0261112262184242,"gamma_bin"
"gamma_bin_7.50_2.04","vary_sd",2.04,-0.4,FALSE,59,0.488086622314194,0.529491451556394,0.0642041444606022,0.82,0.105482684970084,0.0414048292421999,"gamma_bin"
"gamma_bin_7.50_2.04","vary_sd",2.04,-0.4,FALSE,60,0.671814423224244,0.709860011037155,0.0623932998108586,0.91,0.123342368588153,0.0380455878129113,"gamma_bin"
"gamma_bin_7.50_2.04","vary_sd",2.04,-0.4,FALSE,61,0.791713212108865,0.791733681806265,0.0752480893745191,0.95,0.130292392011416,2.04696974003271e-05,"gamma_bin"
"gamma_bin_7.50_2.04","vary_sd",2.04,-0.4,FALSE,62,0.652883007093316,0.640395723910616,0.0609576705610499,0.93,0.118348874650895,-0.0124872831827003,"gamma_bin"
"gamma_bin_7.50_2.04","vary_sd",2.04,-0.4,FALSE,63,0.61385111269512,0.589234121444335,0.0635115091806987,0.9,0.116900838137423,-0.0246169912507851,"gamma_bin"
"gamma_bin_7.50_2.04","vary_sd",2.04,-0.4,FALSE,64,0.74711285306125,0.738631713677518,0.0689129590777606,0.97,0.137013972669705,-0.0084811393837324,"gamma_bin"
"gamma_bin_7.50_2.04","vary_sd",2.04,-0.4,FALSE,65,0.706623402762968,0.729675688764236,0.0741913354438376,0.94,0.142496619245226,0.0230522860012676,"gamma_bin"
"gamma_bin_7.50_2.04","vary_sd",2.04,-0.4,FALSE,66,0.511807017708403,0.530931293854306,0.0698279192791453,0.94,0.125560715243325,0.0191242761459026,"gamma_bin"
"gamma_bin_7.50_2.04","vary_sd",2.04,-0.4,FALSE,67,0.670522334469821,0.694986900801156,0.0677268696977639,0.96,0.146644647697566,0.0244645663313351,"gamma_bin"
"gamma_bin_7.50_2.04","vary_sd",2.04,-0.4,FALSE,68,1.17241462294142,1.19502819080077,0.0878177037460933,0.98,0.195551939291565,0.0226135678593522,"gamma_bin"
"gamma_bin_7.50_2.04","vary_sd",2.04,-0.4,FALSE,69,1.09873791889337,1.11950995805112,0.0891522674916775,0.97,0.19287075871907,0.0207720391577488,"gamma_bin"
"gamma_bin_7.50_2.04","vary_sd",2.04,-0.4,FALSE,70,0.863932410861542,0.856801319353515,0.0931522785858428,0.93,0.172760537954521,-0.00713109150802704,"gamma_bin"
"gamma_bin_7.50_2.04","vary_sd",2.04,-0.4,FALSE,71,0.715028130529259,0.741502451210258,0.0749219537702407,0.96,0.16536990684061,0.0264743206809992,"gamma_bin"
"gamma_bin_7.50_2.04","vary_sd",2.04,-0.4,FALSE,72,0.577764438354966,0.631760614167952,0.092857992714829,0.86,0.155829123740522,0.0539961758129862,"gamma_bin"
"gamma_bin_7.50_2.04","vary_sd",2.04,-0.4,FALSE,73,0.968013714061152,1.02511192241039,0.101998600607059,0.89,0.198554389369421,0.0570982083492422,"gamma_bin"
"gamma_bin_7.50_2.04","vary_sd",2.04,-0.4,FALSE,74,0.655296731928532,0.679898310898418,0.073287910321009,0.98,0.159038922702852,0.0246015789698862,"gamma_bin"
"gamma_bin_7.50_2.04","vary_sd",2.04,-0.4,FALSE,75,0.599731609487604,0.582764018887302,0.074636380084986,0.95,0.145423560349451,-0.0169675906003017,"gamma_bin"
"gamma_bin_7.50_2.04","vary_sd",2.04,-0.4,FALSE,76,0.795766545904808,0.77686269766297,0.0914196402141218,0.92,0.169307971162477,-0.018903848241838,"gamma_bin"
"gamma_bin_7.50_2.04","vary_sd",2.04,-0.4,FALSE,77,0.873622167427323,0.86073320137583,0.097411265713676,0.94,0.183144274889088,-0.0128889660514929,"gamma_bin"
"gamma_bin_7.50_2.04","vary_sd",2.04,-0.4,FALSE,78,0.655482440826882,0.647547273326783,0.0989295147983343,0.93,0.164097050356602,-0.00793516750009882,"gamma_bin"
"gamma_bin_7.50_2.04","vary_sd",2.04,-0.4,FALSE,79,0.810569670710955,0.817390558359681,0.0838026369659097,0.99,0.190820930391759,0.00682088764872646,"gamma_bin"
"gamma_bin_7.50_2.04","vary_sd",2.04,-0.4,FALSE,80,0.610411594391532,0.641815865185969,0.0942425489987455,0.93,0.173519820059631,0.0314042707944371,"gamma_bin"
"gamma_bin_7.50_2.04","vary_sd",2.04,-0.4,FALSE,81,0.859802485503572,0.880742558944966,0.105631347458898,0.95,0.207839139411751,0.0209400734413936,"gamma_bin"
"gamma_bin_7.50_2.04","vary_sd",2.04,-0.4,FALSE,82,0.717893912271731,0.739995570287367,0.098696314545537,0.96,0.193040500518736,0.0221016580156361,"gamma_bin"
"gamma_bin_7.50_2.04","vary_sd",2.04,-0.4,FALSE,83,0.992160969972712,1.01219988157622,0.100411161006026,0.99,0.228584200016346,0.0200389116035068,"gamma_bin"
"gamma_bin_7.50_2.04","vary_sd",2.04,-0.4,FALSE,84,1.12536119877567,1.14310631815936,0.11682557524733,0.99,0.246512839363911,0.0177451193836866,"gamma_bin"
"gamma_bin_7.50_2.04","vary_sd",2.04,-0.4,FALSE,85,0.719045149251176,0.740384842332196,0.105440624267399,0.95,0.202375788363531,0.0213396930810204,"gamma_bin"
"gamma_bin_7.50_2.04","vary_sd",2.04,-0.4,FALSE,86,0.847473435579488,0.874369976309786,0.111867893255329,0.97,0.224391714959685,0.0268965407302985,"gamma_bin"
"gamma_bin_7.50_2.04","vary_sd",2.04,-0.4,FALSE,87,0.854973302049258,0.899635664634359,0.126477306490875,0.94,0.23058463335741,0.0446623625851005,"gamma_bin"
"gamma_bin_7.50_2.04","vary_sd",2.04,-0.4,FALSE,88,1.05225780392596,1.12225546086709,0.13145658686353,0.93,0.25791056467174,0.069997656941132,"gamma_bin"
"gamma_bin_7.50_2.04","vary_sd",2.04,-0.4,FALSE,89,0.736216801220608,0.746333763556302,0.12206492836792,0.94,0.208732261727262,0.0101169623356938,"gamma_bin"
"gamma_bin_7.50_2.04","vary_sd",2.04,-0.4,FALSE,90,0.91040746889,0.900539953741499,0.114055041387308,0.95,0.228587435414155,-0.00986751514850093,"gamma_bin"
"gamma_bin_7.50_2.04","vary_sd",2.04,-0.4,FALSE,91,0.87534575895404,0.859436016215253,0.108580114412791,0.95,0.224831600995335,-0.0159097427387874,"gamma_bin"
"gamma_bin_7.50_2.04","vary_sd",2.04,-0.4,FALSE,92,1.13304443436225,1.13073845868543,0.127484424797384,0.95,0.261110571643741,-0.00230597567681534,"gamma_bin"
"gamma_bin_7.50_2.04","vary_sd",2.04,-0.4,FALSE,93,0.779596408911112,0.79169089933994,0.102335397113286,0.96,0.22082887621451,0.0120944904288276,"gamma_bin"
"gamma_bin_7.50_2.04","vary_sd",2.04,-0.4,FALSE,94,0.738569675828446,0.749719799861366,0.103519972070415,1,0.217090667155486,0.01115012403292,"gamma_bin"
"gamma_bin_7.50_2.04","vary_sd",2.04,-0.4,FALSE,95,0.736364931280663,0.752399736625148,0.111483302085912,0.93,0.219379318292144,0.016034805344485,"gamma_bin"
"gamma_bin_7.50_2.04","vary_sd",2.04,-0.4,FALSE,96,0.940445717920046,0.953476844151496,0.123109739587665,0.96,0.248623867862123,0.0130311262314502,"gamma_bin"
"gamma_bin_7.50_2.04","vary_sd",2.04,-0.4,FALSE,97,0.926791760743166,0.926309491987702,0.108279414819941,0.97,0.245670724460266,-0.000482268755463977,"gamma_bin"
"gamma_bin_7.50_2.04","vary_sd",2.04,-0.4,FALSE,98,0.805248809294182,0.787296769170974,0.118927031471528,0.93,0.227524632437361,-0.0179520401232077,"gamma_bin"
"gamma_bin_7.50_2.04","vary_sd",2.04,-0.4,FALSE,99,0.968943928916511,0.942917148169849,0.137691158416833,0.91,0.252550524838321,-0.0260267807466619,"gamma_bin"
"gamma_bin_7.50_2.04","vary_sd",2.04,-0.4,FALSE,100,0.483314411540288,0.484085131377887,0.0846476813592466,0.97,0.184766308642242,0.000770719837598521,"gamma_bin"
"gamma_bin_7.50_2.04","vary_sd",2.04,-0.4,FALSE,101,0.660754209210677,0.668832629993061,0.112264279508604,0.94,0.221167160465145,0.00807842078238419,"gamma_bin"
"gamma_bin_7.50_2.04","vary_sd",2.04,-0.4,FALSE,102,0.65572642436151,0.662927824391709,0.113011640622385,0.95,0.222128345062265,0.00720140003019909,"gamma_bin"
"gamma_bin_7.50_2.04","vary_sd",2.04,-0.4,FALSE,103,1.19597238563675,1.18826408267674,0.158087568913754,0.94,0.299419485470619,-0.00770830296000691,"gamma_bin"
"gamma_bin_7.50_2.04","vary_sd",2.04,-0.4,FALSE,104,1.52016047762218,1.514460885887,0.182238400685099,0.92,0.342037443860518,-0.00569959173517764,"gamma_bin"
"gamma_bin_7.50_2.04","vary_sd",2.04,-0.4,FALSE,105,1.1030085210386,1.07122599029146,0.158778534758197,0.94,0.295180686979389,-0.0317825307471415,"gamma_bin"
"gamma_bin_7.50_2.04","vary_sd",2.04,-0.4,FALSE,106,0.895239451481731,0.927147794797986,0.141913203414491,0.94,0.284641534668116,0.0319083433162552,"gamma_bin"
"gamma_bin_7.50_2.04","vary_sd",2.04,-0.4,FALSE,107,0.603003827128156,0.688501680830927,0.130853235363873,0.88,0.251799676650259,0.0854978537027714,"gamma_bin"
"gamma_bin_7.50_2.04","vary_sd",2.04,-0.4,FALSE,108,1.07759954005713,1.2026426478055,0.161448633299987,0.86,0.331157997710125,0.125043107748374,"gamma_bin"
"gamma_bin_7.50_2.04","vary_sd",2.04,-0.4,FALSE,109,1.67933972630709,1.77631252601078,0.181349108398935,0.95,0.387823024942704,0.0969727997036858,"gamma_bin"
"gamma_bin_7.50_2.04","vary_sd",2.04,-0.4,FALSE,110,0.778502984216349,0.781394670524103,0.1212131010769,0.97,0.247536199722779,0.00289168630775427,"gamma_bin"
"gamma_bin_7.50_2.04","vary_sd",2.04,-0.4,FALSE,111,0.991989182530735,0.954892370755769,0.1318539359991,0.94,0.270120521417856,-0.0370968117749663,"gamma_bin"
"gamma_bin_7.50_2.04","vary_sd",2.04,-0.4,FALSE,112,1.07686506331656,1.07401953745877,0.155896981488499,0.94,0.289518849622778,-0.00284552585778952,"gamma_bin"
"gamma_bin_7.50_2.04","vary_sd",2.04,-0.4,FALSE,113,0.702387790154813,0.748848782574083,0.11553542741759,0.94,0.244782315348974,0.0464609924192703,"gamma_bin"
"gamma_bin_7.50_2.04","vary_sd",2.04,-0.4,FALSE,114,0.976044237490855,1.02765216814531,0.140102022566703,0.97,0.285324765186979,0.0516079306544522,"gamma_bin"
"gamma_bin_7.50_2.04","vary_sd",2.04,-0.4,FALSE,115,1.2386571693013,1.21693840747081,0.161046368446007,0.96,0.306318477615267,-0.0217187618304933,"gamma_bin"
"gamma_bin_7.50_2.04","vary_sd",2.04,-0.4,FALSE,116,1.16178575840714,1.12108202678868,0.148432546473413,0.93,0.29214697956409,-0.0407037316184629,"gamma_bin"
"gamma_bin_7.50_2.04","vary_sd",2.04,-0.4,FALSE,117,1.19460307270673,1.17568840760992,0.154925242838349,0.94,0.299917997629853,-0.0189146650968135,"gamma_bin"
"gamma_bin_7.50_2.04","vary_sd",2.04,-0.4,FALSE,118,1.1631999130357,1.19381857082771,0.13918480372154,0.96,0.306059147090732,0.0306186577920058,"gamma_bin"
"gamma_bin_7.50_2.04","vary_sd",2.04,-0.4,FALSE,119,1.07031355257977,1.10256580255526,0.166238168575494,0.9,0.296368763617242,0.0322522499754938,"gamma_bin"
"gamma_bin_7.50_2.04","vary_sd",2.04,-0.4,FALSE,120,0.877747847801672,0.917425786137862,0.148413979195853,0.93,0.269494667574152,0.0396779383361902,"gamma_bin"
"gamma_bin_7.50_2.04","vary_sd",2.04,-0.4,FALSE,121,1.36754433627127,1.41677416618193,0.172401670759844,0.93,0.329522723510945,0.0492298299106606,"gamma_bin"
"gamma_bin_7.50_2.04","vary_sd",2.04,-0.4,FALSE,122,0.835785870448611,0.853692360699234,0.141729221995414,0.92,0.249990842037001,0.0179064902506232,"gamma_bin"
"gamma_bin_7.50_2.04","vary_sd",2.04,-0.4,FALSE,123,1.2672350602796,1.24786312263254,0.147458366385453,0.96,0.297574795262842,-0.0193719376470569,"gamma_bin"
"gamma_bin_7.50_2.04","vary_sd",2.04,-0.4,FALSE,124,0.96912547878376,0.976567306689962,0.130929654789245,0.98,0.261510898968511,0.00744182790620218,"gamma_bin"
"gamma_bin_7.50_2.04","vary_sd",2.04,-0.4,FALSE,125,0.847337032261578,0.862556028866829,0.12592684410697,0.96,0.245662093025433,0.0152189966052508,"gamma_bin"
"gamma_bin_7.50_2.04","vary_sd",2.04,-0.4,FALSE,126,0.715562409302676,0.720671471838226,0.110401111184373,0.98,0.224971074923716,0.00510906253554966,"gamma_bin"
"gamma_bin_7.50_2.04","vary_sd",2.04,-0.4,FALSE,127,0.947820201198353,0.94332313210964,0.136280978556041,0.94,0.256621812698207,-0.00449706908871261,"gamma_bin"
"gamma_bin_7.50_2.04","vary_sd",2.04,-0.4,FALSE,128,0.685080159737144,0.679732350168287,0.118801905523007,0.94,0.21667046874985,-0.00534780956885728,"gamma_bin"
"gamma_bin_7.50_2.04","vary_sd",2.04,-0.4,FALSE,129,0.940715932502657,0.916258756185416,0.137899761966132,0.93,0.251421327750875,-0.0244571763172414,"gamma_bin"
"gamma_bin_7.50_2.04","vary_sd",2.04,-0.4,FALSE,130,0.882737793731905,0.857504993015592,0.126148485735706,0.95,0.245479643364155,-0.0252328007163125,"gamma_bin"
"gamma_bin_7.50_2.04","vary_sd",2.04,-0.4,FALSE,131,0.908595801485553,0.852615591751951,0.124624520035175,0.91,0.249523831359057,-0.0559802097336022,"gamma_bin"
"gamma_bin_7.50_2.04","vary_sd",2.04,-0.4,FALSE,132,0.91957504082564,0.93017850910046,0.137795130195394,0.96,0.266977187929645,0.0106034682748204,"gamma_bin"
"gamma_bin_7.50_2.04","vary_sd",2.04,-0.4,FALSE,133,0.772867637399724,0.784495685860257,0.144008133802629,0.9,0.250413757472435,0.0116280484605326,"gamma_bin"
"gamma_bin_7.50_2.04","vary_sd",2.04,-0.4,FALSE,134,0.85010038418266,0.893760481084163,0.141938699264692,0.9,0.271733925151867,0.0436600969015026,"gamma_bin"
"gamma_bin_7.50_2.04","vary_sd",2.04,-0.4,FALSE,135,0.784742304497557,0.828725148917002,0.124842867927783,0.96,0.263650210177131,0.0439828444194454,"gamma_bin"
"gamma_bin_7.50_2.04","vary_sd",2.04,-0.4,FALSE,136,0.974662005700731,0.996165603355114,0.148703639378249,0.96,0.28956776439908,0.0215035976543828,"gamma_bin"
"gamma_bin_7.50_2.04","vary_sd",2.04,-0.4,FALSE,137,0.984149213306856,0.978444738688835,0.12310761550691,0.97,0.288378642255147,-0.0057044746180207,"gamma_bin"
"gamma_bin_7.50_2.04","vary_sd",2.04,-0.4,FALSE,138,1.19074372582141,1.17196555728607,0.198433600342944,0.9,0.318094681809663,-0.0187781685353361,"gamma_bin"
"gamma_bin_7.50_2.04","vary_sd",2.04,-0.4,FALSE,139,1.38369717355419,1.43714770323738,0.184501233036929,0.95,0.357330215700126,0.0534505296831898,"gamma_bin"
"gamma_bin_7.50_2.04","vary_sd",2.04,-0.4,FALSE,140,0.815809623984031,0.847013932670158,0.139166365390139,0.95,0.277804931272243,0.0312043086861271,"gamma_bin"
"gamma_bin_7.50_2.04","vary_sd",2.04,-0.4,FALSE,141,0.948704132009637,1.00609163534813,0.172663991628318,0.91,0.304159511434061,0.0573875033384923,"gamma_bin"
"gamma_bin_7.50_2.04","vary_sd",2.04,-0.4,FALSE,142,0.887909591017245,0.947663368860436,0.145305844833056,0.93,0.294089990632198,0.0597537778431912,"gamma_bin"
"gamma_bin_7.50_2.04","vary_sd",2.04,-0.4,FALSE,143,1.33194554446529,1.37137414487976,0.183667100121488,0.92,0.347267208660266,0.0394286004144693,"gamma_bin"
"gamma_bin_7.50_2.04","vary_sd",2.04,-0.4,FALSE,144,1.33130879278334,1.32373972165218,0.129405456198369,0.99,0.334196378078642,-0.00756907113116267,"gamma_bin"
"gamma_bin_7.50_2.04","vary_sd",2.04,-0.4,FALSE,145,1.36040798308223,1.31735954436548,0.171737234098093,0.95,0.329071358515516,-0.0430484387167547,"gamma_bin"
"gamma_bin_7.50_2.04","vary_sd",2.04,-0.4,FALSE,146,1.03071021292377,1.00665814217245,0.173025997527342,0.89,0.287972521168517,-0.0240520707513172,"gamma_bin"
"gamma_bin_7.50_2.04","vary_sd",2.04,-0.4,FALSE,147,1.01542172209859,1.02003431361584,0.1476954852226,0.94,0.292196042681758,0.00461259151724747,"gamma_bin"
"gamma_bin_7.50_2.04","vary_sd",2.04,-0.4,FALSE,148,0.918033733511508,0.969271811475893,0.169758803583385,0.87,0.283557413150757,0.0512380779643854,"gamma_bin"
"gamma_bin_7.50_2.04","vary_sd",2.04,-0.4,FALSE,149,0.795399668183425,0.842976237424851,0.132933321964723,0.94,0.25902664412647,0.0475765692414257,"gamma_bin"
"gamma_bin_7.50_2.04","vary_sd",2.04,-0.4,FALSE,150,0.94707340630239,0.966506388391955,0.130149515108089,0.99,0.270809240428838,0.0194329820895648,"gamma_bin"
"gamma_bin_7.50_2.04","vary_sd",2.04,-0.4,FALSE,151,0.838901742382429,0.790990477149393,0.106439524119059,0.97,0.241070485311613,-0.0479112652330356,"gamma_bin"
"gamma_bin_7.50_2.04","vary_sd",2.04,-0.4,FALSE,152,1.10279545241581,1.05437405564409,0.148626680003073,0.94,0.27903353399372,-0.0484213967717246,"gamma_bin"
"gamma_bin_7.50_2.04","vary_sd",2.04,-0.4,FALSE,153,1.09815075967234,1.08792547101396,0.164960911053113,0.95,0.287178188715237,-0.0102252886583847,"gamma_bin"
"gamma_bin_7.50_2.04","vary_sd",2.04,-0.4,FALSE,154,0.933692374106949,0.932059213521432,0.141858260867764,0.95,0.271771601788709,-0.0016331605855171,"gamma_bin"
"gamma_bin_7.50_2.04","vary_sd",2.04,-0.4,FALSE,155,0.677255280263044,0.699186902450071,0.11883138366401,0.95,0.239899190357807,0.0219316221870268,"gamma_bin"
"gamma_bin_7.50_2.04","vary_sd",2.04,-0.4,FALSE,156,0.794315589671576,0.848300856830972,0.137437729946706,0.92,0.266284632853446,0.0539852671593957,"gamma_bin"
"gamma_bin_7.50_2.04","vary_sd",2.04,-0.4,FALSE,157,0.863128942217305,0.906581768451532,0.112681066207486,0.97,0.275085926180604,0.0434528262342273,"gamma_bin"
"gamma_bin_7.50_2.04","vary_sd",2.04,-0.4,FALSE,158,1.21212682918176,1.22774930346079,0.165297488114093,0.94,0.316991852469088,0.015622474279035,"gamma_bin"
"gamma_bin_7.50_2.04","vary_sd",2.04,-0.4,FALSE,159,1.02410139695973,0.971061610777291,0.138098328726024,0.93,0.280477238504783,-0.0530397861824392,"gamma_bin"
"gamma_bin_7.50_2.04","vary_sd",2.04,-0.4,FALSE,160,0.905623732385136,0.864236434701413,0.140499284278793,0.91,0.267532840896754,-0.0413872976837232,"gamma_bin"
"gamma_bin_7.50_2.04","vary_sd",2.04,-0.4,FALSE,161,0.9116217888269,0.905467606140103,0.143901776437797,0.93,0.279289879467744,-0.00615418268679735,"gamma_bin"
"gamma_bin_7.50_2.04","vary_sd",2.04,-0.4,FALSE,162,0.854312926973229,0.895970510775036,0.146404819254325,0.94,0.282746730473221,0.0416575838018066,"gamma_bin"
"gamma_bin_7.50_2.04","vary_sd",2.04,-0.4,FALSE,163,0.939537145583715,0.996363431388401,0.13989363871214,0.96,0.29856329086739,0.0568262858046858,"gamma_bin"
"gamma_bin_7.50_2.04","vary_sd",2.04,-0.4,FALSE,164,0.80426541937565,0.795473170022973,0.14501488319912,0.92,0.264065004177421,-0.00879224935267697,"gamma_bin"
"gamma_bin_7.50_2.04","vary_sd",2.04,-0.4,FALSE,165,1.00142458710162,0.997647069670717,0.140829902811865,0.96,0.294028721465633,-0.00377751743090349,"gamma_bin"
"gamma_bin_7.50_2.04","vary_sd",2.04,-0.4,FALSE,166,1.22258752675771,1.19661346702728,0.185083779524024,0.93,0.323063079398627,-0.0259740597304265,"gamma_bin"
"gamma_bin_7.50_2.04","vary_sd",2.04,-0.4,FALSE,167,0.797785738886173,0.81609276995542,0.130917947230311,0.98,0.271031757401507,0.0183070310692466,"gamma_bin"
"gamma_bin_7.50_2.04","vary_sd",2.04,-0.4,FALSE,168,1.14984066668627,1.17054849168514,0.169380139583236,0.95,0.328804078492205,0.0207078249988684,"gamma_bin"
"gamma_bin_7.50_2.04","vary_sd",2.04,-0.4,FALSE,169,0.760346365617299,0.763005468416765,0.13346545614235,0.98,0.268302495442812,0.00265910279946635,"gamma_bin"
"gamma_bin_7.50_2.04","vary_sd",2.04,-0.4,FALSE,170,1.3742280074719,1.41892275418054,0.206957531079902,0.93,0.366617059092879,0.0446947467086412,"gamma_bin"
"gamma_bin_7.50_2.04","vary_sd",2.04,-0.4,FALSE,171,0.879913573057892,0.911612148521077,0.132495590017533,0.98,0.292278299750866,0.0316985754631851,"gamma_bin"
"gamma_bin_7.50_2.04","vary_sd",2.04,-0.4,FALSE,172,1.40469565689074,1.41562393658458,0.185013346704235,0.97,0.361487472991717,0.0109282796938377,"gamma_bin"
"gamma_bin_7.50_2.04","vary_sd",2.04,-0.4,FALSE,173,0.919193449899109,0.941921112133068,0.156060415453988,0.96,0.293688577383035,0.0227276622339587,"gamma_bin"
"gamma_bin_7.50_2.04","vary_sd",2.04,-0.4,FALSE,174,0.923151861958846,0.93013708504347,0.153142583774327,0.93,0.291287505617825,0.00698522308462368,"gamma_bin"
"gamma_bin_7.50_2.04","vary_sd",2.04,-0.4,FALSE,175,1.03836327926758,1.03864444915084,0.143718314939867,0.95,0.307171854747453,0.00028116988326099,"gamma_bin"
"gamma_bin_7.50_2.04","vary_sd",2.04,-0.4,FALSE,176,0.9985406934674,1.01664373391215,0.139393598563222,0.98,0.301125867896538,0.0181030404447534,"gamma_bin"
"gamma_bin_7.50_2.04","vary_sd",2.04,-0.4,FALSE,177,1.06724188250379,1.07689560821236,0.171606141311913,0.91,0.305653192291617,0.00965372570857226,"gamma_bin"
"gamma_bin_7.50_2.04","vary_sd",2.04,-0.4,FALSE,178,0.796484699666055,0.772970259714592,0.143719622437551,0.9,0.256973047413334,-0.0235144399514625,"gamma_bin"
"gamma_bin_7.50_2.04","vary_sd",2.04,-0.4,FALSE,179,1.1985320355335,1.16242837516791,0.168709703663734,0.91,0.31617791782793,-0.0361036603655907,"gamma_bin"
"gamma_bin_7.50_2.04","vary_sd",2.04,-0.4,FALSE,180,1.18742100745866,1.23664413857922,0.151750616477003,0.97,0.32900122806593,0.0492231311205567,"gamma_bin"
"gamma_bin_7.50_2.04","vary_sd",2.04,-0.4,FALSE,181,1.49419527020498,1.50194486466061,0.186004886487871,0.97,0.365035617550495,0.00774959445563228,"gamma_bin"
"gamma_bin_7.50_2.04","vary_sd",2.04,-0.4,FALSE,182,1.51569869674153,1.51571814651826,0.196477419737044,0.93,0.368347247015335,1.94497767316282e-05,"gamma_bin"
"gamma_bin_7.50_2.04","vary_sd",2.04,-0.4,FALSE,183,0.993075321330978,1.03568030411223,0.165162831805672,0.9,0.303795957428653,0.0426049827812509,"gamma_bin"
"gamma_bin_7.50_2.04","vary_sd",2.04,-0.4,FALSE,184,0.900892693512611,0.954875778587423,0.160772275013215,0.93,0.290137750389553,0.0539830850748119,"gamma_bin"
"gamma_bin_7.50_2.04","vary_sd",2.04,-0.4,FALSE,185,0.823216687408857,0.898023403004348,0.139264573302073,0.91,0.275550456842511,0.0748067155954909,"gamma_bin"
"gamma_bin_7.50_2.04","vary_sd",2.04,-0.4,FALSE,186,1.22622981286846,1.25902375837223,0.160218127382223,0.93,0.315169709438391,0.0327939455037651,"gamma_bin"
"gamma_bin_7.50_2.04","vary_sd",2.04,-0.4,FALSE,187,0.917491231652979,0.904928001256048,0.124169656732415,0.96,0.259101989158715,-0.0125632303969306,"gamma_bin"
"gamma_bin_7.50_2.04","vary_sd",2.04,-0.4,FALSE,188,1.14601430452239,1.07266538907966,0.160287789881067,0.84,0.277679745758866,-0.073348915442728,"gamma_bin"
"gamma_bin_7.50_2.04","vary_sd",2.04,-0.4,FALSE,189,1.15018203934659,1.09261280765118,0.139474796925738,0.95,0.281904684145646,-0.057569231695408,"gamma_bin"
"gamma_bin_7.50_2.04","vary_sd",2.04,-0.4,FALSE,190,1.13788009197463,1.10166908866086,0.134336821823382,0.94,0.288772039280837,-0.0362110033137697,"gamma_bin"
"gamma_bin_7.50_2.04","vary_sd",2.04,-0.4,FALSE,191,1.77821476084602,1.82004682374501,0.190407669933069,0.96,0.376297488652544,0.0418320628989879,"gamma_bin"
"gamma_bin_7.50_2.04","vary_sd",2.04,-0.4,FALSE,192,1.12622467540917,1.17587778767614,0.160690201931048,0.93,0.302521589231632,0.0496531122669701,"gamma_bin"
"gamma_bin_7.50_2.04","vary_sd",2.04,-0.4,FALSE,193,1.63143870001326,1.69910496503627,0.182143174303672,0.93,0.36052667453749,0.0676662650230129,"gamma_bin"
"gamma_bin_7.50_2.04","vary_sd",2.04,-0.4,FALSE,194,1.96133686485764,2.08132574062746,0.205218305508619,0.92,0.392164333577064,0.119988875769818,"gamma_bin"
"gamma_bin_7.50_2.04","vary_sd",2.04,-0.4,FALSE,195,1.62645944263275,1.70441606933554,0.158046547577133,0.95,0.346453831574514,0.0779566267027927,"gamma_bin"
"gamma_bin_7.50_2.04","vary_sd",2.04,-0.4,FALSE,196,1.22116224956869,1.30434008081035,0.144103201187231,0.94,0.293781673727471,0.0831778312416649,"gamma_bin"
"gamma_bin_7.50_2.04","vary_sd",2.04,-0.4,FALSE,197,1.08513472727433,1.15715186959429,0.127855752072272,0.95,0.266489551814265,0.0720171423199627,"gamma_bin"
"gamma_bin_7.50_2.04","vary_sd",2.04,-0.4,FALSE,198,1.22272793926392,1.27197573312137,0.130919451552313,0.91,0.268026807628193,0.0492477938574547,"gamma_bin"
"gamma_bin_7.50_2.04","vary_sd",2.04,-0.4,FALSE,199,1.29605177368887,1.29048177425875,0.130455954233854,0.96,0.258663575868163,-0.00556999943012393,"gamma_bin"
"gamma_bin_7.50_2.04","vary_sd",2.04,-0.4,FALSE,200,1.66923410820015,1.62624701624539,0.154797136450474,0.94,0.279702238873443,-0.0429870919547632,"gamma_bin"
"gamma_bin_7.50_2.04","vary_sd",2.04,-0.4,FALSE,201,1.1694237090907,1.10811393969186,0.105580431132245,0.93,0.22594937159075,-0.0613097693988425,"gamma_bin"
"gamma_bin_7.50_2.04","vary_sd",2.04,-0.4,FALSE,202,1.07879296650834,1.05300898727015,0.117633911453724,0.94,0.219323224728555,-0.025783979238188,"gamma_bin"
"gamma_bin_7.50_2.04","vary_sd",2.04,-0.4,FALSE,203,0.894627487421358,0.889191595600821,0.099345325709061,0.99,0.201389524376843,-0.00543589182053716,"gamma_bin"
"gamma_bin_7.50_2.04","vary_sd",2.04,-0.4,FALSE,204,0.81895014827116,0.852932300274585,0.103122644319069,0.91,0.19544637267811,0.0339821520034249,"gamma_bin"
"gamma_bin_7.50_2.04","vary_sd",2.04,-0.4,FALSE,205,0.966704879629287,0.991300326836894,0.104660472195968,0.95,0.20591000956549,0.0245954472076071,"gamma_bin"
"gamma_bin_7.50_2.04","vary_sd",2.04,-0.4,FALSE,206,0.735615178317886,0.70845412176582,0.0843368646026768,0.94,0.170044622655847,-0.0271610565520662,"gamma_bin"
"gamma_bin_7.50_2.04","vary_sd",2.04,-0.4,FALSE,207,0.854920650119855,0.804459105481858,0.101041188120056,0.88,0.179619234261523,-0.0504615446379969,"gamma_bin"
"gamma_bin_7.50_2.04","vary_sd",2.04,-0.4,FALSE,208,1.1836252253062,1.11699703568658,0.118163919046155,0.85,0.213863333422481,-0.0666281896196195,"gamma_bin"
"gamma_bin_7.50_2.04","vary_sd",2.04,-0.4,FALSE,209,1.4603135494891,1.39650692901106,0.113184743578807,0.92,0.244328864054922,-0.0638066204780363,"gamma_bin"
"gamma_bin_7.50_2.04","vary_sd",2.04,-0.4,FALSE,210,0.828359371463702,0.846347561130058,0.0985628097363513,0.94,0.195130421998713,0.017988189666356,"gamma_bin"
"gamma_bin_7.50_2.04","vary_sd",2.04,-0.4,FALSE,211,0.945528169177749,0.983419007377534,0.0991429837134813,0.97,0.214716410624212,0.0378908381997853,"gamma_bin"
"gamma_bin_7.50_2.04","vary_sd",2.04,-0.4,FALSE,212,0.79051319956122,0.851248707758897,0.0993901928309594,0.89,0.201408998644561,0.0607355081976775,"gamma_bin"
"gamma_bin_7.50_2.04","vary_sd",2.04,-0.4,FALSE,213,1.43201623771777,1.53432167767802,0.138805719765005,0.87,0.267569993688995,0.102305439960255,"gamma_bin"
"gamma_bin_7.50_2.04","vary_sd",2.04,-0.4,FALSE,214,1.11428897280893,1.14979389793901,0.118801588924353,0.93,0.225934042459737,0.0355049251300754,"gamma_bin"
"gamma_bin_7.50_2.04","vary_sd",2.04,-0.4,FALSE,215,1.11572179995221,1.08629723658215,0.126476963104445,0.92,0.215656480615837,-0.0294245633700574,"gamma_bin"
"gamma_bin_7.50_2.04","vary_sd",2.04,-0.4,FALSE,216,1.45327758905901,1.43475898701475,0.135773661637274,0.93,0.246903219011914,-0.0185186020442609,"gamma_bin"
"gamma_bin_7.50_2.04","vary_sd",2.04,-0.4,FALSE,217,1.1420673106557,1.15732064536691,0.0991669991736111,0.98,0.222902026567112,0.0152533347112078,"gamma_bin"
"gamma_bin_7.50_2.04","vary_sd",2.04,-0.4,FALSE,218,0.657966158830962,0.687550026512566,0.0823562448038269,0.95,0.171622032492707,0.0295838676816045,"gamma_bin"
"gamma_bin_7.50_2.04","vary_sd",2.04,-0.4,FALSE,219,1.3705780170681,1.44734818043933,0.109355017312109,0.93,0.245544327315424,0.0767701633712314,"gamma_bin"
"gamma_bin_7.50_2.04","vary_sd",2.04,-0.4,FALSE,220,1.12178323201924,1.15712112681104,0.105996513372259,0.95,0.214988177308631,0.0353378947918008,"gamma_bin"
"gamma_bin_7.50_2.04","vary_sd",2.04,-0.4,FALSE,221,1.82150678776182,1.78376722043521,0.12062834022912,0.95,0.261721626457916,-0.0377395673266139,"gamma_bin"
"gamma_bin_7.50_2.04","vary_sd",2.04,-0.4,FALSE,222,1.47822233790926,1.43810820515855,0.119603704784526,0.92,0.23201989577427,-0.040114132750708,"gamma_bin"
"gamma_bin_7.50_2.04","vary_sd",2.04,-0.4,FALSE,223,1.2291381002976,1.21991095667149,0.110360115935747,0.94,0.213710564278766,-0.00922714362611177,"gamma_bin"
"gamma_bin_7.50_2.04","vary_sd",2.04,-0.4,FALSE,224,1.39168397860736,1.4571804429111,0.123850520319839,0.9,0.233048295096284,0.0654964643037437,"gamma_bin"
"gamma_bin_7.50_2.04","vary_sd",2.04,-0.4,FALSE,225,1.02693213453622,1.12398819813393,0.0953856546401891,0.88,0.201161322459609,0.0970560635977085,"gamma_bin"
"gamma_bin_7.50_2.04","vary_sd",2.04,-0.4,FALSE,226,0.944477107231107,0.990273983794664,0.0888671918153822,0.96,0.182174120635201,0.0457968765635566,"gamma_bin"
"gamma_bin_7.50_2.04","vary_sd",2.04,-0.4,FALSE,227,0.88294479567521,0.882902484859974,0.0905433712410986,0.93,0.164929389903392,-4.23108152358687e-05,"gamma_bin"
"gamma_bin_7.50_2.04","vary_sd",2.04,-0.4,FALSE,228,1.2545287150813,1.21824857216237,0.0960199609095638,0.91,0.188041146731142,-0.0362801429189346,"gamma_bin"
"gamma_bin_7.50_2.04","vary_sd",2.04,-0.4,FALSE,229,1.46483936058861,1.37580395798381,0.106102466585555,0.89,0.196923598106081,-0.0890354026047986,"gamma_bin"
"gamma_bin_7.50_2.04","vary_sd",2.04,-0.4,FALSE,230,1.5106771494413,1.41652869976034,0.0918376719568413,0.84,0.200092686849239,-0.0941484496809575,"gamma_bin"
"gamma_bin_7.50_2.04","vary_sd",2.04,-0.4,FALSE,231,1.76125096519109,1.72080209361103,0.105043167212634,0.97,0.223128031809414,-0.0404488715800617,"gamma_bin"
"gamma_bin_7.50_2.04","vary_sd",2.04,-0.4,FALSE,232,1.40611418271408,1.46880304600517,0.0940223381183274,0.92,0.208475811898626,0.0626888632910874,"gamma_bin"
"gamma_bin_7.50_2.04","vary_sd",2.04,-0.4,FALSE,233,1.50840807515769,1.64667075757716,0.107178933292308,0.75,0.219764623195019,0.138262682419469,"gamma_bin"
"gamma_bin_7.50_2.04","vary_sd",2.04,-0.4,FALSE,234,2.14812836507422,2.3573428678927,0.131365689299621,0.63,0.255650140219209,0.20921450281848,"gamma_bin"
"gamma_bin_7.50_2.04","vary_sd",2.04,-0.4,FALSE,235,1.77318978695313,1.89784985368616,0.125237673325152,0.76,0.218983846402143,0.124660066733032,"gamma_bin"
"gamma_bin_7.50_2.04","vary_sd",2.04,-0.4,FALSE,236,1.73485405696823,1.79933210203667,0.116508792809764,0.86,0.202960364479578,0.0644780450684381,"gamma_bin"
"gamma_bin_7.50_2.04","vary_sd",2.04,-0.4,FALSE,237,1.62270455030168,1.68697113776483,0.0955048790141608,0.92,0.188259527440623,0.0642665874631505,"gamma_bin"
"gamma_bin_7.50_2.04","vary_sd",2.04,-0.4,FALSE,238,1.18127386711031,1.21757782682082,0.0783499897851183,0.94,0.153575397859759,0.0363039597105057,"gamma_bin"
"gamma_bin_7.50_2.04","vary_sd",2.04,-0.4,FALSE,239,1.18467641337506,1.2345280352998,0.0796882456498535,0.89,0.147769470150057,0.0498516219247374,"gamma_bin"
"gamma_bin_7.50_2.04","vary_sd",2.04,-0.4,FALSE,240,1.41686704734357,1.42685727905445,0.0896608446354299,0.89,0.151749101658427,0.00999023171088242,"gamma_bin"
"gamma_bin_7.50_2.04","vary_sd",2.04,-0.4,FALSE,241,1.25638994428988,1.2216935819415,0.0645496283517271,0.95,0.13473891725377,-0.034696362348384,"gamma_bin"
"gamma_bin_7.50_2.04","vary_sd",2.04,-0.4,FALSE,242,1.12129644908568,1.07871000912955,0.0632835056906822,0.92,0.123182317573574,-0.042586439956128,"gamma_bin"
"gamma_bin_7.50_2.04","vary_sd",2.04,-0.4,FALSE,243,1.35471671225519,1.29324775040503,0.0622378588153393,0.9,0.133032864531336,-0.0614689618501612,"gamma_bin"
"gamma_bin_7.50_2.04","vary_sd",2.04,-0.4,FALSE,244,1.01075153524685,0.98626181020003,0.0659631744167834,0.89,0.115729350383388,-0.0244897250468203,"gamma_bin"
"gamma_bin_7.50_2.04","vary_sd",2.04,-0.4,FALSE,245,1.09871605480815,1.08643125446189,0.0591506580523566,0.94,0.120873794118754,-0.0122848003462577,"gamma_bin"
"gamma_bin_7.50_2.04","vary_sd",2.04,-0.4,FALSE,246,1.01869442350015,1.01784050894722,0.0606030399349152,0.95,0.115838273305167,-0.00085391455292605,"gamma_bin"
"gamma_bin_7.50_2.04","vary_sd",2.04,-0.4,FALSE,247,0.933319674797869,0.923835649378833,0.0565705901441885,0.95,0.108809851792069,-0.00948402541903637,"gamma_bin"
"gamma_bin_7.50_2.04","vary_sd",2.04,-0.4,FALSE,248,1.07523379129616,1.06228931604089,0.0646021973442511,0.91,0.115469087754653,-0.0129444752552692,"gamma_bin"
"gamma_bin_7.50_2.04","vary_sd",2.04,-0.4,FALSE,249,1.30371060738913,1.26705379361363,0.0588787526897661,0.91,0.125328361851494,-0.0366568137754979,"gamma_bin"
"gamma_bin_7.50_2.04","vary_sd",2.04,-0.4,FALSE,250,1.41728039570922,1.37492023285981,0.0646623808688816,0.92,0.130455533601705,-0.0423601628494088,"gamma_bin"
"gamma_bin_7.50_2.04","vary_sd",2.04,-0.4,FALSE,251,1.14476257942982,1.1348758415006,0.0633607475944329,0.96,0.119136619090153,-0.00988673792922246,"gamma_bin"
"gamma_bin_7.50_2.04","vary_sd",2.04,-0.4,FALSE,252,1.28960282315637,1.32019610800263,0.0669034974044918,0.95,0.129001927939229,0.0305932848462587,"gamma_bin"
"gamma_bin_7.50_2.04","vary_sd",2.04,-0.4,FALSE,253,1.41166776000313,1.48062679858765,0.065689238135748,0.84,0.136343464795294,0.0689590385845202,"gamma_bin"
"gamma_bin_7.50_2.72","vary_sd",2.72,-0.2,FALSE,8,1.22915300707766,1.1790990610446,0.0539626354510492,0.8,0.104941562902864,-0.0500539460330596,"gamma_bin"
"gamma_bin_7.50_2.72","vary_sd",2.72,-0.2,FALSE,9,2.39912444733293,2.29341310881703,0.0613846288949762,0.73,0.138512899000631,-0.1057113385159,"gamma_bin"
"gamma_bin_7.50_2.72","vary_sd",2.72,-0.2,FALSE,10,1.19488455941613,1.16033662835625,0.040178420064964,0.94,0.0945196375283663,-0.0345479310598782,"gamma_bin"
"gamma_bin_7.50_2.72","vary_sd",2.72,-0.2,FALSE,11,1.32901937043135,1.31238135601424,0.051498475830329,0.9,0.0969254396680075,-0.016638014417115,"gamma_bin"
"gamma_bin_7.50_2.72","vary_sd",2.72,-0.2,FALSE,12,1.45964563283974,1.44909663849537,0.0507390198329158,0.96,0.0982917185677185,-0.0105489943443748,"gamma_bin"
"gamma_bin_7.50_2.72","vary_sd",2.72,-0.2,FALSE,13,1.71536377425759,1.70055747248589,0.0510186328926655,0.94,0.102972750497873,-0.0148063017716966,"gamma_bin"
"gamma_bin_7.50_2.72","vary_sd",2.72,-0.2,FALSE,14,1.05186283321434,1.04382686211943,0.0407749264850522,0.93,0.0784576517582469,-0.00803597109490695,"gamma_bin"
"gamma_bin_7.50_2.72","vary_sd",2.72,-0.2,FALSE,15,1.02513341063733,1.01299778526199,0.0403819783531628,0.93,0.0755393010108614,-0.0121356253753433,"gamma_bin"
"gamma_bin_7.50_2.72","vary_sd",2.72,-0.2,FALSE,16,1.25256084138212,1.25225784744121,0.0410666197746617,0.97,0.0821955656689154,-0.000302993940914265,"gamma_bin"
"gamma_bin_7.50_2.72","vary_sd",2.72,-0.2,FALSE,17,1.2152968085526,1.20851460240667,0.0395381516307255,0.96,0.0791486796371213,-0.00678220614592795,"gamma_bin"
"gamma_bin_7.50_2.72","vary_sd",2.72,-0.2,FALSE,18,0.979262007308338,0.966166503752461,0.0372141043523028,0.95,0.0697087070206919,-0.0130955035558773,"gamma_bin"
"gamma_bin_7.50_2.72","vary_sd",2.72,-0.2,FALSE,19,1.02548164174434,1.00552421828701,0.0360844266644021,0.92,0.0704254173952196,-0.0199574234573281,"gamma_bin"
"gamma_bin_7.50_2.72","vary_sd",2.72,-0.2,FALSE,20,1.03937017525567,1.02817554930951,0.0345347036860863,0.98,0.0707227696293893,-0.0111946259461622,"gamma_bin"
"gamma_bin_7.50_2.72","vary_sd",2.72,-0.2,FALSE,21,1.31708921089394,1.30053735334626,0.0399514817630463,0.9,0.0791157185567428,-0.0165518575476824,"gamma_bin"
"gamma_bin_7.50_2.72","vary_sd",2.72,-0.2,FALSE,22,1.01629528374106,1.00651059408865,0.0339101992326733,0.92,0.0693803632132944,-0.00978468965240809,"gamma_bin"
"gamma_bin_7.50_2.72","vary_sd",2.72,-0.2,FALSE,23,0.750244244564339,0.745724440408154,0.0288517042638089,0.94,0.0595945161611589,-0.0045198041561848,"gamma_bin"
"gamma_bin_7.50_2.72","vary_sd",2.72,-0.2,FALSE,24,0.686827825813118,0.689741226792435,0.028825487865879,0.94,0.0571098313225177,0.00291340097931725,"gamma_bin"
"gamma_bin_7.50_2.72","vary_sd",2.72,-0.2,FALSE,25,1.09141067495798,1.09300391900353,0.0341026321671801,0.95,0.0715228271913424,0.00159324404554551,"gamma_bin"
"gamma_bin_7.50_2.72","vary_sd",2.72,-0.2,FALSE,26,0.74108150094242,0.726736404261319,0.031760205796735,0.88,0.0582067699642758,-0.0143450966811006,"gamma_bin"
"gamma_bin_7.50_2.72","vary_sd",2.72,-0.2,FALSE,27,0.768558244559202,0.755517446984946,0.0311952619680701,0.92,0.0596840859145637,-0.0130407975742564,"gamma_bin"
"gamma_bin_7.50_2.72","vary_sd",2.72,-0.2,FALSE,28,0.75279022252533,0.736333257954245,0.027957000673154,0.94,0.059622772468555,-0.0164569645710846,"gamma_bin"
"gamma_bin_7.50_2.72","vary_sd",2.72,-0.2,FALSE,29,0.700207559621297,0.689914109167998,0.0285423208969582,0.97,0.058566518105661,-0.0102934504532988,"gamma_bin"
"gamma_bin_7.50_2.72","vary_sd",2.72,-0.2,FALSE,30,0.555254250263291,0.552544479214288,0.0279666513291646,0.93,0.0532644528701974,-0.00270977104900316,"gamma_bin"
"gamma_bin_7.50_2.72","vary_sd",2.72,-0.2,FALSE,31,0.584462421312083,0.578121545763878,0.0275932839648635,0.94,0.0554738256109207,-0.0063408755482055,"gamma_bin"
"gamma_bin_7.50_2.72","vary_sd",2.72,-0.2,FALSE,32,0.680311568720764,0.674016322390548,0.0279649924010441,0.95,0.0611572802846519,-0.00629524633021583,"gamma_bin"
"gamma_bin_7.50_2.72","vary_sd",2.72,-0.2,FALSE,33,0.958980557438332,0.949303185163943,0.0455368213572798,0.88,0.0744273668956287,-0.00967737227438936,"gamma_bin"
"gamma_bin_7.50_2.72","vary_sd",2.72,-0.2,FALSE,34,1.26715241572783,1.24992572308953,0.0416770095717274,0.94,0.0880349656373672,-0.0172266926382982,"gamma_bin"
"gamma_bin_7.50_2.72","vary_sd",2.72,-0.2,FALSE,35,1.32835101120383,1.32490756149632,0.0455767468654047,0.98,0.0936084220814601,-0.00344344970751442,"gamma_bin"
"gamma_bin_7.50_2.72","vary_sd",2.72,-0.2,FALSE,36,0.820531409863083,0.837144170683748,0.0383200382927791,0.93,0.0763789729432825,0.0166127608206654,"gamma_bin"
"gamma_bin_7.50_2.72","vary_sd",2.72,-0.2,FALSE,37,0.605068218099632,0.630048374843683,0.0369217197795167,0.84,0.0669399415247404,0.0249801567440511,"gamma_bin"
"gamma_bin_7.50_2.72","vary_sd",2.72,-0.2,FALSE,38,0.48061136006007,0.50554792975592,0.0312049180182442,0.85,0.0594760794269958,0.0249365696958499,"gamma_bin"
"gamma_bin_7.50_2.72","vary_sd",2.72,-0.2,FALSE,39,0.729684564655972,0.748704119129732,0.0325763397788729,0.94,0.0712469433061736,0.0190195544737596,"gamma_bin"
"gamma_bin_7.50_2.72","vary_sd",2.72,-0.2,FALSE,40,0.815108206288389,0.806982070345372,0.0369088193218968,0.96,0.073354508071772,-0.00812613594301725,"gamma_bin"
"gamma_bin_7.50_2.72","vary_sd",2.72,-0.2,FALSE,41,0.615430120554185,0.593781507587893,0.033442678869313,0.88,0.0634891852271698,-0.0216486129662921,"gamma_bin"
"gamma_bin_7.50_2.72","vary_sd",2.72,-0.2,FALSE,42,0.7716723572992,0.735591131344194,0.0375263690307403,0.83,0.0724567408680619,-0.0360812259550061,"gamma_bin"
"gamma_bin_7.50_2.72","vary_sd",2.72,-0.2,FALSE,43,0.638626730193333,0.62622897992,0.0313448414818835,0.97,0.0691028225652259,-0.0123977502733329,"gamma_bin"
"gamma_bin_7.50_2.72","vary_sd",2.72,-0.2,FALSE,44,0.502593853100566,0.496771186690497,0.0353389785098613,0.94,0.0636183209801351,-0.00582266641006951,"gamma_bin"
"gamma_bin_7.50_2.72","vary_sd",2.72,-0.2,FALSE,45,0.419338241890262,0.428163008242092,0.0336527350996418,0.96,0.0608365741207268,0.00882476635183033,"gamma_bin"
"gamma_bin_7.50_2.72","vary_sd",2.72,-0.2,FALSE,46,0.532509871825,0.543287643827969,0.0333332674705578,0.96,0.0703838806797915,0.0107777720029693,"gamma_bin"
"gamma_bin_7.50_2.72","vary_sd",2.72,-0.2,FALSE,47,0.748139787723446,0.747332404182618,0.0476783448310875,0.93,0.0848856020026392,-0.000807383540827544,"gamma_bin"
"gamma_bin_7.50_2.72","vary_sd",2.72,-0.2,FALSE,48,0.69956822206096,0.69089381817399,0.0395109890299041,0.97,0.0844276473845189,-0.00867440388697027,"gamma_bin"
"gamma_bin_7.50_2.72","vary_sd",2.72,-0.2,FALSE,49,0.840598040729289,0.832348429039333,0.0458070714125235,0.96,0.0964731476448342,-0.00824961168995619,"gamma_bin"
"gamma_bin_7.50_2.72","vary_sd",2.72,-0.2,FALSE,50,0.60554325949379,0.614902013082724,0.0446348014216331,0.95,0.086395971518915,0.00935875358893368,"gamma_bin"
"gamma_bin_7.50_2.72","vary_sd",2.72,-0.2,FALSE,51,0.551125264389769,0.562920801540811,0.0440769830218335,0.93,0.0856545921303022,0.0117955371510423,"gamma_bin"
"gamma_bin_7.50_2.72","vary_sd",2.72,-0.2,FALSE,52,0.382393923102511,0.396300539711725,0.0337723605150798,0.92,0.0737534443871763,0.0139066166092136,"gamma_bin"
"gamma_bin_7.50_2.72","vary_sd",2.72,-0.2,FALSE,53,0.67600822687436,0.696863230652362,0.0549560075607191,0.93,0.099666275830519,0.0208550037780022,"gamma_bin"
"gamma_bin_7.50_2.72","vary_sd",2.72,-0.2,FALSE,54,0.673855515926702,0.670248085469732,0.0505761785416988,0.93,0.0997319031998504,-0.00360743045697043,"gamma_bin"
"gamma_bin_7.50_2.72","vary_sd",2.72,-0.2,FALSE,55,0.928599757202953,0.924777018007317,0.0559882725853364,0.97,0.120411494211817,-0.00382273919563558,"gamma_bin"
"gamma_bin_7.50_2.72","vary_sd",2.72,-0.2,FALSE,56,0.750387184163906,0.743582511687289,0.0563220496441998,0.94,0.111822056193525,-0.00680467247661665,"gamma_bin"
"gamma_bin_7.50_2.72","vary_sd",2.72,-0.2,FALSE,57,0.713506443750686,0.723547552765405,0.0652456423448097,0.93,0.114461325215774,0.0100411090147186,"gamma_bin"
"gamma_bin_7.50_2.72","vary_sd",2.72,-0.2,FALSE,58,0.492090945289708,0.505468227205868,0.0496333647290119,0.92,0.09866522759369,0.0133772819161602,"gamma_bin"
"gamma_bin_7.50_2.72","vary_sd",2.72,-0.2,FALSE,59,0.488086622314194,0.505089017513024,0.0607440002600634,0.88,0.100625078166916,0.0170023951988305,"gamma_bin"
"gamma_bin_7.50_2.72","vary_sd",2.72,-0.2,FALSE,60,0.671814423224244,0.684002910503466,0.0595615793700662,0.92,0.118850907088868,0.0121884872792223,"gamma_bin"
"gamma_bin_7.50_2.72","vary_sd",2.72,-0.2,FALSE,61,0.791713212108865,0.788295174532737,0.0739251203722403,0.92,0.129731428861055,-0.00341803757612824,"gamma_bin"
"gamma_bin_7.50_2.72","vary_sd",2.72,-0.2,FALSE,62,0.652883007093316,0.65739751840797,0.0621983620005706,0.94,0.121491681115207,0.00451451131465386,"gamma_bin"
"gamma_bin_7.50_2.72","vary_sd",2.72,-0.2,FALSE,63,0.61385111269512,0.608717716340797,0.0653490214014975,0.94,0.120764115211718,-0.00513339635432286,"gamma_bin"
"gamma_bin_7.50_2.72","vary_sd",2.72,-0.2,FALSE,64,0.74711285306125,0.74663207577197,0.0691168517204288,0.96,0.138493391786389,-0.000480777289280088,"gamma_bin"
"gamma_bin_7.50_2.72","vary_sd",2.72,-0.2,FALSE,65,0.706623402762968,0.716413785818758,0.071264019105712,0.94,0.139911647545449,0.00979038305579027,"gamma_bin"
"gamma_bin_7.50_2.72","vary_sd",2.72,-0.2,FALSE,66,0.511807017708403,0.51557052331834,0.0671059909781209,0.93,0.121928212990018,0.00376350560993655,"gamma_bin"
"gamma_bin_7.50_2.72","vary_sd",2.72,-0.2,FALSE,67,0.670522334469821,0.679981352343793,0.0661166275519489,0.98,0.143467410514483,0.00945901787397152,"gamma_bin"
"gamma_bin_7.50_2.72","vary_sd",2.72,-0.2,FALSE,68,1.17241462294142,1.18322027574877,0.086388396277575,0.98,0.193611199799263,0.0108056528073535,"gamma_bin"
"gamma_bin_7.50_2.72","vary_sd",2.72,-0.2,FALSE,69,1.09873791889337,1.12036147555814,0.0888500686139016,0.98,0.193011603812257,0.021623556664768,"gamma_bin"
"gamma_bin_7.50_2.72","vary_sd",2.72,-0.2,FALSE,70,0.863932410861542,0.86028650891113,0.0933454388166641,0.93,0.173454609722807,-0.00364590195041203,"gamma_bin"
"gamma_bin_7.50_2.72","vary_sd",2.72,-0.2,FALSE,71,0.715028130529259,0.732310902820558,0.0738361695231194,0.96,0.163309839085735,0.0172827722912994,"gamma_bin"
"gamma_bin_7.50_2.72","vary_sd",2.72,-0.2,FALSE,72,0.577764438354966,0.606986467740643,0.0877798483276067,0.87,0.149731339951375,0.0292220293856766,"gamma_bin"
"gamma_bin_7.50_2.72","vary_sd",2.72,-0.2,FALSE,73,0.968013714061152,0.981349541252191,0.0977921909810281,0.94,0.190063133936949,0.0133358271910391,"gamma_bin"
"gamma_bin_7.50_2.72","vary_sd",2.72,-0.2,FALSE,74,0.655296731928532,0.670749035717253,0.0715588200152602,0.98,0.156899969659699,0.015452303788721,"gamma_bin"
"gamma_bin_7.50_2.72","vary_sd",2.72,-0.2,FALSE,75,0.599731609487604,0.597075072854144,0.0767348602436276,0.96,0.148980099289505,-0.00265653663345977,"gamma_bin"
"gamma_bin_7.50_2.72","vary_sd",2.72,-0.2,FALSE,76,0.795766545904808,0.807619129819302,0.0946114819794562,0.93,0.175999271127105,0.0118525839144943,"gamma_bin"
"gamma_bin_7.50_2.72","vary_sd",2.72,-0.2,FALSE,77,0.873622167427323,0.884884206293481,0.0991269540326855,0.93,0.188279731469548,0.0112620388661581,"gamma_bin"
"gamma_bin_7.50_2.72","vary_sd",2.72,-0.2,FALSE,78,0.655482440826882,0.654166523383322,0.0996993287276732,0.92,0.165769862567703,-0.00131591744355986,"gamma_bin"
"gamma_bin_7.50_2.72","vary_sd",2.72,-0.2,FALSE,79,0.810569670710955,0.814421067860422,0.0824845008682716,0.99,0.190128249296959,0.00385139714946703,"gamma_bin"
"gamma_bin_7.50_2.72","vary_sd",2.72,-0.2,FALSE,80,0.610411594391532,0.632100450832191,0.0927988065104743,0.92,0.170880139228361,0.0216888564406592,"gamma_bin"
"gamma_bin_7.50_2.72","vary_sd",2.72,-0.2,FALSE,81,0.859802485503572,0.862949297551358,0.102956510810777,0.95,0.20363551834576,0.00314681204778633,"gamma_bin"
"gamma_bin_7.50_2.72","vary_sd",2.72,-0.2,FALSE,82,0.717893912271731,0.729870945469563,0.0982166732107683,0.96,0.190375374246196,0.0119770331978319,"gamma_bin"
"gamma_bin_7.50_2.72","vary_sd",2.72,-0.2,FALSE,83,0.992160969972712,1.00987123221084,0.0977650382746704,0.99,0.228059562164968,0.017710262238125,"gamma_bin"
"gamma_bin_7.50_2.72","vary_sd",2.72,-0.2,FALSE,84,1.12536119877567,1.14811846290283,0.11672389231602,0.98,0.247569018115558,0.0227572641271576,"gamma_bin"
"gamma_bin_7.50_2.72","vary_sd",2.72,-0.2,FALSE,85,0.719045149251176,0.740825235265057,0.104425005298813,0.97,0.202492343266733,0.0217800860138809,"gamma_bin"
"gamma_bin_7.50_2.72","vary_sd",2.72,-0.2,FALSE,86,0.847473435579488,0.864139437295426,0.10969878558318,0.98,0.221751195076137,0.0166660017159381,"gamma_bin"
"gamma_bin_7.50_2.72","vary_sd",2.72,-0.2,FALSE,87,0.854973302049258,0.877009626721802,0.121956505623648,0.94,0.224778116570139,0.0220363246725439,"gamma_bin"
"gamma_bin_7.50_2.72","vary_sd",2.72,-0.2,FALSE,88,1.05225780392596,1.09549648413259,0.127965881251479,0.94,0.251733468774168,0.043238680206632,"gamma_bin"
"gamma_bin_7.50_2.72","vary_sd",2.72,-0.2,FALSE,89,0.736216801220608,0.742002999977535,0.120638658239097,0.94,0.207522248050785,0.00578619875692732,"gamma_bin"
"gamma_bin_7.50_2.72","vary_sd",2.72,-0.2,FALSE,90,0.91040746889,0.910566048585636,0.112686824480544,0.97,0.23116372188852,0.000158579695635486,"gamma_bin"
"gamma_bin_7.50_2.72","vary_sd",2.72,-0.2,FALSE,91,0.87534575895404,0.870217632123227,0.109202858497717,0.96,0.227654215255237,-0.00512812683081265,"gamma_bin"
"gamma_bin_7.50_2.72","vary_sd",2.72,-0.2,FALSE,92,1.13304443436225,1.13616214191098,0.126687661029016,0.96,0.262364379838327,0.0031177075487312,"gamma_bin"
"gamma_bin_7.50_2.72","vary_sd",2.72,-0.2,FALSE,93,0.779596408911112,0.792282043404132,0.101816824541062,0.96,0.220980005542836,0.01268563449302,"gamma_bin"
"gamma_bin_7.50_2.72","vary_sd",2.72,-0.2,FALSE,94,0.738569675828446,0.749045925571205,0.103514381304312,0.99,0.216870282037863,0.0104762497427585,"gamma_bin"
"gamma_bin_7.50_2.72","vary_sd",2.72,-0.2,FALSE,95,0.736364931280663,0.747684152311762,0.108930530964286,0.94,0.218016530800605,0.0113192210310991,"gamma_bin"
"gamma_bin_7.50_2.72","vary_sd",2.72,-0.2,FALSE,96,0.940445717920046,0.945764347576877,0.121141780892573,0.96,0.246597683397329,0.00531862965683128,"gamma_bin"
"gamma_bin_7.50_2.72","vary_sd",2.72,-0.2,FALSE,97,0.926791760743166,0.927389828078362,0.107056905343161,0.97,0.245946575703051,0.000598067335196184,"gamma_bin"
"gamma_bin_7.50_2.72","vary_sd",2.72,-0.2,FALSE,98,0.805248809294182,0.798274270211906,0.119870603047508,0.93,0.230684664084044,-0.00697453908227552,"gamma_bin"
"gamma_bin_7.50_2.72","vary_sd",2.72,-0.2,FALSE,99,0.968943928916511,0.956528014923747,0.139713684104752,0.91,0.256171039465573,-0.0124159139927639,"gamma_bin"
"gamma_bin_7.50_2.72","vary_sd",2.72,-0.2,FALSE,100,0.483314411540288,0.484578221071753,0.0845772209456055,0.97,0.18493984075297,0.00126380953146549,"gamma_bin"
"gamma_bin_7.50_2.72","vary_sd",2.72,-0.2,FALSE,101,0.660754209210677,0.661292094865889,0.110262997881998,0.95,0.218671960437007,0.000537885655211845,"gamma_bin"
"gamma_bin_7.50_2.72","vary_sd",2.72,-0.2,FALSE,102,0.65572642436151,0.655839696515104,0.111827638447673,0.96,0.219745892243724,0.000113272153593913,"gamma_bin"
"gamma_bin_7.50_2.72","vary_sd",2.72,-0.2,FALSE,103,1.19597238563675,1.19252595630231,0.157496137472011,0.96,0.300507429152638,-0.00344642933443784,"gamma_bin"
"gamma_bin_7.50_2.72","vary_sd",2.72,-0.2,FALSE,104,1.52016047762218,1.54703793599624,0.185774173318789,0.92,0.349385355887498,0.026877458374063,"gamma_bin"
"gamma_bin_7.50_2.72","vary_sd",2.72,-0.2,FALSE,105,1.1030085210386,1.09600330153202,0.16162908738023,0.94,0.30197851663759,-0.00700521950657551,"gamma_bin"
"gamma_bin_7.50_2.72","vary_sd",2.72,-0.2,FALSE,106,0.895239451481731,0.920813090111887,0.140728431596146,0.98,0.28264106387445,0.0255736386301562,"gamma_bin"
"gamma_bin_7.50_2.72","vary_sd",2.72,-0.2,FALSE,107,0.603003827128156,0.651377327690893,0.122760217660623,0.91,0.238208207771157,0.0483735005627365,"gamma_bin"
"gamma_bin_7.50_2.72","vary_sd",2.72,-0.2,FALSE,108,1.07759954005713,1.11705138185588,0.147642552885777,0.99,0.307594444719151,0.0394518417987459,"gamma_bin"
"gamma_bin_7.50_2.72","vary_sd",2.72,-0.2,FALSE,109,1.67933972630709,1.70984498225205,0.172108763039556,0.95,0.373289869985608,0.0305052559449628,"gamma_bin"
"gamma_bin_7.50_2.72","vary_sd",2.72,-0.2,FALSE,110,0.778502984216349,0.795050082016332,0.122982617437112,0.97,0.251821816858358,0.0165470977999833,"gamma_bin"
"gamma_bin_7.50_2.72","vary_sd",2.72,-0.2,FALSE,111,0.991989182530735,0.996866998021911,0.136501860773641,0.96,0.28196359200194,0.00487781549117627,"gamma_bin"
"gamma_bin_7.50_2.72","vary_sd",2.72,-0.2,FALSE,112,1.07686506331656,1.09667109353308,0.158080698374371,0.91,0.295599567513158,0.0198060302165159,"gamma_bin"
"gamma_bin_7.50_2.72","vary_sd",2.72,-0.2,FALSE,113,0.702387790154813,0.739101315124196,0.114501707854536,0.95,0.24155988016679,0.0367135249693828,"gamma_bin"
"gamma_bin_7.50_2.72","vary_sd",2.72,-0.2,FALSE,114,0.976044237490855,1.00932654124323,0.136947945960341,0.95,0.280222140266057,0.0332823037523787,"gamma_bin"
"gamma_bin_7.50_2.72","vary_sd",2.72,-0.2,FALSE,115,1.2386571693013,1.21653559654425,0.158198335213745,0.95,0.306219492869009,-0.0221215727570492,"gamma_bin"
"gamma_bin_7.50_2.72","vary_sd",2.72,-0.2,FALSE,116,1.16178575840714,1.14010694887605,0.152609586663708,0.96,0.297046371467016,-0.0216788095310869,"gamma_bin"
"gamma_bin_7.50_2.72","vary_sd",2.72,-0.2,FALSE,117,1.19460307270673,1.19833739711387,0.156951171347989,0.93,0.305696148540153,0.00373432440714394,"gamma_bin"
"gamma_bin_7.50_2.72","vary_sd",2.72,-0.2,FALSE,118,1.1631999130357,1.19863545664615,0.141075000816207,0.96,0.307275262193319,0.0354355436104488,"gamma_bin"
"gamma_bin_7.50_2.72","vary_sd",2.72,-0.2,FALSE,119,1.07031355257977,1.0832127859968,0.164071173806386,0.9,0.291138880263188,0.012899233417035,"gamma_bin"
"gamma_bin_7.50_2.72","vary_sd",2.72,-0.2,FALSE,120,0.877747847801672,0.892322569100858,0.145375360175876,0.92,0.262058362654886,0.0145747212991862,"gamma_bin"
"gamma_bin_7.50_2.72","vary_sd",2.72,-0.2,FALSE,121,1.36754433627127,1.38675652897267,0.164136054452948,0.93,0.322542845855339,0.0192121927014028,"gamma_bin"
"gamma_bin_7.50_2.72","vary_sd",2.72,-0.2,FALSE,122,0.835785870448611,0.850163772037215,0.140712316613263,0.93,0.248933459529884,0.0143779015886043,"gamma_bin"
"gamma_bin_7.50_2.72","vary_sd",2.72,-0.2,FALSE,123,1.2672350602796,1.26296923137027,0.148318900788343,0.97,0.301144874582345,-0.00426582890932736,"gamma_bin"
"gamma_bin_7.50_2.72","vary_sd",2.72,-0.2,FALSE,124,0.96912547878376,0.992268935111078,0.133130537692348,0.97,0.265664314678716,0.0231434563273176,"gamma_bin"
"gamma_bin_7.50_2.72","vary_sd",2.72,-0.2,FALSE,125,0.847337032261578,0.870256225360308,0.127281508998051,0.94,0.24780092330904,0.0229191930987304,"gamma_bin"
"gamma_bin_7.50_2.72","vary_sd",2.72,-0.2,FALSE,126,0.715562409302676,0.720489163676504,0.107617477043312,0.98,0.224946283363647,0.00492675437382817,"gamma_bin"
"gamma_bin_7.50_2.72","vary_sd",2.72,-0.2,FALSE,127,0.947820201198353,0.940703402876612,0.134820013775256,0.96,0.255915607437886,-0.00711679832174061,"gamma_bin"
"gamma_bin_7.50_2.72","vary_sd",2.72,-0.2,FALSE,128,0.685080159737144,0.68269517346798,0.119298410249668,0.94,0.217606690215364,-0.00238498626916417,"gamma_bin"
"gamma_bin_7.50_2.72","vary_sd",2.72,-0.2,FALSE,129,0.940715932502657,0.93191489610653,0.138908356315875,0.93,0.255717128483587,-0.00880103639612684,"gamma_bin"
"gamma_bin_7.50_2.72","vary_sd",2.72,-0.2,FALSE,130,0.882737793731905,0.878063146624616,0.129434927163078,0.96,0.251314922975017,-0.00467464710728904,"gamma_bin"
"gamma_bin_7.50_2.72","vary_sd",2.72,-0.2,FALSE,131,0.908595801485553,0.868103314435208,0.12505514355567,0.93,0.25405052882114,-0.0404924870503445,"gamma_bin"
"gamma_bin_7.50_2.72","vary_sd",2.72,-0.2,FALSE,132,0.91957504082564,0.934753995480222,0.139428295611292,0.94,0.268252229014265,0.0151789546545821,"gamma_bin"
"gamma_bin_7.50_2.72","vary_sd",2.72,-0.2,FALSE,133,0.772867637399724,0.776379198078028,0.139999754840339,0.9,0.247896479104389,0.00351156067830416,"gamma_bin"
"gamma_bin_7.50_2.72","vary_sd",2.72,-0.2,FALSE,134,0.85010038418266,0.877987258953707,0.137687306584672,0.92,0.266979338741982,0.027886874771047,"gamma_bin"
"gamma_bin_7.50_2.72","vary_sd",2.72,-0.2,FALSE,135,0.784742304497557,0.815910491624357,0.120893466987725,0.97,0.259600462411698,0.0311681871268001,"gamma_bin"
"gamma_bin_7.50_2.72","vary_sd",2.72,-0.2,FALSE,136,0.974662005700731,0.990318018186963,0.147102392471116,0.96,0.287826606364301,0.0156560124862319,"gamma_bin"
"gamma_bin_7.50_2.72","vary_sd",2.72,-0.2,FALSE,137,0.984149213306856,0.98249004073573,0.122814582238546,0.97,0.289512252983842,-0.00165917257112613,"gamma_bin"
"gamma_bin_7.50_2.72","vary_sd",2.72,-0.2,FALSE,138,1.19074372582141,1.18125847142393,0.19990418743711,0.91,0.320536393791106,-0.00948525439747994,"gamma_bin"
"gamma_bin_7.50_2.72","vary_sd",2.72,-0.2,FALSE,139,1.38369717355419,1.43987052176132,0.182060789390436,0.95,0.357973457262903,0.0561733482071332,"gamma_bin"
"gamma_bin_7.50_2.72","vary_sd",2.72,-0.2,FALSE,140,0.815809623984031,0.838388355031131,0.137305846603709,0.95,0.274959888868749,0.0225787310470997,"gamma_bin"
"gamma_bin_7.50_2.72","vary_sd",2.72,-0.2,FALSE,141,0.948704132009637,0.982519697438179,0.168159788230282,0.93,0.297044800590242,0.0338155654285418,"gamma_bin"
"gamma_bin_7.50_2.72","vary_sd",2.72,-0.2,FALSE,142,0.887909591017245,0.91837172439584,0.14068857739878,0.95,0.285005828007615,0.0304621333785952,"gamma_bin"
"gamma_bin_7.50_2.72","vary_sd",2.72,-0.2,FALSE,143,1.33194554446529,1.34225244921383,0.177708434463737,0.94,0.33991006254486,0.0103069047485438,"gamma_bin"
"gamma_bin_7.50_2.72","vary_sd",2.72,-0.2,FALSE,144,1.33130879278334,1.32948268398097,0.129784204604677,0.99,0.335617778913009,-0.00182610880236922,"gamma_bin"
"gamma_bin_7.50_2.72","vary_sd",2.72,-0.2,FALSE,145,1.36040798308223,1.34787683987207,0.170919774987802,0.97,0.336737279090736,-0.0125311432101565,"gamma_bin"
"gamma_bin_7.50_2.72","vary_sd",2.72,-0.2,FALSE,146,1.03071021292377,1.02341059577924,0.174682568962886,0.9,0.292760075925821,-0.00729961714453387,"gamma_bin"
"gamma_bin_7.50_2.72","vary_sd",2.72,-0.2,FALSE,147,1.01542172209859,1.00954706534099,0.143754068643134,0.94,0.289194786480226,-0.0058746567576009,"gamma_bin"
"gamma_bin_7.50_2.72","vary_sd",2.72,-0.2,FALSE,148,0.918033733511508,0.941213594262187,0.164587428557456,0.9,0.275320297994928,0.0231798607506787,"gamma_bin"
"gamma_bin_7.50_2.72","vary_sd",2.72,-0.2,FALSE,149,0.795399668183425,0.825046162407381,0.129360517500367,0.96,0.253512025237991,0.0296464942239563,"gamma_bin"
"gamma_bin_7.50_2.72","vary_sd",2.72,-0.2,FALSE,150,0.94707340630239,0.971200091697136,0.131575955115167,0.99,0.272109494472596,0.0241266853947464,"gamma_bin"
"gamma_bin_7.50_2.72","vary_sd",2.72,-0.2,FALSE,151,0.838901742382429,0.81272866439822,0.107489058732676,0.98,0.24771164240127,-0.0261730779842084,"gamma_bin"
"gamma_bin_7.50_2.72","vary_sd",2.72,-0.2,FALSE,152,1.10279545241581,1.09100950682046,0.151048699383655,0.96,0.288702229410805,-0.0117859455953531,"gamma_bin"
"gamma_bin_7.50_2.72","vary_sd",2.72,-0.2,FALSE,153,1.09815075967234,1.11606034648168,0.168209747685469,0.92,0.294519828537125,0.0179095868093377,"gamma_bin"
"gamma_bin_7.50_2.72","vary_sd",2.72,-0.2,FALSE,154,0.933692374106949,0.939712641248905,0.143028508441313,0.94,0.273912974664662,0.00602026714195592,"gamma_bin"
"gamma_bin_7.50_2.72","vary_sd",2.72,-0.2,FALSE,155,0.677255280263044,0.691817862446551,0.117039772258116,0.95,0.237322738142269,0.0145625821835067,"gamma_bin"
"gamma_bin_7.50_2.72","vary_sd",2.72,-0.2,FALSE,156,0.794315589671576,0.82798219734245,0.13255032971845,0.94,0.259924509938312,0.0336666076708745,"gamma_bin"
"gamma_bin_7.50_2.72","vary_sd",2.72,-0.2,FALSE,157,0.863128942217305,0.887062947876522,0.1093834915398,0.99,0.269199873955832,0.0239340056592171,"gamma_bin"
"gamma_bin_7.50_2.72","vary_sd",2.72,-0.2,FALSE,158,1.21212682918176,1.22623133639726,0.166221700517177,0.94,0.31661801949822,0.0141045072154964,"gamma_bin"
"gamma_bin_7.50_2.72","vary_sd",2.72,-0.2,FALSE,159,1.02410139695973,0.991377399941814,0.141212494954292,0.94,0.286320918840324,-0.0327239970179163,"gamma_bin"
"gamma_bin_7.50_2.72","vary_sd",2.72,-0.2,FALSE,160,0.905623732385136,0.884601670733239,0.14307438205271,0.9,0.273797797011416,-0.0210220616518968,"gamma_bin"
"gamma_bin_7.50_2.72","vary_sd",2.72,-0.2,FALSE,161,0.9116217888269,0.907274031688197,0.142535551812665,0.94,0.27979988875695,-0.00434775713870295,"gamma_bin"
"gamma_bin_7.50_2.72","vary_sd",2.72,-0.2,FALSE,162,0.854312926973229,0.876632759033305,0.143215193431327,0.95,0.276568626075615,0.0223198320600759,"gamma_bin"
"gamma_bin_7.50_2.72","vary_sd",2.72,-0.2,FALSE,163,0.939537145583715,0.972497380874803,0.133041337349592,0.97,0.291469423306538,0.0329602352910876,"gamma_bin"
"gamma_bin_7.50_2.72","vary_sd",2.72,-0.2,FALSE,164,0.80426541937565,0.790745987135313,0.142796158125248,0.94,0.262562828876403,-0.0135194322403371,"gamma_bin"
"gamma_bin_7.50_2.72","vary_sd",2.72,-0.2,FALSE,165,1.00142458710162,1.00942179919306,0.14017898237321,0.95,0.29756253589394,0.00799721209144311,"gamma_bin"
"gamma_bin_7.50_2.72","vary_sd",2.72,-0.2,FALSE,166,1.22258752675771,1.21612842654451,0.18443440947275,0.94,0.32835043291175,-0.00645910021319507,"gamma_bin"
"gamma_bin_7.50_2.72","vary_sd",2.72,-0.2,FALSE,167,0.797785738886173,0.824743414987369,0.130885019751417,0.96,0.273824693984946,0.026957676101196,"gamma_bin"
"gamma_bin_7.50_2.72","vary_sd",2.72,-0.2,FALSE,168,1.14984066668627,1.16987846534625,0.167859817357287,0.95,0.328507778758761,0.0200377986599798,"gamma_bin"
"gamma_bin_7.50_2.72","vary_sd",2.72,-0.2,FALSE,169,0.760346365617299,0.752169463593398,0.130661290313005,0.98,0.26449997520249,-0.0081769020239012,"gamma_bin"
"gamma_bin_7.50_2.72","vary_sd",2.72,-0.2,FALSE,170,1.3742280074719,1.39044584628598,0.199405336630293,0.95,0.359382190746678,0.0162178388140841,"gamma_bin"
"gamma_bin_7.50_2.72","vary_sd",2.72,-0.2,FALSE,171,0.879913573057892,0.900048713699788,0.130501204870186,0.98,0.288619124585057,0.0201351406418961,"gamma_bin"
"gamma_bin_7.50_2.72","vary_sd",2.72,-0.2,FALSE,172,1.40469565689074,1.4147802746103,0.183756563959521,0.97,0.361252695348018,0.010084617719557,"gamma_bin"
"gamma_bin_7.50_2.72","vary_sd",2.72,-0.2,FALSE,173,0.919193449899109,0.94512718414753,0.155929677384024,0.97,0.294630019677147,0.0259337342484208,"gamma_bin"
"gamma_bin_7.50_2.72","vary_sd",2.72,-0.2,FALSE,174,0.923151861958846,0.927325346333758,0.149534575569546,0.95,0.290403079422462,0.00417348437491205,"gamma_bin"
"gamma_bin_7.50_2.72","vary_sd",2.72,-0.2,FALSE,175,1.03836327926758,1.02795407386212,0.140984905417313,0.94,0.303961093855279,-0.0104092054054632,"gamma_bin"
"gamma_bin_7.50_2.72","vary_sd",2.72,-0.2,FALSE,176,0.9985406934674,1.00689630462246,0.134936891915202,0.98,0.298230648600626,0.00835561115505767,"gamma_bin"
"gamma_bin_7.50_2.72","vary_sd",2.72,-0.2,FALSE,177,1.06724188250379,1.08007001256836,0.171408549102961,0.91,0.306516160082903,0.0128281300645672,"gamma_bin"
"gamma_bin_7.50_2.72","vary_sd",2.72,-0.2,FALSE,178,0.796484699666055,0.784577950426992,0.145243621606412,0.9,0.260828071011219,-0.0119067492390633,"gamma_bin"
"gamma_bin_7.50_2.72","vary_sd",2.72,-0.2,FALSE,179,1.1985320355335,1.18037438874641,0.171172945495948,0.93,0.321057491619323,-0.0181576467870872,"gamma_bin"
"gamma_bin_7.50_2.72","vary_sd",2.72,-0.2,FALSE,180,1.18742100745866,1.24443524656311,0.150926794699292,0.97,0.331100551549147,0.0570142391044497,"gamma_bin"
"gamma_bin_7.50_2.72","vary_sd",2.72,-0.2,FALSE,181,1.49419527020498,1.50097666333501,0.185982388620399,0.95,0.364785764177267,0.00678139313003157,"gamma_bin"
"gamma_bin_7.50_2.72","vary_sd",2.72,-0.2,FALSE,182,1.51569869674153,1.50670613423691,0.191479794828837,0.93,0.366169867880564,-0.00899256250461988,"gamma_bin"
"gamma_bin_7.50_2.72","vary_sd",2.72,-0.2,FALSE,183,0.993075321330978,1.01831231888262,0.159957816344699,0.94,0.2986663852548,0.0252369975516438,"gamma_bin"
"gamma_bin_7.50_2.72","vary_sd",2.72,-0.2,FALSE,184,0.900892693512611,0.925514535335276,0.156662286125174,0.94,0.281082144726754,0.0246218418226645,"gamma_bin"
"gamma_bin_7.50_2.72","vary_sd",2.72,-0.2,FALSE,185,0.823216687408857,0.866731069724309,0.134736515029801,0.93,0.26584753081323,0.0435143823154516,"gamma_bin"
"gamma_bin_7.50_2.72","vary_sd",2.72,-0.2,FALSE,186,1.22622981286846,1.23905407574524,0.158078855483042,0.95,0.310109367534712,0.0128242628767805,"gamma_bin"
"gamma_bin_7.50_2.72","vary_sd",2.72,-0.2,FALSE,187,0.917491231652979,0.920876469340066,0.12523684114637,0.95,0.263700454302551,0.00338523768708732,"gamma_bin"
"gamma_bin_7.50_2.72","vary_sd",2.72,-0.2,FALSE,188,1.14601430452239,1.11756749058886,0.167301906444249,0.9,0.289322022500826,-0.0284468139335323,"gamma_bin"
"gamma_bin_7.50_2.72","vary_sd",2.72,-0.2,FALSE,189,1.15018203934659,1.1331864366641,0.14358314288659,0.96,0.292376830217494,-0.0169956026824885,"gamma_bin"
"gamma_bin_7.50_2.72","vary_sd",2.72,-0.2,FALSE,190,1.13788009197463,1.11444440310182,0.13373316764115,0.96,0.292098941859078,-0.0234356888728056,"gamma_bin"
"gamma_bin_7.50_2.72","vary_sd",2.72,-0.2,FALSE,191,1.77821476084602,1.79839843385334,0.185175425754161,0.96,0.371750170222706,0.0201836730073153,"gamma_bin"
"gamma_bin_7.50_2.72","vary_sd",2.72,-0.2,FALSE,192,1.12622467540917,1.14966865111971,0.155246641788894,0.93,0.295738972354536,0.023443975710536,"gamma_bin"
"gamma_bin_7.50_2.72","vary_sd",2.72,-0.2,FALSE,193,1.63143870001326,1.65853661289824,0.176476172712715,0.96,0.351884882137843,0.027097912884982,"gamma_bin"
"gamma_bin_7.50_2.72","vary_sd",2.72,-0.2,FALSE,194,1.96133686485764,2.02506990004532,0.197153765319873,0.94,0.381537382789868,0.063733035187679,"gamma_bin"
"gamma_bin_7.50_2.72","vary_sd",2.72,-0.2,FALSE,195,1.62645944263275,1.65715370875594,0.152077651745558,0.97,0.336818728553728,0.0306942661231879,"gamma_bin"
"gamma_bin_7.50_2.72","vary_sd",2.72,-0.2,FALSE,196,1.22116224956869,1.27380144449053,0.138640075942183,0.94,0.286932901314236,0.0526391949218421,"gamma_bin"
"gamma_bin_7.50_2.72","vary_sd",2.72,-0.2,FALSE,197,1.08513472727433,1.13104517291988,0.123469823907599,0.95,0.260551142533641,0.0459104456455521,"gamma_bin"
"gamma_bin_7.50_2.72","vary_sd",2.72,-0.2,FALSE,198,1.22272793926392,1.24636470764108,0.127721687854945,0.95,0.26269476180683,0.0236367683771597,"gamma_bin"
"gamma_bin_7.50_2.72","vary_sd",2.72,-0.2,FALSE,199,1.29605177368887,1.28610845187207,0.128237750520349,0.95,0.257800773932336,-0.00994332181679991,"gamma_bin"
"gamma_bin_7.50_2.72","vary_sd",2.72,-0.2,FALSE,200,1.66923410820015,1.66217536167713,0.156403392942163,0.92,0.285794529637308,-0.00705874652302163,"gamma_bin"
"gamma_bin_7.50_2.72","vary_sd",2.72,-0.2,FALSE,201,1.1694237090907,1.14729754667341,0.110148304699441,0.98,0.233826252165251,-0.022126162417293,"gamma_bin"
"gamma_bin_7.50_2.72","vary_sd",2.72,-0.2,FALSE,202,1.07879296650834,1.07757230526386,0.119581838551323,0.94,0.224377592571862,-0.0012206612444845,"gamma_bin"
"gamma_bin_7.50_2.72","vary_sd",2.72,-0.2,FALSE,203,0.894627487421358,0.885064221032876,0.0981080856612348,0.99,0.200449675296057,-0.00956326638848193,"gamma_bin"
"gamma_bin_7.50_2.72","vary_sd",2.72,-0.2,FALSE,204,0.81895014827116,0.834744117091951,0.0992740558008186,0.95,0.191320384920848,0.0157939688207909,"gamma_bin"
"gamma_bin_7.50_2.72","vary_sd",2.72,-0.2,FALSE,205,0.966704879629287,0.981243379650064,0.103311977515839,0.96,0.203851398865156,0.0145385000207775,"gamma_bin"
"gamma_bin_7.50_2.72","vary_sd",2.72,-0.2,FALSE,206,0.735615178317886,0.72026091380336,0.0854679534311248,0.93,0.172892210631834,-0.0153542645145255,"gamma_bin"
"gamma_bin_7.50_2.72","vary_sd",2.72,-0.2,FALSE,207,0.854920650119855,0.8338876366876,0.104378444071745,0.95,0.186190125428516,-0.0210330134322555,"gamma_bin"
"gamma_bin_7.50_2.72","vary_sd",2.72,-0.2,FALSE,208,1.1836252253062,1.15784139906169,0.123046766908394,0.91,0.221653577210193,-0.025783826244512,"gamma_bin"
"gamma_bin_7.50_2.72","vary_sd",2.72,-0.2,FALSE,209,1.4603135494891,1.42697705092533,0.114472804983751,0.97,0.24962764701929,-0.0333364985637747,"gamma_bin"
"gamma_bin_7.50_2.72","vary_sd",2.72,-0.2,FALSE,210,0.828359371463702,0.84964284008183,0.0995843957453986,0.94,0.19586335533692,0.0212834686181285,"gamma_bin"
"gamma_bin_7.50_2.72","vary_sd",2.72,-0.2,FALSE,211,0.945528169177749,0.966017053217974,0.0972898944505091,0.98,0.210914105964042,0.0204888840402254,"gamma_bin"
"gamma_bin_7.50_2.72","vary_sd",2.72,-0.2,FALSE,212,0.79051319956122,0.81811405594385,0.0944374958741689,0.96,0.193593355909677,0.0276008563826303,"gamma_bin"
"gamma_bin_7.50_2.72","vary_sd",2.72,-0.2,FALSE,213,1.43201623771777,1.47485400553918,0.132179417792187,0.95,0.257207066305542,0.0428377678214085,"gamma_bin"
"gamma_bin_7.50_2.72","vary_sd",2.72,-0.2,FALSE,214,1.11428897280893,1.13651732535688,0.117560904925706,0.93,0.223289793758939,0.0222283525479536,"gamma_bin"
"gamma_bin_7.50_2.72","vary_sd",2.72,-0.2,FALSE,215,1.11572179995221,1.1052625823453,0.12867842414432,0.92,0.219377579538978,-0.0104592176069096,"gamma_bin"
"gamma_bin_7.50_2.72","vary_sd",2.72,-0.2,FALSE,216,1.45327758905901,1.46242472008368,0.135540008089999,0.93,0.25164875080542,0.00914713102467202,"gamma_bin"
"gamma_bin_7.50_2.72","vary_sd",2.72,-0.2,FALSE,217,1.1420673106557,1.1553678390942,0.0976423760056122,0.98,0.222535510734153,0.013300528438501,"gamma_bin"
"gamma_bin_7.50_2.72","vary_sd",2.72,-0.2,FALSE,218,0.657966158830962,0.674790449725759,0.0791172924207599,0.96,0.16847246108522,0.0168242908947971,"gamma_bin"
"gamma_bin_7.50_2.72","vary_sd",2.72,-0.2,FALSE,219,1.3705780170681,1.41782968936575,0.109417297636522,0.95,0.240540859635715,0.0472516722976519,"gamma_bin"
"gamma_bin_7.50_2.72","vary_sd",2.72,-0.2,FALSE,220,1.12178323201924,1.14487266708365,0.104967277830312,0.96,0.21272387724396,0.0230894350644066,"gamma_bin"
"gamma_bin_7.50_2.72","vary_sd",2.72,-0.2,FALSE,221,1.82150678776182,1.79894395259601,0.118290538584258,0.98,0.263966685049092,-0.0225628351658116,"gamma_bin"
"gamma_bin_7.50_2.72","vary_sd",2.72,-0.2,FALSE,222,1.47822233790926,1.46637288591226,0.120838367195605,0.95,0.236572794510015,-0.0118494519970036,"gamma_bin"
"gamma_bin_7.50_2.72","vary_sd",2.72,-0.2,FALSE,223,1.2291381002976,1.22812710086671,0.109153057175606,0.94,0.215130070881162,-0.00101099943088734,"gamma_bin"
"gamma_bin_7.50_2.72","vary_sd",2.72,-0.2,FALSE,224,1.39168397860736,1.42502927158026,0.120546116097612,0.96,0.22786958312921,0.033345292972903,"gamma_bin"
"gamma_bin_7.50_2.72","vary_sd",2.72,-0.2,FALSE,225,1.02693213453622,1.07934647810912,0.0905371638009634,0.92,0.193147979520989,0.0524143435729028,"gamma_bin"
"gamma_bin_7.50_2.72","vary_sd",2.72,-0.2,FALSE,226,0.944477107231107,0.96188948623802,0.0855366410586343,0.98,0.176946093544,0.0174123790069135,"gamma_bin"
"gamma_bin_7.50_2.72","vary_sd",2.72,-0.2,FALSE,227,0.88294479567521,0.881618702996544,0.0906340974100064,0.92,0.164686760284703,-0.00132609267866557,"gamma_bin"
"gamma_bin_7.50_2.72","vary_sd",2.72,-0.2,FALSE,228,1.2545287150813,1.24508008228852,0.0973819406373384,0.98,0.192190150770852,-0.00944863279278318,"gamma_bin"
"gamma_bin_7.50_2.72","vary_sd",2.72,-0.2,FALSE,229,1.46483936058861,1.42419004331794,0.111048672664623,0.92,0.203841037870016,-0.0406493172706734,"gamma_bin"
"gamma_bin_7.50_2.72","vary_sd",2.72,-0.2,FALSE,230,1.5106771494413,1.46606184917193,0.0934023544138305,0.94,0.207083731315392,-0.0446153002693692,"gamma_bin"
"gamma_bin_7.50_2.72","vary_sd",2.72,-0.2,FALSE,231,1.76125096519109,1.74864170390624,0.105375017592749,0.97,0.226725163116128,-0.0126092612848532,"gamma_bin"
"gamma_bin_7.50_2.72","vary_sd",2.72,-0.2,FALSE,232,1.40611418271408,1.44329499716627,0.0918065811987508,0.96,0.20484403157841,0.0371808144521852,"gamma_bin"
"gamma_bin_7.50_2.72","vary_sd",2.72,-0.2,FALSE,233,1.50840807515769,1.57197784120026,0.101140648990669,0.92,0.209787345940334,0.0635697660425669,"gamma_bin"
"gamma_bin_7.50_2.72","vary_sd",2.72,-0.2,FALSE,234,2.14812836507422,2.23656595484922,0.122194236841432,0.85,0.242541554923941,0.0884375897749989,"gamma_bin"
"gamma_bin_7.50_2.72","vary_sd",2.72,-0.2,FALSE,235,1.77318978695313,1.83062533276285,0.118132246746133,0.91,0.211228837217375,0.0574355458097227,"gamma_bin"
"gamma_bin_7.50_2.72","vary_sd",2.72,-0.2,FALSE,236,1.73485405696823,1.77270378442944,0.112318989880208,0.91,0.199970467813218,0.0378497274612055,"gamma_bin"
"gamma_bin_7.50_2.72","vary_sd",2.72,-0.2,FALSE,237,1.62270455030168,1.67042866963022,0.0937353994141098,0.94,0.186428775717886,0.0477241193285358,"gamma_bin"
"gamma_bin_7.50_2.72","vary_sd",2.72,-0.2,FALSE,238,1.18127386711031,1.19728707150213,0.0770527048140295,0.96,0.151022175351624,0.016013204391816,"gamma_bin"
"gamma_bin_7.50_2.72","vary_sd",2.72,-0.2,FALSE,239,1.18467641337506,1.21409206963329,0.0785329197411561,0.92,0.145320907816345,0.0294156562582348,"gamma_bin"
"gamma_bin_7.50_2.72","vary_sd",2.72,-0.2,FALSE,240,1.41686704734357,1.42162091826391,0.0882812672595377,0.92,0.151184205999362,0.00475387092034119,"gamma_bin"
"gamma_bin_7.50_2.72","vary_sd",2.72,-0.2,FALSE,241,1.25638994428988,1.24109955152914,0.0654603417143415,0.94,0.136868018557693,-0.0152903927607408,"gamma_bin"
"gamma_bin_7.50_2.72","vary_sd",2.72,-0.2,FALSE,242,1.12129644908568,1.11094081890715,0.0654241958508614,0.94,0.126855332445892,-0.0103556301785255,"gamma_bin"
"gamma_bin_7.50_2.72","vary_sd",2.72,-0.2,FALSE,243,1.35471671225519,1.32799873968364,0.0646471538189723,0.95,0.136604998867342,-0.0267179725715527,"gamma_bin"
"gamma_bin_7.50_2.72","vary_sd",2.72,-0.2,FALSE,244,1.01075153524685,0.997334478140174,0.0658630819215525,0.91,0.117032281877528,-0.0134170571066758,"gamma_bin"
"gamma_bin_7.50_2.72","vary_sd",2.72,-0.2,FALSE,245,1.09871605480815,1.08499358596163,0.0587423215083511,0.94,0.120715420070624,-0.0137224688465218,"gamma_bin"
"gamma_bin_7.50_2.72","vary_sd",2.72,-0.2,FALSE,246,1.01869442350015,1.01296558071433,0.0590752178846206,0.95,0.115293602661872,-0.00572884278581531,"gamma_bin"
"gamma_bin_7.50_2.72","vary_sd",2.72,-0.2,FALSE,247,0.933319674797869,0.923215248140466,0.0556056171099155,0.95,0.108750968637038,-0.0101044266574032,"gamma_bin"
"gamma_bin_7.50_2.72","vary_sd",2.72,-0.2,FALSE,248,1.07523379129616,1.06984048035469,0.0646578246158522,0.91,0.116299714200733,-0.00539331094147011,"gamma_bin"
"gamma_bin_7.50_2.72","vary_sd",2.72,-0.2,FALSE,249,1.30371060738913,1.28363226055691,0.0587225191230145,0.96,0.126966938250698,-0.0200783468322236,"gamma_bin"
"gamma_bin_7.50_2.72","vary_sd",2.72,-0.2,FALSE,250,1.41728039570922,1.39426753620415,0.0649150959821714,0.95,0.132280507633274,-0.0230128595050678,"gamma_bin"
"gamma_bin_7.50_2.72","vary_sd",2.72,-0.2,FALSE,251,1.14476257942982,1.14305297402467,0.0626731947267703,0.98,0.119987286427024,-0.00170960540515219,"gamma_bin"
"gamma_bin_7.50_2.72","vary_sd",2.72,-0.2,FALSE,252,1.28960282315637,1.30845621868657,0.0661640607619401,0.96,0.127845016228219,0.0188533955301959,"gamma_bin"
"gamma_bin_7.50_2.72","vary_sd",2.72,-0.2,FALSE,253,1.41166776000313,1.44255852519395,0.0634289245122151,0.95,0.132827733343119,0.0308907651908159,"gamma_bin"
"gamma_bin_7.50_3.40","vary_sd",3.4,0,TRUE,8,1.22915300707766,1.23455444784176,0.0564362430670838,0.96,0.109878355330735,0.00540144076409721,"gamma_bin"
"gamma_bin_7.50_3.40","vary_sd",3.4,0,TRUE,9,2.39912444733293,2.38860619709439,0.0635070394729455,0.99,0.144263541975588,-0.0105182502385417,"gamma_bin"
"gamma_bin_7.50_3.40","vary_sd",3.4,0,TRUE,10,1.19488455941613,1.19252609095984,0.0410063030400778,0.98,0.0971424293950507,-0.00235846845629029,"gamma_bin"
"gamma_bin_7.50_3.40","vary_sd",3.4,0,TRUE,11,1.32901937043135,1.32898243050279,0.0519979642390096,0.9,0.0981517150746884,-3.69399285633509e-05,"gamma_bin"
"gamma_bin_7.50_3.40","vary_sd",3.4,0,TRUE,12,1.45964563283974,1.45786192749447,0.0515742512321792,0.97,0.0988853503722987,-0.00178370534527295,"gamma_bin"
"gamma_bin_7.50_3.40","vary_sd",3.4,0,TRUE,13,1.71536377425759,1.71705128030797,0.0515009810949382,0.97,0.103971034226892,0.00168750605038315,"gamma_bin"
"gamma_bin_7.50_3.40","vary_sd",3.4,0,TRUE,14,1.05186283321434,1.05669404442349,0.0414591321299014,0.93,0.0794241692575945,0.00483121120914709,"gamma_bin"
"gamma_bin_7.50_3.40","vary_sd",3.4,0,TRUE,15,1.02513341063733,1.02046878971226,0.040571480082407,0.94,0.0760962223937287,-0.00466462092507269,"gamma_bin"
"gamma_bin_7.50_3.40","vary_sd",3.4,0,TRUE,16,1.25256084138212,1.25825182302603,0.0406173735930291,0.96,0.0825892914194811,0.00569098164390902,"gamma_bin"
"gamma_bin_7.50_3.40","vary_sd",3.4,0,TRUE,17,1.2152968085526,1.22049763806574,0.0399909328807588,0.98,0.0799330775483441,0.00520082951314249,"gamma_bin"
"gamma_bin_7.50_3.40","vary_sd",3.4,0,TRUE,18,0.979262007308338,0.980054142294177,0.0380485431793124,0.93,0.0707101161520127,0.000792134985839077,"gamma_bin"
"gamma_bin_7.50_3.40","vary_sd",3.4,0,TRUE,19,1.02548164174434,1.01852307782416,0.0364435408763669,0.95,0.0713358979562739,-0.00695856392017813,"gamma_bin"
"gamma_bin_7.50_3.40","vary_sd",3.4,0,TRUE,20,1.03937017525567,1.03876982055935,0.0348553231928618,0.97,0.0714514940174017,-0.000600354696315142,"gamma_bin"
"gamma_bin_7.50_3.40","vary_sd",3.4,0,TRUE,21,1.31708921089394,1.31318648932582,0.0402335780694436,0.94,0.0798852604925091,-0.00390272156812266,"gamma_bin"
"gamma_bin_7.50_3.40","vary_sd",3.4,0,TRUE,22,1.01629528374106,1.01492890958802,0.0338478826330443,0.94,0.0699608452737254,-0.00136637415304164,"gamma_bin"
"gamma_bin_7.50_3.40","vary_sd",3.4,0,TRUE,23,0.750244244564339,0.747651864005914,0.0288903280910377,0.94,0.0597482518232601,-0.0025923805584247,"gamma_bin"
"gamma_bin_7.50_3.40","vary_sd",3.4,0,TRUE,24,0.686827825813118,0.688500523916164,0.0286628667115208,0.94,0.057006811568245,0.00167269810304571,"gamma_bin"
"gamma_bin_7.50_3.40","vary_sd",3.4,0,TRUE,25,1.09141067495798,1.09671013683949,0.0341452206433285,0.94,0.0717648255331739,0.00529946188151298,"gamma_bin"
"gamma_bin_7.50_3.40","vary_sd",3.4,0,TRUE,26,0.74108150094242,0.737351742628285,0.0322079064212617,0.95,0.0590565889711075,-0.00372975831413536,"gamma_bin"
"gamma_bin_7.50_3.40","vary_sd",3.4,0,TRUE,27,0.768558244559202,0.770139669846671,0.0316729287744218,0.94,0.0608390859452746,0.00158142528746907,"gamma_bin"
"gamma_bin_7.50_3.40","vary_sd",3.4,0,TRUE,28,0.75279022252533,0.748386701253589,0.0282780847089525,0.97,0.0605988160669647,-0.00440352127174082,"gamma_bin"
"gamma_bin_7.50_3.40","vary_sd",3.4,0,TRUE,29,0.700207559621297,0.698210948791533,0.0286386845875819,0.96,0.0592711983028421,-0.00199661082976366,"gamma_bin"
"gamma_bin_7.50_3.40","vary_sd",3.4,0,TRUE,30,0.555254250263291,0.557799600760064,0.0283026095629305,0.96,0.0537708037813204,0.00254535049677251,"gamma_bin"
"gamma_bin_7.50_3.40","vary_sd",3.4,0,TRUE,31,0.584462421312083,0.583434816260231,0.0276064696973973,0.96,0.0559840684923718,-0.00102760505185207,"gamma_bin"
"gamma_bin_7.50_3.40","vary_sd",3.4,0,TRUE,32,0.680311568720764,0.68166684767529,0.0281658958570356,0.96,0.0618513777280821,0.00135527895452592,"gamma_bin"
"gamma_bin_7.50_3.40","vary_sd",3.4,0,TRUE,33,0.958980557438332,0.962076637881849,0.0465872132783722,0.89,0.0754276520112139,0.00309608044351684,"gamma_bin"
"gamma_bin_7.50_3.40","vary_sd",3.4,0,TRUE,34,1.26715241572783,1.26228866148326,0.0415664854771128,0.96,0.0889059062733592,-0.00486375424457086,"gamma_bin"
"gamma_bin_7.50_3.40","vary_sd",3.4,0,TRUE,35,1.32835101120383,1.3187402898029,0.0454376708612847,0.98,0.0931721763428449,-0.00961072140092512,"gamma_bin"
"gamma_bin_7.50_3.40","vary_sd",3.4,0,TRUE,36,0.820531409863083,0.813245891337478,0.03709600920023,0.93,0.0741983423891439,-0.00728551852560544,"gamma_bin"
"gamma_bin_7.50_3.40","vary_sd",3.4,0,TRUE,37,0.605068218099632,0.600186019150108,0.0352581848512726,0.94,0.0637663579723981,-0.00488219894952391,"gamma_bin"
"gamma_bin_7.50_3.40","vary_sd",3.4,0,TRUE,38,0.48061136006007,0.483526502999615,0.0299924982648393,0.96,0.056884175045774,0.00291514293954509,"gamma_bin"
"gamma_bin_7.50_3.40","vary_sd",3.4,0,TRUE,39,0.729684564655972,0.736360709138073,0.0320890506629604,0.99,0.0700715707355319,0.00667614448210152,"gamma_bin"
"gamma_bin_7.50_3.40","vary_sd",3.4,0,TRUE,40,0.815108206288389,0.821117990692106,0.0378992351170444,0.95,0.074638320834696,0.00600978440371702,"gamma_bin"
"gamma_bin_7.50_3.40","vary_sd",3.4,0,TRUE,41,0.615430120554185,0.616290806263504,0.0347625297178765,0.93,0.0658955374841362,0.000860685709318965,"gamma_bin"
"gamma_bin_7.50_3.40","vary_sd",3.4,0,TRUE,42,0.7716723572992,0.76206084436676,0.0389651940572892,0.93,0.0750636366553555,-0.00961151293244011,"gamma_bin"
"gamma_bin_7.50_3.40","vary_sd",3.4,0,TRUE,43,0.638626730193333,0.639212168700622,0.031828122548788,0.99,0.0705356402942277,0.000585438507289315,"gamma_bin"
"gamma_bin_7.50_3.40","vary_sd",3.4,0,TRUE,44,0.502593853100566,0.498987078571806,0.03539993675317,0.93,0.0639019963950973,-0.0036067745287599,"gamma_bin"
"gamma_bin_7.50_3.40","vary_sd",3.4,0,TRUE,45,0.419338241890262,0.426062061315055,0.0334322138453814,0.96,0.0605376163903469,0.00672381942479267,"gamma_bin"
"gamma_bin_7.50_3.40","vary_sd",3.4,0,TRUE,46,0.532509871825,0.541083229123717,0.0330403314410531,0.97,0.0700978111968366,0.00857335729871711,"gamma_bin"
"gamma_bin_7.50_3.40","vary_sd",3.4,0,TRUE,47,0.748139787723446,0.750158175618298,0.0477271557965284,0.93,0.0852052601121704,0.00201838789485242,"gamma_bin"
"gamma_bin_7.50_3.40","vary_sd",3.4,0,TRUE,48,0.69956822206096,0.697167535962221,0.0398848443094483,0.96,0.0851924823290814,-0.00240068609873945,"gamma_bin"
"gamma_bin_7.50_3.40","vary_sd",3.4,0,TRUE,49,0.840598040729289,0.835056181629452,0.0456657175368929,0.97,0.0967862300076341,-0.00554185909983684,"gamma_bin"
"gamma_bin_7.50_3.40","vary_sd",3.4,0,TRUE,50,0.60554325949379,0.607799997759919,0.0442448357398774,0.95,0.0853961951731245,0.00225673826612938,"gamma_bin"
"gamma_bin_7.50_3.40","vary_sd",3.4,0,TRUE,51,0.551125264389769,0.548269426064447,0.0431049391489935,0.93,0.0834232087805162,-0.00285583832532199,"gamma_bin"
"gamma_bin_7.50_3.40","vary_sd",3.4,0,TRUE,52,0.382393923102511,0.384440302370148,0.0326130702338379,0.98,0.0715464432334681,0.00204637926763712,"gamma_bin"
"gamma_bin_7.50_3.40","vary_sd",3.4,0,TRUE,53,0.67600822687436,0.682869837330277,0.0535777869868019,0.95,0.0976641308089867,0.00686161045591682,"gamma_bin"
"gamma_bin_7.50_3.40","vary_sd",3.4,0,TRUE,54,0.673855515926702,0.668271856467425,0.0499032599070393,0.93,0.0994375965057437,-0.00558365945927652,"gamma_bin"
"gamma_bin_7.50_3.40","vary_sd",3.4,0,TRUE,55,0.928599757202953,0.93250820642791,0.0567588455556724,0.96,0.121413043691819,0.00390844922495703,"gamma_bin"
"gamma_bin_7.50_3.40","vary_sd",3.4,0,TRUE,56,0.750387184163906,0.747500687213746,0.0566373017124901,0.93,0.112408093647159,-0.00288649695016019,"gamma_bin"
"gamma_bin_7.50_3.40","vary_sd",3.4,0,TRUE,57,0.713506443750686,0.716266039505771,0.0647974068868228,0.93,0.113305241127983,0.00275959575508467,"gamma_bin"
"gamma_bin_7.50_3.40","vary_sd",3.4,0,TRUE,58,0.492090945289708,0.492785119728812,0.0481437113560006,0.95,0.0961902671353152,0.0006941744391043,"gamma_bin"
"gamma_bin_7.50_3.40","vary_sd",3.4,0,TRUE,59,0.488086622314194,0.491085755392465,0.0588975337902417,0.9,0.0978361946069438,0.0029991330782706,"gamma_bin"
"gamma_bin_7.50_3.40","vary_sd",3.4,0,TRUE,60,0.671814423224244,0.673151153845639,0.0583639361717085,0.92,0.116965618238968,0.00133673062139494,"gamma_bin"
"gamma_bin_7.50_3.40","vary_sd",3.4,0,TRUE,61,0.791713212108865,0.78977356508342,0.0736566307861872,0.93,0.12997588265704,-0.0019396470254448,"gamma_bin"
"gamma_bin_7.50_3.40","vary_sd",3.4,0,TRUE,62,0.652883007093316,0.665259452310767,0.0628516739495007,0.94,0.122943305812075,0.0123764452174506,"gamma_bin"
"gamma_bin_7.50_3.40","vary_sd",3.4,0,TRUE,63,0.61385111269512,0.613363067235165,0.0657222627734818,0.94,0.121683471324599,-0.000488045459955067,"gamma_bin"
"gamma_bin_7.50_3.40","vary_sd",3.4,0,TRUE,64,0.74711285306125,0.743695591585744,0.0686720828451202,0.97,0.137943821335188,-0.00341726147550636,"gamma_bin"
"gamma_bin_7.50_3.40","vary_sd",3.4,0,TRUE,65,0.706623402762968,0.707644157083159,0.0696572456085326,0.95,0.138199414860254,0.00102075432019066,"gamma_bin"
"gamma_bin_7.50_3.40","vary_sd",3.4,0,TRUE,66,0.511807017708403,0.507881803423492,0.0655994526923094,0.92,0.120111502256261,-0.00392521428491055,"gamma_bin"
"gamma_bin_7.50_3.40","vary_sd",3.4,0,TRUE,67,0.670522334469821,0.670800861651712,0.0653162282325165,0.96,0.141523011850792,0.00027852718189092,"gamma_bin"
"gamma_bin_7.50_3.40","vary_sd",3.4,0,TRUE,68,1.17241462294142,1.1735316298229,0.085846081382153,0.99,0.192018021999422,0.0011170068814792,"gamma_bin"
"gamma_bin_7.50_3.40","vary_sd",3.4,0,TRUE,69,1.09873791889337,1.11553709905737,0.0886768228580352,0.98,0.192171789517075,0.0167991801640028,"gamma_bin"
"gamma_bin_7.50_3.40","vary_sd",3.4,0,TRUE,70,0.863932410861542,0.849668940451085,0.0922050522602131,0.95,0.171304120389515,-0.0142634704104572,"gamma_bin"
"gamma_bin_7.50_3.40","vary_sd",3.4,0,TRUE,71,0.715028130529259,0.711675578247209,0.0721032071803809,1,0.158696752092453,-0.00335255228204989,"gamma_bin"
"gamma_bin_7.50_3.40","vary_sd",3.4,0,TRUE,72,0.577764438354966,0.586202716964061,0.084216210601458,0.93,0.144607822982464,0.00843827860909452,"gamma_bin"
"gamma_bin_7.50_3.40","vary_sd",3.4,0,TRUE,73,0.968013714061152,0.959978606027932,0.0957097693251491,0.95,0.18591465468711,-0.0080351080332205,"gamma_bin"
"gamma_bin_7.50_3.40","vary_sd",3.4,0,TRUE,74,0.655296731928532,0.67062365604358,0.0710918750492424,0.98,0.156867849688995,0.0153269241150478,"gamma_bin"
"gamma_bin_7.50_3.40","vary_sd",3.4,0,TRUE,75,0.599731609487604,0.605752253577727,0.0781817626532425,0.96,0.151131084035756,0.00602064409012304,"gamma_bin"
"gamma_bin_7.50_3.40","vary_sd",3.4,0,TRUE,76,0.795766545904808,0.822011059277507,0.0961320663877421,0.93,0.179125944366265,0.0262445133726992,"gamma_bin"
"gamma_bin_7.50_3.40","vary_sd",3.4,0,TRUE,77,0.873622167427323,0.898730349947592,0.100038401989514,0.93,0.191223290410068,0.0251081825202694,"gamma_bin"
"gamma_bin_7.50_3.40","vary_sd",3.4,0,TRUE,78,0.655482440826882,0.660263084651652,0.100455464655331,0.92,0.167310398886935,0.00478064382476973,"gamma_bin"
"gamma_bin_7.50_3.40","vary_sd",3.4,0,TRUE,79,0.810569670710955,0.813699883903985,0.0819572070379092,0.99,0.189957217121296,0.00313021319303031,"gamma_bin"
"gamma_bin_7.50_3.40","vary_sd",3.4,0,TRUE,80,0.610411594391532,0.626879029209948,0.092196919244871,0.92,0.169460347541416,0.0164674348184163,"gamma_bin"
"gamma_bin_7.50_3.40","vary_sd",3.4,0,TRUE,81,0.859802485503572,0.854632227609628,0.101704500725778,0.95,0.201670188180229,-0.00517025789394421,"gamma_bin"
"gamma_bin_7.50_3.40","vary_sd",3.4,0,TRUE,82,0.717893912271731,0.725542475003984,0.0983224585607153,0.95,0.18922854667332,0.00764856273225256,"gamma_bin"
"gamma_bin_7.50_3.40","vary_sd",3.4,0,TRUE,83,0.992160969972712,1.00697173632171,0.0964299215282246,0.99,0.227403327726448,0.0148107663489961,"gamma_bin"
"gamma_bin_7.50_3.40","vary_sd",3.4,0,TRUE,84,1.12536119877567,1.14471881800656,0.116624792192275,0.98,0.246817736791148,0.0193576192308924,"gamma_bin"
"gamma_bin_7.50_3.40","vary_sd",3.4,0,TRUE,85,0.719045149251176,0.73423358085352,0.103145950628098,0.97,0.200679329586071,0.0151884316023441,"gamma_bin"
"gamma_bin_7.50_3.40","vary_sd",3.4,0,TRUE,86,0.847473435579488,0.84849164498928,0.107087200428075,0.99,0.217721886311491,0.00101820940979191,"gamma_bin"
"gamma_bin_7.50_3.40","vary_sd",3.4,0,TRUE,87,0.854973302049258,0.859428044957113,0.119359118846142,0.96,0.220253279246669,0.00445474290785464,"gamma_bin"
"gamma_bin_7.50_3.40","vary_sd",3.4,0,TRUE,88,1.05225780392596,1.08236053075597,0.126510162976547,0.94,0.248695525685064,0.0301027268300111,"gamma_bin"
"gamma_bin_7.50_3.40","vary_sd",3.4,0,TRUE,89,0.736216801220608,0.740384431645395,0.120281128543353,0.94,0.20706258653814,0.00416763042478729,"gamma_bin"
"gamma_bin_7.50_3.40","vary_sd",3.4,0,TRUE,90,0.91040746889,0.91188317133571,0.111495604203899,0.97,0.231510818280949,0.00147570244570971,"gamma_bin"
"gamma_bin_7.50_3.40","vary_sd",3.4,0,TRUE,91,0.87534575895404,0.872040948019872,0.109308619477742,0.96,0.228119643813489,-0.00330481093416835,"gamma_bin"
"gamma_bin_7.50_3.40","vary_sd",3.4,0,TRUE,92,1.13304443436225,1.13899424208695,0.127227944046563,0.95,0.26300274183207,0.00594980772469977,"gamma_bin"
"gamma_bin_7.50_3.40","vary_sd",3.4,0,TRUE,93,0.779596408911112,0.793575915140628,0.102464910357524,0.98,0.221320487949715,0.0139795062295162,"gamma_bin"
"gamma_bin_7.50_3.40","vary_sd",3.4,0,TRUE,94,0.738569675828446,0.746984065800552,0.103334180311891,0.99,0.216258713065262,0.0084143899721062,"gamma_bin"
"gamma_bin_7.50_3.40","vary_sd",3.4,0,TRUE,95,0.736364931280663,0.743824966771505,0.107054640320492,0.94,0.216902036622618,0.00746003549084151,"gamma_bin"
"gamma_bin_7.50_3.40","vary_sd",3.4,0,TRUE,96,0.940445717920046,0.945575694416469,0.120910676587019,0.95,0.246532600135364,0.00512997649642266,"gamma_bin"
"gamma_bin_7.50_3.40","vary_sd",3.4,0,TRUE,97,0.926791760743166,0.934209877974098,0.107158139700421,0.97,0.247742185154274,0.00741811723093155,"gamma_bin"
"gamma_bin_7.50_3.40","vary_sd",3.4,0,TRUE,98,0.805248809294182,0.805668843695182,0.12061223203756,0.93,0.232807123180186,0.000420034401000247,"gamma_bin"
"gamma_bin_7.50_3.40","vary_sd",3.4,0,TRUE,99,0.968943928916511,0.960277224281229,0.140126039588857,0.91,0.257160558396608,-0.00866670463528219,"gamma_bin"
"gamma_bin_7.50_3.40","vary_sd",3.4,0,TRUE,100,0.483314411540288,0.483442388640903,0.0844349312349325,0.97,0.184493620722153,0.000127977100615517,"gamma_bin"
"gamma_bin_7.50_3.40","vary_sd",3.4,0,TRUE,101,0.660754209210677,0.658183846769013,0.109521902776344,0.95,0.217643667467181,-0.00257036244166364,"gamma_bin"
"gamma_bin_7.50_3.40","vary_sd",3.4,0,TRUE,102,0.65572642436151,0.656805210785249,0.112319095469203,0.95,0.220063309980291,0.00107878642373926,"gamma_bin"
"gamma_bin_7.50_3.40","vary_sd",3.4,0,TRUE,103,1.19597238563675,1.2069236519955,0.159486100555695,0.93,0.304129315659167,0.0109512663587459,"gamma_bin"
"gamma_bin_7.50_3.40","vary_sd",3.4,0,TRUE,104,1.52016047762218,1.57216267638318,0.1886738943845,0.91,0.355042769121075,0.0520021987610007,"gamma_bin"
"gamma_bin_7.50_3.40","vary_sd",3.4,0,TRUE,105,1.1030085210386,1.09802901400508,0.160894441017072,0.95,0.302528724690777,-0.00497950703351591,"gamma_bin"
"gamma_bin_7.50_3.40","vary_sd",3.4,0,TRUE,106,0.895239451481731,0.89535029129216,0.1369697197682,0.98,0.274797893644485,0.000110839810429253,"gamma_bin"
"gamma_bin_7.50_3.40","vary_sd",3.4,0,TRUE,107,0.603003827128156,0.621045775656619,0.117131516788082,0.93,0.227093997707824,0.018041948528463,"gamma_bin"
"gamma_bin_7.50_3.40","vary_sd",3.4,0,TRUE,108,1.07759954005713,1.0750155078848,0.141629787851063,0.98,0.296002465789276,-0.00258403217232583,"gamma_bin"
"gamma_bin_7.50_3.40","vary_sd",3.4,0,TRUE,109,1.67933972630709,1.69375358360265,0.16980403152604,0.96,0.369744754620591,0.0144138572955579,"gamma_bin"
"gamma_bin_7.50_3.40","vary_sd",3.4,0,TRUE,110,0.778502984216349,0.804330452528911,0.124637441608491,0.97,0.254721994368565,0.0258274683125622,"gamma_bin"
"gamma_bin_7.50_3.40","vary_sd",3.4,0,TRUE,111,0.991989182530735,1.00462319876063,0.136988236258794,0.96,0.284132765797338,0.0126340162298904,"gamma_bin"
"gamma_bin_7.50_3.40","vary_sd",3.4,0,TRUE,112,1.07686506331656,1.09271195602758,0.157393818680368,0.92,0.294505609582853,0.0158468927110249,"gamma_bin"
"gamma_bin_7.50_3.40","vary_sd",3.4,0,TRUE,113,0.702387790154813,0.735003159641401,0.114470012820285,0.95,0.24018596523555,0.0326153694865878,"gamma_bin"
"gamma_bin_7.50_3.40","vary_sd",3.4,0,TRUE,114,0.976044237490855,1.00918772593979,0.136205431915906,0.96,0.280171615166797,0.0331434884489362,"gamma_bin"
"gamma_bin_7.50_3.40","vary_sd",3.4,0,TRUE,115,1.2386571693013,1.22675343706148,0.157520856289045,0.97,0.308793151567435,-0.0119037322398232,"gamma_bin"
"gamma_bin_7.50_3.40","vary_sd",3.4,0,TRUE,116,1.16178575840714,1.15502873369554,0.156831699523513,0.96,0.300885441171329,-0.00675702471160333,"gamma_bin"
"gamma_bin_7.50_3.40","vary_sd",3.4,0,TRUE,117,1.19460307270673,1.20617699198843,0.157916395090798,0.92,0.307697420291763,0.0115739192817035,"gamma_bin"
"gamma_bin_7.50_3.40","vary_sd",3.4,0,TRUE,118,1.1631999130357,1.19187763718768,0.141067863303971,0.97,0.305531245515422,0.028677724151982,"gamma_bin"
"gamma_bin_7.50_3.40","vary_sd",3.4,0,TRUE,119,1.07031355257977,1.06708091432458,0.162487090127756,0.94,0.286771496467634,-0.0032326382551926,"gamma_bin"
"gamma_bin_7.50_3.40","vary_sd",3.4,0,TRUE,120,0.877747847801672,0.87749794066751,0.143836078353765,0.91,0.257671989304959,-0.000249907134161842,"gamma_bin"
"gamma_bin_7.50_3.40","vary_sd",3.4,0,TRUE,121,1.36754433627127,1.3725066361876,0.161216323709369,0.94,0.31921904304928,0.00496229991633368,"gamma_bin"
"gamma_bin_7.50_3.40","vary_sd",3.4,0,TRUE,122,0.835785870448611,0.850516919785988,0.140877545700795,0.93,0.249014105055448,0.0147310493373771,"gamma_bin"
"gamma_bin_7.50_3.40","vary_sd",3.4,0,TRUE,123,1.2672350602796,1.27024952511175,0.148429863521996,0.96,0.302851355227501,0.00301446483215129,"gamma_bin"
"gamma_bin_7.50_3.40","vary_sd",3.4,0,TRUE,124,0.96912547878376,0.998476634242724,0.134362526933553,0.96,0.267284813520962,0.0293511554589638,"gamma_bin"
"gamma_bin_7.50_3.40","vary_sd",3.4,0,TRUE,125,0.847337032261578,0.873383335726123,0.128006836288701,0.94,0.248664713235858,0.0260463034645447,"gamma_bin"
"gamma_bin_7.50_3.40","vary_sd",3.4,0,TRUE,126,0.715562409302676,0.721480644322474,0.106590709321547,0.98,0.225271780138432,0.00591823501979849,"gamma_bin"
"gamma_bin_7.50_3.40","vary_sd",3.4,0,TRUE,127,0.947820201198353,0.945383822149689,0.134796817120222,0.95,0.257193739388825,-0.00243637904866367,"gamma_bin"
"gamma_bin_7.50_3.40","vary_sd",3.4,0,TRUE,128,0.685080159737144,0.691628289748225,0.121022357191985,0.92,0.220438396201974,0.00654813001108134,"gamma_bin"
"gamma_bin_7.50_3.40","vary_sd",3.4,0,TRUE,129,0.940715932502657,0.949150153950273,0.14111826331975,0.95,0.260432047805742,0.00843422144761563,"gamma_bin"
"gamma_bin_7.50_3.40","vary_sd",3.4,0,TRUE,130,0.882737793731905,0.894603342825936,0.13232963197096,0.95,0.256016200247312,0.0118655490940315,"gamma_bin"
"gamma_bin_7.50_3.40","vary_sd",3.4,0,TRUE,131,0.908595801485553,0.879232870220076,0.125853834651441,0.93,0.25730983499662,-0.0293629312654768,"gamma_bin"
"gamma_bin_7.50_3.40","vary_sd",3.4,0,TRUE,132,0.91957504082564,0.938104863528423,0.140770185913572,0.94,0.26919614136699,0.0185298227027834,"gamma_bin"
"gamma_bin_7.50_3.40","vary_sd",3.4,0,TRUE,133,0.772867637399724,0.772517546903209,0.138053574175177,0.91,0.246704986194958,-0.000350090496515354,"gamma_bin"
"gamma_bin_7.50_3.40","vary_sd",3.4,0,TRUE,134,0.85010038418266,0.870561267461655,0.136317801791384,0.93,0.264720840447111,0.0204608832789951,"gamma_bin"
"gamma_bin_7.50_3.40","vary_sd",3.4,0,TRUE,135,0.784742304497557,0.810359335617553,0.119241197707656,0.97,0.257836225513823,0.0256170311199961,"gamma_bin"
"gamma_bin_7.50_3.40","vary_sd",3.4,0,TRUE,136,0.974662005700731,0.988381768335554,0.146827500572456,0.98,0.28722501808102,0.0137197626348232,"gamma_bin"
"gamma_bin_7.50_3.40","vary_sd",3.4,0,TRUE,137,0.984149213306856,0.984072954550124,0.123165838958788,0.97,0.2899247464332,-7.62587567322282e-05,"gamma_bin"
"gamma_bin_7.50_3.40","vary_sd",3.4,0,TRUE,138,1.19074372582141,1.18181043714383,0.200297050908601,0.9,0.320621514441014,-0.00893328867758347,"gamma_bin"
"gamma_bin_7.50_3.40","vary_sd",3.4,0,TRUE,139,1.38369717355419,1.43177753393393,0.180189108364084,0.95,0.355933247362123,0.0480803603797437,"gamma_bin"
"gamma_bin_7.50_3.40","vary_sd",3.4,0,TRUE,140,0.815809623984031,0.825964332009468,0.135685738746368,0.95,0.270858826664303,0.0101547080254366,"gamma_bin"
"gamma_bin_7.50_3.40","vary_sd",3.4,0,TRUE,141,0.948704132009637,0.959112793662273,0.164476763061526,0.93,0.289955518018769,0.0104086616526359,"gamma_bin"
"gamma_bin_7.50_3.40","vary_sd",3.4,0,TRUE,142,0.887909591017245,0.898488768629382,0.137909401064497,0.98,0.278825528580471,0.0105791776121367,"gamma_bin"
"gamma_bin_7.50_3.40","vary_sd",3.4,0,TRUE,143,1.33194554446529,1.33174880543095,0.176256613280941,0.97,0.337241666321426,-0.000196739034344029,"gamma_bin"
"gamma_bin_7.50_3.40","vary_sd",3.4,0,TRUE,144,1.33130879278334,1.33783372536566,0.131359603595245,0.99,0.337704169139513,0.00652493258231757,"gamma_bin"
"gamma_bin_7.50_3.40","vary_sd",3.4,0,TRUE,145,1.36040798308223,1.35763146535584,0.169564333790347,0.97,0.33919775282224,-0.00277651772638965,"gamma_bin"
"gamma_bin_7.50_3.40","vary_sd",3.4,0,TRUE,146,1.03071021292377,1.01907324321095,0.173216252310431,0.9,0.291514793820978,-0.0116369697128216,"gamma_bin"
"gamma_bin_7.50_3.40","vary_sd",3.4,0,TRUE,147,1.01542172209859,0.993385730181905,0.140663731815738,0.96,0.284559020648742,-0.0220359919166845,"gamma_bin"
"gamma_bin_7.50_3.40","vary_sd",3.4,0,TRUE,148,0.918033733511508,0.926599278362138,0.16233153077652,0.91,0.27103115893449,0.0085655448506301,"gamma_bin"
"gamma_bin_7.50_3.40","vary_sd",3.4,0,TRUE,149,0.795399668183425,0.822092387928406,0.128432006901362,0.95,0.252608853135786,0.0266927197449813,"gamma_bin"
"gamma_bin_7.50_3.40","vary_sd",3.4,0,TRUE,150,0.94707340630239,0.982410289107843,0.133959330069566,0.98,0.275224565726075,0.0353368828054531,"gamma_bin"
"gamma_bin_7.50_3.40","vary_sd",3.4,0,TRUE,151,0.838901742382429,0.830392323095447,0.109325223996907,0.98,0.25307274275814,-0.00850941928698223,"gamma_bin"
"gamma_bin_7.50_3.40","vary_sd",3.4,0,TRUE,152,1.10279545241581,1.116391939144,0.153252464956808,0.93,0.295370890684895,0.0135964867281926,"gamma_bin"
"gamma_bin_7.50_3.40","vary_sd",3.4,0,TRUE,153,1.09815075967234,1.13550994858702,0.170963293728931,0.9,0.299580315175211,0.0373591889146812,"gamma_bin"
"gamma_bin_7.50_3.40","vary_sd",3.4,0,TRUE,154,0.933692374106949,0.94506893022837,0.143646675276075,0.94,0.275423771480929,0.0113765561214213,"gamma_bin"
"gamma_bin_7.50_3.40","vary_sd",3.4,0,TRUE,155,0.677255280263044,0.686843189662375,0.115686934268591,0.95,0.235597097291141,0.00958790939933107,"gamma_bin"
"gamma_bin_7.50_3.40","vary_sd",3.4,0,TRUE,156,0.794315589671576,0.817852473452198,0.130049819742443,0.97,0.256759882149496,0.0235368837806219,"gamma_bin"
"gamma_bin_7.50_3.40","vary_sd",3.4,0,TRUE,157,0.863128942217305,0.883067180015991,0.108966699871672,0.98,0.267997595376467,0.0199382377986859,"gamma_bin"
"gamma_bin_7.50_3.40","vary_sd",3.4,0,TRUE,158,1.21212682918176,1.23611406379804,0.1688241126461,0.95,0.319163839145582,0.023987234616283,"gamma_bin"
"gamma_bin_7.50_3.40","vary_sd",3.4,0,TRUE,159,1.02410139695973,1.00452906081068,0.143703843660115,0.94,0.2900896028734,-0.0195723361490507,"gamma_bin"
"gamma_bin_7.50_3.40","vary_sd",3.4,0,TRUE,160,0.905623732385136,0.888930163267268,0.143980186173829,0.9,0.275095577791129,-0.0166935691178681,"gamma_bin"
"gamma_bin_7.50_3.40","vary_sd",3.4,0,TRUE,161,0.9116217888269,0.900074720054059,0.141184426018716,0.94,0.277546434130723,-0.0115470687728408,"gamma_bin"
"gamma_bin_7.50_3.40","vary_sd",3.4,0,TRUE,162,0.854312926973229,0.865937196585814,0.142092825566682,0.95,0.273158774448652,0.0116242696125852,"gamma_bin"
"gamma_bin_7.50_3.40","vary_sd",3.4,0,TRUE,163,0.939537145583715,0.965602123064872,0.130501310717437,0.98,0.289447802689276,0.0260649774811569,"gamma_bin"
"gamma_bin_7.50_3.40","vary_sd",3.4,0,TRUE,164,0.80426541937565,0.791940922432733,0.142037705607614,0.95,0.263002170597635,-0.0123244969429169,"gamma_bin"
"gamma_bin_7.50_3.40","vary_sd",3.4,0,TRUE,165,1.00142458710162,1.01637260266387,0.140452482887807,0.95,0.299605620114596,0.0149480155622508,"gamma_bin"
"gamma_bin_7.50_3.40","vary_sd",3.4,0,TRUE,166,1.22258752675771,1.2256791677564,0.184032733012965,0.94,0.330892852899658,0.00309164099869164,"gamma_bin"
"gamma_bin_7.50_3.40","vary_sd",3.4,0,TRUE,167,0.797785738886173,0.827940267853621,0.130942444797334,0.97,0.2748291604508,0.0301545289674482,"gamma_bin"
"gamma_bin_7.50_3.40","vary_sd",3.4,0,TRUE,168,1.14984066668627,1.16395036560295,0.16698188135568,0.95,0.32680753743144,0.0141096989166751,"gamma_bin"
"gamma_bin_7.50_3.40","vary_sd",3.4,0,TRUE,169,0.760346365617299,0.743700138545386,0.128374297596248,0.98,0.261558722092084,-0.0166462270719129,"gamma_bin"
"gamma_bin_7.50_3.40","vary_sd",3.4,0,TRUE,170,1.3742280074719,1.37544641155974,0.196482937217821,0.95,0.355543121060519,0.00121840408784113,"gamma_bin"
"gamma_bin_7.50_3.40","vary_sd",3.4,0,TRUE,171,0.879913573057892,0.895119458578302,0.130195020809218,0.98,0.287032046103236,0.0152058855204105,"gamma_bin"
"gamma_bin_7.50_3.40","vary_sd",3.4,0,TRUE,172,1.40469565689074,1.41014769331181,0.182854603118909,0.97,0.360045294643325,0.00545203642107484,"gamma_bin"
"gamma_bin_7.50_3.40","vary_sd",3.4,0,TRUE,173,0.919193449899109,0.940677461651259,0.155481808540669,0.98,0.293200255507396,0.0214840117521495,"gamma_bin"
"gamma_bin_7.50_3.40","vary_sd",3.4,0,TRUE,174,0.923151861958846,0.919155357505356,0.146297519399171,0.95,0.287849382455023,-0.00399650445349031,"gamma_bin"
"gamma_bin_7.50_3.40","vary_sd",3.4,0,TRUE,175,1.03836327926758,1.01934260082741,0.139317478377576,0.94,0.301373247677819,-0.0190206784401692,"gamma_bin"
"gamma_bin_7.50_3.40","vary_sd",3.4,0,TRUE,176,0.9985406934674,1.00544609725935,0.133266037935168,0.98,0.29778499048456,0.00690540379194993,"gamma_bin"
"gamma_bin_7.50_3.40","vary_sd",3.4,0,TRUE,177,1.06724188250379,1.08743887326509,0.173000765182807,0.9,0.308573426578236,0.0201969907612956,"gamma_bin"
"gamma_bin_7.50_3.40","vary_sd",3.4,0,TRUE,178,0.796484699666055,0.792224343956819,0.146891126388389,0.9,0.263354887132253,-0.00426035570923566,"gamma_bin"
"gamma_bin_7.50_3.40","vary_sd",3.4,0,TRUE,179,1.1985320355335,1.18925901140567,0.172695570586225,0.93,0.323471110278201,-0.00927302412783293,"gamma_bin"
"gamma_bin_7.50_3.40","vary_sd",3.4,0,TRUE,180,1.18742100745866,1.25076683480924,0.151268205219022,0.98,0.332797629413239,0.0633458273505791,"gamma_bin"
"gamma_bin_7.50_3.40","vary_sd",3.4,0,TRUE,181,1.49419527020498,1.5024857373412,0.187060333977127,0.95,0.365128039862766,0.00829046713622428,"gamma_bin"
"gamma_bin_7.50_3.40","vary_sd",3.4,0,TRUE,182,1.51569869674153,1.49376805634178,0.188317247355724,0.94,0.363005935061012,-0.0219306403997483,"gamma_bin"
"gamma_bin_7.50_3.40","vary_sd",3.4,0,TRUE,183,0.993075321330978,0.996546894262763,0.155542362476469,0.95,0.292235948666986,0.00347157293178479,"gamma_bin"
"gamma_bin_7.50_3.40","vary_sd",3.4,0,TRUE,184,0.900892693512611,0.89895205910659,0.152332624159042,0.96,0.272937326438159,-0.00194063440602155,"gamma_bin"
"gamma_bin_7.50_3.40","vary_sd",3.4,0,TRUE,185,0.823216687408857,0.848545924550577,0.132367115273792,0.94,0.260217655274228,0.0253292371417199,"gamma_bin"
"gamma_bin_7.50_3.40","vary_sd",3.4,0,TRUE,186,1.22622981286846,1.23879704481835,0.159156721813695,0.95,0.310007878085715,0.0125672319498915,"gamma_bin"
"gamma_bin_7.50_3.40","vary_sd",3.4,0,TRUE,187,0.917491231652979,0.938808232324081,0.127468884359708,0.95,0.268842884611325,0.0213170006711021,"gamma_bin"
"gamma_bin_7.50_3.40","vary_sd",3.4,0,TRUE,188,1.14601430452239,1.14561388336308,0.171802963429688,0.93,0.296576271705923,-0.000400421159309161,"gamma_bin"
"gamma_bin_7.50_3.40","vary_sd",3.4,0,TRUE,189,1.15018203934659,1.1532249202654,0.145287751065472,0.97,0.29753851383605,0.00304288091881433,"gamma_bin"
"gamma_bin_7.50_3.40","vary_sd",3.4,0,TRUE,190,1.13788009197463,1.12063120386842,0.133287981476932,0.96,0.293702226298344,-0.0172488881062054,"gamma_bin"
"gamma_bin_7.50_3.40","vary_sd",3.4,0,TRUE,191,1.77821476084602,1.78941861779438,0.18414783541235,0.98,0.369845732326288,0.0112038569483601,"gamma_bin"
"gamma_bin_7.50_3.40","vary_sd",3.4,0,TRUE,192,1.12622467540917,1.13488884046532,0.15298197816977,0.93,0.291912258152184,0.00866416505614698,"gamma_bin"
"gamma_bin_7.50_3.40","vary_sd",3.4,0,TRUE,193,1.63143870001326,1.62253458901924,0.173262718169588,0.96,0.344203536957077,-0.00890411099402422,"gamma_bin"
"gamma_bin_7.50_3.40","vary_sd",3.4,0,TRUE,194,1.96133686485764,1.9725893853876,0.192126102646456,0.93,0.371614163921646,0.0112525205299601,"gamma_bin"
"gamma_bin_7.50_3.40","vary_sd",3.4,0,TRUE,195,1.62645944263275,1.61452885965704,0.148487856539491,0.97,0.328151515476234,-0.0119305829757121,"gamma_bin"
"gamma_bin_7.50_3.40","vary_sd",3.4,0,TRUE,196,1.22116224956869,1.2385211360513,0.134981747350013,0.94,0.279023816211869,0.0173588864826082,"gamma_bin"
"gamma_bin_7.50_3.40","vary_sd",3.4,0,TRUE,197,1.08513472727433,1.10111951325317,0.120088058729573,0.97,0.253709854832729,0.0159847859788425,"gamma_bin"
"gamma_bin_7.50_3.40","vary_sd",3.4,0,TRUE,198,1.22272793926392,1.22894862689683,0.126325112932007,0.96,0.259033890689406,0.00622068763290651,"gamma_bin"
"gamma_bin_7.50_3.40","vary_sd",3.4,0,TRUE,199,1.29605177368887,1.29296629437416,0.127695305425556,0.95,0.259147427803329,-0.00308547931471059,"gamma_bin"
"gamma_bin_7.50_3.40","vary_sd",3.4,0,TRUE,200,1.66923410820015,1.69449162960778,0.15874435174509,0.92,0.2912764076258,0.0252575214076256,"gamma_bin"
"gamma_bin_7.50_3.40","vary_sd",3.4,0,TRUE,201,1.1694237090907,1.16949233588205,0.113428967922361,0.97,0.238278618645889,6.86267913490024e-05,"gamma_bin"
"gamma_bin_7.50_3.40","vary_sd",3.4,0,TRUE,202,1.07879296650834,1.08376010776634,0.120904936132811,0.93,0.225624026674219,0.00496714125799813,"gamma_bin"
"gamma_bin_7.50_3.40","vary_sd",3.4,0,TRUE,203,0.894627487421358,0.880026834048018,0.0975303505199596,0.99,0.199302723548101,-0.0146006533733403,"gamma_bin"
"gamma_bin_7.50_3.40","vary_sd",3.4,0,TRUE,204,0.81895014827116,0.831606274267763,0.0978064394291744,0.96,0.19062408572737,0.012656125996603,"gamma_bin"
"gamma_bin_7.50_3.40","vary_sd",3.4,0,TRUE,205,0.966704879629287,0.990430595058747,0.104339634176079,0.95,0.205770459230324,0.0237257154294597,"gamma_bin"
"gamma_bin_7.50_3.40","vary_sd",3.4,0,TRUE,206,0.735615178317886,0.736951772115531,0.0875930957295869,0.94,0.176900126603365,0.00133659379764484,"gamma_bin"
"gamma_bin_7.50_3.40","vary_sd",3.4,0,TRUE,207,0.854920650119855,0.857761242786156,0.107323194257914,0.93,0.191514784983922,0.00284059266630143,"gamma_bin"
"gamma_bin_7.50_3.40","vary_sd",3.4,0,TRUE,208,1.1836252253062,1.18831525025108,0.126578213138014,0.94,0.227469821081362,0.00469002494487802,"gamma_bin"
"gamma_bin_7.50_3.40","vary_sd",3.4,0,TRUE,209,1.4603135494891,1.45321114602507,0.116491100999677,0.98,0.254202499168906,-0.00710240346402524,"gamma_bin"
"gamma_bin_7.50_3.40","vary_sd",3.4,0,TRUE,210,0.828359371463702,0.851833561197978,0.100584959386178,0.93,0.196358225066115,0.0234741897342765,"gamma_bin"
"gamma_bin_7.50_3.40","vary_sd",3.4,0,TRUE,211,0.945528169177749,0.948883511426497,0.0957285394577253,0.98,0.207177820321586,0.00335534224874834,"gamma_bin"
"gamma_bin_7.50_3.40","vary_sd",3.4,0,TRUE,212,0.79051319956122,0.796901681609799,0.0915160381420264,0.97,0.188585354889809,0.00638848204857922,"gamma_bin"
"gamma_bin_7.50_3.40","vary_sd",3.4,0,TRUE,213,1.43201623771777,1.45087088281153,0.130140862610032,0.97,0.253012452130965,0.0188546450937614,"gamma_bin"
"gamma_bin_7.50_3.40","vary_sd",3.4,0,TRUE,214,1.11428897280893,1.1360566678693,0.11775683733021,0.94,0.223173364504947,0.0217676950603722,"gamma_bin"
"gamma_bin_7.50_3.40","vary_sd",3.4,0,TRUE,215,1.11572179995221,1.10995173210158,0.129322692603098,0.93,0.220287721209962,-0.00577006785062917,"gamma_bin"
"gamma_bin_7.50_3.40","vary_sd",3.4,0,TRUE,216,1.45327758905901,1.45886377108096,0.133872306838579,0.94,0.251036976921225,0.00558618202194872,"gamma_bin"
"gamma_bin_7.50_3.40","vary_sd",3.4,0,TRUE,217,1.1420673106557,1.14429973076978,0.0963479998571362,0.98,0.220411501094566,0.0022324201140751,"gamma_bin"
"gamma_bin_7.50_3.40","vary_sd",3.4,0,TRUE,218,0.657966158830962,0.665143615624913,0.0769959792939943,0.96,0.166085317479354,0.00717745679395143,"gamma_bin"
"gamma_bin_7.50_3.40","vary_sd",3.4,0,TRUE,219,1.3705780170681,1.40101029988004,0.110003682207477,0.95,0.237695964312777,0.0304322828119399,"gamma_bin"
"gamma_bin_7.50_3.40","vary_sd",3.4,0,TRUE,220,1.12178323201924,1.1447258111007,0.105499321504852,0.96,0.212705170426847,0.0229425790814612,"gamma_bin"
"gamma_bin_7.50_3.40","vary_sd",3.4,0,TRUE,221,1.82150678776182,1.81413667554301,0.11892045259817,0.98,0.266200169830077,-0.0073701122188139,"gamma_bin"
"gamma_bin_7.50_3.40","vary_sd",3.4,0,TRUE,222,1.47822233790926,1.47299583308976,0.121364219380606,0.96,0.237629611571502,-0.0052265048195046,"gamma_bin"
"gamma_bin_7.50_3.40","vary_sd",3.4,0,TRUE,223,1.2291381002976,1.21375303221896,0.107038825932669,0.93,0.212595103406506,-0.0153850680786383,"gamma_bin"
"gamma_bin_7.50_3.40","vary_sd",3.4,0,TRUE,224,1.39168397860736,1.38848251740699,0.117562019088736,0.96,0.222002236673232,-0.00320146120036946,"gamma_bin"
"gamma_bin_7.50_3.40","vary_sd",3.4,0,TRUE,225,1.02693213453622,1.05286411032711,0.0881119217539063,0.94,0.188395710968497,0.0259319757908878,"gamma_bin"
"gamma_bin_7.50_3.40","vary_sd",3.4,0,TRUE,226,0.944477107231107,0.950101243621952,0.0839888879480248,0.96,0.174775895583631,0.00562413639084514,"gamma_bin"
"gamma_bin_7.50_3.40","vary_sd",3.4,0,TRUE,227,0.88294479567521,0.884989047536068,0.0914778784137244,0.92,0.165310046344456,0.00204425186085777,"gamma_bin"
"gamma_bin_7.50_3.40","vary_sd",3.4,0,TRUE,228,1.2545287150813,1.26823060854296,0.0992313890856959,0.98,0.195760661534455,0.0137018934616617,"gamma_bin"
"gamma_bin_7.50_3.40","vary_sd",3.4,0,TRUE,229,1.46483936058861,1.46263620451204,0.115247364346942,0.93,0.209331564649766,-0.00220315607657384,"gamma_bin"
"gamma_bin_7.50_3.40","vary_sd",3.4,0,TRUE,230,1.5106771494413,1.49715266974026,0.0945230341377953,0.99,0.211470180516312,-0.0135244797010357,"gamma_bin"
"gamma_bin_7.50_3.40","vary_sd",3.4,0,TRUE,231,1.76125096519109,1.75138656625113,0.105370779569847,0.96,0.227072312153907,-0.00986439893996383,"gamma_bin"
"gamma_bin_7.50_3.40","vary_sd",3.4,0,TRUE,232,1.40611418271408,1.41320089435554,0.0900477258984296,0.97,0.200563200450053,0.00708671164145858,"gamma_bin"
"gamma_bin_7.50_3.40","vary_sd",3.4,0,TRUE,233,1.50840807515769,1.51708043902638,0.0974874127888958,0.96,0.202451596089707,0.00867236386868897,"gamma_bin"
"gamma_bin_7.50_3.40","vary_sd",3.4,0,TRUE,234,2.14812836507422,2.15986154009529,0.116711221882481,0.97,0.234219917106637,0.0117331750210736,"gamma_bin"
"gamma_bin_7.50_3.40","vary_sd",3.4,0,TRUE,235,1.77318978695313,1.78389590556208,0.114790258858821,0.93,0.205842240897684,0.0107061186089474,"gamma_bin"
"gamma_bin_7.50_3.40","vary_sd",3.4,0,TRUE,236,1.73485405696823,1.73274642298979,0.109077188340108,0.94,0.195474858683675,-0.00210763397843694,"gamma_bin"
"gamma_bin_7.50_3.40","vary_sd",3.4,0,TRUE,237,1.62270455030168,1.63061001689698,0.0910417654255867,0.94,0.18199418733673,0.00790546659529578,"gamma_bin"
"gamma_bin_7.50_3.40","vary_sd",3.4,0,TRUE,238,1.18127386711031,1.1719449083498,0.0758281267418617,0.95,0.147825717495645,-0.0093289587605141,"gamma_bin"
"gamma_bin_7.50_3.40","vary_sd",3.4,0,TRUE,239,1.18467641337506,1.19952932883187,0.0775952783335985,0.95,0.143575115346493,0.0148529154568149,"gamma_bin"
"gamma_bin_7.50_3.40","vary_sd",3.4,0,TRUE,240,1.41686704734357,1.42597422182151,0.0889048927823027,0.89,0.151638098943634,0.00910717447794007,"gamma_bin"
"gamma_bin_7.50_3.40","vary_sd",3.4,0,TRUE,241,1.25638994428988,1.26207230013417,0.0667258559414305,0.96,0.139174920845067,0.00568235584429377,"gamma_bin"
"gamma_bin_7.50_3.40","vary_sd",3.4,0,TRUE,242,1.12129644908568,1.13383840379887,0.0671034715772935,0.94,0.12946637192651,0.012541954713186,"gamma_bin"
"gamma_bin_7.50_3.40","vary_sd",3.4,0,TRUE,243,1.35471671225519,1.34874259643048,0.0660796936646843,0.98,0.138736379748183,-0.0059741158247093,"gamma_bin"
"gamma_bin_7.50_3.40","vary_sd",3.4,0,TRUE,244,1.01075153524685,1.00659835622576,0.0661455325468927,0.93,0.118120011146357,-0.00415317902109069,"gamma_bin"
"gamma_bin_7.50_3.40","vary_sd",3.4,0,TRUE,245,1.09871605480815,1.08987768869071,0.0589116843116483,0.94,0.121263256162791,-0.00883836611743849,"gamma_bin"
"gamma_bin_7.50_3.40","vary_sd",3.4,0,TRUE,246,1.01869442350015,1.01681377857789,0.0588614842892166,0.94,0.11574254599334,-0.00188064492225593,"gamma_bin"
"gamma_bin_7.50_3.40","vary_sd",3.4,0,TRUE,247,0.933319674797869,0.929427587032658,0.0556066747905826,0.95,0.109492469819851,-0.00389208776521077,"gamma_bin"
"gamma_bin_7.50_3.40","vary_sd",3.4,0,TRUE,248,1.07523379129616,1.08095375890575,0.0650695675170584,0.94,0.11751151966971,0.00571996760959403,"gamma_bin"
"gamma_bin_7.50_3.40","vary_sd",3.4,0,TRUE,249,1.30371060738913,1.29995690070009,0.0590695454587923,0.97,0.128580650748849,-0.00375370668903807,"gamma_bin"
"gamma_bin_7.50_3.40","vary_sd",3.4,0,TRUE,250,1.41728039570922,1.40855996626713,0.0655277844811957,0.96,0.133631888874707,-0.00872042944209173,"gamma_bin"
"gamma_bin_7.50_3.40","vary_sd",3.4,0,TRUE,251,1.14476257942982,1.1431662885437,0.0620631843239545,0.97,0.119994151625005,-0.00159629088612401,"gamma_bin"
"gamma_bin_7.50_3.40","vary_sd",3.4,0,TRUE,252,1.28960282315637,1.29126042018903,0.0653576764987227,0.98,0.12615536729327,0.0016575970326631,"gamma_bin"
"gamma_bin_7.50_3.40","vary_sd",3.4,0,TRUE,253,1.41166776000313,1.41457067250096,0.0622388679271801,0.97,0.130239502064693,0.00290291249782859,"gamma_bin"
"gamma_bin_7.50_3.40","vary_mean",7.5,0,TRUE,8,1.22915300707766,1.23455444784176,0.0564362430670838,0.96,0.109878355330735,0.00540144076409721,"gamma_bin"
"gamma_bin_7.50_3.40","vary_mean",7.5,0,TRUE,9,2.39912444733293,2.38860619709439,0.0635070394729455,0.99,0.144263541975588,-0.0105182502385417,"gamma_bin"
"gamma_bin_7.50_3.40","vary_mean",7.5,0,TRUE,10,1.19488455941613,1.19252609095984,0.0410063030400778,0.98,0.0971424293950507,-0.00235846845629029,"gamma_bin"
"gamma_bin_7.50_3.40","vary_mean",7.5,0,TRUE,11,1.32901937043135,1.32898243050279,0.0519979642390096,0.9,0.0981517150746884,-3.69399285633509e-05,"gamma_bin"
"gamma_bin_7.50_3.40","vary_mean",7.5,0,TRUE,12,1.45964563283974,1.45786192749447,0.0515742512321792,0.97,0.0988853503722987,-0.00178370534527295,"gamma_bin"
"gamma_bin_7.50_3.40","vary_mean",7.5,0,TRUE,13,1.71536377425759,1.71705128030797,0.0515009810949382,0.97,0.103971034226892,0.00168750605038315,"gamma_bin"
"gamma_bin_7.50_3.40","vary_mean",7.5,0,TRUE,14,1.05186283321434,1.05669404442349,0.0414591321299014,0.93,0.0794241692575945,0.00483121120914709,"gamma_bin"
"gamma_bin_7.50_3.40","vary_mean",7.5,0,TRUE,15,1.02513341063733,1.02046878971226,0.040571480082407,0.94,0.0760962223937287,-0.00466462092507269,"gamma_bin"
"gamma_bin_7.50_3.40","vary_mean",7.5,0,TRUE,16,1.25256084138212,1.25825182302603,0.0406173735930291,0.96,0.0825892914194811,0.00569098164390902,"gamma_bin"
"gamma_bin_7.50_3.40","vary_mean",7.5,0,TRUE,17,1.2152968085526,1.22049763806574,0.0399909328807588,0.98,0.0799330775483441,0.00520082951314249,"gamma_bin"
"gamma_bin_7.50_3.40","vary_mean",7.5,0,TRUE,18,0.979262007308338,0.980054142294177,0.0380485431793124,0.93,0.0707101161520127,0.000792134985839077,"gamma_bin"
"gamma_bin_7.50_3.40","vary_mean",7.5,0,TRUE,19,1.02548164174434,1.01852307782416,0.0364435408763669,0.95,0.0713358979562739,-0.00695856392017813,"gamma_bin"
"gamma_bin_7.50_3.40","vary_mean",7.5,0,TRUE,20,1.03937017525567,1.03876982055935,0.0348553231928618,0.97,0.0714514940174017,-0.000600354696315142,"gamma_bin"
"gamma_bin_7.50_3.40","vary_mean",7.5,0,TRUE,21,1.31708921089394,1.31318648932582,0.0402335780694436,0.94,0.0798852604925091,-0.00390272156812266,"gamma_bin"
"gamma_bin_7.50_3.40","vary_mean",7.5,0,TRUE,22,1.01629528374106,1.01492890958802,0.0338478826330443,0.94,0.0699608452737254,-0.00136637415304164,"gamma_bin"
"gamma_bin_7.50_3.40","vary_mean",7.5,0,TRUE,23,0.750244244564339,0.747651864005914,0.0288903280910377,0.94,0.0597482518232601,-0.0025923805584247,"gamma_bin"
"gamma_bin_7.50_3.40","vary_mean",7.5,0,TRUE,24,0.686827825813118,0.688500523916164,0.0286628667115208,0.94,0.057006811568245,0.00167269810304571,"gamma_bin"
"gamma_bin_7.50_3.40","vary_mean",7.5,0,TRUE,25,1.09141067495798,1.09671013683949,0.0341452206433285,0.94,0.0717648255331739,0.00529946188151298,"gamma_bin"
"gamma_bin_7.50_3.40","vary_mean",7.5,0,TRUE,26,0.74108150094242,0.737351742628285,0.0322079064212617,0.95,0.0590565889711075,-0.00372975831413536,"gamma_bin"
"gamma_bin_7.50_3.40","vary_mean",7.5,0,TRUE,27,0.768558244559202,0.770139669846671,0.0316729287744218,0.94,0.0608390859452746,0.00158142528746907,"gamma_bin"
"gamma_bin_7.50_3.40","vary_mean",7.5,0,TRUE,28,0.75279022252533,0.748386701253589,0.0282780847089525,0.97,0.0605988160669647,-0.00440352127174082,"gamma_bin"
"gamma_bin_7.50_3.40","vary_mean",7.5,0,TRUE,29,0.700207559621297,0.698210948791533,0.0286386845875819,0.96,0.0592711983028421,-0.00199661082976366,"gamma_bin"
"gamma_bin_7.50_3.40","vary_mean",7.5,0,TRUE,30,0.555254250263291,0.557799600760064,0.0283026095629305,0.96,0.0537708037813204,0.00254535049677251,"gamma_bin"
"gamma_bin_7.50_3.40","vary_mean",7.5,0,TRUE,31,0.584462421312083,0.583434816260231,0.0276064696973973,0.96,0.0559840684923718,-0.00102760505185207,"gamma_bin"
"gamma_bin_7.50_3.40","vary_mean",7.5,0,TRUE,32,0.680311568720764,0.68166684767529,0.0281658958570356,0.96,0.0618513777280821,0.00135527895452592,"gamma_bin"
"gamma_bin_7.50_3.40","vary_mean",7.5,0,TRUE,33,0.958980557438332,0.962076637881849,0.0465872132783722,0.89,0.0754276520112139,0.00309608044351684,"gamma_bin"
"gamma_bin_7.50_3.40","vary_mean",7.5,0,TRUE,34,1.26715241572783,1.26228866148326,0.0415664854771128,0.96,0.0889059062733592,-0.00486375424457086,"gamma_bin"
"gamma_bin_7.50_3.40","vary_mean",7.5,0,TRUE,35,1.32835101120383,1.3187402898029,0.0454376708612847,0.98,0.0931721763428449,-0.00961072140092512,"gamma_bin"
"gamma_bin_7.50_3.40","vary_mean",7.5,0,TRUE,36,0.820531409863083,0.813245891337478,0.03709600920023,0.93,0.0741983423891439,-0.00728551852560544,"gamma_bin"
"gamma_bin_7.50_3.40","vary_mean",7.5,0,TRUE,37,0.605068218099632,0.600186019150108,0.0352581848512726,0.94,0.0637663579723981,-0.00488219894952391,"gamma_bin"
"gamma_bin_7.50_3.40","vary_mean",7.5,0,TRUE,38,0.48061136006007,0.483526502999615,0.0299924982648393,0.96,0.056884175045774,0.00291514293954509,"gamma_bin"
"gamma_bin_7.50_3.40","vary_mean",7.5,0,TRUE,39,0.729684564655972,0.736360709138073,0.0320890506629604,0.99,0.0700715707355319,0.00667614448210152,"gamma_bin"
"gamma_bin_7.50_3.40","vary_mean",7.5,0,TRUE,40,0.815108206288389,0.821117990692106,0.0378992351170444,0.95,0.074638320834696,0.00600978440371702,"gamma_bin"
"gamma_bin_7.50_3.40","vary_mean",7.5,0,TRUE,41,0.615430120554185,0.616290806263504,0.0347625297178765,0.93,0.0658955374841362,0.000860685709318965,"gamma_bin"
"gamma_bin_7.50_3.40","vary_mean",7.5,0,TRUE,42,0.7716723572992,0.76206084436676,0.0389651940572892,0.93,0.0750636366553555,-0.00961151293244011,"gamma_bin"
"gamma_bin_7.50_3.40","vary_mean",7.5,0,TRUE,43,0.638626730193333,0.639212168700622,0.031828122548788,0.99,0.0705356402942277,0.000585438507289315,"gamma_bin"
"gamma_bin_7.50_3.40","vary_mean",7.5,0,TRUE,44,0.502593853100566,0.498987078571806,0.03539993675317,0.93,0.0639019963950973,-0.0036067745287599,"gamma_bin"
"gamma_bin_7.50_3.40","vary_mean",7.5,0,TRUE,45,0.419338241890262,0.426062061315055,0.0334322138453814,0.96,0.0605376163903469,0.00672381942479267,"gamma_bin"
"gamma_bin_7.50_3.40","vary_mean",7.5,0,TRUE,46,0.532509871825,0.541083229123717,0.0330403314410531,0.97,0.0700978111968366,0.00857335729871711,"gamma_bin"
"gamma_bin_7.50_3.40","vary_mean",7.5,0,TRUE,47,0.748139787723446,0.750158175618298,0.0477271557965284,0.93,0.0852052601121704,0.00201838789485242,"gamma_bin"
"gamma_bin_7.50_3.40","vary_mean",7.5,0,TRUE,48,0.69956822206096,0.697167535962221,0.0398848443094483,0.96,0.0851924823290814,-0.00240068609873945,"gamma_bin"
"gamma_bin_7.50_3.40","vary_mean",7.5,0,TRUE,49,0.840598040729289,0.835056181629452,0.0456657175368929,0.97,0.0967862300076341,-0.00554185909983684,"gamma_bin"
"gamma_bin_7.50_3.40","vary_mean",7.5,0,TRUE,50,0.60554325949379,0.607799997759919,0.0442448357398774,0.95,0.0853961951731245,0.00225673826612938,"gamma_bin"
"gamma_bin_7.50_3.40","vary_mean",7.5,0,TRUE,51,0.551125264389769,0.548269426064447,0.0431049391489935,0.93,0.0834232087805162,-0.00285583832532199,"gamma_bin"
"gamma_bin_7.50_3.40","vary_mean",7.5,0,TRUE,52,0.382393923102511,0.384440302370148,0.0326130702338379,0.98,0.0715464432334681,0.00204637926763712,"gamma_bin"
"gamma_bin_7.50_3.40","vary_mean",7.5,0,TRUE,53,0.67600822687436,0.682869837330277,0.0535777869868019,0.95,0.0976641308089867,0.00686161045591682,"gamma_bin"
"gamma_bin_7.50_3.40","vary_mean",7.5,0,TRUE,54,0.673855515926702,0.668271856467425,0.0499032599070393,0.93,0.0994375965057437,-0.00558365945927652,"gamma_bin"
"gamma_bin_7.50_3.40","vary_mean",7.5,0,TRUE,55,0.928599757202953,0.93250820642791,0.0567588455556724,0.96,0.121413043691819,0.00390844922495703,"gamma_bin"
"gamma_bin_7.50_3.40","vary_mean",7.5,0,TRUE,56,0.750387184163906,0.747500687213746,0.0566373017124901,0.93,0.112408093647159,-0.00288649695016019,"gamma_bin"
"gamma_bin_7.50_3.40","vary_mean",7.5,0,TRUE,57,0.713506443750686,0.716266039505771,0.0647974068868228,0.93,0.113305241127983,0.00275959575508467,"gamma_bin"
"gamma_bin_7.50_3.40","vary_mean",7.5,0,TRUE,58,0.492090945289708,0.492785119728812,0.0481437113560006,0.95,0.0961902671353152,0.0006941744391043,"gamma_bin"
"gamma_bin_7.50_3.40","vary_mean",7.5,0,TRUE,59,0.488086622314194,0.491085755392465,0.0588975337902417,0.9,0.0978361946069438,0.0029991330782706,"gamma_bin"
"gamma_bin_7.50_3.40","vary_mean",7.5,0,TRUE,60,0.671814423224244,0.673151153845639,0.0583639361717085,0.92,0.116965618238968,0.00133673062139494,"gamma_bin"
"gamma_bin_7.50_3.40","vary_mean",7.5,0,TRUE,61,0.791713212108865,0.78977356508342,0.0736566307861872,0.93,0.12997588265704,-0.0019396470254448,"gamma_bin"
"gamma_bin_7.50_3.40","vary_mean",7.5,0,TRUE,62,0.652883007093316,0.665259452310767,0.0628516739495007,0.94,0.122943305812075,0.0123764452174506,"gamma_bin"
"gamma_bin_7.50_3.40","vary_mean",7.5,0,TRUE,63,0.61385111269512,0.613363067235165,0.0657222627734818,0.94,0.121683471324599,-0.000488045459955067,"gamma_bin"
"gamma_bin_7.50_3.40","vary_mean",7.5,0,TRUE,64,0.74711285306125,0.743695591585744,0.0686720828451202,0.97,0.137943821335188,-0.00341726147550636,"gamma_bin"
"gamma_bin_7.50_3.40","vary_mean",7.5,0,TRUE,65,0.706623402762968,0.707644157083159,0.0696572456085326,0.95,0.138199414860254,0.00102075432019066,"gamma_bin"
"gamma_bin_7.50_3.40","vary_mean",7.5,0,TRUE,66,0.511807017708403,0.507881803423492,0.0655994526923094,0.92,0.120111502256261,-0.00392521428491055,"gamma_bin"
"gamma_bin_7.50_3.40","vary_mean",7.5,0,TRUE,67,0.670522334469821,0.670800861651712,0.0653162282325165,0.96,0.141523011850792,0.00027852718189092,"gamma_bin"
"gamma_bin_7.50_3.40","vary_mean",7.5,0,TRUE,68,1.17241462294142,1.1735316298229,0.085846081382153,0.99,0.192018021999422,0.0011170068814792,"gamma_bin"
"gamma_bin_7.50_3.40","vary_mean",7.5,0,TRUE,69,1.09873791889337,1.11553709905737,0.0886768228580352,0.98,0.192171789517075,0.0167991801640028,"gamma_bin"
"gamma_bin_7.50_3.40","vary_mean",7.5,0,TRUE,70,0.863932410861542,0.849668940451085,0.0922050522602131,0.95,0.171304120389515,-0.0142634704104572,"gamma_bin"
"gamma_bin_7.50_3.40","vary_mean",7.5,0,TRUE,71,0.715028130529259,0.711675578247209,0.0721032071803809,1,0.158696752092453,-0.00335255228204989,"gamma_bin"
"gamma_bin_7.50_3.40","vary_mean",7.5,0,TRUE,72,0.577764438354966,0.586202716964061,0.084216210601458,0.93,0.144607822982464,0.00843827860909452,"gamma_bin"
"gamma_bin_7.50_3.40","vary_mean",7.5,0,TRUE,73,0.968013714061152,0.959978606027932,0.0957097693251491,0.95,0.18591465468711,-0.0080351080332205,"gamma_bin"
"gamma_bin_7.50_3.40","vary_mean",7.5,0,TRUE,74,0.655296731928532,0.67062365604358,0.0710918750492424,0.98,0.156867849688995,0.0153269241150478,"gamma_bin"
"gamma_bin_7.50_3.40","vary_mean",7.5,0,TRUE,75,0.599731609487604,0.605752253577727,0.0781817626532425,0.96,0.151131084035756,0.00602064409012304,"gamma_bin"
"gamma_bin_7.50_3.40","vary_mean",7.5,0,TRUE,76,0.795766545904808,0.822011059277507,0.0961320663877421,0.93,0.179125944366265,0.0262445133726992,"gamma_bin"
"gamma_bin_7.50_3.40","vary_mean",7.5,0,TRUE,77,0.873622167427323,0.898730349947592,0.100038401989514,0.93,0.191223290410068,0.0251081825202694,"gamma_bin"
"gamma_bin_7.50_3.40","vary_mean",7.5,0,TRUE,78,0.655482440826882,0.660263084651652,0.100455464655331,0.92,0.167310398886935,0.00478064382476973,"gamma_bin"
"gamma_bin_7.50_3.40","vary_mean",7.5,0,TRUE,79,0.810569670710955,0.813699883903985,0.0819572070379092,0.99,0.189957217121296,0.00313021319303031,"gamma_bin"
"gamma_bin_7.50_3.40","vary_mean",7.5,0,TRUE,80,0.610411594391532,0.626879029209948,0.092196919244871,0.92,0.169460347541416,0.0164674348184163,"gamma_bin"
"gamma_bin_7.50_3.40","vary_mean",7.5,0,TRUE,81,0.859802485503572,0.854632227609628,0.101704500725778,0.95,0.201670188180229,-0.00517025789394421,"gamma_bin"
"gamma_bin_7.50_3.40","vary_mean",7.5,0,TRUE,82,0.717893912271731,0.725542475003984,0.0983224585607153,0.95,0.18922854667332,0.00764856273225256,"gamma_bin"
"gamma_bin_7.50_3.40","vary_mean",7.5,0,TRUE,83,0.992160969972712,1.00697173632171,0.0964299215282246,0.99,0.227403327726448,0.0148107663489961,"gamma_bin"
"gamma_bin_7.50_3.40","vary_mean",7.5,0,TRUE,84,1.12536119877567,1.14471881800656,0.116624792192275,0.98,0.246817736791148,0.0193576192308924,"gamma_bin"
"gamma_bin_7.50_3.40","vary_mean",7.5,0,TRUE,85,0.719045149251176,0.73423358085352,0.103145950628098,0.97,0.200679329586071,0.0151884316023441,"gamma_bin"
"gamma_bin_7.50_3.40","vary_mean",7.5,0,TRUE,86,0.847473435579488,0.84849164498928,0.107087200428075,0.99,0.217721886311491,0.00101820940979191,"gamma_bin"
"gamma_bin_7.50_3.40","vary_mean",7.5,0,TRUE,87,0.854973302049258,0.859428044957113,0.119359118846142,0.96,0.220253279246669,0.00445474290785464,"gamma_bin"
"gamma_bin_7.50_3.40","vary_mean",7.5,0,TRUE,88,1.05225780392596,1.08236053075597,0.126510162976547,0.94,0.248695525685064,0.0301027268300111,"gamma_bin"
"gamma_bin_7.50_3.40","vary_mean",7.5,0,TRUE,89,0.736216801220608,0.740384431645395,0.120281128543353,0.94,0.20706258653814,0.00416763042478729,"gamma_bin"
"gamma_bin_7.50_3.40","vary_mean",7.5,0,TRUE,90,0.91040746889,0.91188317133571,0.111495604203899,0.97,0.231510818280949,0.00147570244570971,"gamma_bin"
"gamma_bin_7.50_3.40","vary_mean",7.5,0,TRUE,91,0.87534575895404,0.872040948019872,0.109308619477742,0.96,0.228119643813489,-0.00330481093416835,"gamma_bin"
"gamma_bin_7.50_3.40","vary_mean",7.5,0,TRUE,92,1.13304443436225,1.13899424208695,0.127227944046563,0.95,0.26300274183207,0.00594980772469977,"gamma_bin"
"gamma_bin_7.50_3.40","vary_mean",7.5,0,TRUE,93,0.779596408911112,0.793575915140628,0.102464910357524,0.98,0.221320487949715,0.0139795062295162,"gamma_bin"
"gamma_bin_7.50_3.40","vary_mean",7.5,0,TRUE,94,0.738569675828446,0.746984065800552,0.103334180311891,0.99,0.216258713065262,0.0084143899721062,"gamma_bin"
"gamma_bin_7.50_3.40","vary_mean",7.5,0,TRUE,95,0.736364931280663,0.743824966771505,0.107054640320492,0.94,0.216902036622618,0.00746003549084151,"gamma_bin"
"gamma_bin_7.50_3.40","vary_mean",7.5,0,TRUE,96,0.940445717920046,0.945575694416469,0.120910676587019,0.95,0.246532600135364,0.00512997649642266,"gamma_bin"
"gamma_bin_7.50_3.40","vary_mean",7.5,0,TRUE,97,0.926791760743166,0.934209877974098,0.107158139700421,0.97,0.247742185154274,0.00741811723093155,"gamma_bin"
"gamma_bin_7.50_3.40","vary_mean",7.5,0,TRUE,98,0.805248809294182,0.805668843695182,0.12061223203756,0.93,0.232807123180186,0.000420034401000247,"gamma_bin"
"gamma_bin_7.50_3.40","vary_mean",7.5,0,TRUE,99,0.968943928916511,0.960277224281229,0.140126039588857,0.91,0.257160558396608,-0.00866670463528219,"gamma_bin"
"gamma_bin_7.50_3.40","vary_mean",7.5,0,TRUE,100,0.483314411540288,0.483442388640903,0.0844349312349325,0.97,0.184493620722153,0.000127977100615517,"gamma_bin"
"gamma_bin_7.50_3.40","vary_mean",7.5,0,TRUE,101,0.660754209210677,0.658183846769013,0.109521902776344,0.95,0.217643667467181,-0.00257036244166364,"gamma_bin"
"gamma_bin_7.50_3.40","vary_mean",7.5,0,TRUE,102,0.65572642436151,0.656805210785249,0.112319095469203,0.95,0.220063309980291,0.00107878642373926,"gamma_bin"
"gamma_bin_7.50_3.40","vary_mean",7.5,0,TRUE,103,1.19597238563675,1.2069236519955,0.159486100555695,0.93,0.304129315659167,0.0109512663587459,"gamma_bin"
"gamma_bin_7.50_3.40","vary_mean",7.5,0,TRUE,104,1.52016047762218,1.57216267638318,0.1886738943845,0.91,0.355042769121075,0.0520021987610007,"gamma_bin"
"gamma_bin_7.50_3.40","vary_mean",7.5,0,TRUE,105,1.1030085210386,1.09802901400508,0.160894441017072,0.95,0.302528724690777,-0.00497950703351591,"gamma_bin"
"gamma_bin_7.50_3.40","vary_mean",7.5,0,TRUE,106,0.895239451481731,0.89535029129216,0.1369697197682,0.98,0.274797893644485,0.000110839810429253,"gamma_bin"
"gamma_bin_7.50_3.40","vary_mean",7.5,0,TRUE,107,0.603003827128156,0.621045775656619,0.117131516788082,0.93,0.227093997707824,0.018041948528463,"gamma_bin"
"gamma_bin_7.50_3.40","vary_mean",7.5,0,TRUE,108,1.07759954005713,1.0750155078848,0.141629787851063,0.98,0.296002465789276,-0.00258403217232583,"gamma_bin"
"gamma_bin_7.50_3.40","vary_mean",7.5,0,TRUE,109,1.67933972630709,1.69375358360265,0.16980403152604,0.96,0.369744754620591,0.0144138572955579,"gamma_bin"
"gamma_bin_7.50_3.40","vary_mean",7.5,0,TRUE,110,0.778502984216349,0.804330452528911,0.124637441608491,0.97,0.254721994368565,0.0258274683125622,"gamma_bin"
"gamma_bin_7.50_3.40","vary_mean",7.5,0,TRUE,111,0.991989182530735,1.00462319876063,0.136988236258794,0.96,0.284132765797338,0.0126340162298904,"gamma_bin"
"gamma_bin_7.50_3.40","vary_mean",7.5,0,TRUE,112,1.07686506331656,1.09271195602758,0.157393818680368,0.92,0.294505609582853,0.0158468927110249,"gamma_bin"
"gamma_bin_7.50_3.40","vary_mean",7.5,0,TRUE,113,0.702387790154813,0.735003159641401,0.114470012820285,0.95,0.24018596523555,0.0326153694865878,"gamma_bin"
"gamma_bin_7.50_3.40","vary_mean",7.5,0,TRUE,114,0.976044237490855,1.00918772593979,0.136205431915906,0.96,0.280171615166797,0.0331434884489362,"gamma_bin"
"gamma_bin_7.50_3.40","vary_mean",7.5,0,TRUE,115,1.2386571693013,1.22675343706148,0.157520856289045,0.97,0.308793151567435,-0.0119037322398232,"gamma_bin"
"gamma_bin_7.50_3.40","vary_mean",7.5,0,TRUE,116,1.16178575840714,1.15502873369554,0.156831699523513,0.96,0.300885441171329,-0.00675702471160333,"gamma_bin"
"gamma_bin_7.50_3.40","vary_mean",7.5,0,TRUE,117,1.19460307270673,1.20617699198843,0.157916395090798,0.92,0.307697420291763,0.0115739192817035,"gamma_bin"
"gamma_bin_7.50_3.40","vary_mean",7.5,0,TRUE,118,1.1631999130357,1.19187763718768,0.141067863303971,0.97,0.305531245515422,0.028677724151982,"gamma_bin"
"gamma_bin_7.50_3.40","vary_mean",7.5,0,TRUE,119,1.07031355257977,1.06708091432458,0.162487090127756,0.94,0.286771496467634,-0.0032326382551926,"gamma_bin"
"gamma_bin_7.50_3.40","vary_mean",7.5,0,TRUE,120,0.877747847801672,0.87749794066751,0.143836078353765,0.91,0.257671989304959,-0.000249907134161842,"gamma_bin"
"gamma_bin_7.50_3.40","vary_mean",7.5,0,TRUE,121,1.36754433627127,1.3725066361876,0.161216323709369,0.94,0.31921904304928,0.00496229991633368,"gamma_bin"
"gamma_bin_7.50_3.40","vary_mean",7.5,0,TRUE,122,0.835785870448611,0.850516919785988,0.140877545700795,0.93,0.249014105055448,0.0147310493373771,"gamma_bin"
"gamma_bin_7.50_3.40","vary_mean",7.5,0,TRUE,123,1.2672350602796,1.27024952511175,0.148429863521996,0.96,0.302851355227501,0.00301446483215129,"gamma_bin"
"gamma_bin_7.50_3.40","vary_mean",7.5,0,TRUE,124,0.96912547878376,0.998476634242724,0.134362526933553,0.96,0.267284813520962,0.0293511554589638,"gamma_bin"
"gamma_bin_7.50_3.40","vary_mean",7.5,0,TRUE,125,0.847337032261578,0.873383335726123,0.128006836288701,0.94,0.248664713235858,0.0260463034645447,"gamma_bin"
"gamma_bin_7.50_3.40","vary_mean",7.5,0,TRUE,126,0.715562409302676,0.721480644322474,0.106590709321547,0.98,0.225271780138432,0.00591823501979849,"gamma_bin"
"gamma_bin_7.50_3.40","vary_mean",7.5,0,TRUE,127,0.947820201198353,0.945383822149689,0.134796817120222,0.95,0.257193739388825,-0.00243637904866367,"gamma_bin"
"gamma_bin_7.50_3.40","vary_mean",7.5,0,TRUE,128,0.685080159737144,0.691628289748225,0.121022357191985,0.92,0.220438396201974,0.00654813001108134,"gamma_bin"
"gamma_bin_7.50_3.40","vary_mean",7.5,0,TRUE,129,0.940715932502657,0.949150153950273,0.14111826331975,0.95,0.260432047805742,0.00843422144761563,"gamma_bin"
"gamma_bin_7.50_3.40","vary_mean",7.5,0,TRUE,130,0.882737793731905,0.894603342825936,0.13232963197096,0.95,0.256016200247312,0.0118655490940315,"gamma_bin"
"gamma_bin_7.50_3.40","vary_mean",7.5,0,TRUE,131,0.908595801485553,0.879232870220076,0.125853834651441,0.93,0.25730983499662,-0.0293629312654768,"gamma_bin"
"gamma_bin_7.50_3.40","vary_mean",7.5,0,TRUE,132,0.91957504082564,0.938104863528423,0.140770185913572,0.94,0.26919614136699,0.0185298227027834,"gamma_bin"
"gamma_bin_7.50_3.40","vary_mean",7.5,0,TRUE,133,0.772867637399724,0.772517546903209,0.138053574175177,0.91,0.246704986194958,-0.000350090496515354,"gamma_bin"
"gamma_bin_7.50_3.40","vary_mean",7.5,0,TRUE,134,0.85010038418266,0.870561267461655,0.136317801791384,0.93,0.264720840447111,0.0204608832789951,"gamma_bin"
"gamma_bin_7.50_3.40","vary_mean",7.5,0,TRUE,135,0.784742304497557,0.810359335617553,0.119241197707656,0.97,0.257836225513823,0.0256170311199961,"gamma_bin"
"gamma_bin_7.50_3.40","vary_mean",7.5,0,TRUE,136,0.974662005700731,0.988381768335554,0.146827500572456,0.98,0.28722501808102,0.0137197626348232,"gamma_bin"
"gamma_bin_7.50_3.40","vary_mean",7.5,0,TRUE,137,0.984149213306856,0.984072954550124,0.123165838958788,0.97,0.2899247464332,-7.62587567322282e-05,"gamma_bin"
"gamma_bin_7.50_3.40","vary_mean",7.5,0,TRUE,138,1.19074372582141,1.18181043714383,0.200297050908601,0.9,0.320621514441014,-0.00893328867758347,"gamma_bin"
"gamma_bin_7.50_3.40","vary_mean",7.5,0,TRUE,139,1.38369717355419,1.43177753393393,0.180189108364084,0.95,0.355933247362123,0.0480803603797437,"gamma_bin"
"gamma_bin_7.50_3.40","vary_mean",7.5,0,TRUE,140,0.815809623984031,0.825964332009468,0.135685738746368,0.95,0.270858826664303,0.0101547080254366,"gamma_bin"
"gamma_bin_7.50_3.40","vary_mean",7.5,0,TRUE,141,0.948704132009637,0.959112793662273,0.164476763061526,0.93,0.289955518018769,0.0104086616526359,"gamma_bin"
"gamma_bin_7.50_3.40","vary_mean",7.5,0,TRUE,142,0.887909591017245,0.898488768629382,0.137909401064497,0.98,0.278825528580471,0.0105791776121367,"gamma_bin"
"gamma_bin_7.50_3.40","vary_mean",7.5,0,TRUE,143,1.33194554446529,1.33174880543095,0.176256613280941,0.97,0.337241666321426,-0.000196739034344029,"gamma_bin"
"gamma_bin_7.50_3.40","vary_mean",7.5,0,TRUE,144,1.33130879278334,1.33783372536566,0.131359603595245,0.99,0.337704169139513,0.00652493258231757,"gamma_bin"
"gamma_bin_7.50_3.40","vary_mean",7.5,0,TRUE,145,1.36040798308223,1.35763146535584,0.169564333790347,0.97,0.33919775282224,-0.00277651772638965,"gamma_bin"
"gamma_bin_7.50_3.40","vary_mean",7.5,0,TRUE,146,1.03071021292377,1.01907324321095,0.173216252310431,0.9,0.291514793820978,-0.0116369697128216,"gamma_bin"
"gamma_bin_7.50_3.40","vary_mean",7.5,0,TRUE,147,1.01542172209859,0.993385730181905,0.140663731815738,0.96,0.284559020648742,-0.0220359919166845,"gamma_bin"
"gamma_bin_7.50_3.40","vary_mean",7.5,0,TRUE,148,0.918033733511508,0.926599278362138,0.16233153077652,0.91,0.27103115893449,0.0085655448506301,"gamma_bin"
"gamma_bin_7.50_3.40","vary_mean",7.5,0,TRUE,149,0.795399668183425,0.822092387928406,0.128432006901362,0.95,0.252608853135786,0.0266927197449813,"gamma_bin"
"gamma_bin_7.50_3.40","vary_mean",7.5,0,TRUE,150,0.94707340630239,0.982410289107843,0.133959330069566,0.98,0.275224565726075,0.0353368828054531,"gamma_bin"
"gamma_bin_7.50_3.40","vary_mean",7.5,0,TRUE,151,0.838901742382429,0.830392323095447,0.109325223996907,0.98,0.25307274275814,-0.00850941928698223,"gamma_bin"
"gamma_bin_7.50_3.40","vary_mean",7.5,0,TRUE,152,1.10279545241581,1.116391939144,0.153252464956808,0.93,0.295370890684895,0.0135964867281926,"gamma_bin"
"gamma_bin_7.50_3.40","vary_mean",7.5,0,TRUE,153,1.09815075967234,1.13550994858702,0.170963293728931,0.9,0.299580315175211,0.0373591889146812,"gamma_bin"
"gamma_bin_7.50_3.40","vary_mean",7.5,0,TRUE,154,0.933692374106949,0.94506893022837,0.143646675276075,0.94,0.275423771480929,0.0113765561214213,"gamma_bin"
"gamma_bin_7.50_3.40","vary_mean",7.5,0,TRUE,155,0.677255280263044,0.686843189662375,0.115686934268591,0.95,0.235597097291141,0.00958790939933107,"gamma_bin"
"gamma_bin_7.50_3.40","vary_mean",7.5,0,TRUE,156,0.794315589671576,0.817852473452198,0.130049819742443,0.97,0.256759882149496,0.0235368837806219,"gamma_bin"
"gamma_bin_7.50_3.40","vary_mean",7.5,0,TRUE,157,0.863128942217305,0.883067180015991,0.108966699871672,0.98,0.267997595376467,0.0199382377986859,"gamma_bin"
"gamma_bin_7.50_3.40","vary_mean",7.5,0,TRUE,158,1.21212682918176,1.23611406379804,0.1688241126461,0.95,0.319163839145582,0.023987234616283,"gamma_bin"
"gamma_bin_7.50_3.40","vary_mean",7.5,0,TRUE,159,1.02410139695973,1.00452906081068,0.143703843660115,0.94,0.2900896028734,-0.0195723361490507,"gamma_bin"
"gamma_bin_7.50_3.40","vary_mean",7.5,0,TRUE,160,0.905623732385136,0.888930163267268,0.143980186173829,0.9,0.275095577791129,-0.0166935691178681,"gamma_bin"
"gamma_bin_7.50_3.40","vary_mean",7.5,0,TRUE,161,0.9116217888269,0.900074720054059,0.141184426018716,0.94,0.277546434130723,-0.0115470687728408,"gamma_bin"
"gamma_bin_7.50_3.40","vary_mean",7.5,0,TRUE,162,0.854312926973229,0.865937196585814,0.142092825566682,0.95,0.273158774448652,0.0116242696125852,"gamma_bin"
"gamma_bin_7.50_3.40","vary_mean",7.5,0,TRUE,163,0.939537145583715,0.965602123064872,0.130501310717437,0.98,0.289447802689276,0.0260649774811569,"gamma_bin"
"gamma_bin_7.50_3.40","vary_mean",7.5,0,TRUE,164,0.80426541937565,0.791940922432733,0.142037705607614,0.95,0.263002170597635,-0.0123244969429169,"gamma_bin"
"gamma_bin_7.50_3.40","vary_mean",7.5,0,TRUE,165,1.00142458710162,1.01637260266387,0.140452482887807,0.95,0.299605620114596,0.0149480155622508,"gamma_bin"
"gamma_bin_7.50_3.40","vary_mean",7.5,0,TRUE,166,1.22258752675771,1.2256791677564,0.184032733012965,0.94,0.330892852899658,0.00309164099869164,"gamma_bin"
"gamma_bin_7.50_3.40","vary_mean",7.5,0,TRUE,167,0.797785738886173,0.827940267853621,0.130942444797334,0.97,0.2748291604508,0.0301545289674482,"gamma_bin"
"gamma_bin_7.50_3.40","vary_mean",7.5,0,TRUE,168,1.14984066668627,1.16395036560295,0.16698188135568,0.95,0.32680753743144,0.0141096989166751,"gamma_bin"
"gamma_bin_7.50_3.40","vary_mean",7.5,0,TRUE,169,0.760346365617299,0.743700138545386,0.128374297596248,0.98,0.261558722092084,-0.0166462270719129,"gamma_bin"
"gamma_bin_7.50_3.40","vary_mean",7.5,0,TRUE,170,1.3742280074719,1.37544641155974,0.196482937217821,0.95,0.355543121060519,0.00121840408784113,"gamma_bin"
"gamma_bin_7.50_3.40","vary_mean",7.5,0,TRUE,171,0.879913573057892,0.895119458578302,0.130195020809218,0.98,0.287032046103236,0.0152058855204105,"gamma_bin"
"gamma_bin_7.50_3.40","vary_mean",7.5,0,TRUE,172,1.40469565689074,1.41014769331181,0.182854603118909,0.97,0.360045294643325,0.00545203642107484,"gamma_bin"
"gamma_bin_7.50_3.40","vary_mean",7.5,0,TRUE,173,0.919193449899109,0.940677461651259,0.155481808540669,0.98,0.293200255507396,0.0214840117521495,"gamma_bin"
"gamma_bin_7.50_3.40","vary_mean",7.5,0,TRUE,174,0.923151861958846,0.919155357505356,0.146297519399171,0.95,0.287849382455023,-0.00399650445349031,"gamma_bin"
"gamma_bin_7.50_3.40","vary_mean",7.5,0,TRUE,175,1.03836327926758,1.01934260082741,0.139317478377576,0.94,0.301373247677819,-0.0190206784401692,"gamma_bin"
"gamma_bin_7.50_3.40","vary_mean",7.5,0,TRUE,176,0.9985406934674,1.00544609725935,0.133266037935168,0.98,0.29778499048456,0.00690540379194993,"gamma_bin"
"gamma_bin_7.50_3.40","vary_mean",7.5,0,TRUE,177,1.06724188250379,1.08743887326509,0.173000765182807,0.9,0.308573426578236,0.0201969907612956,"gamma_bin"
"gamma_bin_7.50_3.40","vary_mean",7.5,0,TRUE,178,0.796484699666055,0.792224343956819,0.146891126388389,0.9,0.263354887132253,-0.00426035570923566,"gamma_bin"
"gamma_bin_7.50_3.40","vary_mean",7.5,0,TRUE,179,1.1985320355335,1.18925901140567,0.172695570586225,0.93,0.323471110278201,-0.00927302412783293,"gamma_bin"
"gamma_bin_7.50_3.40","vary_mean",7.5,0,TRUE,180,1.18742100745866,1.25076683480924,0.151268205219022,0.98,0.332797629413239,0.0633458273505791,"gamma_bin"
"gamma_bin_7.50_3.40","vary_mean",7.5,0,TRUE,181,1.49419527020498,1.5024857373412,0.187060333977127,0.95,0.365128039862766,0.00829046713622428,"gamma_bin"
"gamma_bin_7.50_3.40","vary_mean",7.5,0,TRUE,182,1.51569869674153,1.49376805634178,0.188317247355724,0.94,0.363005935061012,-0.0219306403997483,"gamma_bin"
"gamma_bin_7.50_3.40","vary_mean",7.5,0,TRUE,183,0.993075321330978,0.996546894262763,0.155542362476469,0.95,0.292235948666986,0.00347157293178479,"gamma_bin"
"gamma_bin_7.50_3.40","vary_mean",7.5,0,TRUE,184,0.900892693512611,0.89895205910659,0.152332624159042,0.96,0.272937326438159,-0.00194063440602155,"gamma_bin"
"gamma_bin_7.50_3.40","vary_mean",7.5,0,TRUE,185,0.823216687408857,0.848545924550577,0.132367115273792,0.94,0.260217655274228,0.0253292371417199,"gamma_bin"
"gamma_bin_7.50_3.40","vary_mean",7.5,0,TRUE,186,1.22622981286846,1.23879704481835,0.159156721813695,0.95,0.310007878085715,0.0125672319498915,"gamma_bin"
"gamma_bin_7.50_3.40","vary_mean",7.5,0,TRUE,187,0.917491231652979,0.938808232324081,0.127468884359708,0.95,0.268842884611325,0.0213170006711021,"gamma_bin"
"gamma_bin_7.50_3.40","vary_mean",7.5,0,TRUE,188,1.14601430452239,1.14561388336308,0.171802963429688,0.93,0.296576271705923,-0.000400421159309161,"gamma_bin"
"gamma_bin_7.50_3.40","vary_mean",7.5,0,TRUE,189,1.15018203934659,1.1532249202654,0.145287751065472,0.97,0.29753851383605,0.00304288091881433,"gamma_bin"
"gamma_bin_7.50_3.40","vary_mean",7.5,0,TRUE,190,1.13788009197463,1.12063120386842,0.133287981476932,0.96,0.293702226298344,-0.0172488881062054,"gamma_bin"
"gamma_bin_7.50_3.40","vary_mean",7.5,0,TRUE,191,1.77821476084602,1.78941861779438,0.18414783541235,0.98,0.369845732326288,0.0112038569483601,"gamma_bin"
"gamma_bin_7.50_3.40","vary_mean",7.5,0,TRUE,192,1.12622467540917,1.13488884046532,0.15298197816977,0.93,0.291912258152184,0.00866416505614698,"gamma_bin"
"gamma_bin_7.50_3.40","vary_mean",7.5,0,TRUE,193,1.63143870001326,1.62253458901924,0.173262718169588,0.96,0.344203536957077,-0.00890411099402422,"gamma_bin"
"gamma_bin_7.50_3.40","vary_mean",7.5,0,TRUE,194,1.96133686485764,1.9725893853876,0.192126102646456,0.93,0.371614163921646,0.0112525205299601,"gamma_bin"
"gamma_bin_7.50_3.40","vary_mean",7.5,0,TRUE,195,1.62645944263275,1.61452885965704,0.148487856539491,0.97,0.328151515476234,-0.0119305829757121,"gamma_bin"
"gamma_bin_7.50_3.40","vary_mean",7.5,0,TRUE,196,1.22116224956869,1.2385211360513,0.134981747350013,0.94,0.279023816211869,0.0173588864826082,"gamma_bin"
"gamma_bin_7.50_3.40","vary_mean",7.5,0,TRUE,197,1.08513472727433,1.10111951325317,0.120088058729573,0.97,0.253709854832729,0.0159847859788425,"gamma_bin"
"gamma_bin_7.50_3.40","vary_mean",7.5,0,TRUE,198,1.22272793926392,1.22894862689683,0.126325112932007,0.96,0.259033890689406,0.00622068763290651,"gamma_bin"
"gamma_bin_7.50_3.40","vary_mean",7.5,0,TRUE,199,1.29605177368887,1.29296629437416,0.127695305425556,0.95,0.259147427803329,-0.00308547931471059,"gamma_bin"
"gamma_bin_7.50_3.40","vary_mean",7.5,0,TRUE,200,1.66923410820015,1.69449162960778,0.15874435174509,0.92,0.2912764076258,0.0252575214076256,"gamma_bin"
"gamma_bin_7.50_3.40","vary_mean",7.5,0,TRUE,201,1.1694237090907,1.16949233588205,0.113428967922361,0.97,0.238278618645889,6.86267913490024e-05,"gamma_bin"
"gamma_bin_7.50_3.40","vary_mean",7.5,0,TRUE,202,1.07879296650834,1.08376010776634,0.120904936132811,0.93,0.225624026674219,0.00496714125799813,"gamma_bin"
"gamma_bin_7.50_3.40","vary_mean",7.5,0,TRUE,203,0.894627487421358,0.880026834048018,0.0975303505199596,0.99,0.199302723548101,-0.0146006533733403,"gamma_bin"
"gamma_bin_7.50_3.40","vary_mean",7.5,0,TRUE,204,0.81895014827116,0.831606274267763,0.0978064394291744,0.96,0.19062408572737,0.012656125996603,"gamma_bin"
"gamma_bin_7.50_3.40","vary_mean",7.5,0,TRUE,205,0.966704879629287,0.990430595058747,0.104339634176079,0.95,0.205770459230324,0.0237257154294597,"gamma_bin"
"gamma_bin_7.50_3.40","vary_mean",7.5,0,TRUE,206,0.735615178317886,0.736951772115531,0.0875930957295869,0.94,0.176900126603365,0.00133659379764484,"gamma_bin"
"gamma_bin_7.50_3.40","vary_mean",7.5,0,TRUE,207,0.854920650119855,0.857761242786156,0.107323194257914,0.93,0.191514784983922,0.00284059266630143,"gamma_bin"
"gamma_bin_7.50_3.40","vary_mean",7.5,0,TRUE,208,1.1836252253062,1.18831525025108,0.126578213138014,0.94,0.227469821081362,0.00469002494487802,"gamma_bin"
"gamma_bin_7.50_3.40","vary_mean",7.5,0,TRUE,209,1.4603135494891,1.45321114602507,0.116491100999677,0.98,0.254202499168906,-0.00710240346402524,"gamma_bin"
"gamma_bin_7.50_3.40","vary_mean",7.5,0,TRUE,210,0.828359371463702,0.851833561197978,0.100584959386178,0.93,0.196358225066115,0.0234741897342765,"gamma_bin"
"gamma_bin_7.50_3.40","vary_mean",7.5,0,TRUE,211,0.945528169177749,0.948883511426497,0.0957285394577253,0.98,0.207177820321586,0.00335534224874834,"gamma_bin"
"gamma_bin_7.50_3.40","vary_mean",7.5,0,TRUE,212,0.79051319956122,0.796901681609799,0.0915160381420264,0.97,0.188585354889809,0.00638848204857922,"gamma_bin"
"gamma_bin_7.50_3.40","vary_mean",7.5,0,TRUE,213,1.43201623771777,1.45087088281153,0.130140862610032,0.97,0.253012452130965,0.0188546450937614,"gamma_bin"
"gamma_bin_7.50_3.40","vary_mean",7.5,0,TRUE,214,1.11428897280893,1.1360566678693,0.11775683733021,0.94,0.223173364504947,0.0217676950603722,"gamma_bin"
"gamma_bin_7.50_3.40","vary_mean",7.5,0,TRUE,215,1.11572179995221,1.10995173210158,0.129322692603098,0.93,0.220287721209962,-0.00577006785062917,"gamma_bin"
"gamma_bin_7.50_3.40","vary_mean",7.5,0,TRUE,216,1.45327758905901,1.45886377108096,0.133872306838579,0.94,0.251036976921225,0.00558618202194872,"gamma_bin"
"gamma_bin_7.50_3.40","vary_mean",7.5,0,TRUE,217,1.1420673106557,1.14429973076978,0.0963479998571362,0.98,0.220411501094566,0.0022324201140751,"gamma_bin"
"gamma_bin_7.50_3.40","vary_mean",7.5,0,TRUE,218,0.657966158830962,0.665143615624913,0.0769959792939943,0.96,0.166085317479354,0.00717745679395143,"gamma_bin"
"gamma_bin_7.50_3.40","vary_mean",7.5,0,TRUE,219,1.3705780170681,1.40101029988004,0.110003682207477,0.95,0.237695964312777,0.0304322828119399,"gamma_bin"
"gamma_bin_7.50_3.40","vary_mean",7.5,0,TRUE,220,1.12178323201924,1.1447258111007,0.105499321504852,0.96,0.212705170426847,0.0229425790814612,"gamma_bin"
"gamma_bin_7.50_3.40","vary_mean",7.5,0,TRUE,221,1.82150678776182,1.81413667554301,0.11892045259817,0.98,0.266200169830077,-0.0073701122188139,"gamma_bin"
"gamma_bin_7.50_3.40","vary_mean",7.5,0,TRUE,222,1.47822233790926,1.47299583308976,0.121364219380606,0.96,0.237629611571502,-0.0052265048195046,"gamma_bin"
"gamma_bin_7.50_3.40","vary_mean",7.5,0,TRUE,223,1.2291381002976,1.21375303221896,0.107038825932669,0.93,0.212595103406506,-0.0153850680786383,"gamma_bin"
"gamma_bin_7.50_3.40","vary_mean",7.5,0,TRUE,224,1.39168397860736,1.38848251740699,0.117562019088736,0.96,0.222002236673232,-0.00320146120036946,"gamma_bin"
"gamma_bin_7.50_3.40","vary_mean",7.5,0,TRUE,225,1.02693213453622,1.05286411032711,0.0881119217539063,0.94,0.188395710968497,0.0259319757908878,"gamma_bin"
"gamma_bin_7.50_3.40","vary_mean",7.5,0,TRUE,226,0.944477107231107,0.950101243621952,0.0839888879480248,0.96,0.174775895583631,0.00562413639084514,"gamma_bin"
"gamma_bin_7.50_3.40","vary_mean",7.5,0,TRUE,227,0.88294479567521,0.884989047536068,0.0914778784137244,0.92,0.165310046344456,0.00204425186085777,"gamma_bin"
"gamma_bin_7.50_3.40","vary_mean",7.5,0,TRUE,228,1.2545287150813,1.26823060854296,0.0992313890856959,0.98,0.195760661534455,0.0137018934616617,"gamma_bin"
"gamma_bin_7.50_3.40","vary_mean",7.5,0,TRUE,229,1.46483936058861,1.46263620451204,0.115247364346942,0.93,0.209331564649766,-0.00220315607657384,"gamma_bin"
"gamma_bin_7.50_3.40","vary_mean",7.5,0,TRUE,230,1.5106771494413,1.49715266974026,0.0945230341377953,0.99,0.211470180516312,-0.0135244797010357,"gamma_bin"
"gamma_bin_7.50_3.40","vary_mean",7.5,0,TRUE,231,1.76125096519109,1.75138656625113,0.105370779569847,0.96,0.227072312153907,-0.00986439893996383,"gamma_bin"
"gamma_bin_7.50_3.40","vary_mean",7.5,0,TRUE,232,1.40611418271408,1.41320089435554,0.0900477258984296,0.97,0.200563200450053,0.00708671164145858,"gamma_bin"
"gamma_bin_7.50_3.40","vary_mean",7.5,0,TRUE,233,1.50840807515769,1.51708043902638,0.0974874127888958,0.96,0.202451596089707,0.00867236386868897,"gamma_bin"
"gamma_bin_7.50_3.40","vary_mean",7.5,0,TRUE,234,2.14812836507422,2.15986154009529,0.116711221882481,0.97,0.234219917106637,0.0117331750210736,"gamma_bin"
"gamma_bin_7.50_3.40","vary_mean",7.5,0,TRUE,235,1.77318978695313,1.78389590556208,0.114790258858821,0.93,0.205842240897684,0.0107061186089474,"gamma_bin"
"gamma_bin_7.50_3.40","vary_mean",7.5,0,TRUE,236,1.73485405696823,1.73274642298979,0.109077188340108,0.94,0.195474858683675,-0.00210763397843694,"gamma_bin"
"gamma_bin_7.50_3.40","vary_mean",7.5,0,TRUE,237,1.62270455030168,1.63061001689698,0.0910417654255867,0.94,0.18199418733673,0.00790546659529578,"gamma_bin"
"gamma_bin_7.50_3.40","vary_mean",7.5,0,TRUE,238,1.18127386711031,1.1719449083498,0.0758281267418617,0.95,0.147825717495645,-0.0093289587605141,"gamma_bin"
"gamma_bin_7.50_3.40","vary_mean",7.5,0,TRUE,239,1.18467641337506,1.19952932883187,0.0775952783335985,0.95,0.143575115346493,0.0148529154568149,"gamma_bin"
"gamma_bin_7.50_3.40","vary_mean",7.5,0,TRUE,240,1.41686704734357,1.42597422182151,0.0889048927823027,0.89,0.151638098943634,0.00910717447794007,"gamma_bin"
"gamma_bin_7.50_3.40","vary_mean",7.5,0,TRUE,241,1.25638994428988,1.26207230013417,0.0667258559414305,0.96,0.139174920845067,0.00568235584429377,"gamma_bin"
"gamma_bin_7.50_3.40","vary_mean",7.5,0,TRUE,242,1.12129644908568,1.13383840379887,0.0671034715772935,0.94,0.12946637192651,0.012541954713186,"gamma_bin"
"gamma_bin_7.50_3.40","vary_mean",7.5,0,TRUE,243,1.35471671225519,1.34874259643048,0.0660796936646843,0.98,0.138736379748183,-0.0059741158247093,"gamma_bin"
"gamma_bin_7.50_3.40","vary_mean",7.5,0,TRUE,244,1.01075153524685,1.00659835622576,0.0661455325468927,0.93,0.118120011146357,-0.00415317902109069,"gamma_bin"
"gamma_bin_7.50_3.40","vary_mean",7.5,0,TRUE,245,1.09871605480815,1.08987768869071,0.0589116843116483,0.94,0.121263256162791,-0.00883836611743849,"gamma_bin"
"gamma_bin_7.50_3.40","vary_mean",7.5,0,TRUE,246,1.01869442350015,1.01681377857789,0.0588614842892166,0.94,0.11574254599334,-0.00188064492225593,"gamma_bin"
"gamma_bin_7.50_3.40","vary_mean",7.5,0,TRUE,247,0.933319674797869,0.929427587032658,0.0556066747905826,0.95,0.109492469819851,-0.00389208776521077,"gamma_bin"
"gamma_bin_7.50_3.40","vary_mean",7.5,0,TRUE,248,1.07523379129616,1.08095375890575,0.0650695675170584,0.94,0.11751151966971,0.00571996760959403,"gamma_bin"
"gamma_bin_7.50_3.40","vary_mean",7.5,0,TRUE,249,1.30371060738913,1.29995690070009,0.0590695454587923,0.97,0.128580650748849,-0.00375370668903807,"gamma_bin"
"gamma_bin_7.50_3.40","vary_mean",7.5,0,TRUE,250,1.41728039570922,1.40855996626713,0.0655277844811957,0.96,0.133631888874707,-0.00872042944209173,"gamma_bin"
"gamma_bin_7.50_3.40","vary_mean",7.5,0,TRUE,251,1.14476257942982,1.1431662885437,0.0620631843239545,0.97,0.119994151625005,-0.00159629088612401,"gamma_bin"
"gamma_bin_7.50_3.40","vary_mean",7.5,0,TRUE,252,1.28960282315637,1.29126042018903,0.0653576764987227,0.98,0.12615536729327,0.0016575970326631,"gamma_bin"
"gamma_bin_7.50_3.40","vary_mean",7.5,0,TRUE,253,1.41166776000313,1.41457067250096,0.0622388679271801,0.97,0.130239502064693,0.00290291249782859,"gamma_bin"
"gamma_bin_7.50_4.08","vary_sd",4.08,0.2,FALSE,8,1.22915300707766,1.25398877608017,0.0574049560084903,0.94,0.111608804076523,0.0248357690025083,"gamma_bin"
"gamma_bin_7.50_4.08","vary_sd",4.08,0.2,FALSE,9,2.39912444733293,2.43119763718146,0.0644326877004101,0.97,0.146836865837989,0.032073189848528,"gamma_bin"
"gamma_bin_7.50_4.08","vary_sd",4.08,0.2,FALSE,10,1.19488455941613,1.20735640810575,0.0414547756960575,0.97,0.0983509191644874,0.0124718486896218,"gamma_bin"
"gamma_bin_7.50_4.08","vary_sd",4.08,0.2,FALSE,11,1.32901937043135,1.33942540651784,0.0523778673996309,0.94,0.0989232039773162,0.0104060360864924,"gamma_bin"
"gamma_bin_7.50_4.08","vary_sd",4.08,0.2,FALSE,12,1.45964563283974,1.47522119678227,0.0525164001686505,0.95,0.100062429977979,0.0155755639425259,"gamma_bin"
"gamma_bin_7.50_4.08","vary_sd",4.08,0.2,FALSE,13,1.71536377425759,1.74340271767169,0.0525109614267673,0.94,0.105566382941941,0.0280389434141022,"gamma_bin"
"gamma_bin_7.50_4.08","vary_sd",4.08,0.2,FALSE,14,1.05186283321434,1.06768279945042,0.0421594226782659,0.91,0.0802496184456907,0.0158199662360827,"gamma_bin"
"gamma_bin_7.50_4.08","vary_sd",4.08,0.2,FALSE,15,1.02513341063733,1.02714407969663,0.0408047490034123,0.95,0.0765938419735481,0.00201066905929737,"gamma_bin"
"gamma_bin_7.50_4.08","vary_sd",4.08,0.2,FALSE,16,1.25256084138212,1.27193983702192,0.0408634412882103,0.91,0.0834877184407011,0.0193789956397987,"gamma_bin"
"gamma_bin_7.50_4.08","vary_sd",4.08,0.2,FALSE,17,1.2152968085526,1.23897166449049,0.0408908351644506,0.91,0.0811425417199124,0.0236748559378854,"gamma_bin"
"gamma_bin_7.50_4.08","vary_sd",4.08,0.2,FALSE,18,0.979262007308338,0.993654046190038,0.0388075109161132,0.88,0.0716909964077739,0.0143920388816997,"gamma_bin"
"gamma_bin_7.50_4.08","vary_sd",4.08,0.2,FALSE,19,1.02548164174434,1.03073468381769,0.0367921820254806,0.96,0.0721913078905324,0.00525304207334987,"gamma_bin"
"gamma_bin_7.50_4.08","vary_sd",4.08,0.2,FALSE,20,1.03937017525567,1.05144104047309,0.0353412157157189,0.96,0.0723230605609894,0.012070865217422,"gamma_bin"
"gamma_bin_7.50_4.08","vary_sd",4.08,0.2,FALSE,21,1.31708921089394,1.32926346845792,0.0408096031172177,0.95,0.0808631563399526,0.0121742575639829,"gamma_bin"
"gamma_bin_7.50_4.08","vary_sd",4.08,0.2,FALSE,22,1.01629528374106,1.02260255350318,0.0338926839674894,0.96,0.0704898252547365,0.00630726976211871,"gamma_bin"
"gamma_bin_7.50_4.08","vary_sd",4.08,0.2,FALSE,23,0.750244244564339,0.749143690522784,0.0290164911294375,0.95,0.0598670786327139,-0.00110055404155485,"gamma_bin"
"gamma_bin_7.50_4.08","vary_sd",4.08,0.2,FALSE,24,0.686827825813118,0.691172157219488,0.0287829537092794,0.94,0.0572276677674568,0.0043443314063697,"gamma_bin"
"gamma_bin_7.50_4.08","vary_sd",4.08,0.2,FALSE,25,1.09141067495798,1.11070952204829,0.0345948303941028,0.92,0.0726804608304907,0.0192988470903082,"gamma_bin"
"gamma_bin_7.50_4.08","vary_sd",4.08,0.2,FALSE,26,0.74108150094242,0.749983122861677,0.0327340260382732,0.91,0.0600680160419384,0.00890162191925747,"gamma_bin"
"gamma_bin_7.50_4.08","vary_sd",4.08,0.2,FALSE,27,0.768558244559202,0.782198215516626,0.0321425223131278,0.91,0.0617915260928429,0.0136399709574245,"gamma_bin"
"gamma_bin_7.50_4.08","vary_sd",4.08,0.2,FALSE,28,0.75279022252533,0.758879426083594,0.0286453030847558,0.99,0.0614483888362013,0.00608920355826403,"gamma_bin"
"gamma_bin_7.50_4.08","vary_sd",4.08,0.2,FALSE,29,0.700207559621297,0.707288792756045,0.0289144976768633,0.92,0.0600419089420222,0.00708123313474818,"gamma_bin"
"gamma_bin_7.50_4.08","vary_sd",4.08,0.2,FALSE,30,0.555254250263291,0.564760824742605,0.0287223165255452,0.91,0.0544415983077264,0.00950657447931402,"gamma_bin"
"gamma_bin_7.50_4.08","vary_sd",4.08,0.2,FALSE,31,0.584462421312083,0.591375846329426,0.0278519570528074,0.97,0.0567462339403101,0.00691342501734338,"gamma_bin"
"gamma_bin_7.50_4.08","vary_sd",4.08,0.2,FALSE,32,0.680311568720764,0.692448433104389,0.0285361823246389,0.95,0.0628296178527151,0.0121368643836249,"gamma_bin"
"gamma_bin_7.50_4.08","vary_sd",4.08,0.2,FALSE,33,0.958980557438332,0.976368391410274,0.0476419466231845,0.87,0.0765473044139818,0.0173878339719423,"gamma_bin"
"gamma_bin_7.50_4.08","vary_sd",4.08,0.2,FALSE,34,1.26715241572783,1.27016034193368,0.0415679263269448,0.94,0.089460432569684,0.00300792620584822,"gamma_bin"
"gamma_bin_7.50_4.08","vary_sd",4.08,0.2,FALSE,35,1.32835101120383,1.30372983084782,0.0448903249415256,0.93,0.0921114502978918,-0.0246211803560139,"gamma_bin"
"gamma_bin_7.50_4.08","vary_sd",4.08,0.2,FALSE,36,0.820531409863083,0.788224695293615,0.0358895418139325,0.85,0.0719152692161847,-0.0323067145694681,"gamma_bin"
"gamma_bin_7.50_4.08","vary_sd",4.08,0.2,FALSE,37,0.605068218099632,0.578262837236887,0.0340407130719494,0.86,0.0614365186340493,-0.0268053808627454,"gamma_bin"
"gamma_bin_7.50_4.08","vary_sd",4.08,0.2,FALSE,38,0.48061136006007,0.472141082273813,0.0293936479380307,0.92,0.0555439674325794,-0.00847027778625703,"gamma_bin"
"gamma_bin_7.50_4.08","vary_sd",4.08,0.2,FALSE,39,0.729684564655972,0.73585404561118,0.0321183153730697,0.99,0.0700228997811969,0.00616948095520831,"gamma_bin"
"gamma_bin_7.50_4.08","vary_sd",4.08,0.2,FALSE,40,0.815108206288389,0.835622334867369,0.0389103242368566,0.91,0.0759557527473647,0.02051412857898,"gamma_bin"
"gamma_bin_7.50_4.08","vary_sd",4.08,0.2,FALSE,41,0.615430120554185,0.629880190897112,0.0356023433840379,0.9,0.0673481209192822,0.0144500703429268,"gamma_bin"
"gamma_bin_7.50_4.08","vary_sd",4.08,0.2,FALSE,42,0.7716723572992,0.77547057584383,0.0398329020143649,0.97,0.0763838249401962,0.00379821854463014,"gamma_bin"
"gamma_bin_7.50_4.08","vary_sd",4.08,0.2,FALSE,43,0.638626730193333,0.645892237092077,0.0320392159131136,0.95,0.071272750493568,0.0072655068987435,"gamma_bin"
"gamma_bin_7.50_4.08","vary_sd",4.08,0.2,FALSE,44,0.502593853100566,0.501109017181386,0.0355646116689502,0.93,0.06417318617771,-0.00148483591917981,"gamma_bin"
"gamma_bin_7.50_4.08","vary_sd",4.08,0.2,FALSE,45,0.419338241890262,0.427276410647445,0.0335134369411631,0.96,0.0607096194299921,0.00793816875718284,"gamma_bin"
"gamma_bin_7.50_4.08","vary_sd",4.08,0.2,FALSE,46,0.532509871825,0.544635200160979,0.0332118632773778,0.96,0.0705572240949626,0.0121253283359793,"gamma_bin"
"gamma_bin_7.50_4.08","vary_sd",4.08,0.2,FALSE,47,0.748139787723446,0.757847408832123,0.0481166955039803,0.93,0.0860776105477048,0.00970762110867707,"gamma_bin"
"gamma_bin_7.50_4.08","vary_sd",4.08,0.2,FALSE,48,0.69956822206096,0.701952685593827,0.0402386471898802,0.96,0.0857756164243276,0.00238446353286725,"gamma_bin"
"gamma_bin_7.50_4.08","vary_sd",4.08,0.2,FALSE,49,0.840598040729289,0.832475665389585,0.0453930788228884,0.97,0.0964863292002263,-0.0081223753397045,"gamma_bin"
"gamma_bin_7.50_4.08","vary_sd",4.08,0.2,FALSE,50,0.60554325949379,0.598862063709491,0.0438391598986599,0.95,0.084138228360668,-0.00668119578429938,"gamma_bin"
"gamma_bin_7.50_4.08","vary_sd",4.08,0.2,FALSE,51,0.551125264389769,0.536532227553535,0.0422146718102124,0.93,0.081636252855422,-0.0145930368362339,"gamma_bin"
"gamma_bin_7.50_4.08","vary_sd",4.08,0.2,FALSE,52,0.382393923102511,0.377055184490416,0.0319063131080892,0.98,0.0701716883787342,-0.00533873861209516,"gamma_bin"
"gamma_bin_7.50_4.08","vary_sd",4.08,0.2,FALSE,53,0.67600822687436,0.676224605969278,0.0529188867524722,0.95,0.0967124401072339,0.000216379094917785,"gamma_bin"
"gamma_bin_7.50_4.08","vary_sd",4.08,0.2,FALSE,54,0.673855515926702,0.667223682030799,0.0495073781184422,0.93,0.0992808383184177,-0.00663183389590294,"gamma_bin"
"gamma_bin_7.50_4.08","vary_sd",4.08,0.2,FALSE,55,0.928599757202953,0.931541114392313,0.0570661092210627,0.97,0.121282536861462,0.00294135718935962,"gamma_bin"
"gamma_bin_7.50_4.08","vary_sd",4.08,0.2,FALSE,56,0.750387184163906,0.740707430885826,0.0563501539148394,0.94,0.111382809525611,-0.00967975327808046,"gamma_bin"
"gamma_bin_7.50_4.08","vary_sd",4.08,0.2,FALSE,57,0.713506443750686,0.702372916532242,0.0636459887422152,0.9,0.111104796591295,-0.0111335272184435,"gamma_bin"
"gamma_bin_7.50_4.08","vary_sd",4.08,0.2,FALSE,58,0.492090945289708,0.48109391230178,0.0468009417500412,0.93,0.0939090319155772,-0.010997032987928,"gamma_bin"
"gamma_bin_7.50_4.08","vary_sd",4.08,0.2,FALSE,59,0.488086622314194,0.481889211633976,0.0577665117398192,0.91,0.0960034460098514,-0.00619741068021762,"gamma_bin"
"gamma_bin_7.50_4.08","vary_sd",4.08,0.2,FALSE,60,0.671814423224244,0.668085710748642,0.0577928648460224,0.91,0.116084757870507,-0.0037287124756018,"gamma_bin"
"gamma_bin_7.50_4.08","vary_sd",4.08,0.2,FALSE,61,0.791713212108865,0.790587859003267,0.0735906155110711,0.93,0.13010913602219,-0.00112535310559836,"gamma_bin"
"gamma_bin_7.50_4.08","vary_sd",4.08,0.2,FALSE,62,0.652883007093316,0.665704787237813,0.0628913288199622,0.93,0.123023685027588,0.0128217801444969,"gamma_bin"
"gamma_bin_7.50_4.08","vary_sd",4.08,0.2,FALSE,63,0.61385111269512,0.610240525085544,0.0653097376032834,0.93,0.121061782843436,-0.00361058760957556,"gamma_bin"
"gamma_bin_7.50_4.08","vary_sd",4.08,0.2,FALSE,64,0.74711285306125,0.736886195954535,0.0681097711576565,0.96,0.136675300222676,-0.0102266571067146,"gamma_bin"
"gamma_bin_7.50_4.08","vary_sd",4.08,0.2,FALSE,65,0.706623402762968,0.699795640567514,0.0686364106955885,0.94,0.136664409151806,-0.00682776219545389,"gamma_bin"
"gamma_bin_7.50_4.08","vary_sd",4.08,0.2,FALSE,66,0.511807017708403,0.501650355749433,0.0644167372332196,0.92,0.118640182456444,-0.0101566619589698,"gamma_bin"
"gamma_bin_7.50_4.08","vary_sd",4.08,0.2,FALSE,67,0.670522334469821,0.664073212376937,0.0648857702158287,0.95,0.140097658043362,-0.00644912209288362,"gamma_bin"
"gamma_bin_7.50_4.08","vary_sd",4.08,0.2,FALSE,68,1.17241462294142,1.16625234885446,0.0857022080816826,0.99,0.19081897091769,-0.00616227408695535,"gamma_bin"
"gamma_bin_7.50_4.08","vary_sd",4.08,0.2,FALSE,69,1.09873791889337,1.10369561925242,0.088152731158929,0.97,0.190122565247411,0.00495770035905463,"gamma_bin"
"gamma_bin_7.50_4.08","vary_sd",4.08,0.2,FALSE,70,0.863932410861542,0.829948952400355,0.0901291654417506,0.94,0.167320491618354,-0.0339834584611874,"gamma_bin"
"gamma_bin_7.50_4.08","vary_sd",4.08,0.2,FALSE,71,0.715028130529259,0.68992774072122,0.0702774487199886,0.96,0.153837930975084,-0.0251003898080392,"gamma_bin"
"gamma_bin_7.50_4.08","vary_sd",4.08,0.2,FALSE,72,0.577764438354966,0.571273017792708,0.0819883364411896,0.92,0.140921697456737,-0.00649142056225827,"gamma_bin"
"gamma_bin_7.50_4.08","vary_sd",4.08,0.2,FALSE,73,0.968013714061152,0.949483277775482,0.0946624894544165,0.94,0.183873471932509,-0.0185304362856697,"gamma_bin"
"gamma_bin_7.50_4.08","vary_sd",4.08,0.2,FALSE,74,0.655296731928532,0.670989595917246,0.0709577556197104,0.97,0.156946903480314,0.0156928639887145,"gamma_bin"
"gamma_bin_7.50_4.08","vary_sd",4.08,0.2,FALSE,75,0.599731609487604,0.608975449936455,0.0788960170810377,0.97,0.151923201748093,0.00924384044885063,"gamma_bin"
"gamma_bin_7.50_4.08","vary_sd",4.08,0.2,FALSE,76,0.795766545904808,0.828822206612043,0.0969199381201241,0.92,0.1806010650466,0.0330556607072354,"gamma_bin"
"gamma_bin_7.50_4.08","vary_sd",4.08,0.2,FALSE,77,0.873622167427323,0.906143726678318,0.100203200272755,0.92,0.192799427302642,0.0325215592509951,"gamma_bin"
"gamma_bin_7.50_4.08","vary_sd",4.08,0.2,FALSE,78,0.655482440826882,0.662129801594314,0.100715771405919,0.92,0.167777334957404,0.00664736076743178,"gamma_bin"
"gamma_bin_7.50_4.08","vary_sd",4.08,0.2,FALSE,79,0.810569670710955,0.81164459765408,0.0816651277852409,0.99,0.189472994518343,0.00107492694312494,"gamma_bin"
"gamma_bin_7.50_4.08","vary_sd",4.08,0.2,FALSE,80,0.610411594391532,0.62396941497971,0.0920206491919085,0.92,0.168665282376768,0.0135578205881778,"gamma_bin"
"gamma_bin_7.50_4.08","vary_sd",4.08,0.2,FALSE,81,0.859802485503572,0.851474590827315,0.101288735763617,0.95,0.200920002031417,-0.00832789467625727,"gamma_bin"
"gamma_bin_7.50_4.08","vary_sd",4.08,0.2,FALSE,82,0.717893912271731,0.723795408046659,0.098588270510457,0.95,0.1887601432003,0.00590149577492793,"gamma_bin"
"gamma_bin_7.50_4.08","vary_sd",4.08,0.2,FALSE,83,0.992160969972712,1.00409780722715,0.0958213322102443,0.99,0.226750153174246,0.0119368372544338,"gamma_bin"
"gamma_bin_7.50_4.08","vary_sd",4.08,0.2,FALSE,84,1.12536119877567,1.1377555983142,0.116472980289532,0.98,0.245298677724524,0.0123943995385296,"gamma_bin"
"gamma_bin_7.50_4.08","vary_sd",4.08,0.2,FALSE,85,0.719045149251176,0.72385651381031,0.101698661638836,0.94,0.197828933078486,0.00481136455913389,"gamma_bin"
"gamma_bin_7.50_4.08","vary_sd",4.08,0.2,FALSE,86,0.847473435579488,0.833229472987816,0.104759304369028,0.98,0.21379367915338,-0.0142439625916723,"gamma_bin"
"gamma_bin_7.50_4.08","vary_sd",4.08,0.2,FALSE,87,0.854973302049258,0.847590388122891,0.117971437943,0.96,0.21719998277321,-0.00738291392636714,"gamma_bin"
"gamma_bin_7.50_4.08","vary_sd",4.08,0.2,FALSE,88,1.05225780392596,1.07471503760408,0.125822422446621,0.96,0.246923436052587,0.0224572336781175,"gamma_bin"
"gamma_bin_7.50_4.08","vary_sd",4.08,0.2,FALSE,89,0.736216801220608,0.737080257706375,0.119910672601352,0.94,0.206127320517942,0.000863456485766689,"gamma_bin"
"gamma_bin_7.50_4.08","vary_sd",4.08,0.2,FALSE,90,0.91040746889,0.908743494132603,0.110490581248476,0.97,0.230713364987616,-0.00166397475739699,"gamma_bin"
"gamma_bin_7.50_4.08","vary_sd",4.08,0.2,FALSE,91,0.87534575895404,0.871039868925526,0.109326335484325,0.96,0.227840744153414,-0.00430589002851367,"gamma_bin"
"gamma_bin_7.50_4.08","vary_sd",4.08,0.2,FALSE,92,1.13304443436225,1.13924698880367,0.127766932480804,0.95,0.26304518739963,0.00620255444141771,"gamma_bin"
"gamma_bin_7.50_4.08","vary_sd",4.08,0.2,FALSE,93,0.779596408911112,0.791755309976303,0.103066394904943,0.98,0.22078898104235,0.0121589010651906,"gamma_bin"
"gamma_bin_7.50_4.08","vary_sd",4.08,0.2,FALSE,94,0.738569675828446,0.743322726480273,0.102917489825524,0.99,0.215187586736733,0.00475305065182707,"gamma_bin"
"gamma_bin_7.50_4.08","vary_sd",4.08,0.2,FALSE,95,0.736364931280663,0.742340536861978,0.106030723365847,0.95,0.216473243980744,0.0059756055813146,"gamma_bin"
"gamma_bin_7.50_4.08","vary_sd",4.08,0.2,FALSE,96,0.940445717920046,0.94966055244305,0.121368923611964,0.95,0.24758354518449,0.00921483452300376,"gamma_bin"
"gamma_bin_7.50_4.08","vary_sd",4.08,0.2,FALSE,97,0.926791760743166,0.940791548129986,0.107804657158064,0.98,0.249469321247162,0.0139997873868201,"gamma_bin"
"gamma_bin_7.50_4.08","vary_sd",4.08,0.2,FALSE,98,0.805248809294182,0.80888316809949,0.120947990518184,0.94,0.23372100771451,0.00363435880530749,"gamma_bin"
"gamma_bin_7.50_4.08","vary_sd",4.08,0.2,FALSE,99,0.968943928916511,0.960571821954597,0.140288356528355,0.91,0.257225255435852,-0.00837210696191371,"gamma_bin"
"gamma_bin_7.50_4.08","vary_sd",4.08,0.2,FALSE,100,0.483314411540288,0.482317601760209,0.0843550199795124,0.98,0.184055392638404,-0.000996809780079266,"gamma_bin"
"gamma_bin_7.50_4.08","vary_sd",4.08,0.2,FALSE,101,0.660754209210677,0.658535553374943,0.10949435864065,0.96,0.217762949884804,-0.00221865583573377,"gamma_bin"
"gamma_bin_7.50_4.08","vary_sd",4.08,0.2,FALSE,102,0.65572642436151,0.662349976101402,0.113685588373725,0.95,0.221911931710957,0.00662355173989182,"gamma_bin"
"gamma_bin_7.50_4.08","vary_sd",4.08,0.2,FALSE,103,1.19597238563675,1.22391195168845,0.162116546647109,0.92,0.308395461488146,0.0279395660517043,"gamma_bin"
"gamma_bin_7.50_4.08","vary_sd",4.08,0.2,FALSE,104,1.52016047762218,1.58478503585199,0.189909529858145,0.92,0.357880674060581,0.0646245582298062,"gamma_bin"
"gamma_bin_7.50_4.08","vary_sd",4.08,0.2,FALSE,105,1.1030085210386,1.08310640021725,0.158052163849866,0.95,0.298416728951084,-0.0199021208213452,"gamma_bin"
"gamma_bin_7.50_4.08","vary_sd",4.08,0.2,FALSE,106,0.895239451481731,0.86628028688023,0.132867514261084,0.97,0.265858915179912,-0.0289591646015008,"gamma_bin"
"gamma_bin_7.50_4.08","vary_sd",4.08,0.2,FALSE,107,0.603003827128156,0.600620983455242,0.113675269229727,0.94,0.21960067183561,-0.00238284367291386,"gamma_bin"
"gamma_bin_7.50_4.08","vary_sd",4.08,0.2,FALSE,108,1.07759954005713,1.05713036644138,0.139360447327972,0.98,0.291055642144004,-0.0204691736157538,"gamma_bin"
"gamma_bin_7.50_4.08","vary_sd",4.08,0.2,FALSE,109,1.67933972630709,1.6942311669481,0.169403934559275,0.95,0.369821473500742,0.014891440641007,"gamma_bin"
"gamma_bin_7.50_4.08","vary_sd",4.08,0.2,FALSE,110,0.778502984216349,0.803588210210067,0.125071215066134,0.97,0.254450020069564,0.0250852259937179,"gamma_bin"
"gamma_bin_7.50_4.08","vary_sd",4.08,0.2,FALSE,111,0.991989182530735,0.996367375817254,0.135954623770697,0.96,0.281772236490464,0.00437819328651912,"gamma_bin"
"gamma_bin_7.50_4.08","vary_sd",4.08,0.2,FALSE,112,1.07686506331656,1.08490191223255,0.156606351027696,0.92,0.292372122391959,0.00803684891599232,"gamma_bin"
"gamma_bin_7.50_4.08","vary_sd",4.08,0.2,FALSE,113,0.702387790154813,0.732880857475678,0.114742335036434,0.95,0.239458400992955,0.0304930673208649,"gamma_bin"
"gamma_bin_7.50_4.08","vary_sd",4.08,0.2,FALSE,114,0.976044237490855,1.01274456209606,0.135929513607212,0.96,0.281149646141345,0.0367003246052001,"gamma_bin"
"gamma_bin_7.50_4.08","vary_sd",4.08,0.2,FALSE,115,1.2386571693013,1.23806031887558,0.157788385595632,0.97,0.311636458001277,-0.000596850425720996,"gamma_bin"
"gamma_bin_7.50_4.08","vary_sd",4.08,0.2,FALSE,116,1.16178575840714,1.16327122789666,0.160237693535778,0.96,0.302992948996592,0.00148546948952188,"gamma_bin"
"gamma_bin_7.50_4.08","vary_sd",4.08,0.2,FALSE,117,1.19460307270673,1.20479650632614,0.158284230021912,0.93,0.307336164439843,0.0101934336194123,"gamma_bin"
"gamma_bin_7.50_4.08","vary_sd",4.08,0.2,FALSE,118,1.1631999130357,1.18163342819797,0.140051386443485,0.97,0.302897739601301,0.0184335151622694,"gamma_bin"
"gamma_bin_7.50_4.08","vary_sd",4.08,0.2,FALSE,119,1.07031355257977,1.0541735184227,0.160952487608137,0.93,0.28328230715131,-0.0161400341570672,"gamma_bin"
"gamma_bin_7.50_4.08","vary_sd",4.08,0.2,FALSE,120,0.877747847801672,0.868260145309534,0.142734701124877,0.91,0.254946168486401,-0.00948770249213848,"gamma_bin"
"gamma_bin_7.50_4.08","vary_sd",4.08,0.2,FALSE,121,1.36754433627127,1.36818926037383,0.160842410957767,0.94,0.318195919740336,0.000644924102555899,"gamma_bin"
"gamma_bin_7.50_4.08","vary_sd",4.08,0.2,FALSE,122,0.835785870448611,0.851280481419897,0.141274863662842,0.92,0.249212298438132,0.0154946109712856,"gamma_bin"
"gamma_bin_7.50_4.08","vary_sd",4.08,0.2,FALSE,123,1.2672350602796,1.27314450304554,0.147995125396397,0.96,0.30351879185299,0.00590944276593675,"gamma_bin"
"gamma_bin_7.50_4.08","vary_sd",4.08,0.2,FALSE,124,0.96912547878376,1.00061125685726,0.134870350299087,0.96,0.267831521161826,0.0314857780734974,"gamma_bin"
"gamma_bin_7.50_4.08","vary_sd",4.08,0.2,FALSE,125,0.847337032261578,0.874075502837046,0.128421326776355,0.92,0.248847300865602,0.0267384705754683,"gamma_bin"
"gamma_bin_7.50_4.08","vary_sd",4.08,0.2,FALSE,126,0.715562409302676,0.723606356798625,0.106429684621279,0.98,0.22594031493554,0.00804394749594883,"gamma_bin"
"gamma_bin_7.50_4.08","vary_sd",4.08,0.2,FALSE,127,0.947820201198353,0.954667840029854,0.135793530074224,0.95,0.25971676179596,0.00684763883150108,"gamma_bin"
"gamma_bin_7.50_4.08","vary_sd",4.08,0.2,FALSE,128,0.685080159737144,0.702150047018668,0.123228588399605,0.91,0.223769127640023,0.0170698872815241,"gamma_bin"
"gamma_bin_7.50_4.08","vary_sd",4.08,0.2,FALSE,129,0.940715932502657,0.965542401895626,0.143794916274878,0.94,0.264908046164249,0.0248264693929695,"gamma_bin"
"gamma_bin_7.50_4.08","vary_sd",4.08,0.2,FALSE,130,0.882737793731905,0.908521856512761,0.134844568764549,0.94,0.25997951341194,0.0257840627808559,"gamma_bin"
"gamma_bin_7.50_4.08","vary_sd",4.08,0.2,FALSE,131,0.908595801485553,0.887605401844038,0.126876636961763,0.94,0.259762048803539,-0.0209903996415153,"gamma_bin"
"gamma_bin_7.50_4.08","vary_sd",4.08,0.2,FALSE,132,0.91957504082564,0.941374220692449,0.141988854471654,0.94,0.270124460687406,0.0217991798668086,"gamma_bin"
"gamma_bin_7.50_4.08","vary_sd",4.08,0.2,FALSE,133,0.772867637399724,0.771435728129932,0.137403896175395,0.91,0.246376184967958,-0.00143190926979242,"gamma_bin"
"gamma_bin_7.50_4.08","vary_sd",4.08,0.2,FALSE,134,0.85010038418266,0.868558899013703,0.136244572935092,0.94,0.264099928420933,0.0184585148310432,"gamma_bin"
"gamma_bin_7.50_4.08","vary_sd",4.08,0.2,FALSE,135,0.784742304497557,0.809768060990312,0.119162022452696,0.97,0.257633091926377,0.0250257564927552,"gamma_bin"
"gamma_bin_7.50_4.08","vary_sd",4.08,0.2,FALSE,136,0.974662005700731,0.989623903097717,0.147372553532516,0.96,0.287546815496853,0.0149618973969863,"gamma_bin"
"gamma_bin_7.50_4.08","vary_sd",4.08,0.2,FALSE,137,0.984149213306856,0.984774498674375,0.123900318968669,0.97,0.290082114759028,0.000625285367519268,"gamma_bin"
"gamma_bin_7.50_4.08","vary_sd",4.08,0.2,FALSE,138,1.19074372582141,1.17826110134634,0.200217010192131,0.91,0.319612080678128,-0.0124826244750731,"gamma_bin"
"gamma_bin_7.50_4.08","vary_sd",4.08,0.2,FALSE,139,1.38369717355419,1.41848650709192,0.17849008854155,0.96,0.3526067237356,0.034789333537729,"gamma_bin"
"gamma_bin_7.50_4.08","vary_sd",4.08,0.2,FALSE,140,0.815809623984031,0.810804799555708,0.133832488463595,0.96,0.265858002117191,-0.00500482442832317,"gamma_bin"
"gamma_bin_7.50_4.08","vary_sd",4.08,0.2,FALSE,141,0.948704132009637,0.939277381736819,0.161462628999033,0.94,0.283942160025592,-0.00942675027281814,"gamma_bin"
"gamma_bin_7.50_4.08","vary_sd",4.08,0.2,FALSE,142,0.887909591017245,0.88716291224931,0.1365966459067,0.97,0.275295937873142,-0.000746678767935105,"gamma_bin"
"gamma_bin_7.50_4.08","vary_sd",4.08,0.2,FALSE,143,1.33194554446529,1.32972393401467,0.177121465030534,0.98,0.336702249293896,-0.00222161045062252,"gamma_bin"
"gamma_bin_7.50_4.08","vary_sd",4.08,0.2,FALSE,144,1.33130879278334,1.34040077342306,0.132543466733297,0.99,0.338331543498625,0.00909198063971739,"gamma_bin"
"gamma_bin_7.50_4.08","vary_sd",4.08,0.2,FALSE,145,1.36040798308223,1.35127122064632,0.167672799035672,0.97,0.337612119745363,-0.00913676243590822,"gamma_bin"
"gamma_bin_7.50_4.08","vary_sd",4.08,0.2,FALSE,146,1.03071021292377,1.0053126555144,0.170511838532631,0.89,0.287573144031754,-0.025397557409375,"gamma_bin"
"gamma_bin_7.50_4.08","vary_sd",4.08,0.2,FALSE,147,1.01542172209859,0.978598524882121,0.138484408719384,0.94,0.280315722389796,-0.0368231972164687,"gamma_bin"
"gamma_bin_7.50_4.08","vary_sd",4.08,0.2,FALSE,148,0.918033733511508,0.919768452674204,0.161526650331866,0.91,0.269026871535732,0.00173471916269652,"gamma_bin"
"gamma_bin_7.50_4.08","vary_sd",4.08,0.2,FALSE,149,0.795399668183425,0.824673844967952,0.12862201084185,0.94,0.253400738642386,0.0292741767845269,"gamma_bin"
"gamma_bin_7.50_4.08","vary_sd",4.08,0.2,FALSE,150,0.94707340630239,0.995047824269813,0.136125790426289,0.98,0.278736464655967,0.0479744179674233,"gamma_bin"
"gamma_bin_7.50_4.08","vary_sd",4.08,0.2,FALSE,151,0.838901742382429,0.844685817604008,0.1114474380034,0.98,0.257386392156205,0.00578407522157887,"gamma_bin"
"gamma_bin_7.50_4.08","vary_sd",4.08,0.2,FALSE,152,1.10279545241581,1.13502061162167,0.155202856064997,0.93,0.300247862061015,0.0322251592058578,"gamma_bin"
"gamma_bin_7.50_4.08","vary_sd",4.08,0.2,FALSE,153,1.09815075967234,1.14838561329584,0.173005479892721,0.88,0.30291824855641,0.0502348536234982,"gamma_bin"
"gamma_bin_7.50_4.08","vary_sd",4.08,0.2,FALSE,154,0.933692374106949,0.946617050821252,0.14358579014673,0.94,0.275847598876907,0.0129246767143034,"gamma_bin"
"gamma_bin_7.50_4.08","vary_sd",4.08,0.2,FALSE,155,0.677255280263044,0.683414379122478,0.11469369685584,0.95,0.234416460211828,0.00615909885943411,"gamma_bin"
"gamma_bin_7.50_4.08","vary_sd",4.08,0.2,FALSE,156,0.794315589671576,0.816005928497528,0.12936510616064,0.96,0.256184965147882,0.0216903388259517,"gamma_bin"
"gamma_bin_7.50_4.08","vary_sd",4.08,0.2,FALSE,157,0.863128942217305,0.888232106578081,0.109876709898879,0.98,0.269561779731439,0.0251031643607761,"gamma_bin"
"gamma_bin_7.50_4.08","vary_sd",4.08,0.2,FALSE,158,1.21212682918176,1.24963567648433,0.171554467056934,0.96,0.322642856258009,0.037508847302574,"gamma_bin"
"gamma_bin_7.50_4.08","vary_sd",4.08,0.2,FALSE,159,1.02410139695973,1.01097990312591,0.145755192336128,0.94,0.29190701922584,-0.0131214938338153,"gamma_bin"
"gamma_bin_7.50_4.08","vary_sd",4.08,0.2,FALSE,160,0.905623732385136,0.88610987728913,0.144225190905643,0.9,0.274181430801567,-0.0195138550960058,"gamma_bin"
"gamma_bin_7.50_4.08","vary_sd",4.08,0.2,FALSE,161,0.9116217888269,0.893269084691446,0.140398327412327,0.95,0.275428884097439,-0.0183527041354539,"gamma_bin"
"gamma_bin_7.50_4.08","vary_sd",4.08,0.2,FALSE,162,0.854312926973229,0.861416123129184,0.142172606651419,0.96,0.271715723131969,0.00710319615595534,"gamma_bin"
"gamma_bin_7.50_4.08","vary_sd",4.08,0.2,FALSE,163,0.939537145583715,0.965245101833284,0.12992478740354,0.98,0.289367931716563,0.025707956249569,"gamma_bin"
"gamma_bin_7.50_4.08","vary_sd",4.08,0.2,FALSE,164,0.80426541937565,0.794289039573612,0.14177357133691,0.95,0.263797879501072,-0.00997637980203825,"gamma_bin"
"gamma_bin_7.50_4.08","vary_sd",4.08,0.2,FALSE,165,1.00142458710162,1.02147857129078,0.140854866016121,0.95,0.301075828665966,0.0200539841891565,"gamma_bin"
"gamma_bin_7.50_4.08","vary_sd",4.08,0.2,FALSE,166,1.22258752675771,1.2311798949481,0.18402337022978,0.95,0.332330604150798,0.00859236819038545,"gamma_bin"
"gamma_bin_7.50_4.08","vary_sd",4.08,0.2,FALSE,167,0.797785738886173,0.826384359246236,0.130471390452876,0.97,0.27429066981584,0.0285986203600626,"gamma_bin"
"gamma_bin_7.50_4.08","vary_sd",4.08,0.2,FALSE,168,1.14984066668627,1.1560821233604,0.166403059176775,0.95,0.324590549614401,0.00624145667413334,"gamma_bin"
"gamma_bin_7.50_4.08","vary_sd",4.08,0.2,FALSE,169,0.760346365617299,0.737446432988216,0.126780570189572,0.98,0.259387217521313,-0.0228999326290825,"gamma_bin"
"gamma_bin_7.50_4.08","vary_sd",4.08,0.2,FALSE,170,1.3742280074719,1.36827927782406,0.195752533525409,0.95,0.353690634975186,-0.00594872964783599,"gamma_bin"
"gamma_bin_7.50_4.08","vary_sd",4.08,0.2,FALSE,171,0.879913573057892,0.891378921086266,0.13015006952166,0.98,0.285814417403318,0.0114653480283741,"gamma_bin"
"gamma_bin_7.50_4.08","vary_sd",4.08,0.2,FALSE,172,1.40469565689074,1.4026413726615,0.182078013059018,0.98,0.358105302248072,-0.00205428422924281,"gamma_bin"
"gamma_bin_7.50_4.08","vary_sd",4.08,0.2,FALSE,173,0.919193449899109,0.932989795435139,0.154861581195003,0.98,0.290766633789058,0.0137963455360298,"gamma_bin"
"gamma_bin_7.50_4.08","vary_sd",4.08,0.2,FALSE,174,0.923151861958846,0.910134930574704,0.143975428955337,0.95,0.285015398710708,-0.0130169313841425,"gamma_bin"
"gamma_bin_7.50_4.08","vary_sd",4.08,0.2,FALSE,175,1.03836327926758,1.0146032791403,0.138398834561083,0.95,0.29994137718293,-0.0237600001272769,"gamma_bin"
"gamma_bin_7.50_4.08","vary_sd",4.08,0.2,FALSE,176,0.9985406934674,1.00732495108496,0.132971420867805,0.98,0.298325229262152,0.00878425761756441,"gamma_bin"
"gamma_bin_7.50_4.08","vary_sd",4.08,0.2,FALSE,177,1.06724188250379,1.09350512906928,0.174651076352598,0.9,0.3102668529223,0.0262632465654937,"gamma_bin"
"gamma_bin_7.50_4.08","vary_sd",4.08,0.2,FALSE,178,0.796484699666055,0.79624083280828,0.148475293623045,0.91,0.264665394373331,-0.000243866857774777,"gamma_bin"
"gamma_bin_7.50_4.08","vary_sd",4.08,0.2,FALSE,179,1.1985320355335,1.19520376430844,0.173904624751616,0.93,0.325086962875648,-0.00332827122505819,"gamma_bin"
"gamma_bin_7.50_4.08","vary_sd",4.08,0.2,FALSE,180,1.18742100745866,1.25566466624247,0.152040999409815,0.97,0.334101156510652,0.0682436587838053,"gamma_bin"
"gamma_bin_7.50_4.08","vary_sd",4.08,0.2,FALSE,181,1.49419527020498,1.49923162618841,0.18758986308914,0.95,0.364302610530171,0.005036355983429,"gamma_bin"
"gamma_bin_7.50_4.08","vary_sd",4.08,0.2,FALSE,182,1.51569869674153,1.47472553396353,0.185414043670063,0.93,0.358341169461595,-0.0409731627780034,"gamma_bin"
"gamma_bin_7.50_4.08","vary_sd",4.08,0.2,FALSE,183,0.993075321330978,0.974022663358361,0.151688429300684,0.97,0.285581182654704,-0.0190526579726167,"gamma_bin"
"gamma_bin_7.50_4.08","vary_sd",4.08,0.2,FALSE,184,0.900892693512611,0.879514547886099,0.148913567062172,0.95,0.266995814244835,-0.0213781456265119,"gamma_bin"
"gamma_bin_7.50_4.08","vary_sd",4.08,0.2,FALSE,185,0.823216687408857,0.841177463070305,0.131579401472732,0.93,0.257933643467284,0.0179607756614482,"gamma_bin"
"gamma_bin_7.50_4.08","vary_sd",4.08,0.2,FALSE,186,1.22622981286846,1.24838633172869,0.161161989503283,0.92,0.312380685178624,0.0221565188602277,"gamma_bin"
"gamma_bin_7.50_4.08","vary_sd",4.08,0.2,FALSE,187,0.917491231652979,0.952954925140856,0.129604330200635,0.94,0.272885855337945,0.0354636934878766,"gamma_bin"
"gamma_bin_7.50_4.08","vary_sd",4.08,0.2,FALSE,188,1.14601430452239,1.16124498221676,0.174268708029906,0.94,0.300607229102959,0.0152306776943665,"gamma_bin"
"gamma_bin_7.50_4.08","vary_sd",4.08,0.2,FALSE,189,1.15018203934659,1.16287315875571,0.145828976807785,0.97,0.300009191949735,0.0126911194091213,"gamma_bin"
"gamma_bin_7.50_4.08","vary_sd",4.08,0.2,FALSE,190,1.13788009197463,1.12229455385726,0.1328155057089,0.96,0.294123050989666,-0.0155855381173746,"gamma_bin"
"gamma_bin_7.50_4.08","vary_sd",4.08,0.2,FALSE,191,1.77821476084602,1.78307033014956,0.18453134266343,0.97,0.368498309379374,0.00485556930353592,"gamma_bin"
"gamma_bin_7.50_4.08","vary_sd",4.08,0.2,FALSE,192,1.12622467540917,1.12017404139718,0.151407220261855,0.93,0.288096894957104,-0.00605063401198946,"gamma_bin"
"gamma_bin_7.50_4.08","vary_sd",4.08,0.2,FALSE,193,1.63143870001326,1.59032573872762,0.171082044751665,0.95,0.337327860642621,-0.0411129612856449,"gamma_bin"
"gamma_bin_7.50_4.08","vary_sd",4.08,0.2,FALSE,194,1.96133686485764,1.93074952386409,0.188612827470656,0.95,0.363716648865343,-0.0305873409935489,"gamma_bin"
"gamma_bin_7.50_4.08","vary_sd",4.08,0.2,FALSE,195,1.62645944263275,1.57311039882257,0.145321503122173,0.94,0.31975406570611,-0.0533490438101827,"gamma_bin"
"gamma_bin_7.50_4.08","vary_sd",4.08,0.2,FALSE,196,1.22116224956869,1.20273139818771,0.131830315108767,0.96,0.270999806188115,-0.0184308513809843,"gamma_bin"
"gamma_bin_7.50_4.08","vary_sd",4.08,0.2,FALSE,197,1.08513472727433,1.07697902532702,0.118064790197459,0.94,0.248166181288395,-0.00815570194730642,"gamma_bin"
"gamma_bin_7.50_4.08","vary_sd",4.08,0.2,FALSE,198,1.22272793926392,1.2209001513003,0.12604508374516,0.98,0.257314005934434,-0.00182778796361593,"gamma_bin"
"gamma_bin_7.50_4.08","vary_sd",4.08,0.2,FALSE,199,1.29605177368887,1.30223982925414,0.12806084635756,0.95,0.260965053897549,0.00618805556526714,"gamma_bin"
"gamma_bin_7.50_4.08","vary_sd",4.08,0.2,FALSE,200,1.66923410820015,1.71542239846494,0.160198376234702,0.92,0.294820225677898,0.0461882902647879,"gamma_bin"
"gamma_bin_7.50_4.08","vary_sd",4.08,0.2,FALSE,201,1.1694237090907,1.17590093048315,0.115615418421218,0.95,0.239532032837849,0.00647722139244733,"gamma_bin"
"gamma_bin_7.50_4.08","vary_sd",4.08,0.2,FALSE,202,1.07879296650834,1.08054862395002,0.121471052254695,0.94,0.224928834729334,0.00175565744168327,"gamma_bin"
"gamma_bin_7.50_4.08","vary_sd",4.08,0.2,FALSE,203,0.894627487421358,0.877882004050935,0.0975574463639245,0.99,0.198812006288529,-0.0167454833704235,"gamma_bin"
"gamma_bin_7.50_4.08","vary_sd",4.08,0.2,FALSE,204,0.81895014827116,0.836600655052227,0.097548988831834,0.95,0.191783330341225,0.0176505067810675,"gamma_bin"
"gamma_bin_7.50_4.08","vary_sd",4.08,0.2,FALSE,205,0.966704879629287,1.0075992265698,0.106478039219148,0.95,0.209337060009504,0.0408943469405088,"gamma_bin"
"gamma_bin_7.50_4.08","vary_sd",4.08,0.2,FALSE,206,0.735615178317886,0.754163506034931,0.0898293429870592,0.94,0.181025411411732,0.0185483277170454,"gamma_bin"
"gamma_bin_7.50_4.08","vary_sd",4.08,0.2,FALSE,207,0.854920650119855,0.878717796840905,0.110060791216256,0.93,0.196183192966721,0.0237971467210497,"gamma_bin"
"gamma_bin_7.50_4.08","vary_sd",4.08,0.2,FALSE,208,1.1836252253062,1.21532701220637,0.129477404881271,0.92,0.232632303787748,0.0317017869001661,"gamma_bin"
"gamma_bin_7.50_4.08","vary_sd",4.08,0.2,FALSE,209,1.4603135494891,1.47376458702565,0.118397363096101,0.96,0.257791339252985,0.0134510375365504,"gamma_bin"
"gamma_bin_7.50_4.08","vary_sd",4.08,0.2,FALSE,210,0.828359371463702,0.849349161740648,0.100957606562936,0.93,0.195785914841707,0.0209897902769461,"gamma_bin"
"gamma_bin_7.50_4.08","vary_sd",4.08,0.2,FALSE,211,0.945528169177749,0.935490106487569,0.0945557651871966,0.98,0.204260346599257,-0.0100380626901804,"gamma_bin"
"gamma_bin_7.50_4.08","vary_sd",4.08,0.2,FALSE,212,0.79051319956122,0.787335382585635,0.0900892489731517,0.97,0.186325154925983,-0.00317781697558472,"gamma_bin"
"gamma_bin_7.50_4.08","vary_sd",4.08,0.2,FALSE,213,1.43201623771777,1.4478539237378,0.130598571938423,0.97,0.25246812237685,0.0158376860200267,"gamma_bin"
"gamma_bin_7.50_4.08","vary_sd",4.08,0.2,FALSE,214,1.11428897280893,1.1373485750026,0.118192838516122,0.94,0.223410541970133,0.0230596021936722,"gamma_bin"
"gamma_bin_7.50_4.08","vary_sd",4.08,0.2,FALSE,215,1.11572179995221,1.10548314067268,0.128816529646037,0.93,0.219395358890951,-0.0102386592795343,"gamma_bin"
"gamma_bin_7.50_4.08","vary_sd",4.08,0.2,FALSE,216,1.45327758905901,1.44714172328116,0.13226277262201,0.93,0.249025423902272,-0.00613586577785319,"gamma_bin"
"gamma_bin_7.50_4.08","vary_sd",4.08,0.2,FALSE,217,1.1420673106557,1.1309049741911,0.0952766984610166,0.98,0.217838548403882,-0.0111623364645979,"gamma_bin"
"gamma_bin_7.50_4.08","vary_sd",4.08,0.2,FALSE,218,0.657966158830962,0.656199320476545,0.0754344912042585,0.96,0.1638689172593,-0.00176683835441671,"gamma_bin"
"gamma_bin_7.50_4.08","vary_sd",4.08,0.2,FALSE,219,1.3705780170681,1.39442189413459,0.110802359493868,0.96,0.236588585444068,0.0238438770664942,"gamma_bin"
"gamma_bin_7.50_4.08","vary_sd",4.08,0.2,FALSE,220,1.12178323201924,1.14850766602766,0.10622563837198,0.96,0.213413214373799,0.0267244340084181,"gamma_bin"
"gamma_bin_7.50_4.08","vary_sd",4.08,0.2,FALSE,221,1.82150678776182,1.8198150813761,0.119998647092028,0.98,0.267031011281862,-0.0016917063857167,"gamma_bin"
"gamma_bin_7.50_4.08","vary_sd",4.08,0.2,FALSE,222,1.47822233790926,1.46238549583128,0.12081935683801,0.94,0.23590473663674,-0.0158368420779782,"gamma_bin"
"gamma_bin_7.50_4.08","vary_sd",4.08,0.2,FALSE,223,1.2291381002976,1.18948271548981,0.104518096129667,0.95,0.208332408516111,-0.0396553848077921,"gamma_bin"
"gamma_bin_7.50_4.08","vary_sd",4.08,0.2,FALSE,224,1.39168397860736,1.35825874275422,0.115395834472025,0.95,0.217156510100874,-0.0334252358531393,"gamma_bin"
"gamma_bin_7.50_4.08","vary_sd",4.08,0.2,FALSE,225,1.02693213453622,1.03668639647817,0.0867545570423898,0.94,0.185494372087351,0.00975426194194773,"gamma_bin"
"gamma_bin_7.50_4.08","vary_sd",4.08,0.2,FALSE,226,0.944477107231107,0.945083023785724,0.0832299543071948,0.96,0.173853077117157,0.000605916554616615,"gamma_bin"
"gamma_bin_7.50_4.08","vary_sd",4.08,0.2,FALSE,227,0.88294479567521,0.891074458586679,0.0925756563140463,0.93,0.166439105122568,0.00812966291146877,"gamma_bin"
"gamma_bin_7.50_4.08","vary_sd",4.08,0.2,FALSE,228,1.2545287150813,1.29038240375368,0.10134108884596,0.96,0.199171714551309,0.0358536886723764,"gamma_bin"
"gamma_bin_7.50_4.08","vary_sd",4.08,0.2,FALSE,229,1.46483936058861,1.4904795481648,0.11828749316269,0.94,0.213305233508624,0.0256401875761905,"gamma_bin"
"gamma_bin_7.50_4.08","vary_sd",4.08,0.2,FALSE,230,1.5106771494413,1.50906154106177,0.0949273063653735,0.99,0.213146704219462,-0.00161560837952868,"gamma_bin"
"gamma_bin_7.50_4.08","vary_sd",4.08,0.2,FALSE,231,1.76125096519109,1.73727869081965,0.104795127694177,0.96,0.22523448091578,-0.0239722743714441,"gamma_bin"
"gamma_bin_7.50_4.08","vary_sd",4.08,0.2,FALSE,232,1.40611418271408,1.38177546395322,0.0886250959381591,0.98,0.19609258556913,-0.0243387187608644,"gamma_bin"
"gamma_bin_7.50_4.08","vary_sd",4.08,0.2,FALSE,233,1.50840807515769,1.47554403419191,0.0950462114775592,0.96,0.19690170249257,-0.0328640409657783,"gamma_bin"
"gamma_bin_7.50_4.08","vary_sd",4.08,0.2,FALSE,234,2.14812836507422,2.10926917780808,0.113501375370643,0.95,0.228736107512037,-0.0388591872661381,"gamma_bin"
"gamma_bin_7.50_4.08","vary_sd",4.08,0.2,FALSE,235,1.77318978695313,1.74214815709698,0.112668587715452,0.92,0.201030496219693,-0.0310416298561524,"gamma_bin"
"gamma_bin_7.50_4.08","vary_sd",4.08,0.2,FALSE,236,1.73485405696823,1.68630781273622,0.106140278959922,0.9,0.190243290235599,-0.0485462442320055,"gamma_bin"
"gamma_bin_7.50_4.08","vary_sd",4.08,0.2,FALSE,237,1.62270455030168,1.58859800241203,0.0885661642422852,0.96,0.177310048748381,-0.0341065478896527,"gamma_bin"
"gamma_bin_7.50_4.08","vary_sd",4.08,0.2,FALSE,238,1.18127386711031,1.14864729422054,0.0749168217683274,0.92,0.144884004693634,-0.0326265728897666,"gamma_bin"
"gamma_bin_7.50_4.08","vary_sd",4.08,0.2,FALSE,239,1.18467641337506,1.18972067850352,0.076906284091006,0.97,0.142397302505789,0.00504426512846434,"gamma_bin"
"gamma_bin_7.50_4.08","vary_sd",4.08,0.2,FALSE,240,1.41686704734357,1.43420613327556,0.0903645807925591,0.86,0.152505952158454,0.0173390859319935,"gamma_bin"
"gamma_bin_7.50_4.08","vary_sd",4.08,0.2,FALSE,241,1.25638994428988,1.27785109397188,0.067976346768355,0.96,0.140911507080026,0.0214611496820016,"gamma_bin"
"gamma_bin_7.50_4.08","vary_sd",4.08,0.2,FALSE,242,1.12129644908568,1.14711709073411,0.0680663237376056,0.93,0.130980555439024,0.0258206416484321,"gamma_bin"
"gamma_bin_7.50_4.08","vary_sd",4.08,0.2,FALSE,243,1.35471671225519,1.36217220357491,0.0669140656330267,0.98,0.140115434841359,0.00745549131971601,"gamma_bin"
"gamma_bin_7.50_4.08","vary_sd",4.08,0.2,FALSE,244,1.01075153524685,1.01390416372516,0.0666701098756412,0.94,0.118978665404089,0.00315262847831232,"gamma_bin"
"gamma_bin_7.50_4.08","vary_sd",4.08,0.2,FALSE,245,1.09871605480815,1.09666544745685,0.0592613875374095,0.94,0.122025907167428,-0.00205060735130091,"gamma_bin"
"gamma_bin_7.50_4.08","vary_sd",4.08,0.2,FALSE,246,1.01869442350015,1.02502389243443,0.0593655918128552,0.95,0.116685697995623,0.00632946893427677,"gamma_bin"
"gamma_bin_7.50_4.08","vary_sd",4.08,0.2,FALSE,247,0.933319674797869,0.939064039195375,0.0561771627283865,0.96,0.11063216540048,0.00574436439750547,"gamma_bin"
"gamma_bin_7.50_4.08","vary_sd",4.08,0.2,FALSE,248,1.07523379129616,1.09469695336441,0.0657511208826924,0.92,0.11900749242019,0.0194631620682473,"gamma_bin"
"gamma_bin_7.50_4.08","vary_sd",4.08,0.2,FALSE,249,1.30371060738913,1.3164219802246,0.0595969753896598,0.96,0.130210282746361,0.0127113728354717,"gamma_bin"
"gamma_bin_7.50_4.08","vary_sd",4.08,0.2,FALSE,250,1.41728039570922,1.41769133312749,0.0661245823722081,0.96,0.134494915643212,0.000410937418270363,"gamma_bin"
"gamma_bin_7.50_4.08","vary_sd",4.08,0.2,FALSE,251,1.14476257942982,1.13771834591751,0.0615138728088756,0.97,0.119417952769944,-0.00704423351231065,"gamma_bin"
"gamma_bin_7.50_4.08","vary_sd",4.08,0.2,FALSE,252,1.28960282315637,1.27566062223573,0.0646563030607119,0.92,0.1246231232372,-0.0139422009206365,"gamma_bin"
"gamma_bin_7.50_4.08","vary_sd",4.08,0.2,FALSE,253,1.41166776000313,1.39637157207641,0.0617600138142368,0.97,0.128554689014103,-0.0152961879267224,"gamma_bin"
"gamma_bin_7.50_4.76","vary_sd",4.76,0.4,FALSE,8,1.22915300707766,1.24930293285428,0.0571809640987053,0.94,0.111192476676126,0.0201499257766238,"gamma_bin"
"gamma_bin_7.50_4.76","vary_sd",4.76,0.4,FALSE,9,2.39912444733293,2.44930032454674,0.0650526802957096,0.95,0.147930840655259,0.0501758772138081,"gamma_bin"
"gamma_bin_7.50_4.76","vary_sd",4.76,0.4,FALSE,10,1.19488455941613,1.20595465434816,0.0415315802673991,0.97,0.0982369037448819,0.0110700949320275,"gamma_bin"
"gamma_bin_7.50_4.76","vary_sd",4.76,0.4,FALSE,11,1.32901937043135,1.34577185578353,0.052715527364521,0.95,0.0993920263723855,0.0167524853521768,"gamma_bin"
"gamma_bin_7.50_4.76","vary_sd",4.76,0.4,FALSE,12,1.45964563283974,1.49382064241104,0.053394925699917,0.89,0.10132390896866,0.034175009571304,"gamma_bin"
"gamma_bin_7.50_4.76","vary_sd",4.76,0.4,FALSE,13,1.71536377425759,1.7669199956145,0.0535678069286677,0.84,0.106990210084999,0.0515562213569085,"gamma_bin"
"gamma_bin_7.50_4.76","vary_sd",4.76,0.4,FALSE,14,1.05186283321434,1.07294722105119,0.0426111071670271,0.91,0.0806449759592711,0.0210843878368472,"gamma_bin"
"gamma_bin_7.50_4.76","vary_sd",4.76,0.4,FALSE,15,1.02513341063733,1.03500873139955,0.0411770214333846,0.95,0.0771800973636228,0.00987532076222375,"gamma_bin"
"gamma_bin_7.50_4.76","vary_sd",4.76,0.4,FALSE,16,1.25256084138212,1.29111658388283,0.0415235068343168,0.83,0.0847463158649779,0.0385557425007097,"gamma_bin"
"gamma_bin_7.50_4.76","vary_sd",4.76,0.4,FALSE,17,1.2152968085526,1.25806896602363,0.0418726715348854,0.82,0.0823929295880806,0.0427721574710334,"gamma_bin"
"gamma_bin_7.50_4.76","vary_sd",4.76,0.4,FALSE,18,0.979262007308338,1.00549543862648,0.0394140167384958,0.87,0.0725451950550139,0.026233431318146,"gamma_bin"
"gamma_bin_7.50_4.76","vary_sd",4.76,0.4,FALSE,19,1.02548164174434,1.04368390550668,0.0372497888452061,0.92,0.0730983615493156,0.0182022637623374,"gamma_bin"
"gamma_bin_7.50_4.76","vary_sd",4.76,0.4,FALSE,20,1.03937017525567,1.06579799911762,0.0359596003243509,0.91,0.0733105597722734,0.0264278238619471,"gamma_bin"
"gamma_bin_7.50_4.76","vary_sd",4.76,0.4,FALSE,21,1.31708921089394,1.34652348257583,0.0414955019812352,0.93,0.0819129142236224,0.0294342716818892,"gamma_bin"
"gamma_bin_7.50_4.76","vary_sd",4.76,0.4,FALSE,22,1.01629528374106,1.02826146878879,0.03401810482734,0.97,0.0708798124423186,0.0119661850477286,"gamma_bin"
"gamma_bin_7.50_4.76","vary_sd",4.76,0.4,FALSE,23,0.750244244564339,0.751497840838022,0.0292280980023783,0.96,0.060054797848295,0.00125359627368316,"gamma_bin"
"gamma_bin_7.50_4.76","vary_sd",4.76,0.4,FALSE,24,0.686827825813118,0.69770282621187,0.0291239670294138,0.93,0.0577680471355327,0.0108750003987522,"gamma_bin"
"gamma_bin_7.50_4.76","vary_sd",4.76,0.4,FALSE,25,1.09141067495798,1.13083069231539,0.0352454807777763,0.83,0.073996764241354,0.0394200173574115,"gamma_bin"
"gamma_bin_7.50_4.76","vary_sd",4.76,0.4,FALSE,26,0.74108150094242,0.761328194037031,0.0332108065451115,0.87,0.0609765078584929,0.0202466930946108,"gamma_bin"
"gamma_bin_7.50_4.76","vary_sd",4.76,0.4,FALSE,27,0.768558244559202,0.793119783344469,0.0326581919278708,0.88,0.0626540898873162,0.0245615387852672,"gamma_bin"
"gamma_bin_7.50_4.76","vary_sd",4.76,0.4,FALSE,28,0.75279022252533,0.769403333206398,0.0290666200466843,0.93,0.06230043300933,0.0166131106810675,"gamma_bin"
"gamma_bin_7.50_4.76","vary_sd",4.76,0.4,FALSE,29,0.700207559621297,0.716934095017567,0.0293085283689604,0.91,0.0608606246165326,0.0167265353962702,"gamma_bin"
"gamma_bin_7.50_4.76","vary_sd",4.76,0.4,FALSE,30,0.555254250263291,0.572461154301108,0.0291660207084405,0.9,0.0551836700161352,0.0172069040378173,"gamma_bin"
"gamma_bin_7.50_4.76","vary_sd",4.76,0.4,FALSE,31,0.584462421312083,0.60079065426005,0.0282301112609955,0.96,0.0576496923774677,0.0163282329479669,"gamma_bin"
"gamma_bin_7.50_4.76","vary_sd",4.76,0.4,FALSE,32,0.680311568720764,0.704793604017348,0.0290054000198787,0.92,0.0639497325922468,0.0244820352965842,"gamma_bin"
"gamma_bin_7.50_4.76","vary_sd",4.76,0.4,FALSE,33,0.958980557438332,0.99057548635202,0.0486189589629602,0.83,0.0776605658507988,0.031594928913688,"gamma_bin"
"gamma_bin_7.50_4.76","vary_sd",4.76,0.4,FALSE,34,1.26715241572783,1.27410544438469,0.0416254852788787,0.94,0.089738279738854,0.00695302865686087,"gamma_bin"
"gamma_bin_7.50_4.76","vary_sd",4.76,0.4,FALSE,35,1.32835101120383,1.28501681793448,0.0442161277614724,0.85,0.090789249449296,-0.0433341932693498,"gamma_bin"
"gamma_bin_7.50_4.76","vary_sd",4.76,0.4,FALSE,36,0.820531409863083,0.765956022738131,0.0348294643781556,0.66,0.0698833606236956,-0.0545753871249518,"gamma_bin"
"gamma_bin_7.50_4.76","vary_sd",4.76,0.4,FALSE,37,0.605068218099632,0.56393368113383,0.0332306728507631,0.72,0.0599137574216838,-0.0411345369658017,"gamma_bin"
"gamma_bin_7.50_4.76","vary_sd",4.76,0.4,FALSE,38,0.48061136006007,0.467584752457254,0.0291694537126208,0.9,0.0550075023673071,-0.0130266076028162,"gamma_bin"
"gamma_bin_7.50_4.76","vary_sd",4.76,0.4,FALSE,39,0.729684564655972,0.741445158224216,0.0324125242006354,0.97,0.0705546556873029,0.0117605935682435,"gamma_bin"
"gamma_bin_7.50_4.76","vary_sd",4.76,0.4,FALSE,40,0.815108206288389,0.848025978603899,0.0397951110583878,0.84,0.0770823415529014,0.0329177723155103,"gamma_bin"
"gamma_bin_7.50_4.76","vary_sd",4.76,0.4,FALSE,41,0.615430120554185,0.637253844393091,0.0360965170415491,0.89,0.0681361581792908,0.0218237238389059,"gamma_bin"
"gamma_bin_7.50_4.76","vary_sd",4.76,0.4,FALSE,42,0.7716723572992,0.782648173150536,0.0404047928557143,0.95,0.0770900785027372,0.0109758158513356,"gamma_bin"
"gamma_bin_7.50_4.76","vary_sd",4.76,0.4,FALSE,43,0.638626730193333,0.649191566748067,0.0321236032391815,0.95,0.0716366679491517,0.0105648365547337,"gamma_bin"
"gamma_bin_7.50_4.76","vary_sd",4.76,0.4,FALSE,44,0.502593853100566,0.502778742455553,0.0357585470133347,0.93,0.0643862397161825,0.000184889354987172,"gamma_bin"
"gamma_bin_7.50_4.76","vary_sd",4.76,0.4,FALSE,45,0.419338241890262,0.429736897324145,0.0337213220261604,0.94,0.0610585737779342,0.0103986554338829,"gamma_bin"
"gamma_bin_7.50_4.76","vary_sd",4.76,0.4,FALSE,46,0.532509871825,0.550306456194441,0.0335812545173008,0.94,0.0712909962539236,0.0177965843694414,"gamma_bin"
"gamma_bin_7.50_4.76","vary_sd",4.76,0.4,FALSE,47,0.748139787723446,0.766280502687495,0.0486019353169337,0.91,0.0870345894795414,0.0181407149640488,"gamma_bin"
"gamma_bin_7.50_4.76","vary_sd",4.76,0.4,FALSE,48,0.69956822206096,0.704533339481944,0.0404700310327829,0.96,0.0860896198309209,0.00496511742098382,"gamma_bin"
"gamma_bin_7.50_4.76","vary_sd",4.76,0.4,FALSE,49,0.840598040729289,0.828262381342236,0.0451390030147001,0.96,0.0959972032310881,-0.0123356593870527,"gamma_bin"
"gamma_bin_7.50_4.76","vary_sd",4.76,0.4,FALSE,50,0.60554325949379,0.590557666926728,0.0435315932460571,0.93,0.0829692187598828,-0.0149855925670623,"gamma_bin"
"gamma_bin_7.50_4.76","vary_sd",4.76,0.4,FALSE,51,0.551125264389769,0.528251027371169,0.041517046914244,0.92,0.0803757324663841,-0.0228742370185998,"gamma_bin"
"gamma_bin_7.50_4.76","vary_sd",4.76,0.4,FALSE,52,0.382393923102511,0.372826557254167,0.0315135000266907,0.97,0.0693840398472021,-0.00956736584834433,"gamma_bin"
"gamma_bin_7.50_4.76","vary_sd",4.76,0.4,FALSE,53,0.67600822687436,0.674209019443378,0.0527187063549832,0.95,0.0964226329301556,-0.00179920743098183,"gamma_bin"
"gamma_bin_7.50_4.76","vary_sd",4.76,0.4,FALSE,54,0.673855515926702,0.665851212536897,0.0492207318795509,0.93,0.0990755854409947,-0.00800430338980462,"gamma_bin"
"gamma_bin_7.50_4.76","vary_sd",4.76,0.4,FALSE,55,0.928599757202953,0.926106844973278,0.0571388495494445,0.97,0.120570866862686,-0.00249291222967496,"gamma_bin"
"gamma_bin_7.50_4.76","vary_sd",4.76,0.4,FALSE,56,0.750387184163906,0.729309569123164,0.0557865281522374,0.93,0.109665267386701,-0.0210776150407425,"gamma_bin"
"gamma_bin_7.50_4.76","vary_sd",4.76,0.4,FALSE,57,0.713506443750686,0.687722871487845,0.0624014990215702,0.87,0.108785430972406,-0.025783572262841,"gamma_bin"
"gamma_bin_7.50_4.76","vary_sd",4.76,0.4,FALSE,58,0.492090945289708,0.471197786687012,0.0456937179996796,0.91,0.0919778844710064,-0.0208931586026956,"gamma_bin"
"gamma_bin_7.50_4.76","vary_sd",4.76,0.4,FALSE,59,0.488086622314194,0.475571898249494,0.0570287488853779,0.9,0.0947437522231966,-0.0125147240647002,"gamma_bin"
"gamma_bin_7.50_4.76","vary_sd",4.76,0.4,FALSE,60,0.671814423224244,0.665105087558651,0.0574647353582616,0.91,0.11556554604482,-0.00670933566559273,"gamma_bin"
"gamma_bin_7.50_4.76","vary_sd",4.76,0.4,FALSE,61,0.791713212108865,0.788690681984778,0.073391715669481,0.94,0.129795463139126,-0.00302253012408693,"gamma_bin"
"gamma_bin_7.50_4.76","vary_sd",4.76,0.4,FALSE,62,0.652883007093316,0.660950200610541,0.0624251358646315,0.94,0.122143331032735,0.00806719351722496,"gamma_bin"
"gamma_bin_7.50_4.76","vary_sd",4.76,0.4,FALSE,63,0.61385111269512,0.603699101754228,0.0645425149733374,0.94,0.119762114037963,-0.0101520109408921,"gamma_bin"
"gamma_bin_7.50_4.76","vary_sd",4.76,0.4,FALSE,64,0.74711285306125,0.729072916991212,0.0675860804350685,0.93,0.135220589070281,-0.0180399360700384,"gamma_bin"
"gamma_bin_7.50_4.76","vary_sd",4.76,0.4,FALSE,65,0.706623402762968,0.691885696589631,0.06789226090883,0.95,0.135116051503133,-0.0147377061733374,"gamma_bin"
"gamma_bin_7.50_4.76","vary_sd",4.76,0.4,FALSE,66,0.511807017708403,0.495786356464449,0.0634342573304984,0.92,0.117255264273108,-0.0160206612439543,"gamma_bin"
"gamma_bin_7.50_4.76","vary_sd",4.76,0.4,FALSE,67,0.670522334469821,0.658995000661971,0.0647015351122806,0.94,0.139020580300457,-0.0115273338078504,"gamma_bin"
"gamma_bin_7.50_4.76","vary_sd",4.76,0.4,FALSE,68,1.17241462294142,1.15930695533479,0.0856416868108316,0.98,0.1896746235963,-0.0131076676066322,"gamma_bin"
"gamma_bin_7.50_4.76","vary_sd",4.76,0.4,FALSE,69,1.09873791889337,1.08543402522646,0.0870933283212765,0.96,0.186968944174014,-0.0133038936669072,"gamma_bin"
"gamma_bin_7.50_4.76","vary_sd",4.76,0.4,FALSE,70,0.863932410861542,0.807364394273819,0.0877893403499423,0.91,0.16276147945017,-0.0565680165877234,"gamma_bin"
"gamma_bin_7.50_4.76","vary_sd",4.76,0.4,FALSE,71,0.715028130529259,0.671359211044372,0.0686464440026115,0.96,0.14969076827877,-0.0436689194848873,"gamma_bin"
"gamma_bin_7.50_4.76","vary_sd",4.76,0.4,FALSE,72,0.577764438354966,0.560955687777901,0.0806447682960364,0.92,0.138370348963574,-0.0168087505770653,"gamma_bin"
"gamma_bin_7.50_4.76","vary_sd",4.76,0.4,FALSE,73,0.968013714061152,0.944432598602915,0.0942157051240577,0.94,0.182886498838405,-0.0235811154582375,"gamma_bin"
"gamma_bin_7.50_4.76","vary_sd",4.76,0.4,FALSE,74,0.655296731928532,0.669335760513148,0.0708490883086757,0.97,0.156551685072268,0.0140390285846159,"gamma_bin"
"gamma_bin_7.50_4.76","vary_sd",4.76,0.4,FALSE,75,0.599731609487604,0.608998699287128,0.0791350659538129,0.97,0.151919333386088,0.00926708979952418,"gamma_bin"
"gamma_bin_7.50_4.76","vary_sd",4.76,0.4,FALSE,76,0.795766545904808,0.832099176136536,0.0973906000361741,0.92,0.18130599464647,0.0363326302317282,"gamma_bin"
"gamma_bin_7.50_4.76","vary_sd",4.76,0.4,FALSE,77,0.873622167427323,0.908454957079874,0.0997277166176423,0.91,0.193291537059419,0.0348327896525512,"gamma_bin"
"gamma_bin_7.50_4.76","vary_sd",4.76,0.4,FALSE,78,0.655482440826882,0.660306371636786,0.100546033813923,0.92,0.167308171187403,0.00482393080990351,"gamma_bin"
"gamma_bin_7.50_4.76","vary_sd",4.76,0.4,FALSE,79,0.810569670710955,0.809030288793493,0.0815482459635701,0.99,0.188857532197221,-0.00153938191746195,"gamma_bin"
"gamma_bin_7.50_4.76","vary_sd",4.76,0.4,FALSE,80,0.610411594391532,0.621742309429325,0.0919848798229759,0.91,0.168053136581809,0.011330715037793,"gamma_bin"
"gamma_bin_7.50_4.76","vary_sd",4.76,0.4,FALSE,81,0.859802485503572,0.850665705121307,0.101376854066482,0.95,0.20072194898788,-0.0091367803822654,"gamma_bin"
"gamma_bin_7.50_4.76","vary_sd",4.76,0.4,FALSE,82,0.717893912271731,0.722311922342082,0.0988148685754461,0.95,0.1883628488916,0.0044180100703507,"gamma_bin"
"gamma_bin_7.50_4.76","vary_sd",4.76,0.4,FALSE,83,0.992160969972712,1.00126914721642,0.0956488587554067,0.99,0.226104265686043,0.0091081772437035,"gamma_bin"
"gamma_bin_7.50_4.76","vary_sd",4.76,0.4,FALSE,84,1.12536119877567,1.12873803642004,0.116230564826162,0.98,0.24333629440071,0.00337683764436858,"gamma_bin"
"gamma_bin_7.50_4.76","vary_sd",4.76,0.4,FALSE,85,0.719045149251176,0.712123454277787,0.100261662295649,0.96,0.194608292641153,-0.00692169497338946,"gamma_bin"
"gamma_bin_7.50_4.76","vary_sd",4.76,0.4,FALSE,86,0.847473435579488,0.821517533946128,0.103076490642553,0.98,0.210777667708373,-0.0259559016333596,"gamma_bin"
"gamma_bin_7.50_4.76","vary_sd",4.76,0.4,FALSE,87,0.854973302049258,0.840020022998545,0.117236073920283,0.95,0.215244319006093,-0.0149532790507128,"gamma_bin"
"gamma_bin_7.50_4.76","vary_sd",4.76,0.4,FALSE,88,1.05225780392596,1.06943041934947,0.12558294120357,0.96,0.245695195914301,0.0171726154235141,"gamma_bin"
"gamma_bin_7.50_4.76","vary_sd",4.76,0.4,FALSE,89,0.736216801220608,0.731894448199405,0.119321455262271,0.94,0.204665099565364,-0.00432235302120265,"gamma_bin"
"gamma_bin_7.50_4.76","vary_sd",4.76,0.4,FALSE,90,0.91040746889,0.904753842860258,0.109701878370208,0.97,0.229693957244689,-0.0056536260297424,"gamma_bin"
"gamma_bin_7.50_4.76","vary_sd",4.76,0.4,FALSE,91,0.87534575895404,0.868890386895188,0.109412333031291,0.95,0.227260241538904,-0.00645537205885227,"gamma_bin"
"gamma_bin_7.50_4.76","vary_sd",4.76,0.4,FALSE,92,1.13304443436225,1.13756846917609,0.1279718497277,0.95,0.262645622463741,0.00452403481384112,"gamma_bin"
"gamma_bin_7.50_4.76","vary_sd",4.76,0.4,FALSE,93,0.779596408911112,0.786972359201728,0.1033920688483,0.98,0.219429901692703,0.00737595029061566,"gamma_bin"
"gamma_bin_7.50_4.76","vary_sd",4.76,0.4,FALSE,94,0.738569675828446,0.739588383420968,0.102473178785928,0.99,0.214097549469882,0.00101870759252209,"gamma_bin"
"gamma_bin_7.50_4.76","vary_sd",4.76,0.4,FALSE,95,0.736364931280663,0.742591203759468,0.105604258348717,0.95,0.21654444541563,0.00622627247880458,"gamma_bin"
"gamma_bin_7.50_4.76","vary_sd",4.76,0.4,FALSE,96,0.940445717920046,0.954942603199058,0.122031074803337,0.95,0.248948438279591,0.0144968852790124,"gamma_bin"
"gamma_bin_7.50_4.76","vary_sd",4.76,0.4,FALSE,97,0.926791760743166,0.944794623598651,0.108589244200262,0.98,0.250508493113942,0.0180028628554849,"gamma_bin"
"gamma_bin_7.50_4.76","vary_sd",4.76,0.4,FALSE,98,0.805248809294182,0.809053806740224,0.120963222269588,0.94,0.233756739060759,0.00380499744604224,"gamma_bin"
"gamma_bin_7.50_4.76","vary_sd",4.76,0.4,FALSE,99,0.968943928916511,0.960196406393827,0.140629375353349,0.91,0.257109480065721,-0.00874752252268363,"gamma_bin"
"gamma_bin_7.50_4.76","vary_sd",4.76,0.4,FALSE,100,0.483314411540288,0.481243597693494,0.0842703042526447,0.97,0.183640745036616,-0.00207081384679381,"gamma_bin"
"gamma_bin_7.50_4.76","vary_sd",4.76,0.4,FALSE,101,0.660754209210677,0.661839282732445,0.110040715673758,0.96,0.218859347356026,0.00108507352176757,"gamma_bin"
"gamma_bin_7.50_4.76","vary_sd",4.76,0.4,FALSE,102,0.65572642436151,0.669770576183686,0.11543448590377,0.95,0.224384438846979,0.0140441518221757,"gamma_bin"
"gamma_bin_7.50_4.76","vary_sd",4.76,0.4,FALSE,103,1.19597238563675,1.23998263582622,0.164762892648783,0.92,0.312427552082293,0.0440102501894704,"gamma_bin"
"gamma_bin_7.50_4.76","vary_sd",4.76,0.4,FALSE,104,1.52016047762218,1.58549146303191,0.189592215969311,0.92,0.358033357132785,0.0653309854097261,"gamma_bin"
"gamma_bin_7.50_4.76","vary_sd",4.76,0.4,FALSE,105,1.1030085210386,1.05954592632887,0.15449309908562,0.94,0.29192569450967,-0.0434625947097291,"gamma_bin"
"gamma_bin_7.50_4.76","vary_sd",4.76,0.4,FALSE,106,0.895239451481731,0.841315160126669,0.129449422299364,0.94,0.258183858164508,-0.0539242913550625,"gamma_bin"
"gamma_bin_7.50_4.76","vary_sd",4.76,0.4,FALSE,107,0.603003827128156,0.588031857499726,0.11173047309572,0.95,0.214974276515494,-0.01497196962843,"gamma_bin"
"gamma_bin_7.50_4.76","vary_sd",4.76,0.4,FALSE,108,1.07759954005713,1.05251685621213,0.139017210202734,0.98,0.289764049499843,-0.0250826838449958,"gamma_bin"
"gamma_bin_7.50_4.76","vary_sd",4.76,0.4,FALSE,109,1.67933972630709,1.69725012206602,0.169300535746189,0.95,0.37045893078087,0.0179103957589293,"gamma_bin"
"gamma_bin_7.50_4.76","vary_sd",4.76,0.4,FALSE,110,0.778502984216349,0.794258588007147,0.124349335428861,0.97,0.251463556540388,0.0157556037907979,"gamma_bin"
"gamma_bin_7.50_4.76","vary_sd",4.76,0.4,FALSE,111,0.991989182530735,0.985230000821456,0.135004167670466,0.97,0.278595781404799,-0.00675918170927869,"gamma_bin"
"gamma_bin_7.50_4.76","vary_sd",4.76,0.4,FALSE,112,1.07686506331656,1.07862946690104,0.156150438784497,0.93,0.290654440052425,0.00176440358447771,"gamma_bin"
"gamma_bin_7.50_4.76","vary_sd",4.76,0.4,FALSE,113,0.702387790154813,0.730786154960013,0.114917145223811,0.95,0.238744122549169,0.0283983648051999,"gamma_bin"
"gamma_bin_7.50_4.76","vary_sd",4.76,0.4,FALSE,114,0.976044237490855,1.01753708761183,0.135961389917415,0.96,0.282471815152254,0.0414928501209725,"gamma_bin"
"gamma_bin_7.50_4.76","vary_sd",4.76,0.4,FALSE,115,1.2386571693013,1.24688377599549,0.158287038520539,0.97,0.313853829423512,0.0082266066941894,"gamma_bin"
"gamma_bin_7.50_4.76","vary_sd",4.76,0.4,FALSE,116,1.16178575840714,1.16456236496093,0.162640858931377,0.96,0.30329775374335,0.00277660655378731,"gamma_bin"
"gamma_bin_7.50_4.76","vary_sd",4.76,0.4,FALSE,117,1.19460307270673,1.19856985633051,0.15827668771122,0.92,0.305728505533302,0.00396678362377956,"gamma_bin"
"gamma_bin_7.50_4.76","vary_sd",4.76,0.4,FALSE,118,1.1631999130357,1.1708227443335,0.138786691821676,0.97,0.300122330029988,0.00762283129780394,"gamma_bin"
"gamma_bin_7.50_4.76","vary_sd",4.76,0.4,FALSE,119,1.07031355257977,1.04365190101338,0.159351988847004,0.93,0.280445688291638,-0.0266616515663904,"gamma_bin"
"gamma_bin_7.50_4.76","vary_sd",4.76,0.4,FALSE,120,0.877747847801672,0.862391957618459,0.141848167545535,0.91,0.253220320842851,-0.0153558901832132,"gamma_bin"
"gamma_bin_7.50_4.76","vary_sd",4.76,0.4,FALSE,121,1.36754433627127,1.36981505999145,0.161586267192407,0.94,0.318551257373564,0.00227072372018378,"gamma_bin"
"gamma_bin_7.50_4.76","vary_sd",4.76,0.4,FALSE,122,0.835785870448611,0.850120028445578,0.141301432921038,0.92,0.248847760585262,0.0143341579969674,"gamma_bin"
"gamma_bin_7.50_4.76","vary_sd",4.76,0.4,FALSE,123,1.2672350602796,1.27547766252744,0.147520155463438,0.96,0.30406074909436,0.00824260224784257,"gamma_bin"
"gamma_bin_7.50_4.76","vary_sd",4.76,0.4,FALSE,124,0.96912547878376,1.00015707372759,0.134842023389894,0.96,0.267699099571871,0.0310315949438325,"gamma_bin"
"gamma_bin_7.50_4.76","vary_sd",4.76,0.4,FALSE,125,0.847337032261578,0.874051426131086,0.128777714824472,0.92,0.248830260867451,0.0267143938695082,"gamma_bin"
"gamma_bin_7.50_4.76","vary_sd",4.76,0.4,FALSE,126,0.715562409302676,0.726897277752891,0.106798905371325,0.98,0.226966378518389,0.0113348684502146,"gamma_bin"
"gamma_bin_7.50_4.76","vary_sd",4.76,0.4,FALSE,127,0.947820201198353,0.966387489205672,0.1373944672919,0.95,0.262896344155106,0.0185672880073189,"gamma_bin"
"gamma_bin_7.50_4.76","vary_sd",4.76,0.4,FALSE,128,0.685080159737144,0.711791834604366,0.125411532153042,0.91,0.226815824817578,0.0267116748672218,"gamma_bin"
"gamma_bin_7.50_4.76","vary_sd",4.76,0.4,FALSE,129,0.940715932502657,0.980824194935951,0.146662702769646,0.94,0.269077348612389,0.0401082624332937,"gamma_bin"
"gamma_bin_7.50_4.76","vary_sd",4.76,0.4,FALSE,130,0.882737793731905,0.91969509428874,0.13687685275575,0.94,0.263166889985284,0.0369573005568349,"gamma_bin"
"gamma_bin_7.50_4.76","vary_sd",4.76,0.4,FALSE,131,0.908595801485553,0.89404340517077,0.128028783500556,0.95,0.261645047001165,-0.0145523963147831,"gamma_bin"
"gamma_bin_7.50_4.76","vary_sd",4.76,0.4,FALSE,132,0.91957504082564,0.944933434321605,0.143210492261161,0.94,0.271137662261236,0.0253583934959646,"gamma_bin"
"gamma_bin_7.50_4.76","vary_sd",4.76,0.4,FALSE,133,0.772867637399724,0.771844995063243,0.137480554999633,0.91,0.246507157075106,-0.00102264233648097,"gamma_bin"
"gamma_bin_7.50_4.76","vary_sd",4.76,0.4,FALSE,134,0.85010038418266,0.87010755211025,0.136893508746622,0.93,0.264556787101722,0.0200071679275903,"gamma_bin"
"gamma_bin_7.50_4.76","vary_sd",4.76,0.4,FALSE,135,0.784742304497557,0.811867035189345,0.119974550720221,0.96,0.258276405026041,0.0271247306917878,"gamma_bin"
"gamma_bin_7.50_4.76","vary_sd",4.76,0.4,FALSE,136,0.974662005700731,0.992949679699578,0.14840662741981,0.97,0.288474466986092,0.0182876739988475,"gamma_bin"
"gamma_bin_7.50_4.76","vary_sd",4.76,0.4,FALSE,137,0.984149213306856,0.984998127288853,0.124796800316323,0.97,0.29010683316549,0.000848913981997268,"gamma_bin"
"gamma_bin_7.50_4.76","vary_sd",4.76,0.4,FALSE,138,1.19074372582141,1.17364642659188,0.200006319768706,0.91,0.318330098345298,-0.0170972992295253,"gamma_bin"
"gamma_bin_7.50_4.76","vary_sd",4.76,0.4,FALSE,139,1.38369717355419,1.40382550236481,0.176920930187737,0.96,0.348943164340912,0.0201283288106242,"gamma_bin"
"gamma_bin_7.50_4.76","vary_sd",4.76,0.4,FALSE,140,0.815809623984031,0.795095588453125,0.131850002664218,0.93,0.2606822167435,-0.0207140355309062,"gamma_bin"
"gamma_bin_7.50_4.76","vary_sd",4.76,0.4,FALSE,141,0.948704132009637,0.925377726088029,0.159391562178593,0.93,0.279725009698891,-0.0233264059216081,"gamma_bin"
"gamma_bin_7.50_4.76","vary_sd",4.76,0.4,FALSE,142,0.887909591017245,0.881360789223135,0.136186367295499,0.97,0.273481948857757,-0.00654880179411044,"gamma_bin"
"gamma_bin_7.50_4.76","vary_sd",4.76,0.4,FALSE,143,1.33194554446529,1.3309546856667,0.17892011540244,0.97,0.336978581496743,-0.000990858798594951,"gamma_bin"
"gamma_bin_7.50_4.76","vary_sd",4.76,0.4,FALSE,144,1.33130879278334,1.33603426479067,0.132982203430971,0.99,0.337210785074268,0.0047254720073282,"gamma_bin"
"gamma_bin_7.50_4.76","vary_sd",4.76,0.4,FALSE,145,1.36040798308223,1.33635565778387,0.1657058990041,0.97,0.333875844752474,-0.024052325298364,"gamma_bin"
"gamma_bin_7.50_4.76","vary_sd",4.76,0.4,FALSE,146,1.03071021292377,0.988888854396835,0.167506694400478,0.89,0.282872593236208,-0.0418213585269346,"gamma_bin"
"gamma_bin_7.50_4.76","vary_sd",4.76,0.4,FALSE,147,1.01542172209859,0.967339736182694,0.137047073202343,0.92,0.277085689949665,-0.0480819859158963,"gamma_bin"
"gamma_bin_7.50_4.76","vary_sd",4.76,0.4,FALSE,148,0.918033733511508,0.917069786825178,0.161478072289566,0.9,0.26823311539466,-0.000963946686330264,"gamma_bin"
"gamma_bin_7.50_4.76","vary_sd",4.76,0.4,FALSE,149,0.795399668183425,0.828849470244892,0.129321174429527,0.94,0.254672191786604,0.0334498020614667,"gamma_bin"
"gamma_bin_7.50_4.76","vary_sd",4.76,0.4,FALSE,150,0.94707340630239,1.00703220230412,0.137957786540951,0.96,0.282066146948185,0.0599587960017263,"gamma_bin"
"gamma_bin_7.50_4.76","vary_sd",4.76,0.4,FALSE,151,0.838901742382429,0.855359491311245,0.113447721182224,0.97,0.260587934659034,0.016457748928816,"gamma_bin"
"gamma_bin_7.50_4.76","vary_sd",4.76,0.4,FALSE,152,1.10279545241581,1.14931838632237,0.156925440662004,0.92,0.303984611201839,0.0465229339065614,"gamma_bin"
"gamma_bin_7.50_4.76","vary_sd",4.76,0.4,FALSE,153,1.09815075967234,1.15579388581948,0.17430400508932,0.87,0.304824136636668,0.0576431261471353,"gamma_bin"
"gamma_bin_7.50_4.76","vary_sd",4.76,0.4,FALSE,154,0.933692374106949,0.945436643504295,0.143158234035385,0.93,0.27549184871087,0.0117442693973463,"gamma_bin"
"gamma_bin_7.50_4.76","vary_sd",4.76,0.4,FALSE,155,0.677255280263044,0.681593247103226,0.114128336254706,0.96,0.233792042665316,0.00433796684018173,"gamma_bin"
"gamma_bin_7.50_4.76","vary_sd",4.76,0.4,FALSE,156,0.794315589671576,0.819655326151282,0.129849472492773,0.95,0.257326224937036,0.0253397364797061,"gamma_bin"
"gamma_bin_7.50_4.76","vary_sd",4.76,0.4,FALSE,157,0.863128942217305,0.897202666145402,0.111272817895175,0.98,0.272276673710925,0.0340737239280974,"gamma_bin"
"gamma_bin_7.50_4.76","vary_sd",4.76,0.4,FALSE,158,1.21212682918176,1.26287227381216,0.17385472388886,0.95,0.326048016250391,0.050745444630403,"gamma_bin"
"gamma_bin_7.50_4.76","vary_sd",4.76,0.4,FALSE,159,1.02410139695973,1.01214041889756,0.147459460835247,0.93,0.292184534552775,-0.0119609780621723,"gamma_bin"
"gamma_bin_7.50_4.76","vary_sd",4.76,0.4,FALSE,160,0.905623732385136,0.881620429253417,0.144403563722573,0.9,0.27275819209211,-0.0240033031317189,"gamma_bin"
"gamma_bin_7.50_4.76","vary_sd",4.76,0.4,FALSE,161,0.9116217888269,0.889431026780613,0.140088251085862,0.94,0.274238389015323,-0.0221907620462871,"gamma_bin"
"gamma_bin_7.50_4.76","vary_sd",4.76,0.4,FALSE,162,0.854312926973229,0.860712796545536,0.142839127338513,0.96,0.271487584073451,0.00639986957230732,"gamma_bin"
"gamma_bin_7.50_4.76","vary_sd",4.76,0.4,FALSE,163,0.939537145583715,0.967751105038003,0.13034960263209,0.97,0.290128802693757,0.0282139594542881,"gamma_bin"
"gamma_bin_7.50_4.76","vary_sd",4.76,0.4,FALSE,164,0.80426541937565,0.796446643779193,0.141755353352925,0.95,0.26451015528696,-0.00781877559645705,"gamma_bin"
"gamma_bin_7.50_4.76","vary_sd",4.76,0.4,FALSE,165,1.00142458710162,1.02625046023481,0.141282798117426,0.95,0.302440012077581,0.0248258731331941,"gamma_bin"
"gamma_bin_7.50_4.76","vary_sd",4.76,0.4,FALSE,166,1.22258752675771,1.23404123228081,0.184233432178735,0.94,0.333062736044455,0.0114537055230952,"gamma_bin"
"gamma_bin_7.50_4.76","vary_sd",4.76,0.4,FALSE,167,0.797785738886173,0.821594782942577,0.129424502368053,0.97,0.272709462021674,0.0238090440564039,"gamma_bin"
"gamma_bin_7.50_4.76","vary_sd",4.76,0.4,FALSE,168,1.14984066668627,1.14996745414044,0.166325290242421,0.95,0.322870233842559,0.000126787454174382,"gamma_bin"
"gamma_bin_7.50_4.76","vary_sd",4.76,0.4,FALSE,169,0.760346365617299,0.7323466319437,0.125678786648758,0.97,0.257608287353773,-0.0279997336735991,"gamma_bin"
"gamma_bin_7.50_4.76","vary_sd",4.76,0.4,FALSE,170,1.3742280074719,1.36669510580603,0.196250113902994,0.96,0.353267216464358,-0.00753290166587162,"gamma_bin"
"gamma_bin_7.50_4.76","vary_sd",4.76,0.4,FALSE,171,0.879913573057892,0.886121739217869,0.129749175207148,0.98,0.284113277005934,0.00620816615997666,"gamma_bin"
"gamma_bin_7.50_4.76","vary_sd",4.76,0.4,FALSE,172,1.40469565689074,1.39548493214783,0.181796811634886,0.97,0.356255894515839,-0.00921072474291451,"gamma_bin"
"gamma_bin_7.50_4.76","vary_sd",4.76,0.4,FALSE,173,0.919193449899109,0.92334611854254,0.154008938698017,0.96,0.287728110046234,0.00415266864343145,"gamma_bin"
"gamma_bin_7.50_4.76","vary_sd",4.76,0.4,FALSE,174,0.923151861958846,0.902752924828194,0.142649460013015,0.95,0.282682117703709,-0.0203989371306524,"gamma_bin"
"gamma_bin_7.50_4.76","vary_sd",4.76,0.4,FALSE,175,1.03836327926758,1.01315436744094,0.137944466472171,0.95,0.299494825617039,-0.0252089118266383,"gamma_bin"
"gamma_bin_7.50_4.76","vary_sd",4.76,0.4,FALSE,176,0.9985406934674,1.00978603028078,0.133273626981957,0.98,0.299038636571516,0.0112453368133826,"gamma_bin"
"gamma_bin_7.50_4.76","vary_sd",4.76,0.4,FALSE,177,1.06724188250379,1.09745439303551,0.175949573643512,0.89,0.31136553947934,0.0302125105317248,"gamma_bin"
"gamma_bin_7.50_4.76","vary_sd",4.76,0.4,FALSE,178,0.796484699666055,0.797673553770617,0.149920580271712,0.91,0.265114076172486,0.00118885410456226,"gamma_bin"
"gamma_bin_7.50_4.76","vary_sd",4.76,0.4,FALSE,179,1.1985320355335,1.20095555929299,0.175261578298859,0.94,0.326647895546164,0.00242352375948829,"gamma_bin"
"gamma_bin_7.50_4.76","vary_sd",4.76,0.4,FALSE,180,1.18742100745866,1.25768783241111,0.152800424808724,0.97,0.334630839666474,0.0702668249524541,"gamma_bin"
"gamma_bin_7.50_4.76","vary_sd",4.76,0.4,FALSE,181,1.49419527020498,1.49139720115677,0.187439854682461,0.95,0.362361327254564,-0.00279806904820856,"gamma_bin"
"gamma_bin_7.50_4.76","vary_sd",4.76,0.4,FALSE,182,1.51569869674153,1.45228488461522,0.182432288257841,0.93,0.352847927792481,-0.0634138121263097,"gamma_bin"
"gamma_bin_7.50_4.76","vary_sd",4.76,0.4,FALSE,183,0.993075321330978,0.953088085569693,0.148430520314847,0.97,0.279396976755072,-0.0399872357612846,"gamma_bin"
"gamma_bin_7.50_4.76","vary_sd",4.76,0.4,FALSE,184,0.900892693512611,0.867128095568922,0.146671069507777,0.95,0.263219616145066,-0.0337645979436888,"gamma_bin"
"gamma_bin_7.50_4.76","vary_sd",4.76,0.4,FALSE,185,0.823216687408857,0.840440282636067,0.131712987719391,0.93,0.257695013844765,0.0172235952272101,"gamma_bin"
"gamma_bin_7.50_4.76","vary_sd",4.76,0.4,FALSE,186,1.22622981286846,1.26168747606997,0.163133812002896,0.92,0.315687662290927,0.0354576632015076,"gamma_bin"
"gamma_bin_7.50_4.76","vary_sd",4.76,0.4,FALSE,187,0.917491231652979,0.961638353032037,0.131239022581459,0.92,0.275358622076782,0.0441471213790583,"gamma_bin"
"gamma_bin_7.50_4.76","vary_sd",4.76,0.4,FALSE,188,1.14601430452239,1.17018069039962,0.175681193412314,0.93,0.302899613727025,0.0241663858772265,"gamma_bin"
"gamma_bin_7.50_4.76","vary_sd",4.76,0.4,FALSE,189,1.15018203934659,1.16701556877593,0.14580344121311,0.96,0.3010553950948,0.0168335294293447,"gamma_bin"
"gamma_bin_7.50_4.76","vary_sd",4.76,0.4,FALSE,190,1.13788009197463,1.12128027772316,0.132596183598454,0.95,0.293846780729701,-0.0165998142514678,"gamma_bin"
"gamma_bin_7.50_4.76","vary_sd",4.76,0.4,FALSE,191,1.77821476084602,1.77768963384254,0.185174163952494,0.97,0.367358106236932,-0.000525127003478287,"gamma_bin"
"gamma_bin_7.50_4.76","vary_sd",4.76,0.4,FALSE,192,1.12622467540917,1.10257941223685,0.149747951180266,0.92,0.283535186425458,-0.0236452631723232,"gamma_bin"
"gamma_bin_7.50_4.76","vary_sd",4.76,0.4,FALSE,193,1.63143870001326,1.56473507016091,0.169949945698506,0.91,0.331863850412228,-0.0667036298523456,"gamma_bin"
"gamma_bin_7.50_4.76","vary_sd",4.76,0.4,FALSE,194,1.96133686485764,1.89603660142907,0.185604069462681,0.95,0.357180574277179,-0.0653002634285715,"gamma_bin"
"gamma_bin_7.50_4.76","vary_sd",4.76,0.4,FALSE,195,1.62645944263275,1.53205751771975,0.142040518313357,0.92,0.311445916082468,-0.0944019249130004,"gamma_bin"
"gamma_bin_7.50_4.76","vary_sd",4.76,0.4,FALSE,196,1.22116224956869,1.17101336813052,0.128989122589991,0.94,0.263888161266239,-0.0501488814381705,"gamma_bin"
"gamma_bin_7.50_4.76","vary_sd",4.76,0.4,FALSE,197,1.08513472727433,1.06026507688291,0.117050084220892,0.94,0.244307736211009,-0.0248696503914212,"gamma_bin"
"gamma_bin_7.50_4.76","vary_sd",4.76,0.4,FALSE,198,1.22272793926392,1.21903532401554,0.126366886278125,0.97,0.256884026976311,-0.00369261524838271,"gamma_bin"
"gamma_bin_7.50_4.76","vary_sd",4.76,0.4,FALSE,199,1.29605177368887,1.31006907063442,0.12883550845885,0.94,0.262494762411203,0.014017296945555,"gamma_bin"
"gamma_bin_7.50_4.76","vary_sd",4.76,0.4,FALSE,200,1.66923410820015,1.72603875857052,0.160679815808736,0.9,0.296607228219423,0.0568046503703736,"gamma_bin"
"gamma_bin_7.50_4.76","vary_sd",4.76,0.4,FALSE,201,1.1694237090907,1.17098795049597,0.116982781450711,0.96,0.23848945766339,0.00156424140526523,"gamma_bin"
"gamma_bin_7.50_4.76","vary_sd",4.76,0.4,FALSE,202,1.07879296650834,1.07474800951077,0.121631806769929,0.94,0.22370687816693,-0.00404495699757201,"gamma_bin"
"gamma_bin_7.50_4.76","vary_sd",4.76,0.4,FALSE,203,0.894627487421358,0.87839130119596,0.0979865412385617,0.99,0.19892188847633,-0.0162361862253977,"gamma_bin"
"gamma_bin_7.50_4.76","vary_sd",4.76,0.4,FALSE,204,0.81895014827116,0.845298600841949,0.0978922771368468,0.94,0.193787618001424,0.0263484525707891,"gamma_bin"
"gamma_bin_7.50_4.76","vary_sd",4.76,0.4,FALSE,205,0.966704879629287,1.02699580223683,0.109091452795769,0.95,0.213359586855076,0.0602909226075428,"gamma_bin"
"gamma_bin_7.50_4.76","vary_sd",4.76,0.4,FALSE,206,0.735615178317886,0.769360945580087,0.0917775942404334,0.91,0.184663314374614,0.0337457672622011,"gamma_bin"
"gamma_bin_7.50_4.76","vary_sd",4.76,0.4,FALSE,207,0.854920650119855,0.897720241454354,0.112682545797298,0.91,0.200413958618818,0.0427995913344994,"gamma_bin"
"gamma_bin_7.50_4.76","vary_sd",4.76,0.4,FALSE,208,1.1836252253062,1.23968771099954,0.131827711022565,0.92,0.23729416741281,0.0560624856933387,"gamma_bin"
"gamma_bin_7.50_4.76","vary_sd",4.76,0.4,FALSE,209,1.4603135494891,1.48770589265048,0.119907377401648,0.96,0.260226223687327,0.0273923431613803,"gamma_bin"
"gamma_bin_7.50_4.76","vary_sd",4.76,0.4,FALSE,210,0.828359371463702,0.843346224775669,0.100846038657609,0.93,0.194408967348819,0.0149868533119668,"gamma_bin"
"gamma_bin_7.50_4.76","vary_sd",4.76,0.4,FALSE,211,0.945528169177749,0.927941964966871,0.0939547029855407,0.98,0.202616016760188,-0.0175862042108783,"gamma_bin"
"gamma_bin_7.50_4.76","vary_sd",4.76,0.4,FALSE,212,0.79051319956122,0.785222423764753,0.0895373587568009,0.96,0.185824894558546,-0.00529077579646708,"gamma_bin"
"gamma_bin_7.50_4.76","vary_sd",4.76,0.4,FALSE,213,1.43201623771777,1.45588623615613,0.132370472303736,0.97,0.25385106735196,0.0238699984383592,"gamma_bin"
"gamma_bin_7.50_4.76","vary_sd",4.76,0.4,FALSE,214,1.11428897280893,1.13597328022234,0.118410146552368,0.93,0.223130710083619,0.0216843074134068,"gamma_bin"
"gamma_bin_7.50_4.76","vary_sd",4.76,0.4,FALSE,215,1.11572179995221,1.09809405687349,0.12797747190433,0.93,0.21793265358214,-0.0176277430787175,"gamma_bin"
"gamma_bin_7.50_4.76","vary_sd",4.76,0.4,FALSE,216,1.45327758905901,1.43632118776639,0.131293529021062,0.93,0.247167490833742,-0.016956401292624,"gamma_bin"
"gamma_bin_7.50_4.76","vary_sd",4.76,0.4,FALSE,217,1.1420673106557,1.11703120917674,0.0943964002000162,0.98,0.215174041575394,-0.0250361014789593,"gamma_bin"
"gamma_bin_7.50_4.76","vary_sd",4.76,0.4,FALSE,218,0.657966158830962,0.648723496341204,0.0743150412080542,0.95,0.162017496787441,-0.00924266248975758,"gamma_bin"
"gamma_bin_7.50_4.76","vary_sd",4.76,0.4,FALSE,219,1.3705780170681,1.39690978555606,0.111976744743433,0.96,0.237019212818553,0.0263317684879649,"gamma_bin"
"gamma_bin_7.50_4.76","vary_sd",4.76,0.4,FALSE,220,1.12178323201924,1.15027788106575,0.106544680506667,0.96,0.213746338630608,0.0284946490465086,"gamma_bin"
"gamma_bin_7.50_4.76","vary_sd",4.76,0.4,FALSE,221,1.82150678776182,1.81788804204616,0.120995991800061,0.98,0.266744157221043,-0.00361874571566245,"gamma_bin"
"gamma_bin_7.50_4.76","vary_sd",4.76,0.4,FALSE,222,1.47822233790926,1.44067642246989,0.119464239523954,0.94,0.232389010671991,-0.037545915439366,"gamma_bin"
"gamma_bin_7.50_4.76","vary_sd",4.76,0.4,FALSE,223,1.2291381002976,1.16387141296208,0.102141360848407,0.94,0.203841494621039,-0.0652666873355163,"gamma_bin"
"gamma_bin_7.50_4.76","vary_sd",4.76,0.4,FALSE,224,1.39168397860736,1.33622897954342,0.114169673405061,0.91,0.213625367899026,-0.0554549990639415,"gamma_bin"
"gamma_bin_7.50_4.76","vary_sd",4.76,0.4,FALSE,225,1.02693213453622,1.02545863851616,0.0858670703625901,0.96,0.183482836392546,-0.0014734960200633,"gamma_bin"
"gamma_bin_7.50_4.76","vary_sd",4.76,0.4,FALSE,226,0.944477107231107,0.943411281408562,0.0829574241416794,0.97,0.173546281937197,-0.00106582582254477,"gamma_bin"
"gamma_bin_7.50_4.76","vary_sd",4.76,0.4,FALSE,227,0.88294479567521,0.898340982883228,0.0936984688962111,0.92,0.167788021866412,0.0153961872080175,"gamma_bin"
"gamma_bin_7.50_4.76","vary_sd",4.76,0.4,FALSE,228,1.2545287150813,1.31079884360984,0.103497388930552,0.94,0.202313620746787,0.0562701285285354,"gamma_bin"
"gamma_bin_7.50_4.76","vary_sd",4.76,0.4,FALSE,229,1.46483936058861,1.5075697165071,0.120072174518251,0.91,0.215742793475432,0.04273035591849,"gamma_bin"
"gamma_bin_7.50_4.76","vary_sd",4.76,0.4,FALSE,230,1.5106771494413,1.50732390818134,0.0949943504508438,0.99,0.212895340745138,-0.00335324125995817,"gamma_bin"
"gamma_bin_7.50_4.76","vary_sd",4.76,0.4,FALSE,231,1.76125096519109,1.71594192552341,0.10387158051396,0.96,0.222459552453884,-0.0453090396676841,"gamma_bin"
"gamma_bin_7.50_4.76","vary_sd",4.76,0.4,FALSE,232,1.40611418271408,1.35131876793233,0.0874215188905014,0.95,0.191759768199316,-0.0547954147817451,"gamma_bin"
"gamma_bin_7.50_4.76","vary_sd",4.76,0.4,FALSE,233,1.50840807515769,1.44447259911887,0.0934253634865744,0.92,0.192751552737989,-0.0639354760388202,"gamma_bin"
"gamma_bin_7.50_4.76","vary_sd",4.76,0.4,FALSE,234,2.14812836507422,2.07345562028728,0.111707318069456,0.91,0.224857916193051,-0.0746727447869358,"gamma_bin"
"gamma_bin_7.50_4.76","vary_sd",4.76,0.4,FALSE,235,1.77318978695313,1.69987346902525,0.110841716863743,0.83,0.196155984406512,-0.0733163179278795,"gamma_bin"
"gamma_bin_7.50_4.76","vary_sd",4.76,0.4,FALSE,236,1.73485405696823,1.64158690963507,0.103516674472742,0.78,0.185202276941544,-0.093267147333159,"gamma_bin"
"gamma_bin_7.50_4.76","vary_sd",4.76,0.4,FALSE,237,1.62270455030168,1.55152455187216,0.0866349865661189,0.89,0.173174394588246,-0.0711799984295234,"gamma_bin"
"gamma_bin_7.50_4.76","vary_sd",4.76,0.4,FALSE,238,1.18127386711031,1.1287336123134,0.074274342204108,0.86,0.142367573042303,-0.0525402547969052,"gamma_bin"
"gamma_bin_7.50_4.76","vary_sd",4.76,0.4,FALSE,239,1.18467641337506,1.18433386168559,0.0765679404359989,0.96,0.141748144073703,-0.000342551689467729,"gamma_bin"
"gamma_bin_7.50_4.76","vary_sd",4.76,0.4,FALSE,240,1.41686704734357,1.44317531325063,0.0920923983309504,0.86,0.153455000416967,0.026308265907059,"gamma_bin"
"gamma_bin_7.50_4.76","vary_sd",4.76,0.4,FALSE,241,1.25638994428988,1.28668159237464,0.0690371719125469,0.96,0.141882068393507,0.030291648084757,"gamma_bin"
"gamma_bin_7.50_4.76","vary_sd",4.76,0.4,FALSE,242,1.12129644908568,1.15369836957649,0.06846610614226,0.92,0.131730989788888,0.0324019204908106,"gamma_bin"
"gamma_bin_7.50_4.76","vary_sd",4.76,0.4,FALSE,243,1.35471671225519,1.371728586324,0.0674283030855754,0.97,0.141096171720715,0.0170118740688123,"gamma_bin"
"gamma_bin_7.50_4.76","vary_sd",4.76,0.4,FALSE,244,1.01075153524685,1.01835734846732,0.0672200655132993,0.92,0.119504697680092,0.00760581322046838,"gamma_bin"
"gamma_bin_7.50_4.76","vary_sd",4.76,0.4,FALSE,245,1.09871605480815,1.10417304225616,0.059650507669998,0.95,0.122869840975813,0.00545698744801126,"gamma_bin"
"gamma_bin_7.50_4.76","vary_sd",4.76,0.4,FALSE,246,1.01869442350015,1.03443802056939,0.0602026305040865,0.91,0.117763120235666,0.0157435970692379,"gamma_bin"
"gamma_bin_7.50_4.76","vary_sd",4.76,0.4,FALSE,247,0.933319674797869,0.949449463416386,0.0570049293707918,0.94,0.111856464322654,0.0161297886185168,"gamma_bin"
"gamma_bin_7.50_4.76","vary_sd",4.76,0.4,FALSE,248,1.07523379129616,1.10930898056642,0.0666256586083247,0.88,0.120598442995153,0.034075189270256,"gamma_bin"
"gamma_bin_7.50_4.76","vary_sd",4.76,0.4,FALSE,249,1.30371060738913,1.33139059815163,0.0601474481388733,0.96,0.131692665168641,0.0276799907624952,"gamma_bin"
"gamma_bin_7.50_4.76","vary_sd",4.76,0.4,FALSE,250,1.41728039570922,1.422100540961,0.066629128379569,0.95,0.134909635175696,0.00482014525178043,"gamma_bin"
"gamma_bin_7.50_4.76","vary_sd",4.76,0.4,FALSE,251,1.14476257942982,1.12969423800074,0.0610584400495138,0.96,0.11857237198039,-0.0150683414290771,"gamma_bin"
"gamma_bin_7.50_4.76","vary_sd",4.76,0.4,FALSE,252,1.28960282315637,1.264592977683,0.0642248711734408,0.88,0.123534468943461,-0.0250098454733723,"gamma_bin"
"gamma_bin_7.50_4.76","vary_sd",4.76,0.4,FALSE,253,1.41166776000313,1.38478121374434,0.0617078022555945,0.95,0.127481192625147,-0.0268865462587924,"gamma_bin"
"gamma_bin_7.50_5.44","vary_sd",5.44,0.6,FALSE,8,1.22915300707766,1.2312814932962,0.0562721089652683,0.97,0.109589276443367,0.00212848621853756,"gamma_bin"
"gamma_bin_7.50_5.44","vary_sd",5.44,0.6,FALSE,9,2.39912444733293,2.45821950943073,0.0657347821836701,0.92,0.148469945810756,0.0590950620978012,"gamma_bin"
"gamma_bin_7.50_5.44","vary_sd",5.44,0.6,FALSE,10,1.19488455941613,1.19385905889114,0.0413608476084595,0.98,0.0972515911820389,-0.00102550052498707,"gamma_bin"
"gamma_bin_7.50_5.44","vary_sd",5.44,0.6,FALSE,11,1.32901937043135,1.35061093496673,0.0530695005110621,0.93,0.0997494222640505,0.021591564535375,"gamma_bin"
"gamma_bin_7.50_5.44","vary_sd",5.44,0.6,FALSE,12,1.45964563283974,1.51011231980346,0.0541669836647757,0.81,0.102428990797259,0.0504666869637231,"gamma_bin"
"gamma_bin_7.50_5.44","vary_sd",5.44,0.6,FALSE,13,1.71536377425759,1.7839031063156,0.0545157248893897,0.78,0.108018438292215,0.0685393320580097,"gamma_bin"
"gamma_bin_7.50_5.44","vary_sd",5.44,0.6,FALSE,14,1.05186283321434,1.07307876914135,0.04281809899856,0.91,0.0806546717255089,0.0212159359270081,"gamma_bin"
"gamma_bin_7.50_5.44","vary_sd",5.44,0.6,FALSE,15,1.02513341063733,1.04364609383174,0.0416582986060148,0.97,0.0778239187032826,0.0185126831944074,"gamma_bin"
"gamma_bin_7.50_5.44","vary_sd",5.44,0.6,FALSE,16,1.25256084138212,1.31167633508186,0.0423486242514679,0.73,0.0860956859559769,0.05911549369974,"gamma_bin"
"gamma_bin_7.50_5.44","vary_sd",5.44,0.6,FALSE,17,1.2152968085526,1.27461330430312,0.0427640499861142,0.68,0.0834762448513156,0.0593164957505228,"gamma_bin"
"gamma_bin_7.50_5.44","vary_sd",5.44,0.6,FALSE,18,0.979262007308338,1.01516733664477,0.0398780944087562,0.85,0.0732429953157758,0.0359053293364344,"gamma_bin"
"gamma_bin_7.50_5.44","vary_sd",5.44,0.6,FALSE,19,1.02548164174434,1.05676363180775,0.037804379536752,0.86,0.0740145167266146,0.0312819900634145,"gamma_bin"
"gamma_bin_7.50_5.44","vary_sd",5.44,0.6,FALSE,20,1.03937017525567,1.08016468811388,0.0366254268018791,0.78,0.0742987199314997,0.0407945128582092,"gamma_bin"
"gamma_bin_7.50_5.44","vary_sd",5.44,0.6,FALSE,21,1.31708921089394,1.36309556071048,0.0421871393627585,0.82,0.0829207830227473,0.0460063498165411,"gamma_bin"
"gamma_bin_7.50_5.44","vary_sd",5.44,0.6,FALSE,22,1.01629528374106,1.0319856601258,0.0342097780451407,0.97,0.0711363778141931,0.0156903763847369,"gamma_bin"
"gamma_bin_7.50_5.44","vary_sd",5.44,0.6,FALSE,23,0.750244244564339,0.754776816585573,0.0294920948865243,0.96,0.0603164514175568,0.0045325720212338,"gamma_bin"
"gamma_bin_7.50_5.44","vary_sd",5.44,0.6,FALSE,24,0.686827825813118,0.706482833304011,0.0295862893387239,0.9,0.0584947020484267,0.0196550074908934,"gamma_bin"
"gamma_bin_7.50_5.44","vary_sd",5.44,0.6,FALSE,25,1.09141067495798,1.15314290033789,0.0359648197739781,0.66,0.0754565093699458,0.0617322253799084,"gamma_bin"
"gamma_bin_7.50_5.44","vary_sd",5.44,0.6,FALSE,26,0.74108150094242,0.770389828613492,0.0336084868666854,0.83,0.0617021704324898,0.0293083276710716,"gamma_bin"
"gamma_bin_7.50_5.44","vary_sd",5.44,0.6,FALSE,27,0.768558244559202,0.803417173778258,0.0332152181873462,0.79,0.0634673042224467,0.0348589292190558,"gamma_bin"
"gamma_bin_7.50_5.44","vary_sd",5.44,0.6,FALSE,28,0.75279022252533,0.779672234214854,0.0295054557264151,0.87,0.0631318078943639,0.0268820116895241,"gamma_bin"
"gamma_bin_7.50_5.44","vary_sd",5.44,0.6,FALSE,29,0.700207559621297,0.726373628150041,0.0297559699632615,0.86,0.0616617813106375,0.0261660685287437,"gamma_bin"
"gamma_bin_7.50_5.44","vary_sd",5.44,0.6,FALSE,30,0.555254250263291,0.580093339979083,0.0295951162282294,0.86,0.0559192127899496,0.0248390897157916,"gamma_bin"
"gamma_bin_7.50_5.44","vary_sd",5.44,0.6,FALSE,31,0.584462421312083,0.610528964027669,0.0286637678514265,0.88,0.0585841277547576,0.0260665427155855,"gamma_bin"
"gamma_bin_7.50_5.44","vary_sd",5.44,0.6,FALSE,32,0.680311568720764,0.717313205245825,0.0295118402124361,0.85,0.0650856686258659,0.0370016365250607,"gamma_bin"
"gamma_bin_7.50_5.44","vary_sd",5.44,0.6,FALSE,33,0.958980557438332,1.00370396958856,0.0494843100331114,0.74,0.0786894455143533,0.0447234121502317,"gamma_bin"
"gamma_bin_7.50_5.44","vary_sd",5.44,0.6,FALSE,34,1.26715241572783,1.27541669237523,0.0417387557679687,0.93,0.0898305253614858,0.00826427664739571,"gamma_bin"
"gamma_bin_7.50_5.44","vary_sd",5.44,0.6,FALSE,35,1.32835101120383,1.26641954484203,0.0435882203600462,0.74,0.0894752603642066,-0.0619314663617985,"gamma_bin"
"gamma_bin_7.50_5.44","vary_sd",5.44,0.6,FALSE,36,0.820531409863083,0.747721666584581,0.0339669833839752,0.54,0.0682195672639212,-0.0728097432785023,"gamma_bin"
"gamma_bin_7.50_5.44","vary_sd",5.44,0.6,FALSE,37,0.605068218099632,0.555210785771642,0.0327239604162842,0.61,0.0589868116479478,-0.0498574323279904,"gamma_bin"
"gamma_bin_7.50_5.44","vary_sd",5.44,0.6,FALSE,38,0.48061136006007,0.466929424588587,0.0291541213625131,0.89,0.054930191779081,-0.0136819354714834,"gamma_bin"
"gamma_bin_7.50_5.44","vary_sd",5.44,0.6,FALSE,39,0.729684564655972,0.749673924041507,0.0328216282957777,0.94,0.0713375072262781,0.0199893593855349,"gamma_bin"
"gamma_bin_7.50_5.44","vary_sd",5.44,0.6,FALSE,40,0.815108206288389,0.85787408330995,0.0405257566389057,0.79,0.0779767540631444,0.0427658770215605,"gamma_bin"
"gamma_bin_7.50_5.44","vary_sd",5.44,0.6,FALSE,41,0.615430120554185,0.640928922421023,0.0363786240844237,0.87,0.0685288320840897,0.0254988018668378,"gamma_bin"
"gamma_bin_7.50_5.44","vary_sd",5.44,0.6,FALSE,42,0.7716723572992,0.787114431444863,0.0408291417491084,0.95,0.0775293151894292,0.0154420741456632,"gamma_bin"
"gamma_bin_7.50_5.44","vary_sd",5.44,0.6,FALSE,43,0.638626730193333,0.650721589914201,0.0321574850398653,0.95,0.0718052831426325,0.0120948597208682,"gamma_bin"
"gamma_bin_7.50_5.44","vary_sd",5.44,0.6,FALSE,44,0.502593853100566,0.50418698100758,0.035962186989956,0.92,0.0645657659149934,0.00159312790701427,"gamma_bin"
"gamma_bin_7.50_5.44","vary_sd",5.44,0.6,FALSE,45,0.419338241890262,0.432605525495807,0.0339791073927216,0.9,0.0614654875584689,0.0132672836055451,"gamma_bin"
"gamma_bin_7.50_5.44","vary_sd",5.44,0.6,FALSE,46,0.532509871825,0.556372534139838,0.0340116215694048,0.91,0.072075870168139,0.0238626623148382,"gamma_bin"
"gamma_bin_7.50_5.44","vary_sd",5.44,0.6,FALSE,47,0.748139787723446,0.773757354801035,0.049072730948309,0.9,0.087883073460779,0.0256175670775891,"gamma_bin"
"gamma_bin_7.50_5.44","vary_sd",5.44,0.6,FALSE,48,0.69956822206096,0.705252123719311,0.0405929271896436,0.95,0.0861763538240743,0.0056839016583512,"gamma_bin"
"gamma_bin_7.50_5.44","vary_sd",5.44,0.6,FALSE,49,0.840598040729289,0.823926371221383,0.0449402418431792,0.95,0.0954939423763908,-0.016671669507906,"gamma_bin"
"gamma_bin_7.50_5.44","vary_sd",5.44,0.6,FALSE,50,0.60554325949379,0.583465469673462,0.043317359361637,0.94,0.0819706496876876,-0.0220777898203278,"gamma_bin"
"gamma_bin_7.50_5.44","vary_sd",5.44,0.6,FALSE,51,0.551125264389769,0.522745950057305,0.0410105738615992,0.91,0.0795379044346544,-0.028379314332464,"gamma_bin"
"gamma_bin_7.50_5.44","vary_sd",5.44,0.6,FALSE,52,0.382393923102511,0.370620195224827,0.0313225049872788,0.97,0.068972620864596,-0.0117737278776844,"gamma_bin"
"gamma_bin_7.50_5.44","vary_sd",5.44,0.6,FALSE,53,0.67600822687436,0.674944251364185,0.0527905177605201,0.95,0.0965262336246433,-0.00106397551017479,"gamma_bin"
"gamma_bin_7.50_5.44","vary_sd",5.44,0.6,FALSE,54,0.673855515926702,0.664158045242137,0.0490052987978049,0.93,0.0988225834420351,-0.00969747068456517,"gamma_bin"
"gamma_bin_7.50_5.44","vary_sd",5.44,0.6,FALSE,55,0.928599757202953,0.919426920348367,0.0571307061628477,0.96,0.119697615974972,-0.00917283685458548,"gamma_bin"
"gamma_bin_7.50_5.44","vary_sd",5.44,0.6,FALSE,56,0.750387184163906,0.717229366608582,0.055169315989768,0.92,0.107845674799328,-0.0331578175553242,"gamma_bin"
"gamma_bin_7.50_5.44","vary_sd",5.44,0.6,FALSE,57,0.713506443750686,0.675013388036847,0.0613425230538323,0.85,0.10677347573694,-0.0384930557138389,"gamma_bin"
"gamma_bin_7.50_5.44","vary_sd",5.44,0.6,FALSE,58,0.492090945289708,0.463338947088341,0.0448439879302724,0.9,0.0904440758085793,-0.0287519982013668,"gamma_bin"
"gamma_bin_7.50_5.44","vary_sd",5.44,0.6,FALSE,59,0.488086622314194,0.471290748553712,0.0565503852471392,0.89,0.0938896278623147,-0.0167958737604825,"gamma_bin"
"gamma_bin_7.50_5.44","vary_sd",5.44,0.6,FALSE,60,0.671814423224244,0.6630546717663,0.057262014609608,0.91,0.115207736615302,-0.0087597514579435,"gamma_bin"
"gamma_bin_7.50_5.44","vary_sd",5.44,0.6,FALSE,61,0.791713212108865,0.784787765889909,0.073064448242132,0.94,0.129151651211007,-0.00692544621895574,"gamma_bin"
"gamma_bin_7.50_5.44","vary_sd",5.44,0.6,FALSE,62,0.652883007093316,0.653691715195292,0.0616993885471824,0.94,0.120800726152984,0.000808708101976419,"gamma_bin"
"gamma_bin_7.50_5.44","vary_sd",5.44,0.6,FALSE,63,0.61385111269512,0.596252766987105,0.0636909605390638,0.92,0.118283302229886,-0.0175983457080148,"gamma_bin"
"gamma_bin_7.50_5.44","vary_sd",5.44,0.6,FALSE,64,0.74711285306125,0.721479094947677,0.0671398995663857,0.95,0.133807117925189,-0.0256337581135728,"gamma_bin"
"gamma_bin_7.50_5.44","vary_sd",5.44,0.6,FALSE,65,0.706623402762968,0.68418262016578,0.0673118458663558,0.94,0.133607737505014,-0.0224407825971883,"gamma_bin"
"gamma_bin_7.50_5.44","vary_sd",5.44,0.6,FALSE,66,0.511807017708403,0.490473666023983,0.0626532132706325,0.91,0.115999891578392,-0.0213333516844201,"gamma_bin"
"gamma_bin_7.50_5.44","vary_sd",5.44,0.6,FALSE,67,0.670522334469821,0.655275386635361,0.0646854343349901,0.94,0.138230348104535,-0.0152469478344598,"gamma_bin"
"gamma_bin_7.50_5.44","vary_sd",5.44,0.6,FALSE,68,1.17241462294142,1.15237773583832,0.0855792734359051,0.98,0.188533579809703,-0.0200368871031031,"gamma_bin"
"gamma_bin_7.50_5.44","vary_sd",5.44,0.6,FALSE,69,1.09873791889337,1.06442013212212,0.08573075256776,0.96,0.18334339532513,-0.0343177867712461,"gamma_bin"
"gamma_bin_7.50_5.44","vary_sd",5.44,0.6,FALSE,70,0.863932410861542,0.786043051269645,0.0856226735157286,0.84,0.158458785125208,-0.0778893595918971,"gamma_bin"
"gamma_bin_7.50_5.44","vary_sd",5.44,0.6,FALSE,71,0.715028130529259,0.656744202832893,0.0673107341638672,0.92,0.146427273486819,-0.058283927696366,"gamma_bin"
"gamma_bin_7.50_5.44","vary_sd",5.44,0.6,FALSE,72,0.577764438354966,0.553833130782461,0.0798423897914386,0.9,0.136606404121609,-0.0239313075725052,"gamma_bin"
"gamma_bin_7.50_5.44","vary_sd",5.44,0.6,FALSE,73,0.968013714061152,0.942203392373021,0.0941410287728336,0.94,0.182446046684567,-0.025810321688131,"gamma_bin"
"gamma_bin_7.50_5.44","vary_sd",5.44,0.6,FALSE,74,0.655296731928532,0.666003668972852,0.0707187911131121,0.98,0.155763916525486,0.0107069370443202,"gamma_bin"
"gamma_bin_7.50_5.44","vary_sd",5.44,0.6,FALSE,75,0.599731609487604,0.607690560829768,0.0791410124986944,0.97,0.151585520833723,0.00795895134216407,"gamma_bin"
"gamma_bin_7.50_5.44","vary_sd",5.44,0.6,FALSE,76,0.795766545904808,0.833654288178575,0.0977244587235116,0.92,0.181636046552525,0.0378877422737672,"gamma_bin"
"gamma_bin_7.50_5.44","vary_sd",5.44,0.6,FALSE,77,0.873622167427323,0.907390564761672,0.0989008676974308,0.91,0.193066557108023,0.0337683973343493,"gamma_bin"
"gamma_bin_7.50_5.44","vary_sd",5.44,0.6,FALSE,78,0.655482440826882,0.656477823313404,0.100152293170347,0.92,0.166331058356862,0.000995382486521756,"gamma_bin"
"gamma_bin_7.50_5.44","vary_sd",5.44,0.6,FALSE,79,0.810569670710955,0.806600186598981,0.0815751448427972,0.99,0.188285118672157,-0.00396948411197384,"gamma_bin"
"gamma_bin_7.50_5.44","vary_sd",5.44,0.6,FALSE,80,0.610411594391532,0.619692530580245,0.0919760212289258,0.9,0.167488325500809,0.00928093618871328,"gamma_bin"
"gamma_bin_7.50_5.44","vary_sd",5.44,0.6,FALSE,81,0.859802485503572,0.8509504409581,0.1017573146934,0.95,0.200781288898097,-0.00885204454547239,"gamma_bin"
"gamma_bin_7.50_5.44","vary_sd",5.44,0.6,FALSE,82,0.717893912271731,0.720465172058494,0.098962938003369,0.96,0.187872091410171,0.00257125978676254,"gamma_bin"
"gamma_bin_7.50_5.44","vary_sd",5.44,0.6,FALSE,83,0.992160969972712,0.998587126676269,0.0957389590876433,0.99,0.225489790824719,0.00642615670355673,"gamma_bin"
"gamma_bin_7.50_5.44","vary_sd",5.44,0.6,FALSE,84,1.12536119877567,1.11892670142261,0.115924567424727,0.98,0.241203683036535,-0.00643449735306367,"gamma_bin"
"gamma_bin_7.50_5.44","vary_sd",5.44,0.6,FALSE,85,0.719045149251176,0.700752282922655,0.0989698952133833,0.96,0.191488432053273,-0.0182928663285211,"gamma_bin"
"gamma_bin_7.50_5.44","vary_sd",5.44,0.6,FALSE,86,0.847473435579488,0.813522949039674,0.102010470967329,0.97,0.208716472367958,-0.0339504865398138,"gamma_bin"
"gamma_bin_7.50_5.44","vary_sd",5.44,0.6,FALSE,87,0.854973302049258,0.835190767239129,0.116836915208532,0.94,0.213995859846458,-0.0197825348101293,"gamma_bin"
"gamma_bin_7.50_5.44","vary_sd",5.44,0.6,FALSE,88,1.05225780392596,1.06554327629481,0.125666073138827,0.94,0.244788869693694,0.0132854723688507,"gamma_bin"
"gamma_bin_7.50_5.44","vary_sd",5.44,0.6,FALSE,89,0.736216801220608,0.725926495586128,0.118631533213289,0.94,0.202985241465307,-0.0102903056344801,"gamma_bin"
"gamma_bin_7.50_5.44","vary_sd",5.44,0.6,FALSE,90,0.91040746889,0.901479886175932,0.10914300087956,0.97,0.228854547443122,-0.00892758271406802,"gamma_bin"
"gamma_bin_7.50_5.44","vary_sd",5.44,0.6,FALSE,91,0.87534575895404,0.866326178510749,0.109592709229006,0.95,0.226572482689177,-0.00901958044329088,"gamma_bin"
"gamma_bin_7.50_5.44","vary_sd",5.44,0.6,FALSE,92,1.13304443436225,1.13503971537096,0.127941506910308,0.95,0.262053503833507,0.00199528100870761,"gamma_bin"
"gamma_bin_7.50_5.44","vary_sd",5.44,0.6,FALSE,93,0.779596408911112,0.780713142506866,0.103517158110128,0.96,0.217660319350149,0.00111673359575404,"gamma_bin"
"gamma_bin_7.50_5.44","vary_sd",5.44,0.6,FALSE,94,0.738569675828446,0.736576575902935,0.102109101638392,0.99,0.213218797308557,-0.00199309992551144,"gamma_bin"
"gamma_bin_7.50_5.44","vary_sd",5.44,0.6,FALSE,95,0.736364931280663,0.743735492933013,0.105535296356139,0.95,0.216872760579607,0.00737056165235017,"gamma_bin"
"gamma_bin_7.50_5.44","vary_sd",5.44,0.6,FALSE,96,0.940445717920046,0.959972998272285,0.122722909161042,0.95,0.250249524704843,0.0195272803522388,"gamma_bin"
"gamma_bin_7.50_5.44","vary_sd",5.44,0.6,FALSE,97,0.926791760743166,0.94627735846631,0.109349151322062,0.98,0.25087821127716,0.0194855977231444,"gamma_bin"
"gamma_bin_7.50_5.44","vary_sd",5.44,0.6,FALSE,98,0.805248809294182,0.807501740974418,0.120794072381194,0.94,0.23329697605193,0.00225293168023599,"gamma_bin"
"gamma_bin_7.50_5.44","vary_sd",5.44,0.6,FALSE,99,0.968943928916511,0.959942046455047,0.141172172901123,0.92,0.257026055439368,-0.00900188246146449,"gamma_bin"
"gamma_bin_7.50_5.44","vary_sd",5.44,0.6,FALSE,100,0.483314411540288,0.480181227374221,0.084163737569295,0.97,0.183233792947848,-0.00313318416606745,"gamma_bin"
"gamma_bin_7.50_5.44","vary_sd",5.44,0.6,FALSE,101,0.660754209210677,0.666986870988096,0.110963553789655,0.95,0.220564877006227,0.00623266177741888,"gamma_bin"
"gamma_bin_7.50_5.44","vary_sd",5.44,0.6,FALSE,102,0.65572642436151,0.677332109152391,0.117251410992932,0.93,0.22690099755142,0.0216056847908813,"gamma_bin"
"gamma_bin_7.50_5.44","vary_sd",5.44,0.6,FALSE,103,1.19597238563675,1.25390135127031,0.167213850815766,0.91,0.315917706202316,0.0579289656335644,"gamma_bin"
"gamma_bin_7.50_5.44","vary_sd",5.44,0.6,FALSE,104,1.52016047762218,1.57854968923324,0.188421039481106,0.93,0.356463073497662,0.058389211611062,"gamma_bin"
"gamma_bin_7.50_5.44","vary_sd",5.44,0.6,FALSE,105,1.1030085210386,1.03430028692598,0.151117523372821,0.92,0.284969471799818,-0.0687082341126195,"gamma_bin"
"gamma_bin_7.50_5.44","vary_sd",5.44,0.6,FALSE,106,0.895239451481731,0.822118452155823,0.126904749444798,0.91,0.252281210539413,-0.0731209993259075,"gamma_bin"
"gamma_bin_7.50_5.44","vary_sd",5.44,0.6,FALSE,107,0.603003827128156,0.58060357018247,0.110729638887157,0.96,0.212238046500534,-0.0224002569456855,"gamma_bin"
"gamma_bin_7.50_5.44","vary_sd",5.44,0.6,FALSE,108,1.07759954005713,1.05476123563538,0.139639484625857,0.98,0.290363480075683,-0.0228383044217535,"gamma_bin"
"gamma_bin_7.50_5.44","vary_sd",5.44,0.6,FALSE,109,1.67933972630709,1.6987191528497,0.169207371771357,0.95,0.370763063504327,0.0193794265426068,"gamma_bin"
"gamma_bin_7.50_5.44","vary_sd",5.44,0.6,FALSE,110,0.778502984216349,0.780693576097064,0.122993872277409,0.96,0.247142790853239,0.00219059188071513,"gamma_bin"
"gamma_bin_7.50_5.44","vary_sd",5.44,0.6,FALSE,111,0.991989182530735,0.976159810071583,0.134555859543151,0.98,0.276004975850183,-0.0158293724591523,"gamma_bin"
"gamma_bin_7.50_5.44","vary_sd",5.44,0.6,FALSE,112,1.07686506331656,1.07417198054072,0.155953340942685,0.93,0.289429339574114,-0.00269308277583913,"gamma_bin"
"gamma_bin_7.50_5.44","vary_sd",5.44,0.6,FALSE,113,0.702387790154813,0.72841333957623,0.114946731661783,0.96,0.237945041276955,0.0260255494214167,"gamma_bin"
"gamma_bin_7.50_5.44","vary_sd",5.44,0.6,FALSE,114,0.976044237490855,1.02283016155755,0.136258857238478,0.97,0.28393367712962,0.0467859240666996,"gamma_bin"
"gamma_bin_7.50_5.44","vary_sd",5.44,0.6,FALSE,115,1.2386571693013,1.25271343882462,0.158780070127061,0.97,0.315318798025654,0.0140562695233171,"gamma_bin"
"gamma_bin_7.50_5.44","vary_sd",5.44,0.6,FALSE,116,1.16178575840714,1.1612748480057,0.164258252853372,0.96,0.302417289501856,-0.000510910401435583,"gamma_bin"
"gamma_bin_7.50_5.44","vary_sd",5.44,0.6,FALSE,117,1.19460307270673,1.19066846697552,0.158127932733122,0.93,0.303688706735052,-0.00393460573121307,"gamma_bin"
"gamma_bin_7.50_5.44","vary_sd",5.44,0.6,FALSE,118,1.1631999130357,1.1607097018008,0.137683787232035,0.97,0.297528129944622,-0.00249021123490367,"gamma_bin"
"gamma_bin_7.50_5.44","vary_sd",5.44,0.6,FALSE,119,1.07031355257977,1.03501716250425,0.157803106723902,0.92,0.27812345084154,-0.0352963900755185,"gamma_bin"
"gamma_bin_7.50_5.44","vary_sd",5.44,0.6,FALSE,120,0.877747847801672,0.858573861987844,0.141158413466606,0.91,0.252101425451056,-0.0191739858138285,"gamma_bin"
"gamma_bin_7.50_5.44","vary_sd",5.44,0.6,FALSE,121,1.36754433627127,1.37434189295353,0.162762528444514,0.93,0.319581510766289,0.00679755668225512,"gamma_bin"
"gamma_bin_7.50_5.44","vary_sd",5.44,0.6,FALSE,122,0.835785870448611,0.847027654036881,0.140943614670896,0.92,0.247920694364618,0.0112417835882699,"gamma_bin"
"gamma_bin_7.50_5.44","vary_sd",5.44,0.6,FALSE,123,1.2672350602796,1.27856208945526,0.147272744394237,0.96,0.304788787174969,0.0113270291756606,"gamma_bin"
"gamma_bin_7.50_5.44","vary_sd",5.44,0.6,FALSE,124,0.96912547878376,0.997996372424803,0.134506893689351,0.96,0.267118669724795,0.0288708936410431,"gamma_bin"
"gamma_bin_7.50_5.44","vary_sd",5.44,0.6,FALSE,125,0.847337032261578,0.874081233812823,0.129178085685622,0.93,0.248830207765587,0.0267442015512451,"gamma_bin"
"gamma_bin_7.50_5.44","vary_sd",5.44,0.6,FALSE,126,0.715562409302676,0.730794244814132,0.107461263662253,0.97,0.22817868928245,0.0152318355114565,"gamma_bin"
"gamma_bin_7.50_5.44","vary_sd",5.44,0.6,FALSE,127,0.947820201198353,0.978682649639602,0.139233560079172,0.92,0.266229418687044,0.0308624484412491,"gamma_bin"
"gamma_bin_7.50_5.44","vary_sd",5.44,0.6,FALSE,128,0.685080159737144,0.719719769944424,0.127347257149355,0.9,0.229316673746817,0.0346396102072799,"gamma_bin"
"gamma_bin_7.50_5.44","vary_sd",5.44,0.6,FALSE,129,0.940715932502657,0.994779596200337,0.149508346584308,0.93,0.272883960262023,0.0540636636976802,"gamma_bin"
"gamma_bin_7.50_5.44","vary_sd",5.44,0.6,FALSE,130,0.882737793731905,0.928244474760061,0.138463026870156,0.95,0.265610101641738,0.0455066810281559,"gamma_bin"
"gamma_bin_7.50_5.44","vary_sd",5.44,0.6,FALSE,131,0.908595801485553,0.899088660650242,0.129213474783036,0.95,0.263117867083179,-0.00950714083531146,"gamma_bin"
"gamma_bin_7.50_5.44","vary_sd",5.44,0.6,FALSE,132,0.91957504082564,0.948534796168411,0.14440982643585,0.94,0.272163253547067,0.0289597553427714,"gamma_bin"
"gamma_bin_7.50_5.44","vary_sd",5.44,0.6,FALSE,133,0.772867637399724,0.77285900983726,0.137911670131652,0.91,0.246822407581925,-8.62756246444718e-06,"gamma_bin"
"gamma_bin_7.50_5.44","vary_sd",5.44,0.6,FALSE,134,0.85010038418266,0.87357262128866,0.137934749919628,0.93,0.265597300232454,0.0234722371060001,"gamma_bin"
"gamma_bin_7.50_5.44","vary_sd",5.44,0.6,FALSE,135,0.784742304497557,0.815070647677605,0.121183328933599,0.96,0.259267800632901,0.0303283431800477,"gamma_bin"
"gamma_bin_7.50_5.44","vary_sd",5.44,0.6,FALSE,136,0.974662005700731,0.997300955210176,0.149676029233377,0.96,0.289702438469408,0.0226389495094446,"gamma_bin"
"gamma_bin_7.50_5.44","vary_sd",5.44,0.6,FALSE,137,0.984149213306856,0.984940867021236,0.125726792218242,0.97,0.29005801783937,0.000791653714380391,"gamma_bin"
"gamma_bin_7.50_5.44","vary_sd",5.44,0.6,FALSE,138,1.19074372582141,1.16934749658995,0.19980834432183,0.9,0.317145994234448,-0.021396229231456,"gamma_bin"
"gamma_bin_7.50_5.44","vary_sd",5.44,0.6,FALSE,139,1.38369717355419,1.39001471243304,0.175662238405347,0.95,0.345494077718747,0.00631753887884989,"gamma_bin"
"gamma_bin_7.50_5.44","vary_sd",5.44,0.6,FALSE,140,0.815809623984031,0.780651064590535,0.129987671693329,0.93,0.255928535502956,-0.0351585593934964,"gamma_bin"
"gamma_bin_7.50_5.44","vary_sd",5.44,0.6,FALSE,141,0.948704132009637,0.916897530960278,0.158191826295308,0.93,0.277148917234842,-0.031806601049359,"gamma_bin"
"gamma_bin_7.50_5.44","vary_sd",5.44,0.6,FALSE,142,0.887909591017245,0.87869135924158,0.136286294014403,0.98,0.272643440363327,-0.0092182317756645,"gamma_bin"
"gamma_bin_7.50_5.44","vary_sd",5.44,0.6,FALSE,143,1.33194554446529,1.33334117523657,0.180949373393909,0.97,0.337546378174141,0.00139563077127658,"gamma_bin"
"gamma_bin_7.50_5.44","vary_sd",5.44,0.6,FALSE,144,1.33130879278334,1.32728853497096,0.132931584835529,0.99,0.334988280978693,-0.00402025781237514,"gamma_bin"
"gamma_bin_7.50_5.44","vary_sd",5.44,0.6,FALSE,145,1.36040798308223,1.31893284725523,0.163983935260209,0.96,0.329507479879909,-0.0414751358270025,"gamma_bin"
"gamma_bin_7.50_5.44","vary_sd",5.44,0.6,FALSE,146,1.03071021292377,0.973210507115033,0.16470060959906,0.9,0.278388852025413,-0.0574997058087368,"gamma_bin"
"gamma_bin_7.50_5.44","vary_sd",5.44,0.6,FALSE,147,1.01542172209859,0.959448370489664,0.136170413719564,0.89,0.274823255329168,-0.0559733516089255,"gamma_bin"
"gamma_bin_7.50_5.44","vary_sd",5.44,0.6,FALSE,148,0.918033733511508,0.916364461493807,0.161793716122444,0.9,0.268022269264239,-0.00166927201770106,"gamma_bin"
"gamma_bin_7.50_5.44","vary_sd",5.44,0.6,FALSE,149,0.795399668183425,0.833062463609963,0.130243979798769,0.94,0.255947653028917,0.0376627954265377,"gamma_bin"
"gamma_bin_7.50_5.44","vary_sd",5.44,0.6,FALSE,150,0.94707340630239,1.01752856851295,0.139531983391651,0.96,0.284981720431751,0.0704551622105556,"gamma_bin"
"gamma_bin_7.50_5.44","vary_sd",5.44,0.6,FALSE,151,0.838901742382429,0.862810923679242,0.115181903120572,0.97,0.262806839816194,0.0239091812968133,"gamma_bin"
"gamma_bin_7.50_5.44","vary_sd",5.44,0.6,FALSE,152,1.10279545241581,1.1605368936309,0.158445799671412,0.92,0.306915822908052,0.0577414412150865,"gamma_bin"
"gamma_bin_7.50_5.44","vary_sd",5.44,0.6,FALSE,153,1.09815075967234,1.15916738951676,0.175051277507387,0.88,0.305674665180965,0.0610166298444219,"gamma_bin"
"gamma_bin_7.50_5.44","vary_sd",5.44,0.6,FALSE,154,0.933692374106949,0.942894615645339,0.142651516143364,0.93,0.274749111874568,0.00920224153839,"gamma_bin"
"gamma_bin_7.50_5.44","vary_sd",5.44,0.6,FALSE,155,0.677255280263044,0.681003847365324,0.113924408687633,0.96,0.233590528912004,0.00374856710228,"gamma_bin"
"gamma_bin_7.50_5.44","vary_sd",5.44,0.6,FALSE,156,0.794315589671576,0.826139157820541,0.130951266633048,0.95,0.259352034565861,0.0318235681489653,"gamma_bin"
"gamma_bin_7.50_5.44","vary_sd",5.44,0.6,FALSE,157,0.863128942217305,0.906888892812646,0.112769806338729,0.98,0.275208781291452,0.0437599505953411,"gamma_bin"
"gamma_bin_7.50_5.44","vary_sd",5.44,0.6,FALSE,158,1.21212682918176,1.27434706226427,0.175647060872574,0.94,0.328999985621286,0.0622202330825126,"gamma_bin"
"gamma_bin_7.50_5.44","vary_sd",5.44,0.6,FALSE,159,1.02410139695973,1.01002876911622,0.148898246606062,0.93,0.291514467956206,-0.0140726278435113,"gamma_bin"
"gamma_bin_7.50_5.44","vary_sd",5.44,0.6,FALSE,160,0.905623732385136,0.877607397911215,0.144685245356316,0.91,0.27149129924025,-0.0280163344739207,"gamma_bin"
"gamma_bin_7.50_5.44","vary_sd",5.44,0.6,FALSE,161,0.9116217888269,0.888147544126359,0.140086022842724,0.94,0.273843227966185,-0.0234742447005409,"gamma_bin"
"gamma_bin_7.50_5.44","vary_sd",5.44,0.6,FALSE,162,0.854312926973229,0.862023163321754,0.143736401031514,0.95,0.271901079685491,0.00771023634852486,"gamma_bin"
"gamma_bin_7.50_5.44","vary_sd",5.44,0.6,FALSE,163,0.939537145583715,0.971432874465656,0.131276692006587,0.97,0.291229705944606,0.031895728881941,"gamma_bin"
"gamma_bin_7.50_5.44","vary_sd",5.44,0.6,FALSE,164,0.80426541937565,0.798184248579093,0.14189985547403,0.95,0.265071644598064,-0.00608117079655679,"gamma_bin"
"gamma_bin_7.50_5.44","vary_sd",5.44,0.6,FALSE,165,1.00142458710162,1.03105808356145,0.141767564897119,0.95,0.303816832100729,0.0296334964598277,"gamma_bin"
"gamma_bin_7.50_5.44","vary_sd",5.44,0.6,FALSE,166,1.22258752675771,1.23514733453303,0.184558902904211,0.94,0.333331830602025,0.0125598077753228,"gamma_bin"
"gamma_bin_7.50_5.44","vary_sd",5.44,0.6,FALSE,167,0.797785738886173,0.815418733868162,0.128118402019581,0.97,0.270686059855764,0.0176329949819887,"gamma_bin"
"gamma_bin_7.50_5.44","vary_sd",5.44,0.6,FALSE,168,1.14984066668627,1.14645134364076,0.16670880078383,0.95,0.321876862555156,-0.00338932304551198,"gamma_bin"
"gamma_bin_7.50_5.44","vary_sd",5.44,0.6,FALSE,169,0.760346365617299,0.727912497412225,0.124914274237993,0.96,0.25605472384404,-0.0324338682050738,"gamma_bin"
"gamma_bin_7.50_5.44","vary_sd",5.44,0.6,FALSE,170,1.3742280074719,1.36881645170926,0.197433579248431,0.96,0.353798014651251,-0.00541155576263574,"gamma_bin"
"gamma_bin_7.50_5.44","vary_sd",5.44,0.6,FALSE,171,0.879913573057892,0.879443345566104,0.129040911604034,0.98,0.281962318179499,-0.000470227491788155,"gamma_bin"
"gamma_bin_7.50_5.44","vary_sd",5.44,0.6,FALSE,172,1.40469565689074,1.39017702211318,0.182033471957268,0.96,0.35488044201245,-0.0145186347775594,"gamma_bin"
"gamma_bin_7.50_5.44","vary_sd",5.44,0.6,FALSE,173,0.919193449899109,0.913010818445666,0.153036534401516,0.96,0.284479483639485,-0.00618263145344333,"gamma_bin"
"gamma_bin_7.50_5.44","vary_sd",5.44,0.6,FALSE,174,0.923151861958846,0.897564706883697,0.142104950621869,0.93,0.28103026759874,-0.0255871550751491,"gamma_bin"
"gamma_bin_7.50_5.44","vary_sd",5.44,0.6,FALSE,175,1.03836327926758,1.01365279698683,0.137761103722277,0.96,0.299634305402072,-0.0247104822807498,"gamma_bin"
"gamma_bin_7.50_5.44","vary_sd",5.44,0.6,FALSE,176,0.9985406934674,1.01185966400331,0.133818651031056,0.98,0.299638754640967,0.0133189705359141,"gamma_bin"
"gamma_bin_7.50_5.44","vary_sd",5.44,0.6,FALSE,177,1.06724188250379,1.09978847607408,0.176903340770391,0.89,0.312011534602702,0.0325465935702876,"gamma_bin"
"gamma_bin_7.50_5.44","vary_sd",5.44,0.6,FALSE,178,0.796484699666055,0.797600766936132,0.151207717360747,0.91,0.265064142054521,0.00111606727007729,"gamma_bin"
"gamma_bin_7.50_5.44","vary_sd",5.44,0.6,FALSE,179,1.1985320355335,1.20698822390948,0.176813517812154,0.94,0.328281808746225,0.00845618837597861,"gamma_bin"
"gamma_bin_7.50_5.44","vary_sd",5.44,0.6,FALSE,180,1.18742100745866,1.25705903397318,0.15347925788477,0.97,0.334450357782678,0.0696380265145244,"gamma_bin"
"gamma_bin_7.50_5.44","vary_sd",5.44,0.6,FALSE,181,1.49419527020498,1.48141121526478,0.186926154949183,0.94,0.359900336904017,-0.012784054940203,"gamma_bin"
"gamma_bin_7.50_5.44","vary_sd",5.44,0.6,FALSE,182,1.51569869674153,1.42979367260335,0.17964225529056,0.94,0.3473471669295,-0.0859050241381818,"gamma_bin"
"gamma_bin_7.50_5.44","vary_sd",5.44,0.6,FALSE,183,0.993075321330978,0.935024905441399,0.145820113321926,0.96,0.274062349742811,-0.0580504158895793,"gamma_bin"
"gamma_bin_7.50_5.44","vary_sd",5.44,0.6,FALSE,184,0.900892693512611,0.859971992595163,0.145390366252852,0.94,0.261045258045992,-0.0409207009174485,"gamma_bin"
"gamma_bin_7.50_5.44","vary_sd",5.44,0.6,FALSE,185,0.823216687408857,0.843032263182165,0.132307422842982,0.93,0.258481670202593,0.0198155757733082,"gamma_bin"
"gamma_bin_7.50_5.44","vary_sd",5.44,0.6,FALSE,186,1.22622981286846,1.2753333202105,0.164798412406034,0.93,0.319085177379824,0.049103507342044,"gamma_bin"
"gamma_bin_7.50_5.44","vary_sd",5.44,0.6,FALSE,187,0.917491231652979,0.965733637358256,0.132407390602768,0.92,0.276517565446677,0.0482424057052774,"gamma_bin"
"gamma_bin_7.50_5.44","vary_sd",5.44,0.6,FALSE,188,1.14601430452239,1.17583090742816,0.176641312616365,0.92,0.304338990378986,0.029816602905766,"gamma_bin"
"gamma_bin_7.50_5.44","vary_sd",5.44,0.6,FALSE,189,1.15018203934659,1.16816430810717,0.145597494733182,0.96,0.301330041434616,0.0179822687605788,"gamma_bin"
"gamma_bin_7.50_5.44","vary_sd",5.44,0.6,FALSE,190,1.13788009197463,1.11905941336057,0.132695640407568,0.95,0.293258661555632,-0.018820678614061,"gamma_bin"
"gamma_bin_7.50_5.44","vary_sd",5.44,0.6,FALSE,191,1.77821476084602,1.77315723108233,0.185755047385692,0.96,0.366398035235701,-0.00505752976369056,"gamma_bin"
"gamma_bin_7.50_5.44","vary_sd",5.44,0.6,FALSE,192,1.12622467540917,1.0837198906782,0.148051427390567,0.94,0.278648484460626,-0.0425047847309696,"gamma_bin"
"gamma_bin_7.50_5.44","vary_sd",5.44,0.6,FALSE,193,1.63143870001326,1.54613532782398,0.169720050258473,0.89,0.32789134067137,-0.0853033721892755,"gamma_bin"
"gamma_bin_7.50_5.44","vary_sd",5.44,0.6,FALSE,194,1.96133686485764,1.86649211616078,0.182950904563718,0.94,0.351628523690716,-0.0948447486968647,"gamma_bin"
"gamma_bin_7.50_5.44","vary_sd",5.44,0.6,FALSE,195,1.62645944263275,1.49389734469405,0.138931438511537,0.89,0.303730107348333,-0.132562097938699,"gamma_bin"
"gamma_bin_7.50_5.44","vary_sd",5.44,0.6,FALSE,196,1.22116224956869,1.1449951207788,0.126524666877972,0.92,0.258054156047927,-0.0761671287898926,"gamma_bin"
"gamma_bin_7.50_5.44","vary_sd",5.44,0.6,FALSE,197,1.08513472727433,1.04939609637824,0.116673426544978,0.93,0.241782464938856,-0.0357386308960916,"gamma_bin"
"gamma_bin_7.50_5.44","vary_sd",5.44,0.6,FALSE,198,1.22272793926392,1.22036273156222,0.126970656311438,0.97,0.257124882308441,-0.00236520770170134,"gamma_bin"
"gamma_bin_7.50_5.44","vary_sd",5.44,0.6,FALSE,199,1.29605177368887,1.31556390316361,0.129765054074358,0.93,0.263563407562691,0.0195121294747398,"gamma_bin"
"gamma_bin_7.50_5.44","vary_sd",5.44,0.6,FALSE,200,1.66923410820015,1.72972900656313,0.160578135284234,0.9,0.297215346154368,0.0604948983629787,"gamma_bin"
"gamma_bin_7.50_5.44","vary_sd",5.44,0.6,FALSE,201,1.1694237090907,1.16014890879076,0.117817340289469,0.96,0.236248478696384,-0.00927480029993699,"gamma_bin"
"gamma_bin_7.50_5.44","vary_sd",5.44,0.6,FALSE,202,1.07879296650834,1.06935735318996,0.121648603898753,0.93,0.222578418690469,-0.00943561331838438,"gamma_bin"
"gamma_bin_7.50_5.44","vary_sd",5.44,0.6,FALSE,203,0.894627487421358,0.880366165968564,0.0986324055241377,0.98,0.199363023513157,-0.0142613214527941,"gamma_bin"
"gamma_bin_7.50_5.44","vary_sd",5.44,0.6,FALSE,204,0.81895014827116,0.855038878775735,0.0985038208591057,0.92,0.196028844466867,0.0360887305045754,"gamma_bin"
"gamma_bin_7.50_5.44","vary_sd",5.44,0.6,FALSE,205,0.966704879629287,1.04559509496108,0.111788624806149,0.94,0.217212405525911,0.0788902153317883,"gamma_bin"
"gamma_bin_7.50_5.44","vary_sd",5.44,0.6,FALSE,206,0.735615178317886,0.781690442930103,0.093348578811687,0.91,0.187611644493499,0.0460752646122174,"gamma_bin"
"gamma_bin_7.50_5.44","vary_sd",5.44,0.6,FALSE,207,0.854920650119855,0.914705970928239,0.115154731540943,0.89,0.204195234758848,0.0597853208083844,"gamma_bin"
"gamma_bin_7.50_5.44","vary_sd",5.44,0.6,FALSE,208,1.1836252253062,1.26077719205768,0.133671197977009,0.92,0.241334298551666,0.0771519667514804,"gamma_bin"
"gamma_bin_7.50_5.44","vary_sd",5.44,0.6,FALSE,209,1.4603135494891,1.49594473364187,0.121075655839821,0.97,0.261664765215214,0.0356311841527661,"gamma_bin"
"gamma_bin_7.50_5.44","vary_sd",5.44,0.6,FALSE,210,0.828359371463702,0.835799952253325,0.100497101571066,0.93,0.192679203023175,0.00744058078962295,"gamma_bin"
"gamma_bin_7.50_5.44","vary_sd",5.44,0.6,FALSE,211,0.945528169177749,0.92525132899377,0.093843450262028,0.98,0.202028461187529,-0.020276840183979,"gamma_bin"
"gamma_bin_7.50_5.44","vary_sd",5.44,0.6,FALSE,212,0.79051319956122,0.786964920550832,0.0894432605347727,0.96,0.186235753093985,-0.00354827901038834,"gamma_bin"
"gamma_bin_7.50_5.44","vary_sd",5.44,0.6,FALSE,213,1.43201623771777,1.46884176088523,0.13474001203502,0.96,0.256094959800835,0.0368255231674555,"gamma_bin"
"gamma_bin_7.50_5.44","vary_sd",5.44,0.6,FALSE,214,1.11428897280893,1.13185612365768,0.118411566268649,0.93,0.222316864329932,0.01756715084875,"gamma_bin"
"gamma_bin_7.50_5.44","vary_sd",5.44,0.6,FALSE,215,1.11572179995221,1.09103817057399,0.127243103965763,0.93,0.216540588687725,-0.0246836293782169,"gamma_bin"
"gamma_bin_7.50_5.44","vary_sd",5.44,0.6,FALSE,216,1.45327758905901,1.42835395968455,0.130968312113907,0.93,0.245797862375668,-0.0249236293744586,"gamma_bin"
"gamma_bin_7.50_5.44","vary_sd",5.44,0.6,FALSE,217,1.1420673106557,1.10391849308033,0.0937243613693803,0.96,0.212656704970112,-0.0381488175753708,"gamma_bin"
"gamma_bin_7.50_5.44","vary_sd",5.44,0.6,FALSE,218,0.657966158830962,0.643042920527941,0.0735564049019244,0.95,0.160612760099475,-0.0149232383030208,"gamma_bin"
"gamma_bin_7.50_5.44","vary_sd",5.44,0.6,FALSE,219,1.3705780170681,1.4053188974653,0.113445278821447,0.95,0.238451855546187,0.0347408803971989,"gamma_bin"
"gamma_bin_7.50_5.44","vary_sd",5.44,0.6,FALSE,220,1.12178323201924,1.14893738581287,0.10646402417895,0.96,0.2135012998368,0.0271541537936331,"gamma_bin"
"gamma_bin_7.50_5.44","vary_sd",5.44,0.6,FALSE,221,1.82150678776182,1.81245594443274,0.121905833588894,0.97,0.265943304350036,-0.00905084332907857,"gamma_bin"
"gamma_bin_7.50_5.44","vary_sd",5.44,0.6,FALSE,222,1.47822233790926,1.41460564509604,0.117791851235831,0.9,0.228170794846917,-0.0636166928132171,"gamma_bin"
"gamma_bin_7.50_5.44","vary_sd",5.44,0.6,FALSE,223,1.2291381002976,1.14106778826922,0.100191699518879,0.87,0.199847220088575,-0.0880703120283846,"gamma_bin"
"gamma_bin_7.50_5.44","vary_sd",5.44,0.6,FALSE,224,1.39168397860736,1.32088496471414,0.113676517899917,0.89,0.211164852656362,-0.0707990138932151,"gamma_bin"
"gamma_bin_7.50_5.44","vary_sd",5.44,0.6,FALSE,225,1.02693213453622,1.01678777151851,0.0852381303027158,0.96,0.181931173980969,-0.010144363017706,"gamma_bin"
"gamma_bin_7.50_5.44","vary_sd",5.44,0.6,FALSE,226,0.944477107231107,0.943488424809803,0.0829943092042615,0.97,0.173560993462059,-0.000988682421303677,"gamma_bin"
"gamma_bin_7.50_5.44","vary_sd",5.44,0.6,FALSE,227,0.88294479567521,0.905573410265519,0.0947336401127691,0.9,0.169130578856513,0.0226286145903094,"gamma_bin"
"gamma_bin_7.50_5.44","vary_sd",5.44,0.6,FALSE,228,1.2545287150813,1.32859242171178,0.105567790410753,0.88,0.205051441227531,0.0740637066304812,"gamma_bin"
"gamma_bin_7.50_5.44","vary_sd",5.44,0.6,FALSE,229,1.46483936058861,1.51615248246621,0.120904486476887,0.89,0.216965773648048,0.0513131218775957,"gamma_bin"
"gamma_bin_7.50_5.44","vary_sd",5.44,0.6,FALSE,230,1.5106771494413,1.49832649788629,0.0950499049646644,0.97,0.211618990604523,-0.0123506515550127,"gamma_bin"
"gamma_bin_7.50_5.44","vary_sd",5.44,0.6,FALSE,231,1.76125096519109,1.69357549915726,0.10286370215801,0.96,0.219551969614168,-0.0676754660338268,"gamma_bin"
"gamma_bin_7.50_5.44","vary_sd",5.44,0.6,FALSE,232,1.40611418271408,1.32384770715694,0.0864367697252169,0.87,0.187852192404619,-0.0822664755571392,"gamma_bin"
"gamma_bin_7.50_5.44","vary_sd",5.44,0.6,FALSE,233,1.50840807515769,1.42157219069113,0.092379315685364,0.87,0.189694180137732,-0.0868358844665604,"gamma_bin"
"gamma_bin_7.50_5.44","vary_sd",5.44,0.6,FALSE,234,2.14812836507422,2.04668592452183,0.110813708597367,0.88,0.221961258381919,-0.101442440552385,"gamma_bin"
"gamma_bin_7.50_5.44","vary_sd",5.44,0.6,FALSE,235,1.77318978695313,1.65896105669552,0.109185720411424,0.76,0.19143671999855,-0.11422873025761,"gamma_bin"
"gamma_bin_7.50_5.44","vary_sd",5.44,0.6,FALSE,236,1.73485405696823,1.60295194197828,0.101335044251058,0.66,0.180846179786127,-0.131902114989945,"gamma_bin"
"gamma_bin_7.50_5.44","vary_sd",5.44,0.6,FALSE,237,1.62270455030168,1.52088527877391,0.0852528639874325,0.8,0.169755515194266,-0.101819271527769,"gamma_bin"
"gamma_bin_7.50_5.44","vary_sd",5.44,0.6,FALSE,238,1.18127386711031,1.11225775497992,0.0738383944569863,0.84,0.140284366067785,-0.0690161121303938,"gamma_bin"
"gamma_bin_7.50_5.44","vary_sd",5.44,0.6,FALSE,239,1.18467641337506,1.18213375387853,0.0765351967886466,0.96,0.141480408723363,-0.00254265949652943,"gamma_bin"
"gamma_bin_7.50_5.44","vary_sd",5.44,0.6,FALSE,240,1.41686704734357,1.45125134264519,0.093802671459257,0.85,0.154311619064431,0.0343842953016193,"gamma_bin"
"gamma_bin_7.50_5.44","vary_sd",5.44,0.6,FALSE,241,1.25638994428988,1.28998212519399,0.069891087150998,0.95,0.14224242708025,0.0335921809041146,"gamma_bin"
"gamma_bin_7.50_5.44","vary_sd",5.44,0.6,FALSE,242,1.12129644908568,1.15638650230211,0.0685429871213861,0.92,0.132037672437262,0.0350900532164264,"gamma_bin"
"gamma_bin_7.50_5.44","vary_sd",5.44,0.6,FALSE,243,1.35471671225519,1.37886280918188,0.0677943322192229,0.96,0.141827930160141,0.0241460969266885,"gamma_bin"
"gamma_bin_7.50_5.44","vary_sd",5.44,0.6,FALSE,244,1.01075153524685,1.0202519534684,0.0676976874809199,0.92,0.119732139727758,0.00950041822155234,"gamma_bin"
"gamma_bin_7.50_5.44","vary_sd",5.44,0.6,FALSE,245,1.09871605480815,1.11165977337675,0.0600382153508884,0.95,0.123711205709784,0.0129437185686041,"gamma_bin"
"gamma_bin_7.50_5.44","vary_sd",5.44,0.6,FALSE,246,1.01869442350015,1.04322299122186,0.0611363067004918,0.9,0.118766696782482,0.0245285677217144,"gamma_bin"
"gamma_bin_7.50_5.44","vary_sd",5.44,0.6,FALSE,247,0.933319674797869,0.959097773035812,0.0578922703225321,0.93,0.112991890731818,0.0257780982379426,"gamma_bin"
"gamma_bin_7.50_5.44","vary_sd",5.44,0.6,FALSE,248,1.07523379129616,1.12321657418124,0.0675854899518667,0.86,0.122113691416156,0.0479827828850801,"gamma_bin"
"gamma_bin_7.50_5.44","vary_sd",5.44,0.6,FALSE,249,1.30371060738913,1.3438269142895,0.0606727439619914,0.95,0.132924433290891,0.040116306900374,"gamma_bin"
"gamma_bin_7.50_5.44","vary_sd",5.44,0.6,FALSE,250,1.41728039570922,1.42306514309557,0.0670511791166675,0.95,0.134997328187144,0.00578474738635459,"gamma_bin"
"gamma_bin_7.50_5.44","vary_sd",5.44,0.6,FALSE,251,1.14476257942982,1.12112805409882,0.0607135783090083,0.95,0.117670969306823,-0.0236345253309951,"gamma_bin"
"gamma_bin_7.50_5.44","vary_sd",5.44,0.6,FALSE,252,1.28960282315637,1.25772477173317,0.0640587894889083,0.87,0.122856716130864,-0.0318780514231987,"gamma_bin"
"gamma_bin_7.50_5.44","vary_sd",5.44,0.6,FALSE,253,1.41166776000313,1.37719764914266,0.0618972708923724,0.93,0.126779053852358,-0.0344701108604746,"gamma_bin"
"gamma_bin_9.00_3.40","vary_mean",9,0.2,FALSE,8,1.22915300707766,NA,NA,NA,NA,NA,"gamma_bin"
"gamma_bin_9.00_3.40","vary_mean",9,0.2,FALSE,9,2.39912444733293,2.9009366466236,0.0778640327374539,0,0.175202958194099,0.501812199290671,"gamma_bin"
"gamma_bin_9.00_3.40","vary_mean",9,0.2,FALSE,10,1.19488455941613,1.39055586579764,0.0484318944415491,0.04,0.113270959492474,0.195671306381507,"gamma_bin"
"gamma_bin_9.00_3.40","vary_mean",9,0.2,FALSE,11,1.32901937043135,1.51732288764963,0.0599132117289844,0.12,0.112058823711386,0.188303517218281,"gamma_bin"
"gamma_bin_9.00_3.40","vary_mean",9,0.2,FALSE,12,1.45964563283974,1.63999964960593,0.0572317373992727,0.13,0.111238818454341,0.18035401676619,"gamma_bin"
"gamma_bin_9.00_3.40","vary_mean",9,0.2,FALSE,13,1.71536377425759,1.8981360363078,0.0570609736059082,0.11,0.114934517200672,0.182772262050206,"gamma_bin"
"gamma_bin_9.00_3.40","vary_mean",9,0.2,FALSE,14,1.05186283321434,1.1496254053838,0.0449233352718627,0.38,0.0864084717598293,0.0977625721694642,"gamma_bin"
"gamma_bin_9.00_3.40","vary_mean",9,0.2,FALSE,15,1.02513341063733,1.10113804000588,0.0443359614817009,0.51,0.08211014244386,0.0760046293685466,"gamma_bin"
"gamma_bin_9.00_3.40","vary_mean",9,0.2,FALSE,16,1.25256084138212,1.34855223546278,0.0444476842042998,0.46,0.0885148836910455,0.095991394080658,"gamma_bin"
"gamma_bin_9.00_3.40","vary_mean",9,0.2,FALSE,17,1.2152968085526,1.29234912744561,0.0428142028104394,0.55,0.0846377943469089,0.0770523188930075,"gamma_bin"
"gamma_bin_9.00_3.40","vary_mean",9,0.2,FALSE,18,0.979262007308338,1.02373439590788,0.0399060151678868,0.84,0.0738608624371267,0.0444723885995415,"gamma_bin"
"gamma_bin_9.00_3.40","vary_mean",9,0.2,FALSE,19,1.02548164174434,1.05345162357862,0.038363391935801,0.86,0.0737807367785783,0.0279699818342849,"gamma_bin"
"gamma_bin_9.00_3.40","vary_mean",9,0.2,FALSE,20,1.03937017525567,1.06625522751585,0.0356423034545719,0.91,0.073341403413489,0.0268850522601778,"gamma_bin"
"gamma_bin_9.00_3.40","vary_mean",9,0.2,FALSE,21,1.31708921089394,1.33778316135037,0.0410413422087892,0.93,0.0813804353277314,0.0206939504564296,"gamma_bin"
"gamma_bin_9.00_3.40","vary_mean",9,0.2,FALSE,22,1.01629528374106,1.02783755053331,0.03435707514186,0.97,0.0708496529342008,0.0115422667922522,"gamma_bin"
"gamma_bin_9.00_3.40","vary_mean",9,0.2,FALSE,23,0.750244244564339,0.757044323978638,0.0295849633189438,0.95,0.0604977247269625,0.0068000794142985,"gamma_bin"
"gamma_bin_9.00_3.40","vary_mean",9,0.2,FALSE,24,0.686827825813118,0.698715487808572,0.0289933788031533,0.93,0.0578523489099388,0.0118876619954543,"gamma_bin"
"gamma_bin_9.00_3.40","vary_mean",9,0.2,FALSE,25,1.09141067495798,1.10795457144697,0.034434375784525,0.92,0.072500469629346,0.0165438964889906,"gamma_bin"
"gamma_bin_9.00_3.40","vary_mean",9,0.2,FALSE,26,0.74108150094242,0.734717191204514,0.0319743184024875,0.94,0.0588457479068563,-0.00636430973790625,"gamma_bin"
"gamma_bin_9.00_3.40","vary_mean",9,0.2,FALSE,27,0.768558244559202,0.75633522383994,0.0312906650162904,0.94,0.0597482430585577,-0.0122230207192616,"gamma_bin"
"gamma_bin_9.00_3.40","vary_mean",9,0.2,FALSE,28,0.75279022252533,0.727186626423974,0.0274677224071096,0.85,0.0588821642974823,-0.0256035961013562,"gamma_bin"
"gamma_bin_9.00_3.40","vary_mean",9,0.2,FALSE,29,0.700207559621297,0.673006312254678,0.0277464175130417,0.9,0.057131146305104,-0.0272012473666194,"gamma_bin"
"gamma_bin_9.00_3.40","vary_mean",9,0.2,FALSE,30,0.555254250263291,0.533782175157898,0.0268227798662638,0.84,0.0514559058307067,-0.0214720751053934,"gamma_bin"
"gamma_bin_9.00_3.40","vary_mean",9,0.2,FALSE,31,0.584462421312083,0.55392833102878,0.0262862083979566,0.82,0.0531521684226108,-0.0305340902833031,"gamma_bin"
"gamma_bin_9.00_3.40","vary_mean",9,0.2,FALSE,32,0.680311568720764,0.640405659260194,0.0264293864913,0.81,0.058107111449642,-0.0399059094605698,"gamma_bin"
"gamma_bin_9.00_3.40","vary_mean",9,0.2,FALSE,33,0.958980557438332,0.892547861517338,0.0434332011199886,0.53,0.0699754489258505,-0.0664326959209939,"gamma_bin"
"gamma_bin_9.00_3.40","vary_mean",9,0.2,FALSE,34,1.26715241572783,1.16011218778336,0.0382820357817416,0.22,0.0817084034434486,-0.107040227944465,"gamma_bin"
"gamma_bin_9.00_3.40","vary_mean",9,0.2,FALSE,35,1.32835101120383,1.21595279760106,0.0422153166790597,0.28,0.0859084716165765,-0.112398213602769,"gamma_bin"
"gamma_bin_9.00_3.40","vary_mean",9,0.2,FALSE,36,0.820531409863083,0.767590461588118,0.035136120688287,0.69,0.0700316252602555,-0.0529409482749652,"gamma_bin"
"gamma_bin_9.00_3.40","vary_mean",9,0.2,FALSE,37,0.605068218099632,0.588170813379405,0.0348897750524155,0.91,0.0624879085976253,-0.0168974047202265,"gamma_bin"
"gamma_bin_9.00_3.40","vary_mean",9,0.2,FALSE,38,0.48061136006007,0.488110101965217,0.0304953440463512,0.95,0.057421936140026,0.00749874190514666,"gamma_bin"
"gamma_bin_9.00_3.40","vary_mean",9,0.2,FALSE,39,0.729684564655972,0.746170368379262,0.0325858022339059,0.95,0.0710039924956253,0.0164858037232898,"gamma_bin"
"gamma_bin_9.00_3.40","vary_mean",9,0.2,FALSE,40,0.815108206288389,0.814390187408221,0.0378533958863167,0.96,0.0740251216329542,-0.000718018880168203,"gamma_bin"
"gamma_bin_9.00_3.40","vary_mean",9,0.2,FALSE,41,0.615430120554185,0.59257642682244,0.0337763213660435,0.89,0.0633577385868496,-0.0228536937317453,"gamma_bin"
"gamma_bin_9.00_3.40","vary_mean",9,0.2,FALSE,42,0.7716723572992,0.714981656652147,0.0368252071062834,0.69,0.0704239748652353,-0.0566907006470532,"gamma_bin"
"gamma_bin_9.00_3.40","vary_mean",9,0.2,FALSE,43,0.638626730193333,0.591992352300776,0.0295678743295062,0.79,0.0653230760520579,-0.0466343778925571,"gamma_bin"
"gamma_bin_9.00_3.40","vary_mean",9,0.2,FALSE,44,0.502593853100566,0.460628518137852,0.0329584107858309,0.7,0.058986859034745,-0.0419653349627142,"gamma_bin"
"gamma_bin_9.00_3.40","vary_mean",9,0.2,FALSE,45,0.419338241890262,0.393653254606929,0.0312104539570608,0.83,0.0559294964042174,-0.0256849872833328,"gamma_bin"
"gamma_bin_9.00_3.40","vary_mean",9,0.2,FALSE,46,0.532509871825,0.498702884050245,0.0307831075130018,0.88,0.0646044210381973,-0.0338069877747545,"gamma_bin"
"gamma_bin_9.00_3.40","vary_mean",9,0.2,FALSE,47,0.748139787723446,0.684675847969781,0.0435510580543619,0.6,0.0777660669196104,-0.0634639397536646,"gamma_bin"
"gamma_bin_9.00_3.40","vary_mean",9,0.2,FALSE,48,0.69956822206096,0.627992595158897,0.03618861248104,0.62,0.076737062470525,-0.0715756269020633,"gamma_bin"
"gamma_bin_9.00_3.40","vary_mean",9,0.2,FALSE,49,0.840598040729289,0.746684342537605,0.0412845819752936,0.46,0.0865403793063353,-0.0939136981916839,"gamma_bin"
"gamma_bin_9.00_3.40","vary_mean",9,0.2,FALSE,50,0.60554325949379,0.545706896882602,0.0400325194860424,0.69,0.0766687006771076,-0.0598363626111877,"gamma_bin"
"gamma_bin_9.00_3.40","vary_mean",9,0.2,FALSE,51,0.551125264389769,0.499267553168963,0.0386718336496388,0.73,0.0759680017077009,-0.0518577112208058,"gamma_bin"
"gamma_bin_9.00_3.40","vary_mean",9,0.2,FALSE,52,0.382393923102511,0.355569886399792,0.0300834409178791,0.91,0.0661714611721674,-0.0268240367027194,"gamma_bin"
"gamma_bin_9.00_3.40","vary_mean",9,0.2,FALSE,53,0.67600822687436,0.635658010161436,0.0497066935759846,0.85,0.0909092955180459,-0.0403502167129239,"gamma_bin"
"gamma_bin_9.00_3.40","vary_mean",9,0.2,FALSE,54,0.673855515926702,0.617948063513067,0.0461461029101576,0.81,0.0919468813904223,-0.0559074524136355,"gamma_bin"
"gamma_bin_9.00_3.40","vary_mean",9,0.2,FALSE,55,0.928599757202953,0.851382297071027,0.0519874473851697,0.75,0.110847700720726,-0.0772174601319258,"gamma_bin"
"gamma_bin_9.00_3.40","vary_mean",9,0.2,FALSE,56,0.750387184163906,0.677160149403442,0.0514104397424495,0.74,0.101828345881642,-0.0732270347604643,"gamma_bin"
"gamma_bin_9.00_3.40","vary_mean",9,0.2,FALSE,57,0.713506443750686,0.652087295316584,0.0586241586995716,0.76,0.103154314737068,-0.0614191484341015,"gamma_bin"
"gamma_bin_9.00_3.40","vary_mean",9,0.2,FALSE,58,0.492090945289708,0.45564597290373,0.0448372445527411,0.89,0.088935711956304,-0.036444972385978,"gamma_bin"
"gamma_bin_9.00_3.40","vary_mean",9,0.2,FALSE,59,0.488086622314194,0.460991225990255,0.0555111499309317,0.85,0.0918356830994547,-0.0270953963239393,"gamma_bin"
"gamma_bin_9.00_3.40","vary_mean",9,0.2,FALSE,60,0.671814423224244,0.634563032851723,0.0551850772036342,0.92,0.11025482457341,-0.0372513903725212,"gamma_bin"
"gamma_bin_9.00_3.40","vary_mean",9,0.2,FALSE,61,0.791713212108865,0.737882957247342,0.0695195829291503,0.82,0.121425842890168,-0.0538302548615234,"gamma_bin"
"gamma_bin_9.00_3.40","vary_mean",9,0.2,FALSE,62,0.652883007093316,0.613013343551223,0.058502259481829,0.89,0.113277764643938,-0.039869663542093,"gamma_bin"
"gamma_bin_9.00_3.40","vary_mean",9,0.2,FALSE,63,0.61385111269512,0.560606311160665,0.0599355761728408,0.87,0.111212164881218,-0.0532448015344551,"gamma_bin"
"gamma_bin_9.00_3.40","vary_mean",9,0.2,FALSE,64,0.74711285306125,0.679973946660142,0.0625310014339572,0.82,0.126120165384189,-0.0671389064011076,"gamma_bin"
"gamma_bin_9.00_3.40","vary_mean",9,0.2,FALSE,65,0.706623402762968,0.650152330920558,0.0655500559104919,0.88,0.126950143658143,-0.0564710718424095,"gamma_bin"
"gamma_bin_9.00_3.40","vary_mean",9,0.2,FALSE,66,0.511807017708403,0.469105005505313,0.0606060195558326,0.9,0.110936103525276,-0.0427020122030902,"gamma_bin"
"gamma_bin_9.00_3.40","vary_mean",9,0.2,FALSE,67,0.670522334469821,0.622498623182556,0.0615408562606349,0.92,0.131316327400132,-0.0480237112872653,"gamma_bin"
"gamma_bin_9.00_3.40","vary_mean",9,0.2,FALSE,68,1.17241462294142,1.0891045280329,0.0805001853475648,0.9,0.178184881563501,-0.0833100949085246,"gamma_bin"
"gamma_bin_9.00_3.40","vary_mean",9,0.2,FALSE,69,1.09873791889337,1.03333590776988,0.0826699662838976,0.91,0.177992873762347,-0.065402011123485,"gamma_bin"
"gamma_bin_9.00_3.40","vary_mean",9,0.2,FALSE,70,0.863932410861542,0.793238252600162,0.0867159858755045,0.85,0.159905999738204,-0.0706941582613799,"gamma_bin"
"gamma_bin_9.00_3.40","vary_mean",9,0.2,FALSE,71,0.715028130529259,0.679008635131519,0.0684214960575582,0.96,0.151403289984584,-0.0360194953977397,"gamma_bin"
"gamma_bin_9.00_3.40","vary_mean",9,0.2,FALSE,72,0.577764438354966,0.57297854271568,0.0823378582030927,0.92,0.141330012327453,-0.00478589563928622,"gamma_bin"
"gamma_bin_9.00_3.40","vary_mean",9,0.2,FALSE,73,0.968013714061152,0.948688876315604,0.0952268457609433,0.95,0.183705845449803,-0.0193248377455478,"gamma_bin"
"gamma_bin_9.00_3.40","vary_mean",9,0.2,FALSE,74,0.655296731928532,0.658643695705336,0.0705456140509025,0.98,0.154044165179102,0.00334696377680443,"gamma_bin"
"gamma_bin_9.00_3.40","vary_mean",9,0.2,FALSE,75,0.599731609487604,0.586651869510638,0.0754901241087468,0.96,0.146361401662769,-0.0130797399769661,"gamma_bin"
"gamma_bin_9.00_3.40","vary_mean",9,0.2,FALSE,76,0.795766545904808,0.785227424536157,0.091111587838952,0.94,0.17111264597143,-0.0105391213686507,"gamma_bin"
"gamma_bin_9.00_3.40","vary_mean",9,0.2,FALSE,77,0.873622167427323,0.84838087912395,0.0949195449761097,0.93,0.180497954822129,-0.0252412883033729,"gamma_bin"
"gamma_bin_9.00_3.40","vary_mean",9,0.2,FALSE,78,0.655482440826882,0.618726578170837,0.094509161889903,0.92,0.156774114507867,-0.0367558626560455,"gamma_bin"
"gamma_bin_9.00_3.40","vary_mean",9,0.2,FALSE,79,0.810569670710955,0.76289716637673,0.0781724120631906,0.95,0.178076672442517,-0.047672504334225,"gamma_bin"
"gamma_bin_9.00_3.40","vary_mean",9,0.2,FALSE,80,0.610411594391532,0.590497563792413,0.0872726598161944,0.94,0.159607299620101,-0.0199140305991191,"gamma_bin"
"gamma_bin_9.00_3.40","vary_mean",9,0.2,FALSE,81,0.859802485503572,0.808516093969054,0.0968833465427904,0.95,0.190757268641121,-0.0512863915345182,"gamma_bin"
"gamma_bin_9.00_3.40","vary_mean",9,0.2,FALSE,82,0.717893912271731,0.687046065447055,0.0943217362133287,0.95,0.179148989798164,-0.0308478468246758,"gamma_bin"
"gamma_bin_9.00_3.40","vary_mean",9,0.2,FALSE,83,0.992160969972712,0.952419501262504,0.0898016793570012,0.98,0.215067070188722,-0.0397414687102081,"gamma_bin"
"gamma_bin_9.00_3.40","vary_mean",9,0.2,FALSE,84,1.12536119877567,1.08341621492244,0.11262255971918,0.95,0.233541246500493,-0.0419449838532284,"gamma_bin"
"gamma_bin_9.00_3.40","vary_mean",9,0.2,FALSE,85,0.719045149251176,0.699113379116383,0.0983668037901953,0.96,0.191047154667211,-0.0199317701347933,"gamma_bin"
"gamma_bin_9.00_3.40","vary_mean",9,0.2,FALSE,86,0.847473435579488,0.819317936807098,0.10355529523975,0.97,0.210208457003793,-0.0281554987723903,"gamma_bin"
"gamma_bin_9.00_3.40","vary_mean",9,0.2,FALSE,87,0.854973302049258,0.841084014581387,0.116008501012779,0.96,0.21555109572987,-0.0138892874678712,"gamma_bin"
"gamma_bin_9.00_3.40","vary_mean",9,0.2,FALSE,88,1.05225780392596,1.06516111269601,0.123343004301828,0.96,0.24474439729312,0.0129033087700541,"gamma_bin"
"gamma_bin_9.00_3.40","vary_mean",9,0.2,FALSE,89,0.736216801220608,0.727913147734881,0.119066938061708,0.93,0.203540818832573,-0.00830365348572659,"gamma_bin"
"gamma_bin_9.00_3.40","vary_mean",9,0.2,FALSE,90,0.91040746889,0.894765740814325,0.110970697713281,0.96,0.227125435543773,-0.015641728075675,"gamma_bin"
"gamma_bin_9.00_3.40","vary_mean",9,0.2,FALSE,91,0.87534575895404,0.853920375532747,0.106819388028424,0.95,0.223366659319484,-0.0214253834212929,"gamma_bin"
"gamma_bin_9.00_3.40","vary_mean",9,0.2,FALSE,92,1.13304443436225,1.112482215646,0.123275820393351,0.96,0.256881149587703,-0.020562218716252,"gamma_bin"
"gamma_bin_9.00_3.40","vary_mean",9,0.2,FALSE,93,0.779596408911112,0.774336505004813,0.101423026771228,0.96,0.215910312564136,-0.00525990390629871,"gamma_bin"
"gamma_bin_9.00_3.40","vary_mean",9,0.2,FALSE,94,0.738569675828446,0.730793642747074,0.10153900461659,0.99,0.211541622305974,-0.00777603308137242,"gamma_bin"
"gamma_bin_9.00_3.40","vary_mean",9,0.2,FALSE,95,0.736364931280663,0.730329528146475,0.106235080978224,0.95,0.212928647378951,-0.00603540313418804,"gamma_bin"
"gamma_bin_9.00_3.40","vary_mean",9,0.2,FALSE,96,0.940445717920046,0.926366089159384,0.117615627099504,0.97,0.241522074108288,-0.0140796287606619,"gamma_bin"
"gamma_bin_9.00_3.40","vary_mean",9,0.2,FALSE,97,0.926791760743166,0.908256990533034,0.104938751569712,0.96,0.240844795289142,-0.0185347702101319,"gamma_bin"
"gamma_bin_9.00_3.40","vary_mean",9,0.2,FALSE,98,0.805248809294182,0.777529970941652,0.116693527633154,0.91,0.224673569546168,-0.0277188383525302,"gamma_bin"
"gamma_bin_9.00_3.40","vary_mean",9,0.2,FALSE,99,0.968943928916511,0.925305195338082,0.137147320366258,0.9,0.247755854258014,-0.0436387335784294,"gamma_bin"
"gamma_bin_9.00_3.40","vary_mean",9,0.2,FALSE,100,0.483314411540288,0.466702187831113,0.0812855505964496,0.98,0.178114239637404,-0.0166122237091746,"gamma_bin"
"gamma_bin_9.00_3.40","vary_mean",9,0.2,FALSE,101,0.660754209210677,0.636994221606347,0.105070673890507,0.95,0.21066028894937,-0.0237599876043298,"gamma_bin"
"gamma_bin_9.00_3.40","vary_mean",9,0.2,FALSE,102,0.65572642436151,0.633297720466404,0.10811410240867,0.97,0.212169304463462,-0.0224287038951059,"gamma_bin"
"gamma_bin_9.00_3.40","vary_mean",9,0.2,FALSE,103,1.19597238563675,1.14935033591834,0.153262356385072,0.9,0.289556903469271,-0.0466220497184149,"gamma_bin"
"gamma_bin_9.00_3.40","vary_mean",9,0.2,FALSE,104,1.52016047762218,1.47661609074167,0.17850364344745,0.92,0.333390348081712,-0.0435443868805083,"gamma_bin"
"gamma_bin_9.00_3.40","vary_mean",9,0.2,FALSE,105,1.1030085210386,1.03198891242429,0.150401395992013,0.93,0.284310209900806,-0.0710196086143118,"gamma_bin"
"gamma_bin_9.00_3.40","vary_mean",9,0.2,FALSE,106,0.895239451481731,0.864385889506468,0.133316089257061,0.97,0.265228663001833,-0.0308535619752628,"gamma_bin"
"gamma_bin_9.00_3.40","vary_mean",9,0.2,FALSE,107,0.603003827128156,0.622835489849351,0.119034384290114,0.94,0.227659955470437,0.0198316627211954,"gamma_bin"
"gamma_bin_9.00_3.40","vary_mean",9,0.2,FALSE,108,1.07759954005713,1.10377325607162,0.147149278100315,0.98,0.303829966338317,0.026173716014489,"gamma_bin"
"gamma_bin_9.00_3.40","vary_mean",9,0.2,FALSE,109,1.67933972630709,1.73584021534223,0.176279054150424,0.98,0.378841561000546,0.0565004890351444,"gamma_bin"
"gamma_bin_9.00_3.40","vary_mean",9,0.2,FALSE,110,0.778502984216349,0.813465940624837,0.127512818538846,0.96,0.257546470607338,0.0349629564084876,"gamma_bin"
"gamma_bin_9.00_3.40","vary_mean",9,0.2,FALSE,111,0.991989182530735,1.01252299894089,0.137638602175397,0.97,0.286342126752646,0.0205338164101514,"gamma_bin"
"gamma_bin_9.00_3.40","vary_mean",9,0.2,FALSE,112,1.07686506331656,1.10778749126704,0.161397575068981,0.9,0.298508649486038,0.0309224279504818,"gamma_bin"
"gamma_bin_9.00_3.40","vary_mean",9,0.2,FALSE,113,0.702387790154813,0.747610117381421,0.117126046234316,0.94,0.244272489941262,0.045222327226608,"gamma_bin"
"gamma_bin_9.00_3.40","vary_mean",9,0.2,FALSE,114,0.976044237490855,1.02407635443699,0.138498051381897,0.97,0.284281145093015,0.0480321169461323,"gamma_bin"
"gamma_bin_9.00_3.40","vary_mean",9,0.2,FALSE,115,1.2386571693013,1.23387991654698,0.158990131963999,0.96,0.310566540908267,-0.00477725275431862,"gamma_bin"
"gamma_bin_9.00_3.40","vary_mean",9,0.2,FALSE,116,1.16178575840714,1.14982122536824,0.154859548060529,0.96,0.299523697032512,-0.0119645330389018,"gamma_bin"
"gamma_bin_9.00_3.40","vary_mean",9,0.2,FALSE,117,1.19460307270673,1.19767340045465,0.155662964980405,0.92,0.305508632900069,0.00307032774792115,"gamma_bin"
"gamma_bin_9.00_3.40","vary_mean",9,0.2,FALSE,118,1.1631999130357,1.19207846179572,0.138236544417941,0.96,0.305578665349055,0.0288785487600165,"gamma_bin"
"gamma_bin_9.00_3.40","vary_mean",9,0.2,FALSE,119,1.07031355257977,1.08154930959401,0.163714100565354,0.92,0.290622469212954,0.0112357570142396,"gamma_bin"
"gamma_bin_9.00_3.40","vary_mean",9,0.2,FALSE,120,0.877747847801672,0.900124746703291,0.146310422718414,0.92,0.264299432662898,0.0223768989016194,"gamma_bin"
"gamma_bin_9.00_3.40","vary_mean",9,0.2,FALSE,121,1.36754433627127,1.4152973327399,0.167102156710866,0.93,0.329112486734559,0.047752996468631,"gamma_bin"
"gamma_bin_9.00_3.40","vary_mean",9,0.2,FALSE,122,0.835785870448611,0.873588883519049,0.144349045572862,0.91,0.255751917834328,0.0378030130704383,"gamma_bin"
"gamma_bin_9.00_3.40","vary_mean",9,0.2,FALSE,123,1.2672350602796,1.2975829008391,0.152675661449202,0.94,0.309338317931249,0.0303478405595037,"gamma_bin"
"gamma_bin_9.00_3.40","vary_mean",9,0.2,FALSE,124,0.96912547878376,1.01482185580408,0.135032778855007,0.95,0.271689234902507,0.0456963770203198,"gamma_bin"
"gamma_bin_9.00_3.40","vary_mean",9,0.2,FALSE,125,0.847337032261578,0.885978441082047,0.130111139202915,0.93,0.252248163991661,0.0386414088204692,"gamma_bin"
"gamma_bin_9.00_3.40","vary_mean",9,0.2,FALSE,126,0.715562409302676,0.731342462492991,0.109871359508709,0.97,0.228300825210862,0.0157800531903147,"gamma_bin"
"gamma_bin_9.00_3.40","vary_mean",9,0.2,FALSE,127,0.947820201198353,0.952923517330702,0.1355225080683,0.94,0.259233825813366,0.0051033161323486,"gamma_bin"
"gamma_bin_9.00_3.40","vary_mean",9,0.2,FALSE,128,0.685080159737144,0.689311231523684,0.12295028176864,0.93,0.219622955975176,0.00423107178654025,"gamma_bin"
"gamma_bin_9.00_3.40","vary_mean",9,0.2,FALSE,129,0.940715932502657,0.931984742815438,0.140821159511986,0.92,0.255663033916224,-0.00873118968721898,"gamma_bin"
"gamma_bin_9.00_3.40","vary_mean",9,0.2,FALSE,130,0.882737793731905,0.866548865731773,0.129492463727665,0.94,0.247954362209059,-0.0161889280001317,"gamma_bin"
"gamma_bin_9.00_3.40","vary_mean",9,0.2,FALSE,131,0.908595801485553,0.844872075338817,0.122753839628347,0.91,0.247196198975425,-0.0637237261467363,"gamma_bin"
"gamma_bin_9.00_3.40","vary_mean",9,0.2,FALSE,132,0.91957504082564,0.900479011887582,0.136432029457642,0.94,0.258334818551836,-0.0190960289380584,"gamma_bin"
"gamma_bin_9.00_3.40","vary_mean",9,0.2,FALSE,133,0.772867637399724,0.744459297394574,0.132974810295776,0.92,0.237685173160448,-0.0284083400051501,"gamma_bin"
"gamma_bin_9.00_3.40","vary_mean",9,0.2,FALSE,134,0.85010038418266,0.844169642284006,0.134238119211596,0.93,0.256577451516036,-0.0059307418986535,"gamma_bin"
"gamma_bin_9.00_3.40","vary_mean",9,0.2,FALSE,135,0.784742304497557,0.788314268294746,0.117468514844306,0.98,0.250721250253459,0.00357196379718927,"gamma_bin"
"gamma_bin_9.00_3.40","vary_mean",9,0.2,FALSE,136,0.974662005700731,0.960692997037642,0.142102855181644,0.95,0.279133118398772,-0.0139690086630886,"gamma_bin"
"gamma_bin_9.00_3.40","vary_mean",9,0.2,FALSE,137,0.984149213306856,0.95456791151247,0.122071641256881,0.98,0.28113780320394,-0.0295813017943862,"gamma_bin"
"gamma_bin_9.00_3.40","vary_mean",9,0.2,FALSE,138,1.19074372582141,1.14598066608418,0.196055721471252,0.88,0.310820431323331,-0.0447630597372293,"gamma_bin"
"gamma_bin_9.00_3.40","vary_mean",9,0.2,FALSE,139,1.38369717355419,1.39525180106422,0.177300691079816,0.97,0.346788589867401,0.0115546275100347,"gamma_bin"
"gamma_bin_9.00_3.40","vary_mean",9,0.2,FALSE,140,0.815809623984031,0.815246586398026,0.134101586741448,0.95,0.267307038880281,-0.000563037586004733,"gamma_bin"
"gamma_bin_9.00_3.40","vary_mean",9,0.2,FALSE,141,0.948704132009637,0.965729204136323,0.166977288829826,0.92,0.291864957128832,0.0170250721266865,"gamma_bin"
"gamma_bin_9.00_3.40","vary_mean",9,0.2,FALSE,142,0.887909591017245,0.917870341854899,0.14169056564348,0.95,0.284757916353912,0.0299607508376543,"gamma_bin"
"gamma_bin_9.00_3.40","vary_mean",9,0.2,FALSE,143,1.33194554446529,1.36219398913991,0.182613958270151,0.95,0.34482769988508,0.0302484446746238,"gamma_bin"
"gamma_bin_9.00_3.40","vary_mean",9,0.2,FALSE,144,1.33130879278334,1.35676796674496,0.134266333889138,1,0.342376676747117,0.0254591739616212,"gamma_bin"
"gamma_bin_9.00_3.40","vary_mean",9,0.2,FALSE,145,1.36040798308223,1.37019301664139,0.174417175153481,0.95,0.342185334842104,0.00978503355916449,"gamma_bin"
"gamma_bin_9.00_3.40","vary_mean",9,0.2,FALSE,146,1.03071021292377,1.03517954858449,0.178165668001175,0.89,0.295989249051945,0.00446933566071905,"gamma_bin"
"gamma_bin_9.00_3.40","vary_mean",9,0.2,FALSE,147,1.01542172209859,1.02355147191855,0.14646879909767,0.95,0.293081780392206,0.00812974981995684,"gamma_bin"
"gamma_bin_9.00_3.40","vary_mean",9,0.2,FALSE,148,0.918033733511508,0.964096330414118,0.169672755820551,0.87,0.281887482092795,0.0460625969026097,"gamma_bin"
"gamma_bin_9.00_3.40","vary_mean",9,0.2,FALSE,149,0.795399668183425,0.853693224201917,0.135671189308302,0.94,0.262171488964866,0.0582935560184922,"gamma_bin"
"gamma_bin_9.00_3.40","vary_mean",9,0.2,FALSE,150,0.94707340630239,1.00627994930378,0.135678634583068,0.98,0.281830724341547,0.0592065430013886,"gamma_bin"
"gamma_bin_9.00_3.40","vary_mean",9,0.2,FALSE,151,0.838901742382429,0.835399210346041,0.112163051995215,0.98,0.254479742835815,-0.00350253203638817,"gamma_bin"
"gamma_bin_9.00_3.40","vary_mean",9,0.2,FALSE,152,1.10279545241581,1.10404160929105,0.152246987621583,0.95,0.292046102919964,0.0012461568752411,"gamma_bin"
"gamma_bin_9.00_3.40","vary_mean",9,0.2,FALSE,153,1.09815075967234,1.11081700136695,0.168119452558591,0.92,0.293043182804656,0.0126662416946133,"gamma_bin"
"gamma_bin_9.00_3.40","vary_mean",9,0.2,FALSE,154,0.933692374106949,0.92325355669502,0.140801199295373,0.94,0.26907523010103,-0.0104388174119293,"gamma_bin"
"gamma_bin_9.00_3.40","vary_mean",9,0.2,FALSE,155,0.677255280263044,0.676411293266211,0.114264044143491,0.96,0.232023609393246,-0.000843986996832746,"gamma_bin"
"gamma_bin_9.00_3.40","vary_mean",9,0.2,FALSE,156,0.794315589671576,0.813015335322355,0.129931916050356,0.95,0.255228338135235,0.0186997456507789,"gamma_bin"
"gamma_bin_9.00_3.40","vary_mean",9,0.2,FALSE,157,0.863128942217305,0.87820345506878,0.108497388576302,0.99,0.266497815332254,0.0150745128514755,"gamma_bin"
"gamma_bin_9.00_3.40","vary_mean",9,0.2,FALSE,158,1.21212682918176,1.21773024773926,0.164082111558937,0.95,0.314397092012748,0.00560341855749913,"gamma_bin"
"gamma_bin_9.00_3.40","vary_mean",9,0.2,FALSE,159,1.02410139695973,0.979606830251301,0.140161147131958,0.94,0.28283478775165,-0.0444945667084288,"gamma_bin"
"gamma_bin_9.00_3.40","vary_mean",9,0.2,FALSE,160,0.905623732385136,0.866371881680203,0.14242130101581,0.92,0.268030289717199,-0.0392518507049333,"gamma_bin"
"gamma_bin_9.00_3.40","vary_mean",9,0.2,FALSE,161,0.9116217888269,0.884861081524825,0.139815922899345,0.94,0.272797388147003,-0.0267607073020749,"gamma_bin"
"gamma_bin_9.00_3.40","vary_mean",9,0.2,FALSE,162,0.854312926973229,0.859077233674467,0.141629636372069,0.95,0.270941703821281,0.00476430670123795,"gamma_bin"
"gamma_bin_9.00_3.40","vary_mean",9,0.2,FALSE,163,0.939537145583715,0.960846130012289,0.13206969334727,0.98,0.28790132386247,0.0213089844285739,"gamma_bin"
"gamma_bin_9.00_3.40","vary_mean",9,0.2,FALSE,164,0.80426541937565,0.784942409162306,0.140885839285574,0.94,0.260585101329645,-0.0193230102133437,"gamma_bin"
"gamma_bin_9.00_3.40","vary_mean",9,0.2,FALSE,165,1.00142458710162,1.00137856804463,0.139438398228988,0.95,0.295067298599732,-4.60190569937513e-05,"gamma_bin"
"gamma_bin_9.00_3.40","vary_mean",9,0.2,FALSE,166,1.22258752675771,1.20065393350306,0.18463381094468,0.92,0.323995170205274,-0.0219335932546514,"gamma_bin"
"gamma_bin_9.00_3.40","vary_mean",9,0.2,FALSE,167,0.797785738886173,0.809225458964977,0.128917586983055,0.98,0.268577964016371,0.011439720078804,"gamma_bin"
"gamma_bin_9.00_3.40","vary_mean",9,0.2,FALSE,168,1.14984066668627,1.14436828258954,0.166149526437712,0.94,0.321236609003845,-0.00547238409673012,"gamma_bin"
"gamma_bin_9.00_3.40","vary_mean",9,0.2,FALSE,169,0.760346365617299,0.737592580194564,0.127246463033406,0.98,0.259352437673375,-0.0227537854227351,"gamma_bin"
"gamma_bin_9.00_3.40","vary_mean",9,0.2,FALSE,170,1.3742280074719,1.37423388107188,0.197910003089972,0.95,0.355067083107828,5.87359997838988e-06,"gamma_bin"
"gamma_bin_9.00_3.40","vary_mean",9,0.2,FALSE,171,0.879913573057892,0.896294540275159,0.130659106516165,0.98,0.287270831359461,0.0163809672172666,"gamma_bin"
"gamma_bin_9.00_3.40","vary_mean",9,0.2,FALSE,172,1.40469565689074,1.41443965749702,0.181833249708689,0.97,0.361012857387662,0.00974400060628211,"gamma_bin"
"gamma_bin_9.00_3.40","vary_mean",9,0.2,FALSE,173,0.919193449899109,0.947760622872546,0.157663054661962,0.97,0.295253817081823,0.0285671729734371,"gamma_bin"
"gamma_bin_9.00_3.40","vary_mean",9,0.2,FALSE,174,0.923151861958846,0.933012156194746,0.151714009096556,0.94,0.29200568412997,0.00986029423590018,"gamma_bin"
"gamma_bin_9.00_3.40","vary_mean",9,0.2,FALSE,175,1.03836327926758,1.03971719717216,0.141283446162948,0.94,0.307327594183755,0.00135391790458383,"gamma_bin"
"gamma_bin_9.00_3.40","vary_mean",9,0.2,FALSE,176,0.9985406934674,1.02412018638299,0.137780810142741,0.98,0.303205208201543,0.0255794929155927,"gamma_bin"
"gamma_bin_9.00_3.40","vary_mean",9,0.2,FALSE,177,1.06724188250379,1.09910746111244,0.173562558645962,0.9,0.311832154828125,0.0318655786086495,"gamma_bin"
"gamma_bin_9.00_3.40","vary_mean",9,0.2,FALSE,178,0.796484699666055,0.795288239723965,0.150481193282832,0.9,0.26420920624706,-0.00119645994209028,"gamma_bin"
"gamma_bin_9.00_3.40","vary_mean",9,0.2,FALSE,179,1.1985320355335,1.18737363371209,0.172315326742637,0.94,0.322845600762207,-0.0111584018214106,"gamma_bin"
"gamma_bin_9.00_3.40","vary_mean",9,0.2,FALSE,180,1.18742100745866,1.24463700776309,0.150767013260299,0.97,0.331021715217952,0.057216000304428,"gamma_bin"
"gamma_bin_9.00_3.40","vary_mean",9,0.2,FALSE,181,1.49419527020498,1.49573036867289,0.18732585608745,0.95,0.363302118280763,0.00153509846790745,"gamma_bin"
"gamma_bin_9.00_3.40","vary_mean",9,0.2,FALSE,182,1.51569869674153,1.50005702494587,0.189252351875434,0.94,0.364376081571314,-0.0156416717956562,"gamma_bin"
"gamma_bin_9.00_3.40","vary_mean",9,0.2,FALSE,183,0.993075321330978,1.02042854943814,0.161739840920138,0.94,0.299100219577504,0.027353228107166,"gamma_bin"
"gamma_bin_9.00_3.40","vary_mean",9,0.2,FALSE,184,0.900892693512611,0.941162899342381,0.15897211237761,0.93,0.285722011751975,0.04027020582977,"gamma_bin"
"gamma_bin_9.00_3.40","vary_mean",9,0.2,FALSE,185,0.823216687408857,0.89890612566069,0.141115677024348,0.92,0.275615852340781,0.0756894382518335,"gamma_bin"
"gamma_bin_9.00_3.40","vary_mean",9,0.2,FALSE,186,1.22622981286846,1.30235693506741,0.169989470476093,0.9,0.325834002878115,0.0761271221989543,"gamma_bin"
"gamma_bin_9.00_3.40","vary_mean",9,0.2,FALSE,187,0.917491231652979,0.967115927888794,0.135261109666748,0.92,0.276824810865295,0.049624696235815,"gamma_bin"
"gamma_bin_9.00_3.40","vary_mean",9,0.2,FALSE,188,1.14601430452239,1.15726075885386,0.174299158460882,0.94,0.299516821397842,0.0112464543314696,"gamma_bin"
"gamma_bin_9.00_3.40","vary_mean",9,0.2,FALSE,189,1.15018203934659,1.15288672403811,0.147893996435297,0.96,0.297356012167562,0.00270468469152108,"gamma_bin"
"gamma_bin_9.00_3.40","vary_mean",9,0.2,FALSE,190,1.13788009197463,1.11893374451875,0.135898339129708,0.95,0.293177729665816,-0.0189463474558764,"gamma_bin"
"gamma_bin_9.00_3.40","vary_mean",9,0.2,FALSE,191,1.77821476084602,1.7971343539187,0.186282243694639,0.97,0.371372419310595,0.0189195930726791,"gamma_bin"
"gamma_bin_9.00_3.40","vary_mean",9,0.2,FALSE,192,1.12622467540917,1.15264214401494,0.157127742082368,0.94,0.296401094242232,0.0264174686057657,"gamma_bin"
"gamma_bin_9.00_3.40","vary_mean",9,0.2,FALSE,193,1.63143870001326,1.67803060398201,0.179289880647781,0.95,0.3559259971617,0.0465919039687539,"gamma_bin"
"gamma_bin_9.00_3.40","vary_mean",9,0.2,FALSE,194,1.96133686485764,2.08049928318517,0.206886033912009,0.9,0.391852430832669,0.119162418327527,"gamma_bin"
"gamma_bin_9.00_3.40","vary_mean",9,0.2,FALSE,195,1.62645944263275,1.73231996376871,0.160981772822278,0.93,0.352013642322333,0.105860521135957,"gamma_bin"
"gamma_bin_9.00_3.40","vary_mean",9,0.2,FALSE,196,1.22116224956869,1.35360943488806,0.146771119931565,0.88,0.304854517183012,0.132447185319366,"gamma_bin"
"gamma_bin_9.00_3.40","vary_mean",9,0.2,FALSE,197,1.08513472727433,1.22130425686158,0.132727538534487,0.86,0.281263012394419,0.136169529587248,"gamma_bin"
"gamma_bin_9.00_3.40","vary_mean",9,0.2,FALSE,198,1.22272793926392,1.36346650577688,0.139591001660618,0.83,0.287255954014738,0.140738566512963,"gamma_bin"
"gamma_bin_9.00_3.40","vary_mean",9,0.2,FALSE,199,1.29605177368887,1.41225687301144,0.140525459479051,0.89,0.282959404322458,0.116205099322566,"gamma_bin"
"gamma_bin_9.00_3.40","vary_mean",9,0.2,FALSE,200,1.66923410820015,1.8099956865012,0.170625308821233,0.84,0.311103380219858,0.140761578301053,"gamma_bin"
"gamma_bin_9.00_3.40","vary_mean",9,0.2,FALSE,201,1.1694237090907,1.22904763763755,0.117835850084266,0.92,0.250450826682174,0.0596239285468472,"gamma_bin"
"gamma_bin_9.00_3.40","vary_mean",9,0.2,FALSE,202,1.07879296650834,1.13692488242384,0.127289498479408,0.94,0.236725353396928,0.0581319159155032,"gamma_bin"
"gamma_bin_9.00_3.40","vary_mean",9,0.2,FALSE,203,0.894627487421358,0.927890268789082,0.103618537087608,0.94,0.210158728101169,0.033262781367724,"gamma_bin"
"gamma_bin_9.00_3.40","vary_mean",9,0.2,FALSE,204,0.81895014827116,0.876275986560596,0.104051181082949,0.9,0.200855215710276,0.0573258382894356,"gamma_bin"
"gamma_bin_9.00_3.40","vary_mean",9,0.2,FALSE,205,0.966704879629287,1.03057701852912,0.108686543254828,0.94,0.214099430571999,0.0638721388998369,"gamma_bin"
"gamma_bin_9.00_3.40","vary_mean",9,0.2,FALSE,206,0.735615178317886,0.750822385132076,0.0900917800183972,0.94,0.180207853578067,0.0152072068141895,"gamma_bin"
"gamma_bin_9.00_3.40","vary_mean",9,0.2,FALSE,207,0.854920650119855,0.855244256774486,0.107827010512031,0.93,0.190933424726938,0.000323606654631381,"gamma_bin"
"gamma_bin_9.00_3.40","vary_mean",9,0.2,FALSE,208,1.1836252253062,1.16382484261015,0.124846452835425,0.9,0.222767238218803,-0.0198003826960544,"gamma_bin"
"gamma_bin_9.00_3.40","vary_mean",9,0.2,FALSE,209,1.4603135494891,1.40733409154294,0.113213580052639,0.93,0.246172261779031,-0.0529794579461611,"gamma_bin"
"gamma_bin_9.00_3.40","vary_mean",9,0.2,FALSE,210,0.828359371463702,0.826790504859538,0.098245517037935,0.95,0.19056815705697,-0.00156886660416444,"gamma_bin"
"gamma_bin_9.00_3.40","vary_mean",9,0.2,FALSE,211,0.945528169177749,0.937448174284569,0.0933414170418541,0.98,0.204674766735128,-0.00807999489318001,"gamma_bin"
"gamma_bin_9.00_3.40","vary_mean",9,0.2,FALSE,212,0.79051319956122,0.803820235155933,0.0944124956571736,0.97,0.190165435088185,0.0133070355947134,"gamma_bin"
"gamma_bin_9.00_3.40","vary_mean",9,0.2,FALSE,213,1.43201623771777,1.47557694861345,0.133457492487682,0.96,0.257271698387016,0.0435607108956761,"gamma_bin"
"gamma_bin_9.00_3.40","vary_mean",9,0.2,FALSE,214,1.11428897280893,1.15047560291046,0.117753934005754,0.93,0.225993346661701,0.0361866301015297,"gamma_bin"
"gamma_bin_9.00_3.40","vary_mean",9,0.2,FALSE,215,1.11572179995221,1.12039460165016,0.130260202061623,0.93,0.222344691334702,0.00467280169794626,"gamma_bin"
"gamma_bin_9.00_3.40","vary_mean",9,0.2,FALSE,216,1.45327758905901,1.47877967922326,0.137279107275015,0.95,0.254421416886012,0.0255020901642524,"gamma_bin"
"gamma_bin_9.00_3.40","vary_mean",9,0.2,FALSE,217,1.1420673106557,1.16969477153506,0.0979527844257921,0.98,0.225270320311754,0.027627460879365,"gamma_bin"
"gamma_bin_9.00_3.40","vary_mean",9,0.2,FALSE,218,0.657966158830962,0.687620460817351,0.0810700801136901,0.96,0.171634299150093,0.029654301986389,"gamma_bin"
"gamma_bin_9.00_3.40","vary_mean",9,0.2,FALSE,219,1.3705780170681,1.45835393212634,0.115429522297519,0.91,0.247337236047137,0.0877759150582429,"gamma_bin"
"gamma_bin_9.00_3.40","vary_mean",9,0.2,FALSE,220,1.12178323201924,1.18614263479311,0.109574632487808,0.92,0.220314488973376,0.0643594027738692,"gamma_bin"
"gamma_bin_9.00_3.40","vary_mean",9,0.2,FALSE,221,1.82150678776182,1.86301552643894,0.121815151316885,0.98,0.273267144589095,0.0415087386771227,"gamma_bin"
"gamma_bin_9.00_3.40","vary_mean",9,0.2,FALSE,222,1.47822233790926,1.5096529661543,0.124332811127669,0.94,0.243454077181855,0.0314306282450361,"gamma_bin"
"gamma_bin_9.00_3.40","vary_mean",9,0.2,FALSE,223,1.2291381002976,1.2601170513081,0.11119228551174,0.95,0.220650386310807,0.0309789510104974,"gamma_bin"
"gamma_bin_9.00_3.40","vary_mean",9,0.2,FALSE,224,1.39168397860736,1.47269778640966,0.123393745620056,0.87,0.235424656819829,0.0810138078022951,"gamma_bin"
"gamma_bin_9.00_3.40","vary_mean",9,0.2,FALSE,225,1.02693213453622,1.1335913170964,0.09531453628891,0.87,0.202803583013574,0.106659182560179,"gamma_bin"
"gamma_bin_9.00_3.40","vary_mean",9,0.2,FALSE,226,0.944477107231107,1.02513333960978,0.0913279622984204,0.87,0.18854292780216,0.0806562323786769,"gamma_bin"
"gamma_bin_9.00_3.40","vary_mean",9,0.2,FALSE,227,0.88294479567521,0.945111483615454,0.0988463836917218,0.85,0.176499933356129,0.0621666879402445,"gamma_bin"
"gamma_bin_9.00_3.40","vary_mean",9,0.2,FALSE,228,1.2545287150813,1.32772042117268,0.104861456635751,0.92,0.204904885487228,0.0731917060913803,"gamma_bin"
"gamma_bin_9.00_3.40","vary_mean",9,0.2,FALSE,229,1.46483936058861,1.49684283121001,0.11737380003045,0.92,0.214200332743369,0.0320034706214012,"gamma_bin"
"gamma_bin_9.00_3.40","vary_mean",9,0.2,FALSE,230,1.5106771494413,1.51150107649206,0.0959758453621858,0.99,0.213469058813825,0.000823927050762396,"gamma_bin"
"gamma_bin_9.00_3.40","vary_mean",9,0.2,FALSE,231,1.76125096519109,1.77601730436454,0.108508704565891,0.97,0.230233692806174,0.0147663391734458,"gamma_bin"
"gamma_bin_9.00_3.40","vary_mean",9,0.2,FALSE,232,1.40611418271408,1.46336916014002,0.0934609377593979,0.93,0.207664416975091,0.0572549774259359,"gamma_bin"
"gamma_bin_9.00_3.40","vary_mean",9,0.2,FALSE,233,1.50840807515769,1.6161978949178,0.10314003074397,0.88,0.21566793933949,0.107789819760112,"gamma_bin"
"gamma_bin_9.00_3.40","vary_mean",9,0.2,FALSE,234,2.14812836507422,2.35336021615081,0.129129476099966,0.61,0.255182378589834,0.205231851076586,"gamma_bin"
"gamma_bin_9.00_3.40","vary_mean",9,0.2,FALSE,235,1.77318978695313,1.96781715881422,0.127428159384723,0.53,0.227040128244088,0.194627371861087,"gamma_bin"
"gamma_bin_9.00_3.40","vary_mean",9,0.2,FALSE,236,1.73485405696823,1.93268263246602,0.123611578043054,0.55,0.217993122450553,0.197828575497791,"gamma_bin"
"gamma_bin_9.00_3.40","vary_mean",9,0.2,FALSE,237,1.62270455030168,1.83967348737248,0.103483558510615,0.43,0.205292804806816,0.216968937070801,"gamma_bin"
"gamma_bin_9.00_3.40","vary_mean",9,0.2,FALSE,238,1.18127386711031,1.33057221136597,0.0855865632194313,0.53,0.167812066969471,0.14929834425566,"gamma_bin"
"gamma_bin_9.00_3.40","vary_mean",9,0.2,FALSE,239,1.18467641337506,1.35739775919347,0.0871122132749989,0.36,0.162453687271762,0.17272134581841,"gamma_bin"
"gamma_bin_9.00_3.40","vary_mean",9,0.2,FALSE,240,1.41686704734357,1.58886243967258,0.0999039390844556,0.46,0.168946776146203,0.171995392329012,"gamma_bin"
"gamma_bin_9.00_3.40","vary_mean",9,0.2,FALSE,241,1.25638994428988,1.37423413647762,0.0729874983613061,0.65,0.151536938751257,0.117844192187739,"gamma_bin"
"gamma_bin_9.00_3.40","vary_mean",9,0.2,FALSE,242,1.12129644908568,1.2100385471034,0.0719664976252037,0.73,0.138162054780578,0.0887420980177194,"gamma_bin"
"gamma_bin_9.00_3.40","vary_mean",9,0.2,FALSE,243,1.35471671225519,1.42122832240459,0.0694478709964008,0.86,0.146189196487259,0.0665116101493985,"gamma_bin"
"gamma_bin_9.00_3.40","vary_mean",9,0.2,FALSE,244,1.01075153524685,1.05307399170172,0.0703265787497431,0.88,0.123566133346685,0.042322456454875,"gamma_bin"
"gamma_bin_9.00_3.40","vary_mean",9,0.2,FALSE,245,1.09871605480815,1.13589110971231,0.0614018029543331,0.94,0.126373981417231,0.0371750549041647,"gamma_bin"
"gamma_bin_9.00_3.40","vary_mean",9,0.2,FALSE,246,1.01869442350015,1.05542680832106,0.0612154467190064,0.88,0.120119575145674,0.0367323848209113,"gamma_bin"
"gamma_bin_9.00_3.40","vary_mean",9,0.2,FALSE,247,0.933319674797869,0.958264125054697,0.0585173392648758,0.92,0.11286296123284,0.0249444502568281,"gamma_bin"
"gamma_bin_9.00_3.40","vary_mean",9,0.2,FALSE,248,1.07523379129616,1.10436403239525,0.0669552118851787,0.89,0.120030291261966,0.0291302410990855,"gamma_bin"
"gamma_bin_9.00_3.40","vary_mean",9,0.2,FALSE,249,1.30371060738913,1.3148611593426,0.0599224650241925,0.96,0.130029954830579,0.0111505519534747,"gamma_bin"
"gamma_bin_9.00_3.40","vary_mean",9,0.2,FALSE,250,1.41728039570922,1.41538133291574,0.0660209419641069,0.97,0.13425622248176,-0.00189906279348429,"gamma_bin"
"gamma_bin_9.00_3.40","vary_mean",9,0.2,FALSE,251,1.14476257942982,1.15209459541936,0.0620945662019371,0.98,0.120916294176112,0.00733201598954292,"gamma_bin"
"gamma_bin_9.00_3.40","vary_mean",9,0.2,FALSE,252,1.28960282315637,1.31867680189181,0.0662951348965392,0.95,0.128825029599173,0.0290739787354442,"gamma_bin"
"gamma_bin_9.00_3.40","vary_mean",9,0.2,FALSE,253,1.41166776000313,1.4668422468172,0.0655870825292936,0.88,0.135047061330986,0.0551744868140671,"gamma_bin"
