"key","scenario","grid_value","rel_error","correct","day","truth","mean_R","sd_R","coverage","half","bias","family"
"gamma_bin_10.50_3.40","vary_mean",10.5,0.4,FALSE,15,1.02510010675531,1.2578543344855,0.0281888643114667,0,0.0683273271103662,0.232754227730191,"gamma_bin"
"gamma_bin_10.50_3.40","vary_mean",10.5,0.4,FALSE,16,1.25252014867933,1.49649524130498,0.0334366046625612,0,0.0714431711115831,0.243975092625653,"gamma_bin"
"gamma_bin_10.50_3.40","vary_mean",10.5,0.4,FALSE,17,1.21525733695915,1.40612246257976,0.0353777905441948,0,0.0669141561270189,0.190865125620609,"gamma_bin"
"gamma_bin_10.50_3.40","vary_mean",10.5,0.4,FALSE,18,0.979230198394809,1.09510625369598,0.0274341605852678,0.01,0.0573814131517992,0.115876055301169,"gamma_bin"
"gamma_bin_10.50_3.40","vary_mean",10.5,0.4,FALSE,19,1.02544833790337,1.12083412397483,0.0319134497018009,0.11,0.0566868135537625,0.0953857860714624,"gamma_bin"
"gamma_bin_10.50_3.40","vary_mean",10.5,0.4,FALSE,20,1.03933643277786,1.11467387724842,0.0232222120988863,0.19,0.0554732842345188,0.0753374444705575,"gamma_bin"
"gamma_bin_10.50_3.40","vary_mean",10.5,0.4,FALSE,21,1.31704644033967,1.3816002511354,0.0300868299335486,0.38,0.0608644331041298,0.0645538107957295,"gamma_bin"
"gamma_bin_10.50_3.40","vary_mean",10.5,0.4,FALSE,22,1.01626238281987,1.04801134240313,0.0278016061451859,0.74,0.0524307603797851,0.0317489595832579,"gamma_bin"
"gamma_bin_10.50_3.40","vary_mean",10.5,0.4,FALSE,23,0.750219977978433,0.772501999348714,0.0204495374748596,0.87,0.04465631339628,0.0222820213702813,"gamma_bin"
"gamma_bin_10.50_3.40","vary_mean",10.5,0.4,FALSE,24,0.68680573053247,0.708640399442437,0.0222731184135507,0.81,0.04252096628762,0.0218346689099674,"gamma_bin"
"gamma_bin_10.50_3.40","vary_mean",10.5,0.4,FALSE,25,1.09137562864791,1.12097464491494,0.0269725709579446,0.84,0.0532247702434845,0.0295990162670312,"gamma_bin"
"gamma_bin_10.50_3.40","vary_mean",10.5,0.4,FALSE,26,0.741057834922739,0.750331583574532,0.0232562047058292,0.92,0.0433468114646553,0.00927374865179276,"gamma_bin"
"gamma_bin_10.50_3.40","vary_mean",10.5,0.4,FALSE,27,0.768534353981288,0.756930949581456,0.0215925420349862,0.93,0.0433771459250994,-0.0116034043998319,"gamma_bin"
"gamma_bin_10.50_3.40","vary_mean",10.5,0.4,FALSE,28,0.752768210408917,0.72346807732582,0.0237253914121243,0.71,0.0423538268894085,-0.0293001330830964,"gamma_bin"
"gamma_bin_10.50_3.40","vary_mean",10.5,0.4,FALSE,29,0.700189279957523,0.661814403816651,0.0194769295178668,0.51,0.0406088646412574,-0.038374876140872,"gamma_bin"
"gamma_bin_10.50_3.40","vary_mean",10.5,0.4,FALSE,30,0.555240242382622,0.513564351846174,0.0192410256136624,0.38,0.0359947544782545,-0.0416758905364478,"gamma_bin"
"gamma_bin_10.50_3.40","vary_mean",10.5,0.4,FALSE,31,0.584450640057208,0.534496839670294,0.0185310687037514,0.29,0.0370756238333105,-0.0499538003869138,"gamma_bin"
"gamma_bin_10.50_3.40","vary_mean",10.5,0.4,FALSE,32,0.680297862250013,0.606589967279345,0.0184507096581415,0.03,0.0399923068538945,-0.0737078949706678,"gamma_bin"
"gamma_bin_10.50_3.40","vary_mean",10.5,0.4,FALSE,33,0.95896579009836,0.838932596568345,0.0237145937309091,0,0.0477503514688392,-0.120033193530015,"gamma_bin"
"gamma_bin_10.50_3.40","vary_mean",10.5,0.4,FALSE,34,1.26713544933213,1.0828497040061,0.0283103137255435,0,0.0552474663636633,-0.184285745326027,"gamma_bin"
"gamma_bin_10.50_3.40","vary_mean",10.5,0.4,FALSE,35,1.32835487275134,1.12285968429045,0.0302361348208672,0,0.0574906770330058,-0.20549518846089,"gamma_bin"
"gamma_bin_10.50_3.40","vary_mean",10.5,0.4,FALSE,36,0.820532179912435,0.710802352076552,0.0247110681000913,0.01,0.0468875383412931,-0.109729827835883,"gamma_bin"
"gamma_bin_10.50_3.40","vary_mean",10.5,0.4,FALSE,37,0.605066948223753,0.552214676781288,0.0240855150185197,0.34,0.0424019438232814,-0.0528522714424652,"gamma_bin"
"gamma_bin_10.50_3.40","vary_mean",10.5,0.4,FALSE,38,0.480613317476216,0.467639154890269,0.0202524691621788,0.89,0.0399078798769446,-0.0129741625859473,"gamma_bin"
"gamma_bin_10.50_3.40","vary_mean",10.5,0.4,FALSE,39,0.729684595490469,0.740230877500237,0.028772171404467,0.91,0.0509609655356428,0.010546282009768,"gamma_bin"
"gamma_bin_10.50_3.40","vary_mean",10.5,0.4,FALSE,40,0.815117093248404,0.821038059008397,0.0291782028881769,0.95,0.0539895455115988,0.00592096575999301,"gamma_bin"
"gamma_bin_10.50_3.40","vary_mean",10.5,0.4,FALSE,41,0.615435524003123,0.592539921191357,0.0232153195919801,0.86,0.0458867112964728,-0.0228956028117658,"gamma_bin"
"gamma_bin_10.50_3.40","vary_mean",10.5,0.4,FALSE,42,0.771681049543453,0.706149089002174,0.0234356168871652,0.23,0.0501502137642351,-0.0655319605412794,"gamma_bin"
"gamma_bin_10.50_3.40","vary_mean",10.5,0.4,FALSE,43,0.638637642797715,0.56191099429465,0.0253940330248037,0.16,0.0450304598938608,-0.0767266485030647,"gamma_bin"
"gamma_bin_10.50_3.40","vary_mean",10.5,0.4,FALSE,44,0.502607638572081,0.4369604965117,0.0224660028847753,0.18,0.0402624534833978,-0.065647142060381,"gamma_bin"
"gamma_bin_10.50_3.40","vary_mean",10.5,0.4,FALSE,45,0.419348773276434,0.36224903351672,0.0172969360931498,0.16,0.0374037947563105,-0.0570997397597137,"gamma_bin"
"gamma_bin_10.50_3.40","vary_mean",10.5,0.4,FALSE,46,0.532523289397014,0.455740097652186,0.0225426892930073,0.07,0.0429615744778792,-0.0767831917448276,"gamma_bin"
"gamma_bin_10.50_3.40","vary_mean",10.5,0.4,FALSE,47,0.748164536979726,0.632036072487813,0.0238723639501913,0,0.0519116961404977,-0.116128464491913,"gamma_bin"
"gamma_bin_10.50_3.40","vary_mean",10.5,0.4,FALSE,48,0.699597036363356,0.574736566456662,0.0249055735049407,0,0.0508440688597311,-0.124860469906694,"gamma_bin"
"gamma_bin_10.50_3.40","vary_mean",10.5,0.4,FALSE,49,0.840634610500807,0.683948157509147,0.0269471928315412,0,0.0570778808182864,-0.15668645299166,"gamma_bin"
"gamma_bin_10.50_3.40","vary_mean",10.5,0.4,FALSE,50,0.605572567510499,0.489795301400848,0.0216938681518323,0,0.0498488727659893,-0.115777266109651,"gamma_bin"
"gamma_bin_10.50_3.40","vary_mean",10.5,0.4,FALSE,51,0.551154795645625,0.44965628944358,0.0227934410869908,0.01,0.049422597584786,-0.101498506202045,"gamma_bin"
"gamma_bin_10.50_3.40","vary_mean",10.5,0.4,FALSE,52,0.382419782215341,0.318165190017046,0.0246173128079924,0.23,0.0430492096595576,-0.0642545921982947,"gamma_bin"
"gamma_bin_10.50_3.40","vary_mean",10.5,0.4,FALSE,53,0.67605453850849,0.573507864379502,0.0325002582192698,0.11,0.0597823404079472,-0.102546674128988,"gamma_bin"
"gamma_bin_10.50_3.40","vary_mean",10.5,0.4,FALSE,54,0.67389745281474,0.582226777293511,0.0316144518964211,0.19,0.062084909733532,-0.0916706755212287,"gamma_bin"
"gamma_bin_10.50_3.40","vary_mean",10.5,0.4,FALSE,55,0.928654307802489,0.786646408992981,0.0383290306754619,0.05,0.0741481251301638,-0.142007898809508,"gamma_bin"
"gamma_bin_10.50_3.40","vary_mean",10.5,0.4,FALSE,56,0.750444909156983,0.627038959531938,0.0373637950933459,0.12,0.0679591493328364,-0.123405949625045,"gamma_bin"
"gamma_bin_10.50_3.40","vary_mean",10.5,0.4,FALSE,57,0.713559496047443,0.586725659381973,0.0348286484806699,0.07,0.0675976581253186,-0.12683383666547,"gamma_bin"
"gamma_bin_10.50_3.40","vary_mean",10.5,0.4,FALSE,58,0.492127182876667,0.414700976525061,0.0316883000706619,0.31,0.0585538525171497,-0.0774262063516058,"gamma_bin"
"gamma_bin_10.50_3.40","vary_mean",10.5,0.4,FALSE,59,0.488121905081673,0.421736139560339,0.0305606554011996,0.51,0.0608922131877074,-0.066385765521334,"gamma_bin"
"gamma_bin_10.50_3.40","vary_mean",10.5,0.4,FALSE,60,0.671861168143052,0.594028992359394,0.0364326450575668,0.53,0.0743779766563246,-0.0778321757836582,"gamma_bin"
"gamma_bin_10.50_3.40","vary_mean",10.5,0.4,FALSE,61,0.791762464983911,0.69418692717543,0.040706742788103,0.41,0.0824609968954944,-0.0975755378084807,"gamma_bin"
"gamma_bin_10.50_3.40","vary_mean",10.5,0.4,FALSE,62,0.652922492639065,0.560691721601997,0.0405254261049144,0.39,0.0757956296491123,-0.0922307710370684,"gamma_bin"
"gamma_bin_10.50_3.40","vary_mean",10.5,0.4,FALSE,63,0.613891069127135,0.520076102163496,0.0361064470770883,0.4,0.0746581264287857,-0.093814966963639,"gamma_bin"
"gamma_bin_10.50_3.40","vary_mean",10.5,0.4,FALSE,64,0.747174650317661,0.62932182625325,0.0431609449681203,0.26,0.08414350274521,-0.117852824064411,"gamma_bin"
"gamma_bin_10.50_3.40","vary_mean",10.5,0.4,FALSE,65,0.706701130088712,0.595992385716381,0.0461910725355875,0.32,0.0841250663510663,-0.110708744372331,"gamma_bin"
"gamma_bin_10.50_3.40","vary_mean",10.5,0.4,FALSE,66,0.51187393654748,0.438776331823178,0.0370423870737668,0.56,0.0742787088916698,-0.0730976047243024,"gamma_bin"
"gamma_bin_10.50_3.40","vary_mean",10.5,0.4,FALSE,67,0.670601402325688,0.569272908642896,0.0450085083908711,0.38,0.0870717237695171,-0.101328493682792,"gamma_bin"
"gamma_bin_10.50_3.40","vary_mean",10.5,0.4,FALSE,68,1.17253163081397,1.00532290536472,0.062896885839755,0.23,0.118993292661427,-0.167208725449253,"gamma_bin"
"gamma_bin_10.50_3.40","vary_mean",10.5,0.4,FALSE,69,1.09882955126721,0.935083881424904,0.0662479092644061,0.26,0.117846079966896,-0.163745669842306,"gamma_bin"
"gamma_bin_10.50_3.40","vary_mean",10.5,0.4,FALSE,70,0.864010024055233,0.7428850286121,0.055003864715561,0.43,0.107769155311696,-0.121124995443133,"gamma_bin"
"gamma_bin_10.50_3.40","vary_mean",10.5,0.4,FALSE,71,0.715098113998147,0.633707153789592,0.0555840987825412,0.68,0.102021573764656,-0.081390960208555,"gamma_bin"
"gamma_bin_10.50_3.40","vary_mean",10.5,0.4,FALSE,72,0.5778146754347,0.542320021463722,0.0503310432214044,0.91,0.0966153402480246,-0.0354946539709777,"gamma_bin"
"gamma_bin_10.50_3.40","vary_mean",10.5,0.4,FALSE,73,0.968098548670386,0.930783964449958,0.0591997322454905,0.94,0.129108471746712,-0.0373145842204281,"gamma_bin"
"gamma_bin_10.50_3.40","vary_mean",10.5,0.4,FALSE,74,0.655349167508219,0.633248403957187,0.0565080479684329,0.93,0.10793334031543,-0.0221007635510321,"gamma_bin"
"gamma_bin_10.50_3.40","vary_mean",10.5,0.4,FALSE,75,0.59977224361632,0.571100433140636,0.0538713949893496,0.91,0.103417645340537,-0.0286718104756841,"gamma_bin"
"gamma_bin_10.50_3.40","vary_mean",10.5,0.4,FALSE,76,0.795810456805532,0.746045243181372,0.0596583808286973,0.91,0.119065664915968,-0.0497652136241596,"gamma_bin"
"gamma_bin_10.50_3.40","vary_mean",10.5,0.4,FALSE,77,0.873668877519834,0.793811780130351,0.058843692791315,0.81,0.123871507230663,-0.0798570973894833,"gamma_bin"
"gamma_bin_10.50_3.40","vary_mean",10.5,0.4,FALSE,78,0.655524310026793,0.587614802011284,0.0632725557400663,0.72,0.107792138484631,-0.0679095080155093,"gamma_bin"
"gamma_bin_10.50_3.40","vary_mean",10.5,0.4,FALSE,79,0.810623636163075,0.722798044162942,0.0656084103137491,0.71,0.121434102479712,-0.0878255920001328,"gamma_bin"
"gamma_bin_10.50_3.40","vary_mean",10.5,0.4,FALSE,80,0.610456557383718,0.53575107703403,0.0478829866610066,0.76,0.106548853145431,-0.0747054803496882,"gamma_bin"
"gamma_bin_10.50_3.40","vary_mean",10.5,0.4,FALSE,81,0.859858611274139,0.763511222610535,0.0686554350942396,0.72,0.129855592375276,-0.0963473886636045,"gamma_bin"
"gamma_bin_10.50_3.40","vary_mean",10.5,0.4,FALSE,82,0.71793472208637,0.640658882316328,0.0581936038401641,0.8,0.121452671964752,-0.0772758397700423,"gamma_bin"
"gamma_bin_10.50_3.40","vary_mean",10.5,0.4,FALSE,83,0.992203959261976,0.8804515625367,0.073885301445063,0.64,0.145339473874029,-0.111752396725276,"gamma_bin"
"gamma_bin_10.50_3.40","vary_mean",10.5,0.4,FALSE,84,1.12541562776308,0.998715817822179,0.0884882911078342,0.62,0.157851663461458,-0.126699809940901,"gamma_bin"
"gamma_bin_10.50_3.40","vary_mean",10.5,0.4,FALSE,85,0.719081428835968,0.652475713064316,0.074141366106136,0.78,0.130010079973455,-0.0666057157716521,"gamma_bin"
"gamma_bin_10.50_3.40","vary_mean",10.5,0.4,FALSE,86,0.84752493125734,0.783862186860114,0.0695564582696028,0.89,0.14529461423158,-0.0636627443972262,"gamma_bin"
"gamma_bin_10.50_3.40","vary_mean",10.5,0.4,FALSE,87,0.855021916180829,0.805061094992216,0.079014425898953,0.87,0.149815036671505,-0.0499608211886127,"gamma_bin"
"gamma_bin_10.50_3.40","vary_mean",10.5,0.4,FALSE,88,1.05231211723794,1.01608015764706,0.0907979506866996,0.93,0.170800473849799,-0.0362319595908844,"gamma_bin"
"gamma_bin_10.50_3.40","vary_mean",10.5,0.4,FALSE,89,0.736245763604483,0.713375751182953,0.0797702187761815,0.91,0.144667408470222,-0.0228700124215302,"gamma_bin"
"gamma_bin_10.50_3.40","vary_mean",10.5,0.4,FALSE,90,0.910435800275709,0.892641855780543,0.0811925305578361,0.94,0.163255227987381,-0.017793944495166,"gamma_bin"
"gamma_bin_10.50_3.40","vary_mean",10.5,0.4,FALSE,91,0.875373992276142,0.854239407101449,0.0841649671456254,0.92,0.160741147096227,-0.0211345851746932,"gamma_bin"
"gamma_bin_10.50_3.40","vary_mean",10.5,0.4,FALSE,92,1.13308580158326,1.07685002890336,0.0850163228638769,0.93,0.181749105235842,-0.0562357726799032,"gamma_bin"
"gamma_bin_10.50_3.40","vary_mean",10.5,0.4,FALSE,93,0.779622317935819,0.756199005417658,0.0834279910466864,0.94,0.153295529704858,-0.0234233125181614,"gamma_bin"
"gamma_bin_10.50_3.40","vary_mean",10.5,0.4,FALSE,94,0.738590807925372,0.704166659108413,0.0793067143948454,0.94,0.148958824328874,-0.0344241488169589,"gamma_bin"
"gamma_bin_10.50_3.40","vary_mean",10.5,0.4,FALSE,95,0.736386067431423,0.722856683772451,0.0849166993858581,0.89,0.15206869632199,-0.0135293836589717,"gamma_bin"
"gamma_bin_10.50_3.40","vary_mean",10.5,0.4,FALSE,96,0.940470991453404,0.919511615573109,0.0927757045489315,0.92,0.172742706919973,-0.0209593758802946,"gamma_bin"
"gamma_bin_10.50_3.40","vary_mean",10.5,0.4,FALSE,97,0.92681020267862,0.899455440900391,0.0844393426329989,0.95,0.171988308718598,-0.0273547617782293,"gamma_bin"
"gamma_bin_10.50_3.40","vary_mean",10.5,0.4,FALSE,98,0.805264800704658,0.770679109470153,0.0817331396229476,0.92,0.160232027167992,-0.0345856912345054,"gamma_bin"
"gamma_bin_10.50_3.40","vary_mean",10.5,0.4,FALSE,99,0.96897608307621,0.9275801697133,0.098604786967206,0.89,0.177114578922056,-0.0413959133629096,"gamma_bin"
"gamma_bin_10.50_3.40","vary_mean",10.5,0.4,FALSE,100,0.483332995262756,0.45839507277471,0.0651150722097383,0.95,0.125714484766988,-0.0249379224880459,"gamma_bin"
"gamma_bin_10.50_3.40","vary_mean",10.5,0.4,FALSE,101,0.66077716283239,0.633487360434884,0.0785803316568553,0.92,0.149481403181569,-0.0272898023975056,"gamma_bin"
"gamma_bin_10.50_3.40","vary_mean",10.5,0.4,FALSE,102,0.655745239910364,0.617889133045574,0.0695235551082893,0.92,0.149259226668571,-0.0378561068647902,"gamma_bin"
"gamma_bin_10.50_3.40","vary_mean",10.5,0.4,FALSE,103,1.19599908198214,1.10486516344211,0.0946055267730945,0.89,0.20188777924323,-0.0911339185400284,"gamma_bin"
"gamma_bin_10.50_3.40","vary_mean",10.5,0.4,FALSE,104,1.52020654998133,1.37218258400973,0.110795266762787,0.79,0.22747381525189,-0.148023965971601,"gamma_bin"
"gamma_bin_10.50_3.40","vary_mean",10.5,0.4,FALSE,105,1.10303826313934,0.992633216097084,0.104749526430971,0.78,0.195916723833016,-0.110405047042256,"gamma_bin"
"gamma_bin_10.50_3.40","vary_mean",10.5,0.4,FALSE,106,0.895258886773757,0.822293696229583,0.0898264949802012,0.88,0.181156050326801,-0.0729651905441743,"gamma_bin"
"gamma_bin_10.50_3.40","vary_mean",10.5,0.4,FALSE,107,0.603016892421566,0.577522640886618,0.0764944002248302,0.96,0.154341269971073,-0.025494251534948,"gamma_bin"
"gamma_bin_10.50_3.40","vary_mean",10.5,0.4,FALSE,108,1.07762321196894,1.09183771140862,0.115906531139529,0.92,0.215298295915587,0.0142144994396798,"gamma_bin"
"gamma_bin_10.50_3.40","vary_mean",10.5,0.4,FALSE,109,1.67936751135944,1.75258061237823,0.16847841375921,0.86,0.274752386870871,0.073213101018788,"gamma_bin"
"gamma_bin_10.50_3.40","vary_mean",10.5,0.4,FALSE,110,0.778512854791425,0.814605339160488,0.0908772646256093,0.91,0.187258273858806,0.036092484369063,"gamma_bin"
"gamma_bin_10.50_3.40","vary_mean",10.5,0.4,FALSE,111,0.992005341124613,1.00253799399503,0.101391602786559,0.95,0.206753325000443,0.010532652870413,"gamma_bin"
"gamma_bin_10.50_3.40","vary_mean",10.5,0.4,FALSE,112,1.07688074493023,1.10502221431409,0.119747836016631,0.91,0.216021946677653,0.0281414693838582,"gamma_bin"
"gamma_bin_10.50_3.40","vary_mean",10.5,0.4,FALSE,113,0.702400819858529,0.73994764598407,0.087852594059787,0.95,0.176023474421772,0.0375468261255413,"gamma_bin"
"gamma_bin_10.50_3.40","vary_mean",10.5,0.4,FALSE,114,0.976066509197994,1.00818957784468,0.114984950982216,0.9,0.204652823934805,0.0321230686466901,"gamma_bin"
"gamma_bin_10.50_3.40","vary_mean",10.5,0.4,FALSE,115,1.23867756628513,1.25977604984087,0.130473981841183,0.92,0.227634149342443,0.0210984835557431,"gamma_bin"
"gamma_bin_10.50_3.40","vary_mean",10.5,0.4,FALSE,116,1.16180338965973,1.16848375646682,0.109253415476411,0.97,0.21829119725343,0.00668036680708695,"gamma_bin"
"gamma_bin_10.50_3.40","vary_mean",10.5,0.4,FALSE,117,1.19462029108814,1.18016848799039,0.117904162356541,0.94,0.218732897787906,-0.0144518030977518,"gamma_bin"
"gamma_bin_10.50_3.40","vary_mean",10.5,0.4,FALSE,118,1.16321995780671,1.14694065136406,0.11346679623207,0.96,0.215596295449455,-0.0162793064426456,"gamma_bin"
"gamma_bin_10.50_3.40","vary_mean",10.5,0.4,FALSE,119,1.07032628214879,1.0858441644357,0.105698573871287,0.92,0.210049977874913,0.015517882286914,"gamma_bin"
"gamma_bin_10.50_3.40","vary_mean",10.5,0.4,FALSE,120,0.877757633134012,0.904397152519175,0.0888013886901222,0.94,0.191898344843905,0.0266395193851625,"gamma_bin"
"gamma_bin_10.50_3.40","vary_mean",10.5,0.4,FALSE,121,1.36755731263547,1.44264196341221,0.124529240317303,0.91,0.241921345313418,0.075084650776742,"gamma_bin"
"gamma_bin_10.50_3.40","vary_mean",10.5,0.4,FALSE,122,0.835796444244159,0.897298792266622,0.096826509878784,0.89,0.1898716173979,0.0615023480224629,"gamma_bin"
"gamma_bin_10.50_3.40","vary_mean",10.5,0.4,FALSE,123,1.26724551805682,1.32890942492041,0.105503299321689,0.93,0.2292943363106,0.0616639068635854,"gamma_bin"
"gamma_bin_10.50_3.40","vary_mean",10.5,0.4,FALSE,124,0.969129898643769,1.01472782253237,0.0904205865125858,0.93,0.198598145709809,0.0455979238886056,"gamma_bin"
"gamma_bin_10.50_3.40","vary_mean",10.5,0.4,FALSE,125,0.847338782890042,0.88590500684426,0.0848436982315417,0.94,0.184142463465738,0.0385662239542184,"gamma_bin"
"gamma_bin_10.50_3.40","vary_mean",10.5,0.4,FALSE,126,0.715564882412269,0.750374852540895,0.0838827494854452,0.95,0.168248011592672,0.0348099701286261,"gamma_bin"
"gamma_bin_10.50_3.40","vary_mean",10.5,0.4,FALSE,127,0.94782383341486,0.973709438853728,0.0964671125253391,0.96,0.19052994899184,0.025885605438868,"gamma_bin"
"gamma_bin_10.50_3.40","vary_mean",10.5,0.4,FALSE,128,0.685081694959754,0.693093455561482,0.0756217743894248,0.96,0.160022792023699,0.00801176060172759,"gamma_bin"
"gamma_bin_10.50_3.40","vary_mean",10.5,0.4,FALSE,129,0.940719567434955,0.926162187064783,0.0951984536036706,0.92,0.184403089760038,-0.0145573803701722,"gamma_bin"
"gamma_bin_10.50_3.40","vary_mean",10.5,0.4,FALSE,130,0.882735861931285,0.841467634842509,0.0854631835686719,0.95,0.175623241506961,-0.0412682270887761,"gamma_bin"
"gamma_bin_10.50_3.40","vary_mean",10.5,0.4,FALSE,131,0.908592867608554,0.864233646333633,0.0972142797506049,0.92,0.178573676398518,-0.0443592212749208,"gamma_bin"
"gamma_bin_10.50_3.40","vary_mean",10.5,0.4,FALSE,132,0.919571358645804,0.838054129644439,0.0871237753513999,0.87,0.177032044372102,-0.0815172290013653,"gamma_bin"
"gamma_bin_10.50_3.40","vary_mean",10.5,0.4,FALSE,133,0.772870216905444,0.708619910332876,0.0908196278894934,0.87,0.164420275229575,-0.0642503065725685,"gamma_bin"
"gamma_bin_10.50_3.40","vary_mean",10.5,0.4,FALSE,134,0.850110615604727,0.786320717123398,0.0778276468281024,0.93,0.175509936948577,-0.0637898984813293,"gamma_bin"
"gamma_bin_10.50_3.40","vary_mean",10.5,0.4,FALSE,135,0.784750966748685,0.736412009502373,0.0999754582860802,0.88,0.171754166662023,-0.0483389572463125,"gamma_bin"
"gamma_bin_10.50_3.40","vary_mean",10.5,0.4,FALSE,136,0.974669466757976,0.931065233471982,0.098623754155449,0.97,0.195477794232836,-0.0436042332859936,"gamma_bin"
"gamma_bin_10.50_3.40","vary_mean",10.5,0.4,FALSE,137,0.984151011066472,0.930220119262287,0.10951435909069,0.9,0.197444532786303,-0.0539308918041846,"gamma_bin"
"gamma_bin_10.50_3.40","vary_mean",10.5,0.4,FALSE,138,1.1907508581573,1.11013761060539,0.106519941921966,0.91,0.217805558543841,-0.0806132475519137,"gamma_bin"
"gamma_bin_10.50_3.40","vary_mean",10.5,0.4,FALSE,139,1.38368582408824,1.29171244944203,0.118178171112951,0.9,0.237373650549282,-0.0919733746462061,"gamma_bin"
"gamma_bin_10.50_3.40","vary_mean",10.5,0.4,FALSE,140,0.815817246340058,0.788799652660106,0.101719919768659,0.94,0.187392138420292,-0.027017593679952,"gamma_bin"
"gamma_bin_10.50_3.40","vary_mean",10.5,0.4,FALSE,141,0.948708845408202,0.942037115877319,0.11006813768226,0.94,0.206868213024748,-0.00667172953088313,"gamma_bin"
"gamma_bin_10.50_3.40","vary_mean",10.5,0.4,FALSE,142,0.887913521021147,0.918128098624234,0.116856934975132,0.9,0.20567850597449,0.0302145776030874,"gamma_bin"
"gamma_bin_10.50_3.40","vary_mean",10.5,0.4,FALSE,143,1.33195215209727,1.36014355155753,0.137821988824241,0.92,0.25098308342484,0.0281913994602627,"gamma_bin"
"gamma_bin_10.50_3.40","vary_mean",10.5,0.4,FALSE,144,1.33130915175386,1.39276742590472,0.142955026553488,0.87,0.253442931715672,0.0614582741508634,"gamma_bin"
"gamma_bin_10.50_3.40","vary_mean",10.5,0.4,FALSE,145,1.36040954450305,1.39861790168873,0.119154077272082,0.95,0.252987521007517,0.0382083571856813,"gamma_bin"
"gamma_bin_10.50_3.40","vary_mean",10.5,0.4,FALSE,146,1.03071516120352,1.05688342190221,0.113206424588574,0.93,0.218697546156137,0.0261682606986904,"gamma_bin"
"gamma_bin_10.50_3.40","vary_mean",10.5,0.4,FALSE,147,1.01542687773298,1.07051179236154,0.111040658446754,0.9,0.219047369624248,0.0550849146285624,"gamma_bin"
"gamma_bin_10.50_3.40","vary_mean",10.5,0.4,FALSE,148,0.918038272830281,0.980486338296919,0.105096707153315,0.9,0.208559341498804,0.0624480654666378,"gamma_bin"
"gamma_bin_10.50_3.40","vary_mean",10.5,0.4,FALSE,149,0.795403147880171,0.86557585507348,0.101154295880279,0.92,0.194661993411304,0.0701727071933088,"gamma_bin"
"gamma_bin_10.50_3.40","vary_mean",10.5,0.4,FALSE,150,0.947076494147123,1.02013613104046,0.102468344169602,0.9,0.209007183443253,0.0730596368933405,"gamma_bin"
"gamma_bin_10.50_3.40","vary_mean",10.5,0.4,FALSE,151,0.838902415667924,0.868904884823569,0.108027709478243,0.91,0.19041077522178,0.0300024691556445,"gamma_bin"
"gamma_bin_10.50_3.40","vary_mean",10.5,0.4,FALSE,152,1.10280245382765,1.10347610345722,0.120110885067363,0.95,0.212586882995063,0.000673649629569395,"gamma_bin"
"gamma_bin_10.50_3.40","vary_mean",10.5,0.4,FALSE,153,1.09815440539428,1.07487441134981,0.103100947020138,0.97,0.208495133679795,-0.023279994044471,"gamma_bin"
"gamma_bin_10.50_3.40","vary_mean",10.5,0.4,FALSE,154,0.933699509626363,0.9091840014899,0.110457478778666,0.91,0.191419176056311,-0.0245155081364625,"gamma_bin"
"gamma_bin_10.50_3.40","vary_mean",10.5,0.4,FALSE,155,0.677259462566555,0.669785494619457,0.0869985388165848,0.95,0.164835947842033,-0.0074739679470982,"gamma_bin"
"gamma_bin_10.50_3.40","vary_mean",10.5,0.4,FALSE,156,0.794318325784725,0.763791898680747,0.0999422609432164,0.91,0.177002389783167,-0.0305264271039779,"gamma_bin"
"gamma_bin_10.50_3.40","vary_mean",10.5,0.4,FALSE,157,0.863129045133472,0.838875756711324,0.101492283716582,0.92,0.186735638988333,-0.0242532884221481,"gamma_bin"
"gamma_bin_10.50_3.40","vary_mean",10.5,0.4,FALSE,158,1.2121292060572,1.19307780051073,0.130862344354946,0.93,0.223873782896524,-0.0190514055464734,"gamma_bin"
"gamma_bin_10.50_3.40","vary_mean",10.5,0.4,FALSE,159,1.02410099479473,0.976967925165607,0.0983246633282815,0.94,0.203540549257604,-0.0471330696291229,"gamma_bin"
"gamma_bin_10.50_3.40","vary_mean",10.5,0.4,FALSE,160,0.905625417711481,0.859950862718893,0.0976380331562635,0.93,0.191750444907037,-0.0456745549925879,"gamma_bin"
"gamma_bin_10.50_3.40","vary_mean",10.5,0.4,FALSE,161,0.911623484707899,0.880204275131741,0.103600503818548,0.91,0.195323503436007,-0.0314192095761581,"gamma_bin"
"gamma_bin_10.50_3.40","vary_mean",10.5,0.4,FALSE,162,0.854314364398061,0.841793292547108,0.110728626356362,0.95,0.192358754863266,-0.0125210718509532,"gamma_bin"
"gamma_bin_10.50_3.40","vary_mean",10.5,0.4,FALSE,163,0.939538506142908,0.913219169872783,0.099385695203888,0.94,0.201822151118665,-0.0263193362701246,"gamma_bin"
"gamma_bin_10.50_3.40","vary_mean",10.5,0.4,FALSE,164,0.804264811038419,0.788223763554728,0.103667004989125,0.92,0.188429757065877,-0.0160410474836913,"gamma_bin"
"gamma_bin_10.50_3.40","vary_mean",10.5,0.4,FALSE,165,1.00142358506205,1.00372495548395,0.11038693035478,0.97,0.213640382225561,0.00230137042190037,"gamma_bin"
"gamma_bin_10.50_3.40","vary_mean",10.5,0.4,FALSE,166,1.22258511650756,1.15742091834399,0.12127317853397,0.93,0.229753127722955,-0.0651641981635731,"gamma_bin"
"gamma_bin_10.50_3.40","vary_mean",10.5,0.4,FALSE,167,0.797785743145654,0.77154207227504,0.101204004643423,0.94,0.188291420868737,-0.0262436708706141,"gamma_bin"
"gamma_bin_10.50_3.40","vary_mean",10.5,0.4,FALSE,168,1.1498418409574,1.11700159081304,0.109563689535538,0.95,0.227633004369666,-0.0328402501443557,"gamma_bin"
"gamma_bin_10.50_3.40","vary_mean",10.5,0.4,FALSE,169,0.760349335694062,0.740789141000199,0.102000962183645,0.94,0.186411438953706,-0.0195601946938633,"gamma_bin"
"gamma_bin_10.50_3.40","vary_mean",10.5,0.4,FALSE,170,1.37423882796411,1.35752203571037,0.128214711435403,0.97,0.253936780327232,-0.0167167922537357,"gamma_bin"
"gamma_bin_10.50_3.40","vary_mean",10.5,0.4,FALSE,171,0.879916177740953,0.881500195725027,0.087566918546541,0.99,0.205607591083687,0.00158401798407359,"gamma_bin"
"gamma_bin_10.50_3.40","vary_mean",10.5,0.4,FALSE,172,1.40469809778524,1.39780282705226,0.123969349560819,0.96,0.259646395850712,-0.00689527073298213,"gamma_bin"
"gamma_bin_10.50_3.40","vary_mean",10.5,0.4,FALSE,173,0.919193657171105,0.921207737033502,0.101818041284317,0.97,0.211109582305534,0.00201407986239732,"gamma_bin"
"gamma_bin_10.50_3.40","vary_mean",10.5,0.4,FALSE,174,0.923156528563282,0.945969862870528,0.109647307064711,0.93,0.213847325307798,0.0228133343072459,"gamma_bin"
"gamma_bin_10.50_3.40","vary_mean",10.5,0.4,FALSE,175,1.03837120055872,1.10467018540059,0.112441205862371,0.93,0.230754673930607,0.0662989848418658,"gamma_bin"
"gamma_bin_10.50_3.40","vary_mean",10.5,0.4,FALSE,176,0.998550191051843,1.02648087456821,0.112149440211717,0.94,0.221559642842823,0.0279306835163705,"gamma_bin"
"gamma_bin_10.50_3.40","vary_mean",10.5,0.4,FALSE,177,1.0672490953256,1.09163699079597,0.111772195722525,0.96,0.22744362781685,0.0243878954703742,"gamma_bin"
"gamma_bin_10.50_3.40","vary_mean",10.5,0.4,FALSE,178,0.796488943635566,0.805604993817425,0.0888478216234628,0.97,0.194208872007802,0.00911605018185857,"gamma_bin"
"gamma_bin_10.50_3.40","vary_mean",10.5,0.4,FALSE,179,1.19853631620291,1.21486618336318,0.112371429398359,0.98,0.237540709131603,0.0163298671602696,"gamma_bin"
"gamma_bin_10.50_3.40","vary_mean",10.5,0.4,FALSE,180,1.18742234445089,1.19405815783963,0.107360718124147,0.96,0.234630418818517,0.00663581338873964,"gamma_bin"
"gamma_bin_10.50_3.40","vary_mean",10.5,0.4,FALSE,181,1.49419822100474,1.48188447515392,0.128559274279381,0.97,0.260889579609982,-0.01231374585082,"gamma_bin"
"gamma_bin_10.50_3.40","vary_mean",10.5,0.4,FALSE,182,1.51569971274724,1.51027703655883,0.147335408963015,0.94,0.263398739413903,-0.0054226761884133,"gamma_bin"
"gamma_bin_10.50_3.40","vary_mean",10.5,0.4,FALSE,183,0.993078083144793,1.02012990548614,0.125678135634708,0.9,0.216349857744703,0.0270518223413443,"gamma_bin"
"gamma_bin_10.50_3.40","vary_mean",10.5,0.4,FALSE,184,0.900895179433443,0.957071327365825,0.113664155065141,0.93,0.209620161964842,0.0561761479323816,"gamma_bin"
"gamma_bin_10.50_3.40","vary_mean",10.5,0.4,FALSE,185,0.823216514722493,0.905129735787905,0.101793899278587,0.86,0.203136660336097,0.0819132210654122,"gamma_bin"
"gamma_bin_10.50_3.40","vary_mean",10.5,0.4,FALSE,186,1.22622352517845,1.37376799978806,0.110934947728273,0.84,0.247772798282671,0.147544474609609,"gamma_bin"
"gamma_bin_10.50_3.40","vary_mean",10.5,0.4,FALSE,187,0.917485344129662,1.01015532158858,0.105405363849286,0.84,0.209349092617293,0.0926699774589133,"gamma_bin"
"gamma_bin_10.50_3.40","vary_mean",10.5,0.4,FALSE,188,1.14600718978611,1.1919141776923,0.116939805823106,0.92,0.223989525170808,0.0459069879061864,"gamma_bin"
"gamma_bin_10.50_3.40","vary_mean",10.5,0.4,FALSE,189,1.15017955401154,1.18941871627952,0.109424360703993,0.94,0.220766710141627,0.0392391622679817,"gamma_bin"
"gamma_bin_10.50_3.40","vary_mean",10.5,0.4,FALSE,190,1.13787761403339,1.13736275031428,0.107960486476191,0.94,0.214133439496785,-0.000514863719111691,"gamma_bin"
"gamma_bin_10.50_3.40","vary_mean",10.5,0.4,FALSE,191,1.77820774658985,1.78736685808326,0.132176203165589,0.97,0.267512410602526,0.00915911149341198,"gamma_bin"
"gamma_bin_10.50_3.40","vary_mean",10.5,0.4,FALSE,192,1.12621869533816,1.15698127084576,0.101989231534584,0.94,0.21489526599564,0.0307625755075982,"gamma_bin"
"gamma_bin_10.50_3.40","vary_mean",10.5,0.4,FALSE,193,1.63142687231341,1.68171974350128,0.11691905750729,0.95,0.2588190518077,0.0502928711878718,"gamma_bin"
"gamma_bin_10.50_3.40","vary_mean",10.5,0.4,FALSE,194,1.9613208229511,2.11827422142979,0.151330936857281,0.82,0.289348501414373,0.156953398478693,"gamma_bin"
"gamma_bin_10.50_3.40","vary_mean",10.5,0.4,FALSE,195,1.62644217295684,1.86866515211351,0.144709127130935,0.57,0.269732072729184,0.242222979156675,"gamma_bin"
"gamma_bin_10.50_3.40","vary_mean",10.5,0.4,FALSE,196,1.22114876712024,1.42833282762265,0.122624133733343,0.52,0.232595237653133,0.207184060502414,"gamma_bin"
"gamma_bin_10.50_3.40","vary_mean",10.5,0.4,FALSE,197,1.08512340553335,1.312557614869,0.114958721818379,0.42,0.218523949014345,0.227434209335649,"gamma_bin"
"gamma_bin_10.50_3.40","vary_mean",10.5,0.4,FALSE,198,1.22271087570671,1.50218230633286,0.114209905818198,0.26,0.228007211527705,0.279471430626149,"gamma_bin"
"gamma_bin_10.50_3.40","vary_mean",10.5,0.4,FALSE,199,1.2960340351298,1.59770758326976,0.109985251868713,0.21,0.228065064944593,0.301673548139964,"gamma_bin"
"gamma_bin_10.50_3.40","vary_mean",10.5,0.4,FALSE,200,1.66920711624072,1.98261200581902,0.137528010699863,0.27,0.245857272143195,0.313404889578298,"gamma_bin"
"gamma_bin_10.50_3.40","vary_mean",10.5,0.4,FALSE,201,1.16940768861372,1.34763581864794,0.101211084656433,0.52,0.196301970592882,0.178228130034217,"gamma_bin"
"gamma_bin_10.50_3.40","vary_mean",10.5,0.4,FALSE,202,1.0787760344722,1.19396348531105,0.0974819134394653,0.72,0.179903932527245,0.115187450838849,"gamma_bin"
"gamma_bin_10.50_3.40","vary_mean",10.5,0.4,FALSE,203,0.894614924502778,0.987028558576502,0.0901085709055373,0.71,0.160102202783628,0.0924136340737244,"gamma_bin"
"gamma_bin_10.50_3.40","vary_mean",10.5,0.4,FALSE,204,0.818936942727194,0.917805628143869,0.0729260775054656,0.76,0.151565450623629,0.0988686854166747,"gamma_bin"
"gamma_bin_10.50_3.40","vary_mean",10.5,0.4,FALSE,205,0.966688195947552,1.06980235381689,0.0859816809176565,0.78,0.160690210613205,0.103114157869334,"gamma_bin"
"gamma_bin_10.50_3.40","vary_mean",10.5,0.4,FALSE,206,0.735602657677609,0.778468218511253,0.0616520426694944,0.89,0.13481412642049,0.0428655608336438,"gamma_bin"
"gamma_bin_10.50_3.40","vary_mean",10.5,0.4,FALSE,207,0.854906249805799,0.883067448140007,0.0779216602152887,0.91,0.141368802904143,0.0281611983342078,"gamma_bin"
"gamma_bin_10.50_3.40","vary_mean",10.5,0.4,FALSE,208,1.18360616945073,1.16380026355123,0.0808385617588922,0.95,0.160687641991992,-0.0198059058994979,"gamma_bin"
"gamma_bin_10.50_3.40","vary_mean",10.5,0.4,FALSE,209,1.4602885501346,1.39002753771311,0.0881449670282575,0.84,0.174994802286442,-0.0702610124214873,"gamma_bin"
"gamma_bin_10.50_3.40","vary_mean",10.5,0.4,FALSE,210,0.828346816490767,0.776279278421635,0.064413329034218,0.86,0.130965126951017,-0.0520675380691324,"gamma_bin"
"gamma_bin_10.50_3.40","vary_mean",10.5,0.4,FALSE,211,0.945514704257119,0.909064203033903,0.0668209850808857,0.94,0.142696599991573,-0.0364505012232156,"gamma_bin"
"gamma_bin_10.50_3.40","vary_mean",10.5,0.4,FALSE,212,0.790503634328223,0.77675555877734,0.0597468657125182,0.97,0.133107124258317,-0.0137480755508832,"gamma_bin"
"gamma_bin_10.50_3.40","vary_mean",10.5,0.4,FALSE,213,1.43200091428725,1.46089807773265,0.0882000623093467,0.95,0.183684328076656,0.0288971634453994,"gamma_bin"
"gamma_bin_10.50_3.40","vary_mean",10.5,0.4,FALSE,214,1.11427471246835,1.15695018428573,0.0843758382715313,0.92,0.163818107682792,0.0426754718173832,"gamma_bin"
"gamma_bin_10.50_3.40","vary_mean",10.5,0.4,FALSE,215,1.11570572194133,1.14533455319972,0.0774537032262672,0.96,0.162825686571348,0.029628831258391,"gamma_bin"
"gamma_bin_10.50_3.40","vary_mean",10.5,0.4,FALSE,216,1.45325455274622,1.48172887680264,0.0909897898179638,0.98,0.184572052335737,0.0284743240564187,"gamma_bin"
"gamma_bin_10.50_3.40","vary_mean",10.5,0.4,FALSE,217,1.1420513438864,1.19204747437807,0.0856095226207453,0.92,0.164904314903094,0.0499961304916687,"gamma_bin"
"gamma_bin_10.50_3.40","vary_mean",10.5,0.4,FALSE,218,0.657956194341687,0.685194867736489,0.06704017453449,0.92,0.124540042891874,0.0272386733948025,"gamma_bin"
"gamma_bin_10.50_3.40","vary_mean",10.5,0.4,FALSE,219,1.37055796530381,1.4751268046968,0.0928834831183816,0.79,0.181777541170998,0.10456883939299,"gamma_bin"
"gamma_bin_10.50_3.40","vary_mean",10.5,0.4,FALSE,220,1.1217671045533,1.21612515707999,0.0865602101816961,0.78,0.163647063339044,0.0943580525266943,"gamma_bin"
"gamma_bin_10.50_3.40","vary_mean",10.5,0.4,FALSE,221,1.82148085595811,1.93745833729112,0.110707285474014,0.78,0.204175072839566,0.115977481333008,"gamma_bin"
"gamma_bin_10.50_3.40","vary_mean",10.5,0.4,FALSE,222,1.47820728190538,1.564011182959,0.0944712470274936,0.83,0.181272862809763,0.0858039010536247,"gamma_bin"
"gamma_bin_10.50_3.40","vary_mean",10.5,0.4,FALSE,223,1.22912323671868,1.28803671908648,0.084192105636653,0.88,0.162854977787843,0.0589134823678008,"gamma_bin"
"gamma_bin_10.50_3.40","vary_mean",10.5,0.4,FALSE,224,1.39166921706407,1.50884816908513,0.0905565476659801,0.71,0.174607400671051,0.117178952021063,"gamma_bin"
"gamma_bin_10.50_3.40","vary_mean",10.5,0.4,FALSE,225,1.02692395020016,1.15028429173553,0.0844974682677133,0.66,0.150780154701002,0.12336034153537,"gamma_bin"
"gamma_bin_10.50_3.40","vary_mean",10.5,0.4,FALSE,226,0.944469227223,1.09806842280174,0.0810677503011821,0.45,0.145101338196072,0.153599195578737,"gamma_bin"
"gamma_bin_10.50_3.40","vary_mean",10.5,0.4,FALSE,227,0.882935394281871,1.01726330120095,0.0726927415013014,0.46,0.136832308143397,0.134327906919076,"gamma_bin"
"gamma_bin_10.50_3.40","vary_mean",10.5,0.4,FALSE,228,1.25451332375843,1.4084242628475,0.0768707040427487,0.48,0.157439156458241,0.153910939089074,"gamma_bin"
"gamma_bin_10.50_3.40","vary_mean",10.5,0.4,FALSE,229,1.46482234027448,1.58581514814648,0.0816697598014639,0.7,0.163367225378807,0.120992807872,"gamma_bin"
"gamma_bin_10.50_3.40","vary_mean",10.5,0.4,FALSE,230,1.51066180760486,1.56643095250105,0.0765838871984684,0.91,0.159399065322466,0.0557691448961881,"gamma_bin"
"gamma_bin_10.50_3.40","vary_mean",10.5,0.4,FALSE,231,1.76123960010775,1.80836885160196,0.0932562336274196,0.92,0.169163016894324,0.0471292514942092,"gamma_bin"
"gamma_bin_10.50_3.40","vary_mean",10.5,0.4,FALSE,232,1.40610248726795,1.46038391349308,0.0767145577963464,0.9,0.150841296590668,0.054281426225135,"gamma_bin"
"gamma_bin_10.50_3.40","vary_mean",10.5,0.4,FALSE,233,1.50839208568838,1.63625487822332,0.0727447981403508,0.62,0.15870556434997,0.127862792534936,"gamma_bin"
"gamma_bin_10.50_3.40","vary_mean",10.5,0.4,FALSE,234,2.14809922234943,2.44739538595343,0.102863193974911,0.15,0.192400105594283,0.299296163603998,"gamma_bin"
"gamma_bin_10.50_3.40","vary_mean",10.5,0.4,FALSE,235,1.77316147702833,2.13694930493435,0.0997027315524627,0.03,0.177019781399455,0.363787827906019,"gamma_bin"
"gamma_bin_10.50_3.40","vary_mean",10.5,0.4,FALSE,236,1.73482506410384,2.1083557554835,0.101537751558537,0,0.171881804900232,0.373530691379658,"gamma_bin"
"gamma_bin_10.50_3.40","vary_mean",10.5,0.4,FALSE,237,1.62267353351007,2.02460434133516,0.0839780573253689,0,0.163663659940301,0.401930807825092,"gamma_bin"
"gamma_bin_10.50_3.40","vary_mean",10.5,0.4,FALSE,238,1.18124992154851,1.51178225881079,0.0716492861679857,0.01,0.136762280308011,0.330532337262276,"gamma_bin"
"gamma_bin_10.50_3.40","vary_mean",10.5,0.4,FALSE,239,1.18465305674865,1.52167643034822,0.074892035743979,0,0.132140309352035,0.337023373599574,"gamma_bin"
"gamma_bin_10.50_3.40","vary_mean",10.5,0.4,FALSE,240,1.4168407618799,1.80726617598837,0.0716840879161023,0,0.138383770712013,0.390425414108465,"gamma_bin"
"gamma_bin_10.50_3.40","vary_mean",10.5,0.4,FALSE,241,1.25636383468336,1.53976891243221,0.0603317340780516,0.01,0.12264822278083,0.283405077748854,"gamma_bin"
"gamma_bin_10.50_3.40","vary_mean",10.5,0.4,FALSE,242,1.12127216596798,1.32438212413062,0.0596262376704436,0.04,0.10949616642393,0.203109958162642,"gamma_bin"
"gamma_bin_10.50_3.40","vary_mean",10.5,0.4,FALSE,243,1.35468577162437,1.54861329958018,0.0684631422559454,0.1,0.11463485993376,0.193927527955812,"gamma_bin"
"gamma_bin_10.50_3.40","vary_mean",10.5,0.4,FALSE,244,1.01073025572083,1.13605107732734,0.0489389452162246,0.23,0.095584480465011,0.125320821606508,"gamma_bin"
"gamma_bin_10.50_3.40","vary_mean",10.5,0.4,FALSE,245,1.09869262296579,1.20717666217324,0.0450292016652437,0.36,0.0964428363588879,0.108484039207446,"gamma_bin"
"gamma_bin_10.50_3.40","vary_mean",10.5,0.4,FALSE,246,1.01867243248783,1.10501788998466,0.0436903609271994,0.53,0.0906176085323895,0.0863454574968325,"gamma_bin"
"gamma_bin_10.50_3.40","vary_mean",10.5,0.4,FALSE,247,0.933300548697082,1.00414973503732,0.0441285146896904,0.58,0.0851040485419298,0.0708491863402376,"gamma_bin"
"gamma_bin_10.50_3.40","vary_mean",10.5,0.4,FALSE,248,1.07521131224965,1.14358357313403,0.0440537129001538,0.68,0.0895944678617275,0.0683722608843833,"gamma_bin"
"gamma_bin_10.50_3.40","vary_mean",10.5,0.4,FALSE,249,1.30368079751671,1.36025298016574,0.0494529292743262,0.81,0.0965622735978229,0.0565721826490257,"gamma_bin"
"gamma_bin_10.50_3.40","vary_mean",10.5,0.4,FALSE,250,1.41725036624756,1.46059332692205,0.0512432009161722,0.84,0.099120079522915,0.0433429606744913,"gamma_bin"
"gamma_bin_10.50_3.40","vary_mean",10.5,0.4,FALSE,251,1.14473843834061,1.15949280447975,0.0443503056745029,0.95,0.0877456517109664,0.0147543661391365,"gamma_bin"
"gamma_bin_10.50_3.40","vary_mean",10.5,0.4,FALSE,252,1.28957905264017,1.32645668267542,0.0503334258609448,0.85,0.0934216940624296,0.0368776300352467,"gamma_bin"
"gamma_bin_10.50_3.40","vary_mean",10.5,0.4,FALSE,253,1.41164181175606,1.48091893359987,0.0447203982263128,0.77,0.0983328683361652,0.0692771218438089,"gamma_bin"
"gamma_bin_12.00_3.40","vary_mean",12,0.6,FALSE,15,1.02510010675531,1.50034060721893,0.0336230489003141,0,0.0814993124687562,0.47524050046362,"gamma_bin"
"gamma_bin_12.00_3.40","vary_mean",12,0.6,FALSE,16,1.25252014867933,1.71564611364798,0.0383331570105183,0,0.0819055052619947,0.463125964968645,"gamma_bin"
"gamma_bin_12.00_3.40","vary_mean",12,0.6,FALSE,17,1.21525733695915,1.5677402326784,0.0394427792023886,0,0.0746051774103656,0.352482895719245,"gamma_bin"
"gamma_bin_12.00_3.40","vary_mean",12,0.6,FALSE,18,0.979230198394809,1.19759592954647,0.0300160800481144,0,0.0627516610231716,0.218365731151658,"gamma_bin"
"gamma_bin_12.00_3.40","vary_mean",12,0.6,FALSE,19,1.02544833790337,1.20720449834639,0.0344210124201915,0,0.061055007551217,0.181756160443019,"gamma_bin"
"gamma_bin_12.00_3.40","vary_mean",12,0.6,FALSE,20,1.03933643277786,1.18379690669714,0.02474613445663,0,0.0589132361441963,0.144460473919284,"gamma_bin"
"gamma_bin_12.00_3.40","vary_mean",12,0.6,FALSE,21,1.31704644033967,1.44809904477532,0.0315130051633551,0.02,0.0637939254335955,0.131052604435646,"gamma_bin"
"gamma_bin_12.00_3.40","vary_mean",12,0.6,FALSE,22,1.01626238281987,1.08589956621791,0.0290405203773593,0.25,0.0543260459617371,0.069637183398042,"gamma_bin"
"gamma_bin_12.00_3.40","vary_mean",12,0.6,FALSE,23,0.750219977978433,0.79281816211358,0.0214091015263385,0.55,0.0458303154390411,0.0425981841351469,"gamma_bin"
"gamma_bin_12.00_3.40","vary_mean",12,0.6,FALSE,24,0.68680573053247,0.721972619756723,0.0227678569499665,0.63,0.0433207192159003,0.0351668892242528,"gamma_bin"
"gamma_bin_12.00_3.40","vary_mean",12,0.6,FALSE,25,1.09137562864791,1.1372266426877,0.027700527040446,0.67,0.0539960032462996,0.0458510140397896,"gamma_bin"
"gamma_bin_12.00_3.40","vary_mean",12,0.6,FALSE,26,0.741057834922739,0.760059807312207,0.0235845956297347,0.86,0.0439085930603167,0.0190019723894678,"gamma_bin"
"gamma_bin_12.00_3.40","vary_mean",12,0.6,FALSE,27,0.768534353981288,0.765468678978852,0.0218652214583052,0.92,0.043866218034349,-0.00306567500243593,"gamma_bin"
"gamma_bin_12.00_3.40","vary_mean",12,0.6,FALSE,28,0.752768210408917,0.727795964105092,0.023920598414346,0.78,0.0426070054650518,-0.024972246303825,"gamma_bin"
"gamma_bin_12.00_3.40","vary_mean",12,0.6,FALSE,29,0.700189279957523,0.65953769180406,0.0198369851820778,0.46,0.0404686695320367,-0.0406515881534627,"gamma_bin"
"gamma_bin_12.00_3.40","vary_mean",12,0.6,FALSE,30,0.555240242382622,0.505984867859668,0.0190414035484222,0.23,0.0354633092609645,-0.0492553745229541,"gamma_bin"
"gamma_bin_12.00_3.40","vary_mean",12,0.6,FALSE,31,0.584450640057208,0.520855299470431,0.0180375597934232,0.1,0.0361292739172597,-0.0635953405867773,"gamma_bin"
"gamma_bin_12.00_3.40","vary_mean",12,0.6,FALSE,32,0.680297862250013,0.585511815648824,0.0179565378817454,0,0.0386023141719766,-0.094786046601189,"gamma_bin"
"gamma_bin_12.00_3.40","vary_mean",12,0.6,FALSE,33,0.95896579009836,0.802912169475818,0.0229781060205751,0,0.0456996850668605,-0.156053620622542,"gamma_bin"
"gamma_bin_12.00_3.40","vary_mean",12,0.6,FALSE,34,1.26713544933213,1.02730262508755,0.0272007066894899,0,0.0524129040078204,-0.239832824244581,"gamma_bin"
"gamma_bin_12.00_3.40","vary_mean",12,0.6,FALSE,35,1.32835487275134,1.0548532424665,0.029154070405024,0,0.0540078893531893,-0.27350163028484,"gamma_bin"
"gamma_bin_12.00_3.40","vary_mean",12,0.6,FALSE,36,0.820532179912435,0.661324657727754,0.0234634695454769,0,0.0436229812047415,-0.159207522184681,"gamma_bin"
"gamma_bin_12.00_3.40","vary_mean",12,0.6,FALSE,37,0.605066948223753,0.511048050123556,0.0223211294353968,0.03,0.0392406531110811,-0.0940188981001974,"gamma_bin"
"gamma_bin_12.00_3.40","vary_mean",12,0.6,FALSE,38,0.480613317476216,0.434965090456291,0.0188978775137519,0.36,0.0371191479134802,-0.0456482270199254,"gamma_bin"
"gamma_bin_12.00_3.40","vary_mean",12,0.6,FALSE,39,0.729684595490469,0.70126109296137,0.0273478086161395,0.74,0.0482776213119099,-0.028423502529099,"gamma_bin"
"gamma_bin_12.00_3.40","vary_mean",12,0.6,FALSE,40,0.815117093248404,0.798525960531847,0.0284954653195147,0.9,0.0525086530544991,-0.0165911327165565,"gamma_bin"
"gamma_bin_12.00_3.40","vary_mean",12,0.6,FALSE,41,0.615435524003123,0.58887480314194,0.0231572030688356,0.8,0.04560240963468,-0.0265607208611826,"gamma_bin"
"gamma_bin_12.00_3.40","vary_mean",12,0.6,FALSE,42,0.771681049543453,0.706063640137888,0.0235071234099196,0.24,0.0501437729494592,-0.0656174094055646,"gamma_bin"
"gamma_bin_12.00_3.40","vary_mean",12,0.6,FALSE,43,0.638637642797715,0.555784794639301,0.025190506911613,0.08,0.0445392500142853,-0.0828528481584143,"gamma_bin"
"gamma_bin_12.00_3.40","vary_mean",12,0.6,FALSE,44,0.502607638572081,0.423336230242913,0.0217986742990688,0.06,0.0390069850169785,-0.0792714083291681,"gamma_bin"
"gamma_bin_12.00_3.40","vary_mean",12,0.6,FALSE,45,0.419348773276434,0.343531495291705,0.0164043727066385,0.01,0.0354711468530733,-0.0758172779847294,"gamma_bin"
"gamma_bin_12.00_3.40","vary_mean",12,0.6,FALSE,46,0.532523289397014,0.425453283662651,0.0212123397994142,0,0.0401061552102351,-0.107070005734363,"gamma_bin"
"gamma_bin_12.00_3.40","vary_mean",12,0.6,FALSE,47,0.748164536979726,0.584993955800005,0.0225166187697179,0,0.0480472892671406,-0.163170581179721,"gamma_bin"
"gamma_bin_12.00_3.40","vary_mean",12,0.6,FALSE,48,0.699597036363356,0.529748419551336,0.0234241492350762,0,0.0468632046248315,-0.16984861681202,"gamma_bin"
"gamma_bin_12.00_3.40","vary_mean",12,0.6,FALSE,49,0.840634610500807,0.627746228558647,0.0250164847528025,0,0.0523870120736624,-0.21288838194216,"gamma_bin"
"gamma_bin_12.00_3.40","vary_mean",12,0.6,FALSE,50,0.605572567510499,0.446484210330361,0.0197686546233878,0,0.0454406542195308,-0.159088357180138,"gamma_bin"
"gamma_bin_12.00_3.40","vary_mean",12,0.6,FALSE,51,0.551154795645625,0.406622127226575,0.0206147991434581,0,0.0446923215353183,-0.14453266841905,"gamma_bin"
"gamma_bin_12.00_3.40","vary_mean",12,0.6,FALSE,52,0.382419782215341,0.286315786237237,0.0223901160998745,0.01,0.0387382821821814,-0.0961039959781042,"gamma_bin"
"gamma_bin_12.00_3.40","vary_mean",12,0.6,FALSE,53,0.67605453850849,0.51704249788533,0.0296971762378294,0,0.0538947649421824,-0.15901204062316,"gamma_bin"
"gamma_bin_12.00_3.40","vary_mean",12,0.6,FALSE,54,0.67389745281474,0.529353108941202,0.0288174888241112,0,0.0564460049227697,-0.144544343873538,"gamma_bin"
"gamma_bin_12.00_3.40","vary_mean",12,0.6,FALSE,55,0.928654307802489,0.722627256034311,0.0355212890108351,0,0.0681124306260568,-0.206027051768178,"gamma_bin"
"gamma_bin_12.00_3.40","vary_mean",12,0.6,FALSE,56,0.750444909156983,0.579415092440698,0.0347327233428847,0,0.0627964221351898,-0.171029816716285,"gamma_bin"
"gamma_bin_12.00_3.40","vary_mean",12,0.6,FALSE,57,0.713559496047443,0.54140275979097,0.0322420356083843,0,0.0623750440464847,-0.172156736256473,"gamma_bin"
"gamma_bin_12.00_3.40","vary_mean",12,0.6,FALSE,58,0.492127182876667,0.380399248095895,0.0292120967237222,0.04,0.0537092828247034,-0.111727934780772,"gamma_bin"
"gamma_bin_12.00_3.40","vary_mean",12,0.6,FALSE,59,0.488121905081673,0.385147217018317,0.0277654787959713,0.07,0.0556093843804634,-0.102974688063356,"gamma_bin"
"gamma_bin_12.00_3.40","vary_mean",12,0.6,FALSE,60,0.671861168143052,0.543707158903293,0.0337884750389307,0.07,0.06807456277659,-0.128154009239759,"gamma_bin"
"gamma_bin_12.00_3.40","vary_mean",12,0.6,FALSE,61,0.791762464983911,0.640781867176593,0.037789030646195,0.04,0.0761148427537632,-0.150980597807318,"gamma_bin"
"gamma_bin_12.00_3.40","vary_mean",12,0.6,FALSE,62,0.652922492639065,0.522485240726822,0.0380622698103266,0.08,0.070627809472139,-0.130437251912243,"gamma_bin"
"gamma_bin_12.00_3.40","vary_mean",12,0.6,FALSE,63,0.613891069127135,0.486669294258254,0.0340753371556535,0.04,0.0698593420542667,-0.127221774868881,"gamma_bin"
"gamma_bin_12.00_3.40","vary_mean",12,0.6,FALSE,64,0.747174650317661,0.587035530732114,0.0409747298574807,0.05,0.0784846562754268,-0.160139119585547,"gamma_bin"
"gamma_bin_12.00_3.40","vary_mean",12,0.6,FALSE,65,0.706701130088712,0.551815916518952,0.0433703191111839,0.05,0.0778845833905702,-0.15488521356976,"gamma_bin"
"gamma_bin_12.00_3.40","vary_mean",12,0.6,FALSE,66,0.51187393654748,0.403514527892659,0.0342383958672984,0.17,0.0683068295602412,-0.108359408654821,"gamma_bin"
"gamma_bin_12.00_3.40","vary_mean",12,0.6,FALSE,67,0.670601402325688,0.522066486804891,0.0417941515937298,0.11,0.0798464751073486,-0.148534915520797,"gamma_bin"
"gamma_bin_12.00_3.40","vary_mean",12,0.6,FALSE,68,1.17253163081397,0.923083990132045,0.0577011392496615,0.02,0.109257141007364,-0.249447640681925,"gamma_bin"
"gamma_bin_12.00_3.40","vary_mean",12,0.6,FALSE,69,1.09882955126721,0.861760210646785,0.0604068854326501,0.03,0.108605612069187,-0.237069340620425,"gamma_bin"
"gamma_bin_12.00_3.40","vary_mean",12,0.6,FALSE,70,0.864010024055233,0.68719973195406,0.0510243442149806,0.11,0.0996880472509473,-0.176810292101173,"gamma_bin"
"gamma_bin_12.00_3.40","vary_mean",12,0.6,FALSE,71,0.715098113998147,0.587740794201377,0.0518061566611617,0.29,0.0946175575784975,-0.12735731979677,"gamma_bin"
"gamma_bin_12.00_3.40","vary_mean",12,0.6,FALSE,72,0.5778146754347,0.5050088997279,0.0474433713597626,0.68,0.0899610465713183,-0.0728057757068002,"gamma_bin"
"gamma_bin_12.00_3.40","vary_mean",12,0.6,FALSE,73,0.968098548670386,0.874827698498839,0.0563685123384487,0.74,0.121340346913187,-0.0932708501715469,"gamma_bin"
"gamma_bin_12.00_3.40","vary_mean",12,0.6,FALSE,74,0.655349167508219,0.604338564707559,0.0544227958899514,0.88,0.102999689441438,-0.0510106028006602,"gamma_bin"
"gamma_bin_12.00_3.40","vary_mean",12,0.6,FALSE,75,0.59977224361632,0.553739358492724,0.0528541292166587,0.85,0.100266776911899,-0.0460328851235958,"gamma_bin"
"gamma_bin_12.00_3.40","vary_mean",12,0.6,FALSE,76,0.795810456805532,0.730049891018051,0.0588880685892728,0.82,0.116507862590139,-0.0657605657874814,"gamma_bin"
"gamma_bin_12.00_3.40","vary_mean",12,0.6,FALSE,77,0.873668877519834,0.776436265723968,0.0567717503274656,0.73,0.121161821030073,-0.0972326117958665,"gamma_bin"
"gamma_bin_12.00_3.40","vary_mean",12,0.6,FALSE,78,0.655524310026793,0.570322729012069,0.0620612584833433,0.58,0.104611037752792,-0.085201581014724,"gamma_bin"
"gamma_bin_12.00_3.40","vary_mean",12,0.6,FALSE,79,0.810623636163075,0.69351418192195,0.0640562740003306,0.5,0.116501273580004,-0.117109454241125,"gamma_bin"
"gamma_bin_12.00_3.40","vary_mean",12,0.6,FALSE,80,0.610456557383718,0.508263938510436,0.0458026228066315,0.55,0.101074039026124,-0.102192618873282,"gamma_bin"
"gamma_bin_12.00_3.40","vary_mean",12,0.6,FALSE,81,0.859858611274139,0.718629411913146,0.0651659391956612,0.4,0.122212398153382,-0.141229199360993,"gamma_bin"
"gamma_bin_12.00_3.40","vary_mean",12,0.6,FALSE,82,0.71793472208637,0.60104860843274,0.054797549382735,0.52,0.11393667222867,-0.11688611365363,"gamma_bin"
"gamma_bin_12.00_3.40","vary_mean",12,0.6,FALSE,83,0.992203959261976,0.826615731598305,0.0704741335526813,0.41,0.136440481558686,-0.165588227663671,"gamma_bin"
"gamma_bin_12.00_3.40","vary_mean",12,0.6,FALSE,84,1.12541562776308,0.939873592121423,0.0847416819607511,0.39,0.14853665399778,-0.185542035641657,"gamma_bin"
"gamma_bin_12.00_3.40","vary_mean",12,0.6,FALSE,85,0.719081428835968,0.615386828043984,0.0706591906262593,0.63,0.122607308695434,-0.103694600791984,"gamma_bin"
"gamma_bin_12.00_3.40","vary_mean",12,0.6,FALSE,86,0.84752493125734,0.740711046323333,0.0665445136549896,0.73,0.137284094328793,-0.106813884934007,"gamma_bin"
"gamma_bin_12.00_3.40","vary_mean",12,0.6,FALSE,87,0.855021916180829,0.763307283125984,0.0757203651367323,0.74,0.142031563294975,-0.0917146330548447,"gamma_bin"
"gamma_bin_12.00_3.40","vary_mean",12,0.6,FALSE,88,1.05231211723794,0.969977650288324,0.0890950857227009,0.76,0.163027997796753,-0.0823344669496157,"gamma_bin"
"gamma_bin_12.00_3.40","vary_mean",12,0.6,FALSE,89,0.736245763604483,0.687599072855549,0.0779513012312316,0.87,0.13942384255425,-0.0486466907489341,"gamma_bin"
"gamma_bin_12.00_3.40","vary_mean",12,0.6,FALSE,90,0.910435800275709,0.868411227259847,0.0791116843034669,0.91,0.15881681464956,-0.0420245730158622,"gamma_bin"
"gamma_bin_12.00_3.40","vary_mean",12,0.6,FALSE,91,0.875373992276142,0.83638300425571,0.0839580786609071,0.88,0.157357679428928,-0.0389909880204325,"gamma_bin"
"gamma_bin_12.00_3.40","vary_mean",12,0.6,FALSE,92,1.13308580158326,1.05671153568745,0.0838247305279946,0.91,0.178337028210333,-0.0763742658958113,"gamma_bin"
"gamma_bin_12.00_3.40","vary_mean",12,0.6,FALSE,93,0.779622317935819,0.742008884429532,0.0828553823057294,0.92,0.150400110024713,-0.0376134335062869,"gamma_bin"
"gamma_bin_12.00_3.40","vary_mean",12,0.6,FALSE,94,0.738590807925372,0.690087067746022,0.0789411577543211,0.9,0.145958563452887,-0.04850374017935,"gamma_bin"
"gamma_bin_12.00_3.40","vary_mean",12,0.6,FALSE,95,0.736386067431423,0.707435077233162,0.0831628110936033,0.9,0.14881877623976,-0.0289509901982605,"gamma_bin"
"gamma_bin_12.00_3.40","vary_mean",12,0.6,FALSE,96,0.940470991453404,0.900220190533395,0.0926378084549848,0.9,0.169096234464688,-0.0402508009200093,"gamma_bin"
"gamma_bin_12.00_3.40","vary_mean",12,0.6,FALSE,97,0.92681020267862,0.881622970226083,0.0833686647777451,0.93,0.168567291998068,-0.045187232452537,"gamma_bin"
"gamma_bin_12.00_3.40","vary_mean",12,0.6,FALSE,98,0.805264800704658,0.755859399102191,0.081615950465315,0.92,0.157126055954762,-0.0494054016024671,"gamma_bin"
"gamma_bin_12.00_3.40","vary_mean",12,0.6,FALSE,99,0.96897608307621,0.907530126743304,0.0981336829882391,0.88,0.173258574471811,-0.0614459563329055,"gamma_bin"
"gamma_bin_12.00_3.40","vary_mean",12,0.6,FALSE,100,0.483332995262756,0.446316080830096,0.0639782409002915,0.9,0.122381454744971,-0.0370169144326599,"gamma_bin"
"gamma_bin_12.00_3.40","vary_mean",12,0.6,FALSE,101,0.66077716283239,0.613800769563876,0.0761501185570765,0.89,0.144823863596853,-0.0469763932685144,"gamma_bin"
"gamma_bin_12.00_3.40","vary_mean",12,0.6,FALSE,102,0.655745239910364,0.597501255208099,0.0682612773955056,0.88,0.144308816399476,-0.0582439847022653,"gamma_bin"
"gamma_bin_12.00_3.40","vary_mean",12,0.6,FALSE,103,1.19599908198214,1.06871660203403,0.0921819243826945,0.75,0.195260507022636,-0.12728247994811,"gamma_bin"
"gamma_bin_12.00_3.40","vary_mean",12,0.6,FALSE,104,1.52020654998133,1.32744299131566,0.106993427208987,0.65,0.220040979036261,-0.192763558665666,"gamma_bin"
"gamma_bin_12.00_3.40","vary_mean",12,0.6,FALSE,105,1.10303826313934,0.957150342990663,0.102603925962685,0.69,0.188882403661467,-0.145887920148677,"gamma_bin"
"gamma_bin_12.00_3.40","vary_mean",12,0.6,FALSE,106,0.895258886773757,0.787043199654597,0.0860157113375383,0.75,0.173374444843954,-0.10821568711916,"gamma_bin"
"gamma_bin_12.00_3.40","vary_mean",12,0.6,FALSE,107,0.603016892421566,0.54952801285498,0.0730064416740419,0.92,0.146845517665971,-0.0534888795665859,"gamma_bin"
"gamma_bin_12.00_3.40","vary_mean",12,0.6,FALSE,108,1.07762321196894,1.04260229685492,0.111420057814182,0.92,0.205570891595842,-0.0350209151140175,"gamma_bin"
"gamma_bin_12.00_3.40","vary_mean",12,0.6,FALSE,109,1.67936751135944,1.70117598718641,0.166164546249808,0.9,0.266665914327551,0.0218084758269692,"gamma_bin"
"gamma_bin_12.00_3.40","vary_mean",12,0.6,FALSE,110,0.778512854791425,0.808742350489839,0.0909626772633312,0.92,0.185900211900956,0.0302294956984137,"gamma_bin"
"gamma_bin_12.00_3.40","vary_mean",12,0.6,FALSE,111,0.992005341124613,1.01274562905118,0.104282026612945,0.94,0.208840942553859,0.0207402879265635,"gamma_bin"
"gamma_bin_12.00_3.40","vary_mean",12,0.6,FALSE,112,1.07688074493023,1.12312772838181,0.122810144249477,0.89,0.219549025283938,0.0462469834515769,"gamma_bin"
"gamma_bin_12.00_3.40","vary_mean",12,0.6,FALSE,113,0.702400819858529,0.751370795902236,0.089431135077232,0.94,0.178734337380361,0.0489699760437071,"gamma_bin"
"gamma_bin_12.00_3.40","vary_mean",12,0.6,FALSE,114,0.976066509197994,1.02254570926407,0.118374103387329,0.87,0.207538671975897,0.0464792000660802,"gamma_bin"
"gamma_bin_12.00_3.40","vary_mean",12,0.6,FALSE,115,1.23867756628513,1.27825548839303,0.136976058985628,0.91,0.230923255883953,0.0395779221078991,"gamma_bin"
"gamma_bin_12.00_3.40","vary_mean",12,0.6,FALSE,116,1.16180338965973,1.18529405641577,0.113650610818773,0.95,0.221391828390756,0.0234906667560362,"gamma_bin"
"gamma_bin_12.00_3.40","vary_mean",12,0.6,FALSE,117,1.19462029108814,1.19300311795201,0.120849382943484,0.92,0.221078718992357,-0.00161717313613075,"gamma_bin"
"gamma_bin_12.00_3.40","vary_mean",12,0.6,FALSE,118,1.16321995780671,1.15184310786048,0.115668312240565,0.95,0.216483599781931,-0.0113768499462259,"gamma_bin"
"gamma_bin_12.00_3.40","vary_mean",12,0.6,FALSE,119,1.07032628214879,1.08383340574591,0.10835577969152,0.92,0.209614752120577,0.0135071235971247,"gamma_bin"
"gamma_bin_12.00_3.40","vary_mean",12,0.6,FALSE,120,0.877757633134012,0.901296393408403,0.0903654405069467,0.93,0.191204374816148,0.0235387602743908,"gamma_bin"
"gamma_bin_12.00_3.40","vary_mean",12,0.6,FALSE,121,1.36755731263547,1.44495150368365,0.127081067389733,0.9,0.242269468005801,0.0773941910481846,"gamma_bin"
"gamma_bin_12.00_3.40","vary_mean",12,0.6,FALSE,122,0.835796444244159,0.907461956835674,0.099990646548967,0.87,0.191981628622211,0.0716655125915147,"gamma_bin"
"gamma_bin_12.00_3.40","vary_mean",12,0.6,FALSE,123,1.26724551805682,1.35647168528776,0.110782359966628,0.9,0.234006123152346,0.089226167230936,"gamma_bin"
"gamma_bin_12.00_3.40","vary_mean",12,0.6,FALSE,124,0.969129898643769,1.04098863584784,0.0947264758311751,0.9,0.203701163421904,0.0718587372040705,"gamma_bin"
"gamma_bin_12.00_3.40","vary_mean",12,0.6,FALSE,125,0.847338782890042,0.908959904829104,0.0896548854352477,0.9,0.188894991033813,0.0616211219390624,"gamma_bin"
"gamma_bin_12.00_3.40","vary_mean",12,0.6,FALSE,126,0.715564882412269,0.767630159314401,0.0876119157552627,0.93,0.172083456811529,0.0520652769021324,"gamma_bin"
"gamma_bin_12.00_3.40","vary_mean",12,0.6,FALSE,127,0.94782383341486,0.992390273402806,0.0992570576295175,0.95,0.194165509304583,0.0445664399879457,"gamma_bin"
"gamma_bin_12.00_3.40","vary_mean",12,0.6,FALSE,128,0.685081694959754,0.704116641657986,0.0776709114770314,0.97,0.162551036485873,0.0190349466982317,"gamma_bin"
"gamma_bin_12.00_3.40","vary_mean",12,0.6,FALSE,129,0.940719567434955,0.936893433343219,0.0962586505508785,0.94,0.186533685609114,-0.00382613409173582,"gamma_bin"
"gamma_bin_12.00_3.40","vary_mean",12,0.6,FALSE,130,0.882735861931285,0.845353629025168,0.0857114034402821,0.95,0.176428450397945,-0.037382232906117,"gamma_bin"
"gamma_bin_12.00_3.40","vary_mean",12,0.6,FALSE,131,0.908592867608554,0.859440673153372,0.0968367580529052,0.92,0.177571610404554,-0.0491521944551819,"gamma_bin"
"gamma_bin_12.00_3.40","vary_mean",12,0.6,FALSE,132,0.919571358645804,0.82360070757396,0.0867683954332353,0.86,0.173951168245839,-0.095970651071844,"gamma_bin"
"gamma_bin_12.00_3.40","vary_mean",12,0.6,FALSE,133,0.772870216905444,0.688784544789767,0.0889412093844241,0.8,0.159788495278488,-0.0840856721156766,"gamma_bin"
"gamma_bin_12.00_3.40","vary_mean",12,0.6,FALSE,134,0.850110615604727,0.758759816261765,0.0763349517637876,0.84,0.169322467181357,-0.0913507993429618,"gamma_bin"
"gamma_bin_12.00_3.40","vary_mean",12,0.6,FALSE,135,0.784750966748685,0.709075798445717,0.0981076532731954,0.82,0.165329079927929,-0.0756751683029682,"gamma_bin"
"gamma_bin_12.00_3.40","vary_mean",12,0.6,FALSE,136,0.974669466757976,0.898123291099388,0.0967265783688648,0.85,0.188521516727201,-0.0765461756585883,"gamma_bin"
"gamma_bin_12.00_3.40","vary_mean",12,0.6,FALSE,137,0.984151011066472,0.900361332808359,0.106130775673886,0.82,0.191088624214926,-0.0837896782581135,"gamma_bin"
"gamma_bin_12.00_3.40","vary_mean",12,0.6,FALSE,138,1.1907508581573,1.07734272590477,0.104881333717196,0.84,0.21133716611319,-0.113408132252531,"gamma_bin"
"gamma_bin_12.00_3.40","vary_mean",12,0.6,FALSE,139,1.38368582408824,1.25372287600144,0.116598288853973,0.82,0.230350319611425,-0.129962948086799,"gamma_bin"
"gamma_bin_12.00_3.40","vary_mean",12,0.6,FALSE,140,0.815817246340058,0.765054949781825,0.10139822953757,0.91,0.181688069501488,-0.0507622965582331,"gamma_bin"
"gamma_bin_12.00_3.40","vary_mean",12,0.6,FALSE,141,0.948708845408202,0.914066171522587,0.107457559510538,0.95,0.200693226140743,-0.0346426738856151,"gamma_bin"
"gamma_bin_12.00_3.40","vary_mean",12,0.6,FALSE,142,0.887913521021147,0.896220080250571,0.116144453096487,0.94,0.200719602199724,0.00830655922942403,"gamma_bin"
"gamma_bin_12.00_3.40","vary_mean",12,0.6,FALSE,143,1.33195215209727,1.3431120790256,0.138022592336577,0.92,0.247800456180284,0.0111599269283296,"gamma_bin"
"gamma_bin_12.00_3.40","vary_mean",12,0.6,FALSE,144,1.33130915175386,1.39503275018844,0.143898900250314,0.87,0.253829452141758,0.0637235984345803,"gamma_bin"
"gamma_bin_12.00_3.40","vary_mean",12,0.6,FALSE,145,1.36040954450305,1.41624337210837,0.12108973044568,0.95,0.256157123146469,0.0558338276053241,"gamma_bin"
"gamma_bin_12.00_3.40","vary_mean",12,0.6,FALSE,146,1.03071516120352,1.07466810452759,0.117638648736808,0.91,0.222338550831153,0.0439529433240675,"gamma_bin"
"gamma_bin_12.00_3.40","vary_mean",12,0.6,FALSE,147,1.01542687773298,1.08760223187875,0.115850287086842,0.89,0.222498210767193,0.0721753541457661,"gamma_bin"
"gamma_bin_12.00_3.40","vary_mean",12,0.6,FALSE,148,0.918038272830281,0.99612944641003,0.109931412511998,0.88,0.211838750699289,0.078091173579749,"gamma_bin"
"gamma_bin_12.00_3.40","vary_mean",12,0.6,FALSE,149,0.795403147880171,0.8836169225473,0.104828932717524,0.86,0.198681191641027,0.0882137746671291,"gamma_bin"
"gamma_bin_12.00_3.40","vary_mean",12,0.6,FALSE,150,0.947076494147123,1.05002067487616,0.107951276979812,0.87,0.215083798310495,0.10294418072904,"gamma_bin"
"gamma_bin_12.00_3.40","vary_mean",12,0.6,FALSE,151,0.838902415667924,0.899541847697902,0.111778271176622,0.9,0.197109814723616,0.0606394320299779,"gamma_bin"
"gamma_bin_12.00_3.40","vary_mean",12,0.6,FALSE,152,1.10280245382765,1.14146489772985,0.126778224562461,0.9,0.219865722830758,0.0386624439022047,"gamma_bin"
"gamma_bin_12.00_3.40","vary_mean",12,0.6,FALSE,153,1.09815440539428,1.10137959721797,0.105043129600204,0.96,0.213634667218572,0.00322519182368741,"gamma_bin"
"gamma_bin_12.00_3.40","vary_mean",12,0.6,FALSE,154,0.933699509626363,0.918386283976768,0.11324498597673,0.91,0.193331721499455,-0.0153132256495945,"gamma_bin"
"gamma_bin_12.00_3.40","vary_mean",12,0.6,FALSE,155,0.677259462566555,0.666374168948765,0.0877785850535689,0.94,0.163973306522994,-0.0108852936177902,"gamma_bin"
"gamma_bin_12.00_3.40","vary_mean",12,0.6,FALSE,156,0.794318325784725,0.751438939481117,0.0992657603854186,0.89,0.174123620771307,-0.0428793863036077,"gamma_bin"
"gamma_bin_12.00_3.40","vary_mean",12,0.6,FALSE,157,0.863129045133472,0.822062912148636,0.100984637575736,0.91,0.182972761916867,-0.0410661329848359,"gamma_bin"
"gamma_bin_12.00_3.40","vary_mean",12,0.6,FALSE,158,1.2121292060572,1.17173811293517,0.130306785188913,0.93,0.219853089942754,-0.0403910931220302,"gamma_bin"
"gamma_bin_12.00_3.40","vary_mean",12,0.6,FALSE,159,1.02410099479473,0.963188425633426,0.0974563207154894,0.93,0.200669143235936,-0.0609125691613043,"gamma_bin"
"gamma_bin_12.00_3.40","vary_mean",12,0.6,FALSE,160,0.905625417711481,0.848503389124086,0.0971407209184919,0.9,0.189189365427482,-0.0571220285873953,"gamma_bin"
"gamma_bin_12.00_3.40","vary_mean",12,0.6,FALSE,161,0.911623484707899,0.865446946816753,0.103553784103357,0.91,0.19202356189461,-0.0461765378911463,"gamma_bin"
"gamma_bin_12.00_3.40","vary_mean",12,0.6,FALSE,162,0.854314364398061,0.823986105959122,0.109358606338768,0.89,0.188263131449473,-0.0303282584389394,"gamma_bin"
"gamma_bin_12.00_3.40","vary_mean",12,0.6,FALSE,163,0.939538506142908,0.893207402367227,0.0981446901055913,0.94,0.197366088491163,-0.0463311037756812,"gamma_bin"
"gamma_bin_12.00_3.40","vary_mean",12,0.6,FALSE,164,0.804264811038419,0.774182207236444,0.103313316031916,0.92,0.18502295025838,-0.0300826038019748,"gamma_bin"
"gamma_bin_12.00_3.40","vary_mean",12,0.6,FALSE,165,1.00142358506205,0.991458791391339,0.108407671579432,0.95,0.211002716951266,-0.00996479367071146,"gamma_bin"
"gamma_bin_12.00_3.40","vary_mean",12,0.6,FALSE,166,1.22258511650756,1.14788564779484,0.120688583362206,0.91,0.227830748624012,-0.0746994687127163,"gamma_bin"
"gamma_bin_12.00_3.40","vary_mean",12,0.6,FALSE,167,0.797785743145654,0.765325029270596,0.102521358048577,0.92,0.186727217574222,-0.032460713875058,"gamma_bin"
"gamma_bin_12.00_3.40","vary_mean",12,0.6,FALSE,168,1.1498418409574,1.10390974385813,0.11091708808648,0.93,0.224923718609733,-0.045932097099266,"gamma_bin"
"gamma_bin_12.00_3.40","vary_mean",12,0.6,FALSE,169,0.760349335694062,0.729034606355785,0.102079469478467,0.93,0.183414219968035,-0.0313147293382766,"gamma_bin"
"gamma_bin_12.00_3.40","vary_mean",12,0.6,FALSE,170,1.37423882796411,1.33348453370295,0.128422803310816,0.92,0.249405910168683,-0.0407542942611561,"gamma_bin"
"gamma_bin_12.00_3.40","vary_mean",12,0.6,FALSE,171,0.879916177740953,0.867837117163,0.0877935166804718,0.98,0.202393568092242,-0.0120790605779528,"gamma_bin"
"gamma_bin_12.00_3.40","vary_mean",12,0.6,FALSE,172,1.40469809778524,1.38290577756206,0.125215866182637,0.95,0.256847303735343,-0.0217923202231753,"gamma_bin"
"gamma_bin_12.00_3.40","vary_mean",12,0.6,FALSE,173,0.919193657171105,0.916134743242668,0.101155601475115,0.97,0.209936967602551,-0.00305891392843727,"gamma_bin"
"gamma_bin_12.00_3.40","vary_mean",12,0.6,FALSE,174,0.923156528563282,0.945430577482318,0.111548607070695,0.92,0.213687915970624,0.0222740489190358,"gamma_bin"
"gamma_bin_12.00_3.40","vary_mean",12,0.6,FALSE,175,1.03837120055872,1.10894495196066,0.11322640738881,0.92,0.231625141399957,0.070573751401944,"gamma_bin"
"gamma_bin_12.00_3.40","vary_mean",12,0.6,FALSE,176,0.998550191051843,1.03590659896429,0.113636032908721,0.95,0.223569453591835,0.0373564079124443,"gamma_bin"
"gamma_bin_12.00_3.40","vary_mean",12,0.6,FALSE,177,1.0672490953256,1.10735131205813,0.113820807910459,0.95,0.230690186887832,0.040102216732532,"gamma_bin"
"gamma_bin_12.00_3.40","vary_mean",12,0.6,FALSE,178,0.796488943635566,0.819554170473498,0.0912381023076596,0.97,0.197542663991304,0.0230652268379324,"gamma_bin"
"gamma_bin_12.00_3.40","vary_mean",12,0.6,FALSE,179,1.19853631620291,1.23467397184895,0.115965551703494,0.98,0.24138275799498,0.0361376556460378,"gamma_bin"
"gamma_bin_12.00_3.40","vary_mean",12,0.6,FALSE,180,1.18742234445089,1.20845647298976,0.109137591471712,0.97,0.237444795844778,0.0210341285388735,"gamma_bin"
"gamma_bin_12.00_3.40","vary_mean",12,0.6,FALSE,181,1.49419822100474,1.49191164403911,0.131479627218035,0.97,0.262631962717288,-0.00228657696562773,"gamma_bin"
"gamma_bin_12.00_3.40","vary_mean",12,0.6,FALSE,182,1.51569971274724,1.51293126158553,0.149840373252898,0.94,0.263836635493107,-0.00276845116170832,"gamma_bin"
"gamma_bin_12.00_3.40","vary_mean",12,0.6,FALSE,183,0.993078083144793,1.01894793286733,0.127153391633674,0.9,0.216073235557524,0.0258698497225376,"gamma_bin"
"gamma_bin_12.00_3.40","vary_mean",12,0.6,FALSE,184,0.900895179433443,0.957253930431546,0.11453936494617,0.93,0.209645565227654,0.0563587509981035,"gamma_bin"
"gamma_bin_12.00_3.40","vary_mean",12,0.6,FALSE,185,0.823216514722493,0.912716375114572,0.103210683675837,0.86,0.204830431106293,0.0894998603920787,"gamma_bin"
"gamma_bin_12.00_3.40","vary_mean",12,0.6,FALSE,186,1.22622352517845,1.40564153801514,0.115462186056111,0.7,0.253502228291028,0.179418012836686,"gamma_bin"
"gamma_bin_12.00_3.40","vary_mean",12,0.6,FALSE,187,0.917485344129662,1.04966042491399,0.111255848455737,0.77,0.217503481783445,0.132175080784324,"gamma_bin"
"gamma_bin_12.00_3.40","vary_mean",12,0.6,FALSE,188,1.14600718978611,1.24861456286203,0.124315562727783,0.84,0.234606070417377,0.102607373075918,"gamma_bin"
"gamma_bin_12.00_3.40","vary_mean",12,0.6,FALSE,189,1.15017955401154,1.24206534750921,0.116248186481047,0.89,0.230493684664757,0.0918857934976689,"gamma_bin"
"gamma_bin_12.00_3.40","vary_mean",12,0.6,FALSE,190,1.13787761403339,1.17364932246183,0.113520900617981,0.92,0.220919630156252,0.0357717084284359,"gamma_bin"
"gamma_bin_12.00_3.40","vary_mean",12,0.6,FALSE,191,1.77820774658985,1.81838082454988,0.136676807426842,0.96,0.272114342002631,0.0401730779600258,"gamma_bin"
"gamma_bin_12.00_3.40","vary_mean",12,0.6,FALSE,192,1.12621869533816,1.16474008466799,0.102806553599043,0.93,0.216321979509749,0.0385213893298251,"gamma_bin"
"gamma_bin_12.00_3.40","vary_mean",12,0.6,FALSE,193,1.63142687231341,1.68706007029547,0.119464909812194,0.94,0.259619923118654,0.0556331979820575,"gamma_bin"
"gamma_bin_12.00_3.40","vary_mean",12,0.6,FALSE,194,1.9613208229511,2.13376892776219,0.158365827759365,0.8,0.291428637898117,0.17244810481109,"gamma_bin"
"gamma_bin_12.00_3.40","vary_mean",12,0.6,FALSE,195,1.62644217295684,1.90293674708685,0.147434648764057,0.49,0.274667147107315,0.276494574130012,"gamma_bin"
"gamma_bin_12.00_3.40","vary_mean",12,0.6,FALSE,196,1.22114876712024,1.47841211111046,0.131145867636533,0.34,0.240705600071748,0.257263343990218,"gamma_bin"
"gamma_bin_12.00_3.40","vary_mean",12,0.6,FALSE,197,1.08512340553335,1.38342161696921,0.123664476462714,0.26,0.230283245253469,0.298298211435864,"gamma_bin"
"gamma_bin_12.00_3.40","vary_mean",12,0.6,FALSE,198,1.22271087570671,1.61273005301036,0.123810288970372,0.09,0.244753877733014,0.390019177303654,"gamma_bin"
"gamma_bin_12.00_3.40","vary_mean",12,0.6,FALSE,199,1.2960340351298,1.74388707035546,0.122381920762338,0.03,0.248898701743794,0.447853035225662,"gamma_bin"
"gamma_bin_12.00_3.40","vary_mean",12,0.6,FALSE,200,1.66920711624072,2.18599964403883,0.155630970355264,0.06,0.271048366576985,0.516792527798112,"gamma_bin"
"gamma_bin_12.00_3.40","vary_mean",12,0.6,FALSE,201,1.16940768861372,1.48503870403175,0.112709587956739,0.16,0.216308070713977,0.31563101541803,"gamma_bin"
"gamma_bin_12.00_3.40","vary_mean",12,0.6,FALSE,202,1.0787760344722,1.30183718257733,0.108124222912639,0.38,0.196149334154775,0.223061148105126,"gamma_bin"
"gamma_bin_12.00_3.40","vary_mean",12,0.6,FALSE,203,0.894614924502778,1.06019041040817,0.098518499367276,0.46,0.171959431639725,0.165575485905388,"gamma_bin"
"gamma_bin_12.00_3.40","vary_mean",12,0.6,FALSE,204,0.818936942727194,0.973905660373776,0.078243132608048,0.47,0.160824283000459,0.154968717646582,"gamma_bin"
"gamma_bin_12.00_3.40","vary_mean",12,0.6,FALSE,205,0.966688195947552,1.12850000021643,0.0906338401113214,0.49,0.169505805533381,0.161811804268874,"gamma_bin"
"gamma_bin_12.00_3.40","vary_mean",12,0.6,FALSE,206,0.735602657677609,0.819315553402932,0.0654461160428258,0.82,0.141879934986523,0.0837128957253226,"gamma_bin"
"gamma_bin_12.00_3.40","vary_mean",12,0.6,FALSE,207,0.854906249805799,0.92512459343886,0.083148728100124,0.8,0.148083570791962,0.0702183436330616,"gamma_bin"
"gamma_bin_12.00_3.40","vary_mean",12,0.6,FALSE,208,1.18360616945073,1.20592859912302,0.0847406716362941,0.95,0.166485872940363,0.022322429672287,"gamma_bin"
"gamma_bin_12.00_3.40","vary_mean",12,0.6,FALSE,209,1.4602885501346,1.41680829425938,0.0917157386005649,0.92,0.178340520559861,-0.0434802558752225,"gamma_bin"
"gamma_bin_12.00_3.40","vary_mean",12,0.6,FALSE,210,0.828346816490767,0.776582784217089,0.0651700644373133,0.87,0.130996630644943,-0.051764032273678,"gamma_bin"
"gamma_bin_12.00_3.40","vary_mean",12,0.6,FALSE,211,0.945514704257119,0.894566119446854,0.0662455827467427,0.92,0.140400334492768,-0.0509485848102654,"gamma_bin"
"gamma_bin_12.00_3.40","vary_mean",12,0.6,FALSE,212,0.790503634328223,0.757243754070857,0.0583008911323803,0.95,0.129745768267848,-0.0332598802573664,"gamma_bin"
"gamma_bin_12.00_3.40","vary_mean",12,0.6,FALSE,213,1.43200091428725,1.42622224515576,0.0880881374328933,0.93,0.179295322911467,-0.0057786691314865,"gamma_bin"
"gamma_bin_12.00_3.40","vary_mean",12,0.6,FALSE,214,1.11427471246835,1.14158365369258,0.085212989302797,0.94,0.161616711541821,0.0273089412242336,"gamma_bin"
"gamma_bin_12.00_3.40","vary_mean",12,0.6,FALSE,215,1.11570572194133,1.14486886574227,0.0787860076521302,0.95,0.162742151789104,0.0291631438009443,"gamma_bin"
"gamma_bin_12.00_3.40","vary_mean",12,0.6,FALSE,216,1.45325455274622,1.49385181786793,0.0931189187212977,0.96,0.186069761596029,0.0405972651217066,"gamma_bin"
"gamma_bin_12.00_3.40","vary_mean",12,0.6,FALSE,217,1.1420513438864,1.20554511297787,0.0875672057435646,0.88,0.166762389054045,0.0634937690914721,"gamma_bin"
"gamma_bin_12.00_3.40","vary_mean",12,0.6,FALSE,218,0.657956194341687,0.693946707972453,0.0684622197080634,0.89,0.126121480308717,0.0359905136307659,"gamma_bin"
"gamma_bin_12.00_3.40","vary_mean",12,0.6,FALSE,219,1.37055796530381,1.49928408875471,0.0964041577435886,0.71,0.184738765528554,0.128726123450901,"gamma_bin"
"gamma_bin_12.00_3.40","vary_mean",12,0.6,FALSE,220,1.1217671045533,1.2445095751638,0.0895860466920823,0.68,0.167451961306003,0.122742470610502,"gamma_bin"
"gamma_bin_12.00_3.40","vary_mean",12,0.6,FALSE,221,1.82148085595811,1.99798767010479,0.116546029596602,0.59,0.210531286645764,0.176506814146675,"gamma_bin"
"gamma_bin_12.00_3.40","vary_mean",12,0.6,FALSE,222,1.47820728190538,1.61950963133548,0.0989124249035601,0.67,0.187685330787776,0.1413023494301,"gamma_bin"
"gamma_bin_12.00_3.40","vary_mean",12,0.6,FALSE,223,1.22912323671868,1.33226140748816,0.0890054886756601,0.75,0.168424387890209,0.103138170769484,"gamma_bin"
"gamma_bin_12.00_3.40","vary_mean",12,0.6,FALSE,224,1.39166921706407,1.55576041501064,0.0940178713230438,0.51,0.180022002899876,0.16409119794657,"gamma_bin"
"gamma_bin_12.00_3.40","vary_mean",12,0.6,FALSE,225,1.02692395020016,1.18771736207587,0.0887440323473014,0.51,0.155672707822281,0.160793411875708,"gamma_bin"
"gamma_bin_12.00_3.40","vary_mean",12,0.6,FALSE,226,0.944469227223,1.14421307503996,0.0862272570535525,0.25,0.151184958646971,0.199743847816957,"gamma_bin"
"gamma_bin_12.00_3.40","vary_mean",12,0.6,FALSE,227,0.882935394281871,1.0746723795412,0.0787333659012183,0.24,0.14453795514888,0.191736985259328,"gamma_bin"
"gamma_bin_12.00_3.40","vary_mean",12,0.6,FALSE,228,1.25451332375843,1.50446059040317,0.0843357746704958,0.14,0.168154970608164,0.249947266644739,"gamma_bin"
"gamma_bin_12.00_3.40","vary_mean",12,0.6,FALSE,229,1.46482234027448,1.69810309821917,0.0893614654946216,0.24,0.174914193919797,0.233280757944695,"gamma_bin"
"gamma_bin_12.00_3.40","vary_mean",12,0.6,FALSE,230,1.51066180760486,1.66398819873739,0.0818203071415394,0.57,0.169312307208303,0.153326391132527,"gamma_bin"
"gamma_bin_12.00_3.40","vary_mean",12,0.6,FALSE,231,1.76123960010775,1.89150557079725,0.0993870985707431,0.63,0.176926888906461,0.130265970689504,"gamma_bin"
"gamma_bin_12.00_3.40","vary_mean",12,0.6,FALSE,232,1.40610248726795,1.50267340171859,0.0820304127317678,0.75,0.155199659476331,0.0965709144506395,"gamma_bin"
"gamma_bin_12.00_3.40","vary_mean",12,0.6,FALSE,233,1.50839208568838,1.66759336639123,0.0743144700606058,0.47,0.161749401808985,0.159201280702848,"gamma_bin"
"gamma_bin_12.00_3.40","vary_mean",12,0.6,FALSE,234,2.14809922234943,2.5020895495017,0.107505279115251,0.07,0.196706748926532,0.353990327152274,"gamma_bin"
"gamma_bin_12.00_3.40","vary_mean",12,0.6,FALSE,235,1.77316147702833,2.21895799286175,0.105656620747511,0,0.183821896103631,0.445796515833422,"gamma_bin"
"gamma_bin_12.00_3.40","vary_mean",12,0.6,FALSE,236,1.73482506410384,2.23756125139144,0.109891865947258,0,0.182422627871652,0.502736187287596,"gamma_bin"
"gamma_bin_12.00_3.40","vary_mean",12,0.6,FALSE,237,1.62267353351007,2.19340696244484,0.092402806312382,0,0.177314244584026,0.570733428934771,"gamma_bin"
"gamma_bin_12.00_3.40","vary_mean",12,0.6,FALSE,238,1.18124992154851,1.66479713504367,0.0796612247419911,0,0.150604744240705,0.48354721349516,"gamma_bin"
"gamma_bin_12.00_3.40","vary_mean",12,0.6,FALSE,239,1.18465305674865,1.69706578273825,0.0843092177681537,0,0.147366659617161,0.512412725989602,"gamma_bin"
"gamma_bin_12.00_3.40","vary_mean",12,0.6,FALSE,240,1.4168407618799,2.03413497802859,0.0824978108166627,0,0.155748657014454,0.617294216148692,"gamma_bin"
"gamma_bin_12.00_3.40","vary_mean",12,0.6,FALSE,241,1.25636383468336,1.73931237066718,0.0693783962411731,0,0.138538372545733,0.482948535983821,"gamma_bin"
"gamma_bin_12.00_3.40","vary_mean",12,0.6,FALSE,242,1.12127216596798,1.48933572786678,0.0694800087394989,0,0.123130170733193,0.3680635618988,"gamma_bin"
"gamma_bin_12.00_3.40","vary_mean",12,0.6,FALSE,243,1.35468577162437,1.71937408844217,0.0769658964334519,0,0.127277214660373,0.364688316817802,"gamma_bin"
"gamma_bin_12.00_3.40","vary_mean",12,0.6,FALSE,244,1.01073025572083,1.23959905487092,0.0544412768759982,0,0.104299360034463,0.228868799150093,"gamma_bin"
"gamma_bin_12.00_3.40","vary_mean",12,0.6,FALSE,245,1.09869262296579,1.29477665816677,0.0488234856500908,0.02,0.103444976601403,0.196084035200984,"gamma_bin"
"gamma_bin_12.00_3.40","vary_mean",12,0.6,FALSE,246,1.01867243248783,1.169184801335,0.0468709897379729,0.1,0.0958815089247428,0.150512368847165,"gamma_bin"
"gamma_bin_12.00_3.40","vary_mean",12,0.6,FALSE,247,0.933300548697082,1.05270603353526,0.0465932848166134,0.26,0.0892199139808945,0.11940548483818,"gamma_bin"
"gamma_bin_12.00_3.40","vary_mean",12,0.6,FALSE,248,1.07521131224965,1.19161053846682,0.0461498806405344,0.22,0.093357206890914,0.116399226217165,"gamma_bin"
"gamma_bin_12.00_3.40","vary_mean",12,0.6,FALSE,249,1.30368079751671,1.41010646354582,0.0525036657437626,0.42,0.10010025764478,0.106425666029107,"gamma_bin"
"gamma_bin_12.00_3.40","vary_mean",12,0.6,FALSE,250,1.41725036624756,1.504909464073,0.0529884567316457,0.61,0.102128431588267,0.087659097825435,"gamma_bin"
"gamma_bin_12.00_3.40","vary_mean",12,0.6,FALSE,251,1.14473843834061,1.18582269976424,0.0461303831368248,0.87,0.0897383518692706,0.0410842614236309,"gamma_bin"
"gamma_bin_12.00_3.40","vary_mean",12,0.6,FALSE,252,1.28957905264017,1.34670988720507,0.051734219438792,0.73,0.0948483983263125,0.0571308345649004,"gamma_bin"
"gamma_bin_12.00_3.40","vary_mean",12,0.6,FALSE,253,1.41164181175606,1.49784748119676,0.0464894239116499,0.59,0.0994559975320827,0.0862056694406961,"gamma_bin"
"gamma_bin_3.00_3.40","vary_mean",3,-0.6,FALSE,15,1.02510010675531,0.895148756148697,0.0200605317594067,0,0.048624964113056,-0.129951350606613,"gamma_bin"
"gamma_bin_3.00_3.40","vary_mean",3,-0.6,FALSE,16,1.25252014867933,1.19652471513774,0.027558712528948,0.54,0.0571225534048182,-0.0559954335415886,"gamma_bin"
"gamma_bin_3.00_3.40","vary_mean",3,-0.6,FALSE,17,1.21525733695915,1.13783904747414,0.0319078985565118,0.27,0.0541460197641135,-0.0774182894850086,"gamma_bin"
"gamma_bin_3.00_3.40","vary_mean",3,-0.6,FALSE,18,0.979230198394809,0.904639013282563,0.0231872114044382,0.13,0.0474018671479917,-0.0745911851122464,"gamma_bin"
"gamma_bin_3.00_3.40","vary_mean",3,-0.6,FALSE,19,1.02544833790337,1.00206487569299,0.028510937821035,0.82,0.0506811702013436,-0.023383462210385,"gamma_bin"
"gamma_bin_3.00_3.40","vary_mean",3,-0.6,FALSE,20,1.03933643277786,1.03424781632076,0.026030636240123,0.93,0.0514698963378893,-0.00508861645710024,"gamma_bin"
"gamma_bin_3.00_3.40","vary_mean",3,-0.6,FALSE,21,1.31704644033967,1.30693061990178,0.0315149385800486,0.9,0.0575746277579417,-0.0101158204378877,"gamma_bin"
"gamma_bin_3.00_3.40","vary_mean",3,-0.6,FALSE,22,1.01626238281987,0.930440806666543,0.0261577570253264,0.07,0.0465488351584627,-0.0858215761533268,"gamma_bin"
"gamma_bin_3.00_3.40","vary_mean",3,-0.6,FALSE,23,0.750219977978433,0.714830631310649,0.0198372761028521,0.6,0.0413227398278457,-0.0353893466677836,"gamma_bin"
"gamma_bin_3.00_3.40","vary_mean",3,-0.6,FALSE,24,0.68680573053247,0.7242873941537,0.0232314673752165,0.55,0.0434604187115901,0.0374816636212295,"gamma_bin"
"gamma_bin_3.00_3.40","vary_mean",3,-0.6,FALSE,25,1.09137562864791,1.25227934903325,0.0310131428256209,0,0.0594601688612632,0.160903720385338,"gamma_bin"
"gamma_bin_3.00_3.40","vary_mean",3,-0.6,FALSE,26,0.741057834922739,0.78323353564573,0.0245474217287645,0.51,0.0452486019228343,0.0421757007229914,"gamma_bin"
"gamma_bin_3.00_3.40","vary_mean",3,-0.6,FALSE,27,0.768534353981288,0.851422012498289,0.0260334065953684,0.09,0.0487922484415809,0.0828876585170013,"gamma_bin"
"gamma_bin_3.00_3.40","vary_mean",3,-0.6,FALSE,28,0.752768210408917,0.849907566684345,0.0285660946096654,0.05,0.0497567668093048,0.0971393562754276,"gamma_bin"
"gamma_bin_3.00_3.40","vary_mean",3,-0.6,FALSE,29,0.700189279957523,0.80619053019394,0.0237330257063798,0.01,0.0494694750642609,0.106001250236417,"gamma_bin"
"gamma_bin_3.00_3.40","vary_mean",3,-0.6,FALSE,30,0.555240242382622,0.652329997474798,0.0254074736177876,0.02,0.0457209337048579,0.0970897550921759,"gamma_bin"
"gamma_bin_3.00_3.40","vary_mean",3,-0.6,FALSE,31,0.584450640057208,0.737471545888065,0.0257828241986087,0,0.0511565969874126,0.153020905830857,"gamma_bin"
"gamma_bin_3.00_3.40","vary_mean",3,-0.6,FALSE,32,0.680297862250013,0.876572307467605,0.0262932928105428,0,0.0577946687161438,0.196274445217592,"gamma_bin"
"gamma_bin_3.00_3.40","vary_mean",3,-0.6,FALSE,33,0.95896579009836,1.21052951399637,0.0344352485688684,0,0.0689036280953348,0.251563723898012,"gamma_bin"
"gamma_bin_3.00_3.40","vary_mean",3,-0.6,FALSE,34,1.26713544933213,1.41243100332096,0.0395978751044745,0.01,0.0720647964498783,0.145295553988829,"gamma_bin"
"gamma_bin_3.00_3.40","vary_mean",3,-0.6,FALSE,35,1.32835487275134,1.25273743148651,0.0356138492549093,0.43,0.0641420056796082,-0.0756174412648305,"gamma_bin"
"gamma_bin_3.00_3.40","vary_mean",3,-0.6,FALSE,36,0.820532179912435,0.706628284868143,0.026645567466461,0.01,0.0466119682194437,-0.113903895044292,"gamma_bin"
"gamma_bin_3.00_3.40","vary_mean",3,-0.6,FALSE,37,0.605066948223753,0.57384598733782,0.0250040792549333,0.69,0.0440643349584297,-0.0312209608859333,"gamma_bin"
"gamma_bin_3.00_3.40","vary_mean",3,-0.6,FALSE,38,0.480613317476216,0.529149158494751,0.0235022235618801,0.46,0.0451571557228732,0.0485358410185349,"gamma_bin"
"gamma_bin_3.00_3.40","vary_mean",3,-0.6,FALSE,39,0.729684595490469,0.934004407525251,0.0371259115003847,0,0.0643015038662247,0.204319812034782,"gamma_bin"
"gamma_bin_3.00_3.40","vary_mean",3,-0.6,FALSE,40,0.815117093248404,1.03187538016285,0.0411904425817718,0,0.0678496598399869,0.216758286914446,"gamma_bin"
"gamma_bin_3.00_3.40","vary_mean",3,-0.6,FALSE,41,0.615435524003123,0.733183807427221,0.0284916217680498,0.01,0.0567797819969891,0.117748283424098,"gamma_bin"
"gamma_bin_3.00_3.40","vary_mean",3,-0.6,FALSE,42,0.771681049543453,0.943939570268512,0.0332512674784672,0,0.0670375855204402,0.172258520725059,"gamma_bin"
"gamma_bin_3.00_3.40","vary_mean",3,-0.6,FALSE,43,0.638637642797715,0.749336841885998,0.0344315442057263,0.06,0.0600505601407456,0.110699199088283,"gamma_bin"
"gamma_bin_3.00_3.40","vary_mean",3,-0.6,FALSE,44,0.502607638572081,0.609712823447567,0.0319968491793906,0.03,0.0561803352809974,0.107105184875486,"gamma_bin"
"gamma_bin_3.00_3.40","vary_mean",3,-0.6,FALSE,45,0.419348773276434,0.544859132400606,0.0275607332256058,0,0.056257413966555,0.125510359124172,"gamma_bin"
"gamma_bin_3.00_3.40","vary_mean",3,-0.6,FALSE,46,0.532523289397014,0.746035171532716,0.0383420703749755,0,0.0703258687614955,0.213511882135702,"gamma_bin"
"gamma_bin_3.00_3.40","vary_mean",3,-0.6,FALSE,47,0.748164536979726,1.04820222558748,0.0404659408595318,0,0.0860964727389553,0.300037688607759,"gamma_bin"
"gamma_bin_3.00_3.40","vary_mean",3,-0.6,FALSE,48,0.699597036363356,0.883028316679837,0.0385739516422133,0,0.078121264420405,0.18343128031648,"gamma_bin"
"gamma_bin_3.00_3.40","vary_mean",3,-0.6,FALSE,49,0.840634610500807,1.02438066261457,0.0381497340529214,0.01,0.0854971426498437,0.183746052113765,"gamma_bin"
"gamma_bin_3.00_3.40","vary_mean",3,-0.6,FALSE,50,0.605572567510499,0.681875820922977,0.0344866631671231,0.41,0.0693929255818327,0.0763032534124777,"gamma_bin"
"gamma_bin_3.00_3.40","vary_mean",3,-0.6,FALSE,51,0.551154795645625,0.643789347601616,0.0342016832428666,0.21,0.0707586190375189,0.092634551955991,"gamma_bin"
"gamma_bin_3.00_3.40","vary_mean",3,-0.6,FALSE,52,0.382419782215341,0.470753578630149,0.0361520544342385,0.2,0.0636994079963822,0.0883337964148079,"gamma_bin"
"gamma_bin_3.00_3.40","vary_mean",3,-0.6,FALSE,53,0.67605453850849,0.92970054172533,0.054727153824311,0,0.0969125831268477,0.25364600321684,"gamma_bin"
"gamma_bin_3.00_3.40","vary_mean",3,-0.6,FALSE,54,0.67389745281474,0.894973481511439,0.0485503151551943,0,0.0954434891918542,0.221076028696699,"gamma_bin"
"gamma_bin_3.00_3.40","vary_mean",3,-0.6,FALSE,55,0.928654307802489,1.17447933787971,0.0584533022876949,0.01,0.110713880946938,0.245825030077221,"gamma_bin"
"gamma_bin_3.00_3.40","vary_mean",3,-0.6,FALSE,56,0.750444909156983,0.841848774226491,0.0529023988701022,0.49,0.0912441777654425,0.0914038650695084,"gamma_bin"
"gamma_bin_3.00_3.40","vary_mean",3,-0.6,FALSE,57,0.713559496047443,0.782016156443483,0.0483708784784558,0.67,0.0901036350173771,0.06845666039604,"gamma_bin"
"gamma_bin_3.00_3.40","vary_mean",3,-0.6,FALSE,58,0.492127182876667,0.554543098178739,0.0429325025957891,0.61,0.0783059080874448,0.0624159153020717,"gamma_bin"
"gamma_bin_3.00_3.40","vary_mean",3,-0.6,FALSE,59,0.488121905081673,0.606807065437353,0.0441097772969441,0.21,0.0876243933040785,0.11868516035568,"gamma_bin"
"gamma_bin_3.00_3.40","vary_mean",3,-0.6,FALSE,60,0.671861168143052,0.902105208508233,0.0557517464406348,0,0.112964406089791,0.230244040365181,"gamma_bin"
"gamma_bin_3.00_3.40","vary_mean",3,-0.6,FALSE,61,0.791762464983911,1.02094199050026,0.0637185348331206,0.03,0.121279961991288,0.229179525516349,"gamma_bin"
"gamma_bin_3.00_3.40","vary_mean",3,-0.6,FALSE,62,0.652922492639065,0.77934013481917,0.0597000785435218,0.26,0.105353303519072,0.126417642180105,"gamma_bin"
"gamma_bin_3.00_3.40","vary_mean",3,-0.6,FALSE,63,0.613891069127135,0.737493735659724,0.0527368374998471,0.33,0.105876063525115,0.123602666532589,"gamma_bin"
"gamma_bin_3.00_3.40","vary_mean",3,-0.6,FALSE,64,0.747174650317661,0.916142164386386,0.062630266100589,0.17,0.122506663399585,0.168967514068725,"gamma_bin"
"gamma_bin_3.00_3.40","vary_mean",3,-0.6,FALSE,65,0.706701130088712,0.837882441550038,0.0672981280249057,0.42,0.118276378395717,0.131181311461326,"gamma_bin"
"gamma_bin_3.00_3.40","vary_mean",3,-0.6,FALSE,66,0.51187393654748,0.609525797706166,0.0523922073586689,0.47,0.103195409028218,0.0976518611586863,"gamma_bin"
"gamma_bin_3.00_3.40","vary_mean",3,-0.6,FALSE,67,0.670601402325688,0.839347657015492,0.0686649524945353,0.21,0.1283897076232,0.168746254689804,"gamma_bin"
"gamma_bin_3.00_3.40","vary_mean",3,-0.6,FALSE,68,1.17253163081397,1.45895344250873,0.099278613457246,0.12,0.172691301605585,0.286421811694765,"gamma_bin"
"gamma_bin_3.00_3.40","vary_mean",3,-0.6,FALSE,69,1.09882955126721,1.12947163098485,0.0869413126503569,0.87,0.142339564665769,0.0306420797176352,"gamma_bin"
"gamma_bin_3.00_3.40","vary_mean",3,-0.6,FALSE,70,0.864010024055233,0.825300015790349,0.0660120589874115,0.87,0.119716652570454,-0.0387100082648842,"gamma_bin"
"gamma_bin_3.00_3.40","vary_mean",3,-0.6,FALSE,71,0.715098113998147,0.708458731396479,0.0650607809853961,0.88,0.114047759724694,-0.00663938260166808,"gamma_bin"
"gamma_bin_3.00_3.40","vary_mean",3,-0.6,FALSE,72,0.5778146754347,0.631602491367666,0.0582650442549485,0.86,0.112542710062346,0.0537878159329658,"gamma_bin"
"gamma_bin_3.00_3.40","vary_mean",3,-0.6,FALSE,73,0.968098548670386,1.16268834152488,0.0751133531932304,0.25,0.161310911645728,0.19458979285449,"gamma_bin"
"gamma_bin_3.00_3.40","vary_mean",3,-0.6,FALSE,74,0.655349167508219,0.729474349555982,0.0671772719572158,0.81,0.12435202457301,0.0741251820477627,"gamma_bin"
"gamma_bin_3.00_3.40","vary_mean",3,-0.6,FALSE,75,0.59977224361632,0.701842407175993,0.0655192631558622,0.62,0.127135488923191,0.102070163559673,"gamma_bin"
"gamma_bin_3.00_3.40","vary_mean",3,-0.6,FALSE,76,0.795810456805532,0.98592526236964,0.0828881379240334,0.31,0.157368484303201,0.190114805564108,"gamma_bin"
"gamma_bin_3.00_3.40","vary_mean",3,-0.6,FALSE,77,0.873668877519834,1.02928895307424,0.0818969681480121,0.49,0.160623880544764,0.155620075554405,"gamma_bin"
"gamma_bin_3.00_3.40","vary_mean",3,-0.6,FALSE,78,0.655524310026793,0.736700318471069,0.0836534951866,0.72,0.135132392404777,0.0811760084442759,"gamma_bin"
"gamma_bin_3.00_3.40","vary_mean",3,-0.6,FALSE,79,0.810623636163075,0.951500243009245,0.0868496969503499,0.57,0.159890228928749,0.14087660684617,"gamma_bin"
"gamma_bin_3.00_3.40","vary_mean",3,-0.6,FALSE,80,0.610456557383718,0.686720932561044,0.0645543218090198,0.84,0.136588294003838,0.0762643751773261,"gamma_bin"
"gamma_bin_3.00_3.40","vary_mean",3,-0.6,FALSE,81,0.859858611274139,1.0318286314292,0.0947757056284199,0.46,0.175531719391836,0.171970020155062,"gamma_bin"
"gamma_bin_3.00_3.40","vary_mean",3,-0.6,FALSE,82,0.71793472208637,0.818641450824828,0.0809039164290867,0.75,0.155172619047475,0.100706728738458,"gamma_bin"
"gamma_bin_3.00_3.40","vary_mean",3,-0.6,FALSE,83,0.992203959261976,1.13884379686325,0.0973772782843738,0.61,0.18802886939502,0.146639837601279,"gamma_bin"
"gamma_bin_3.00_3.40","vary_mean",3,-0.6,FALSE,84,1.12541562776308,1.19032801582851,0.1098575019536,0.86,0.18816213238309,0.0649123880654259,"gamma_bin"
"gamma_bin_3.00_3.40","vary_mean",3,-0.6,FALSE,85,0.719081428835968,0.709891413379009,0.0799221493124865,0.93,0.141502605752043,-0.00919001545695874,"gamma_bin"
"gamma_bin_3.00_3.40","vary_mean",3,-0.6,FALSE,86,0.84752493125734,0.901808132146852,0.0813766922638514,0.9,0.167218050291061,0.0542832008895124,"gamma_bin"
"gamma_bin_3.00_3.40","vary_mean",3,-0.6,FALSE,87,0.855021916180829,0.91868529397415,0.0948833218367498,0.87,0.170987862222726,0.0636633777933215,"gamma_bin"
"gamma_bin_3.00_3.40","vary_mean",3,-0.6,FALSE,88,1.05231211723794,1.15208486930934,0.111785400083828,0.85,0.193656501465006,0.0997727520713967,"gamma_bin"
"gamma_bin_3.00_3.40","vary_mean",3,-0.6,FALSE,89,0.736245763604483,0.756133026207692,0.0851403309638804,0.92,0.153368462311262,0.0198872626032092,"gamma_bin"
"gamma_bin_3.00_3.40","vary_mean",3,-0.6,FALSE,90,0.910435800275709,1.00524256504864,0.0967148547999661,0.81,0.183854940560326,0.094806764772933,"gamma_bin"
"gamma_bin_3.00_3.40","vary_mean",3,-0.6,FALSE,91,0.875373992276142,0.945305355404884,0.101337530670932,0.87,0.177842039424077,0.0699313631287425,"gamma_bin"
"gamma_bin_3.00_3.40","vary_mean",3,-0.6,FALSE,92,1.13308580158326,1.19511180129837,0.101835558545049,0.87,0.201740428626669,0.062025999715106,"gamma_bin"
"gamma_bin_3.00_3.40","vary_mean",3,-0.6,FALSE,93,0.779622317935819,0.783501040338624,0.092010837935958,0.91,0.158832684556109,0.00387872240280474,"gamma_bin"
"gamma_bin_3.00_3.40","vary_mean",3,-0.6,FALSE,94,0.738590807925372,0.770564290397775,0.0888900706469836,0.93,0.16303733016586,0.0319734824724031,"gamma_bin"
"gamma_bin_3.00_3.40","vary_mean",3,-0.6,FALSE,95,0.736386067431423,0.833993956339041,0.0989664787326437,0.8,0.175528381960759,0.0976078889076178,"gamma_bin"
"gamma_bin_3.00_3.40","vary_mean",3,-0.6,FALSE,96,0.940470991453404,1.09573469459483,0.11208348388348,0.68,0.205938039805253,0.155263703141426,"gamma_bin"
"gamma_bin_3.00_3.40","vary_mean",3,-0.6,FALSE,97,0.92681020267862,1.02734322518016,0.106072309024774,0.82,0.196456161310636,0.100533022501536,"gamma_bin"
"gamma_bin_3.00_3.40","vary_mean",3,-0.6,FALSE,98,0.805264800704658,0.862300364470047,0.0924934384144358,0.89,0.179346741853862,0.0570355637653893,"gamma_bin"
"gamma_bin_3.00_3.40","vary_mean",3,-0.6,FALSE,99,0.96897608307621,1.06657740034072,0.115815811966732,0.74,0.203714023749119,0.097601317264506,"gamma_bin"
"gamma_bin_3.00_3.40","vary_mean",3,-0.6,FALSE,100,0.483332995262756,0.507057872165268,0.0745024251423344,0.92,0.139095944102656,0.0237248769025121,"gamma_bin"
"gamma_bin_3.00_3.40","vary_mean",3,-0.6,FALSE,101,0.66077716283239,0.802781169321058,0.106188335123218,0.63,0.189440005501282,0.142004006488668,"gamma_bin"
"gamma_bin_3.00_3.40","vary_mean",3,-0.6,FALSE,102,0.655745239910364,0.806149612061159,0.0959999520212128,0.65,0.194740268808543,0.150404372150795,"gamma_bin"
"gamma_bin_3.00_3.40","vary_mean",3,-0.6,FALSE,103,1.19599908198214,1.48863859018422,0.143023748434051,0.37,0.272037121094518,0.292639508202082,"gamma_bin"
"gamma_bin_3.00_3.40","vary_mean",3,-0.6,FALSE,104,1.52020654998133,1.57768394465445,0.147420671652604,0.88,0.261489648427589,0.0574773946731186,"gamma_bin"
"gamma_bin_3.00_3.40","vary_mean",3,-0.6,FALSE,105,1.10303826313934,0.95618790063119,0.103561907362446,0.66,0.188737666977268,-0.14685036250815,"gamma_bin"
"gamma_bin_3.00_3.40","vary_mean",3,-0.6,FALSE,106,0.895258886773757,0.7858943052871,0.0867236307594957,0.72,0.173159108636897,-0.109364581486657,"gamma_bin"
"gamma_bin_3.00_3.40","vary_mean",3,-0.6,FALSE,107,0.603016892421566,0.57152331930024,0.076590375707859,0.96,0.15275786335389,-0.0314935731213255,"gamma_bin"
"gamma_bin_3.00_3.40","vary_mean",3,-0.6,FALSE,108,1.07762321196894,1.20110714616437,0.140804007831223,0.79,0.236780813959896,0.123483934195428,"gamma_bin"
"gamma_bin_3.00_3.40","vary_mean",3,-0.6,FALSE,109,1.67936751135944,1.78380711510497,0.180391680710948,0.78,0.279673527185969,0.104439603745527,"gamma_bin"
"gamma_bin_3.00_3.40","vary_mean",3,-0.6,FALSE,110,0.778512854791425,0.676510414790117,0.0776119188242016,0.79,0.155544391352214,-0.102002440001308,"gamma_bin"
"gamma_bin_3.00_3.40","vary_mean",3,-0.6,FALSE,111,0.992005341124613,0.939692535166745,0.100510610482298,0.95,0.193807259509215,-0.0523128059578676,"gamma_bin"
"gamma_bin_3.00_3.40","vary_mean",3,-0.6,FALSE,112,1.07688074493023,1.06416811722455,0.119603831681095,0.95,0.208090638970092,-0.0127126277056826,"gamma_bin"
"gamma_bin_3.00_3.40","vary_mean",3,-0.6,FALSE,113,0.702400819858529,0.705702916040486,0.0868612980499638,0.96,0.167906736541387,0.00330209618195654,"gamma_bin"
"gamma_bin_3.00_3.40","vary_mean",3,-0.6,FALSE,114,0.976066509197994,1.06341492781865,0.126594760696043,0.84,0.215929947649755,0.0873484186206602,"gamma_bin"
"gamma_bin_3.00_3.40","vary_mean",3,-0.6,FALSE,115,1.23867756628513,1.31216518905426,0.128611648411376,0.87,0.237268074638192,0.0734876227691346,"gamma_bin"
"gamma_bin_3.00_3.40","vary_mean",3,-0.6,FALSE,116,1.16180338965973,1.12794115109185,0.110232814643102,0.9,0.210822435581717,-0.0338622385678806,"gamma_bin"
"gamma_bin_3.00_3.40","vary_mean",3,-0.6,FALSE,117,1.19462029108814,1.11026038652005,0.109353424559446,0.85,0.205921267805189,-0.0843599045680876,"gamma_bin"
"gamma_bin_3.00_3.40","vary_mean",3,-0.6,FALSE,118,1.16321995780671,1.05102389400425,0.10192151168747,0.78,0.197707862160275,-0.112196063802464,"gamma_bin"
"gamma_bin_3.00_3.40","vary_mean",3,-0.6,FALSE,119,1.07032628214879,0.9822649108695,0.0952259863076573,0.86,0.190118716319791,-0.0880613712792897,"gamma_bin"
"gamma_bin_3.00_3.40","vary_mean",3,-0.6,FALSE,120,0.877757633134012,0.824533713772097,0.0880514213134694,0.95,0.174965943819119,-0.053223919361915,"gamma_bin"
"gamma_bin_3.00_3.40","vary_mean",3,-0.6,FALSE,121,1.36755731263547,1.392632727384,0.117441942436497,0.94,0.233647005353884,0.0250754147485321,"gamma_bin"
"gamma_bin_3.00_3.40","vary_mean",3,-0.6,FALSE,122,0.835796444244159,0.784781433459182,0.0878891270227571,0.88,0.166125735541871,-0.0510150107849774,"gamma_bin"
"gamma_bin_3.00_3.40","vary_mean",3,-0.6,FALSE,123,1.26724551805682,1.26887946245998,0.111762086176383,0.98,0.21892276236689,0.00163394440316278,"gamma_bin"
"gamma_bin_3.00_3.40","vary_mean",3,-0.6,FALSE,124,0.969129898643769,0.913556206862507,0.0885820741105275,0.92,0.178776640311304,-0.0555736917812624,"gamma_bin"
"gamma_bin_3.00_3.40","vary_mean",3,-0.6,FALSE,125,0.847338782890042,0.835214711282472,0.0824381690498159,0.98,0.173647045112163,-0.0121240716075703,"gamma_bin"
"gamma_bin_3.00_3.40","vary_mean",3,-0.6,FALSE,126,0.715564882412269,0.753919639039605,0.0810362225648849,0.93,0.169137464190392,0.0383547566273359,"gamma_bin"
"gamma_bin_3.00_3.40","vary_mean",3,-0.6,FALSE,127,0.94782383341486,1.06591890406491,0.109209893111781,0.82,0.208655560507037,0.118095070650052,"gamma_bin"
"gamma_bin_3.00_3.40","vary_mean",3,-0.6,FALSE,128,0.685081694959754,0.748861961586667,0.0801950942371773,0.94,0.17305421530091,0.0637802666269129,"gamma_bin"
"gamma_bin_3.00_3.40","vary_mean",3,-0.6,FALSE,129,0.940719567434955,1.08873626531674,0.11394646042358,0.73,0.216921890320304,0.14801669788178,"gamma_bin"
"gamma_bin_3.00_3.40","vary_mean",3,-0.6,FALSE,130,0.882735861931285,0.962652526587519,0.101193930964885,0.89,0.201009978162279,0.0799166646562344,"gamma_bin"
"gamma_bin_3.00_3.40","vary_mean",3,-0.6,FALSE,131,0.908592867608554,0.994075449271266,0.106603969718371,0.86,0.205576670837538,0.0854825816627125,"gamma_bin"
"gamma_bin_3.00_3.40","vary_mean",3,-0.6,FALSE,132,0.919571358645804,0.953900831308385,0.106438684919395,0.93,0.201517225661147,0.0343294726625814,"gamma_bin"
"gamma_bin_3.00_3.40","vary_mean",3,-0.6,FALSE,133,0.772870216905444,0.801130757752816,0.102281331883345,0.91,0.186002569191214,0.0282605408473716,"gamma_bin"
"gamma_bin_3.00_3.40","vary_mean",3,-0.6,FALSE,134,0.850110615604727,0.922892914363211,0.100176523559466,0.92,0.206054602491677,0.072782298758484,"gamma_bin"
"gamma_bin_3.00_3.40","vary_mean",3,-0.6,FALSE,135,0.784750966748685,0.86037518872124,0.117604390249648,0.85,0.2007822030543,0.0756242219725554,"gamma_bin"
"gamma_bin_3.00_3.40","vary_mean",3,-0.6,FALSE,136,0.974669466757976,1.10888204336057,0.12580766240698,0.7,0.232910420085533,0.134212576602592,"gamma_bin"
"gamma_bin_3.00_3.40","vary_mean",3,-0.6,FALSE,137,0.984151011066472,1.05008531306772,0.12462686379465,0.91,0.22304520188999,0.0659343020012477,"gamma_bin"
"gamma_bin_3.00_3.40","vary_mean",3,-0.6,FALSE,138,1.1907508581573,1.21451277209249,0.123168234623692,0.96,0.238328658115333,0.0237619139351932,"gamma_bin"
"gamma_bin_3.00_3.40","vary_mean",3,-0.6,FALSE,139,1.38368582408824,1.30660063810711,0.131289303001614,0.9,0.240146989090015,-0.0770851859811286,"gamma_bin"
"gamma_bin_3.00_3.40","vary_mean",3,-0.6,FALSE,140,0.815817246340058,0.720724789530389,0.099438155540171,0.81,0.17119959639859,-0.0950924568096695,"gamma_bin"
"gamma_bin_3.00_3.40","vary_mean",3,-0.6,FALSE,141,0.948708845408202,0.925218656775722,0.109174114722246,0.93,0.203244834458036,-0.0234901886324801,"gamma_bin"
"gamma_bin_3.00_3.40","vary_mean",3,-0.6,FALSE,142,0.887913521021147,0.907780004713665,0.113968894497883,0.93,0.203483867708938,0.0198664836925179,"gamma_bin"
"gamma_bin_3.00_3.40","vary_mean",3,-0.6,FALSE,143,1.33195215209727,1.3771645958298,0.153598918654648,0.89,0.254105754227341,0.0452124437325254,"gamma_bin"
"gamma_bin_3.00_3.40","vary_mean",3,-0.6,FALSE,144,1.33130915175386,1.27480036914396,0.135117774125984,0.89,0.232082340728453,-0.0565087826098969,"gamma_bin"
"gamma_bin_3.00_3.40","vary_mean",3,-0.6,FALSE,145,1.36040954450305,1.20406278239768,0.110432313262511,0.75,0.217906213017986,-0.156346762105369,"gamma_bin"
"gamma_bin_3.00_3.40","vary_mean",3,-0.6,FALSE,146,1.03071516120352,0.872934371191929,0.0934012636940527,0.61,0.180681194724524,-0.15778079001159,"gamma_bin"
"gamma_bin_3.00_3.40","vary_mean",3,-0.6,FALSE,147,1.01542687773298,0.932790468102113,0.0974281537124983,0.88,0.190908380883414,-0.0826364096308667,"gamma_bin"
"gamma_bin_3.00_3.40","vary_mean",3,-0.6,FALSE,148,0.918038272830281,0.881879250634192,0.0957996145064588,0.94,0.187644481407867,-0.036159022196089,"gamma_bin"
"gamma_bin_3.00_3.40","vary_mean",3,-0.6,FALSE,149,0.795403147880171,0.819041704026784,0.0934485641091496,0.96,0.184330943583568,0.0236385561466129,"gamma_bin"
"gamma_bin_3.00_3.40","vary_mean",3,-0.6,FALSE,150,0.947076494147123,1.04118243192317,0.104245194070014,0.86,0.213359348826459,0.0941059377760467,"gamma_bin"
"gamma_bin_3.00_3.40","vary_mean",3,-0.6,FALSE,151,0.838902415667924,0.896463608378939,0.115831795349631,0.85,0.196418395172183,0.0575611927110147,"gamma_bin"
"gamma_bin_3.00_3.40","vary_mean",3,-0.6,FALSE,152,1.10280245382765,1.20065888732589,0.139859795106818,0.82,0.231326874679375,0.0978564334982448,"gamma_bin"
"gamma_bin_3.00_3.40","vary_mean",3,-0.6,FALSE,153,1.09815440539428,1.11875428162708,0.114981485690244,0.91,0.216946537779745,0.0205998762327986,"gamma_bin"
"gamma_bin_3.00_3.40","vary_mean",3,-0.6,FALSE,154,0.933699509626363,0.919950555338695,0.112467862464489,0.91,0.193665588772514,-0.0137489542876682,"gamma_bin"
"gamma_bin_3.00_3.40","vary_mean",3,-0.6,FALSE,155,0.677259462566555,0.692088671900296,0.0901832126033188,0.95,0.170329116040495,0.0148292093337412,"gamma_bin"
"gamma_bin_3.00_3.40","vary_mean",3,-0.6,FALSE,156,0.794318325784725,0.858237813358632,0.116037960150063,0.87,0.198880212920428,0.0639194875739074,"gamma_bin"
"gamma_bin_3.00_3.40","vary_mean",3,-0.6,FALSE,157,0.863129045133472,0.967849490650968,0.122211856164086,0.81,0.215482187577659,0.104720445517496,"gamma_bin"
"gamma_bin_3.00_3.40","vary_mean",3,-0.6,FALSE,158,1.2121292060572,1.37214039538072,0.153266155960441,0.66,0.257627401253733,0.160011189323521,"gamma_bin"
"gamma_bin_3.00_3.40","vary_mean",3,-0.6,FALSE,159,1.02410099479473,1.0064636936538,0.114108670407888,0.92,0.209727125393597,-0.0176373011409288,"gamma_bin"
"gamma_bin_3.00_3.40","vary_mean",3,-0.6,FALSE,160,0.905625417711481,0.880444717418782,0.100142524427652,0.95,0.196423234922884,-0.025180700292699,"gamma_bin"
"gamma_bin_3.00_3.40","vary_mean",3,-0.6,FALSE,161,0.911623484707899,0.924749324031913,0.107441943165515,0.93,0.205367796025026,0.0131258393240145,"gamma_bin"
"gamma_bin_3.00_3.40","vary_mean",3,-0.6,FALSE,162,0.854314364398061,0.891263434334904,0.11822191422405,0.93,0.203747231119938,0.036949069936843,"gamma_bin"
"gamma_bin_3.00_3.40","vary_mean",3,-0.6,FALSE,163,0.939538506142908,0.985401717648815,0.114940906142378,0.94,0.217814841271949,0.0458632115059072,"gamma_bin"
"gamma_bin_3.00_3.40","vary_mean",3,-0.6,FALSE,164,0.804264811038419,0.845113827758984,0.114429758481202,0.88,0.202112983566057,0.0408490167205654,"gamma_bin"
"gamma_bin_3.00_3.40","vary_mean",3,-0.6,FALSE,165,1.00142358506205,1.12133744058505,0.131764581593306,0.8,0.238753943854156,0.119913855523004,"gamma_bin"
"gamma_bin_3.00_3.40","vary_mean",3,-0.6,FALSE,166,1.22258511650756,1.24140387880192,0.141473177095655,0.88,0.2463497478372,0.0188187622943623,"gamma_bin"
"gamma_bin_3.00_3.40","vary_mean",3,-0.6,FALSE,167,0.797785743145654,0.769879777229253,0.104942237078003,0.92,0.187933233472,-0.0279059659164009,"gamma_bin"
"gamma_bin_3.00_3.40","vary_mean",3,-0.6,FALSE,168,1.1498418409574,1.19070630912842,0.122571163899696,0.95,0.242665557893847,0.0408644681710166,"gamma_bin"
"gamma_bin_3.00_3.40","vary_mean",3,-0.6,FALSE,169,0.760349335694062,0.73862102989768,0.102234267966241,0.96,0.185919117060445,-0.0217283057963825,"gamma_bin"
"gamma_bin_3.00_3.40","vary_mean",3,-0.6,FALSE,170,1.37423882796411,1.45543949452476,0.149173506216758,0.91,0.272257415641318,0.0812006665606548,"gamma_bin"
"gamma_bin_3.00_3.40","vary_mean",3,-0.6,FALSE,171,0.879916177740953,0.825852976017243,0.0936049966418488,0.91,0.192587754046123,-0.0540632017237104,"gamma_bin"
"gamma_bin_3.00_3.40","vary_mean",3,-0.6,FALSE,172,1.40469809778524,1.38099199877093,0.132163265767612,0.96,0.256591340873337,-0.0237060990143121,"gamma_bin"
"gamma_bin_3.00_3.40","vary_mean",3,-0.6,FALSE,173,0.919193657171105,0.817875885527566,0.097642639368688,0.81,0.187460109830672,-0.101317771643539,"gamma_bin"
"gamma_bin_3.00_3.40","vary_mean",3,-0.6,FALSE,174,0.923156528563282,0.893074182299213,0.103692605603144,0.94,0.201969791052057,-0.0300823462640691,"gamma_bin"
"gamma_bin_3.00_3.40","vary_mean",3,-0.6,FALSE,175,1.03837120055872,1.08198788303216,0.119592794140066,0.91,0.225997520216651,0.0436166824734441,"gamma_bin"
"gamma_bin_3.00_3.40","vary_mean",3,-0.6,FALSE,176,0.998550191051843,0.988660085940919,0.112330965371128,0.93,0.213404720399588,-0.00989010511092403,"gamma_bin"
"gamma_bin_3.00_3.40","vary_mean",3,-0.6,FALSE,177,1.0672490953256,1.06871383719243,0.114248263568179,0.96,0.222714109873953,0.00146474186683099,"gamma_bin"
"gamma_bin_3.00_3.40","vary_mean",3,-0.6,FALSE,178,0.796488943635566,0.783622578033993,0.0909371502869933,0.94,0.188900366518943,-0.0128663656015729,"gamma_bin"
"gamma_bin_3.00_3.40","vary_mean",3,-0.6,FALSE,179,1.19853631620291,1.27760314925447,0.124088204785062,0.94,0.249835242443779,0.0790668330515605,"gamma_bin"
"gamma_bin_3.00_3.40","vary_mean",3,-0.6,FALSE,180,1.18742234445089,1.16796079986013,0.113744578451746,0.97,0.229415917846435,-0.0194615445907647,"gamma_bin"
"gamma_bin_3.00_3.40","vary_mean",3,-0.6,FALSE,181,1.49419822100474,1.39120078648743,0.11825973718157,0.89,0.244956346711806,-0.102997434517307,"gamma_bin"
"gamma_bin_3.00_3.40","vary_mean",3,-0.6,FALSE,182,1.51569971274724,1.27891664258167,0.128153956330097,0.53,0.223126719394893,-0.236783070165575,"gamma_bin"
"gamma_bin_3.00_3.40","vary_mean",3,-0.6,FALSE,183,0.993078083144793,0.804223496716459,0.101416630421532,0.49,0.170606872137538,-0.188854586428334,"gamma_bin"
"gamma_bin_3.00_3.40","vary_mean",3,-0.6,FALSE,184,0.900895179433443,0.808297471522086,0.100773557769817,0.8,0.177133331668706,-0.0925977079113575,"gamma_bin"
"gamma_bin_3.00_3.40","vary_mean",3,-0.6,FALSE,185,0.823216514722493,0.817689445788489,0.0962007072342528,0.95,0.183588856882351,-0.00552706893400401,"gamma_bin"
"gamma_bin_3.00_3.40","vary_mean",3,-0.6,FALSE,186,1.22622352517845,1.33535680663488,0.124324600315838,0.82,0.24080602524499,0.10913328145643,"gamma_bin"
"gamma_bin_3.00_3.40","vary_mean",3,-0.6,FALSE,187,0.917485344129662,0.917820223076536,0.0974471224130653,0.98,0.190260354453586,0.000334878946873784,"gamma_bin"
"gamma_bin_3.00_3.40","vary_mean",3,-0.6,FALSE,188,1.14600718978611,1.15155976255276,0.121668625907202,0.91,0.216425221972907,0.00555257276665455,"gamma_bin"
"gamma_bin_3.00_3.40","vary_mean",3,-0.6,FALSE,189,1.15017955401154,1.13059793625002,0.108956899989781,0.96,0.209851771445732,-0.0195816177615202,"gamma_bin"
"gamma_bin_3.00_3.40","vary_mean",3,-0.6,FALSE,190,1.13787761403339,1.06247401895942,0.102766544623427,0.91,0.200105836992356,-0.0754035950739711,"gamma_bin"
"gamma_bin_3.00_3.40","vary_mean",3,-0.6,FALSE,191,1.77820774658985,1.65963762721019,0.127664611272379,0.82,0.248503839403575,-0.118570119379664,"gamma_bin"
"gamma_bin_3.00_3.40","vary_mean",3,-0.6,FALSE,192,1.12621869533816,0.90616377811051,0.0850284597108391,0.29,0.168353773416611,-0.22005491722765,"gamma_bin"
"gamma_bin_3.00_3.40","vary_mean",3,-0.6,FALSE,193,1.63142687231341,1.37232154587843,0.0944616153262739,0.31,0.211317198887479,-0.259105326434979,"gamma_bin"
"gamma_bin_3.00_3.40","vary_mean",3,-0.6,FALSE,194,1.9613208229511,1.57467551192669,0.111285094674053,0.07,0.215188066608761,-0.386645311024409,"gamma_bin"
"gamma_bin_3.00_3.40","vary_mean",3,-0.6,FALSE,195,1.62644217295684,1.21678739660703,0.100204113555314,0.03,0.175687954739967,-0.40965477634981,"gamma_bin"
"gamma_bin_3.00_3.40","vary_mean",3,-0.6,FALSE,196,1.22114876712024,0.907781667476186,0.0790810538770403,0.04,0.147833010782509,-0.313367099644054,"gamma_bin"
"gamma_bin_3.00_3.40","vary_mean",3,-0.6,FALSE,197,1.08512340553335,0.898397245237982,0.0761661406091428,0.38,0.149590706221238,-0.186726160295368,"gamma_bin"
"gamma_bin_3.00_3.40","vary_mean",3,-0.6,FALSE,198,1.22271087570671,1.11872790090185,0.0908392101203857,0.77,0.169822722643927,-0.103982974804862,"gamma_bin"
"gamma_bin_3.00_3.40","vary_mean",3,-0.6,FALSE,199,1.2960340351298,1.22295321311037,0.0869460698379355,0.9,0.174585657844803,-0.073080822019431,"gamma_bin"
"gamma_bin_3.00_3.40","vary_mean",3,-0.6,FALSE,200,1.66920711624072,1.52629593337255,0.115635878496708,0.62,0.189256463894736,-0.142911182868165,"gamma_bin"
"gamma_bin_3.00_3.40","vary_mean",3,-0.6,FALSE,201,1.16940768861372,0.961233190095214,0.0746948033242484,0.2,0.139999326695883,-0.208174498518506,"gamma_bin"
"gamma_bin_3.00_3.40","vary_mean",3,-0.6,FALSE,202,1.0787760344722,0.917309224782268,0.0776541578207668,0.44,0.138243882363095,-0.161466809689932,"gamma_bin"
"gamma_bin_3.00_3.40","vary_mean",3,-0.6,FALSE,203,0.894614924502778,0.81453722616081,0.0787882197350036,0.74,0.132155821577352,-0.0800776983419685,"gamma_bin"
"gamma_bin_3.00_3.40","vary_mean",3,-0.6,FALSE,204,0.818936942727194,0.831774593034101,0.0681837957985447,0.95,0.137405118836619,0.0128376503069073,"gamma_bin"
"gamma_bin_3.00_3.40","vary_mean",3,-0.6,FALSE,205,0.966688195947552,1.05442884900496,0.0872209943892966,0.78,0.158438652581579,0.0877406530574061,"gamma_bin"
"gamma_bin_3.00_3.40","vary_mean",3,-0.6,FALSE,206,0.735602657677609,0.779699345704744,0.0631230475925305,0.93,0.135108493675249,0.044096688027135,"gamma_bin"
"gamma_bin_3.00_3.40","vary_mean",3,-0.6,FALSE,207,0.854906249805799,0.974462355563454,0.0870994639960512,0.65,0.156078572001073,0.119556105757655,"gamma_bin"
"gamma_bin_3.00_3.40","vary_mean",3,-0.6,FALSE,208,1.18360616945073,1.31783877674878,0.107391262318877,0.64,0.182009651622505,0.134232607298049,"gamma_bin"
"gamma_bin_3.00_3.40","vary_mean",3,-0.6,FALSE,209,1.4602885501346,1.45019969534707,0.0957952863091214,0.95,0.182678475981283,-0.010088854787526,"gamma_bin"
"gamma_bin_3.00_3.40","vary_mean",3,-0.6,FALSE,210,0.828346816490767,0.71573924990268,0.0589848774988473,0.63,0.120789560097663,-0.112607566588087,"gamma_bin"
"gamma_bin_3.00_3.40","vary_mean",3,-0.6,FALSE,211,0.945514704257119,0.91069565288621,0.0752322431366606,0.93,0.14295119203977,-0.0348190513709087,"gamma_bin"
"gamma_bin_3.00_3.40","vary_mean",3,-0.6,FALSE,212,0.790503634328223,0.784163009353238,0.0627558290242864,0.96,0.134405068240133,-0.00634062497498544,"gamma_bin"
"gamma_bin_3.00_3.40","vary_mean",3,-0.6,FALSE,213,1.43200091428725,1.55233738599172,0.106331134786529,0.77,0.195159738487445,0.120336471704467,"gamma_bin"
"gamma_bin_3.00_3.40","vary_mean",3,-0.6,FALSE,214,1.11427471246835,1.05041697483562,0.0805870656887704,0.8,0.148760667156511,-0.0638577376327305,"gamma_bin"
"gamma_bin_3.00_3.40","vary_mean",3,-0.6,FALSE,215,1.11570572194133,1.03487215151317,0.0692708836525551,0.84,0.147191159685592,-0.0808335704281649,"gamma_bin"
"gamma_bin_3.00_3.40","vary_mean",3,-0.6,FALSE,216,1.45325455274622,1.33923377989809,0.0925612610516511,0.68,0.16683815085477,-0.114020772848134,"gamma_bin"
"gamma_bin_3.00_3.40","vary_mean",3,-0.6,FALSE,217,1.1420513438864,0.989217647994213,0.0756956572031116,0.45,0.136865851089857,-0.152833695892187,"gamma_bin"
"gamma_bin_3.00_3.40","vary_mean",3,-0.6,FALSE,218,0.657956194341687,0.57856201942383,0.0572635592095764,0.69,0.105209568099277,-0.0793941749178568,"gamma_bin"
"gamma_bin_3.00_3.40","vary_mean",3,-0.6,FALSE,219,1.37055796530381,1.44137491083342,0.0899560553371077,0.85,0.177706815797241,0.0708169455296059,"gamma_bin"
"gamma_bin_3.00_3.40","vary_mean",3,-0.6,FALSE,220,1.1217671045533,1.06585595754614,0.0821302902140314,0.86,0.143430295869829,-0.0559111470071592,"gamma_bin"
"gamma_bin_3.00_3.40","vary_mean",3,-0.6,FALSE,221,1.82148085595811,1.71195731671752,0.109666653587809,0.75,0.180376753113718,-0.109523539240587,"gamma_bin"
"gamma_bin_3.00_3.40","vary_mean",3,-0.6,FALSE,222,1.47820728190538,1.17356864497869,0.0719018845674134,0.03,0.136058333091864,-0.304638636926687,"gamma_bin"
"gamma_bin_3.00_3.40","vary_mean",3,-0.6,FALSE,223,1.22912323671868,0.949137128038664,0.0631870939922821,0.02,0.1200773675471,-0.279986108680015,"gamma_bin"
"gamma_bin_3.00_3.40","vary_mean",3,-0.6,FALSE,224,1.39166921706407,1.15839637562831,0.0716547182087441,0.09,0.134113423303537,-0.233272841435758,"gamma_bin"
"gamma_bin_3.00_3.40","vary_mean",3,-0.6,FALSE,225,1.02692395020016,0.865027974470433,0.0666855968719271,0.23,0.113419464619533,-0.161895975729727,"gamma_bin"
"gamma_bin_3.00_3.40","vary_mean",3,-0.6,FALSE,226,0.944469227223,0.889799919750958,0.0645641495760832,0.82,0.117612010050626,-0.0546693074720417,"gamma_bin"
"gamma_bin_3.00_3.40","vary_mean",3,-0.6,FALSE,227,0.882935394281871,0.886777477225665,0.0630607309040126,0.92,0.119288917306448,0.0038420829437944,"gamma_bin"
"gamma_bin_3.00_3.40","vary_mean",3,-0.6,FALSE,228,1.25451332375843,1.3280226256512,0.0750089387220114,0.85,0.148466116078085,0.073509301892765,"gamma_bin"
"gamma_bin_3.00_3.40","vary_mean",3,-0.6,FALSE,229,1.46482234027448,1.4246576351155,0.0813452291615607,0.89,0.146730166430729,-0.0401647051589764,"gamma_bin"
"gamma_bin_3.00_3.40","vary_mean",3,-0.6,FALSE,230,1.51066180760486,1.3036985346957,0.0692341087904515,0.15,0.132621734660085,-0.206963272909163,"gamma_bin"
"gamma_bin_3.00_3.40","vary_mean",3,-0.6,FALSE,231,1.76123960010775,1.42723877200554,0.0766315626593062,0.02,0.1334871223479,-0.334000828102206,"gamma_bin"
"gamma_bin_3.00_3.40","vary_mean",3,-0.6,FALSE,232,1.40610248726795,1.04718805930128,0.0611741375930179,0,0.108125650439335,-0.358914427966671,"gamma_bin"
"gamma_bin_3.00_3.40","vary_mean",3,-0.6,FALSE,233,1.50839208568838,1.18128988905243,0.0569713263748741,0,0.114557876552789,-0.327102196635946,"gamma_bin"
"gamma_bin_3.00_3.40","vary_mean",3,-0.6,FALSE,234,2.14809922234943,1.71493987678909,0.0751822851729814,0,0.134828256795784,-0.433159345560343,"gamma_bin"
"gamma_bin_3.00_3.40","vary_mean",3,-0.6,FALSE,235,1.77316147702833,1.28265102819457,0.0667022699450005,0,0.106250906910017,-0.490510448833763,"gamma_bin"
"gamma_bin_3.00_3.40","vary_mean",3,-0.6,FALSE,236,1.73482506410384,1.23603023446353,0.0607934963070533,0,0.100776201053855,-0.498794829640308,"gamma_bin"
"gamma_bin_3.00_3.40","vary_mean",3,-0.6,FALSE,237,1.62267353351007,1.18548083982945,0.0542800991222705,0,0.0958263719756138,-0.437192693680616,"gamma_bin"
"gamma_bin_3.00_3.40","vary_mean",3,-0.6,FALSE,238,1.18124992154851,0.903705861154162,0.046148189256964,0,0.081737224345902,-0.277544060394348,"gamma_bin"
"gamma_bin_3.00_3.40","vary_mean",3,-0.6,FALSE,239,1.18465305674865,1.01435750646921,0.0507199301646682,0.05,0.0880664319268287,-0.170295550279435,"gamma_bin"
"gamma_bin_3.00_3.40","vary_mean",3,-0.6,FALSE,240,1.4168407618799,1.30120533373166,0.0530235297602087,0.42,0.0996235686658476,-0.115635428148237,"gamma_bin"
"gamma_bin_3.00_3.40","vary_mean",3,-0.6,FALSE,241,1.25636383468336,1.10617752776372,0.0466097860268851,0.12,0.0880974835341353,-0.150186306919641,"gamma_bin"
"gamma_bin_3.00_3.40","vary_mean",3,-0.6,FALSE,242,1.12127216596798,1.0003745611757,0.045837464432151,0.21,0.0827038033773707,-0.120897604792285,"gamma_bin"
"gamma_bin_3.00_3.40","vary_mean",3,-0.6,FALSE,243,1.35468577162437,1.25334887965843,0.0573940989919666,0.43,0.0927839955115846,-0.101336891965936,"gamma_bin"
"gamma_bin_3.00_3.40","vary_mean",3,-0.6,FALSE,244,1.01073025572083,0.90448846449156,0.0420556154799242,0.28,0.0760892159896106,-0.10624179122927,"gamma_bin"
"gamma_bin_3.00_3.40","vary_mean",3,-0.6,FALSE,245,1.09869262296579,1.03709282020492,0.0439508543339272,0.69,0.0828396471896326,-0.0615998027608675,"gamma_bin"
"gamma_bin_3.00_3.40","vary_mean",3,-0.6,FALSE,246,1.01867243248783,0.973275347887706,0.0416266228768606,0.84,0.0797984052495127,-0.0453970846001239,"gamma_bin"
"gamma_bin_3.00_3.40","vary_mean",3,-0.6,FALSE,247,0.933300548697082,0.920009139804623,0.0422114431858618,0.91,0.0779753917151149,-0.0132914088924591,"gamma_bin"
"gamma_bin_3.00_3.40","vary_mean",3,-0.6,FALSE,248,1.07521131224965,1.10255464313778,0.0457867226392128,0.89,0.0863743790576067,0.0273433308881301,"gamma_bin"
"gamma_bin_3.00_3.40","vary_mean",3,-0.6,FALSE,249,1.30368079751671,1.30223856552685,0.0523636300709254,0.92,0.092437989842532,-0.00144223198985571,"gamma_bin"
"gamma_bin_3.00_3.40","vary_mean",3,-0.6,FALSE,250,1.41725036624756,1.31071653635054,0.048043063936667,0.33,0.0889574206270646,-0.10653382989702,"gamma_bin"
"gamma_bin_3.00_3.40","vary_mean",3,-0.6,FALSE,251,1.14473843834061,0.971237445338799,0.0425500827609267,0.01,0.0735085670362656,-0.173500993001811,"gamma_bin"
"gamma_bin_3.00_3.40","vary_mean",3,-0.6,FALSE,252,1.28957905264017,1.13732986554404,0.0435639216181234,0.08,0.0801121356479062,-0.152249187096133,"gamma_bin"
"gamma_bin_3.00_3.40","vary_mean",3,-0.6,FALSE,253,1.41164181175606,1.23249825807985,0.0408648907614135,0.03,0.0818511649026652,-0.179143553676209,"gamma_bin"
"gamma_bin_4.50_3.40","vary_mean",4.5,-0.4,FALSE,15,1.02510010675531,0.899311731205998,0.0201538251844124,0,0.0488510991675644,-0.125788375549312,"gamma_bin"
"gamma_bin_4.50_3.40","vary_mean",4.5,-0.4,FALSE,16,1.25252014867933,1.17309391809962,0.0263584820124031,0.2,0.0560039205070919,-0.0794262305797149,"gamma_bin"
"gamma_bin_4.50_3.40","vary_mean",4.5,-0.4,FALSE,17,1.21525733695915,1.1537832869897,0.0307026730558826,0.49,0.0549052110112978,-0.0614740499694473,"gamma_bin"
"gamma_bin_4.50_3.40","vary_mean",4.5,-0.4,FALSE,18,0.979230198394809,0.92498751547864,0.0228566909969926,0.39,0.0484681464076877,-0.054242682916169,"gamma_bin"
"gamma_bin_4.50_3.40","vary_mean",4.5,-0.4,FALSE,19,1.02544833790337,0.994267437108902,0.0275149295627703,0.71,0.0502868149967211,-0.0311809007944684,"gamma_bin"
"gamma_bin_4.50_3.40","vary_mean",4.5,-0.4,FALSE,20,1.03933643277786,1.0274317522515,0.0242668096621887,0.93,0.0511309231056099,-0.0119046805263638,"gamma_bin"
"gamma_bin_4.50_3.40","vary_mean",4.5,-0.4,FALSE,21,1.31704644033967,1.30593960104717,0.0293630730170968,0.92,0.0575318194369475,-0.0111068392925027,"gamma_bin"
"gamma_bin_4.50_3.40","vary_mean",4.5,-0.4,FALSE,22,1.01626238281987,0.969344403187582,0.0265482907841568,0.55,0.0484953514679658,-0.0469179796322877,"gamma_bin"
"gamma_bin_4.50_3.40","vary_mean",4.5,-0.4,FALSE,23,0.750219977978433,0.719744558567166,0.0191908341341169,0.7,0.0416070610661287,-0.0304754194112666,"gamma_bin"
"gamma_bin_4.50_3.40","vary_mean",4.5,-0.4,FALSE,24,0.68680573053247,0.692916085723792,0.0216859848447103,0.94,0.0415781788525095,0.00611035519132208,"gamma_bin"
"gamma_bin_4.50_3.40","vary_mean",4.5,-0.4,FALSE,25,1.09137562864791,1.17036836151704,0.0281985056662151,0.22,0.0555708325486272,0.0789927328691253,"gamma_bin"
"gamma_bin_4.50_3.40","vary_mean",4.5,-0.4,FALSE,26,0.741057834922739,0.78605470139373,0.0241258103076008,0.47,0.0454114885750513,0.0449968664709908,"gamma_bin"
"gamma_bin_4.50_3.40","vary_mean",4.5,-0.4,FALSE,27,0.768534353981288,0.82393126790152,0.0243880941093084,0.32,0.0472168893788851,0.0553969139202318,"gamma_bin"
"gamma_bin_4.50_3.40","vary_mean",4.5,-0.4,FALSE,28,0.752768210408917,0.817940187247505,0.0268195183144577,0.23,0.0478854448770465,0.0651719768385878,"gamma_bin"
"gamma_bin_4.50_3.40","vary_mean",4.5,-0.4,FALSE,29,0.700189279957523,0.773888659350624,0.0221834458392148,0.1,0.047487296021644,0.0736993793931008,"gamma_bin"
"gamma_bin_4.50_3.40","vary_mean",4.5,-0.4,FALSE,30,0.555240242382622,0.621301554518722,0.0236358659309951,0.11,0.0435464779502537,0.0660613121361002,"gamma_bin"
"gamma_bin_4.50_3.40","vary_mean",4.5,-0.4,FALSE,31,0.584450640057208,0.681856605307114,0.0235110685900568,0.02,0.0472986009563122,0.0974059652499059,"gamma_bin"
"gamma_bin_4.50_3.40","vary_mean",4.5,-0.4,FALSE,32,0.680297862250013,0.8114213286416,0.0244606662004158,0,0.0534983701769021,0.131123466391587,"gamma_bin"
"gamma_bin_4.50_3.40","vary_mean",4.5,-0.4,FALSE,33,0.95896579009836,1.14878464727751,0.0315921862868652,0,0.0653889702904394,0.189818857179148,"gamma_bin"
"gamma_bin_4.50_3.40","vary_mean",4.5,-0.4,FALSE,34,1.26713544933213,1.42788370810618,0.0381797691800079,0.01,0.0728530959719718,0.16074825877405,"gamma_bin"
"gamma_bin_4.50_3.40","vary_mean",4.5,-0.4,FALSE,35,1.32835487275134,1.33916534933074,0.0365120702894219,0.93,0.0685674886284211,0.0108104765793957,"gamma_bin"
"gamma_bin_4.50_3.40","vary_mean",4.5,-0.4,FALSE,36,0.820532179912435,0.758007057550498,0.0272637976672245,0.32,0.0500020509834686,-0.0625251223619371,"gamma_bin"
"gamma_bin_4.50_3.40","vary_mean",4.5,-0.4,FALSE,37,0.605066948223753,0.567742327954545,0.0247261634019852,0.57,0.0435955119730879,-0.0373246202692077,"gamma_bin"
"gamma_bin_4.50_3.40","vary_mean",4.5,-0.4,FALSE,38,0.480613317476216,0.491105426279591,0.0213769727483901,0.92,0.0419111416381156,0.0104921088033754,"gamma_bin"
"gamma_bin_4.50_3.40","vary_mean",4.5,-0.4,FALSE,39,0.729684595490469,0.832005448218723,0.0325504154375215,0.06,0.0572797157749157,0.102320852728254,"gamma_bin"
"gamma_bin_4.50_3.40","vary_mean",4.5,-0.4,FALSE,40,0.815117093248404,0.9672443926273,0.0362470695887342,0.01,0.0636020323112791,0.152127299378896,"gamma_bin"
"gamma_bin_4.50_3.40","vary_mean",4.5,-0.4,FALSE,41,0.615435524003123,0.716398242809759,0.0278446678663898,0.04,0.0554790261471597,0.100962718806636,"gamma_bin"
"gamma_bin_4.50_3.40","vary_mean",4.5,-0.4,FALSE,42,0.771681049543453,0.897869862034143,0.0302210327157168,0.01,0.0637661800942852,0.12618881249069,"gamma_bin"
"gamma_bin_4.50_3.40","vary_mean",4.5,-0.4,FALSE,43,0.638637642797715,0.728709427311702,0.0325996379637647,0.13,0.0583984682435466,0.0900717845139869,"gamma_bin"
"gamma_bin_4.50_3.40","vary_mean",4.5,-0.4,FALSE,44,0.502607638572081,0.580659563032169,0.0300770666125273,0.18,0.0535033747779816,0.0780519244600879,"gamma_bin"
"gamma_bin_4.50_3.40","vary_mean",4.5,-0.4,FALSE,45,0.419348773276434,0.501305581746005,0.0246652530677227,0.11,0.0517610868113135,0.0819568084695713,"gamma_bin"
"gamma_bin_4.50_3.40","vary_mean",4.5,-0.4,FALSE,46,0.532523289397014,0.666952324768022,0.0337541060100727,0.01,0.0628715880241027,0.134429035371008,"gamma_bin"
"gamma_bin_4.50_3.40","vary_mean",4.5,-0.4,FALSE,47,0.748164536979726,0.958970366444736,0.0365754582953046,0,0.0787658231330794,0.21080582946501,"gamma_bin"
"gamma_bin_4.50_3.40","vary_mean",4.5,-0.4,FALSE,48,0.699597036363356,0.859072542740045,0.0367281001775216,0.02,0.0760014264637356,0.159475506376689,"gamma_bin"
"gamma_bin_4.50_3.40","vary_mean",4.5,-0.4,FALSE,49,0.840634610500807,1.00119553653553,0.0374840466867747,0.01,0.0835597177766162,0.160560926034725,"gamma_bin"
"gamma_bin_4.50_3.40","vary_mean",4.5,-0.4,FALSE,50,0.605572567510499,0.682552238145813,0.0331130127480926,0.35,0.0694633852950309,0.0769796706353141,"gamma_bin"
"gamma_bin_4.50_3.40","vary_mean",4.5,-0.4,FALSE,51,0.551154795645625,0.616538918789019,0.0325055723229312,0.54,0.0677640303165242,0.0653841231433944,"gamma_bin"
"gamma_bin_4.50_3.40","vary_mean",4.5,-0.4,FALSE,52,0.382419782215341,0.437976925095767,0.0335754409837791,0.55,0.0592640622893958,0.0555571428804261,"gamma_bin"
"gamma_bin_4.50_3.40","vary_mean",4.5,-0.4,FALSE,53,0.67605453850849,0.825148784780577,0.0470238224277316,0.09,0.086015765840003,0.149094246272087,"gamma_bin"
"gamma_bin_4.50_3.40","vary_mean",4.5,-0.4,FALSE,54,0.67389745281474,0.842208536952818,0.0447312894842313,0.03,0.0898149582511515,0.168311084138078,"gamma_bin"
"gamma_bin_4.50_3.40","vary_mean",4.5,-0.4,FALSE,55,0.928654307802489,1.13161359448188,0.0546867518489578,0.04,0.106671894250296,0.202959286679396,"gamma_bin"
"gamma_bin_4.50_3.40","vary_mean",4.5,-0.4,FALSE,56,0.750444909156983,0.85570848601445,0.0518174665505394,0.35,0.0927479309558162,0.105263576857466,"gamma_bin"
"gamma_bin_4.50_3.40","vary_mean",4.5,-0.4,FALSE,57,0.713559496047443,0.775105550866394,0.0476897905784318,0.68,0.0893043408386442,0.061546054818951,"gamma_bin"
"gamma_bin_4.50_3.40","vary_mean",4.5,-0.4,FALSE,58,0.492127182876667,0.537316352214607,0.0413586353723134,0.78,0.0758723210223725,0.0451891693379404,"gamma_bin"
"gamma_bin_4.50_3.40","vary_mean",4.5,-0.4,FALSE,59,0.488121905081673,0.558222606984404,0.0402691942222875,0.56,0.0806075136694153,0.0701007019027306,"gamma_bin"
"gamma_bin_4.50_3.40","vary_mean",4.5,-0.4,FALSE,60,0.671861168143052,0.816360734759025,0.0495314616771741,0.17,0.102227026878668,0.144499566615973,"gamma_bin"
"gamma_bin_4.50_3.40","vary_mean",4.5,-0.4,FALSE,61,0.791762464983911,0.964615475348971,0.0574612466257887,0.15,0.114592435626312,0.17285301036506,"gamma_bin"
"gamma_bin_4.50_3.40","vary_mean",4.5,-0.4,FALSE,62,0.652922492639065,0.766500038279817,0.0568820610828017,0.36,0.103620677678584,0.113577545640752,"gamma_bin"
"gamma_bin_4.50_3.40","vary_mean",4.5,-0.4,FALSE,63,0.613891069127135,0.711835760282676,0.0492747643594405,0.49,0.102196797222953,0.0979446911555407,"gamma_bin"
"gamma_bin_4.50_3.40","vary_mean",4.5,-0.4,FALSE,64,0.747174650317661,0.870072852641926,0.0588522471640576,0.42,0.116345880090311,0.122898202324265,"gamma_bin"
"gamma_bin_4.50_3.40","vary_mean",4.5,-0.4,FALSE,65,0.706701130088712,0.812522455486284,0.063451448054595,0.57,0.114697200309435,0.105821325397572,"gamma_bin"
"gamma_bin_4.50_3.40","vary_mean",4.5,-0.4,FALSE,66,0.51187393654748,0.589386990015266,0.0497250317431523,0.64,0.0997866280940072,0.0775130534677864,"gamma_bin"
"gamma_bin_4.50_3.40","vary_mean",4.5,-0.4,FALSE,67,0.670601402325688,0.779265952839206,0.0619530237204791,0.58,0.11920314220837,0.108664550513518,"gamma_bin"
"gamma_bin_4.50_3.40","vary_mean",4.5,-0.4,FALSE,68,1.17253163081397,1.3814061943267,0.088439525288147,0.26,0.163520888245366,0.208874563512731,"gamma_bin"
"gamma_bin_4.50_3.40","vary_mean",4.5,-0.4,FALSE,69,1.09882955126721,1.18054534429906,0.0872391889058008,0.76,0.148783564151766,0.08171579303185,"gamma_bin"
"gamma_bin_4.50_3.40","vary_mean",4.5,-0.4,FALSE,70,0.864010024055233,0.863135576267022,0.0670415811402596,0.94,0.125210332126146,-0.000874447788210886,"gamma_bin"
"gamma_bin_4.50_3.40","vary_mean",4.5,-0.4,FALSE,71,0.715098113998147,0.707413445306148,0.0637005331872132,0.91,0.113885327669205,-0.00768466869199924,"gamma_bin"
"gamma_bin_4.50_3.40","vary_mean",4.5,-0.4,FALSE,72,0.5778146754347,0.604257742170629,0.0554504584924282,0.9,0.107663814488151,0.0264430667359288,"gamma_bin"
"gamma_bin_4.50_3.40","vary_mean",4.5,-0.4,FALSE,73,0.968098548670386,1.07358871099738,0.0686140361181196,0.73,0.148934782029988,0.10549016232699,"gamma_bin"
"gamma_bin_4.50_3.40","vary_mean",4.5,-0.4,FALSE,74,0.655349167508219,0.721167799369434,0.0652584637340726,0.85,0.122932638191855,0.0658186318612152,"gamma_bin"
"gamma_bin_4.50_3.40","vary_mean",4.5,-0.4,FALSE,75,0.59977224361632,0.670042874420647,0.0606414194763262,0.79,0.121379784598372,0.0702706308043267,"gamma_bin"
"gamma_bin_4.50_3.40","vary_mean",4.5,-0.4,FALSE,76,0.795810456805532,0.921666721547656,0.0759579667014496,0.58,0.147110245627829,0.125856264742125,"gamma_bin"
"gamma_bin_4.50_3.40","vary_mean",4.5,-0.4,FALSE,77,0.873668877519834,0.998109052786024,0.0788242511320552,0.61,0.155751248072692,0.12444017526619,"gamma_bin"
"gamma_bin_4.50_3.40","vary_mean",4.5,-0.4,FALSE,78,0.655524310026793,0.731782259973132,0.0809939038410398,0.75,0.134240201669945,0.0762579499463386,"gamma_bin"
"gamma_bin_4.50_3.40","vary_mean",4.5,-0.4,FALSE,79,0.810623636163075,0.912800943843007,0.0809404920232995,0.74,0.153391661839517,0.102177307679932,"gamma_bin"
"gamma_bin_4.50_3.40","vary_mean",4.5,-0.4,FALSE,80,0.610456557383718,0.670667369320628,0.0606166048338862,0.87,0.133398415237274,0.0602108119369102,"gamma_bin"
"gamma_bin_4.50_3.40","vary_mean",4.5,-0.4,FALSE,81,0.859858611274139,0.973280145071923,0.0891845855765866,0.74,0.165556141031201,0.113421533797784,"gamma_bin"
"gamma_bin_4.50_3.40","vary_mean",4.5,-0.4,FALSE,82,0.71793472208637,0.802804830135544,0.0769486208106739,0.8,0.152183775730152,0.0848701080491742,"gamma_bin"
"gamma_bin_4.50_3.40","vary_mean",4.5,-0.4,FALSE,83,0.992203959261976,1.10058879088655,0.0917090353331772,0.77,0.181713376518284,0.108384831624575,"gamma_bin"
"gamma_bin_4.50_3.40","vary_mean",4.5,-0.4,FALSE,84,1.12541562776308,1.19982433156188,0.107627179877585,0.85,0.189664462161432,0.0744087037987997,"gamma_bin"
"gamma_bin_4.50_3.40","vary_mean",4.5,-0.4,FALSE,85,0.719081428835968,0.73460701415663,0.0809508272983117,0.93,0.146427935642865,0.0155255853206624,"gamma_bin"
"gamma_bin_4.50_3.40","vary_mean",4.5,-0.4,FALSE,86,0.84752493125734,0.877330675363629,0.0769681016202386,0.95,0.1626677755577,0.0298057441062894,"gamma_bin"
"gamma_bin_4.50_3.40","vary_mean",4.5,-0.4,FALSE,87,0.855021916180829,0.894684247345948,0.088871889669945,0.89,0.16653285762765,0.0396623311651191,"gamma_bin"
"gamma_bin_4.50_3.40","vary_mean",4.5,-0.4,FALSE,88,1.05231211723794,1.12470126283306,0.102359183871487,0.89,0.1890916726725,0.0723891455951235,"gamma_bin"
"gamma_bin_4.50_3.40","vary_mean",4.5,-0.4,FALSE,89,0.736245763604483,0.76551718315662,0.0838537553703778,0.94,0.155289307344816,0.0292714195521371,"gamma_bin"
"gamma_bin_4.50_3.40","vary_mean",4.5,-0.4,FALSE,90,0.910435800275709,0.973994395277087,0.0913422705234087,0.87,0.178141249209553,0.0635585950013782,"gamma_bin"
"gamma_bin_4.50_3.40","vary_mean",4.5,-0.4,FALSE,91,0.875373992276142,0.932843234364002,0.0953972720637368,0.88,0.175527945537606,0.0574692420878596,"gamma_bin"
"gamma_bin_4.50_3.40","vary_mean",4.5,-0.4,FALSE,92,1.13308580158326,1.17899496566558,0.0977563519842693,0.92,0.198998740734726,0.0459091640823166,"gamma_bin"
"gamma_bin_4.50_3.40","vary_mean",4.5,-0.4,FALSE,93,0.779622317935819,0.801208108481418,0.0884428741848999,0.91,0.162454465093945,0.0215857905455993,"gamma_bin"
"gamma_bin_4.50_3.40","vary_mean",4.5,-0.4,FALSE,94,0.738590807925372,0.753442939871951,0.0862875691182984,0.95,0.159406048978396,0.0148521319465791,"gamma_bin"
"gamma_bin_4.50_3.40","vary_mean",4.5,-0.4,FALSE,95,0.736386067431423,0.79579588245587,0.0922625733569103,0.86,0.167480865503742,0.0594098150244475,"gamma_bin"
"gamma_bin_4.50_3.40","vary_mean",4.5,-0.4,FALSE,96,0.940470991453404,1.04391841521714,0.102597544323198,0.81,0.196204306068008,0.103447423763738,"gamma_bin"
"gamma_bin_4.50_3.40","vary_mean",4.5,-0.4,FALSE,97,0.92681020267862,1.01907073507365,0.10144042088607,0.84,0.194876209815523,0.0922605323950256,"gamma_bin"
"gamma_bin_4.50_3.40","vary_mean",4.5,-0.4,FALSE,98,0.805264800704658,0.863509452473016,0.090434213131363,0.89,0.17960474957178,0.0582446517683578,"gamma_bin"
"gamma_bin_4.50_3.40","vary_mean",4.5,-0.4,FALSE,99,0.96897608307621,1.04596588773624,0.111453915379278,0.87,0.199778407668311,0.076989804660031,"gamma_bin"
"gamma_bin_4.50_3.40","vary_mean",4.5,-0.4,FALSE,100,0.483332995262756,0.507700049610823,0.0724459313978447,0.92,0.139283473019245,0.0243670543480672,"gamma_bin"
"gamma_bin_4.50_3.40","vary_mean",4.5,-0.4,FALSE,101,0.66077716283239,0.73971808094152,0.0955247764274559,0.85,0.174569365233303,0.0789409181091298,"gamma_bin"
"gamma_bin_4.50_3.40","vary_mean",4.5,-0.4,FALSE,102,0.655745239910364,0.751579488023126,0.0870111460530081,0.8,0.181579035825459,0.095834248112762,"gamma_bin"
"gamma_bin_4.50_3.40","vary_mean",4.5,-0.4,FALSE,103,1.19599908198214,1.39692303558711,0.125347741751094,0.66,0.255297087043219,0.200923953604972,"gamma_bin"
"gamma_bin_4.50_3.40","vary_mean",4.5,-0.4,FALSE,104,1.52020654998133,1.64196102038922,0.144433777333423,0.87,0.272185066669901,0.121754470407886,"gamma_bin"
"gamma_bin_4.50_3.40","vary_mean",4.5,-0.4,FALSE,105,1.10303826313934,1.05381751597892,0.110704944770918,0.89,0.20803174805076,-0.0492207471604191,"gamma_bin"
"gamma_bin_4.50_3.40","vary_mean",4.5,-0.4,FALSE,106,0.895258886773757,0.818233630623059,0.0894820907137336,0.87,0.180277267187796,-0.0770252561506977,"gamma_bin"
"gamma_bin_4.50_3.40","vary_mean",4.5,-0.4,FALSE,107,0.603016892421566,0.563467094982825,0.0748972606146143,0.96,0.150596502068437,-0.0395497974387413,"gamma_bin"
"gamma_bin_4.50_3.40","vary_mean",4.5,-0.4,FALSE,108,1.07762321196894,1.10896941735322,0.123954984905912,0.88,0.218638989622052,0.0313462053842812,"gamma_bin"
"gamma_bin_4.50_3.40","vary_mean",4.5,-0.4,FALSE,109,1.67936751135944,1.76652716995297,0.173760124403813,0.83,0.276945148191703,0.0871596585935308,"gamma_bin"
"gamma_bin_4.50_3.40","vary_mean",4.5,-0.4,FALSE,110,0.778512854791425,0.744342801060179,0.0820064661085985,0.93,0.171146941596967,-0.0341700537312462,"gamma_bin"
"gamma_bin_4.50_3.40","vary_mean",4.5,-0.4,FALSE,111,0.992005341124613,0.933183388469881,0.0976626920030215,0.94,0.19246244396553,-0.0588219526547317,"gamma_bin"
"gamma_bin_4.50_3.40","vary_mean",4.5,-0.4,FALSE,112,1.07688074493023,1.04953509291625,0.114019211470839,0.95,0.205230721316855,-0.027345652013983,"gamma_bin"
"gamma_bin_4.50_3.40","vary_mean",4.5,-0.4,FALSE,113,0.702400819858529,0.706415573340191,0.0848131559859033,0.96,0.168079842828379,0.00401475348166247,"gamma_bin"
"gamma_bin_4.50_3.40","vary_mean",4.5,-0.4,FALSE,114,0.976066509197994,1.01240959273413,0.115084707621803,0.93,0.205597372703084,0.0363430835361352,"gamma_bin"
"gamma_bin_4.50_3.40","vary_mean",4.5,-0.4,FALSE,115,1.23867756628513,1.29211687689647,0.122464676190646,0.91,0.233652515741633,0.0534393106113358,"gamma_bin"
"gamma_bin_4.50_3.40","vary_mean",4.5,-0.4,FALSE,116,1.16180338965973,1.16917817273338,0.111534665984194,0.95,0.218494397070957,0.00737478307365103,"gamma_bin"
"gamma_bin_4.50_3.40","vary_mean",4.5,-0.4,FALSE,117,1.19462029108814,1.14917260682886,0.109298812838995,0.94,0.213130948607064,-0.045447684259277,"gamma_bin"
"gamma_bin_4.50_3.40","vary_mean",4.5,-0.4,FALSE,118,1.16321995780671,1.08451093455668,0.104197453436697,0.86,0.203981980959632,-0.07870902325003,"gamma_bin"
"gamma_bin_4.50_3.40","vary_mean",4.5,-0.4,FALSE,119,1.07032628214879,1.00264777709537,0.0942550958526787,0.9,0.194069646227067,-0.0676785050534232,"gamma_bin"
"gamma_bin_4.50_3.40","vary_mean",4.5,-0.4,FALSE,120,0.877757633134012,0.828501971179381,0.0853239371959214,0.97,0.175823339580981,-0.0492556619546308,"gamma_bin"
"gamma_bin_4.50_3.40","vary_mean",4.5,-0.4,FALSE,121,1.36755731263547,1.35491028550332,0.111496990022309,0.96,0.227323247042745,-0.0126470271321544,"gamma_bin"
"gamma_bin_4.50_3.40","vary_mean",4.5,-0.4,FALSE,122,0.835796444244159,0.816500304873482,0.0878851666967804,0.92,0.172842612652602,-0.0192961393706774,"gamma_bin"
"gamma_bin_4.50_3.40","vary_mean",4.5,-0.4,FALSE,123,1.26724551805682,1.24724313349131,0.10661036662676,0.97,0.215202664560449,-0.0200023845655086,"gamma_bin"
"gamma_bin_4.50_3.40","vary_mean",4.5,-0.4,FALSE,124,0.969129898643769,0.939672484938997,0.0864088097585585,0.95,0.183918459785164,-0.0294574137047721,"gamma_bin"
"gamma_bin_4.50_3.40","vary_mean",4.5,-0.4,FALSE,125,0.847338782890042,0.833681455351939,0.0807832200489865,0.97,0.173316425342686,-0.0136573275381029,"gamma_bin"
"gamma_bin_4.50_3.40","vary_mean",4.5,-0.4,FALSE,126,0.715564882412269,0.732667760860167,0.0780780478788842,0.95,0.164358819167447,0.0171028784478976,"gamma_bin"
"gamma_bin_4.50_3.40","vary_mean",4.5,-0.4,FALSE,127,0.94782383341486,1.00855461900325,0.10058684236283,0.92,0.197408531066417,0.06073078558839,"gamma_bin"
"gamma_bin_4.50_3.40","vary_mean",4.5,-0.4,FALSE,128,0.685081694959754,0.735486949779138,0.0770426759550747,0.95,0.169931277637132,0.0504052548193841,"gamma_bin"
"gamma_bin_4.50_3.40","vary_mean",4.5,-0.4,FALSE,129,0.940719567434955,1.03580718448026,0.105749014390826,0.82,0.206356633468155,0.0950876170453071,"gamma_bin"
"gamma_bin_4.50_3.40","vary_mean",4.5,-0.4,FALSE,130,0.882735861931285,0.952434110147172,0.096873501234058,0.92,0.198890227242378,0.069698248215887,"gamma_bin"
"gamma_bin_4.50_3.40","vary_mean",4.5,-0.4,FALSE,131,0.908592867608554,0.983900283047249,0.105538731509493,0.86,0.203449125067363,0.075307415438695,"gamma_bin"
"gamma_bin_4.50_3.40","vary_mean",4.5,-0.4,FALSE,132,0.919571358645804,0.948570387596023,0.101710163454192,0.96,0.200423712889084,0.0289990289502186,"gamma_bin"
"gamma_bin_4.50_3.40","vary_mean",4.5,-0.4,FALSE,133,0.772870216905444,0.793920535528778,0.100058947549741,0.92,0.184309528428631,0.0210503186233337,"gamma_bin"
"gamma_bin_4.50_3.40","vary_mean",4.5,-0.4,FALSE,134,0.850110615604727,0.890336561212059,0.0900351139996198,0.95,0.19880340948515,0.0402259456073324,"gamma_bin"
"gamma_bin_4.50_3.40","vary_mean",4.5,-0.4,FALSE,135,0.784750966748685,0.836506586567216,0.113984424393376,0.89,0.195188668080044,0.0517556198185307,"gamma_bin"
"gamma_bin_4.50_3.40","vary_mean",4.5,-0.4,FALSE,136,0.974669466757976,1.07032653958773,0.115163926036195,0.85,0.224816305839193,0.0956570728297523,"gamma_bin"
"gamma_bin_4.50_3.40","vary_mean",4.5,-0.4,FALSE,137,0.984151011066472,1.05031167920303,0.121182746988401,0.9,0.223084090902564,0.0661606681365556,"gamma_bin"
"gamma_bin_4.50_3.40","vary_mean",4.5,-0.4,FALSE,138,1.1907508581573,1.22480283311159,0.121251612337082,0.96,0.240361897680844,0.0340519749542938,"gamma_bin"
"gamma_bin_4.50_3.40","vary_mean",4.5,-0.4,FALSE,139,1.38368582408824,1.35354445068335,0.129149560743549,0.93,0.248792001756536,-0.030141373404893,"gamma_bin"
"gamma_bin_4.50_3.40","vary_mean",4.5,-0.4,FALSE,140,0.815817246340058,0.764780389073452,0.102494183202283,0.88,0.181689346371167,-0.0510368572666062,"gamma_bin"
"gamma_bin_4.50_3.40","vary_mean",4.5,-0.4,FALSE,141,0.948708845408202,0.910035390060158,0.106437779904191,0.92,0.199900490288045,-0.0386734553480437,"gamma_bin"
"gamma_bin_4.50_3.40","vary_mean",4.5,-0.4,FALSE,142,0.887913521021147,0.889021250924441,0.108449268223859,0.96,0.199282598411422,0.00110772990329389,"gamma_bin"
"gamma_bin_4.50_3.40","vary_mean",4.5,-0.4,FALSE,143,1.33195215209727,1.34159480822401,0.143566517244297,0.91,0.247556515889337,0.00964265612673798,"gamma_bin"
"gamma_bin_4.50_3.40","vary_mean",4.5,-0.4,FALSE,144,1.33130915175386,1.32535399128728,0.132357866768677,0.93,0.241294902084621,-0.00595516046658062,"gamma_bin"
"gamma_bin_4.50_3.40","vary_mean",4.5,-0.4,FALSE,145,1.36040954450305,1.27274416407197,0.109276943945419,0.9,0.230330410976263,-0.0876653804310821,"gamma_bin"
"gamma_bin_4.50_3.40","vary_mean",4.5,-0.4,FALSE,146,1.03071516120352,0.921024705637027,0.0965956271097273,0.8,0.190659997876149,-0.109690455566493,"gamma_bin"
"gamma_bin_4.50_3.40","vary_mean",4.5,-0.4,FALSE,147,1.01542687773298,0.936288315633952,0.0964648543530097,0.88,0.191633115050577,-0.0791385620990283,"gamma_bin"
"gamma_bin_4.50_3.40","vary_mean",4.5,-0.4,FALSE,148,0.918038272830281,0.87187187189675,0.0921804755123932,0.94,0.185512331815104,-0.0461664009335305,"gamma_bin"
"gamma_bin_4.50_3.40","vary_mean",4.5,-0.4,FALSE,149,0.795403147880171,0.797374255966124,0.0891412319847396,0.95,0.17943036577013,0.00197110808595347,"gamma_bin"
"gamma_bin_4.50_3.40","vary_mean",4.5,-0.4,FALSE,150,0.947076494147123,0.996078610416922,0.0978568916624061,0.94,0.204136729579238,0.049002116269799,"gamma_bin"
"gamma_bin_4.50_3.40","vary_mean",4.5,-0.4,FALSE,151,0.838902415667924,0.881133605013366,0.110856148751329,0.89,0.193085399946692,0.0422311893454419,"gamma_bin"
"gamma_bin_4.50_3.40","vary_mean",4.5,-0.4,FALSE,152,1.10280245382765,1.16953096269227,0.1304121275041,0.89,0.225332234274332,0.0667285088646201,"gamma_bin"
"gamma_bin_4.50_3.40","vary_mean",4.5,-0.4,FALSE,153,1.09815440539428,1.13653288639167,0.11226239200019,0.93,0.220436032482661,0.0383784809973922,"gamma_bin"
"gamma_bin_4.50_3.40","vary_mean",4.5,-0.4,FALSE,154,0.933699509626363,0.942298608132419,0.112331143605738,0.91,0.198404603537292,0.00859909850605634,"gamma_bin"
"gamma_bin_4.50_3.40","vary_mean",4.5,-0.4,FALSE,155,0.677259462566555,0.690987474518954,0.0888673674537687,0.95,0.170059084204898,0.0137280119523988,"gamma_bin"
"gamma_bin_4.50_3.40","vary_mean",4.5,-0.4,FALSE,156,0.794318325784725,0.814928625033039,0.107353478163682,0.92,0.188850707418445,0.0206102992483144,"gamma_bin"
"gamma_bin_4.50_3.40","vary_mean",4.5,-0.4,FALSE,157,0.863129045133472,0.921995990176953,0.112449804695712,0.91,0.205252015810769,0.0588669450434811,"gamma_bin"
"gamma_bin_4.50_3.40","vary_mean",4.5,-0.4,FALSE,158,1.2121292060572,1.33298601652794,0.144480265758782,0.79,0.25022856886671,0.120856810470738,"gamma_bin"
"gamma_bin_4.50_3.40","vary_mean",4.5,-0.4,FALSE,159,1.02410099479473,1.04551089095903,0.110978538676239,0.95,0.217873858065609,0.0214098961643037,"gamma_bin"
"gamma_bin_4.50_3.40","vary_mean",4.5,-0.4,FALSE,160,0.905625417711481,0.897530495750657,0.100394897167363,0.97,0.20024880683001,-0.00809492196082429,"gamma_bin"
"gamma_bin_4.50_3.40","vary_mean",4.5,-0.4,FALSE,161,0.911623484707899,0.916155363729012,0.104754670448739,0.95,0.203447031869582,0.00453187902111274,"gamma_bin"
"gamma_bin_4.50_3.40","vary_mean",4.5,-0.4,FALSE,162,0.854314364398061,0.876490738569964,0.114101922843277,0.94,0.200388025382981,0.0221763741719027,"gamma_bin"
"gamma_bin_4.50_3.40","vary_mean",4.5,-0.4,FALSE,163,0.939538506142908,0.960152218335214,0.107142649493854,0.94,0.212247660871165,0.0206137121923062,"gamma_bin"
"gamma_bin_4.50_3.40","vary_mean",4.5,-0.4,FALSE,164,0.804264811038419,0.832194619940053,0.11013585796536,0.91,0.199005490298165,0.0279298089016338,"gamma_bin"
"gamma_bin_4.50_3.40","vary_mean",4.5,-0.4,FALSE,165,1.00142358506205,1.08537349984123,0.120641144526637,0.92,0.231110142242781,0.0839499147791751,"gamma_bin"
"gamma_bin_4.50_3.40","vary_mean",4.5,-0.4,FALSE,166,1.22258511650756,1.24438899039035,0.137408566836457,0.9,0.247000855247449,0.0218038738827875,"gamma_bin"
"gamma_bin_4.50_3.40","vary_mean",4.5,-0.4,FALSE,167,0.797785743145654,0.797204165415307,0.102229668860965,0.95,0.194637308088361,-0.000581577730346727,"gamma_bin"
"gamma_bin_4.50_3.40","vary_mean",4.5,-0.4,FALSE,168,1.1498418409574,1.16733695885224,0.115535625393773,0.96,0.23793081883254,0.0174951178948424,"gamma_bin"
"gamma_bin_4.50_3.40","vary_mean",4.5,-0.4,FALSE,169,0.760349335694062,0.751963029749615,0.102810443785082,0.97,0.189269405783263,-0.00838630594444678,"gamma_bin"
"gamma_bin_4.50_3.40","vary_mean",4.5,-0.4,FALSE,170,1.37423882796411,1.40608619465129,0.135231281198156,0.95,0.263060857647447,0.0318473666871772,"gamma_bin"
"gamma_bin_4.50_3.40","vary_mean",4.5,-0.4,FALSE,171,0.879916177740953,0.864495741017711,0.0926789924680043,0.96,0.201618766010467,-0.0154204367232423,"gamma_bin"
"gamma_bin_4.50_3.40","vary_mean",4.5,-0.4,FALSE,172,1.40469809778524,1.37243883403075,0.129320679621622,0.95,0.254973610001972,-0.0322592637544852,"gamma_bin"
"gamma_bin_4.50_3.40","vary_mean",4.5,-0.4,FALSE,173,0.919193657171105,0.858646741283465,0.0975963740427254,0.91,0.196824911459424,-0.0605469158876403,"gamma_bin"
"gamma_bin_4.50_3.40","vary_mean",4.5,-0.4,FALSE,174,0.923156528563282,0.886969241537796,0.10102993654974,0.93,0.200605128311617,-0.0361872870254857,"gamma_bin"
"gamma_bin_4.50_3.40","vary_mean",4.5,-0.4,FALSE,175,1.03837120055872,1.05848440126549,0.112155534274172,0.93,0.221121997256785,0.020113200706773,"gamma_bin"
"gamma_bin_4.50_3.40","vary_mean",4.5,-0.4,FALSE,176,0.998550191051843,0.988382680475091,0.109965282881946,0.93,0.213352722556584,-0.0101675105767515,"gamma_bin"
"gamma_bin_4.50_3.40","vary_mean",4.5,-0.4,FALSE,177,1.0672490953256,1.0645390429085,0.110667114350748,0.97,0.221831574841479,-0.00271005241710354,"gamma_bin"
"gamma_bin_4.50_3.40","vary_mean",4.5,-0.4,FALSE,178,0.796488943635566,0.788643565720518,0.0872788491346461,0.97,0.190146416930106,-0.00784537791504814,"gamma_bin"
"gamma_bin_4.50_3.40","vary_mean",4.5,-0.4,FALSE,179,1.19853631620291,1.23642003507478,0.114690003562539,0.96,0.241790982385608,0.0378837188718717,"gamma_bin"
"gamma_bin_4.50_3.40","vary_mean",4.5,-0.4,FALSE,180,1.18742234445089,1.19490075980979,0.110237795080847,0.97,0.234774045053852,0.00747841535890159,"gamma_bin"
"gamma_bin_4.50_3.40","vary_mean",4.5,-0.4,FALSE,181,1.49419822100474,1.43904971172588,0.119392046354118,0.96,0.253382899678191,-0.0551485092788637,"gamma_bin"
"gamma_bin_4.50_3.40","vary_mean",4.5,-0.4,FALSE,182,1.51569971274724,1.36931167380337,0.133700581670995,0.75,0.238855867147155,-0.146388038943874,"gamma_bin"
"gamma_bin_4.50_3.40","vary_mean",4.5,-0.4,FALSE,183,0.993078083144793,0.861253010769869,0.105773009126214,0.71,0.182706802651958,-0.131825072374924,"gamma_bin"
"gamma_bin_4.50_3.40","vary_mean",4.5,-0.4,FALSE,184,0.900895179433443,0.80760347037838,0.0976742186332824,0.8,0.176951371521877,-0.093291709055063,"gamma_bin"
"gamma_bin_4.50_3.40","vary_mean",4.5,-0.4,FALSE,185,0.823216514722493,0.790376187109322,0.0913064424934294,0.91,0.177446000673577,-0.0328403276131706,"gamma_bin"
"gamma_bin_4.50_3.40","vary_mean",4.5,-0.4,FALSE,186,1.22622352517845,1.27129577153842,0.110839790864622,0.95,0.229326407795835,0.0450722463599664,"gamma_bin"
"gamma_bin_4.50_3.40","vary_mean",4.5,-0.4,FALSE,187,0.917485344129662,0.937768744222423,0.0955047752603022,0.98,0.19442982157942,0.0202834000927609,"gamma_bin"
"gamma_bin_4.50_3.40","vary_mean",4.5,-0.4,FALSE,188,1.14600718978611,1.1458453124625,0.114791901601282,0.92,0.215378069838651,-0.000161877323606729,"gamma_bin"
"gamma_bin_4.50_3.40","vary_mean",4.5,-0.4,FALSE,189,1.15017955401154,1.15110320738022,0.105922290211453,0.96,0.213689144356072,0.000923653368679833,"gamma_bin"
"gamma_bin_4.50_3.40","vary_mean",4.5,-0.4,FALSE,190,1.13787761403339,1.09025499497131,0.102749725430369,0.96,0.205312687821364,-0.0476226190620814,"gamma_bin"
"gamma_bin_4.50_3.40","vary_mean",4.5,-0.4,FALSE,191,1.77820774658985,1.69232153492247,0.124374156169827,0.9,0.253364482730818,-0.0858862116673818,"gamma_bin"
"gamma_bin_4.50_3.40","vary_mean",4.5,-0.4,FALSE,192,1.12621869533816,0.995158017493324,0.0899995306410211,0.74,0.184884695957971,-0.131060677844836,"gamma_bin"
"gamma_bin_4.50_3.40","vary_mean",4.5,-0.4,FALSE,193,1.63142687231341,1.41036494369333,0.0942871276839752,0.53,0.217164037415155,-0.221061928620077,"gamma_bin"
"gamma_bin_4.50_3.40","vary_mean",4.5,-0.4,FALSE,194,1.9613208229511,1.67469751615755,0.115082601192005,0.33,0.2288615105283,-0.286623306793548,"gamma_bin"
"gamma_bin_4.50_3.40","vary_mean",4.5,-0.4,FALSE,195,1.62644217295684,1.34564387540817,0.105369779967131,0.24,0.194303807900596,-0.280798297548672,"gamma_bin"
"gamma_bin_4.50_3.40","vary_mean",4.5,-0.4,FALSE,196,1.22114876712024,0.976770748305344,0.0833436778171649,0.23,0.159090846336013,-0.244378018814896,"gamma_bin"
"gamma_bin_4.50_3.40","vary_mean",4.5,-0.4,FALSE,197,1.08512340553335,0.9128552679195,0.0762578723443556,0.42,0.152009191414336,-0.17226813761385,"gamma_bin"
"gamma_bin_4.50_3.40","vary_mean",4.5,-0.4,FALSE,198,1.22271087570671,1.1039557235495,0.0860070972253201,0.74,0.167567389658335,-0.118755152157211,"gamma_bin"
"gamma_bin_4.50_3.40","vary_mean",4.5,-0.4,FALSE,199,1.2960340351298,1.23048901998217,0.0847578011692399,0.9,0.175655614212624,-0.0655450151476271,"gamma_bin"
"gamma_bin_4.50_3.40","vary_mean",4.5,-0.4,FALSE,200,1.66920711624072,1.57311383014987,0.110560928064114,0.82,0.195084071302618,-0.0960932860908492,"gamma_bin"
"gamma_bin_4.50_3.40","vary_mean",4.5,-0.4,FALSE,201,1.16940768861372,1.04245254173594,0.0787380469856187,0.68,0.151841839797471,-0.126955146877775,"gamma_bin"
"gamma_bin_4.50_3.40","vary_mean",4.5,-0.4,FALSE,202,1.0787760344722,0.943805858750709,0.0778377106382483,0.53,0.142221760827369,-0.134970175721491,"gamma_bin"
"gamma_bin_4.50_3.40","vary_mean",4.5,-0.4,FALSE,203,0.894614924502778,0.81183227254646,0.0744959700145198,0.77,0.131716400428572,-0.0827826519563178,"gamma_bin"
"gamma_bin_4.50_3.40","vary_mean",4.5,-0.4,FALSE,204,0.818936942727194,0.80320833951216,0.063502800764778,0.96,0.132685487792516,-0.0157286032150336,"gamma_bin"
"gamma_bin_4.50_3.40","vary_mean",4.5,-0.4,FALSE,205,0.966688195947552,1.00574890430521,0.0801250157631175,0.92,0.151127090651322,0.0390607083576537,"gamma_bin"
"gamma_bin_4.50_3.40","vary_mean",4.5,-0.4,FALSE,206,0.735602657677609,0.766253910002217,0.0602995402992482,0.95,0.132762680096823,0.0306512523246084,"gamma_bin"
"gamma_bin_4.50_3.40","vary_mean",4.5,-0.4,FALSE,207,0.854906249805799,0.93103977294575,0.0808155605492087,0.8,0.14912696959408,0.076133523139951,"gamma_bin"
"gamma_bin_4.50_3.40","vary_mean",4.5,-0.4,FALSE,208,1.18360616945073,1.28272117488418,0.0990024454262318,0.75,0.177155322949484,0.0991150054334518,"gamma_bin"
"gamma_bin_4.50_3.40","vary_mean",4.5,-0.4,FALSE,209,1.4602885501346,1.49724655571018,0.0927750557000586,0.94,0.188603138695748,0.0369580055755832,"gamma_bin"
"gamma_bin_4.50_3.40","vary_mean",4.5,-0.4,FALSE,210,0.828346816490767,0.772427998338607,0.0632739225289134,0.85,0.130365602664125,-0.0559188181521605,"gamma_bin"
"gamma_bin_4.50_3.40","vary_mean",4.5,-0.4,FALSE,211,0.945514704257119,0.902053201879786,0.0714935043650418,0.91,0.141604865575014,-0.0434615023773333,"gamma_bin"
"gamma_bin_4.50_3.40","vary_mean",4.5,-0.4,FALSE,212,0.790503634328223,0.769276855747198,0.0604040485315439,0.97,0.13184821771605,-0.0212267785810254,"gamma_bin"
"gamma_bin_4.50_3.40","vary_mean",4.5,-0.4,FALSE,213,1.43200091428725,1.48377144674938,0.0947858330664517,0.91,0.186565368098621,0.0517705324621267,"gamma_bin"
"gamma_bin_4.50_3.40","vary_mean",4.5,-0.4,FALSE,214,1.11427471246835,1.10774380248529,0.0836454852491802,0.95,0.156861356871698,-0.00653090998305661,"gamma_bin"
"gamma_bin_4.50_3.40","vary_mean",4.5,-0.4,FALSE,215,1.11570572194133,1.06780056377746,0.0696444071976264,0.91,0.151853250267818,-0.0479051581638705,"gamma_bin"
"gamma_bin_4.50_3.40","vary_mean",4.5,-0.4,FALSE,216,1.45325455274622,1.36483025410588,0.0898414936689868,0.75,0.170032205262199,-0.0884242986403443,"gamma_bin"
"gamma_bin_4.50_3.40","vary_mean",4.5,-0.4,FALSE,217,1.1420513438864,1.04500127465107,0.0782786421680435,0.75,0.144582894331089,-0.0970500692353293,"gamma_bin"
"gamma_bin_4.50_3.40","vary_mean",4.5,-0.4,FALSE,218,0.657956194341687,0.591503692973988,0.0571336803575535,0.76,0.107555458173853,-0.0664525013676994,"gamma_bin"
"gamma_bin_4.50_3.40","vary_mean",4.5,-0.4,FALSE,219,1.37055796530381,1.35572406896648,0.0827424749401574,0.94,0.167136869563259,-0.014833896337334,"gamma_bin"
"gamma_bin_4.50_3.40","vary_mean",4.5,-0.4,FALSE,220,1.1217671045533,1.09886997456047,0.08256715244361,0.93,0.147886110896276,-0.0228971299928322,"gamma_bin"
"gamma_bin_4.50_3.40","vary_mean",4.5,-0.4,FALSE,221,1.82148085595811,1.74956844193401,0.104365869890601,0.86,0.184376944883068,-0.0719124140240996,"gamma_bin"
"gamma_bin_4.50_3.40","vary_mean",4.5,-0.4,FALSE,222,1.47820728190538,1.2983118911321,0.0777492442402283,0.32,0.15050228297789,-0.179895390773282,"gamma_bin"
"gamma_bin_4.50_3.40","vary_mean",4.5,-0.4,FALSE,223,1.22912323671868,1.01723047588271,0.0666945039940221,0.15,0.128659565895271,-0.211892760835967,"gamma_bin"
"gamma_bin_4.50_3.40","vary_mean",4.5,-0.4,FALSE,224,1.39166921706407,1.18427475975664,0.070738351649258,0.22,0.137101052917534,-0.207394457307432,"gamma_bin"
"gamma_bin_4.50_3.40","vary_mean",4.5,-0.4,FALSE,225,1.02692395020016,0.891146867344786,0.0659433898561967,0.34,0.116853616970627,-0.135777082855374,"gamma_bin"
"gamma_bin_4.50_3.40","vary_mean",4.5,-0.4,FALSE,226,0.944469227223,0.880342899511429,0.0620795100267938,0.79,0.116374862101766,-0.0641263277115715,"gamma_bin"
"gamma_bin_4.50_3.40","vary_mean",4.5,-0.4,FALSE,227,0.882935394281871,0.864014991452551,0.0597188868360386,0.94,0.116242356977672,-0.0189204028293195,"gamma_bin"
"gamma_bin_4.50_3.40","vary_mean",4.5,-0.4,FALSE,228,1.25451332375843,1.28427994267909,0.0696955719303155,0.96,0.143576773785903,0.0297666189206605,"gamma_bin"
"gamma_bin_4.50_3.40","vary_mean",4.5,-0.4,FALSE,229,1.46482234027448,1.46537433473374,0.0781032740607237,0.94,0.150945312457333,0.000551994459260907,"gamma_bin"
"gamma_bin_4.50_3.40","vary_mean",4.5,-0.4,FALSE,230,1.51066180760486,1.39758409232088,0.071770344839818,0.68,0.142183143281443,-0.113077715283978,"gamma_bin"
"gamma_bin_4.50_3.40","vary_mean",4.5,-0.4,FALSE,231,1.76123960010775,1.53478366762322,0.0782118525923048,0.12,0.143547585510195,-0.226455932484534,"gamma_bin"
"gamma_bin_4.50_3.40","vary_mean",4.5,-0.4,FALSE,232,1.40610248726795,1.14480080058444,0.0636398380757216,0.03,0.118211973705934,-0.26130168668351,"gamma_bin"
"gamma_bin_4.50_3.40","vary_mean",4.5,-0.4,FALSE,233,1.50839208568838,1.23610978686492,0.0565144379022881,0.01,0.11987317462302,-0.272282298823456,"gamma_bin"
"gamma_bin_4.50_3.40","vary_mean",4.5,-0.4,FALSE,234,2.14809922234943,1.79136564635205,0.0761346165942132,0.01,0.140823902778101,-0.356733575997383,"gamma_bin"
"gamma_bin_4.50_3.40","vary_mean",4.5,-0.4,FALSE,235,1.77316147702833,1.42947654788048,0.0695010854611466,0.01,0.118415690737843,-0.343684929147849,"gamma_bin"
"gamma_bin_4.50_3.40","vary_mean",4.5,-0.4,FALSE,236,1.73482506410384,1.34551077918832,0.064463386421678,0,0.109702460068648,-0.389314284915517,"gamma_bin"
"gamma_bin_4.50_3.40","vary_mean",4.5,-0.4,FALSE,237,1.62267353351007,1.26877340809133,0.0546214512487268,0,0.102566902867877,-0.353900125418742,"gamma_bin"
"gamma_bin_4.50_3.40","vary_mean",4.5,-0.4,FALSE,238,1.18124992154851,0.952899282146546,0.0470796810325555,0,0.0861962301619087,-0.228350639401964,"gamma_bin"
"gamma_bin_4.50_3.40","vary_mean",4.5,-0.4,FALSE,239,1.18465305674865,1.0192941819112,0.0499886639691699,0.09,0.0885029816615791,-0.165358874837445,"gamma_bin"
"gamma_bin_4.50_3.40","vary_mean",4.5,-0.4,FALSE,240,1.4168407618799,1.29978463439068,0.049156659243155,0.42,0.0995159921531723,-0.117056127489217,"gamma_bin"
"gamma_bin_4.50_3.40","vary_mean",4.5,-0.4,FALSE,241,1.25636383468336,1.14815387802476,0.0464427768025424,0.39,0.0914408613496407,-0.108209956658596,"gamma_bin"
"gamma_bin_4.50_3.40","vary_mean",4.5,-0.4,FALSE,242,1.12127216596798,1.0294663356995,0.0459645370538321,0.47,0.0851067570953819,-0.0918058302684814,"gamma_bin"
"gamma_bin_4.50_3.40","vary_mean",4.5,-0.4,FALSE,243,1.35468577162437,1.26556017867965,0.0570529511794758,0.5,0.0936808910572309,-0.0891255929447152,"gamma_bin"
"gamma_bin_4.50_3.40","vary_mean",4.5,-0.4,FALSE,244,1.01073025572083,0.938637279549892,0.0421182207762124,0.58,0.0789681853532087,-0.0720929761709381,"gamma_bin"
"gamma_bin_4.50_3.40","vary_mean",4.5,-0.4,FALSE,245,1.09869262296579,1.03645244215242,0.0412917241801997,0.7,0.0827950239049359,-0.0622401808133717,"gamma_bin"
"gamma_bin_4.50_3.40","vary_mean",4.5,-0.4,FALSE,246,1.01867243248783,0.975361450276106,0.0408848608787617,0.84,0.0799737784735798,-0.0433109822117245,"gamma_bin"
"gamma_bin_4.50_3.40","vary_mean",4.5,-0.4,FALSE,247,0.933300548697082,0.914436969462797,0.0401530366467936,0.91,0.0774992672687176,-0.0188635792342847,"gamma_bin"
"gamma_bin_4.50_3.40","vary_mean",4.5,-0.4,FALSE,248,1.07521131224965,1.08313659340267,0.0424963718840372,0.94,0.0848556490771263,0.00792528115302327,"gamma_bin"
"gamma_bin_4.50_3.40","vary_mean",4.5,-0.4,FALSE,249,1.30368079751671,1.308425715871,0.0494576111408658,0.93,0.0928793222550695,0.00474491835428892,"gamma_bin"
"gamma_bin_4.50_3.40","vary_mean",4.5,-0.4,FALSE,250,1.41725036624756,1.3689197016254,0.048798210239599,0.84,0.0929025149782964,-0.0483306646221568,"gamma_bin"
"gamma_bin_4.50_3.40","vary_mean",4.5,-0.4,FALSE,251,1.14473843834061,1.03361356219804,0.0428577549376907,0.27,0.0782258492831916,-0.111124876142572,"gamma_bin"
"gamma_bin_4.50_3.40","vary_mean",4.5,-0.4,FALSE,252,1.28957905264017,1.1641353159322,0.0434846057967586,0.18,0.0820013853163193,-0.12544373670797,"gamma_bin"
"gamma_bin_4.50_3.40","vary_mean",4.5,-0.4,FALSE,253,1.41164181175606,1.26863469460609,0.0403886097405516,0.07,0.0842491050607794,-0.14300711714997,"gamma_bin"
"gamma_bin_6.00_3.40","vary_mean",6,-0.2,FALSE,15,1.02510010675531,0.946125752367761,0.0212029403754355,0.08,0.0513940620922656,-0.0789743543875491,"gamma_bin"
"gamma_bin_6.00_3.40","vary_mean",6,-0.2,FALSE,16,1.25252014867933,1.18937467292176,0.0265706770229798,0.43,0.0567811437097933,-0.063145475757566,"gamma_bin"
"gamma_bin_6.00_3.40","vary_mean",6,-0.2,FALSE,17,1.21525733695915,1.174630701376,0.0300932975682325,0.7,0.055897722222548,-0.0406266355831451,"gamma_bin"
"gamma_bin_6.00_3.40","vary_mean",6,-0.2,FALSE,18,0.979230198394809,0.949857776561899,0.023297107077522,0.8,0.0497711438198944,-0.0293724218329104,"gamma_bin"
"gamma_bin_6.00_3.40","vary_mean",6,-0.2,FALSE,19,1.02544833790337,1.00405444727986,0.0276395474240501,0.86,0.0507815460098661,-0.0213938906235065,"gamma_bin"
"gamma_bin_6.00_3.40","vary_mean",6,-0.2,FALSE,20,1.03933643277786,1.0290053903117,0.0228068593893107,0.96,0.0512096025554402,-0.010331042466158,"gamma_bin"
"gamma_bin_6.00_3.40","vary_mean",6,-0.2,FALSE,21,1.31704644033967,1.30752152637597,0.0281526506698633,0.93,0.0576018321284538,-0.0095249139637017,"gamma_bin"
"gamma_bin_6.00_3.40","vary_mean",6,-0.2,FALSE,22,1.01626238281987,1.0003956684253,0.0268996652185414,0.89,0.0500490205805688,-0.015866714394569,"gamma_bin"
"gamma_bin_6.00_3.40","vary_mean",6,-0.2,FALSE,23,0.750219977978433,0.736207743299807,0.0191838562065771,0.95,0.0425589756305116,-0.0140122346786263,"gamma_bin"
"gamma_bin_6.00_3.40","vary_mean",6,-0.2,FALSE,24,0.68680573053247,0.680993203149175,0.0210649306368039,0.93,0.0408627957597506,-0.00581252738329463,"gamma_bin"
"gamma_bin_6.00_3.40","vary_mean",6,-0.2,FALSE,25,1.09137562864791,1.10842245760241,0.0262562287291912,0.9,0.0526295348396773,0.0170468289545027,"gamma_bin"
"gamma_bin_6.00_3.40","vary_mean",6,-0.2,FALSE,26,0.741057834922739,0.765398093703035,0.0234536993774638,0.82,0.0442178633393743,0.0243402587802959,"gamma_bin"
"gamma_bin_6.00_3.40","vary_mean",6,-0.2,FALSE,27,0.768534353981288,0.794635440689784,0.0230215081776697,0.84,0.0455380564813379,0.0261010867084958,"gamma_bin"
"gamma_bin_6.00_3.40","vary_mean",6,-0.2,FALSE,28,0.752768210408917,0.781753060052615,0.0254075587526102,0.67,0.045766769504607,0.0289848496436982,"gamma_bin"
"gamma_bin_6.00_3.40","vary_mean",6,-0.2,FALSE,29,0.700189279957523,0.734612208577883,0.020693841773774,0.69,0.045077179127402,0.0344229286203604,"gamma_bin"
"gamma_bin_6.00_3.40","vary_mean",6,-0.2,FALSE,30,0.555240242382622,0.584450476153258,0.0218493824778326,0.7,0.0409637744888115,0.029210233770636,"gamma_bin"
"gamma_bin_6.00_3.40","vary_mean",6,-0.2,FALSE,31,0.584450640057208,0.626093924641832,0.0216557715562341,0.53,0.0434300926692777,0.0416432845846239,"gamma_bin"
"gamma_bin_6.00_3.40","vary_mean",6,-0.2,FALSE,32,0.680297862250013,0.735345912566814,0.0225065696178343,0.34,0.048481909626979,0.0550480503168014,"gamma_bin"
"gamma_bin_6.00_3.40","vary_mean",6,-0.2,FALSE,33,0.95896579009836,1.04995963620402,0.0286517306671747,0.11,0.0597634643521416,0.0909938461056577,"gamma_bin"
"gamma_bin_6.00_3.40","vary_mean",6,-0.2,FALSE,34,1.26713544933213,1.37018767682463,0.0356449744084947,0.16,0.0699090403809299,0.103052227492499,"gamma_bin"
"gamma_bin_6.00_3.40","vary_mean",6,-0.2,FALSE,35,1.32835487275134,1.37782959659725,0.0364613710166479,0.72,0.0705471303392263,0.0494747238459146,"gamma_bin"
"gamma_bin_6.00_3.40","vary_mean",6,-0.2,FALSE,36,0.820532179912435,0.811507044526313,0.027784965644792,0.95,0.0535322275443484,-0.00902513538612193,"gamma_bin"
"gamma_bin_6.00_3.40","vary_mean",6,-0.2,FALSE,37,0.605066948223753,0.584216268506666,0.0254383420007396,0.86,0.0448603334920064,-0.0208506797170871,"gamma_bin"
"gamma_bin_6.00_3.40","vary_mean",6,-0.2,FALSE,38,0.480613317476216,0.474087679308065,0.0203840598180254,0.95,0.0404592897915564,-0.00652563816815144,"gamma_bin"
"gamma_bin_6.00_3.40","vary_mean",6,-0.2,FALSE,39,0.729684595490469,0.756249914829154,0.0292330963882706,0.73,0.0520647537874615,0.0265653193386847,"gamma_bin"
"gamma_bin_6.00_3.40","vary_mean",6,-0.2,FALSE,40,0.815117093248404,0.877180767243071,0.0315826607743279,0.45,0.0576813185420214,0.0620636739946668,"gamma_bin"
"gamma_bin_6.00_3.40","vary_mean",6,-0.2,FALSE,41,0.615435524003123,0.667585252121154,0.0259055914155177,0.46,0.0516987891923269,0.0521497281180315,"gamma_bin"
"gamma_bin_6.00_3.40","vary_mean",6,-0.2,FALSE,42,0.771681049543453,0.834869007621433,0.027490034508904,0.45,0.0592920984655454,0.0631879580779803,"gamma_bin"
"gamma_bin_6.00_3.40","vary_mean",6,-0.2,FALSE,43,0.638637642797715,0.686821050036128,0.0303537890409827,0.58,0.0550417967119804,0.048183407238413,"gamma_bin"
"gamma_bin_6.00_3.40","vary_mean",6,-0.2,FALSE,44,0.502607638572081,0.543769995360871,0.0280944153912583,0.65,0.0501040245349027,0.0411623567887897,"gamma_bin"
"gamma_bin_6.00_3.40","vary_mean",6,-0.2,FALSE,45,0.419348773276434,0.457413428879346,0.0220049533157538,0.59,0.0472298652421516,0.0380646556029117,"gamma_bin"
"gamma_bin_6.00_3.40","vary_mean",6,-0.2,FALSE,46,0.532523289397014,0.589007355615655,0.0292505384499725,0.44,0.0555247938330986,0.0564840662186414,"gamma_bin"
"gamma_bin_6.00_3.40","vary_mean",6,-0.2,FALSE,47,0.748164536979726,0.842663607492277,0.0317458906688166,0.17,0.0692126303804702,0.0944990705125512,"gamma_bin"
"gamma_bin_6.00_3.40","vary_mean",6,-0.2,FALSE,48,0.699597036363356,0.783652265421217,0.0330537929860099,0.29,0.069328903224303,0.0840552290578606,"gamma_bin"
"gamma_bin_6.00_3.40","vary_mean",6,-0.2,FALSE,49,0.840634610500807,0.936306559805351,0.0357302674507813,0.28,0.0781417385230582,0.0956719493045445,"gamma_bin"
"gamma_bin_6.00_3.40","vary_mean",6,-0.2,FALSE,50,0.605572567510499,0.658120375430732,0.0305741784379335,0.7,0.0669788039797581,0.0525478079202333,"gamma_bin"
"gamma_bin_6.00_3.40","vary_mean",6,-0.2,FALSE,51,0.551154795645625,0.586435072619309,0.03048635634115,0.81,0.0644560403101931,0.0352802769736837,"gamma_bin"
"gamma_bin_6.00_3.40","vary_mean",6,-0.2,FALSE,52,0.382419782215341,0.405522130185204,0.0309683883681587,0.83,0.0548729917257573,0.0231023479698635,"gamma_bin"
"gamma_bin_6.00_3.40","vary_mean",6,-0.2,FALSE,53,0.67605453850849,0.730824896454761,0.0408062914654437,0.65,0.0761848052355981,0.0547703579462709,"gamma_bin"
"gamma_bin_6.00_3.40","vary_mean",6,-0.2,FALSE,54,0.67389745281474,0.753801689792614,0.0399234844976229,0.5,0.0803855915062084,0.0799042369778739,"gamma_bin"
"gamma_bin_6.00_3.40","vary_mean",6,-0.2,FALSE,55,0.928654307802489,1.03537548728842,0.0497324430233632,0.37,0.0975976117765855,0.106721179485927,"gamma_bin"
"gamma_bin_6.00_3.40","vary_mean",6,-0.2,FALSE,56,0.750444909156983,0.823587716551824,0.0484788044560215,0.64,0.0892671426771187,0.0731428073948408,"gamma_bin"
"gamma_bin_6.00_3.40","vary_mean",6,-0.2,FALSE,57,0.713559496047443,0.753788018932173,0.0458352587529439,0.8,0.0868465798578069,0.0402285228847303,"gamma_bin"
"gamma_bin_6.00_3.40","vary_mean",6,-0.2,FALSE,58,0.492127182876667,0.517196060764871,0.0395619678013329,0.89,0.0730306432277289,0.0250688778882041,"gamma_bin"
"gamma_bin_6.00_3.40","vary_mean",6,-0.2,FALSE,59,0.488121905081673,0.516462186737446,0.0373645851556531,0.9,0.0745751076811116,0.0283402816557733,"gamma_bin"
"gamma_bin_6.00_3.40","vary_mean",6,-0.2,FALSE,60,0.671861168143052,0.730891602170625,0.0440570214374494,0.77,0.091523588227345,0.059030434027573,"gamma_bin"
"gamma_bin_6.00_3.40","vary_mean",6,-0.2,FALSE,61,0.791762464983911,0.870943451630541,0.050478973369314,0.65,0.103466305738689,0.07918098664663,"gamma_bin"
"gamma_bin_6.00_3.40","vary_mean",6,-0.2,FALSE,62,0.652922492639065,0.714877653289562,0.0515205790875203,0.78,0.0966454953636347,0.0619551606504971,"gamma_bin"
"gamma_bin_6.00_3.40","vary_mean",6,-0.2,FALSE,63,0.613891069127135,0.667871291812393,0.0451931468397733,0.8,0.0958871957595598,0.0539802226852585,"gamma_bin"
"gamma_bin_6.00_3.40","vary_mean",6,-0.2,FALSE,64,0.747174650317661,0.810223812653693,0.0545036115673835,0.8,0.108342147031494,0.0630491623360324,"gamma_bin"
"gamma_bin_6.00_3.40","vary_mean",6,-0.2,FALSE,65,0.706701130088712,0.763818906190744,0.0584890150529875,0.78,0.107824233911738,0.0571177761020324,"gamma_bin"
"gamma_bin_6.00_3.40","vary_mean",6,-0.2,FALSE,66,0.51187393654748,0.556032317134122,0.0464627383315372,0.89,0.0941390298674851,0.044158380586642,"gamma_bin"
"gamma_bin_6.00_3.40","vary_mean",6,-0.2,FALSE,67,0.670601402325688,0.717281365582635,0.0559012373158017,0.84,0.109723255553004,0.0466799632569469,"gamma_bin"
"gamma_bin_6.00_3.40","vary_mean",6,-0.2,FALSE,68,1.17253163081397,1.26964609506489,0.0788389916750295,0.74,0.150293317362055,0.0971144642509241,"gamma_bin"
"gamma_bin_6.00_3.40","vary_mean",6,-0.2,FALSE,69,1.09882955126721,1.16333093813544,0.0842199990127278,0.81,0.146616183146448,0.0645013868682283,"gamma_bin"
"gamma_bin_6.00_3.40","vary_mean",6,-0.2,FALSE,70,0.864010024055233,0.88454711369867,0.0667735116040782,0.95,0.128323768819151,0.0205370896434375,"gamma_bin"
"gamma_bin_6.00_3.40","vary_mean",6,-0.2,FALSE,71,0.715098113998147,0.715584875092396,0.0635304369989174,0.92,0.115206360594151,0.000486761094249388,"gamma_bin"
"gamma_bin_6.00_3.40","vary_mean",6,-0.2,FALSE,72,0.5778146754347,0.589223468463653,0.053996020440838,0.94,0.10498275898847,0.0114087930289535,"gamma_bin"
"gamma_bin_6.00_3.40","vary_mean",6,-0.2,FALSE,73,0.968098548670386,1.00277591227128,0.0640164044315207,0.93,0.139101745952323,0.0346773636008985,"gamma_bin"
"gamma_bin_6.00_3.40","vary_mean",6,-0.2,FALSE,74,0.655349167508219,0.68807708647598,0.0614647392976963,0.9,0.117287914116817,0.0327279189677606,"gamma_bin"
"gamma_bin_6.00_3.40","vary_mean",6,-0.2,FALSE,75,0.59977224361632,0.632263117135837,0.0564200548377633,0.96,0.114533324553149,0.0324908735195175,"gamma_bin"
"gamma_bin_6.00_3.40","vary_mean",6,-0.2,FALSE,76,0.795810456805532,0.852664534085122,0.0686137930192885,0.86,0.136097261934894,0.0568540772795902,"gamma_bin"
"gamma_bin_6.00_3.40","vary_mean",6,-0.2,FALSE,77,0.873668877519834,0.935588424927594,0.0733377738710039,0.88,0.145992444733723,0.0619195474077604,"gamma_bin"
"gamma_bin_6.00_3.40","vary_mean",6,-0.2,FALSE,78,0.655524310026793,0.702829716958176,0.0763891904443107,0.85,0.128937516945498,0.0473054069313833,"gamma_bin"
"gamma_bin_6.00_3.40","vary_mean",6,-0.2,FALSE,79,0.810623636163075,0.86800603725596,0.076648590080544,0.88,0.145862102716088,0.0573824010928855,"gamma_bin"
"gamma_bin_6.00_3.40","vary_mean",6,-0.2,FALSE,80,0.610456557383718,0.641663023625171,0.0568185076466253,0.96,0.127630238841744,0.0312064662414527,"gamma_bin"
"gamma_bin_6.00_3.40","vary_mean",6,-0.2,FALSE,81,0.859858611274139,0.912884406885749,0.0827877167970721,0.89,0.155275369439567,0.0530257956116101,"gamma_bin"
"gamma_bin_6.00_3.40","vary_mean",6,-0.2,FALSE,82,0.71793472208637,0.764222165403316,0.0717394295245269,0.88,0.144876769262397,0.046287443316946,"gamma_bin"
"gamma_bin_6.00_3.40","vary_mean",6,-0.2,FALSE,83,0.992203959261976,1.04607755995401,0.0859963842124284,0.92,0.172713109199571,0.053873600692034,"gamma_bin"
"gamma_bin_6.00_3.40","vary_mean",6,-0.2,FALSE,84,1.12541562776308,1.17318705595234,0.10248615014637,0.91,0.18546192805209,0.0477714281892649,"gamma_bin"
"gamma_bin_6.00_3.40","vary_mean",6,-0.2,FALSE,85,0.719081428835968,0.744022564305634,0.0812115442804885,0.91,0.148303408455279,0.0249411354696657,"gamma_bin"
"gamma_bin_6.00_3.40","vary_mean",6,-0.2,FALSE,86,0.84752493125734,0.866643694646179,0.0751150170909145,0.96,0.160674241429629,0.0191187633888391,"gamma_bin"
"gamma_bin_6.00_3.40","vary_mean",6,-0.2,FALSE,87,0.855021916180829,0.871944124846588,0.0841191666927295,0.93,0.16230311790638,0.0169222086657594,"gamma_bin"
"gamma_bin_6.00_3.40","vary_mean",6,-0.2,FALSE,88,1.05231211723794,1.08994733165649,0.0946889531361171,0.92,0.183269657697035,0.0376352144185508,"gamma_bin"
"gamma_bin_6.00_3.40","vary_mean",6,-0.2,FALSE,89,0.736245763604483,0.75900142358942,0.0822726833115047,0.95,0.153973739325021,0.0227556599849364,"gamma_bin"
"gamma_bin_6.00_3.40","vary_mean",6,-0.2,FALSE,90,0.910435800275709,0.948371325222166,0.0876456217629701,0.94,0.173461069447493,0.0379355249464569,"gamma_bin"
"gamma_bin_6.00_3.40","vary_mean",6,-0.2,FALSE,91,0.875373992276142,0.910571918583794,0.0899903914543899,0.92,0.171361804184219,0.0351979263076518,"gamma_bin"
"gamma_bin_6.00_3.40","vary_mean",6,-0.2,FALSE,92,1.13308580158326,1.15243052003976,0.0937267952856482,0.96,0.19450862273744,0.0193447184565012,"gamma_bin"
"gamma_bin_6.00_3.40","vary_mean",6,-0.2,FALSE,93,0.779622317935819,0.804238268259942,0.0857255920091396,0.92,0.163081186313489,0.0246159503241231,"gamma_bin"
"gamma_bin_6.00_3.40","vary_mean",6,-0.2,FALSE,94,0.738590807925372,0.743321619245582,0.0838898610452875,0.95,0.157263279864957,0.00473081132021047,"gamma_bin"
"gamma_bin_6.00_3.40","vary_mean",6,-0.2,FALSE,95,0.736386067431423,0.765119380497224,0.0881810680099398,0.93,0.161008609507412,0.0287333130658011,"gamma_bin"
"gamma_bin_6.00_3.40","vary_mean",6,-0.2,FALSE,96,0.940470991453404,0.988403743011246,0.0962243198043834,0.91,0.185756071477363,0.0479327515578416,"gamma_bin"
"gamma_bin_6.00_3.40","vary_mean",6,-0.2,FALSE,97,0.92681020267862,0.983251301343305,0.0946499479748037,0.94,0.188033773735375,0.0564410986646845,"gamma_bin"
"gamma_bin_6.00_3.40","vary_mean",6,-0.2,FALSE,98,0.805264800704658,0.848030404218531,0.0874895270639078,0.91,0.176385707171675,0.0427656035138734,"gamma_bin"
"gamma_bin_6.00_3.40","vary_mean",6,-0.2,FALSE,99,0.96897608307621,1.02213212244631,0.107549123564095,0.91,0.195227031130407,0.0531560393700965,"gamma_bin"
"gamma_bin_6.00_3.40","vary_mean",6,-0.2,FALSE,100,0.483332995262756,0.502014796791305,0.070649581291381,0.92,0.13772432481565,0.0186818015285491,"gamma_bin"
"gamma_bin_6.00_3.40","vary_mean",6,-0.2,FALSE,101,0.66077716283239,0.69657299637381,0.0882327847993105,0.94,0.164389863143248,0.0357958335414199,"gamma_bin"
"gamma_bin_6.00_3.40","vary_mean",6,-0.2,FALSE,102,0.655745239910364,0.693703557043362,0.0790267603664432,0.95,0.167604250302144,0.0379583171329979,"gamma_bin"
"gamma_bin_6.00_3.40","vary_mean",6,-0.2,FALSE,103,1.19599908198214,1.28025801987499,0.110118822081992,0.91,0.233990023503134,0.0842589378928484,"gamma_bin"
"gamma_bin_6.00_3.40","vary_mean",6,-0.2,FALSE,104,1.52020654998133,1.61275976894376,0.135537628005955,0.92,0.267373487520349,0.0925532189624334,"gamma_bin"
"gamma_bin_6.00_3.40","vary_mean",6,-0.2,FALSE,105,1.10303826313934,1.12615772524437,0.116332447797564,0.95,0.222331857149252,0.0231194621050284,"gamma_bin"
"gamma_bin_6.00_3.40","vary_mean",6,-0.2,FALSE,106,0.895258886773757,0.873321359406753,0.0950476584754823,0.98,0.192419056125706,-0.0219375273670042,"gamma_bin"
"gamma_bin_6.00_3.40","vary_mean",6,-0.2,FALSE,107,0.603016892421566,0.57735478376854,0.0764029540932097,0.96,0.154306906857294,-0.025662108653026,"gamma_bin"
"gamma_bin_6.00_3.40","vary_mean",6,-0.2,FALSE,108,1.07762321196894,1.06477678964143,0.115068916087864,0.92,0.209945297244815,-0.0128464223275147,"gamma_bin"
"gamma_bin_6.00_3.40","vary_mean",6,-0.2,FALSE,109,1.67936751135944,1.71461140667029,0.166081683076367,0.92,0.268798676663388,0.0352438953108454,"gamma_bin"
"gamma_bin_6.00_3.40","vary_mean",6,-0.2,FALSE,110,0.778512854791425,0.788635824439159,0.0860116380708904,0.94,0.181326662544814,0.0101229696477336,"gamma_bin"
"gamma_bin_6.00_3.40","vary_mean",6,-0.2,FALSE,111,0.992005341124613,0.958007480682801,0.0977631510530471,0.94,0.197584029442844,-0.0339978604418124,"gamma_bin"
"gamma_bin_6.00_3.40","vary_mean",6,-0.2,FALSE,112,1.07688074493023,1.05386953996625,0.111273110360732,0.95,0.206083792926821,-0.0230112049639752,"gamma_bin"
"gamma_bin_6.00_3.40","vary_mean",6,-0.2,FALSE,113,0.702400819858529,0.708363920897621,0.0841495203527892,0.96,0.168538957836196,0.00596310103909214,"gamma_bin"
"gamma_bin_6.00_3.40","vary_mean",6,-0.2,FALSE,114,0.976066509197994,0.980560248472772,0.107855536971004,0.94,0.199142779670691,0.00449373927477792,"gamma_bin"
"gamma_bin_6.00_3.40","vary_mean",6,-0.2,FALSE,115,1.23867756628513,1.2566297919671,0.118424063249036,0.98,0.22722589253207,0.0179522256819671,"gamma_bin"
"gamma_bin_6.00_3.40","vary_mean",6,-0.2,FALSE,116,1.16180338965973,1.18272363054035,0.111119673606283,0.96,0.22100575127579,0.0209202408806213,"gamma_bin"
"gamma_bin_6.00_3.40","vary_mean",6,-0.2,FALSE,117,1.19462029108814,1.18651284653979,0.111309673575549,0.95,0.220031776584778,-0.00810744454835355,"gamma_bin"
"gamma_bin_6.00_3.40","vary_mean",6,-0.2,FALSE,118,1.16321995780671,1.12898568106117,0.108376636021383,0.94,0.212316046983511,-0.0342342767455444,"gamma_bin"
"gamma_bin_6.00_3.40","vary_mean",6,-0.2,FALSE,119,1.07032628214879,1.03966860237391,0.0966844456199147,0.94,0.201224090180009,-0.0306576797748848,"gamma_bin"
"gamma_bin_6.00_3.40","vary_mean",6,-0.2,FALSE,120,0.877757633134012,0.847313035130544,0.0840267626440359,0.97,0.179833513786988,-0.0304445980034679,"gamma_bin"
"gamma_bin_6.00_3.40","vary_mean",6,-0.2,FALSE,121,1.36755731263547,1.34558350929851,0.110336790574792,0.95,0.225751530933699,-0.021973803336963,"gamma_bin"
"gamma_bin_6.00_3.40","vary_mean",6,-0.2,FALSE,122,0.835796444244159,0.837311499332609,0.0882212609243997,0.95,0.17724725256065,0.00151505508844962,"gamma_bin"
"gamma_bin_6.00_3.40","vary_mean",6,-0.2,FALSE,123,1.26724551805682,1.24940322354152,0.103197648334749,0.98,0.215591716622819,-0.0178422945153045,"gamma_bin"
"gamma_bin_6.00_3.40","vary_mean",6,-0.2,FALSE,124,0.969129898643769,0.960155674084629,0.0852176338049585,0.97,0.187951684005301,-0.00897422455913965,"gamma_bin"
"gamma_bin_6.00_3.40","vary_mean",6,-0.2,FALSE,125,0.847338782890042,0.842545185098362,0.0799953051471215,0.98,0.175159732011428,-0.00479359779168032,"gamma_bin"
"gamma_bin_6.00_3.40","vary_mean",6,-0.2,FALSE,126,0.715564882412269,0.722669904190299,0.0770380061639025,0.95,0.162102773805313,0.00710502177802963,"gamma_bin"
"gamma_bin_6.00_3.40","vary_mean",6,-0.2,FALSE,127,0.94782383341486,0.964488798472919,0.0950680811353712,0.94,0.188764974277805,0.016664965058059,"gamma_bin"
"gamma_bin_6.00_3.40","vary_mean",6,-0.2,FALSE,128,0.685081694959754,0.709160778215632,0.0742495414548334,0.96,0.163808940014468,0.0240790832558784,"gamma_bin"
"gamma_bin_6.00_3.40","vary_mean",6,-0.2,FALSE,129,0.940719567434955,0.982201648750307,0.0992951164170798,0.96,0.195640737864706,0.0414820813153519,"gamma_bin"
"gamma_bin_6.00_3.40","vary_mean",6,-0.2,FALSE,130,0.882735861931285,0.919056172548975,0.0921772448495125,0.93,0.191906918133377,0.03632031061769,"gamma_bin"
"gamma_bin_6.00_3.40","vary_mean",6,-0.2,FALSE,131,0.908592867608554,0.959042122596994,0.104742742306258,0.9,0.198271737447805,0.0504492549884396,"gamma_bin"
"gamma_bin_6.00_3.40","vary_mean",6,-0.2,FALSE,132,0.919571358645804,0.932397365636127,0.0969344493931146,0.96,0.197032085739266,0.0128260069903231,"gamma_bin"
"gamma_bin_6.00_3.40","vary_mean",6,-0.2,FALSE,133,0.772870216905444,0.782135304328639,0.0980615576050961,0.94,0.181563234386226,0.00926508742319487,"gamma_bin"
"gamma_bin_6.00_3.40","vary_mean",6,-0.2,FALSE,134,0.850110615604727,0.862001421286713,0.0833044263156145,0.98,0.192480918371353,0.0118908056819859,"gamma_bin"
"gamma_bin_6.00_3.40","vary_mean",6,-0.2,FALSE,135,0.784750966748685,0.806175420182686,0.108842266048132,0.91,0.188093122419669,0.0214244534340009,"gamma_bin"
"gamma_bin_6.00_3.40","vary_mean",6,-0.2,FALSE,136,0.974669466757976,1.02409898365458,0.107420244007185,0.94,0.215096233182675,0.0494295168966079,"gamma_bin"
"gamma_bin_6.00_3.40","vary_mean",6,-0.2,FALSE,137,0.984151011066472,1.02592118462601,0.117272384793754,0.92,0.21787589534555,0.0417701735595382,"gamma_bin"
"gamma_bin_6.00_3.40","vary_mean",6,-0.2,FALSE,138,1.1907508581573,1.21700337553689,0.118309561521015,0.97,0.238839432042346,0.0262525173795902,"gamma_bin"
"gamma_bin_6.00_3.40","vary_mean",6,-0.2,FALSE,139,1.38368582408824,1.38445935162072,0.127044074118029,0.95,0.254497140813631,0.00077352753247717,"gamma_bin"
"gamma_bin_6.00_3.40","vary_mean",6,-0.2,FALSE,140,0.815817246340058,0.808902495097613,0.104329377059548,0.94,0.192221493625113,-0.00691475124244512,"gamma_bin"
"gamma_bin_6.00_3.40","vary_mean",6,-0.2,FALSE,141,0.948708845408202,0.92714816711177,0.107630198473629,0.97,0.203658226930426,-0.0215606782964318,"gamma_bin"
"gamma_bin_6.00_3.40","vary_mean",6,-0.2,FALSE,142,0.887913521021147,0.884595510598475,0.10670489715702,0.96,0.198287108244692,-0.00331801042267243,"gamma_bin"
"gamma_bin_6.00_3.40","vary_mean",6,-0.2,FALSE,143,1.33195215209727,1.31310070127812,0.135468787773485,0.92,0.242321327134025,-0.018851450819146,"gamma_bin"
"gamma_bin_6.00_3.40","vary_mean",6,-0.2,FALSE,144,1.33130915175386,1.34823065073728,0.132653587249899,0.93,0.245437678816547,0.0169214989834221,"gamma_bin"
"gamma_bin_6.00_3.40","vary_mean",6,-0.2,FALSE,145,1.36040954450305,1.33876984874474,0.111582987779634,0.97,0.242247476386261,-0.0216396957583103,"gamma_bin"
"gamma_bin_6.00_3.40","vary_mean",6,-0.2,FALSE,146,1.03071516120352,0.984264256943014,0.101683209714299,0.94,0.203759216503064,-0.0464509042605055,"gamma_bin"
"gamma_bin_6.00_3.40","vary_mean",6,-0.2,FALSE,147,1.01542687773298,0.972170983202485,0.098437079641494,0.92,0.198998107949638,-0.0432558945304954,"gamma_bin"
"gamma_bin_6.00_3.40","vary_mean",6,-0.2,FALSE,148,0.918038272830281,0.882192688392092,0.0926678698338666,0.95,0.187707176674586,-0.035845584438189,"gamma_bin"
"gamma_bin_6.00_3.40","vary_mean",6,-0.2,FALSE,149,0.795403147880171,0.787499819673025,0.088187212917934,0.95,0.177181958358316,-0.00790332820714645,"gamma_bin"
"gamma_bin_6.00_3.40","vary_mean",6,-0.2,FALSE,150,0.947076494147123,0.959774179940747,0.0933911029083064,0.94,0.196701884734883,0.012697685793624,"gamma_bin"
"gamma_bin_6.00_3.40","vary_mean",6,-0.2,FALSE,151,0.838902415667924,0.853432537391362,0.106179427508588,0.91,0.187032178797116,0.014530121723438,"gamma_bin"
"gamma_bin_6.00_3.40","vary_mean",6,-0.2,FALSE,152,1.10280245382765,1.12947637528278,0.121690165858946,0.92,0.217631927477639,0.0266739214551259,"gamma_bin"
"gamma_bin_6.00_3.40","vary_mean",6,-0.2,FALSE,153,1.09815440539428,1.12931582165637,0.110290086172311,0.92,0.219051554667887,0.0311614162620941,"gamma_bin"
"gamma_bin_6.00_3.40","vary_mean",6,-0.2,FALSE,154,0.933699509626363,0.956482224009485,0.113017988409117,0.89,0.201416267171844,0.0227827143831221,"gamma_bin"
"gamma_bin_6.00_3.40","vary_mean",6,-0.2,FALSE,155,0.677259462566555,0.69634219396705,0.0889238356691389,0.96,0.171389580106636,0.0190827314004953,"gamma_bin"
"gamma_bin_6.00_3.40","vary_mean",6,-0.2,FALSE,156,0.794318325784725,0.790491358675013,0.102624159297126,0.92,0.18319725045097,-0.00382696710971187,"gamma_bin"
"gamma_bin_6.00_3.40","vary_mean",6,-0.2,FALSE,157,0.863129045133472,0.877550190211945,0.10530604528094,0.91,0.195346997177573,0.0144211450784733,"gamma_bin"
"gamma_bin_6.00_3.40","vary_mean",6,-0.2,FALSE,158,1.2121292060572,1.27225334799972,0.136270456058372,0.9,0.238782128304003,0.0601241419425163,"gamma_bin"
"gamma_bin_6.00_3.40","vary_mean",6,-0.2,FALSE,159,1.02410099479473,1.0489900371967,0.106284090284287,0.94,0.218588394990115,0.0248890424019683,"gamma_bin"
"gamma_bin_6.00_3.40","vary_mean",6,-0.2,FALSE,160,0.905625417711481,0.912534665835493,0.100824346740368,0.94,0.203585301508597,0.00690924812401184,"gamma_bin"
"gamma_bin_6.00_3.40","vary_mean",6,-0.2,FALSE,161,0.911623484707899,0.918877391849663,0.105281411886442,0.94,0.204026677172864,0.00725390714176355,"gamma_bin"
"gamma_bin_6.00_3.40","vary_mean",6,-0.2,FALSE,162,0.854314364398061,0.867791049669947,0.112383812986666,0.94,0.198399814697788,0.0134766852718857,"gamma_bin"
"gamma_bin_6.00_3.40","vary_mean",6,-0.2,FALSE,163,0.939538506142908,0.93802516366406,0.102770306098429,0.94,0.207366601187224,-0.00151334247884805,"gamma_bin"
"gamma_bin_6.00_3.40","vary_mean",6,-0.2,FALSE,164,0.804264811038419,0.812925974476055,0.106176168047179,0.93,0.194393550205617,0.00866116343763601,"gamma_bin"
"gamma_bin_6.00_3.40","vary_mean",6,-0.2,FALSE,165,1.00142358506205,1.04817391409665,0.112943778183023,0.95,0.223184978750684,0.0467503290346021,"gamma_bin"
"gamma_bin_6.00_3.40","vary_mean",6,-0.2,FALSE,166,1.22258511650756,1.22353178377918,0.132018471652541,0.94,0.242892966335669,0.000946667271620516,"gamma_bin"
"gamma_bin_6.00_3.40","vary_mean",6,-0.2,FALSE,167,0.797785743145654,0.810907833195559,0.100804441257472,0.96,0.19800788180507,0.0131220900499048,"gamma_bin"
"gamma_bin_6.00_3.40","vary_mean",6,-0.2,FALSE,168,1.1498418409574,1.16264391641418,0.11179364695527,0.96,0.236994263279896,0.012802075456781,"gamma_bin"
"gamma_bin_6.00_3.40","vary_mean",6,-0.2,FALSE,169,0.760349335694062,0.760042755965096,0.102895477032565,0.97,0.191307416351341,-0.000306579728966305,"gamma_bin"
"gamma_bin_6.00_3.40","vary_mean",6,-0.2,FALSE,170,1.37423882796411,1.38143353277284,0.128022088330911,0.96,0.258464012804233,0.00719470480873485,"gamma_bin"
"gamma_bin_6.00_3.40","vary_mean",6,-0.2,FALSE,171,0.879916177740953,0.885594551992702,0.0908115562519123,0.97,0.206561035154104,0.00567837425174877,"gamma_bin"
"gamma_bin_6.00_3.40","vary_mean",6,-0.2,FALSE,172,1.40469809778524,1.38458329528178,0.127052567187091,0.95,0.257215255819167,-0.0201148025034592,"gamma_bin"
"gamma_bin_6.00_3.40","vary_mean",6,-0.2,FALSE,173,0.919193657171105,0.894256761115625,0.0987931474683764,0.96,0.204991482581255,-0.0249368960554799,"gamma_bin"
"gamma_bin_6.00_3.40","vary_mean",6,-0.2,FALSE,174,0.923156528563282,0.902225568470415,0.10158968310808,0.95,0.204058060880018,-0.0209309600928669,"gamma_bin"
"gamma_bin_6.00_3.40","vary_mean",6,-0.2,FALSE,175,1.03837120055872,1.05186826680542,0.108355648735419,0.93,0.219767150466747,0.0134970662467035,"gamma_bin"
"gamma_bin_6.00_3.40","vary_mean",6,-0.2,FALSE,176,0.998550191051843,0.984752608214025,0.108234642397075,0.95,0.212583543924552,-0.0137975828378178,"gamma_bin"
"gamma_bin_6.00_3.40","vary_mean",6,-0.2,FALSE,177,1.0672490953256,1.0596409138071,0.108064464062437,0.98,0.220815251439405,-0.00760818151849918,"gamma_bin"
"gamma_bin_6.00_3.40","vary_mean",6,-0.2,FALSE,178,0.796488943635566,0.790588086206008,0.0853546365677196,0.98,0.190633547761977,-0.00590085742955804,"gamma_bin"
"gamma_bin_6.00_3.40","vary_mean",6,-0.2,FALSE,179,1.19853631620291,1.21104326512243,0.109595822436487,0.97,0.236830251557793,0.0125069489195206,"gamma_bin"
"gamma_bin_6.00_3.40","vary_mean",6,-0.2,FALSE,180,1.18742234445089,1.20163900973725,0.107285883540261,0.97,0.236139371601399,0.014216665286358,"gamma_bin"
"gamma_bin_6.00_3.40","vary_mean",6,-0.2,FALSE,181,1.49419822100474,1.48029037056139,0.123080018666,0.98,0.260650956268677,-0.0139078504433525,"gamma_bin"
"gamma_bin_6.00_3.40","vary_mean",6,-0.2,FALSE,182,1.51569971274724,1.46353117233413,0.142023413293052,0.9,0.25526009666456,-0.0521685404131134,"gamma_bin"
"gamma_bin_6.00_3.40","vary_mean",6,-0.2,FALSE,183,0.993078083144793,0.938980167909525,0.113637975709596,0.87,0.199187189419893,-0.054097915235268,"gamma_bin"
"gamma_bin_6.00_3.40","vary_mean",6,-0.2,FALSE,184,0.900895179433443,0.844677352714278,0.0999523778150693,0.87,0.185048348489953,-0.0562178267191649,"gamma_bin"
"gamma_bin_6.00_3.40","vary_mean",6,-0.2,FALSE,185,0.823216514722493,0.79048719353193,0.0902072414815924,0.91,0.177450339459897,-0.0327293211905625,"gamma_bin"
"gamma_bin_6.00_3.40","vary_mean",6,-0.2,FALSE,186,1.22622352517845,1.22900220959887,0.101247371463268,0.97,0.221735827074522,0.00277868442042029,"gamma_bin"
"gamma_bin_6.00_3.40","vary_mean",6,-0.2,FALSE,187,0.917485344129662,0.935284506295109,0.0928844602063407,0.98,0.193943696259279,0.0177991621654466,"gamma_bin"
"gamma_bin_6.00_3.40","vary_mean",6,-0.2,FALSE,188,1.14600718978611,1.14103459393941,0.110340557878115,0.94,0.214500971686201,-0.00497259584669929,"gamma_bin"
"gamma_bin_6.00_3.40","vary_mean",6,-0.2,FALSE,189,1.15017955401154,1.16439328522656,0.104330168094541,0.96,0.21618106099011,0.0142137312150221,"gamma_bin"
"gamma_bin_6.00_3.40","vary_mean",6,-0.2,FALSE,190,1.13787761403339,1.11844333118732,0.104356659185024,0.96,0.210608529151569,-0.0194342828460659,"gamma_bin"
"gamma_bin_6.00_3.40","vary_mean",6,-0.2,FALSE,191,1.77820774658985,1.74071430586055,0.125593530842754,0.98,0.260574752112096,-0.0374934407293002,"gamma_bin"
"gamma_bin_6.00_3.40","vary_mean",6,-0.2,FALSE,192,1.12621869533816,1.08553977655111,0.0961383911681888,0.94,0.201657995900384,-0.0406789187870507,"gamma_bin"
"gamma_bin_6.00_3.40","vary_mean",6,-0.2,FALSE,193,1.63142687231341,1.50609855676601,0.0989299820296015,0.89,0.2318803111538,-0.125328315547403,"gamma_bin"
"gamma_bin_6.00_3.40","vary_mean",6,-0.2,FALSE,194,1.9613208229511,1.8137011548637,0.121866859786221,0.8,0.247852901378219,-0.147619668087398,"gamma_bin"
"gamma_bin_6.00_3.40","vary_mean",6,-0.2,FALSE,195,1.62644217295684,1.51472764272895,0.114751712424561,0.79,0.218723906786431,-0.111714530227887,"gamma_bin"
"gamma_bin_6.00_3.40","vary_mean",6,-0.2,FALSE,196,1.22114876712024,1.09646854409977,0.092591133221928,0.68,0.178603777732189,-0.124680223020466,"gamma_bin"
"gamma_bin_6.00_3.40","vary_mean",6,-0.2,FALSE,197,1.08512340553335,0.97998608115862,0.0821539654403927,0.75,0.163199957072329,-0.10513732437473,"gamma_bin"
"gamma_bin_6.00_3.40","vary_mean",6,-0.2,FALSE,198,1.22271087570671,1.13448652152256,0.0863614604336917,0.84,0.172202346449433,-0.0882243541841488,"gamma_bin"
"gamma_bin_6.00_3.40","vary_mean",6,-0.2,FALSE,199,1.2960340351298,1.2532146805614,0.0853100791672157,0.93,0.178892976690149,-0.042819354568395,"gamma_bin"
"gamma_bin_6.00_3.40","vary_mean",6,-0.2,FALSE,200,1.66920711624072,1.62360934752413,0.107825318099617,0.91,0.201359531458802,-0.0455977687165887,"gamma_bin"
"gamma_bin_6.00_3.40","vary_mean",6,-0.2,FALSE,201,1.16940768861372,1.12766727387751,0.0839185321640787,0.92,0.164265092659659,-0.0417404147362068,"gamma_bin"
"gamma_bin_6.00_3.40","vary_mean",6,-0.2,FALSE,202,1.0787760344722,1.00451858266441,0.0808820967603235,0.83,0.151368456821479,-0.0742574518077861,"gamma_bin"
"gamma_bin_6.00_3.40","vary_mean",6,-0.2,FALSE,203,0.894614924502778,0.837336127697876,0.0747310567535809,0.85,0.135846379410775,-0.0572787968049019,"gamma_bin"
"gamma_bin_6.00_3.40","vary_mean",6,-0.2,FALSE,204,0.818936942727194,0.797369044379832,0.0616982675618522,0.96,0.131710804454606,-0.0215678983473623,"gamma_bin"
"gamma_bin_6.00_3.40","vary_mean",6,-0.2,FALSE,205,0.966688195947552,0.970328396137398,0.0760587754820827,0.93,0.14579506144189,0.00364020018984645,"gamma_bin"
"gamma_bin_6.00_3.40","vary_mean",6,-0.2,FALSE,206,0.735602657677609,0.742868523400558,0.0579956621455594,0.97,0.128693039341528,0.0072658657229494,"gamma_bin"
"gamma_bin_6.00_3.40","vary_mean",6,-0.2,FALSE,207,0.854906249805799,0.888323735174804,0.075905535095143,0.92,0.142275439241978,0.0334174853690048,"gamma_bin"
"gamma_bin_6.00_3.40","vary_mean",6,-0.2,FALSE,208,1.18360616945073,1.22842578867419,0.0905101409354349,0.94,0.169651652256373,0.0448196192234567,"gamma_bin"
"gamma_bin_6.00_3.40","vary_mean",6,-0.2,FALSE,209,1.4602885501346,1.49917227160782,0.0915510869744952,0.95,0.188825936451388,0.0388837214732189,"gamma_bin"
"gamma_bin_6.00_3.40","vary_mean",6,-0.2,FALSE,210,0.828346816490767,0.819827445915257,0.0675652577399046,0.96,0.138364229259218,-0.00851937057551033,"gamma_bin"
"gamma_bin_6.00_3.40","vary_mean",6,-0.2,FALSE,211,0.945514704257119,0.925760955672578,0.0710298683269525,0.93,0.145338894542685,-0.0197537485845407,"gamma_bin"
"gamma_bin_6.00_3.40","vary_mean",6,-0.2,FALSE,212,0.790503634328223,0.769812583250136,0.0597717462170248,0.97,0.131938942405553,-0.0206910510780873,"gamma_bin"
"gamma_bin_6.00_3.40","vary_mean",6,-0.2,FALSE,213,1.43200091428725,1.43911491570418,0.0875625396281256,0.94,0.18096656681711,0.00711400141692664,"gamma_bin"
"gamma_bin_6.00_3.40","vary_mean",6,-0.2,FALSE,214,1.11427471246835,1.13339956379316,0.0844134990220479,0.95,0.160487593960702,0.0191248513248135,"gamma_bin"
"gamma_bin_6.00_3.40","vary_mean",6,-0.2,FALSE,215,1.11570572194133,1.10629953789352,0.0720134957980079,0.95,0.157305822878736,-0.00940618404780591,"gamma_bin"
"gamma_bin_6.00_3.40","vary_mean",6,-0.2,FALSE,216,1.45325455274622,1.40999363316744,0.0887265954680029,0.94,0.175655371179978,-0.0432609195787814,"gamma_bin"
"gamma_bin_6.00_3.40","vary_mean",6,-0.2,FALSE,217,1.1420513438864,1.10711573126631,0.0812789908491311,0.92,0.153175613181203,-0.0349356126200859,"gamma_bin"
"gamma_bin_6.00_3.40","vary_mean",6,-0.2,FALSE,218,0.657956194341687,0.619569004863597,0.0587547540241014,0.87,0.11265279507276,-0.0383871894780898,"gamma_bin"
"gamma_bin_6.00_3.40","vary_mean",6,-0.2,FALSE,219,1.37055796530381,1.333611268978,0.0805229300575586,0.93,0.164395170728364,-0.036946696325808,"gamma_bin"
"gamma_bin_6.00_3.40","vary_mean",6,-0.2,FALSE,220,1.1217671045533,1.11292115871734,0.081226456729692,0.94,0.149787737675705,-0.00884594583595821,"gamma_bin"
"gamma_bin_6.00_3.40","vary_mean",6,-0.2,FALSE,221,1.82148085595811,1.78964602731986,0.102537744358814,0.94,0.188629063824382,-0.0318348286382539,"gamma_bin"
"gamma_bin_6.00_3.40","vary_mean",6,-0.2,FALSE,222,1.47820728190538,1.42080910714796,0.0844898028570043,0.9,0.164696345360014,-0.0573981747574239,"gamma_bin"
"gamma_bin_6.00_3.40","vary_mean",6,-0.2,FALSE,223,1.22912323671868,1.12309732488333,0.0727295467857944,0.68,0.142021964270267,-0.106025911835351,"gamma_bin"
"gamma_bin_6.00_3.40","vary_mean",6,-0.2,FALSE,224,1.39166921706407,1.26685531769436,0.0743292948610764,0.66,0.146639663184034,-0.124813899369713,"gamma_bin"
"gamma_bin_6.00_3.40","vary_mean",6,-0.2,FALSE,225,1.02692395020016,0.942667499526171,0.0674776921983737,0.78,0.123608619026133,-0.0842564506739891,"gamma_bin"
"gamma_bin_6.00_3.40","vary_mean",6,-0.2,FALSE,226,0.944469227223,0.899843950002564,0.0628494916547066,0.89,0.118956163148196,-0.0446252772204357,"gamma_bin"
"gamma_bin_6.00_3.40","vary_mean",6,-0.2,FALSE,227,0.882935394281871,0.858308466043918,0.0584123199018246,0.93,0.115487518070974,-0.0246269282379534,"gamma_bin"
"gamma_bin_6.00_3.40","vary_mean",6,-0.2,FALSE,228,1.25451332375843,1.25057063995475,0.0669907385913641,0.98,0.139814140970214,-0.00394268380367513,"gamma_bin"
"gamma_bin_6.00_3.40","vary_mean",6,-0.2,FALSE,229,1.46482234027448,1.47490516423218,0.0748634774726146,0.95,0.151947381431333,0.0100828239577011,"gamma_bin"
"gamma_bin_6.00_3.40","vary_mean",6,-0.2,FALSE,230,1.51066180760486,1.4788296742799,0.0741097659673459,0.96,0.15046657330768,-0.0318321333249563,"gamma_bin"
"gamma_bin_6.00_3.40","vary_mean",6,-0.2,FALSE,231,1.76123960010775,1.67104281884627,0.0832004132753622,0.81,0.156299933094321,-0.0901967812614763,"gamma_bin"
"gamma_bin_6.00_3.40","vary_mean",6,-0.2,FALSE,232,1.40610248726795,1.28079091669374,0.0679224939987847,0.52,0.13226584652485,-0.125311570574211,"gamma_bin"
"gamma_bin_6.00_3.40","vary_mean",6,-0.2,FALSE,233,1.50839208568838,1.35439062685628,0.0602546377351069,0.36,0.1313443691536,-0.154001458832095,"gamma_bin"
"gamma_bin_6.00_3.40","vary_mean",6,-0.2,FALSE,234,2.14809922234943,1.93827464508741,0.0813839447825855,0.26,0.15236133356241,-0.209824577262023,"gamma_bin"
"gamma_bin_6.00_3.40","vary_mean",6,-0.2,FALSE,235,1.77316147702833,1.61803971770769,0.0743616079100775,0.41,0.134034478782655,-0.155121759320636,"gamma_bin"
"gamma_bin_6.00_3.40","vary_mean",6,-0.2,FALSE,236,1.73482506410384,1.52833965874603,0.0717315190737215,0.13,0.124606689114183,-0.206485405357815,"gamma_bin"
"gamma_bin_6.00_3.40","vary_mean",6,-0.2,FALSE,237,1.62267353351007,1.42399898715993,0.0592748778780025,0.09,0.115120334866423,-0.198674546350135,"gamma_bin"
"gamma_bin_6.00_3.40","vary_mean",6,-0.2,FALSE,238,1.18124992154851,1.05076229235727,0.0506438285078346,0.24,0.0950583197820563,-0.130487629191236,"gamma_bin"
"gamma_bin_6.00_3.40","vary_mean",6,-0.2,FALSE,239,1.18465305674865,1.07561429588653,0.0520142425993711,0.38,0.09340375729346,-0.109038760862117,"gamma_bin"
"gamma_bin_6.00_3.40","vary_mean",6,-0.2,FALSE,240,1.4168407618799,1.3354056961037,0.048564819715105,0.66,0.102249273072242,-0.0814350657762,"gamma_bin"
"gamma_bin_6.00_3.40","vary_mean",6,-0.2,FALSE,241,1.25636383468336,1.19648475831338,0.0469670713706725,0.78,0.0952925186896864,-0.0598790763699755,"gamma_bin"
"gamma_bin_6.00_3.40","vary_mean",6,-0.2,FALSE,242,1.12127216596798,1.07453743814326,0.0471168605857946,0.82,0.0888320526053325,-0.0467347278247168,"gamma_bin"
"gamma_bin_6.00_3.40","vary_mean",6,-0.2,FALSE,243,1.35468577162437,1.3041882166933,0.057959846277711,0.82,0.0965351081405435,-0.0504975549310651,"gamma_bin"
"gamma_bin_6.00_3.40","vary_mean",6,-0.2,FALSE,244,1.01073025572083,0.980194212321098,0.0427332733096738,0.9,0.0824678813539497,-0.0305360433997319,"gamma_bin"
"gamma_bin_6.00_3.40","vary_mean",6,-0.2,FALSE,245,1.09869262296579,1.06069668268216,0.0400610735962068,0.87,0.0847381609152158,-0.0379959402836332,"gamma_bin"
"gamma_bin_6.00_3.40","vary_mean",6,-0.2,FALSE,246,1.01867243248783,0.98933254418996,0.0404587104838437,0.92,0.0811255299952822,-0.0293398882978705,"gamma_bin"
"gamma_bin_6.00_3.40","vary_mean",6,-0.2,FALSE,247,0.933300548697082,0.917932676471599,0.0394655402602937,0.94,0.0777951875677444,-0.0153678722254833,"gamma_bin"
"gamma_bin_6.00_3.40","vary_mean",6,-0.2,FALSE,248,1.07521131224965,1.07260442445095,0.04096299682301,0.95,0.0840310822861711,-0.00260688779870288,"gamma_bin"
"gamma_bin_6.00_3.40","vary_mean",6,-0.2,FALSE,249,1.30368079751671,1.30670397549447,0.0471928926417564,0.95,0.0927586310705076,0.00302317797775897,"gamma_bin"
"gamma_bin_6.00_3.40","vary_mean",6,-0.2,FALSE,250,1.41725036624756,1.41329891127835,0.0495980288334437,0.95,0.0959103682715185,-0.00395145496921345,"gamma_bin"
"gamma_bin_6.00_3.40","vary_mean",6,-0.2,FALSE,251,1.14473843834061,1.10184401026464,0.0430930713602754,0.81,0.0833859575471043,-0.0428944280759738,"gamma_bin"
"gamma_bin_6.00_3.40","vary_mean",6,-0.2,FALSE,252,1.28957905264017,1.22506026714065,0.0451435774410984,0.66,0.0862902477797087,-0.0645187854995157,"gamma_bin"
"gamma_bin_6.00_3.40","vary_mean",6,-0.2,FALSE,253,1.41164181175606,1.33070209230193,0.0409935466074523,0.59,0.0883685860916033,-0.0809397194541255,"gamma_bin"
"gamma_bin_7.50_1.36","vary_sd",1.36,-0.6,FALSE,15,1.02510010675531,0.991195412521057,0.0222129639527242,0.86,0.0538422703844498,-0.0339046942342535,"gamma_bin"
"gamma_bin_7.50_1.36","vary_sd",1.36,-0.6,FALSE,16,1.25252014867933,1.21039412808317,0.0270441717769342,0.7,0.0577846106129562,-0.0421260205961558,"gamma_bin"
"gamma_bin_7.50_1.36","vary_sd",1.36,-0.6,FALSE,17,1.21525733695915,1.20228223071556,0.0302481842046011,0.9,0.0572138657186905,-0.0129751062435854,"gamma_bin"
"gamma_bin_7.50_1.36","vary_sd",1.36,-0.6,FALSE,18,0.979230198394809,0.9697923111619,0.0243070930645419,0.97,0.050815201023988,-0.00943788723290906,"gamma_bin"
"gamma_bin_7.50_1.36","vary_sd",1.36,-0.6,FALSE,19,1.02544833790337,0.979475508175819,0.0279229860837202,0.58,0.0495374968111346,-0.0459728297275512,"gamma_bin"
"gamma_bin_7.50_1.36","vary_sd",1.36,-0.6,FALSE,20,1.03933643277786,0.978488254392431,0.0203182434923812,0.28,0.0486958589116914,-0.0608481783854286,"gamma_bin"
"gamma_bin_7.50_1.36","vary_sd",1.36,-0.6,FALSE,21,1.31704644033967,1.28141007172979,0.0285672738086898,0.78,0.0564505321679863,-0.0356363686098771,"gamma_bin"
"gamma_bin_7.50_1.36","vary_sd",1.36,-0.6,FALSE,22,1.01626238281987,1.01759860624973,0.0269257299161193,0.95,0.0509098454966194,0.00133622342985773,"gamma_bin"
"gamma_bin_7.50_1.36","vary_sd",1.36,-0.6,FALSE,23,0.750219977978433,0.750457988336845,0.0192273503498315,0.98,0.0433832690354078,0.000238010358411977,"gamma_bin"
"gamma_bin_7.50_1.36","vary_sd",1.36,-0.6,FALSE,24,0.68680573053247,0.686965626983711,0.0222314002722768,0.95,0.0412208233353553,0.000159896451241148,"gamma_bin"
"gamma_bin_7.50_1.36","vary_sd",1.36,-0.6,FALSE,25,1.09137562864791,1.10642238497062,0.0270694983214021,0.88,0.052534955305125,0.0150467563227124,"gamma_bin"
"gamma_bin_7.50_1.36","vary_sd",1.36,-0.6,FALSE,26,0.741057834922739,0.745364841625817,0.0243052870769562,0.9,0.0430597345918697,0.00430700670307838,"gamma_bin"
"gamma_bin_7.50_1.36","vary_sd",1.36,-0.6,FALSE,27,0.768534353981288,0.731268324455219,0.0210455327997308,0.64,0.0419068829321065,-0.0372660295260694,"gamma_bin"
"gamma_bin_7.50_1.36","vary_sd",1.36,-0.6,FALSE,28,0.752768210408917,0.686457507329351,0.0228608008953906,0.17,0.0401871959477448,-0.066310703079566,"gamma_bin"
"gamma_bin_7.50_1.36","vary_sd",1.36,-0.6,FALSE,29,0.700189279957523,0.657169505257735,0.0185607497218262,0.43,0.040325175672554,-0.0430197746997877,"gamma_bin"
"gamma_bin_7.50_1.36","vary_sd",1.36,-0.6,FALSE,30,0.555240242382622,0.554228014774909,0.02104474302371,0.91,0.038845213499269,-0.00101222760771258,"gamma_bin"
"gamma_bin_7.50_1.36","vary_sd",1.36,-0.6,FALSE,31,0.584450640057208,0.597393697976017,0.0208274930811246,0.91,0.041439411645054,0.0129430579188091,"gamma_bin"
"gamma_bin_7.50_1.36","vary_sd",1.36,-0.6,FALSE,32,0.680297862250013,0.66706830221276,0.020851941152265,0.9,0.0439805384305094,-0.0132295600372525,"gamma_bin"
"gamma_bin_7.50_1.36","vary_sd",1.36,-0.6,FALSE,33,0.95896579009836,0.919582364264021,0.0264828858670261,0.71,0.0523422329570245,-0.0393834258343387,"gamma_bin"
"gamma_bin_7.50_1.36","vary_sd",1.36,-0.6,FALSE,34,1.26713544933213,1.21152056649396,0.0330683250193778,0.54,0.0618134680109581,-0.0556148828381673,"gamma_bin"
"gamma_bin_7.50_1.36","vary_sd",1.36,-0.6,FALSE,35,1.32835487275134,1.29472747874,0.0341480288573536,0.82,0.0662931367147503,-0.0336273940113403,"gamma_bin"
"gamma_bin_7.50_1.36","vary_sd",1.36,-0.6,FALSE,36,0.820532179912435,0.856672157568588,0.0279024654964495,0.78,0.0565138481878159,0.0361399776561528,"gamma_bin"
"gamma_bin_7.50_1.36","vary_sd",1.36,-0.6,FALSE,37,0.605066948223753,0.698084605534059,0.0314562975889761,0.08,0.0536031124257441,0.0930176573103056,"gamma_bin"
"gamma_bin_7.50_1.36","vary_sd",1.36,-0.6,FALSE,38,0.480613317476216,0.591354022240916,0.0258945610768438,0.01,0.0504676062670106,0.1107407047647,"gamma_bin"
"gamma_bin_7.50_1.36","vary_sd",1.36,-0.6,FALSE,39,0.729684595490469,0.853980926614182,0.0338783350763708,0.01,0.0587940275540819,0.124296331123713,"gamma_bin"
"gamma_bin_7.50_1.36","vary_sd",1.36,-0.6,FALSE,40,0.815117093248404,0.813401188216415,0.0295836704557911,0.94,0.0534886536538721,-0.00171590503198904,"gamma_bin"
"gamma_bin_7.50_1.36","vary_sd",1.36,-0.6,FALSE,41,0.615435524003123,0.522423333690462,0.0207472881942882,0.02,0.0404576302787138,-0.0930121903126613,"gamma_bin"
"gamma_bin_7.50_1.36","vary_sd",1.36,-0.6,FALSE,42,0.771681049543453,0.621052443380514,0.0202448795091127,0,0.0441080837882977,-0.150628606162939,"gamma_bin"
"gamma_bin_7.50_1.36","vary_sd",1.36,-0.6,FALSE,43,0.638637642797715,0.558369651102096,0.0256643362262886,0.1,0.0447465909589737,-0.0802679916956188,"gamma_bin"
"gamma_bin_7.50_1.36","vary_sd",1.36,-0.6,FALSE,44,0.502607638572081,0.519415082916071,0.0268849256096125,0.87,0.0478603506659133,0.0168074443439896,"gamma_bin"
"gamma_bin_7.50_1.36","vary_sd",1.36,-0.6,FALSE,45,0.419348773276434,0.478954907525867,0.023763093034095,0.31,0.0494529570830574,0.0596061342494327,"gamma_bin"
"gamma_bin_7.50_1.36","vary_sd",1.36,-0.6,FALSE,46,0.532523289397014,0.585751036476419,0.0284861831123486,0.5,0.0552200199708114,0.0532277470794054,"gamma_bin"
"gamma_bin_7.50_1.36","vary_sd",1.36,-0.6,FALSE,47,0.748164536979726,0.757063081965979,0.0282215528000506,0.97,0.0621837963633362,0.00889854498625264,"gamma_bin"
"gamma_bin_7.50_1.36","vary_sd",1.36,-0.6,FALSE,48,0.699597036363356,0.662226291260358,0.02755705213802,0.81,0.0585889200632157,-0.0373707451029982,"gamma_bin"
"gamma_bin_7.50_1.36","vary_sd",1.36,-0.6,FALSE,49,0.840634610500807,0.78909887725491,0.0308201470488255,0.72,0.0658563427336274,-0.0515357332458974,"gamma_bin"
"gamma_bin_7.50_1.36","vary_sd",1.36,-0.6,FALSE,50,0.605572567510499,0.593326553660847,0.0277154280808365,0.96,0.0603858191614255,-0.012246013849652,"gamma_bin"
"gamma_bin_7.50_1.36","vary_sd",1.36,-0.6,FALSE,51,0.551154795645625,0.593629359412336,0.031869895674395,0.75,0.0652459554083769,0.0424745637667109,"gamma_bin"
"gamma_bin_7.50_1.36","vary_sd",1.36,-0.6,FALSE,52,0.382419782215341,0.444163294549912,0.0335678456226124,0.48,0.0601053803978309,0.0617435123345713,"gamma_bin"
"gamma_bin_7.50_1.36","vary_sd",1.36,-0.6,FALSE,53,0.67605453850849,0.766742049726221,0.042596516296469,0.35,0.0799338638447501,0.0906875112177311,"gamma_bin"
"gamma_bin_7.50_1.36","vary_sd",1.36,-0.6,FALSE,54,0.67389745281474,0.700322398689464,0.0391687852156795,0.9,0.0746814516313976,0.0264249458747244,"gamma_bin"
"gamma_bin_7.50_1.36","vary_sd",1.36,-0.6,FALSE,55,0.928654307802489,0.868318679861921,0.0432532537291711,0.68,0.0818512126552963,-0.0603356279405678,"gamma_bin"
"gamma_bin_7.50_1.36","vary_sd",1.36,-0.6,FALSE,56,0.750444909156983,0.6797977887201,0.0411653318961506,0.54,0.0736795817590415,-0.0706471204368827,"gamma_bin"
"gamma_bin_7.50_1.36","vary_sd",1.36,-0.6,FALSE,57,0.713559496047443,0.676732895732878,0.0405507114183827,0.84,0.0779695579075344,-0.0368266003145645,"gamma_bin"
"gamma_bin_7.50_1.36","vary_sd",1.36,-0.6,FALSE,58,0.492127182876667,0.532835808849858,0.041267982754075,0.77,0.0752354987261612,0.0407086259731906,"gamma_bin"
"gamma_bin_7.50_1.36","vary_sd",1.36,-0.6,FALSE,59,0.488121905081673,0.57677696628415,0.0435340607304122,0.42,0.083278439592698,0.0886550612024771,"gamma_bin"
"gamma_bin_7.50_1.36","vary_sd",1.36,-0.6,FALSE,60,0.671861168143052,0.771561525369867,0.0468133884179305,0.41,0.096623451331388,0.099700357226815,"gamma_bin"
"gamma_bin_7.50_1.36","vary_sd",1.36,-0.6,FALSE,61,0.791762464983911,0.802385660417889,0.0493657142240543,0.94,0.0953211778067801,0.0106231954339778,"gamma_bin"
"gamma_bin_7.50_1.36","vary_sd",1.36,-0.6,FALSE,62,0.652922492639065,0.594108895732154,0.0428868839467728,0.75,0.080324014551776,-0.0588135969069106,"gamma_bin"
"gamma_bin_7.50_1.36","vary_sd",1.36,-0.6,FALSE,63,0.613891069127135,0.549111789830182,0.0386273761686974,0.68,0.0788336719895665,-0.0647792792969527,"gamma_bin"
"gamma_bin_7.50_1.36","vary_sd",1.36,-0.6,FALSE,64,0.747174650317661,0.718003353497354,0.047609697997767,0.9,0.096020263102888,-0.0291712968203065,"gamma_bin"
"gamma_bin_7.50_1.36","vary_sd",1.36,-0.6,FALSE,65,0.706701130088712,0.757752597121788,0.0568160023207609,0.85,0.106983883595325,0.0510514670330763,"gamma_bin"
"gamma_bin_7.50_1.36","vary_sd",1.36,-0.6,FALSE,66,0.51187393654748,0.583632714844065,0.0504579351435676,0.65,0.0988095535665448,0.071758778296585,"gamma_bin"
"gamma_bin_7.50_1.36","vary_sd",1.36,-0.6,FALSE,67,0.670601402325688,0.717111741952013,0.0561765948268542,0.84,0.109705755878986,0.0465103396263247,"gamma_bin"
"gamma_bin_7.50_1.36","vary_sd",1.36,-0.6,FALSE,68,1.17253163081397,1.1816953084775,0.0802312334801462,0.9,0.13986437853261,0.0091636776635331,"gamma_bin"
"gamma_bin_7.50_1.36","vary_sd",1.36,-0.6,FALSE,69,1.09882955126721,1.07588794926198,0.0814486758299947,0.91,0.13558513801085,-0.0229416020052282,"gamma_bin"
"gamma_bin_7.50_1.36","vary_sd",1.36,-0.6,FALSE,70,0.864010024055233,0.858030181484209,0.0655647358977142,0.94,0.124478628990875,-0.00597984257102424,"gamma_bin"
"gamma_bin_7.50_1.36","vary_sd",1.36,-0.6,FALSE,71,0.715098113998147,0.73526236243188,0.065332839694179,0.92,0.118386786521738,0.0201642484337329,"gamma_bin"
"gamma_bin_7.50_1.36","vary_sd",1.36,-0.6,FALSE,72,0.5778146754347,0.644315963460472,0.0597112596074138,0.8,0.11481232528749,0.0665012880257723,"gamma_bin"
"gamma_bin_7.50_1.36","vary_sd",1.36,-0.6,FALSE,73,0.968098548670386,1.11985919953627,0.0716110378484805,0.51,0.155366678830541,0.151760650865881,"gamma_bin"
"gamma_bin_7.50_1.36","vary_sd",1.36,-0.6,FALSE,74,0.655349167508219,0.704585094848285,0.0633162575663508,0.88,0.120109029463221,0.049235927340066,"gamma_bin"
"gamma_bin_7.50_1.36","vary_sd",1.36,-0.6,FALSE,75,0.59977224361632,0.562797915946249,0.0533752477227015,0.9,0.101924264065463,-0.0369743276700706,"gamma_bin"
"gamma_bin_7.50_1.36","vary_sd",1.36,-0.6,FALSE,76,0.795810456805532,0.701995974982733,0.056223003527395,0.66,0.112044202236802,-0.0938144818227992,"gamma_bin"
"gamma_bin_7.50_1.36","vary_sd",1.36,-0.6,FALSE,77,0.873668877519834,0.793190045938457,0.0650627966559033,0.79,0.123753220462883,-0.0804788315813768,"gamma_bin"
"gamma_bin_7.50_1.36","vary_sd",1.36,-0.6,FALSE,78,0.655524310026793,0.651827749483162,0.0677573698844421,0.95,0.119619382434002,-0.00369656054363132,"gamma_bin"
"gamma_bin_7.50_1.36","vary_sd",1.36,-0.6,FALSE,79,0.810623636163075,0.847382012384801,0.0759300059936169,0.89,0.142421162370136,0.0367583762217265,"gamma_bin"
"gamma_bin_7.50_1.36","vary_sd",1.36,-0.6,FALSE,80,0.610456557383718,0.627336388458887,0.058121641675309,0.96,0.124790073723518,0.0168798310751688,"gamma_bin"
"gamma_bin_7.50_1.36","vary_sd",1.36,-0.6,FALSE,81,0.859858611274139,0.89874414832027,0.0811500642486346,0.88,0.152899626490229,0.0388855370461307,"gamma_bin"
"gamma_bin_7.50_1.36","vary_sd",1.36,-0.6,FALSE,82,0.71793472208637,0.75530452146892,0.0716139865537778,0.92,0.143193131994166,0.0373697993825498,"gamma_bin"
"gamma_bin_7.50_1.36","vary_sd",1.36,-0.6,FALSE,83,0.992203959261976,1.00347480579288,0.0844595927440447,0.95,0.165679711019613,0.0112708465309002,"gamma_bin"
"gamma_bin_7.50_1.36","vary_sd",1.36,-0.6,FALSE,84,1.12541562776308,1.10352809843256,0.0961793868169277,0.94,0.174468456589972,-0.021887529330525,"gamma_bin"
"gamma_bin_7.50_1.36","vary_sd",1.36,-0.6,FALSE,85,0.719081428835968,0.722405487103053,0.0838226424634957,0.93,0.143967749119656,0.00332405826708515,"gamma_bin"
"gamma_bin_7.50_1.36","vary_sd",1.36,-0.6,FALSE,86,0.84752493125734,0.886333896645879,0.0810200186994807,0.94,0.164328306392327,0.0388089653885388,"gamma_bin"
"gamma_bin_7.50_1.36","vary_sd",1.36,-0.6,FALSE,87,0.855021916180829,0.920677272728033,0.091543270463672,0.89,0.171372211094041,0.0656553565472037,"gamma_bin"
"gamma_bin_7.50_1.36","vary_sd",1.36,-0.6,FALSE,88,1.05231211723794,1.14304666178121,0.098279559073627,0.89,0.192219234878153,0.0907345445432699,"gamma_bin"
"gamma_bin_7.50_1.36","vary_sd",1.36,-0.6,FALSE,89,0.736245763604483,0.764837422189422,0.0856194053696086,0.9,0.155135390407363,0.028591658584939,"gamma_bin"
"gamma_bin_7.50_1.36","vary_sd",1.36,-0.6,FALSE,90,0.910435800275709,0.900238871678237,0.0862321175229444,0.93,0.164647976798678,-0.0101969285974723,"gamma_bin"
"gamma_bin_7.50_1.36","vary_sd",1.36,-0.6,FALSE,91,0.875373992276142,0.846100481993984,0.0843794381764366,0.9,0.15925849367742,-0.0292735102821581,"gamma_bin"
"gamma_bin_7.50_1.36","vary_sd",1.36,-0.6,FALSE,92,1.13308580158326,1.10772790746972,0.0925651008035191,0.94,0.187003596220097,-0.0253578941135408,"gamma_bin"
"gamma_bin_7.50_1.36","vary_sd",1.36,-0.6,FALSE,93,0.779622317935819,0.804943003685007,0.0871276801747402,0.92,0.163245904036652,0.0253206857491879,"gamma_bin"
"gamma_bin_7.50_1.36","vary_sd",1.36,-0.6,FALSE,94,0.738590807925372,0.745575340076043,0.0838704259505174,0.96,0.157746981577257,0.00698453215067085,"gamma_bin"
"gamma_bin_7.50_1.36","vary_sd",1.36,-0.6,FALSE,95,0.736386067431423,0.756754714168091,0.0894259626616159,0.92,0.159209625532105,0.0203686467366685,"gamma_bin"
"gamma_bin_7.50_1.36","vary_sd",1.36,-0.6,FALSE,96,0.940470991453404,0.96803929817481,0.0955807900743439,0.95,0.181912316564334,0.0275683067214061,"gamma_bin"
"gamma_bin_7.50_1.36","vary_sd",1.36,-0.6,FALSE,97,0.92681020267862,0.943946769351304,0.0896085163099598,0.96,0.180530287488593,0.0171365666726844,"gamma_bin"
"gamma_bin_7.50_1.36","vary_sd",1.36,-0.6,FALSE,98,0.805264800704658,0.787585313465328,0.0804427977783199,0.94,0.163843088516354,-0.0176794872393298,"gamma_bin"
"gamma_bin_7.50_1.36","vary_sd",1.36,-0.6,FALSE,99,0.96897608307621,0.941014155030447,0.10206044353161,0.9,0.179728850017515,-0.0279619280457629,"gamma_bin"
"gamma_bin_7.50_1.36","vary_sd",1.36,-0.6,FALSE,100,0.483332995262756,0.484487586293543,0.0670717058927169,0.94,0.132955152274084,0.0011545910307868,"gamma_bin"
"gamma_bin_7.50_1.36","vary_sd",1.36,-0.6,FALSE,101,0.66077716283239,0.707767996734836,0.091693268483342,0.91,0.167033611299918,0.0469908339024457,"gamma_bin"
"gamma_bin_7.50_1.36","vary_sd",1.36,-0.6,FALSE,102,0.655745239910364,0.692298135630553,0.0772466899152989,0.94,0.167330102722745,0.0365528957201889,"gamma_bin"
"gamma_bin_7.50_1.36","vary_sd",1.36,-0.6,FALSE,103,1.19599908198214,1.18634229719087,0.10602972794492,0.98,0.216832433474123,-0.00965678479127408,"gamma_bin"
"gamma_bin_7.50_1.36","vary_sd",1.36,-0.6,FALSE,104,1.52020654998133,1.42267449707687,0.123991477240696,0.84,0.235859104784849,-0.0975320529044621,"gamma_bin"
"gamma_bin_7.50_1.36","vary_sd",1.36,-0.6,FALSE,105,1.10303826313934,1.02813461938071,0.108539990328958,0.84,0.203004693147202,-0.074903643758633,"gamma_bin"
"gamma_bin_7.50_1.36","vary_sd",1.36,-0.6,FALSE,106,0.895258886773757,0.897047226890383,0.106112506125508,0.94,0.197634523451051,0.00178834011662554,"gamma_bin"
"gamma_bin_7.50_1.36","vary_sd",1.36,-0.6,FALSE,107,0.603016892421566,0.687437681156765,0.0936663208547382,0.83,0.183762751056463,0.0844207887351988,"gamma_bin"
"gamma_bin_7.50_1.36","vary_sd",1.36,-0.6,FALSE,108,1.07762321196894,1.3488129160287,0.144430234862105,0.48,0.266071271770633,0.271189704059762,"gamma_bin"
"gamma_bin_7.50_1.36","vary_sd",1.36,-0.6,FALSE,109,1.67936751135944,1.96109232688161,0.196069888342435,0.56,0.307474365554718,0.281724815522171,"gamma_bin"
"gamma_bin_7.50_1.36","vary_sd",1.36,-0.6,FALSE,110,0.778512854791425,0.76678969474961,0.0873164080470767,0.94,0.176269287272845,-0.0117231600418148,"gamma_bin"
"gamma_bin_7.50_1.36","vary_sd",1.36,-0.6,FALSE,111,0.992005341124613,0.85602607162091,0.0879246042708874,0.7,0.176538514968469,-0.135979269503703,"gamma_bin"
"gamma_bin_7.50_1.36","vary_sd",1.36,-0.6,FALSE,112,1.07688074493023,0.981550183291242,0.110467548765162,0.82,0.191874683817927,-0.0953305616389878,"gamma_bin"
"gamma_bin_7.50_1.36","vary_sd",1.36,-0.6,FALSE,113,0.702400819858529,0.746795728596063,0.0918398767274737,0.9,0.177665793911826,0.0443949087375342,"gamma_bin"
"gamma_bin_7.50_1.36","vary_sd",1.36,-0.6,FALSE,114,0.976066509197994,1.08760521912237,0.127352373997678,0.79,0.220833727917321,0.111538709924378,"gamma_bin"
"gamma_bin_7.50_1.36","vary_sd",1.36,-0.6,FALSE,115,1.23867756628513,1.25606268073794,0.123161253177269,0.96,0.227118318066072,0.017385114452813,"gamma_bin"
"gamma_bin_7.50_1.36","vary_sd",1.36,-0.6,FALSE,116,1.16180338965973,1.07920813507641,0.0992044971300677,0.87,0.201728587897159,-0.0825952545833217,"gamma_bin"
"gamma_bin_7.50_1.36","vary_sd",1.36,-0.6,FALSE,117,1.19462029108814,1.10905132183317,0.113537296036469,0.88,0.205618109872596,-0.085568969254967,"gamma_bin"
"gamma_bin_7.50_1.36","vary_sd",1.36,-0.6,FALSE,118,1.16321995780671,1.1419772659659,0.112028392898111,0.95,0.214754655214865,-0.0212426918408113,"gamma_bin"
"gamma_bin_7.50_1.36","vary_sd",1.36,-0.6,FALSE,119,1.07032628214879,1.13944074237082,0.106538110481074,0.92,0.220555650420794,0.0691144602220266,"gamma_bin"
"gamma_bin_7.50_1.36","vary_sd",1.36,-0.6,FALSE,120,0.877757633134012,0.969201352850669,0.0943855745486473,0.89,0.20573760436791,0.0914437197166568,"gamma_bin"
"gamma_bin_7.50_1.36","vary_sd",1.36,-0.6,FALSE,121,1.36755731263547,1.48040553856891,0.13377474315369,0.85,0.248320403866831,0.112848225933438,"gamma_bin"
"gamma_bin_7.50_1.36","vary_sd",1.36,-0.6,FALSE,122,0.835796444244159,0.856130956105947,0.0930408140316944,0.95,0.181243044307333,0.020334511861788,"gamma_bin"
"gamma_bin_7.50_1.36","vary_sd",1.36,-0.6,FALSE,123,1.26724551805682,1.21366278012067,0.0988024976616539,0.95,0.209494640433692,-0.053582737936154,"gamma_bin"
"gamma_bin_7.50_1.36","vary_sd",1.36,-0.6,FALSE,124,0.969129898643769,0.924509750784939,0.0819735553331497,0.97,0.181020402653914,-0.0446201478588298,"gamma_bin"
"gamma_bin_7.50_1.36","vary_sd",1.36,-0.6,FALSE,125,0.847338782890042,0.831810294412293,0.0770907684750839,0.97,0.172978372408839,-0.015528488477749,"gamma_bin"
"gamma_bin_7.50_1.36","vary_sd",1.36,-0.6,FALSE,126,0.715564882412269,0.733741804039013,0.0809258628433883,0.95,0.164576980031685,0.018176921626744,"gamma_bin"
"gamma_bin_7.50_1.36","vary_sd",1.36,-0.6,FALSE,127,0.94782383341486,0.963962720861265,0.0967216468802911,0.95,0.188657837705066,0.0161388874464048,"gamma_bin"
"gamma_bin_7.50_1.36","vary_sd",1.36,-0.6,FALSE,128,0.685081694959754,0.678535526988599,0.0748515599023373,0.96,0.156691567128843,-0.00654616797115526,"gamma_bin"
"gamma_bin_7.50_1.36","vary_sd",1.36,-0.6,FALSE,129,0.940719567434955,0.897491684483312,0.0957513168414212,0.92,0.178687638620443,-0.0432278829516428,"gamma_bin"
"gamma_bin_7.50_1.36","vary_sd",1.36,-0.6,FALSE,130,0.882735861931285,0.817129102559506,0.0856099742259146,0.9,0.170548707942608,-0.0656067593717786,"gamma_bin"
"gamma_bin_7.50_1.36","vary_sd",1.36,-0.6,FALSE,131,0.908592867608554,0.87032248986755,0.100206946615491,0.91,0.17985469352718,-0.0382703777410035,"gamma_bin"
"gamma_bin_7.50_1.36","vary_sd",1.36,-0.6,FALSE,132,0.919571358645804,0.897518925096381,0.094431365503012,0.94,0.189668331142712,-0.0220524335494225,"gamma_bin"
"gamma_bin_7.50_1.36","vary_sd",1.36,-0.6,FALSE,133,0.772870216905444,0.791904799308015,0.102388299057506,0.94,0.18385778008651,0.0190345824025713,"gamma_bin"
"gamma_bin_7.50_1.36","vary_sd",1.36,-0.6,FALSE,134,0.850110615604727,0.886191152736582,0.0895034890048277,0.95,0.197943014209227,0.0360805371318553,"gamma_bin"
"gamma_bin_7.50_1.36","vary_sd",1.36,-0.6,FALSE,135,0.784750966748685,0.816388382102535,0.108380798430727,0.92,0.190575820258435,0.0316374153538495,"gamma_bin"
"gamma_bin_7.50_1.36","vary_sd",1.36,-0.6,FALSE,136,0.974669466757976,0.999623824596004,0.109183985124092,0.94,0.209931415335524,0.0249543578380276,"gamma_bin"
"gamma_bin_7.50_1.36","vary_sd",1.36,-0.6,FALSE,137,0.984151011066472,0.969281592403505,0.118701410224733,0.91,0.20573306756671,-0.0148694186629674,"gamma_bin"
"gamma_bin_7.50_1.36","vary_sd",1.36,-0.6,FALSE,138,1.1907508581573,1.14480018286687,0.111922229943526,0.95,0.224662846320757,-0.0459506752904313,"gamma_bin"
"gamma_bin_7.50_1.36","vary_sd",1.36,-0.6,FALSE,139,1.38368582408824,1.35634349085784,0.130230663758665,0.93,0.249332690199937,-0.0273423332304015,"gamma_bin"
"gamma_bin_7.50_1.36","vary_sd",1.36,-0.6,FALSE,140,0.815817246340058,0.854157959513119,0.107162528820754,0.93,0.203088602532137,0.0383407131730609,"gamma_bin"
"gamma_bin_7.50_1.36","vary_sd",1.36,-0.6,FALSE,141,0.948708845408202,1.03856533204718,0.121351040717646,0.83,0.22820699415397,0.0898564866389819,"gamma_bin"
"gamma_bin_7.50_1.36","vary_sd",1.36,-0.6,FALSE,142,0.887913521021147,0.995442251722512,0.132062655349714,0.81,0.22306344151594,0.107528730701365,"gamma_bin"
"gamma_bin_7.50_1.36","vary_sd",1.36,-0.6,FALSE,143,1.33195215209727,1.40306260156708,0.14942179032937,0.87,0.258950735643684,0.0711104494698145,"gamma_bin"
"gamma_bin_7.50_1.36","vary_sd",1.36,-0.6,FALSE,144,1.33130915175386,1.34381376840886,0.142861059459483,0.89,0.244562353447632,0.0125046166550047,"gamma_bin"
"gamma_bin_7.50_1.36","vary_sd",1.36,-0.6,FALSE,145,1.36040954450305,1.27596479374366,0.116754241385479,0.92,0.230794291024366,-0.0844447507593911,"gamma_bin"
"gamma_bin_7.50_1.36","vary_sd",1.36,-0.6,FALSE,146,1.03071516120352,0.966578022272411,0.0998583198012847,0.93,0.200098586896549,-0.064137138931109,"gamma_bin"
"gamma_bin_7.50_1.36","vary_sd",1.36,-0.6,FALSE,147,1.01542687773298,1.04555077910292,0.1052130114009,0.97,0.214046956632007,0.030123901369935,"gamma_bin"
"gamma_bin_7.50_1.36","vary_sd",1.36,-0.6,FALSE,148,0.918038272830281,1.01428146560799,0.103887112855783,0.9,0.215883390871579,0.0962431927777071,"gamma_bin"
"gamma_bin_7.50_1.36","vary_sd",1.36,-0.6,FALSE,149,0.795403147880171,0.875711866952938,0.101115156009664,0.92,0.197053645297928,0.0803087190727666,"gamma_bin"
"gamma_bin_7.50_1.36","vary_sd",1.36,-0.6,FALSE,150,0.947076494147123,0.951581199841749,0.0964554016077303,0.94,0.195063517844865,0.00450470569462602,"gamma_bin"
"gamma_bin_7.50_1.36","vary_sd",1.36,-0.6,FALSE,151,0.838902415667924,0.763769002478967,0.100016529374696,0.83,0.167371798937944,-0.0751334131889568,"gamma_bin"
"gamma_bin_7.50_1.36","vary_sd",1.36,-0.6,FALSE,152,1.10280245382765,0.976221202732443,0.103682472986634,0.67,0.188125263921824,-0.126581251095207,"gamma_bin"
"gamma_bin_7.50_1.36","vary_sd",1.36,-0.6,FALSE,153,1.09815440539428,1.01224043465139,0.0994068492340463,0.9,0.196340194056613,-0.0859139707428911,"gamma_bin"
"gamma_bin_7.50_1.36","vary_sd",1.36,-0.6,FALSE,154,0.933699509626363,0.922700804482161,0.109637002346675,0.89,0.194360870431194,-0.0109987051442018,"gamma_bin"
"gamma_bin_7.50_1.36","vary_sd",1.36,-0.6,FALSE,155,0.677259462566555,0.721341818604691,0.094031379549942,0.91,0.177598668912285,0.0440823560381364,"gamma_bin"
"gamma_bin_7.50_1.36","vary_sd",1.36,-0.6,FALSE,156,0.794318325784725,0.843061997804844,0.110871909474974,0.91,0.195429108183392,0.0487436720201194,"gamma_bin"
"gamma_bin_7.50_1.36","vary_sd",1.36,-0.6,FALSE,157,0.863129045133472,0.913747642870904,0.110072914045329,0.93,0.203465848482436,0.0506185977374317,"gamma_bin"
"gamma_bin_7.50_1.36","vary_sd",1.36,-0.6,FALSE,158,1.2121292060572,1.24265119250292,0.136311195549494,0.93,0.233239284422818,0.0305219864457196,"gamma_bin"
"gamma_bin_7.50_1.36","vary_sd",1.36,-0.6,FALSE,159,1.02410099479473,0.963784570273389,0.100130634437484,0.93,0.200792305779032,-0.0603164245213407,"gamma_bin"
"gamma_bin_7.50_1.36","vary_sd",1.36,-0.6,FALSE,160,0.905625417711481,0.834625097978662,0.0973768896740308,0.92,0.186092302724552,-0.0710003197328191,"gamma_bin"
"gamma_bin_7.50_1.36","vary_sd",1.36,-0.6,FALSE,161,0.911623484707899,0.896701220963714,0.104738770455954,0.92,0.199038845869412,-0.0149222637441848,"gamma_bin"
"gamma_bin_7.50_1.36","vary_sd",1.36,-0.6,FALSE,162,0.854314364398061,0.925802909146739,0.123983491301805,0.87,0.211648397622505,0.0714885447486784,"gamma_bin"
"gamma_bin_7.50_1.36","vary_sd",1.36,-0.6,FALSE,163,0.939538506142908,1.02820097775564,0.11741679346373,0.9,0.227369474660368,0.0886624716127289,"gamma_bin"
"gamma_bin_7.50_1.36","vary_sd",1.36,-0.6,FALSE,164,0.804264811038419,0.833052941734062,0.110283952460384,0.92,0.199320872556171,0.0287881306956427,"gamma_bin"
"gamma_bin_7.50_1.36","vary_sd",1.36,-0.6,FALSE,165,1.00142358506205,0.983377389202884,0.113934503964449,0.95,0.209400753943712,-0.0180461958591664,"gamma_bin"
"gamma_bin_7.50_1.36","vary_sd",1.36,-0.6,FALSE,166,1.22258511650756,1.11468541480643,0.12202433992386,0.86,0.221311771255688,-0.107899701701129,"gamma_bin"
"gamma_bin_7.50_1.36","vary_sd",1.36,-0.6,FALSE,167,0.797785743145654,0.769193012551188,0.0995788474306308,0.93,0.187785457244436,-0.0285927305944659,"gamma_bin"
"gamma_bin_7.50_1.36","vary_sd",1.36,-0.6,FALSE,168,1.1498418409574,1.16254798522353,0.11213952226434,0.96,0.23700784568494,0.0127061442661334,"gamma_bin"
"gamma_bin_7.50_1.36","vary_sd",1.36,-0.6,FALSE,169,0.760349335694062,0.790658984355282,0.105637026312843,0.93,0.199103609103774,0.0303096486612201,"gamma_bin"
"gamma_bin_7.50_1.36","vary_sd",1.36,-0.6,FALSE,170,1.37423882796411,1.46191767587173,0.150659609225419,0.87,0.273525920468169,0.0876788479076158,"gamma_bin"
"gamma_bin_7.50_1.36","vary_sd",1.36,-0.6,FALSE,171,0.879916177740953,0.928603856281417,0.0906580408431996,0.97,0.216712213825235,0.0486876785404639,"gamma_bin"
"gamma_bin_7.50_1.36","vary_sd",1.36,-0.6,FALSE,172,1.40469809778524,1.40464511558017,0.12791743268521,0.96,0.260964927373029,-5.29822050678863e-05,"gamma_bin"
"gamma_bin_7.50_1.36","vary_sd",1.36,-0.6,FALSE,173,0.919193657171105,0.901022766736381,0.107953689670804,0.97,0.206445051366545,-0.0181708904347243,"gamma_bin"
"gamma_bin_7.50_1.36","vary_sd",1.36,-0.6,FALSE,174,0.923156528563282,0.931255515601591,0.105500695399094,0.95,0.210617445042798,0.00809898703830869,"gamma_bin"
"gamma_bin_7.50_1.36","vary_sd",1.36,-0.6,FALSE,175,1.03837120055872,1.10654967856206,0.118204642298753,0.92,0.231177007280374,0.0681784780033425,"gamma_bin"
"gamma_bin_7.50_1.36","vary_sd",1.36,-0.6,FALSE,176,0.998550191051843,1.01923644201998,0.11193695821553,0.97,0.220081845338709,0.0206862509681357,"gamma_bin"
"gamma_bin_7.50_1.36","vary_sd",1.36,-0.6,FALSE,177,1.0672490953256,1.05288856432784,0.111472226495316,0.96,0.21943706703196,-0.0143605309977575,"gamma_bin"
"gamma_bin_7.50_1.36","vary_sd",1.36,-0.6,FALSE,178,0.796488943635566,0.757350049547767,0.0844640651165601,0.93,0.182650622812078,-0.0391388940877989,"gamma_bin"
"gamma_bin_7.50_1.36","vary_sd",1.36,-0.6,FALSE,179,1.19853631620291,1.14548559696494,0.107839166106962,0.9,0.224040015002402,-0.0530507192379683,"gamma_bin"
"gamma_bin_7.50_1.36","vary_sd",1.36,-0.6,FALSE,180,1.18742234445089,1.17101322468906,0.110201640044878,0.96,0.230108723216744,-0.0164091197618341,"gamma_bin"
"gamma_bin_7.50_1.36","vary_sd",1.36,-0.6,FALSE,181,1.49419822100474,1.50516505799294,0.133349897959887,0.96,0.265010089362722,0.0109668369881957,"gamma_bin"
"gamma_bin_7.50_1.36","vary_sd",1.36,-0.6,FALSE,182,1.51569971274724,1.53941810541576,0.149847478568422,0.92,0.268550363472184,0.0237183926685167,"gamma_bin"
"gamma_bin_7.50_1.36","vary_sd",1.36,-0.6,FALSE,183,0.993078083144793,1.03311266051702,0.127860551009059,0.91,0.219181518518671,0.0400345773722282,"gamma_bin"
"gamma_bin_7.50_1.36","vary_sd",1.36,-0.6,FALSE,184,0.900895179433443,0.975761728172719,0.118909649421056,0.87,0.213759123848733,0.0748665487392761,"gamma_bin"
"gamma_bin_7.50_1.36","vary_sd",1.36,-0.6,FALSE,185,0.823216514722493,0.91618189400798,0.104303290081063,0.89,0.205635625983472,0.092965379285487,"gamma_bin"
"gamma_bin_7.50_1.36","vary_sd",1.36,-0.6,FALSE,186,1.22622352517845,1.32209883238954,0.109258941813476,0.92,0.238453064841594,0.0958753072110949,"gamma_bin"
"gamma_bin_7.50_1.36","vary_sd",1.36,-0.6,FALSE,187,0.917485344129662,0.901440647710254,0.0935477981038168,0.96,0.186868871490957,-0.0160446964194081,"gamma_bin"
"gamma_bin_7.50_1.36","vary_sd",1.36,-0.6,FALSE,188,1.14600718978611,1.00964857505526,0.100545471056868,0.68,0.18981512787212,-0.136358614730849,"gamma_bin"
"gamma_bin_7.50_1.36","vary_sd",1.36,-0.6,FALSE,189,1.15017955401154,1.02824620610739,0.0973418389616473,0.76,0.190957081764207,-0.121933347904155,"gamma_bin"
"gamma_bin_7.50_1.36","vary_sd",1.36,-0.6,FALSE,190,1.13787761403339,1.0799425017622,0.104590522371981,0.92,0.203444308939524,-0.0579351122711875,"gamma_bin"
"gamma_bin_7.50_1.36","vary_sd",1.36,-0.6,FALSE,191,1.77820774658985,1.87165530783652,0.144859960357089,0.89,0.28023056161748,0.0934475612466732,"gamma_bin"
"gamma_bin_7.50_1.36","vary_sd",1.36,-0.6,FALSE,192,1.12621869533816,1.23646087306386,0.11341612406044,0.82,0.229655335060699,0.110242177725701,"gamma_bin"
"gamma_bin_7.50_1.36","vary_sd",1.36,-0.6,FALSE,193,1.63142687231341,1.72651871513273,0.121581596686216,0.91,0.265714163477082,0.0950918428193199,"gamma_bin"
"gamma_bin_7.50_1.36","vary_sd",1.36,-0.6,FALSE,194,1.9613208229511,2.08928627957994,0.152208389267647,0.85,0.285399055202779,0.127965456628844,"gamma_bin"
"gamma_bin_7.50_1.36","vary_sd",1.36,-0.6,FALSE,195,1.62644217295684,1.79235275958558,0.149112024864157,0.73,0.258713781105221,0.165910586628735,"gamma_bin"
"gamma_bin_7.50_1.36","vary_sd",1.36,-0.6,FALSE,196,1.22114876712024,1.32602949511632,0.110158502784708,0.82,0.216049268661305,0.10488072799608,"gamma_bin"
"gamma_bin_7.50_1.36","vary_sd",1.36,-0.6,FALSE,197,1.08512340553335,1.16065971111343,0.10333053303193,0.88,0.193322316836922,0.0755363055800811,"gamma_bin"
"gamma_bin_7.50_1.36","vary_sd",1.36,-0.6,FALSE,198,1.22271087570671,1.28526287937094,0.104118098389726,0.89,0.195133122478281,0.062552003664226,"gamma_bin"
"gamma_bin_7.50_1.36","vary_sd",1.36,-0.6,FALSE,199,1.2960340351298,1.34721938386816,0.094856534458689,0.94,0.192355121900069,0.0511853487383562,"gamma_bin"
"gamma_bin_7.50_1.36","vary_sd",1.36,-0.6,FALSE,200,1.66920711624072,1.61515020125715,0.111940452216603,0.9,0.200322618528372,-0.0540569149835728,"gamma_bin"
"gamma_bin_7.50_1.36","vary_sd",1.36,-0.6,FALSE,201,1.16940768861372,1.07027098085717,0.0812637388633849,0.82,0.155899092811501,-0.0991367077565544,"gamma_bin"
"gamma_bin_7.50_1.36","vary_sd",1.36,-0.6,FALSE,202,1.0787760344722,0.985036793777068,0.0817620538958059,0.76,0.14840714794099,-0.0937392406951322,"gamma_bin"
"gamma_bin_7.50_1.36","vary_sd",1.36,-0.6,FALSE,203,0.894614924502778,0.890611240107214,0.0785822260402902,0.93,0.14448751768049,-0.00400368439556364,"gamma_bin"
"gamma_bin_7.50_1.36","vary_sd",1.36,-0.6,FALSE,204,0.818936942727194,0.888037953243781,0.071998443444488,0.82,0.146671790643749,0.069101010516587,"gamma_bin"
"gamma_bin_7.50_1.36","vary_sd",1.36,-0.6,FALSE,205,0.966688195947552,1.0259137045462,0.0873014636836137,0.86,0.154105444331651,0.0592255085986435,"gamma_bin"
"gamma_bin_7.50_1.36","vary_sd",1.36,-0.6,FALSE,206,0.735602657677609,0.699137660803445,0.0562653878412695,0.93,0.121084761608707,-0.0364649968741637,"gamma_bin"
"gamma_bin_7.50_1.36","vary_sd",1.36,-0.6,FALSE,207,0.854906249805799,0.763484538991947,0.0667581869483195,0.74,0.12224402440202,-0.0914217108138516,"gamma_bin"
"gamma_bin_7.50_1.36","vary_sd",1.36,-0.6,FALSE,208,1.18360616945073,1.043324478569,0.0736043823513006,0.57,0.14409494187421,-0.140281690881726,"gamma_bin"
"gamma_bin_7.50_1.36","vary_sd",1.36,-0.6,FALSE,209,1.4602885501346,1.36001674287517,0.087728376450822,0.78,0.171290688061351,-0.100271807259432,"gamma_bin"
"gamma_bin_7.50_1.36","vary_sd",1.36,-0.6,FALSE,210,0.828346816490767,0.826887485077258,0.0698283911174247,0.95,0.139556422668956,-0.00145933141350896,"gamma_bin"
"gamma_bin_7.50_1.36","vary_sd",1.36,-0.6,FALSE,211,0.945514704257119,1.00885455845544,0.0756399565693759,0.91,0.158421421183625,0.0633398541983243,"gamma_bin"
"gamma_bin_7.50_1.36","vary_sd",1.36,-0.6,FALSE,212,0.790503634328223,0.869942304714165,0.0709408576148284,0.84,0.149120805736305,0.0794386703859417,"gamma_bin"
"gamma_bin_7.50_1.36","vary_sd",1.36,-0.6,FALSE,213,1.43200091428725,1.61583498631139,0.100400438347844,0.55,0.203241754525156,0.183834072024136,"gamma_bin"
"gamma_bin_7.50_1.36","vary_sd",1.36,-0.6,FALSE,214,1.11427471246835,1.19496629074526,0.0841172967735005,0.8,0.169273883860315,0.08069157827691,"gamma_bin"
"gamma_bin_7.50_1.36","vary_sd",1.36,-0.6,FALSE,215,1.11570572194133,1.07042087138682,0.0728111034195445,0.91,0.152204672942324,-0.0452848505545114,"gamma_bin"
"gamma_bin_7.50_1.36","vary_sd",1.36,-0.6,FALSE,216,1.45325455274622,1.33654354309335,0.0837550464213905,0.7,0.166495335830532,-0.116711009652869,"gamma_bin"
"gamma_bin_7.50_1.36","vary_sd",1.36,-0.6,FALSE,217,1.1420513438864,1.13875850029229,0.0838583790620978,0.95,0.157533296292712,-0.00329284359410575,"gamma_bin"
"gamma_bin_7.50_1.36","vary_sd",1.36,-0.6,FALSE,218,0.657956194341687,0.703836874634554,0.0689533728752298,0.89,0.127943999694036,0.0458806802928674,"gamma_bin"
"gamma_bin_7.50_1.36","vary_sd",1.36,-0.6,FALSE,219,1.37055796530381,1.50153043169726,0.0930131113756341,0.73,0.185070930208283,0.130972466393451,"gamma_bin"
"gamma_bin_7.50_1.36","vary_sd",1.36,-0.6,FALSE,220,1.1217671045533,1.16064351804849,0.0854627846917126,0.88,0.15621473354512,0.0388764134951909,"gamma_bin"
"gamma_bin_7.50_1.36","vary_sd",1.36,-0.6,FALSE,221,1.82148085595811,1.77136973941871,0.103933434949722,0.93,0.186728898020091,-0.0501111165394019,"gamma_bin"
"gamma_bin_7.50_1.36","vary_sd",1.36,-0.6,FALSE,222,1.47820728190538,1.40178481712599,0.0876654526096756,0.86,0.162506816342078,-0.076422464779389,"gamma_bin"
"gamma_bin_7.50_1.36","vary_sd",1.36,-0.6,FALSE,223,1.22912323671868,1.16522055719994,0.0766715991090975,0.86,0.147365198156396,-0.0639026795187392,"gamma_bin"
"gamma_bin_7.50_1.36","vary_sd",1.36,-0.6,FALSE,224,1.39166921706407,1.44987891223943,0.0904011569251298,0.89,0.16782279647054,0.0582096951753592,"gamma_bin"
"gamma_bin_7.50_1.36","vary_sd",1.36,-0.6,FALSE,225,1.02692395020016,1.15934484694975,0.0854002629781817,0.64,0.151993042857434,0.132420896749591,"gamma_bin"
"gamma_bin_7.50_1.36","vary_sd",1.36,-0.6,FALSE,226,0.944469227223,1.06681027170787,0.0767591168480022,0.63,0.140979072754568,0.122341044484868,"gamma_bin"
"gamma_bin_7.50_1.36","vary_sd",1.36,-0.6,FALSE,227,0.882935394281871,0.899066333860296,0.0627714492589239,0.92,0.120943948574472,0.0161309395784248,"gamma_bin"
"gamma_bin_7.50_1.36","vary_sd",1.36,-0.6,FALSE,228,1.25451332375843,1.16054649038548,0.0612169597239476,0.68,0.129772592614781,-0.0939668333729506,"gamma_bin"
"gamma_bin_7.50_1.36","vary_sd",1.36,-0.6,FALSE,229,1.46482234027448,1.31194848508535,0.0705250839648898,0.48,0.135206673149074,-0.152873855189132,"gamma_bin"
"gamma_bin_7.50_1.36","vary_sd",1.36,-0.6,FALSE,230,1.51066180760486,1.3658932981064,0.0736224440824441,0.52,0.139025174167271,-0.144768509498455,"gamma_bin"
"gamma_bin_7.50_1.36","vary_sd",1.36,-0.6,FALSE,231,1.76123960010775,1.68541786079606,0.0904039598813671,0.78,0.157674972098253,-0.0758217393116913,"gamma_bin"
"gamma_bin_7.50_1.36","vary_sd",1.36,-0.6,FALSE,232,1.40610248726795,1.46274996468012,0.0700303667115526,0.89,0.151094161239811,0.056647477412169,"gamma_bin"
"gamma_bin_7.50_1.36","vary_sd",1.36,-0.6,FALSE,233,1.50839208568838,1.72567098521801,0.0861109645060077,0.29,0.167339136022164,0.217278899529632,"gamma_bin"
"gamma_bin_7.50_1.36","vary_sd",1.36,-0.6,FALSE,234,2.14809922234943,2.52379900935223,0.111171618557639,0.06,0.198378444004099,0.375699787002802,"gamma_bin"
"gamma_bin_7.50_1.36","vary_sd",1.36,-0.6,FALSE,235,1.77316147702833,2.00878656917989,0.098443457214203,0.21,0.166374797546562,0.235625092151556,"gamma_bin"
"gamma_bin_7.50_1.36","vary_sd",1.36,-0.6,FALSE,236,1.73482506410384,1.80085617345099,0.0895203465645735,0.84,0.146796115310592,0.0660311093471533,"gamma_bin"
"gamma_bin_7.50_1.36","vary_sd",1.36,-0.6,FALSE,237,1.62267353351007,1.63923518102848,0.0688112560291337,0.93,0.132508348371673,0.0165616475184089,"gamma_bin"
"gamma_bin_7.50_1.36","vary_sd",1.36,-0.6,FALSE,238,1.18124992154851,1.22597106532094,0.0601190677616733,0.83,0.110908284549312,0.0447211437724317,"gamma_bin"
"gamma_bin_7.50_1.36","vary_sd",1.36,-0.6,FALSE,239,1.18465305674865,1.26246116228434,0.063092637375788,0.68,0.109643533492809,0.0778081055356872,"gamma_bin"
"gamma_bin_7.50_1.36","vary_sd",1.36,-0.6,FALSE,240,1.4168407618799,1.47636325528414,0.0628707706032037,0.81,0.113059781013539,0.0595224934042355,"gamma_bin"
"gamma_bin_7.50_1.36","vary_sd",1.36,-0.6,FALSE,241,1.25636383468336,1.21151698834093,0.0488944453422636,0.9,0.0965122118778759,-0.0448468463424314,"gamma_bin"
"gamma_bin_7.50_1.36","vary_sd",1.36,-0.6,FALSE,242,1.12127216596798,1.03434676704972,0.0441066809956563,0.49,0.0855244684399424,-0.0869253989182601,"gamma_bin"
"gamma_bin_7.50_1.36","vary_sd",1.36,-0.6,FALSE,243,1.35468577162437,1.25082327114561,0.0553229164928272,0.42,0.0925853083953452,-0.103862500478764,"gamma_bin"
"gamma_bin_7.50_1.36","vary_sd",1.36,-0.6,FALSE,244,1.01073025572083,0.980372386010415,0.0411239910936756,0.9,0.082475723751625,-0.0303578697104149,"gamma_bin"
"gamma_bin_7.50_1.36","vary_sd",1.36,-0.6,FALSE,245,1.09869262296579,1.11527114882563,0.0421517448878308,0.96,0.0890879844340129,0.0165785258598352,"gamma_bin"
"gamma_bin_7.50_1.36","vary_sd",1.36,-0.6,FALSE,246,1.01867243248783,1.04413103923415,0.0413123962793785,0.94,0.085622336455815,0.0254586067463178,"gamma_bin"
"gamma_bin_7.50_1.36","vary_sd",1.36,-0.6,FALSE,247,0.933300548697082,0.93561567334838,0.0419729212978825,0.95,0.0792999231947032,0.00231512465129846,"gamma_bin"
"gamma_bin_7.50_1.36","vary_sd",1.36,-0.6,FALSE,248,1.07521131224965,1.05643936473252,0.0421045720456634,0.93,0.0827753081453903,-0.0187719475171324,"gamma_bin"
"gamma_bin_7.50_1.36","vary_sd",1.36,-0.6,FALSE,249,1.30368079751671,1.25815768273648,0.0461891005602964,0.85,0.0893221922189209,-0.0455231147802255,"gamma_bin"
"gamma_bin_7.50_1.36","vary_sd",1.36,-0.6,FALSE,250,1.41725036624756,1.36660870127979,0.05161715839694,0.8,0.092736295759624,-0.0506416649677746,"gamma_bin"
"gamma_bin_7.50_1.36","vary_sd",1.36,-0.6,FALSE,251,1.14473843834061,1.1132221098189,0.0433415109951134,0.86,0.0842360764319806,-0.0315163285217117,"gamma_bin"
"gamma_bin_7.50_1.36","vary_sd",1.36,-0.6,FALSE,252,1.28957905264017,1.31299196515317,0.0497017491799435,0.91,0.0924696884765586,0.0234129125130034,"gamma_bin"
"gamma_bin_7.50_1.36","vary_sd",1.36,-0.6,FALSE,253,1.41164181175606,1.50351457207739,0.043035213359721,0.52,0.0998403013379132,0.0918727603213294,"gamma_bin"
"gamma_bin_7.50_2.04","vary_sd",2.04,-0.4,FALSE,15,1.02510010675531,0.991698149179073,0.0222242304205883,0.86,0.0538695793113588,-0.0334019575762368,"gamma_bin"
"gamma_bin_7.50_2.04","vary_sd",2.04,-0.4,FALSE,16,1.25252014867933,1.23806534567494,0.0276624361782675,0.94,0.0591056435702274,-0.0144548030043945,"gamma_bin"
"gamma_bin_7.50_2.04","vary_sd",2.04,-0.4,FALSE,17,1.21525733695915,1.20115776623963,0.0302213725453915,0.91,0.0571603541348156,-0.0140995707195197,"gamma_bin"
"gamma_bin_7.50_2.04","vary_sd",2.04,-0.4,FALSE,18,0.979230198394809,0.951763260637144,0.0238246567369273,0.83,0.0498705347318477,-0.0274669377576647,"gamma_bin"
"gamma_bin_7.50_2.04","vary_sd",2.04,-0.4,FALSE,19,1.02544833790337,0.992726666629121,0.0281868585646045,0.67,0.0502077726333287,-0.0327216712742487,"gamma_bin"
"gamma_bin_7.50_2.04","vary_sd",2.04,-0.4,FALSE,20,1.03933643277786,1.01573277770497,0.021007997197477,0.89,0.0505494860227852,-0.0236036550728911,"gamma_bin"
"gamma_bin_7.50_2.04","vary_sd",2.04,-0.4,FALSE,21,1.31704644033967,1.29475384878795,0.0286105540283862,0.89,0.057038571425159,-0.0222925915517227,"gamma_bin"
"gamma_bin_7.50_2.04","vary_sd",2.04,-0.4,FALSE,22,1.01626238281987,1.00096639197587,0.0263238555824792,0.89,0.050077732621226,-0.0152959908439951,"gamma_bin"
"gamma_bin_7.50_2.04","vary_sd",2.04,-0.4,FALSE,23,0.750219977978433,0.747553341124261,0.0190702890891581,0.98,0.0432151883456648,-0.00266663685417223,"gamma_bin"
"gamma_bin_7.50_2.04","vary_sd",2.04,-0.4,FALSE,24,0.68680573053247,0.693016740052766,0.0218145752583659,0.95,0.0415841469653102,0.00621100952029574,"gamma_bin"
"gamma_bin_7.50_2.04","vary_sd",2.04,-0.4,FALSE,25,1.09137562864791,1.09935826422433,0.026152115001956,0.94,0.0521993770880321,0.00798263557642209,"gamma_bin"
"gamma_bin_7.50_2.04","vary_sd",2.04,-0.4,FALSE,26,0.741057834922739,0.731333204723535,0.0230854996490026,0.89,0.0422493935065366,-0.00972463019920367,"gamma_bin"
"gamma_bin_7.50_2.04","vary_sd",2.04,-0.4,FALSE,27,0.768534353981288,0.737367181797963,0.0212341835799257,0.71,0.0422562232237584,-0.0311671721833248,"gamma_bin"
"gamma_bin_7.50_2.04","vary_sd",2.04,-0.4,FALSE,28,0.752768210408917,0.719553033639209,0.0237085782574916,0.65,0.0421248903734538,-0.0332151767697083,"gamma_bin"
"gamma_bin_7.50_2.04","vary_sd",2.04,-0.4,FALSE,29,0.700189279957523,0.682547172025924,0.0190147093265196,0.91,0.0418823976197459,-0.0176421079315988,"gamma_bin"
"gamma_bin_7.50_2.04","vary_sd",2.04,-0.4,FALSE,30,0.555240242382622,0.546898157517914,0.020485550850651,0.91,0.0383315757669089,-0.00834208486470822,"gamma_bin"
"gamma_bin_7.50_2.04","vary_sd",2.04,-0.4,FALSE,31,0.584450640057208,0.580133397237031,0.020245593651557,0.96,0.0402417504602654,-0.00431724282017709,"gamma_bin"
"gamma_bin_7.50_2.04","vary_sd",2.04,-0.4,FALSE,32,0.680297862250013,0.666517573400369,0.020486092232892,0.93,0.0439440300932676,-0.0137802888496443,"gamma_bin"
"gamma_bin_7.50_2.04","vary_sd",2.04,-0.4,FALSE,33,0.95896579009836,0.934574752448355,0.0262711223274079,0.91,0.0531954354204701,-0.0243910376500051,"gamma_bin"
"gamma_bin_7.50_2.04","vary_sd",2.04,-0.4,FALSE,34,1.26713544933213,1.23140548540235,0.0324667148701463,0.8,0.0628281136338466,-0.0357299639297775,"gamma_bin"
"gamma_bin_7.50_2.04","vary_sd",2.04,-0.4,FALSE,35,1.32835487275134,1.31395632764974,0.0342873842972964,0.94,0.0672771261503863,-0.0143985451016004,"gamma_bin"
"gamma_bin_7.50_2.04","vary_sd",2.04,-0.4,FALSE,36,0.820532179912435,0.855184169248195,0.0280562931606337,0.8,0.0564147406340011,0.0346519893357601,"gamma_bin"
"gamma_bin_7.50_2.04","vary_sd",2.04,-0.4,FALSE,37,0.605066948223753,0.667213797866709,0.0293008816163494,0.36,0.0512332348604725,0.0621468496429556,"gamma_bin"
"gamma_bin_7.50_2.04","vary_sd",2.04,-0.4,FALSE,38,0.480613317476216,0.540825359707426,0.0233118630060508,0.21,0.0461551383337435,0.0602120422312103,"gamma_bin"
"gamma_bin_7.50_2.04","vary_sd",2.04,-0.4,FALSE,39,0.729684595490469,0.785574886660773,0.030451194607006,0.47,0.0540843833925208,0.0558902911703043,"gamma_bin"
"gamma_bin_7.50_2.04","vary_sd",2.04,-0.4,FALSE,40,0.815117093248404,0.802627566640709,0.0286790097142298,0.93,0.0527800174757663,-0.0124895266076946,"gamma_bin"
"gamma_bin_7.50_2.04","vary_sd",2.04,-0.4,FALSE,41,0.615435524003123,0.561825488505442,0.0219182373130252,0.33,0.0435090998399329,-0.0536100354976814,"gamma_bin"
"gamma_bin_7.50_2.04","vary_sd",2.04,-0.4,FALSE,42,0.771681049543453,0.693788006611877,0.0227410557107422,0.15,0.0492732577260271,-0.0778930429315756,"gamma_bin"
"gamma_bin_7.50_2.04","vary_sd",2.04,-0.4,FALSE,43,0.638637642797715,0.598052243776487,0.0270373148632686,0.61,0.0479270630400915,-0.0405853990212277,"gamma_bin"
"gamma_bin_7.50_2.04","vary_sd",2.04,-0.4,FALSE,44,0.502607638572081,0.503974025818662,0.0260583844661157,0.93,0.0464370672169001,0.00136638724658111,"gamma_bin"
"gamma_bin_7.50_2.04","vary_sd",2.04,-0.4,FALSE,45,0.419348773276434,0.4366859339869,0.0209875837108685,0.92,0.0450896868283804,0.0173371607104656,"gamma_bin"
"gamma_bin_7.50_2.04","vary_sd",2.04,-0.4,FALSE,46,0.532523289397014,0.551806555640484,0.0267337661967437,0.92,0.0520195282962804,0.0192832662434702,"gamma_bin"
"gamma_bin_7.50_2.04","vary_sd",2.04,-0.4,FALSE,47,0.748164536979726,0.754533441285177,0.0276321870206515,0.98,0.0619754954633508,0.0063689043054509,"gamma_bin"
"gamma_bin_7.50_2.04","vary_sd",2.04,-0.4,FALSE,48,0.699597036363356,0.680986522204335,0.0283049421888075,0.91,0.060247358097447,-0.018610514159021,"gamma_bin"
"gamma_bin_7.50_2.04","vary_sd",2.04,-0.4,FALSE,49,0.840634610500807,0.822944557493916,0.0320749798672779,0.93,0.068680099347293,-0.017690053006891,"gamma_bin"
"gamma_bin_7.50_2.04","vary_sd",2.04,-0.4,FALSE,50,0.605572567510499,0.610963743312381,0.027864966310641,0.97,0.0621811089561471,0.00539117580188242,"gamma_bin"
"gamma_bin_7.50_2.04","vary_sd",2.04,-0.4,FALSE,51,0.551154795645625,0.579818728227808,0.0302350846516806,0.84,0.0637288390095306,0.0286639325821829,"gamma_bin"
"gamma_bin_7.50_2.04","vary_sd",2.04,-0.4,FALSE,52,0.382419782215341,0.410792111587223,0.0309665376565407,0.79,0.0555884460324963,0.0283723293718821,"gamma_bin"
"gamma_bin_7.50_2.04","vary_sd",2.04,-0.4,FALSE,53,0.67605453850849,0.713974897268428,0.0392809790045875,0.8,0.0744314586249994,0.0379203587599382,"gamma_bin"
"gamma_bin_7.50_2.04","vary_sd",2.04,-0.4,FALSE,54,0.67389745281474,0.689153990032581,0.0376794569727879,0.93,0.0734900131170069,0.0152565372178415,"gamma_bin"
"gamma_bin_7.50_2.04","vary_sd",2.04,-0.4,FALSE,55,0.928654307802489,0.902783267312239,0.0443106914068117,0.9,0.0850981127307618,-0.02587104049025,"gamma_bin"
"gamma_bin_7.50_2.04","vary_sd",2.04,-0.4,FALSE,56,0.750444909156983,0.725163760269221,0.0429754956995718,0.87,0.0785975277102639,-0.025281148887762,"gamma_bin"
"gamma_bin_7.50_2.04","vary_sd",2.04,-0.4,FALSE,57,0.713559496047443,0.70529535612522,0.0420368241304768,0.97,0.0812604620096648,-0.0082641399222233,"gamma_bin"
"gamma_bin_7.50_2.04","vary_sd",2.04,-0.4,FALSE,58,0.492127182876667,0.517722741282273,0.0394174420678061,0.88,0.0731043147350203,0.0255955584056063,"gamma_bin"
"gamma_bin_7.50_2.04","vary_sd",2.04,-0.4,FALSE,59,0.488121905081673,0.527841949844198,0.0392111687523446,0.81,0.0762129735585969,0.0397200447625245,"gamma_bin"
"gamma_bin_7.50_2.04","vary_sd",2.04,-0.4,FALSE,60,0.671861168143052,0.714741810071007,0.0431335683279887,0.84,0.0895033895699562,0.0428806419279546,"gamma_bin"
"gamma_bin_7.50_2.04","vary_sd",2.04,-0.4,FALSE,61,0.791762464983911,0.793931986245346,0.0468846247305479,0.96,0.0943180703503693,0.00216952126143488,"gamma_bin"
"gamma_bin_7.50_2.04","vary_sd",2.04,-0.4,FALSE,62,0.652922492639065,0.624912650263684,0.0445715679774299,0.88,0.0844873072378271,-0.028009842375381,"gamma_bin"
"gamma_bin_7.50_2.04","vary_sd",2.04,-0.4,FALSE,63,0.613891069127135,0.588380966785446,0.0403500997843602,0.92,0.084473185682752,-0.0255101023416885,"gamma_bin"
"gamma_bin_7.50_2.04","vary_sd",2.04,-0.4,FALSE,64,0.747174650317661,0.742799548149893,0.0493665351044918,0.93,0.0993308908724819,-0.00437510216776771,"gamma_bin"
"gamma_bin_7.50_2.04","vary_sd",2.04,-0.4,FALSE,65,0.706701130088712,0.729929471375313,0.0547952993964633,0.93,0.103049104357556,0.0232283412866012,"gamma_bin"
"gamma_bin_7.50_2.04","vary_sd",2.04,-0.4,FALSE,66,0.51187393654748,0.541319870026526,0.045799757478884,0.9,0.0916464091191778,0.0294459334790458,"gamma_bin"
"gamma_bin_7.50_2.04","vary_sd",2.04,-0.4,FALSE,67,0.670601402325688,0.690410127455886,0.0533838044522731,0.94,0.105617457852791,0.0198087251301976,"gamma_bin"
"gamma_bin_7.50_2.04","vary_sd",2.04,-0.4,FALSE,68,1.17253163081397,1.19374068213523,0.0772581842280734,0.9,0.14129738137939,0.0212090513212602,"gamma_bin"
"gamma_bin_7.50_2.04","vary_sd",2.04,-0.4,FALSE,69,1.09882955126721,1.09374263976517,0.0809426753573465,0.9,0.137838338039917,-0.00508691150203533,"gamma_bin"
"gamma_bin_7.50_2.04","vary_sd",2.04,-0.4,FALSE,70,0.864010024055233,0.86485329903024,0.064998260695945,0.93,0.125469527603457,0.000843274975007136,"gamma_bin"
"gamma_bin_7.50_2.04","vary_sd",2.04,-0.4,FALSE,71,0.715098113998147,0.741045981663882,0.0652881337455164,0.89,0.119313819244327,0.0259478676657351,"gamma_bin"
"gamma_bin_7.50_2.04","vary_sd",2.04,-0.4,FALSE,72,0.5778146754347,0.630547035918311,0.0578684935296253,0.84,0.112353164422586,0.0527323604836109,"gamma_bin"
"gamma_bin_7.50_2.04","vary_sd",2.04,-0.4,FALSE,73,0.968098548670386,1.04154807035622,0.0659934110583799,0.84,0.144489978809424,0.0734495216858343,"gamma_bin"
"gamma_bin_7.50_2.04","vary_sd",2.04,-0.4,FALSE,74,0.655349167508219,0.667948614138709,0.0590372458479243,0.91,0.113861581435609,0.0125994466304898,"gamma_bin"
"gamma_bin_7.50_2.04","vary_sd",2.04,-0.4,FALSE,75,0.59977224361632,0.578562599649749,0.0531093969205606,0.93,0.104788965902611,-0.0212096439665705,"gamma_bin"
"gamma_bin_7.50_2.04","vary_sd",2.04,-0.4,FALSE,76,0.795810456805532,0.75803899095203,0.0601062151289638,0.93,0.120991441328473,-0.0377714658535017,"gamma_bin"
"gamma_bin_7.50_2.04","vary_sd",2.04,-0.4,FALSE,77,0.873668877519834,0.836329926031822,0.0661413791868368,0.91,0.130496426275489,-0.0373389514880125,"gamma_bin"
"gamma_bin_7.50_2.04","vary_sd",2.04,-0.4,FALSE,78,0.655524310026793,0.645161751940961,0.0682625851405556,0.94,0.11837688806123,-0.0103625580858318,"gamma_bin"
"gamma_bin_7.50_2.04","vary_sd",2.04,-0.4,FALSE,79,0.810623636163075,0.819386569432828,0.0729485895220405,0.95,0.137699524963029,0.00876293326975341,"gamma_bin"
"gamma_bin_7.50_2.04","vary_sd",2.04,-0.4,FALSE,80,0.610456557383718,0.61959486321596,0.0554566059612634,0.97,0.123247790074407,0.00913830583224173,"gamma_bin"
"gamma_bin_7.50_2.04","vary_sd",2.04,-0.4,FALSE,81,0.859858611274139,0.886801072081136,0.0791341774630936,0.89,0.15085575230453,0.0269424608069971,"gamma_bin"
"gamma_bin_7.50_2.04","vary_sd",2.04,-0.4,FALSE,82,0.71793472208637,0.736438354168964,0.0683992494774733,0.96,0.139616916505102,0.0185036320825935,"gamma_bin"
"gamma_bin_7.50_2.04","vary_sd",2.04,-0.4,FALSE,83,0.992203959261976,0.996538046257222,0.0819204324451042,0.95,0.164534682885429,0.00433408699524629,"gamma_bin"
"gamma_bin_7.50_2.04","vary_sd",2.04,-0.4,FALSE,84,1.12541562776308,1.12071875310433,0.0958005168633262,0.96,0.177186616837486,-0.00469687465874769,"gamma_bin"
"gamma_bin_7.50_2.04","vary_sd",2.04,-0.4,FALSE,85,0.719081428835968,0.732508855804591,0.0823002290286434,0.93,0.145994454465783,0.0134274269686231,"gamma_bin"
"gamma_bin_7.50_2.04","vary_sd",2.04,-0.4,FALSE,86,0.84752493125734,0.881259396187138,0.078140067305368,0.96,0.163379358612168,0.0337344649297976,"gamma_bin"
"gamma_bin_7.50_2.04","vary_sd",2.04,-0.4,FALSE,87,0.855021916180829,0.897044819626306,0.0869535814592269,0.9,0.16697007237711,0.0420229034454767,"gamma_bin"
"gamma_bin_7.50_2.04","vary_sd",2.04,-0.4,FALSE,88,1.05231211723794,1.10279778233242,0.0936596312997906,0.93,0.185438206472036,0.0504856650944763,"gamma_bin"
"gamma_bin_7.50_2.04","vary_sd",2.04,-0.4,FALSE,89,0.736245763604483,0.748684446150747,0.0822708987049016,0.95,0.151866856011707,0.0124386825462639,"gamma_bin"
"gamma_bin_7.50_2.04","vary_sd",2.04,-0.4,FALSE,90,0.910435800275709,0.918031420085053,0.0850828667905266,0.96,0.16791839145566,0.00759561980934353,"gamma_bin"
"gamma_bin_7.50_2.04","vary_sd",2.04,-0.4,FALSE,91,0.875373992276142,0.878379662238473,0.0854651495829189,0.94,0.165333922978525,0.00300566996233076,"gamma_bin"
"gamma_bin_7.50_2.04","vary_sd",2.04,-0.4,FALSE,92,1.13308580158326,1.11832805280241,0.0908217095481745,0.95,0.18877482541342,-0.0147577487808475,"gamma_bin"
"gamma_bin_7.50_2.04","vary_sd",2.04,-0.4,FALSE,93,0.779622317935819,0.790365120897916,0.0848743995331941,0.93,0.160270178961752,0.0107428029620971,"gamma_bin"
"gamma_bin_7.50_2.04","vary_sd",2.04,-0.4,FALSE,94,0.738590807925372,0.738389456031572,0.0815447593966453,0.95,0.156234678578217,-0.000201351893799773,"gamma_bin"
"gamma_bin_7.50_2.04","vary_sd",2.04,-0.4,FALSE,95,0.736386067431423,0.758992677413751,0.0889166756223873,0.93,0.159685289735857,0.0226066099823281,"gamma_bin"
"gamma_bin_7.50_2.04","vary_sd",2.04,-0.4,FALSE,96,0.940470991453404,0.960803876898708,0.0938479559806548,0.95,0.180551415682804,0.0203328854453037,"gamma_bin"
"gamma_bin_7.50_2.04","vary_sd",2.04,-0.4,FALSE,97,0.92681020267862,0.931804075501629,0.0875338618794165,0.95,0.178203844095687,0.004993872823009,"gamma_bin"
"gamma_bin_7.50_2.04","vary_sd",2.04,-0.4,FALSE,98,0.805264800704658,0.797016868416163,0.0811322213598349,0.94,0.165785527249252,-0.00824793228849496,"gamma_bin"
"gamma_bin_7.50_2.04","vary_sd",2.04,-0.4,FALSE,99,0.96897608307621,0.974151381212167,0.102348688152706,0.95,0.186066779605185,0.00517529813595685,"gamma_bin"
"gamma_bin_7.50_2.04","vary_sd",2.04,-0.4,FALSE,100,0.483332995262756,0.492211846105436,0.0687896623212474,0.95,0.135047245696075,0.00887885084267986,"gamma_bin"
"gamma_bin_7.50_2.04","vary_sd",2.04,-0.4,FALSE,101,0.66077716283239,0.688377220283315,0.0871262139836495,0.93,0.162459751876399,0.0276000574509249,"gamma_bin"
"gamma_bin_7.50_2.04","vary_sd",2.04,-0.4,FALSE,102,0.655745239910364,0.666942510876584,0.074460144006697,0.97,0.161164859781707,0.0111972709662196,"gamma_bin"
"gamma_bin_7.50_2.04","vary_sd",2.04,-0.4,FALSE,103,1.19599908198214,1.17643929988793,0.100906897367488,0.98,0.215025274059308,-0.0195597820942133,"gamma_bin"
"gamma_bin_7.50_2.04","vary_sd",2.04,-0.4,FALSE,104,1.52020654998133,1.45674295866566,0.121723871583143,0.88,0.241524252159215,-0.0634635913156716,"gamma_bin"
"gamma_bin_7.50_2.04","vary_sd",2.04,-0.4,FALSE,105,1.10303826313934,1.07483617883448,0.112181859441691,0.91,0.212211665360744,-0.0282020843048618,"gamma_bin"
"gamma_bin_7.50_2.04","vary_sd",2.04,-0.4,FALSE,106,0.895258886773757,0.923729184995661,0.103794968605703,0.93,0.203529913527765,0.0284702982219042,"gamma_bin"
"gamma_bin_7.50_2.04","vary_sd",2.04,-0.4,FALSE,107,0.603016892421566,0.661177584734062,0.0883451521837783,0.88,0.176732221579522,0.0581606923124959,"gamma_bin"
"gamma_bin_7.50_2.04","vary_sd",2.04,-0.4,FALSE,108,1.07762321196894,1.20499647304131,0.127916087871461,0.82,0.237652840129159,0.127373261072367,"gamma_bin"
"gamma_bin_7.50_2.04","vary_sd",2.04,-0.4,FALSE,109,1.67936751135944,1.7812522911509,0.172370558412932,0.81,0.279266004637181,0.101884779791459,"gamma_bin"
"gamma_bin_7.50_2.04","vary_sd",2.04,-0.4,FALSE,110,0.778512854791425,0.771471754514755,0.0856867454908196,0.95,0.177358249048216,-0.00704110027666949,"gamma_bin"
"gamma_bin_7.50_2.04","vary_sd",2.04,-0.4,FALSE,111,0.992005341124613,0.934345422879561,0.0949992028272592,0.92,0.192697343654938,-0.0576599182450516,"gamma_bin"
"gamma_bin_7.50_2.04","vary_sd",2.04,-0.4,FALSE,112,1.07688074493023,1.06171680657015,0.11491897008025,0.92,0.207583770111382,-0.0151639383600828,"gamma_bin"
"gamma_bin_7.50_2.04","vary_sd",2.04,-0.4,FALSE,113,0.702400819858529,0.732713658552061,0.0881756428653731,0.94,0.174313593232425,0.0303128386935317,"gamma_bin"
"gamma_bin_7.50_2.04","vary_sd",2.04,-0.4,FALSE,114,0.976066509197994,0.994806003909246,0.111855293587739,0.92,0.202002612495684,0.0187394947112522,"gamma_bin"
"gamma_bin_7.50_2.04","vary_sd",2.04,-0.4,FALSE,115,1.23867756628513,1.22086191262596,0.118145387398902,0.91,0.22073307632471,-0.0178156536591649,"gamma_bin"
"gamma_bin_7.50_2.04","vary_sd",2.04,-0.4,FALSE,116,1.16180338965973,1.1285873994557,0.103199087024258,0.95,0.21092527431755,-0.0332159902040294,"gamma_bin"
"gamma_bin_7.50_2.04","vary_sd",2.04,-0.4,FALSE,117,1.19462029108814,1.15946739258711,0.113555866246224,0.93,0.214980664288069,-0.0351528985010343,"gamma_bin"
"gamma_bin_7.50_2.04","vary_sd",2.04,-0.4,FALSE,118,1.16321995780671,1.15850617411043,0.112856468235498,0.96,0.217846674696625,-0.00471378369628228,"gamma_bin"
"gamma_bin_7.50_2.04","vary_sd",2.04,-0.4,FALSE,119,1.07032628214879,1.1152847410621,0.103578241855219,0.92,0.2158498884772,0.0449584589133147,"gamma_bin"
"gamma_bin_7.50_2.04","vary_sd",2.04,-0.4,FALSE,120,0.877757633134012,0.919271938422047,0.0877170043899973,0.94,0.195136132425883,0.0415143052880351,"gamma_bin"
"gamma_bin_7.50_2.04","vary_sd",2.04,-0.4,FALSE,121,1.36755731263547,1.41970079804401,0.122592613542418,0.92,0.238154648008395,0.052143485408541,"gamma_bin"
"gamma_bin_7.50_2.04","vary_sd",2.04,-0.4,FALSE,122,0.835796444244159,0.853826648607049,0.0901958035536142,0.96,0.180752855622553,0.0180302043628904,"gamma_bin"
"gamma_bin_7.50_2.04","vary_sd",2.04,-0.4,FALSE,123,1.26724551805682,1.24347759984625,0.0993313360834659,0.98,0.214615339186208,-0.0237679182105719,"gamma_bin"
"gamma_bin_7.50_2.04","vary_sd",2.04,-0.4,FALSE,124,0.969129898643769,0.953535840440547,0.08419424720653,0.97,0.186678344517878,-0.0155940582032225,"gamma_bin"
"gamma_bin_7.50_2.04","vary_sd",2.04,-0.4,FALSE,125,0.847338782890042,0.845854639750657,0.0782528162965559,0.99,0.175878683561089,-0.00148414313938472,"gamma_bin"
"gamma_bin_7.50_2.04","vary_sd",2.04,-0.4,FALSE,126,0.715564882412269,0.726367573842414,0.0786648191385839,0.95,0.162924241999694,0.0108026914301453,"gamma_bin"
"gamma_bin_7.50_2.04","vary_sd",2.04,-0.4,FALSE,127,0.94782383341486,0.948614391420566,0.0945217423687834,0.94,0.185643942350774,0.000790558005706155,"gamma_bin"
"gamma_bin_7.50_2.04","vary_sd",2.04,-0.4,FALSE,128,0.685081694959754,0.675911534568185,0.0725211264405948,0.96,0.156090639079066,-0.00917016039156926,"gamma_bin"
"gamma_bin_7.50_2.04","vary_sd",2.04,-0.4,FALSE,129,0.940719567434955,0.909376697499192,0.0944662130105146,0.92,0.181071434776772,-0.0313428699357632,"gamma_bin"
"gamma_bin_7.50_2.04","vary_sd",2.04,-0.4,FALSE,130,0.882735861931285,0.8436540884974,0.0866292261064419,0.94,0.176099652396761,-0.0390817734338854,"gamma_bin"
"gamma_bin_7.50_2.04","vary_sd",2.04,-0.4,FALSE,131,0.908592867608554,0.895463829914664,0.101259071590727,0.94,0.185066445360012,-0.0131290376938898,"gamma_bin"
"gamma_bin_7.50_2.04","vary_sd",2.04,-0.4,FALSE,132,0.919571358645804,0.897298225714043,0.0925710781945277,0.93,0.189626090507188,-0.0222731329317608,"gamma_bin"
"gamma_bin_7.50_2.04","vary_sd",2.04,-0.4,FALSE,133,0.772870216905444,0.775168397722147,0.0984355089752108,0.96,0.179960663757635,0.00229818081670263,"gamma_bin"
"gamma_bin_7.50_2.04","vary_sd",2.04,-0.4,FALSE,134,0.850110615604727,0.863473759788785,0.0845516281814094,0.99,0.19283205075794,0.0133631441840583,"gamma_bin"
"gamma_bin_7.50_2.04","vary_sd",2.04,-0.4,FALSE,135,0.784750966748685,0.79886960025339,0.106185419522949,0.91,0.186428304609848,0.0141186335047053,"gamma_bin"
"gamma_bin_7.50_2.04","vary_sd",2.04,-0.4,FALSE,136,0.974669466757976,0.992186990119122,0.104757853960754,0.96,0.20837938957197,0.0175175233611459,"gamma_bin"
"gamma_bin_7.50_2.04","vary_sd",2.04,-0.4,FALSE,137,0.984151011066472,0.979680982860668,0.116828419881549,0.94,0.207975022936772,-0.00447002820580433,"gamma_bin"
"gamma_bin_7.50_2.04","vary_sd",2.04,-0.4,FALSE,138,1.1907508581573,1.16982719272087,0.11248795862954,0.97,0.229584598834061,-0.0209236654364273,"gamma_bin"
"gamma_bin_7.50_2.04","vary_sd",2.04,-0.4,FALSE,139,1.38368582408824,1.37579513886171,0.12592964887694,0.94,0.252922472150414,-0.00789068522652725,"gamma_bin"
"gamma_bin_7.50_2.04","vary_sd",2.04,-0.4,FALSE,140,0.815817246340058,0.847272080315835,0.104518320321754,0.93,0.201433657705246,0.0314548339757774,"gamma_bin"
"gamma_bin_7.50_2.04","vary_sd",2.04,-0.4,FALSE,141,0.948708845408202,1.00684189977822,0.116695454813392,0.93,0.221200450202441,0.0581330543700147,"gamma_bin"
"gamma_bin_7.50_2.04","vary_sd",2.04,-0.4,FALSE,142,0.887913521021147,0.955426274784313,0.120311406196441,0.89,0.214124329553975,0.0675127537631656,"gamma_bin"
"gamma_bin_7.50_2.04","vary_sd",2.04,-0.4,FALSE,143,1.33195215209727,1.35621701078052,0.138020264818147,0.9,0.250316218305748,0.0242648586832497,"gamma_bin"
"gamma_bin_7.50_2.04","vary_sd",2.04,-0.4,FALSE,144,1.33130915175386,1.33534767651017,0.138018656177675,0.92,0.24303267935331,0.0040385247563115,"gamma_bin"
"gamma_bin_7.50_2.04","vary_sd",2.04,-0.4,FALSE,145,1.36040954450305,1.32384728545279,0.115572032192191,0.95,0.239480473656822,-0.0365622590502623,"gamma_bin"
"gamma_bin_7.50_2.04","vary_sd",2.04,-0.4,FALSE,146,1.03071516120352,1.01573359151867,0.104781400534447,0.95,0.210257200499168,-0.0149815696848528,"gamma_bin"
"gamma_bin_7.50_2.04","vary_sd",2.04,-0.4,FALSE,147,1.01542687773298,1.05133433806107,0.103940470829926,0.95,0.215225713315744,0.0359074603280856,"gamma_bin"
"gamma_bin_7.50_2.04","vary_sd",2.04,-0.4,FALSE,148,0.918038272830281,0.96208309257725,0.0991087021393013,0.95,0.204743794013377,0.0440448197469691,"gamma_bin"
"gamma_bin_7.50_2.04","vary_sd",2.04,-0.4,FALSE,149,0.795403147880171,0.825288821107282,0.0951400816195286,0.96,0.185680632282764,0.0298856732271113,"gamma_bin"
"gamma_bin_7.50_2.04","vary_sd",2.04,-0.4,FALSE,150,0.947076494147123,0.941793601166154,0.0927349780028541,0.95,0.193033139281255,-0.00528289298096873,"gamma_bin"
"gamma_bin_7.50_2.04","vary_sd",2.04,-0.4,FALSE,151,0.838902415667924,0.795391562001209,0.101504290835403,0.92,0.174301282819598,-0.0435108536667155,"gamma_bin"
"gamma_bin_7.50_2.04","vary_sd",2.04,-0.4,FALSE,152,1.10280245382765,1.03099193578019,0.108870063612031,0.89,0.198682653709139,-0.0718105180474649,"gamma_bin"
"gamma_bin_7.50_2.04","vary_sd",2.04,-0.4,FALSE,153,1.09815440539428,1.04804831346257,0.103235486703198,0.94,0.203289516692316,-0.0501060919317087,"gamma_bin"
"gamma_bin_7.50_2.04","vary_sd",2.04,-0.4,FALSE,154,0.933699509626363,0.927832180823755,0.110129358321425,0.93,0.195407520385505,-0.00586732880260754,"gamma_bin"
"gamma_bin_7.50_2.04","vary_sd",2.04,-0.4,FALSE,155,0.677259462566555,0.707095713231703,0.0907823263369109,0.94,0.174067056561664,0.0298362506651481,"gamma_bin"
"gamma_bin_7.50_2.04","vary_sd",2.04,-0.4,FALSE,156,0.794318325784725,0.81481352837505,0.105984226691697,0.9,0.188867774368955,0.0204952025903246,"gamma_bin"
"gamma_bin_7.50_2.04","vary_sd",2.04,-0.4,FALSE,157,0.863129045133472,0.881465410537652,0.105305647936576,0.93,0.196253443113784,0.0183363654041799,"gamma_bin"
"gamma_bin_7.50_2.04","vary_sd",2.04,-0.4,FALSE,158,1.2121292060572,1.22041014158737,0.131799397739209,0.93,0.229039159055301,0.0082809355301654,"gamma_bin"
"gamma_bin_7.50_2.04","vary_sd",2.04,-0.4,FALSE,159,1.02410099479473,0.985120444803582,0.0996721338025896,0.94,0.205240365431383,-0.0389805499911484,"gamma_bin"
"gamma_bin_7.50_2.04","vary_sd",2.04,-0.4,FALSE,160,0.905625417711481,0.877207079768665,0.0991023500440728,0.97,0.195624518731602,-0.0284183379428165,"gamma_bin"
"gamma_bin_7.50_2.04","vary_sd",2.04,-0.4,FALSE,161,0.911623484707899,0.92374178378291,0.107593718986916,0.94,0.20504951716068,0.0121182990750108,"gamma_bin"
"gamma_bin_7.50_2.04","vary_sd",2.04,-0.4,FALSE,162,0.854314364398061,0.899025153622824,0.118071041370154,0.91,0.205524836684441,0.044710789224763,"gamma_bin"
"gamma_bin_7.50_2.04","vary_sd",2.04,-0.4,FALSE,163,0.939538506142908,0.963260649825836,0.10626081240956,0.93,0.212979774154586,0.0237221436829282,"gamma_bin"
"gamma_bin_7.50_2.04","vary_sd",2.04,-0.4,FALSE,164,0.804264811038419,0.806688278579581,0.105664505012367,0.94,0.192954080310895,0.00242346754116207,"gamma_bin"
"gamma_bin_7.50_2.04","vary_sd",2.04,-0.4,FALSE,165,1.00142358506205,1.00620098852252,0.11169082366645,0.97,0.214250560519927,0.00477740346047484,"gamma_bin"
"gamma_bin_7.50_2.04","vary_sd",2.04,-0.4,FALSE,166,1.22258511650756,1.16079993596127,0.124138989906164,0.94,0.230462531059345,-0.0617851805462935,"gamma_bin"
"gamma_bin_7.50_2.04","vary_sd",2.04,-0.4,FALSE,167,0.797785743145654,0.785553189990076,0.0991989529991051,0.94,0.19180314162439,-0.0122325531555781,"gamma_bin"
"gamma_bin_7.50_2.04","vary_sd",2.04,-0.4,FALSE,168,1.1498418409574,1.16022697809276,0.110559907137816,0.96,0.236533983131393,0.0103851371353618,"gamma_bin"
"gamma_bin_7.50_2.04","vary_sd",2.04,-0.4,FALSE,169,0.760349335694062,0.778515887034036,0.103436294004232,0.95,0.196019985261865,0.0181665513399744,"gamma_bin"
"gamma_bin_7.50_2.04","vary_sd",2.04,-0.4,FALSE,170,1.37423882796411,1.42012449347845,0.136051643673839,0.94,0.265701391276291,0.0458856655143358,"gamma_bin"
"gamma_bin_7.50_2.04","vary_sd",2.04,-0.4,FALSE,171,0.879916177740953,0.903910307428398,0.0889447697634099,0.99,0.210890648592137,0.0239941296874449,"gamma_bin"
"gamma_bin_7.50_2.04","vary_sd",2.04,-0.4,FALSE,172,1.40469809778524,1.40567243528021,0.124878164297135,0.97,0.261156667929778,0.000974337494972222,"gamma_bin"
"gamma_bin_7.50_2.04","vary_sd",2.04,-0.4,FALSE,173,0.919193657171105,0.91771759286734,0.104338275359941,0.97,0.210319296553302,-0.00147606430376446,"gamma_bin"
"gamma_bin_7.50_2.04","vary_sd",2.04,-0.4,FALSE,174,0.923156528563282,0.93860400395851,0.105494314169587,0.95,0.212271307423663,0.0154474753952276,"gamma_bin"
"gamma_bin_7.50_2.04","vary_sd",2.04,-0.4,FALSE,175,1.03837120055872,1.08942875159755,0.113082558567284,0.94,0.227609984943677,0.0510575510388309,"gamma_bin"
"gamma_bin_7.50_2.04","vary_sd",2.04,-0.4,FALSE,176,0.998550191051843,0.99865068406819,0.108878611477929,0.97,0.215616426969248,0.000100493016347514,"gamma_bin"
"gamma_bin_7.50_2.04","vary_sd",2.04,-0.4,FALSE,177,1.0672490953256,1.04780242470557,0.107971564047701,0.98,0.218370530094237,-0.0194466706200334,"gamma_bin"
"gamma_bin_7.50_2.04","vary_sd",2.04,-0.4,FALSE,178,0.796488943635566,0.771844460660647,0.0842723480596524,0.96,0.186132656155643,-0.0246444829749189,"gamma_bin"
"gamma_bin_7.50_2.04","vary_sd",2.04,-0.4,FALSE,179,1.19853631620291,1.17964419090778,0.108495747183253,0.98,0.230698960792824,-0.0188921252951324,"gamma_bin"
"gamma_bin_7.50_2.04","vary_sd",2.04,-0.4,FALSE,180,1.18742234445089,1.18108112594571,0.107068898350853,0.96,0.232100288831671,-0.00634121850518188,"gamma_bin"
"gamma_bin_7.50_2.04","vary_sd",2.04,-0.4,FALSE,181,1.49419822100474,1.48507682603403,0.127208429555272,0.96,0.261492233508557,-0.0091213949707134,"gamma_bin"
"gamma_bin_7.50_2.04","vary_sd",2.04,-0.4,FALSE,182,1.51569971274724,1.52462409253562,0.146516948061848,0.91,0.265956248141489,0.00892437978838045,"gamma_bin"
"gamma_bin_7.50_2.04","vary_sd",2.04,-0.4,FALSE,183,0.993078083144793,1.03163661868602,0.125788461165005,0.9,0.21884639301173,0.0385585355412301,"gamma_bin"
"gamma_bin_7.50_2.04","vary_sd",2.04,-0.4,FALSE,184,0.900895179433443,0.957177472714263,0.113177055336254,0.91,0.209677448683677,0.05628229328082,"gamma_bin"
"gamma_bin_7.50_2.04","vary_sd",2.04,-0.4,FALSE,185,0.823216514722493,0.876846672769664,0.0983007918027552,0.91,0.196809826312506,0.0536301580471706,"gamma_bin"
"gamma_bin_7.50_2.04","vary_sd",2.04,-0.4,FALSE,186,1.22622352517845,1.27081680164349,0.101914020717758,0.97,0.229242518916268,0.0445932764650374,"gamma_bin"
"gamma_bin_7.50_2.04","vary_sd",2.04,-0.4,FALSE,187,0.917485344129662,0.901522676151961,0.091167546691531,0.98,0.186917608774854,-0.0159626679777006,"gamma_bin"
"gamma_bin_7.50_2.04","vary_sd",2.04,-0.4,FALSE,188,1.14600718978611,1.06352879290776,0.103978583823692,0.9,0.199944344976239,-0.0824783968783516,"gamma_bin"
"gamma_bin_7.50_2.04","vary_sd",2.04,-0.4,FALSE,189,1.15017955401154,1.10118413257237,0.100350022311105,0.93,0.204485611553895,-0.0489954214391695,"gamma_bin"
"gamma_bin_7.50_2.04","vary_sd",2.04,-0.4,FALSE,190,1.13787761403339,1.10823626763017,0.104253673148011,0.95,0.20872915346153,-0.029641346403221,"gamma_bin"
"gamma_bin_7.50_2.04","vary_sd",2.04,-0.4,FALSE,191,1.77820774658985,1.803936076401,0.13309411859627,0.97,0.270050258476031,0.0257283298111464,"gamma_bin"
"gamma_bin_7.50_2.04","vary_sd",2.04,-0.4,FALSE,192,1.12621869533816,1.17594275325807,0.106055863092545,0.93,0.218416920651055,0.049724057919911,"gamma_bin"
"gamma_bin_7.50_2.04","vary_sd",2.04,-0.4,FALSE,193,1.63142687231341,1.68310943023624,0.114870846465088,0.97,0.259059563754094,0.0516825579228348,"gamma_bin"
"gamma_bin_7.50_2.04","vary_sd",2.04,-0.4,FALSE,194,1.9613208229511,2.0638382455689,0.141371978044992,0.89,0.281971214802324,0.102517422617798,"gamma_bin"
"gamma_bin_7.50_2.04","vary_sd",2.04,-0.4,FALSE,195,1.62644217295684,1.75807316761056,0.138622168885501,0.82,0.253808718502044,0.131630994653724,"gamma_bin"
"gamma_bin_7.50_2.04","vary_sd",2.04,-0.4,FALSE,196,1.22114876712024,1.29124156609961,0.106212085195439,0.9,0.21036296481191,0.0700927989793689,"gamma_bin"
"gamma_bin_7.50_2.04","vary_sd",2.04,-0.4,FALSE,197,1.08512340553335,1.14666994132834,0.0993999309992212,0.89,0.190974219813043,0.0615465357949874,"gamma_bin"
"gamma_bin_7.50_2.04","vary_sd",2.04,-0.4,FALSE,198,1.22271087570671,1.27422414264811,0.0992010164096257,0.91,0.193445417105873,0.0515132669413965,"gamma_bin"
"gamma_bin_7.50_2.04","vary_sd",2.04,-0.4,FALSE,199,1.2960340351298,1.31957556865229,0.0907380655342137,0.96,0.188394301760673,0.0235415335224942,"gamma_bin"
"gamma_bin_7.50_2.04","vary_sd",2.04,-0.4,FALSE,200,1.66920711624072,1.61972364884697,0.108796178586466,0.9,0.200881200136946,-0.0494834673937461,"gamma_bin"
"gamma_bin_7.50_2.04","vary_sd",2.04,-0.4,FALSE,201,1.16940768861372,1.12209605540025,0.0841485805463951,0.89,0.163446328434377,-0.0473116332134664,"gamma_bin"
"gamma_bin_7.50_2.04","vary_sd",2.04,-0.4,FALSE,202,1.0787760344722,1.03800311178882,0.0838419227931805,0.9,0.156408065745393,-0.0407729226833808,"gamma_bin"
"gamma_bin_7.50_2.04","vary_sd",2.04,-0.4,FALSE,203,0.894614924502778,0.89562269929721,0.0794323862530685,0.96,0.145298519676895,0.00100777479443215,"gamma_bin"
"gamma_bin_7.50_2.04","vary_sd",2.04,-0.4,FALSE,204,0.818936942727194,0.846629753582899,0.0668068241731407,0.93,0.139826242220203,0.0276928108557049,"gamma_bin"
"gamma_bin_7.50_2.04","vary_sd",2.04,-0.4,FALSE,205,0.966688195947552,0.97582976229732,0.0796059139253566,0.93,0.146581599335508,0.0091415663497677,"gamma_bin"
"gamma_bin_7.50_2.04","vary_sd",2.04,-0.4,FALSE,206,0.735602657677609,0.701665364264846,0.0554228980919503,0.95,0.121529803340635,-0.0339372934127625,"gamma_bin"
"gamma_bin_7.50_2.04","vary_sd",2.04,-0.4,FALSE,207,0.854906249805799,0.805996481140136,0.069247518910905,0.89,0.129067080252728,-0.0489097686656625,"gamma_bin"
"gamma_bin_7.50_2.04","vary_sd",2.04,-0.4,FALSE,208,1.18360616945073,1.1063873386665,0.0774051870494347,0.84,0.152800042555351,-0.0772188307842325,"gamma_bin"
"gamma_bin_7.50_2.04","vary_sd",2.04,-0.4,FALSE,209,1.4602885501346,1.39325226105774,0.0871646378935917,0.88,0.175462454288925,-0.0670362890768561,"gamma_bin"
"gamma_bin_7.50_2.04","vary_sd",2.04,-0.4,FALSE,210,0.828346816490767,0.815346128251648,0.068052593971826,0.95,0.13759958079072,-0.013000688239119,"gamma_bin"
"gamma_bin_7.50_2.04","vary_sd",2.04,-0.4,FALSE,211,0.945514704257119,0.982946988495829,0.0730668545330714,0.93,0.154343801653991,0.0374322842387098,"gamma_bin"
"gamma_bin_7.50_2.04","vary_sd",2.04,-0.4,FALSE,212,0.790503634328223,0.840841071948286,0.0664847760787139,0.92,0.144128330629099,0.0503374376200627,"gamma_bin"
"gamma_bin_7.50_2.04","vary_sd",2.04,-0.4,FALSE,213,1.43200091428725,1.52700857985711,0.0917555908829169,0.86,0.19205133048443,0.09500766556986,"gamma_bin"
"gamma_bin_7.50_2.04","vary_sd",2.04,-0.4,FALSE,214,1.11427471246835,1.14725223213639,0.0821869113904079,0.94,0.162482034063722,0.0329775196680426,"gamma_bin"
"gamma_bin_7.50_2.04","vary_sd",2.04,-0.4,FALSE,215,1.11570572194133,1.09834285593401,0.0734140090704745,0.95,0.1561662164753,-0.0173628660073202,"gamma_bin"
"gamma_bin_7.50_2.04","vary_sd",2.04,-0.4,FALSE,216,1.45325455274622,1.42389957137242,0.0877445184218231,0.96,0.177379361270341,-0.0293549813738012,"gamma_bin"
"gamma_bin_7.50_2.04","vary_sd",2.04,-0.4,FALSE,217,1.1420513438864,1.16707681867198,0.0843962930587826,0.95,0.161457241472572,0.0250254747855763,"gamma_bin"
"gamma_bin_7.50_2.04","vary_sd",2.04,-0.4,FALSE,218,0.657956194341687,0.673691008878213,0.0643633652772497,0.95,0.122475375532122,0.0157348145365263,"gamma_bin"
"gamma_bin_7.50_2.04","vary_sd",2.04,-0.4,FALSE,219,1.37055796530381,1.42574205451719,0.0866533658320785,0.93,0.175732895197081,0.0551840892133781,"gamma_bin"
"gamma_bin_7.50_2.04","vary_sd",2.04,-0.4,FALSE,220,1.1217671045533,1.14477766140805,0.0815256107481224,0.93,0.154078727223455,0.0230105568547518,"gamma_bin"
"gamma_bin_7.50_2.04","vary_sd",2.04,-0.4,FALSE,221,1.82148085595811,1.7861404987169,0.102142604901342,0.93,0.188270369782719,-0.0353403572412112,"gamma_bin"
"gamma_bin_7.50_2.04","vary_sd",2.04,-0.4,FALSE,222,1.47820728190538,1.44141002142083,0.0874806161875152,0.96,0.167100148206844,-0.0367972604845488,"gamma_bin"
"gamma_bin_7.50_2.04","vary_sd",2.04,-0.4,FALSE,223,1.22912323671868,1.21145004734333,0.0781404101351504,0.96,0.153207987780582,-0.0176731893753468,"gamma_bin"
"gamma_bin_7.50_2.04","vary_sd",2.04,-0.4,FALSE,224,1.39166921706407,1.44534905147083,0.0867476685391818,0.9,0.167282277106342,0.0536798344067597,"gamma_bin"
"gamma_bin_7.50_2.04","vary_sd",2.04,-0.4,FALSE,225,1.02692395020016,1.08949235807507,0.0777254621039985,0.81,0.14283121461156,0.0625684078749136,"gamma_bin"
"gamma_bin_7.50_2.04","vary_sd",2.04,-0.4,FALSE,226,0.944469227223,0.997217166352156,0.070463975456042,0.85,0.131798601288935,0.0527479391291563,"gamma_bin"
"gamma_bin_7.50_2.04","vary_sd",2.04,-0.4,FALSE,227,0.882935394281871,0.885251037595536,0.0607976004501955,0.93,0.119106413450999,0.00231564331366529,"gamma_bin"
"gamma_bin_7.50_2.04","vary_sd",2.04,-0.4,FALSE,228,1.25451332375843,1.20636611906308,0.0643652775413586,0.92,0.134890574407922,-0.0481472046953497,"gamma_bin"
"gamma_bin_7.50_2.04","vary_sd",2.04,-0.4,FALSE,229,1.46482234027448,1.38014078439941,0.0713723693998881,0.77,0.142213791349756,-0.0846815558750733,"gamma_bin"
"gamma_bin_7.50_2.04","vary_sd",2.04,-0.4,FALSE,230,1.51066180760486,1.41888766931315,0.0719286031885731,0.79,0.144401618891588,-0.0917741382917134,"gamma_bin"
"gamma_bin_7.50_2.04","vary_sd",2.04,-0.4,FALSE,231,1.76123960010775,1.72283512667701,0.0891823155621343,0.92,0.161168882851634,-0.0384044734307372,"gamma_bin"
"gamma_bin_7.50_2.04","vary_sd",2.04,-0.4,FALSE,232,1.40610248726795,1.44691320117524,0.0710812643038484,0.93,0.149455005391075,0.0408107139072911,"gamma_bin"
"gamma_bin_7.50_2.04","vary_sd",2.04,-0.4,FALSE,233,1.50839208568838,1.62591059421565,0.0759693685612832,0.66,0.157676742900837,0.117518508527271,"gamma_bin"
"gamma_bin_7.50_2.04","vary_sd",2.04,-0.4,FALSE,234,2.14809922234943,2.33471540784156,0.0988821723671401,0.43,0.183516495639205,0.186616185492131,"gamma_bin"
"gamma_bin_7.50_2.04","vary_sd",2.04,-0.4,FALSE,235,1.77316147702833,1.91484067912392,0.0885786747455489,0.5,0.158603555692854,0.141679202095588,"gamma_bin"
"gamma_bin_7.50_2.04","vary_sd",2.04,-0.4,FALSE,236,1.73482506410384,1.79126954574944,0.0851111078687887,0.85,0.146023712324234,0.0564444816455951,"gamma_bin"
"gamma_bin_7.50_2.04","vary_sd",2.04,-0.4,FALSE,237,1.62267353351007,1.67362123002173,0.0695614136715283,0.9,0.135290194163698,0.0509476965116635,"gamma_bin"
"gamma_bin_7.50_2.04","vary_sd",2.04,-0.4,FALSE,238,1.18124992154851,1.2352312648642,0.0589768013287409,0.84,0.111750012933003,0.053981343315693,"gamma_bin"
"gamma_bin_7.50_2.04","vary_sd",2.04,-0.4,FALSE,239,1.18465305674865,1.22722925075036,0.0599242783584808,0.88,0.106582610818421,0.0425761940017144,"gamma_bin"
"gamma_bin_7.50_2.04","vary_sd",2.04,-0.4,FALSE,240,1.4168407618799,1.43766913556415,0.0563865748068008,0.93,0.110093751623776,0.0208283736842518,"gamma_bin"
"gamma_bin_7.50_2.04","vary_sd",2.04,-0.4,FALSE,241,1.25636383468336,1.22255844673629,0.0480920456127457,0.92,0.097384152533844,-0.033805387947071,"gamma_bin"
"gamma_bin_7.50_2.04","vary_sd",2.04,-0.4,FALSE,242,1.12127216596798,1.0719796352649,0.0456474674103773,0.8,0.0886296637942838,-0.0492925307030752,"gamma_bin"
"gamma_bin_7.50_2.04","vary_sd",2.04,-0.4,FALSE,243,1.35468577162437,1.30394992929206,0.0568653685871751,0.83,0.096516772768067,-0.0507358423323128,"gamma_bin"
"gamma_bin_7.50_2.04","vary_sd",2.04,-0.4,FALSE,244,1.01073025572083,1.00013974894021,0.0422266111202967,0.94,0.0841422447407691,-0.0105905067806171,"gamma_bin"
"gamma_bin_7.50_2.04","vary_sd",2.04,-0.4,FALSE,245,1.09869262296579,1.09723017135914,0.0410179091200567,0.98,0.0876531118570753,-0.00146245160665459,"gamma_bin"
"gamma_bin_7.50_2.04","vary_sd",2.04,-0.4,FALSE,246,1.01867243248783,1.01949241358526,0.0401962353404226,0.97,0.0836034235769486,0.000819981097430533,"gamma_bin"
"gamma_bin_7.50_2.04","vary_sd",2.04,-0.4,FALSE,247,0.933300548697082,0.930844630649863,0.0406987158113662,0.95,0.0788943053182195,-0.0024559180472189,"gamma_bin"
"gamma_bin_7.50_2.04","vary_sd",2.04,-0.4,FALSE,248,1.07521131224965,1.06332034849204,0.0413066899860951,0.93,0.0833086040745058,-0.0118909637576095,"gamma_bin"
"gamma_bin_7.50_2.04","vary_sd",2.04,-0.4,FALSE,249,1.30368079751671,1.27520104019648,0.0456338902116067,0.91,0.090525614871164,-0.0284797573202349,"gamma_bin"
"gamma_bin_7.50_2.04","vary_sd",2.04,-0.4,FALSE,250,1.41725036624756,1.3909630917973,0.0500357518130309,0.9,0.094390357513965,-0.0262872744502569,"gamma_bin"
"gamma_bin_7.50_2.04","vary_sd",2.04,-0.4,FALSE,251,1.14473843834061,1.12700935852927,0.0423599961584383,0.93,0.0852857033732447,-0.0177290798113441,"gamma_bin"
"gamma_bin_7.50_2.04","vary_sd",2.04,-0.4,FALSE,252,1.28957905264017,1.31231425740347,0.0489183344687628,0.91,0.0924260236030136,0.0227352047632967,"gamma_bin"
"gamma_bin_7.50_2.04","vary_sd",2.04,-0.4,FALSE,253,1.41164181175606,1.46772688974676,0.0425635205544923,0.86,0.0974614626137419,0.0560850779907007,"gamma_bin"
"gamma_bin_7.50_2.72","vary_sd",2.72,-0.2,FALSE,15,1.02510010675531,1.00621524566811,0.0225495625770286,0.94,0.0546581558367202,-0.0188848610871997,"gamma_bin"
"gamma_bin_7.50_2.72","vary_sd",2.72,-0.2,FALSE,16,1.25252014867933,1.24432936974049,0.0278021935507118,0.95,0.0594046902218284,-0.00819077893884268,"gamma_bin"
"gamma_bin_7.50_2.72","vary_sd",2.72,-0.2,FALSE,17,1.21525733695915,1.2008799145708,0.0302385541278875,0.91,0.0571471175843286,-0.0143774223883515,"gamma_bin"
"gamma_bin_7.50_2.72","vary_sd",2.72,-0.2,FALSE,18,0.979230198394809,0.960360024214063,0.0239287908040463,0.94,0.0503210670306896,-0.0188701741807464,"gamma_bin"
"gamma_bin_7.50_2.72","vary_sd",2.72,-0.2,FALSE,19,1.02544833790337,1.01105752749633,0.0284693369889381,0.9,0.0511350671717878,-0.0143908104070447,"gamma_bin"
"gamma_bin_7.50_2.72","vary_sd",2.72,-0.2,FALSE,20,1.03933643277786,1.03090092702379,0.0215068364650268,0.97,0.0513043150708781,-0.00843550575406593,"gamma_bin"
"gamma_bin_7.50_2.72","vary_sd",2.72,-0.2,FALSE,21,1.31704644033967,1.30336831255749,0.0283153038352769,0.92,0.0574183500232047,-0.0136781277821831,"gamma_bin"
"gamma_bin_7.50_2.72","vary_sd",2.72,-0.2,FALSE,22,1.01626238281987,1.00499208547751,0.0265131824378784,0.91,0.050279072090403,-0.0112702973423604,"gamma_bin"
"gamma_bin_7.50_2.72","vary_sd",2.72,-0.2,FALSE,23,0.750219977978433,0.74979391283165,0.0192399023124912,0.97,0.0433445320980188,-0.000426065146782562,"gamma_bin"
"gamma_bin_7.50_2.72","vary_sd",2.72,-0.2,FALSE,24,0.68680573053247,0.690587020939571,0.0214916938929748,0.95,0.0414383695213751,0.00378129040710118,"gamma_bin"
"gamma_bin_7.50_2.72","vary_sd",2.72,-0.2,FALSE,25,1.09137562864791,1.09090394268358,0.0257280955920815,0.97,0.0517977794271415,-0.000471685964329227,"gamma_bin"
"gamma_bin_7.50_2.72","vary_sd",2.72,-0.2,FALSE,26,0.741057834922739,0.733654009420391,0.0228152403903941,0.93,0.0423836054477657,-0.00740382550234819,"gamma_bin"
"gamma_bin_7.50_2.72","vary_sd",2.72,-0.2,FALSE,27,0.768534353981288,0.753708548648656,0.0216588327022371,0.89,0.0431926619003811,-0.0148258053326318,"gamma_bin"
"gamma_bin_7.50_2.72","vary_sd",2.72,-0.2,FALSE,28,0.752768210408917,0.739255003041442,0.0241993983598082,0.88,0.0432784042818726,-0.0135132073674753,"gamma_bin"
"gamma_bin_7.50_2.72","vary_sd",2.72,-0.2,FALSE,29,0.700189279957523,0.69292397856073,0.0193388900347902,0.98,0.0425190391905377,-0.00726530139679304,"gamma_bin"
"gamma_bin_7.50_2.72","vary_sd",2.72,-0.2,FALSE,30,0.555240242382622,0.548441981973722,0.020426186373561,0.91,0.0384398494158651,-0.00679826040890052,"gamma_bin"
"gamma_bin_7.50_2.72","vary_sd",2.72,-0.2,FALSE,31,0.584450640057208,0.580291572140925,0.0202233200178947,0.96,0.0402525894032098,-0.00415906791628329,"gamma_bin"
"gamma_bin_7.50_2.72","vary_sd",2.72,-0.2,FALSE,32,0.680297862250013,0.669407759921436,0.0205454066017229,0.96,0.0441343609080124,-0.010890102328577,"gamma_bin"
"gamma_bin_7.50_2.72","vary_sd",2.72,-0.2,FALSE,33,0.95896579009836,0.944301576152318,0.0262367664956405,0.93,0.053748975087599,-0.014664213946042,"gamma_bin"
"gamma_bin_7.50_2.72","vary_sd",2.72,-0.2,FALSE,34,1.26713544933213,1.24832779400153,0.0324295543795938,0.94,0.0636913995984804,-0.0188076553305951,"gamma_bin"
"gamma_bin_7.50_2.72","vary_sd",2.72,-0.2,FALSE,35,1.32835487275134,1.32219001227833,0.0344971464661043,0.95,0.0676982650866036,-0.00616486047300979,"gamma_bin"
"gamma_bin_7.50_2.72","vary_sd",2.72,-0.2,FALSE,36,0.820532179912435,0.839750654023343,0.0278022096622193,0.93,0.0553960372307335,0.0192184741109078,"gamma_bin"
"gamma_bin_7.50_2.72","vary_sd",2.72,-0.2,FALSE,37,0.605066948223753,0.63304259535001,0.0275855840984346,0.78,0.0486093627386443,0.0279756471262567,"gamma_bin"
"gamma_bin_7.50_2.72","vary_sd",2.72,-0.2,FALSE,38,0.480613317476216,0.504508795493369,0.0216319480275284,0.83,0.0430556340801837,0.0238954780171528,"gamma_bin"
"gamma_bin_7.50_2.72","vary_sd",2.72,-0.2,FALSE,39,0.729684595490469,0.750991549188474,0.0289196104140792,0.8,0.051703184499225,0.0213069536980052,"gamma_bin"
"gamma_bin_7.50_2.72","vary_sd",2.72,-0.2,FALSE,40,0.815117093248404,0.809658624913963,0.0287628028502525,0.94,0.0532420921222401,-0.00545846833444119,"gamma_bin"
"gamma_bin_7.50_2.72","vary_sd",2.72,-0.2,FALSE,41,0.615435524003123,0.594112616212651,0.0230251001677094,0.87,0.0460093655436616,-0.0213229077904723,"gamma_bin"
"gamma_bin_7.50_2.72","vary_sd",2.72,-0.2,FALSE,42,0.771681049543453,0.742358863791377,0.024416844467062,0.84,0.0527223670572358,-0.0293221857520759,"gamma_bin"
"gamma_bin_7.50_2.72","vary_sd",2.72,-0.2,FALSE,43,0.638637642797715,0.622418686488822,0.0278375421199298,0.89,0.0498800521556046,-0.0162189563088933,"gamma_bin"
"gamma_bin_7.50_2.72","vary_sd",2.72,-0.2,FALSE,44,0.502607638572081,0.502917384201019,0.025998804609174,0.93,0.0463395912574038,0.000309745628937597,"gamma_bin"
"gamma_bin_7.50_2.72","vary_sd",2.72,-0.2,FALSE,45,0.419348773276434,0.42477790012605,0.020236389979937,0.97,0.0438604533900096,0.00542912684961566,"gamma_bin"
"gamma_bin_7.50_2.72","vary_sd",2.72,-0.2,FALSE,46,0.532523289397014,0.537092132316388,0.0261633051817272,0.93,0.0506318130009558,0.00456884291937398,"gamma_bin"
"gamma_bin_7.50_2.72","vary_sd",2.72,-0.2,FALSE,47,0.748164536979726,0.747931000957616,0.0275339778753601,0.99,0.0614324620420566,-0.00023353602211007,"gamma_bin"
"gamma_bin_7.50_2.72","vary_sd",2.72,-0.2,FALSE,48,0.699597036363356,0.689537519583736,0.0288046572469931,0.95,0.0610030075750945,-0.0100595167796196,"gamma_bin"
"gamma_bin_7.50_2.72","vary_sd",2.72,-0.2,FALSE,49,0.840634610500807,0.83969967177306,0.0326449786499808,0.97,0.0700779008283877,-0.000934938727746748,"gamma_bin"
"gamma_bin_7.50_2.72","vary_sd",2.72,-0.2,FALSE,50,0.605572567510499,0.613441861449129,0.0277355850488281,0.97,0.0624331372968064,0.00786929393862967,"gamma_bin"
"gamma_bin_7.50_2.72","vary_sd",2.72,-0.2,FALSE,51,0.551154795645625,0.564710428931879,0.0290396998311138,0.94,0.06206876254311,0.0135556332862539,"gamma_bin"
"gamma_bin_7.50_2.72","vary_sd",2.72,-0.2,FALSE,52,0.382419782215341,0.39209402181696,0.0297134429151398,0.9,0.0530569434540107,0.00967423960161851,"gamma_bin"
"gamma_bin_7.50_2.72","vary_sd",2.72,-0.2,FALSE,53,0.67605453850849,0.686363374801581,0.0378627573383745,0.93,0.0715516265191134,0.0103088362930907,"gamma_bin"
"gamma_bin_7.50_2.72","vary_sd",2.72,-0.2,FALSE,54,0.67389745281474,0.682362870218136,0.0367484208203722,0.94,0.0727659002563814,0.00846541740339579,"gamma_bin"
"gamma_bin_7.50_2.72","vary_sd",2.72,-0.2,FALSE,55,0.928654307802489,0.922174595163197,0.0448421211416135,0.93,0.0869253012497352,-0.00647971263929248,"gamma_bin"
"gamma_bin_7.50_2.72","vary_sd",2.72,-0.2,FALSE,56,0.750444909156983,0.748338392767692,0.0439384463123333,0.93,0.0811098286764609,-0.00210651638929094,"gamma_bin"
"gamma_bin_7.50_2.72","vary_sd",2.72,-0.2,FALSE,57,0.713559496047443,0.713556621521532,0.0425417497630665,0.96,0.082211911945108,-2.87452591118953e-06,"gamma_bin"
"gamma_bin_7.50_2.72","vary_sd",2.72,-0.2,FALSE,58,0.492127182876667,0.50503016366937,0.0383340008333794,0.93,0.0713124210932155,0.0129029807927027,"gamma_bin"
"gamma_bin_7.50_2.72","vary_sd",2.72,-0.2,FALSE,59,0.488121905081673,0.503245909166526,0.0369350492398568,0.93,0.0726629376469826,0.0151240040848528,"gamma_bin"
"gamma_bin_7.50_2.72","vary_sd",2.72,-0.2,FALSE,60,0.671861168143052,0.688504296087713,0.041566846612747,0.95,0.0862154367974555,0.0166431279446609,"gamma_bin"
"gamma_bin_7.50_2.72","vary_sd",2.72,-0.2,FALSE,61,0.791762464983911,0.790748800311065,0.045946338849878,0.97,0.0939392813612403,-0.00101366467284569,"gamma_bin"
"gamma_bin_7.50_2.72","vary_sd",2.72,-0.2,FALSE,62,0.652922492639065,0.641868798836183,0.045618854888948,0.92,0.0867779324415853,-0.0110536938028821,"gamma_bin"
"gamma_bin_7.50_2.72","vary_sd",2.72,-0.2,FALSE,63,0.613891069127135,0.607932564364823,0.0412008479044167,0.96,0.0872804041667905,-0.00595850476231186,"gamma_bin"
"gamma_bin_7.50_2.72","vary_sd",2.72,-0.2,FALSE,64,0.747174650317661,0.750664711557564,0.050108167552874,0.93,0.100379264570157,0.00349006123990303,"gamma_bin"
"gamma_bin_7.50_2.72","vary_sd",2.72,-0.2,FALSE,65,0.706701130088712,0.71674698135905,0.0541344778736584,0.94,0.101183528680242,0.0100458512703383,"gamma_bin"
"gamma_bin_7.50_2.72","vary_sd",2.72,-0.2,FALSE,66,0.51187393654748,0.525965932769338,0.0441076010749221,0.95,0.0890468761551441,0.014091996221858,"gamma_bin"
"gamma_bin_7.50_2.72","vary_sd",2.72,-0.2,FALSE,67,0.670601402325688,0.675849774368401,0.0522337244036277,0.95,0.103386920747521,0.00524837204271267,"gamma_bin"
"gamma_bin_7.50_2.72","vary_sd",2.72,-0.2,FALSE,68,1.17253163081397,1.18161870427515,0.074439133321367,0.91,0.139866985847677,0.00908707346117987,"gamma_bin"
"gamma_bin_7.50_2.72","vary_sd",2.72,-0.2,FALSE,69,1.09882955126721,1.09352619834018,0.0796965181941436,0.91,0.13781386136231,-0.00530335292702988,"gamma_bin"
"gamma_bin_7.50_2.72","vary_sd",2.72,-0.2,FALSE,70,0.864010024055233,0.867572640220979,0.0645875484194294,0.95,0.125864793469931,0.00356261616574605,"gamma_bin"
"gamma_bin_7.50_2.72","vary_sd",2.72,-0.2,FALSE,71,0.715098113998147,0.73199928056738,0.06438549363342,0.9,0.117854244792046,0.0169011665692331,"gamma_bin"
"gamma_bin_7.50_2.72","vary_sd",2.72,-0.2,FALSE,72,0.5778146754347,0.606989838320192,0.0555933168342897,0.88,0.108151393832964,0.0291751628854919,"gamma_bin"
"gamma_bin_7.50_2.72","vary_sd",2.72,-0.2,FALSE,73,0.968098548670386,0.998928621945376,0.0633830237226848,0.94,0.138570038767526,0.03083007327499,"gamma_bin"
"gamma_bin_7.50_2.72","vary_sd",2.72,-0.2,FALSE,74,0.655349167508219,0.659468641102231,0.0583053521485105,0.93,0.112411954523243,0.00411947359401199,"gamma_bin"
"gamma_bin_7.50_2.72","vary_sd",2.72,-0.2,FALSE,75,0.59977224361632,0.59217115612235,0.0536097133555344,0.95,0.107258421047965,-0.00760108749397004,"gamma_bin"
"gamma_bin_7.50_2.72","vary_sd",2.72,-0.2,FALSE,76,0.795810456805532,0.786751159929685,0.0622348655574999,0.97,0.125575206897896,-0.00905929687584728,"gamma_bin"
"gamma_bin_7.50_2.72","vary_sd",2.72,-0.2,FALSE,77,0.873668877519834,0.858625061304266,0.0666824061786093,0.92,0.133981103323378,-0.0150438162155684,"gamma_bin"
"gamma_bin_7.50_2.72","vary_sd",2.72,-0.2,FALSE,78,0.655524310026793,0.651937822520864,0.0697306486556152,0.95,0.119609771625988,-0.00358648750592927,"gamma_bin"
"gamma_bin_7.50_2.72","vary_sd",2.72,-0.2,FALSE,79,0.810623636163075,0.818175296543558,0.0728220876219684,0.94,0.137487310763139,0.00755166038048294,"gamma_bin"
"gamma_bin_7.50_2.72","vary_sd",2.72,-0.2,FALSE,80,0.610456557383718,0.612006764950836,0.0542349904673903,0.98,0.121733380527221,0.00155020756711777,"gamma_bin"
"gamma_bin_7.50_2.72","vary_sd",2.72,-0.2,FALSE,81,0.859858611274139,0.870728929377227,0.0776668844847547,0.92,0.14811184775038,0.0108703181030883,"gamma_bin"
"gamma_bin_7.50_2.72","vary_sd",2.72,-0.2,FALSE,82,0.71793472208637,0.725990810826598,0.0670302464298173,0.96,0.137633845364264,0.00805608874022778,"gamma_bin"
"gamma_bin_7.50_2.72","vary_sd",2.72,-0.2,FALSE,83,0.992203959261976,0.992386597278157,0.0812291513077058,0.97,0.163847155160008,0.00018263801618057,"gamma_bin"
"gamma_bin_7.50_2.72","vary_sd",2.72,-0.2,FALSE,84,1.12541562776308,1.12311903619403,0.0960496175592025,0.96,0.177559371470228,-0.00229659156904938,"gamma_bin"
"gamma_bin_7.50_2.72","vary_sd",2.72,-0.2,FALSE,85,0.719081428835968,0.731847361347503,0.080942371773192,0.95,0.145866831385671,0.0127659325115352,"gamma_bin"
"gamma_bin_7.50_2.72","vary_sd",2.72,-0.2,FALSE,86,0.84752493125734,0.870922266636105,0.0761678134757644,0.96,0.161459438368803,0.0233973353787652,"gamma_bin"
"gamma_bin_7.50_2.72","vary_sd",2.72,-0.2,FALSE,87,0.855021916180829,0.875975790323463,0.0840833863056338,0.93,0.163047031929933,0.0209538741426342,"gamma_bin"
"gamma_bin_7.50_2.72","vary_sd",2.72,-0.2,FALSE,88,1.05231211723794,1.0786848240261,0.0917866465116046,0.93,0.181376816438209,0.0263727067881572,"gamma_bin"
"gamma_bin_7.50_2.72","vary_sd",2.72,-0.2,FALSE,89,0.736245763604483,0.744880444619904,0.0812859533241919,0.96,0.151098500357315,0.00863468101542064,"gamma_bin"
"gamma_bin_7.50_2.72","vary_sd",2.72,-0.2,FALSE,90,0.910435800275709,0.927442142861174,0.0850519249431757,0.95,0.169641090518291,0.0170063425854645,"gamma_bin"
"gamma_bin_7.50_2.72","vary_sd",2.72,-0.2,FALSE,91,0.875373992276142,0.887926861802789,0.0860358849831593,0.94,0.167121501098518,0.0125528695266469,"gamma_bin"
"gamma_bin_7.50_2.72","vary_sd",2.72,-0.2,FALSE,92,1.13308580158326,1.12250399996193,0.0901851829900131,0.95,0.189469297873924,-0.0105818016213324,"gamma_bin"
"gamma_bin_7.50_2.72","vary_sd",2.72,-0.2,FALSE,93,0.779622317935819,0.79037256742966,0.0846367325490489,0.93,0.160263143527622,0.0107502494938411,"gamma_bin"
"gamma_bin_7.50_2.72","vary_sd",2.72,-0.2,FALSE,94,0.738590807925372,0.737023051739608,0.0815031306321026,0.96,0.15593973598453,-0.0015677561857641,"gamma_bin"
"gamma_bin_7.50_2.72","vary_sd",2.72,-0.2,FALSE,95,0.736386067431423,0.754090923043549,0.087700550329283,0.93,0.158662017493393,0.0177048556121259,"gamma_bin"
"gamma_bin_7.50_2.72","vary_sd",2.72,-0.2,FALSE,96,0.940470991453404,0.954188859126427,0.0934769623625208,0.95,0.179304556260061,0.0137178676730229,"gamma_bin"
"gamma_bin_7.50_2.72","vary_sd",2.72,-0.2,FALSE,97,0.92681020267862,0.934908715384577,0.0877727852660973,0.96,0.178794877826362,0.00809851270595663,"gamma_bin"
"gamma_bin_7.50_2.72","vary_sd",2.72,-0.2,FALSE,98,0.805264800704658,0.809515115218624,0.0828051761579009,0.94,0.168372405260069,0.00425031451396618,"gamma_bin"
"gamma_bin_7.50_2.72","vary_sd",2.72,-0.2,FALSE,99,0.96897608307621,0.988114305980855,0.103088465717766,0.95,0.188730264732677,0.019138222904645,"gamma_bin"
"gamma_bin_7.50_2.72","vary_sd",2.72,-0.2,FALSE,100,0.483332995262756,0.492017902870883,0.0690676921264715,0.95,0.134979229896352,0.00868490760812729,"gamma_bin"
"gamma_bin_7.50_2.72","vary_sd",2.72,-0.2,FALSE,101,0.66077716283239,0.679217715002639,0.0852547223271381,0.94,0.16029459553143,0.0184405521702486,"gamma_bin"
"gamma_bin_7.50_2.72","vary_sd",2.72,-0.2,FALSE,102,0.655745239910364,0.658692399342879,0.0739237312529658,0.97,0.159152419007227,0.00294715943251489,"gamma_bin"
"gamma_bin_7.50_2.72","vary_sd",2.72,-0.2,FALSE,103,1.19599908198214,1.1793645008208,0.100146946689623,0.99,0.215554770233844,-0.0166345811613369,"gamma_bin"
"gamma_bin_7.50_2.72","vary_sd",2.72,-0.2,FALSE,104,1.52020654998133,1.4878351339339,0.122588634919095,0.94,0.246676959662594,-0.0323714160474287,"gamma_bin"
"gamma_bin_7.50_2.72","vary_sd",2.72,-0.2,FALSE,105,1.10303826313934,1.1010538070943,0.114021133008836,0.93,0.217378966582985,-0.00198445604504394,"gamma_bin"
"gamma_bin_7.50_2.72","vary_sd",2.72,-0.2,FALSE,106,0.895258886773757,0.920240067585958,0.101076156733974,0.97,0.202765172708623,0.0249811808122015,"gamma_bin"
"gamma_bin_7.50_2.72","vary_sd",2.72,-0.2,FALSE,107,0.603016892421566,0.628932033199209,0.0833316895312316,0.94,0.168103963475862,0.0259151407776431,"gamma_bin"
"gamma_bin_7.50_2.72","vary_sd",2.72,-0.2,FALSE,108,1.07762321196894,1.1247253896927,0.119390259265204,0.9,0.221796427890076,0.0471021777237641,"gamma_bin"
"gamma_bin_7.50_2.72","vary_sd",2.72,-0.2,FALSE,109,1.67936751135944,1.71683528473869,0.16452191201108,0.91,0.26915967017519,0.0374677733792526,"gamma_bin"
"gamma_bin_7.50_2.72","vary_sd",2.72,-0.2,FALSE,110,0.778512854791425,0.783656830068812,0.0862768775927113,0.94,0.180165680249708,0.00514397527738741,"gamma_bin"
"gamma_bin_7.50_2.72","vary_sd",2.72,-0.2,FALSE,111,0.992005341124613,0.97299970509799,0.0983021742016482,0.94,0.200674695841171,-0.0190056360266235,"gamma_bin"
"gamma_bin_7.50_2.72","vary_sd",2.72,-0.2,FALSE,112,1.07688074493023,1.08138849672932,0.114300259753753,0.93,0.211450891855155,0.00450775179908591,"gamma_bin"
"gamma_bin_7.50_2.72","vary_sd",2.72,-0.2,FALSE,113,0.702400819858529,0.722206042369771,0.0859229586900344,0.96,0.171818358294418,0.0198052225112422,"gamma_bin"
"gamma_bin_7.50_2.72","vary_sd",2.72,-0.2,FALSE,114,0.976066509197994,0.977857208113748,0.107929405841179,0.95,0.198572348417807,0.00179069891575434,"gamma_bin"
"gamma_bin_7.50_2.72","vary_sd",2.72,-0.2,FALSE,115,1.23867756628513,1.22356868083717,0.117740574498144,0.91,0.221214455139157,-0.0151088854479584,"gamma_bin"
"gamma_bin_7.50_2.72","vary_sd",2.72,-0.2,FALSE,116,1.16180338965973,1.15033894546815,0.105861732104241,0.97,0.21496572871457,-0.0114644441915797,"gamma_bin"
"gamma_bin_7.50_2.72","vary_sd",2.72,-0.2,FALSE,117,1.19462029108814,1.1834012630819,0.113723242856831,0.94,0.219418341943245,-0.0112190280062419,"gamma_bin"
"gamma_bin_7.50_2.72","vary_sd",2.72,-0.2,FALSE,118,1.16321995780671,1.16253556491215,0.112460976661911,0.96,0.218597140736775,-0.000684392894561903,"gamma_bin"
"gamma_bin_7.50_2.72","vary_sd",2.72,-0.2,FALSE,119,1.07032628214879,1.09319807420506,0.101812524876852,0.95,0.211562229057854,0.0228717920562689,"gamma_bin"
"gamma_bin_7.50_2.72","vary_sd",2.72,-0.2,FALSE,120,0.877757633134012,0.891889142551244,0.0854687649361897,0.96,0.189311850032254,0.0141315094172317,"gamma_bin"
"gamma_bin_7.50_2.72","vary_sd",2.72,-0.2,FALSE,121,1.36755731263547,1.38916301758968,0.116759644204855,0.94,0.233038559941915,0.0216057049542078,"gamma_bin"
"gamma_bin_7.50_2.72","vary_sd",2.72,-0.2,FALSE,122,0.835796444244159,0.851203458860455,0.0893314816357112,0.97,0.180188587336478,0.015407014616296,"gamma_bin"
"gamma_bin_7.50_2.72","vary_sd",2.72,-0.2,FALSE,123,1.26724551805682,1.25963489314263,0.100419888432186,0.97,0.217385033546166,-0.00761062491419473,"gamma_bin"
"gamma_bin_7.50_2.72","vary_sd",2.72,-0.2,FALSE,124,0.969129898643769,0.96848392741363,0.0850823603272211,0.97,0.189593439600145,-0.000645971230139208,"gamma_bin"
"gamma_bin_7.50_2.72","vary_sd",2.72,-0.2,FALSE,125,0.847338782890042,0.852585761472086,0.0792368802633368,0.99,0.177264408175213,0.00524697858204426,"gamma_bin"
"gamma_bin_7.50_2.72","vary_sd",2.72,-0.2,FALSE,126,0.715564882412269,0.726197892750462,0.0781094264196829,0.96,0.162883405899389,0.0106330103381934,"gamma_bin"
"gamma_bin_7.50_2.72","vary_sd",2.72,-0.2,FALSE,127,0.94782383341486,0.94680137516977,0.0936009306658675,0.94,0.185288699105473,-0.0010224582450904,"gamma_bin"
"gamma_bin_7.50_2.72","vary_sd",2.72,-0.2,FALSE,128,0.685081694959754,0.680053143126256,0.0723078091164874,0.96,0.157051226848444,-0.00502855183349826,"gamma_bin"
"gamma_bin_7.50_2.72","vary_sd",2.72,-0.2,FALSE,129,0.940719567434955,0.926298561310032,0.0948067273030976,0.92,0.18445724888905,-0.0144210061249234,"gamma_bin"
"gamma_bin_7.50_2.72","vary_sd",2.72,-0.2,FALSE,130,0.882735861931285,0.863541636280014,0.087481046314851,0.97,0.180267814233356,-0.0191942256512705,"gamma_bin"
"gamma_bin_7.50_2.72","vary_sd",2.72,-0.2,FALSE,131,0.908592867608554,0.910504617165915,0.101906636023125,0.95,0.188187664274061,0.00191174955736151,"gamma_bin"
"gamma_bin_7.50_2.72","vary_sd",2.72,-0.2,FALSE,132,0.919571358645804,0.900333448392513,0.092365207316358,0.94,0.190262750540218,-0.0192379102532914,"gamma_bin"
"gamma_bin_7.50_2.72","vary_sd",2.72,-0.2,FALSE,133,0.772870216905444,0.76735481654061,0.0968076608394423,0.94,0.178131007863013,-0.005515400364834,"gamma_bin"
"gamma_bin_7.50_2.72","vary_sd",2.72,-0.2,FALSE,134,0.850110615604727,0.848559960458577,0.0819005229510526,0.98,0.18948048532425,-0.00155065514615005,"gamma_bin"
"gamma_bin_7.50_2.72","vary_sd",2.72,-0.2,FALSE,135,0.784750966748685,0.787059899969135,0.104929106266667,0.92,0.183640321010278,0.00230893322045023,"gamma_bin"
"gamma_bin_7.50_2.72","vary_sd",2.72,-0.2,FALSE,136,0.974669466757976,0.9874635534776,0.103022265538028,0.96,0.207385459826811,0.012794086719624,"gamma_bin"
"gamma_bin_7.50_2.72","vary_sd",2.72,-0.2,FALSE,137,0.984151011066472,0.985817103115252,0.115285509734127,0.94,0.209302656512551,0.00166609204877999,"gamma_bin"
"gamma_bin_7.50_2.72","vary_sd",2.72,-0.2,FALSE,138,1.1907508581573,1.18215126266289,0.11312657094751,0.97,0.232000909894238,-0.00859959549441469,"gamma_bin"
"gamma_bin_7.50_2.72","vary_sd",2.72,-0.2,FALSE,139,1.38368582408824,1.3803375422078,0.124463438658913,0.96,0.253754624737418,-0.00334828188044245,"gamma_bin"
"gamma_bin_7.50_2.72","vary_sd",2.72,-0.2,FALSE,140,0.815817246340058,0.837706594644155,0.103857754724085,0.93,0.199131561140577,0.0218893483040969,"gamma_bin"
"gamma_bin_7.50_2.72","vary_sd",2.72,-0.2,FALSE,141,0.948708845408202,0.980420946160286,0.113135424127219,0.94,0.215373535118347,0.0317121007520836,"gamma_bin"
"gamma_bin_7.50_2.72","vary_sd",2.72,-0.2,FALSE,142,0.887913521021147,0.924076755411403,0.113608330022271,0.9,0.207109802242935,0.0361632343902564,"gamma_bin"
"gamma_bin_7.50_2.72","vary_sd",2.72,-0.2,FALSE,143,1.33195215209727,1.32836167700221,0.133768113739891,0.93,0.245166874130975,-0.00359047509506261,"gamma_bin"
"gamma_bin_7.50_2.72","vary_sd",2.72,-0.2,FALSE,144,1.33130915175386,1.34242955263082,0.136064550146024,0.93,0.244333264924843,0.0111204008769612,"gamma_bin"
"gamma_bin_7.50_2.72","vary_sd",2.72,-0.2,FALSE,145,1.36040954450305,1.35488872474409,0.115458892258908,0.96,0.245112195275115,-0.0055208197589649,"gamma_bin"
"gamma_bin_7.50_2.72","vary_sd",2.72,-0.2,FALSE,146,1.03071516120352,1.03176481454408,0.10636238593394,0.94,0.213573100152514,0.00104965334055795,"gamma_bin"
"gamma_bin_7.50_2.72","vary_sd",2.72,-0.2,FALSE,147,1.01542687773298,1.03963240315809,0.103023330824987,0.96,0.212822997709378,0.0242055254251079,"gamma_bin"
"gamma_bin_7.50_2.72","vary_sd",2.72,-0.2,FALSE,148,0.918038272830281,0.933507462828104,0.0973975035690577,0.94,0.198639338123762,0.0154691899978228,"gamma_bin"
"gamma_bin_7.50_2.72","vary_sd",2.72,-0.2,FALSE,149,0.795403147880171,0.807113746666908,0.0923360133546785,0.94,0.181578552504489,0.0117105987867371,"gamma_bin"
"gamma_bin_7.50_2.72","vary_sd",2.72,-0.2,FALSE,150,0.947076494147123,0.945436193719131,0.092188312037684,0.95,0.193764102451893,-0.00164030042799179,"gamma_bin"
"gamma_bin_7.50_2.72","vary_sd",2.72,-0.2,FALSE,151,0.838902415667924,0.817029658260323,0.102601324063769,0.93,0.179051274666236,-0.0218727574076012,"gamma_bin"
"gamma_bin_7.50_2.72","vary_sd",2.72,-0.2,FALSE,152,1.10280245382765,1.06833658550952,0.112960594488966,0.93,0.205872729718724,-0.0344658683181345,"gamma_bin"
"gamma_bin_7.50_2.72","vary_sd",2.72,-0.2,FALSE,153,1.09815440539428,1.07817198902853,0.105765608903093,0.93,0.209129927869851,-0.0199824163657456,"gamma_bin"
"gamma_bin_7.50_2.72","vary_sd",2.72,-0.2,FALSE,154,0.933699509626363,0.938225754704807,0.111460811587726,0.92,0.197580759413428,0.00452624507844379,"gamma_bin"
"gamma_bin_7.50_2.72","vary_sd",2.72,-0.2,FALSE,155,0.677259462566555,0.700735380835399,0.0895294577787541,0.95,0.172490844542046,0.023475918268844,"gamma_bin"
"gamma_bin_7.50_2.72","vary_sd",2.72,-0.2,FALSE,156,0.794318325784725,0.795682606638819,0.103111060587895,0.91,0.184418594276069,0.00136428085409435,"gamma_bin"
"gamma_bin_7.50_2.72","vary_sd",2.72,-0.2,FALSE,157,0.863129045133472,0.86206327570745,0.102851652651521,0.92,0.191914556452479,-0.00106576942602221,"gamma_bin"
"gamma_bin_7.50_2.72","vary_sd",2.72,-0.2,FALSE,158,1.2121292060572,1.21700589838933,0.130666357938977,0.92,0.2283910730409,0.00487669233213017,"gamma_bin"
"gamma_bin_7.50_2.72","vary_sd",2.72,-0.2,FALSE,159,1.02410099479473,1.00424748168462,0.100486951620711,0.95,0.209234335758177,-0.0198535131101112,"gamma_bin"
"gamma_bin_7.50_2.72","vary_sd",2.72,-0.2,FALSE,160,0.905625417711481,0.897881171866406,0.0998432886981532,0.96,0.200261148662638,-0.00774424584507516,"gamma_bin"
"gamma_bin_7.50_2.72","vary_sd",2.72,-0.2,FALSE,161,0.911623484707899,0.926780012599039,0.107476244317808,0.95,0.205734359781479,0.0151565278911397,"gamma_bin"
"gamma_bin_7.50_2.72","vary_sd",2.72,-0.2,FALSE,162,0.854314364398061,0.879597910461648,0.11462436093282,0.94,0.201080877814725,0.0252835460635867,"gamma_bin"
"gamma_bin_7.50_2.72","vary_sd",2.72,-0.2,FALSE,163,0.939538506142908,0.938617651787561,0.102397902308957,0.94,0.207512027231148,-0.000920854355346723,"gamma_bin"
"gamma_bin_7.50_2.72","vary_sd",2.72,-0.2,FALSE,164,0.804264811038419,0.799657740370413,0.104221788329033,0.95,0.191241812454519,-0.00460707066800636,"gamma_bin"
"gamma_bin_7.50_2.72","vary_sd",2.72,-0.2,FALSE,165,1.00142358506205,1.01614282448012,0.110591674590537,0.97,0.216354091612319,0.0147192394180651,"gamma_bin"
"gamma_bin_7.50_2.72","vary_sd",2.72,-0.2,FALSE,166,1.22258511650756,1.18102870542022,0.125324806125429,0.94,0.234467572334571,-0.0415564110873408,"gamma_bin"
"gamma_bin_7.50_2.72","vary_sd",2.72,-0.2,FALSE,167,0.797785743145654,0.796199444816692,0.0996439963308744,0.95,0.194408692942992,-0.00158629832896195,"gamma_bin"
"gamma_bin_7.50_2.72","vary_sd",2.72,-0.2,FALSE,168,1.1498418409574,1.1626122553706,0.110545702844971,0.96,0.237008109503786,0.0127704144131959,"gamma_bin"
"gamma_bin_7.50_2.72","vary_sd",2.72,-0.2,FALSE,169,0.760349335694062,0.768756028642927,0.102727343840743,0.95,0.193530796170657,0.00840669294886454,"gamma_bin"
"gamma_bin_7.50_2.72","vary_sd",2.72,-0.2,FALSE,170,1.37423882796411,1.39328907049221,0.129606669485636,0.97,0.260679335264538,0.0190502425281038,"gamma_bin"
"gamma_bin_7.50_2.72","vary_sd",2.72,-0.2,FALSE,171,0.879916177740953,0.893240900971272,0.0886187796737191,0.98,0.208374483128813,0.0133247232303189,"gamma_bin"
"gamma_bin_7.50_2.72","vary_sd",2.72,-0.2,FALSE,172,1.40469809778524,1.40378957029036,0.12443974686165,0.97,0.260795190351147,-0.000908527494883016,"gamma_bin"
"gamma_bin_7.50_2.72","vary_sd",2.72,-0.2,FALSE,173,0.919193657171105,0.918492451776566,0.102094060304682,0.97,0.210517714440828,-0.000701205394538884,"gamma_bin"
"gamma_bin_7.50_2.72","vary_sd",2.72,-0.2,FALSE,174,0.923156528563282,0.934139017023865,0.104997969512918,0.95,0.211257862764973,0.0109824884605827,"gamma_bin"
"gamma_bin_7.50_2.72","vary_sd",2.72,-0.2,FALSE,175,1.03837120055872,1.07792629779484,0.110327552780683,0.93,0.225213919903155,0.0395550972361154,"gamma_bin"
"gamma_bin_7.50_2.72","vary_sd",2.72,-0.2,FALSE,176,0.998550191051843,0.991220111445049,0.107897558020077,0.96,0.213999405491013,-0.00733007960679444,"gamma_bin"
"gamma_bin_7.50_2.72","vary_sd",2.72,-0.2,FALSE,177,1.0672490953256,1.05280241348839,0.107110840257723,0.98,0.219404528753467,-0.0144466818372135,"gamma_bin"
"gamma_bin_7.50_2.72","vary_sd",2.72,-0.2,FALSE,178,0.796488943635566,0.783164608681777,0.0847254627984533,0.98,0.18885066378238,-0.013324334953789,"gamma_bin"
"gamma_bin_7.50_2.72","vary_sd",2.72,-0.2,FALSE,179,1.19853631620291,1.19528158565989,0.108816346534109,0.98,0.23374626140025,-0.00325473054301773,"gamma_bin"
"gamma_bin_7.50_2.72","vary_sd",2.72,-0.2,FALSE,180,1.18742234445089,1.1875506405235,0.105874157596138,0.98,0.233375664229539,0.00012829607260656,"gamma_bin"
"gamma_bin_7.50_2.72","vary_sd",2.72,-0.2,FALSE,181,1.49419822100474,1.486271512449,0.125805970448854,0.97,0.261704908340381,-0.00792670855573885,"gamma_bin"
"gamma_bin_7.50_2.72","vary_sd",2.72,-0.2,FALSE,182,1.51569971274724,1.51945651544805,0.146699480035454,0.93,0.265032491649638,0.00375680270081236,"gamma_bin"
"gamma_bin_7.50_2.72","vary_sd",2.72,-0.2,FALSE,183,0.993078083144793,1.01653395297597,0.123164479141413,0.91,0.215630625769484,0.0234558698311811,"gamma_bin"
"gamma_bin_7.50_2.72","vary_sd",2.72,-0.2,FALSE,184,0.900895179433443,0.928841392942462,0.10893362457378,0.94,0.203467533953744,0.0279462135090195,"gamma_bin"
"gamma_bin_7.50_2.72","vary_sd",2.72,-0.2,FALSE,185,0.823216514722493,0.846466204051478,0.0950422060302899,0.95,0.189993040340447,0.0232496893289849,"gamma_bin"
"gamma_bin_7.50_2.72","vary_sd",2.72,-0.2,FALSE,186,1.22622352517845,1.2485819345573,0.0993870280057049,0.98,0.225249829247769,0.0223584093788469,"gamma_bin"
"gamma_bin_7.50_2.72","vary_sd",2.72,-0.2,FALSE,187,0.917485344129662,0.915610667705957,0.0914879115379844,0.99,0.189851605350702,-0.0018746764237052,"gamma_bin"
"gamma_bin_7.50_2.72","vary_sd",2.72,-0.2,FALSE,188,1.14600718978611,1.10677711807685,0.106988872985118,0.95,0.208070504109024,-0.0392300717092628,"gamma_bin"
"gamma_bin_7.50_2.72","vary_sd",2.72,-0.2,FALSE,189,1.15017955401154,1.14235023507879,0.102574764629607,0.96,0.2121082027656,-0.00782931893274563,"gamma_bin"
"gamma_bin_7.50_2.72","vary_sd",2.72,-0.2,FALSE,190,1.13787761403339,1.12221805639944,0.104614191655071,0.95,0.211336341528399,-0.015659557633948,"gamma_bin"
"gamma_bin_7.50_2.72","vary_sd",2.72,-0.2,FALSE,191,1.77820774658985,1.78418598095708,0.129694780199967,0.98,0.267074677169552,0.005978234367229,"gamma_bin"
"gamma_bin_7.50_2.72","vary_sd",2.72,-0.2,FALSE,192,1.12621869533816,1.15032448174538,0.102384505951921,0.94,0.213664464071573,0.0241057864072227,"gamma_bin"
"gamma_bin_7.50_2.72","vary_sd",2.72,-0.2,FALSE,193,1.63142687231341,1.64248413072367,0.109791399535989,0.98,0.252826987826114,0.0110572584102555,"gamma_bin"
"gamma_bin_7.50_2.72","vary_sd",2.72,-0.2,FALSE,194,1.9613208229511,2.0075025366322,0.134473402839624,0.95,0.274300337211811,0.0461817136810969,"gamma_bin"
"gamma_bin_7.50_2.72","vary_sd",2.72,-0.2,FALSE,195,1.62644217295684,1.70979254939503,0.130966238920499,0.9,0.24686178331202,0.0833503764381889,"gamma_bin"
"gamma_bin_7.50_2.72","vary_sd",2.72,-0.2,FALSE,196,1.22114876712024,1.26249888517188,0.104968349201602,0.96,0.205661630353683,0.0413501180516416,"gamma_bin"
"gamma_bin_7.50_2.72","vary_sd",2.72,-0.2,FALSE,197,1.08512340553335,1.12170810268604,0.0959001963581845,0.93,0.186808401500205,0.0365846971526931,"gamma_bin"
"gamma_bin_7.50_2.72","vary_sd",2.72,-0.2,FALSE,198,1.22271087570671,1.24788306130578,0.0953415871545752,0.95,0.189435283952119,0.0251721855990668,"gamma_bin"
"gamma_bin_7.50_2.72","vary_sd",2.72,-0.2,FALSE,199,1.2960340351298,1.31332275660778,0.0895251125559433,0.97,0.187485310851714,0.0172887214779831,"gamma_bin"
"gamma_bin_7.50_2.72","vary_sd",2.72,-0.2,FALSE,200,1.66920711624072,1.65398117392544,0.109329402576394,0.94,0.205126137320615,-0.0152259423152838,"gamma_bin"
"gamma_bin_7.50_2.72","vary_sd",2.72,-0.2,FALSE,201,1.16940768861372,1.1618063264476,0.0863259856906039,0.94,0.169236183641386,-0.00760136216611706,"gamma_bin"
"gamma_bin_7.50_2.72","vary_sd",2.72,-0.2,FALSE,202,1.0787760344722,1.06256650407624,0.084809935342141,0.94,0.16011808049501,-0.0162095303959637,"gamma_bin"
"gamma_bin_7.50_2.72","vary_sd",2.72,-0.2,FALSE,203,0.894614924502778,0.891473837479431,0.0793718659447756,0.96,0.144621525806223,-0.00314108702334703,"gamma_bin"
"gamma_bin_7.50_2.72","vary_sd",2.72,-0.2,FALSE,204,0.818936942727194,0.828541279928883,0.0644032716282321,0.96,0.136840769527146,0.00960433720168874,"gamma_bin"
"gamma_bin_7.50_2.72","vary_sd",2.72,-0.2,FALSE,205,0.966688195947552,0.966116803231888,0.0770790288512086,0.94,0.145132915201784,-0.000571392715663754,"gamma_bin"
"gamma_bin_7.50_2.72","vary_sd",2.72,-0.2,FALSE,206,0.735602657677609,0.713844594337167,0.0559521435830413,0.97,0.12364522618413,-0.0217580633404418,"gamma_bin"
"gamma_bin_7.50_2.72","vary_sd",2.72,-0.2,FALSE,207,0.854906249805799,0.836105889508349,0.0715368563109795,0.92,0.133892558837245,-0.0188003602974504,"gamma_bin"
"gamma_bin_7.50_2.72","vary_sd",2.72,-0.2,FALSE,208,1.18360616945073,1.14762239237102,0.080803580262982,0.91,0.15848917378913,-0.0359837770797147,"gamma_bin"
"gamma_bin_7.50_2.72","vary_sd",2.72,-0.2,FALSE,209,1.4602885501346,1.42464796973035,0.0882963567086232,0.97,0.179411894911431,-0.0356405804042523,"gamma_bin"
"gamma_bin_7.50_2.72","vary_sd",2.72,-0.2,FALSE,210,0.828346816490767,0.818620274427247,0.0680302631896074,0.97,0.138147811481053,-0.00972654206351953,"gamma_bin"
"gamma_bin_7.50_2.72","vary_sd",2.72,-0.2,FALSE,211,0.945514704257119,0.965196258051284,0.0720298975371565,0.97,0.15154505219725,0.0196815537941649,"gamma_bin"
"gamma_bin_7.50_2.72","vary_sd",2.72,-0.2,FALSE,212,0.790503634328223,0.807755677984697,0.06283458061185,0.96,0.138449612125564,0.0172520436564738,"gamma_bin"
"gamma_bin_7.50_2.72","vary_sd",2.72,-0.2,FALSE,213,1.43200091428725,1.4681723816066,0.0874586962734007,0.96,0.184636070521284,0.0361714673193467,"gamma_bin"
"gamma_bin_7.50_2.72","vary_sd",2.72,-0.2,FALSE,214,1.11427471246835,1.13500797227683,0.0821404497900005,0.95,0.160731859975518,0.0207332598084828,"gamma_bin"
"gamma_bin_7.50_2.72","vary_sd",2.72,-0.2,FALSE,215,1.11570572194133,1.11824771589596,0.0740059471870287,0.97,0.158993420526578,0.00254199395462562,"gamma_bin"
"gamma_bin_7.50_2.72","vary_sd",2.72,-0.2,FALSE,216,1.45325455274622,1.45153239024423,0.0889703462541808,0.97,0.180821772331042,-0.00172216250198698,"gamma_bin"
"gamma_bin_7.50_2.72","vary_sd",2.72,-0.2,FALSE,217,1.1420513438864,1.16426089836339,0.0837168658314251,0.95,0.161073629631255,0.0222095544769922,"gamma_bin"
"gamma_bin_7.50_2.72","vary_sd",2.72,-0.2,FALSE,218,0.657956194341687,0.660505823437896,0.062572564344212,0.95,0.120084894113112,0.00254962909620859,"gamma_bin"
"gamma_bin_7.50_2.72","vary_sd",2.72,-0.2,FALSE,219,1.37055796530381,1.39505435012093,0.0844017547388962,0.94,0.171950879606549,0.0244963848171229,"gamma_bin"
"gamma_bin_7.50_2.72","vary_sd",2.72,-0.2,FALSE,220,1.1217671045533,1.13231987739461,0.0800287132489085,0.96,0.15240031249524,0.0105527728413137,"gamma_bin"
"gamma_bin_7.50_2.72","vary_sd",2.72,-0.2,FALSE,221,1.82148085595811,1.80271633623572,0.102409304130556,0.95,0.190013009454179,-0.0187645197223927,"gamma_bin"
"gamma_bin_7.50_2.72","vary_sd",2.72,-0.2,FALSE,222,1.47820728190538,1.47203662925839,0.0881561002172854,0.96,0.170645218931327,-0.00617065264699246,"gamma_bin"
"gamma_bin_7.50_2.72","vary_sd",2.72,-0.2,FALSE,223,1.22912323671868,1.22188052777467,0.0783470067472425,0.95,0.154515404713639,-0.00724270894400858,"gamma_bin"
"gamma_bin_7.50_2.72","vary_sd",2.72,-0.2,FALSE,224,1.39166921706407,1.41428212771719,0.0835186347378541,0.96,0.163680497132695,0.0226129106531243,"gamma_bin"
"gamma_bin_7.50_2.72","vary_sd",2.72,-0.2,FALSE,225,1.02692395020016,1.04515023777834,0.0739452148227207,0.91,0.137024623412791,0.0182262875781836,"gamma_bin"
"gamma_bin_7.50_2.72","vary_sd",2.72,-0.2,FALSE,226,0.944469227223,0.967170507009674,0.0681592340913162,0.92,0.127838074593085,0.0227012797866739,"gamma_bin"
"gamma_bin_7.50_2.72","vary_sd",2.72,-0.2,FALSE,227,0.882935394281871,0.883394976459034,0.0602905534471826,0.94,0.118862386283035,0.000459582177163353,"gamma_bin"
"gamma_bin_7.50_2.72","vary_sd",2.72,-0.2,FALSE,228,1.25451332375843,1.23416190558823,0.06618614596742,0.97,0.137990448132889,-0.0203514181702038,"gamma_bin"
"gamma_bin_7.50_2.72","vary_sd",2.72,-0.2,FALSE,229,1.46482234027448,1.43065037964463,0.0724467653807526,0.93,0.147406383373876,-0.034171960629847,"gamma_bin"
"gamma_bin_7.50_2.72","vary_sd",2.72,-0.2,FALSE,230,1.51066180760486,1.469474785698,0.0728614045726717,0.93,0.149538554839907,-0.0411870219068646,"gamma_bin"
"gamma_bin_7.50_2.72","vary_sd",2.72,-0.2,FALSE,231,1.76123960010775,1.74968021012541,0.0888648301145957,0.92,0.163673040936136,-0.0115593899823403,"gamma_bin"
"gamma_bin_7.50_2.72","vary_sd",2.72,-0.2,FALSE,232,1.40610248726795,1.42014026082993,0.0715651426593757,0.95,0.146679813563441,0.0140377735619779,"gamma_bin"
"gamma_bin_7.50_2.72","vary_sd",2.72,-0.2,FALSE,233,1.50839208568838,1.55031854587461,0.0699789119598248,0.93,0.150349428620266,0.0419264601862337,"gamma_bin"
"gamma_bin_7.50_2.72","vary_sd",2.72,-0.2,FALSE,234,2.14809922234943,2.21416462077309,0.092838461426597,0.88,0.174044046322226,0.0660653984236612,"gamma_bin"
"gamma_bin_7.50_2.72","vary_sd",2.72,-0.2,FALSE,235,1.77316147702833,1.84840446946932,0.0836509796060098,0.85,0.153108022106112,0.0752429924409908,"gamma_bin"
"gamma_bin_7.50_2.72","vary_sd",2.72,-0.2,FALSE,236,1.73482506410384,1.76779663665973,0.0826006178153672,0.93,0.144117818585338,0.0329715725558852,"gamma_bin"
"gamma_bin_7.50_2.72","vary_sd",2.72,-0.2,FALSE,237,1.62267353351007,1.65996424260987,0.0686546018728846,0.92,0.13419086892181,0.0372907090997951,"gamma_bin"
"gamma_bin_7.50_2.72","vary_sd",2.72,-0.2,FALSE,238,1.18124992154851,1.21504483133509,0.0577346127320392,0.92,0.109924851763809,0.0337949097865797,"gamma_bin"
"gamma_bin_7.50_2.72","vary_sd",2.72,-0.2,FALSE,239,1.18465305674865,1.20561863192889,0.0581993476288677,0.93,0.104703412950613,0.0209655751802382,"gamma_bin"
"gamma_bin_7.50_2.72","vary_sd",2.72,-0.2,FALSE,240,1.4168407618799,1.43052255039626,0.0536866525582498,0.96,0.109542772205024,0.0136817885163638,"gamma_bin"
"gamma_bin_7.50_2.72","vary_sd",2.72,-0.2,FALSE,241,1.25636383468336,1.24099243139771,0.0483282805886357,0.96,0.0988466261493632,-0.0153714032856467,"gamma_bin"
"gamma_bin_7.50_2.72","vary_sd",2.72,-0.2,FALSE,242,1.12127216596798,1.10374276560732,0.0474546680016021,0.94,0.0912513269874644,-0.0175294003606572,"gamma_bin"
"gamma_bin_7.50_2.72","vary_sd",2.72,-0.2,FALSE,243,1.35468577162437,1.33909565409464,0.0584425398528427,0.87,0.0991182478502435,-0.0155901175297322,"gamma_bin"
"gamma_bin_7.50_2.72","vary_sd",2.72,-0.2,FALSE,244,1.01073025572083,1.01172315457345,0.0429997554307449,0.96,0.0851191247397266,0.000992898852623103,"gamma_bin"
"gamma_bin_7.50_2.72","vary_sd",2.72,-0.2,FALSE,245,1.09869262296579,1.09617820138207,0.040617526016575,0.98,0.0875730056071835,-0.00251442158372228,"gamma_bin"
"gamma_bin_7.50_2.72","vary_sd",2.72,-0.2,FALSE,246,1.01867243248783,1.01481041715857,0.0401772382432765,0.97,0.0832200434460159,-0.00386201532926145,"gamma_bin"
"gamma_bin_7.50_2.72","vary_sd",2.72,-0.2,FALSE,247,0.933300548697082,0.929759816961998,0.040166577683995,0.96,0.078800872470427,-0.00354073173508407,"gamma_bin"
"gamma_bin_7.50_2.72","vary_sd",2.72,-0.2,FALSE,248,1.07521131224965,1.06979663663441,0.0410929031238364,0.93,0.0838128672500105,-0.00541467561523823,"gamma_bin"
"gamma_bin_7.50_2.72","vary_sd",2.72,-0.2,FALSE,249,1.30368079751671,1.29091053558059,0.0458195201094155,0.95,0.0916386686397292,-0.0127702619361156,"gamma_bin"
"gamma_bin_7.50_2.72","vary_sd",2.72,-0.2,FALSE,250,1.41725036624756,1.41052437843314,0.049668064628647,0.94,0.0957194409921844,-0.0067259878144168,"gamma_bin"
"gamma_bin_7.50_2.72","vary_sd",2.72,-0.2,FALSE,251,1.14473843834061,1.13594849027986,0.0425335678753215,0.96,0.0859641280474872,-0.00878994806074518,"gamma_bin"
"gamma_bin_7.50_2.72","vary_sd",2.72,-0.2,FALSE,252,1.28957905264017,1.30159512556048,0.0481316156276786,0.92,0.0916735903870711,0.0120160729203085,"gamma_bin"
"gamma_bin_7.50_2.72","vary_sd",2.72,-0.2,FALSE,253,1.41164181175606,1.43038311744127,0.0421689843591041,0.96,0.0949831093825332,0.0187413056852133,"gamma_bin"
"gamma_bin_7.50_3.40","vary_sd",3.4,0,TRUE,15,1.02510010675531,1.0212843594124,0.0228872655931776,0.99,0.0554767182376603,-0.00381574734290835,"gamma_bin"
"gamma_bin_7.50_3.40","vary_sd",3.4,0,TRUE,16,1.25252014867933,1.25636075461865,0.0280691164714653,0.98,0.0599790734922544,0.00384060593931612,"gamma_bin"
"gamma_bin_7.50_3.40","vary_sd",3.4,0,TRUE,17,1.21525733695915,1.21718394943615,0.0307367655509506,0.96,0.0579229403342399,0.00192661247699677,"gamma_bin"
"gamma_bin_7.50_3.40","vary_sd",3.4,0,TRUE,18,0.979230198394809,0.97714514865068,0.0242048952282676,0.96,0.0512006889268173,-0.00208504974412871,"gamma_bin"
"gamma_bin_7.50_3.40","vary_sd",3.4,0,TRUE,19,1.02544833790337,1.02675391878828,0.0286686521931618,0.94,0.0519291358086409,0.00130558088490695,"gamma_bin"
"gamma_bin_7.50_3.40","vary_sd",3.4,0,TRUE,20,1.03933643277786,1.04342493069768,0.0220834721518336,0.98,0.0519274809004201,0.00408849791982213,"gamma_bin"
"gamma_bin_7.50_3.40","vary_sd",3.4,0,TRUE,21,1.31704644033967,1.3171375129472,0.0282908954736636,0.96,0.0580251425802819,9.1072607531606e-05,"gamma_bin"
"gamma_bin_7.50_3.40","vary_sd",3.4,0,TRUE,22,1.01626238281987,1.01332677774749,0.0268519093938666,0.92,0.0506959756491172,-0.00293560507237967,"gamma_bin"
"gamma_bin_7.50_3.40","vary_sd",3.4,0,TRUE,23,0.750219977978433,0.751296873550731,0.0194048715368919,0.97,0.0434312555869731,0.00107689557229829,"gamma_bin"
"gamma_bin_7.50_3.40","vary_sd",3.4,0,TRUE,24,0.68680573053247,0.688951595413334,0.0213499773118175,0.96,0.0413402011453,0.00214586488086377,"gamma_bin"
"gamma_bin_7.50_3.40","vary_sd",3.4,0,TRUE,25,1.09137562864791,1.09427172070787,0.0257882875526817,0.95,0.0519575604036378,0.002896092059957,"gamma_bin"
"gamma_bin_7.50_3.40","vary_sd",3.4,0,TRUE,26,0.741057834922739,0.744339970546812,0.0229712153614169,0.92,0.0430010157021923,0.00328213562407309,"gamma_bin"
"gamma_bin_7.50_3.40","vary_sd",3.4,0,TRUE,27,0.768534353981288,0.768413921513647,0.0220531468263817,0.93,0.0440353488614803,-0.000120432467641041,"gamma_bin"
"gamma_bin_7.50_3.40","vary_sd",3.4,0,TRUE,28,0.752768210408917,0.751477675440056,0.0244836765204763,0.92,0.0439940263628307,-0.00129053496886122,"gamma_bin"
"gamma_bin_7.50_3.40","vary_sd",3.4,0,TRUE,29,0.700189279957523,0.701324824242379,0.0196977487763086,0.98,0.0430343834061141,0.00113554428485596,"gamma_bin"
"gamma_bin_7.50_3.40","vary_sd",3.4,0,TRUE,30,0.555240242382622,0.553651786729387,0.0205899749765538,0.91,0.038804984367399,-0.00158845565323495,"gamma_bin"
"gamma_bin_7.50_3.40","vary_sd",3.4,0,TRUE,31,0.584450640057208,0.585608195174617,0.0203178644377732,0.96,0.0406213935974059,0.00115755511740945,"gamma_bin"
"gamma_bin_7.50_3.40","vary_sd",3.4,0,TRUE,32,0.680297862250013,0.677015662373544,0.0207377070762953,0.95,0.0446358529894995,-0.00328219987646905,"gamma_bin"
"gamma_bin_7.50_3.40","vary_sd",3.4,0,TRUE,33,0.95896579009836,0.957124664785932,0.0263931893904349,0.95,0.0544787891607876,-0.00184112531242786,"gamma_bin"
"gamma_bin_7.50_3.40","vary_sd",3.4,0,TRUE,34,1.26713544933213,1.2610630838654,0.0326032036059828,0.98,0.0643409910558514,-0.00607236546673273,"gamma_bin"
"gamma_bin_7.50_3.40","vary_sd",3.4,0,TRUE,35,1.32835487275134,1.31660231616688,0.0344756852926331,0.93,0.067411821915127,-0.0117525565844552,"gamma_bin"
"gamma_bin_7.50_3.40","vary_sd",3.4,0,TRUE,36,0.820532179912435,0.816127571562004,0.0273254058378078,0.95,0.0538371728923759,-0.00440460835043144,"gamma_bin"
"gamma_bin_7.50_3.40","vary_sd",3.4,0,TRUE,37,0.605066948223753,0.603145389999094,0.0262126917221856,0.94,0.0463135670580989,-0.00192155822465867,"gamma_bin"
"gamma_bin_7.50_3.40","vary_sd",3.4,0,TRUE,38,0.480613317476216,0.48246328632107,0.0206596310620921,0.96,0.0411740556443272,0.00184996884485439,"gamma_bin"
"gamma_bin_7.50_3.40","vary_sd",3.4,0,TRUE,39,0.729684595490469,0.738346490668551,0.0283976587495109,0.92,0.0508323206408116,0.00866189517808236,"gamma_bin"
"gamma_bin_7.50_3.40","vary_sd",3.4,0,TRUE,40,0.815117093248404,0.823497977449632,0.0292383799016929,0.95,0.0541518021451056,0.00838088420122829,"gamma_bin"
"gamma_bin_7.50_3.40","vary_sd",3.4,0,TRUE,41,0.615435524003123,0.61643622976353,0.0238658494444241,0.94,0.0477378912348369,0.00100070576040678,"gamma_bin"
"gamma_bin_7.50_3.40","vary_sd",3.4,0,TRUE,42,0.771681049543453,0.768914837991136,0.0252468081090153,0.96,0.0546081392181679,-0.00276621155231649,"gamma_bin"
"gamma_bin_7.50_3.40","vary_sd",3.4,0,TRUE,43,0.638637642797715,0.635266132033834,0.0282450407705246,0.93,0.0509097576339422,-0.00337151076388065,"gamma_bin"
"gamma_bin_7.50_3.40","vary_sd",3.4,0,TRUE,44,0.502607638572081,0.505143031673736,0.0260686362461262,0.92,0.0465446990783663,0.0025353931016554,"gamma_bin"
"gamma_bin_7.50_3.40","vary_sd",3.4,0,TRUE,45,0.419348773276434,0.422708225459673,0.0201236210600395,0.96,0.0436466983635558,0.00335945218323908,"gamma_bin"
"gamma_bin_7.50_3.40","vary_sd",3.4,0,TRUE,46,0.532523289397014,0.534984341057806,0.0262144082475342,0.94,0.0504326094197015,0.00246105166079169,"gamma_bin"
"gamma_bin_7.50_3.40","vary_sd",3.4,0,TRUE,47,0.748164536979726,0.750931137029642,0.0278776914162317,0.99,0.0616782846307303,0.00276660004991625,"gamma_bin"
"gamma_bin_7.50_3.40","vary_sd",3.4,0,TRUE,48,0.699597036363356,0.696091169329542,0.0292670645130791,0.96,0.0615821306887063,-0.0035058670338145,"gamma_bin"
"gamma_bin_7.50_3.40","vary_sd",3.4,0,TRUE,49,0.840634610500807,0.842894866587383,0.0326072376499758,0.97,0.0703444309275101,0.00226025608657565,"gamma_bin"
"gamma_bin_7.50_3.40","vary_sd",3.4,0,TRUE,50,0.605572567510499,0.606598902748588,0.0274104122116487,0.97,0.0617363294672892,0.00102633523808859,"gamma_bin"
"gamma_bin_7.50_3.40","vary_sd",3.4,0,TRUE,51,0.551154795645625,0.550012300396762,0.0282012940169007,0.98,0.0604531090396845,-0.00114249524886301,"gamma_bin"
"gamma_bin_7.50_3.40","vary_sd",3.4,0,TRUE,52,0.382419782215341,0.380267251225288,0.028962338493202,0.94,0.0514554893812737,-0.00215253099005347,"gamma_bin"
"gamma_bin_7.50_3.40","vary_sd",3.4,0,TRUE,53,0.67605453850849,0.672369808335268,0.0372873213483778,0.96,0.0700914858554794,-0.0036847301732218,"gamma_bin"
"gamma_bin_7.50_3.40","vary_sd",3.4,0,TRUE,54,0.67389745281474,0.680304216046177,0.0363468504632722,0.94,0.0725462990691293,0.00640676323143718,"gamma_bin"
"gamma_bin_7.50_3.40","vary_sd",3.4,0,TRUE,55,0.928654307802489,0.930131917670843,0.0449490567043014,0.98,0.0876751784032177,0.00147760986835377,"gamma_bin"
"gamma_bin_7.50_3.40","vary_sd",3.4,0,TRUE,56,0.750444909156983,0.752576461701674,0.0440911728178316,0.93,0.0815690556228687,0.002131552544691,"gamma_bin"
"gamma_bin_7.50_3.40","vary_sd",3.4,0,TRUE,57,0.713559496047443,0.706455412877683,0.0422351782771037,0.97,0.0813930999227283,-0.00710408316975952,"gamma_bin"
"gamma_bin_7.50_3.40","vary_sd",3.4,0,TRUE,58,0.492127182876667,0.49230634578531,0.037420930410784,0.92,0.0695151837426865,0.000179162908642783,"gamma_bin"
"gamma_bin_7.50_3.40","vary_sd",3.4,0,TRUE,59,0.488121905081673,0.489229668075211,0.0355669941908726,0.94,0.0706401423308695,0.00110776299353804,"gamma_bin"
"gamma_bin_7.50_3.40","vary_sd",3.4,0,TRUE,60,0.671861168143052,0.677679144618387,0.0408769106831725,0.98,0.0848585441889874,0.00581797647533489,"gamma_bin"
"gamma_bin_7.50_3.40","vary_sd",3.4,0,TRUE,61,0.791762464983911,0.792455851508355,0.0457713501248186,0.96,0.0941409938578651,0.000693386524443507,"gamma_bin"
"gamma_bin_7.50_3.40","vary_sd",3.4,0,TRUE,62,0.652922492639065,0.64964264370127,0.0462578935621239,0.93,0.087826861312659,-0.00327984893779532,"gamma_bin"
"gamma_bin_7.50_3.40","vary_sd",3.4,0,TRUE,63,0.613891069127135,0.612514550279132,0.041388510304979,0.97,0.0879373410068028,-0.00137651884800249,"gamma_bin"
"gamma_bin_7.50_3.40","vary_sd",3.4,0,TRUE,64,0.747174650317661,0.747729754773307,0.0501398585207621,0.93,0.0999840512929044,0.000555104455646549,"gamma_bin"
"gamma_bin_7.50_3.40","vary_sd",3.4,0,TRUE,65,0.706701130088712,0.708266596411517,0.0538053976831985,0.96,0.0999826008761727,0.00156546632280541,"gamma_bin"
"gamma_bin_7.50_3.40","vary_sd",3.4,0,TRUE,66,0.51187393654748,0.51831859203601,0.0433161401276369,0.95,0.0877514694991272,0.00644465548852979,"gamma_bin"
"gamma_bin_7.50_3.40","vary_sd",3.4,0,TRUE,67,0.670601402325688,0.666690863927208,0.0516855961743243,0.96,0.101982970192658,-0.00391053839848043,"gamma_bin"
"gamma_bin_7.50_3.40","vary_sd",3.4,0,TRUE,68,1.17253163081397,1.17131797818277,0.0727873354032162,0.92,0.138649130464751,-0.00121365263120099,"gamma_bin"
"gamma_bin_7.50_3.40","vary_sd",3.4,0,TRUE,69,1.09882955126721,1.0880967509749,0.0783730073738527,0.93,0.137131472086241,-0.0107328002923093,"gamma_bin"
"gamma_bin_7.50_3.40","vary_sd",3.4,0,TRUE,70,0.864010024055233,0.856692629717964,0.0636247525951416,0.94,0.124284922259903,-0.00731739433726908,"gamma_bin"
"gamma_bin_7.50_3.40","vary_sd",3.4,0,TRUE,71,0.715098113998147,0.711840121700314,0.0626177966091814,0.94,0.114605678568666,-0.00325799229783286,"gamma_bin"
"gamma_bin_7.50_3.40","vary_sd",3.4,0,TRUE,72,0.5778146754347,0.586952107381684,0.0537796983891275,0.95,0.104577403954461,0.00913743194698413,"gamma_bin"
"gamma_bin_7.50_3.40","vary_sd",3.4,0,TRUE,73,0.968098548670386,0.977857814547357,0.0620431719926306,0.97,0.135643386674659,0.00975926587697107,"gamma_bin"
"gamma_bin_7.50_3.40","vary_sd",3.4,0,TRUE,74,0.655349167508219,0.659370123603281,0.0584350388857867,0.92,0.11239260815829,0.00402095609506203,"gamma_bin"
"gamma_bin_7.50_3.40","vary_sd",3.4,0,TRUE,75,0.59977224361632,0.600255159566978,0.0541180490380052,0.95,0.108724027220043,0.000482915950658191,"gamma_bin"
"gamma_bin_7.50_3.40","vary_sd",3.4,0,TRUE,76,0.795810456805532,0.800035683393824,0.0634071174910647,0.95,0.127694681611703,0.00422522658829239,"gamma_bin"
"gamma_bin_7.50_3.40","vary_sd",3.4,0,TRUE,77,0.873668877519834,0.871778576451617,0.0671696634410754,0.94,0.136035182498692,-0.00189030106821697,"gamma_bin"
"gamma_bin_7.50_3.40","vary_sd",3.4,0,TRUE,78,0.655524310026793,0.658549332434155,0.0707857123869068,0.92,0.120816799812589,0.00302502240736224,"gamma_bin"
"gamma_bin_7.50_3.40","vary_sd",3.4,0,TRUE,79,0.810623636163075,0.818906505119753,0.0728176190590553,0.93,0.137604920135246,0.00828286895667851,"gamma_bin"
"gamma_bin_7.50_3.40","vary_sd",3.4,0,TRUE,80,0.610456557383718,0.607958763385583,0.0537134365314258,0.99,0.120924119259284,-0.00249779399813532,"gamma_bin"
"gamma_bin_7.50_3.40","vary_sd",3.4,0,TRUE,81,0.859858611274139,0.862960011217099,0.0772203193602873,0.94,0.146783367942692,0.00310139994296021,"gamma_bin"
"gamma_bin_7.50_3.40","vary_sd",3.4,0,TRUE,82,0.71793472208637,0.721285154512068,0.066587614513654,0.97,0.136738790892083,0.00335043242569766,"gamma_bin"
"gamma_bin_7.50_3.40","vary_sd",3.4,0,TRUE,83,0.992203959261976,0.988529172305417,0.0809660347575656,0.97,0.163206174117739,-0.00367478695655865,"gamma_bin"
"gamma_bin_7.50_3.40","vary_sd",3.4,0,TRUE,84,1.12541562776308,1.11839905153641,0.0963088909740367,0.96,0.176802960880491,-0.00701657622666851,"gamma_bin"
"gamma_bin_7.50_3.40","vary_sd",3.4,0,TRUE,85,0.719081428835968,0.724813324189559,0.0797515867131974,0.95,0.144463168568782,0.00573189535359087,"gamma_bin"
"gamma_bin_7.50_3.40","vary_sd",3.4,0,TRUE,86,0.84752493125734,0.85543749220226,0.0743802626236294,0.96,0.158586017884732,0.00791256094492054,"gamma_bin"
"gamma_bin_7.50_3.40","vary_sd",3.4,0,TRUE,87,0.855021916180829,0.859203599538845,0.0823503961506021,0.95,0.159922604404654,0.00418168335801627,"gamma_bin"
"gamma_bin_7.50_3.40","vary_sd",3.4,0,TRUE,88,1.05231211723794,1.06634192142843,0.0913184141611243,0.94,0.179295089059539,0.0140298041904945,"gamma_bin"
"gamma_bin_7.50_3.40","vary_sd",3.4,0,TRUE,89,0.736245763604483,0.743000758699779,0.0808767664363667,0.96,0.150716028932405,0.00675499509529631,"gamma_bin"
"gamma_bin_7.50_3.40","vary_sd",3.4,0,TRUE,90,0.910435800275709,0.9281667273041,0.0848384021431206,0.95,0.169768915573423,0.0177309270283912,"gamma_bin"
"gamma_bin_7.50_3.40","vary_sd",3.4,0,TRUE,91,0.875373992276142,0.88902665679017,0.0865169964637045,0.94,0.167315939598928,0.013652664514028,"gamma_bin"
"gamma_bin_7.50_3.40","vary_sd",3.4,0,TRUE,92,1.13308580158326,1.12410669325802,0.0899855913351527,0.95,0.189732189493329,-0.00897910832524373,"gamma_bin"
"gamma_bin_7.50_3.40","vary_sd",3.4,0,TRUE,93,0.779622317935819,0.790591641339825,0.0844668591768874,0.93,0.160304057304776,0.0109693234040062,"gamma_bin"
"gamma_bin_7.50_3.40","vary_sd",3.4,0,TRUE,94,0.738590807925372,0.734403575207915,0.0817527651787705,0.95,0.155377181059846,-0.00418723271745725,"gamma_bin"
"gamma_bin_7.50_3.40","vary_sd",3.4,0,TRUE,95,0.736386067431423,0.750380089909185,0.0868653183616308,0.93,0.157886796978069,0.0139940224777616,"gamma_bin"
"gamma_bin_7.50_3.40","vary_sd",3.4,0,TRUE,96,0.940470991453404,0.95494373033707,0.0935937545836862,0.96,0.179445218054704,0.0144727388836655,"gamma_bin"
"gamma_bin_7.50_3.40","vary_sd",3.4,0,TRUE,97,0.92681020267862,0.942869940664748,0.0888033892753074,0.96,0.180312507408637,0.0160597379861279,"gamma_bin"
"gamma_bin_7.50_3.40","vary_sd",3.4,0,TRUE,98,0.805264800704658,0.817444598051878,0.0840061901356989,0.92,0.170012630404764,0.0121797973472199,"gamma_bin"
"gamma_bin_7.50_3.40","vary_sd",3.4,0,TRUE,99,0.96897608307621,0.991609269839016,0.10362615903217,0.95,0.189389360107428,0.0226331867628062,"gamma_bin"
"gamma_bin_7.50_3.40","vary_sd",3.4,0,TRUE,100,0.483332995262756,0.490320275858615,0.0688894652195,0.95,0.13450662083598,0.00698728059585901,"gamma_bin"
"gamma_bin_7.50_3.40","vary_sd",3.4,0,TRUE,101,0.66077716283239,0.675022794379278,0.084519327772348,0.94,0.159300563220332,0.0142456315468877,"gamma_bin"
"gamma_bin_7.50_3.40","vary_sd",3.4,0,TRUE,102,0.655745239910364,0.658740320208297,0.0741761907184321,0.97,0.15915415548238,0.00299508029793261,"gamma_bin"
"gamma_bin_7.50_3.40","vary_sd",3.4,0,TRUE,103,1.19599908198214,1.19254697911446,0.101002875573136,0.99,0.217955776860125,-0.00345210286768216,"gamma_bin"
"gamma_bin_7.50_3.40","vary_sd",3.4,0,TRUE,104,1.52020654998133,1.51208574655248,0.123980520718528,0.94,0.250688985208948,-0.00812080342885269,"gamma_bin"
"gamma_bin_7.50_3.40","vary_sd",3.4,0,TRUE,105,1.10303826313934,1.10491722719496,0.114119280525942,0.93,0.218132062561385,0.00187896405562271,"gamma_bin"
"gamma_bin_7.50_3.40","vary_sd",3.4,0,TRUE,106,0.895258886773757,0.897774230967386,0.0977202483571078,0.98,0.197809239220114,0.00251534419362909,"gamma_bin"
"gamma_bin_7.50_3.40","vary_sd",3.4,0,TRUE,107,0.603016892421566,0.601898597828037,0.0795130348806635,0.91,0.160869692717846,-0.00111829459352908,"gamma_bin"
"gamma_bin_7.50_3.40","vary_sd",3.4,0,TRUE,108,1.07762321196894,1.08502008413036,0.115342032059981,0.92,0.213952454402546,0.00739687216141616,"gamma_bin"
"gamma_bin_7.50_3.40","vary_sd",3.4,0,TRUE,109,1.67936751135944,1.70171821622131,0.162989784885779,0.94,0.266781201171272,0.0223507048618707,"gamma_bin"
"gamma_bin_7.50_3.40","vary_sd",3.4,0,TRUE,110,0.778512854791425,0.792133686885517,0.0868193766651832,0.94,0.182117287292465,0.013620832094092,"gamma_bin"
"gamma_bin_7.50_3.40","vary_sd",3.4,0,TRUE,111,0.992005341124613,0.979190458688577,0.0987612160647014,0.93,0.201950857823834,-0.0128148824360356,"gamma_bin"
"gamma_bin_7.50_3.40","vary_sd",3.4,0,TRUE,112,1.07688074493023,1.07607454198729,0.112995852771116,0.94,0.210415181374907,-0.000806202942936762,"gamma_bin"
"gamma_bin_7.50_3.40","vary_sd",3.4,0,TRUE,113,0.702400819858529,0.717947360166353,0.0849929601578111,0.95,0.170808241332319,0.0155465403078243,"gamma_bin"
"gamma_bin_7.50_3.40","vary_sd",3.4,0,TRUE,114,0.976066509197994,0.978669539399278,0.107405039533438,0.96,0.198739727747391,0.00260303020128427,"gamma_bin"
"gamma_bin_7.50_3.40","vary_sd",3.4,0,TRUE,115,1.23867756628513,1.23587436452302,0.118650803748467,0.95,0.223435182976214,-0.00280320176211069,"gamma_bin"
"gamma_bin_7.50_3.40","vary_sd",3.4,0,TRUE,116,1.16180338965973,1.16686828094923,0.108011467690609,0.98,0.218038601011144,0.00506489128949661,"gamma_bin"
"gamma_bin_7.50_3.40","vary_sd",3.4,0,TRUE,117,1.19462029108814,1.19174891925461,0.113379909494199,0.94,0.220965600419401,-0.00287137183353159,"gamma_bin"
"gamma_bin_7.50_3.40","vary_sd",3.4,0,TRUE,118,1.16321995780671,1.15494849506767,0.111248061683335,0.96,0.217167704314544,-0.00827146273904367,"gamma_bin"
"gamma_bin_7.50_3.40","vary_sd",3.4,0,TRUE,119,1.07032628214879,1.07529044305233,0.100273168635946,0.94,0.208090260146244,0.00496416090354423,"gamma_bin"
"gamma_bin_7.50_3.40","vary_sd",3.4,0,TRUE,120,0.877757633134012,0.876432170233837,0.0846719923565684,0.96,0.186017532097531,-0.00132546290017455,"gamma_bin"
"gamma_bin_7.50_3.40","vary_sd",3.4,0,TRUE,121,1.36755731263547,1.37497664642568,0.11397237489149,0.96,0.230657276074969,0.00741933379021265,"gamma_bin"
"gamma_bin_7.50_3.40","vary_sd",3.4,0,TRUE,122,0.835796444244159,0.851624467028003,0.0893588820533067,0.97,0.180267803519952,0.0158280227838442,"gamma_bin"
"gamma_bin_7.50_3.40","vary_sd",3.4,0,TRUE,123,1.26724551805682,1.26658270239607,0.101499577853326,0.97,0.218567311653954,-0.000662815660745775,"gamma_bin"
"gamma_bin_7.50_3.40","vary_sd",3.4,0,TRUE,124,0.969129898643769,0.973860534279753,0.0854391844003194,0.98,0.190636810920044,0.0047306356359843,"gamma_bin"
"gamma_bin_7.50_3.40","vary_sd",3.4,0,TRUE,125,0.847338782890042,0.855237603908547,0.0800567325015163,0.99,0.177802316180989,0.00789882101850514,"gamma_bin"
"gamma_bin_7.50_3.40","vary_sd",3.4,0,TRUE,126,0.715564882412269,0.727496478886182,0.0781684945292282,0.96,0.163169760607505,0.0119315964739128,"gamma_bin"
"gamma_bin_7.50_3.40","vary_sd",3.4,0,TRUE,127,0.94782383341486,0.952476115369324,0.0938122220236804,0.94,0.186399064881736,0.0046522819544641,"gamma_bin"
"gamma_bin_7.50_3.40","vary_sd",3.4,0,TRUE,128,0.685081694959754,0.689576675412253,0.0730024212686828,0.97,0.159254392677276,0.00449498045249908,"gamma_bin"
"gamma_bin_7.50_3.40","vary_sd",3.4,0,TRUE,129,0.940719567434955,0.943642634126379,0.0958346468238328,0.93,0.1879228290927,0.00292306669142428,"gamma_bin"
"gamma_bin_7.50_3.40","vary_sd",3.4,0,TRUE,130,0.882735861931285,0.879164351033327,0.0883353880091852,0.97,0.183541671356938,-0.00357151089795793,"gamma_bin"
"gamma_bin_7.50_3.40","vary_sd",3.4,0,TRUE,131,0.908592867608554,0.921513505754483,0.10221017180335,0.94,0.190471783335817,0.0129206381459295,"gamma_bin"
"gamma_bin_7.50_3.40","vary_sd",3.4,0,TRUE,132,0.919571358645804,0.903073096768611,0.0926837979554606,0.94,0.19083150877886,-0.0164982618771927,"gamma_bin"
"gamma_bin_7.50_3.40","vary_sd",3.4,0,TRUE,133,0.772870216905444,0.763423685772777,0.0959796325095715,0.95,0.177206195191056,-0.00944653113266702,"gamma_bin"
"gamma_bin_7.50_3.40","vary_sd",3.4,0,TRUE,134,0.850110615604727,0.841191601244858,0.0807369408343792,0.98,0.187822102513636,-0.00891901435986908,"gamma_bin"
"gamma_bin_7.50_3.40","vary_sd",3.4,0,TRUE,135,0.784750966748685,0.782319530428676,0.104711448785623,0.92,0.182515902676298,-0.00243143632000908,"gamma_bin"
"gamma_bin_7.50_3.40","vary_sd",3.4,0,TRUE,136,0.974669466757976,0.987008389932247,0.102765199062548,0.97,0.207283777502752,0.0123389231742712,"gamma_bin"
"gamma_bin_7.50_3.40","vary_sd",3.4,0,TRUE,137,0.984151011066472,0.989222906646568,0.114250496462297,0.95,0.210037692226666,0.00507189558009558,"gamma_bin"
"gamma_bin_7.50_3.40","vary_sd",3.4,0,TRUE,138,1.1907508581573,1.18449344637511,0.113420685469027,0.98,0.232450547714033,-0.00625741178218631,"gamma_bin"
"gamma_bin_7.50_3.40","vary_sd",3.4,0,TRUE,139,1.38368582408824,1.37288774058282,0.123693366113998,0.96,0.252369402514103,-0.0107980835054247,"gamma_bin"
"gamma_bin_7.50_3.40","vary_sd",3.4,0,TRUE,140,0.815817246340058,0.824455019699992,0.103558511704902,0.93,0.195946101204563,0.0086377733599341,"gamma_bin"
"gamma_bin_7.50_3.40","vary_sd",3.4,0,TRUE,141,0.948708845408202,0.956112078346519,0.110254763391921,0.96,0.21001741074162,0.0074032329383168,"gamma_bin"
"gamma_bin_7.50_3.40","vary_sd",3.4,0,TRUE,142,0.887913521021147,0.903883878929986,0.110263315879613,0.93,0.20258228948243,0.0159703579088387,"gamma_bin"
"gamma_bin_7.50_3.40","vary_sd",3.4,0,TRUE,143,1.33195215209727,1.31825200834319,0.13307308180832,0.93,0.243285360352883,-0.0137001437540809,"gamma_bin"
"gamma_bin_7.50_3.40","vary_sd",3.4,0,TRUE,144,1.33130915175386,1.35028269901494,0.134979052264323,0.93,0.245771162700679,0.0189735472610779,"gamma_bin"
"gamma_bin_7.50_3.40","vary_sd",3.4,0,TRUE,145,1.36040954450305,1.3639553045501,0.114441768393703,0.97,0.24676370199557,0.0035457600470481,"gamma_bin"
"gamma_bin_7.50_3.40","vary_sd",3.4,0,TRUE,146,1.03071516120352,1.02661487461356,0.105902428497007,0.95,0.212505342357965,-0.00410028658995709,"gamma_bin"
"gamma_bin_7.50_3.40","vary_sd",3.4,0,TRUE,147,1.01542687773298,1.02216415040374,0.102091589838163,0.97,0.209233868508392,0.00673727267075863,"gamma_bin"
"gamma_bin_7.50_3.40","vary_sd",3.4,0,TRUE,148,0.918038272830281,0.918090116373776,0.0962678678647275,0.95,0.195342686022046,5.18435434947451e-05,"gamma_bin"
"gamma_bin_7.50_3.40","vary_sd",3.4,0,TRUE,149,0.795403147880171,0.803344455862292,0.0912172476675974,0.94,0.180725131907069,0.00794130798212056,"gamma_bin"
"gamma_bin_7.50_3.40","vary_sd",3.4,0,TRUE,150,0.947076494147123,0.955549643640157,0.0930271898128735,0.96,0.195827170536627,0.00847314949303446,"gamma_bin"
"gamma_bin_7.50_3.40","vary_sd",3.4,0,TRUE,151,0.838902415667924,0.835055403909212,0.10400251674077,0.95,0.183003589772908,-0.00384701175871205,"gamma_bin"
"gamma_bin_7.50_3.40","vary_sd",3.4,0,TRUE,152,1.10280245382765,1.09510134753673,0.116305566911509,0.96,0.21101662103334,-0.00770110629091647,"gamma_bin"
"gamma_bin_7.50_3.40","vary_sd",3.4,0,TRUE,153,1.09815440539428,1.09913638483541,0.106951767646482,0.95,0.213196189756546,0.000981979441130987,"gamma_bin"
"gamma_bin_7.50_3.40","vary_sd",3.4,0,TRUE,154,0.933699509626363,0.9453242761993,0.112148565338548,0.92,0.199066789828798,0.0116247665729365,"gamma_bin"
"gamma_bin_7.50_3.40","vary_sd",3.4,0,TRUE,155,0.677259462566555,0.696688797199014,0.0889309006853101,0.96,0.17148319827179,0.019429334632459,"gamma_bin"
"gamma_bin_7.50_3.40","vary_sd",3.4,0,TRUE,156,0.794318325784725,0.786512343939486,0.101781013425123,0.91,0.182282411076847,-0.0078059818452394,"gamma_bin"
"gamma_bin_7.50_3.40","vary_sd",3.4,0,TRUE,157,0.863129045133472,0.857843949953106,0.102429249871512,0.92,0.190963677036343,-0.00528509518036635,"gamma_bin"
"gamma_bin_7.50_3.40","vary_sd",3.4,0,TRUE,158,1.2121292060572,1.22574925945604,0.131312665594175,0.93,0.230030314351038,0.0136200533988364,"gamma_bin"
"gamma_bin_7.50_3.40","vary_sd",3.4,0,TRUE,159,1.02410099479473,1.0172144074325,0.101416810086145,0.94,0.211944721958802,-0.00688658736222791,"gamma_bin"
"gamma_bin_7.50_3.40","vary_sd",3.4,0,TRUE,160,0.905625417711481,0.902428692865299,0.0997582244137553,0.95,0.201289964561777,-0.00319672484618183,"gamma_bin"
"gamma_bin_7.50_3.40","vary_sd",3.4,0,TRUE,161,0.911623484707899,0.919249101601433,0.106147153947003,0.95,0.204068473616254,0.00762561689353369,"gamma_bin"
"gamma_bin_7.50_3.40","vary_sd",3.4,0,TRUE,162,0.854314364398061,0.867595854608695,0.112637810118651,0.95,0.198332897481768,0.0132814902106342,"gamma_bin"
"gamma_bin_7.50_3.40","vary_sd",3.4,0,TRUE,163,0.939538506142908,0.930125981431172,0.101141354869714,0.93,0.205618982311607,-0.0094125247117357,"gamma_bin"
"gamma_bin_7.50_3.40","vary_sd",3.4,0,TRUE,164,0.804264811038419,0.799473674209863,0.104055242841621,0.94,0.19117672497865,-0.00479113682855614,"gamma_bin"
"gamma_bin_7.50_3.40","vary_sd",3.4,0,TRUE,165,1.00142358506205,1.02257688211815,0.110075044393145,0.97,0.217716612624655,0.0211532970560986,"gamma_bin"
"gamma_bin_7.50_3.40","vary_sd",3.4,0,TRUE,166,1.22258511650756,1.1915957941558,0.126254256228436,0.95,0.23655624570536,-0.0309893223517583,"gamma_bin"
"gamma_bin_7.50_3.40","vary_sd",3.4,0,TRUE,167,0.797785743145654,0.800389668364346,0.0999964021948388,0.96,0.195424535741412,0.00260392521869179,"gamma_bin"
"gamma_bin_7.50_3.40","vary_sd",3.4,0,TRUE,168,1.1498418409574,1.15827781663997,0.110274162256748,0.96,0.236106231286647,0.00843597568256915,"gamma_bin"
"gamma_bin_7.50_3.40","vary_sd",3.4,0,TRUE,169,0.760349335694062,0.761476945623962,0.102347069252013,0.96,0.191674393813318,0.0011276099298998,"gamma_bin"
"gamma_bin_7.50_3.40","vary_sd",3.4,0,TRUE,170,1.37423882796411,1.37998222277843,0.127218691569359,0.98,0.258183274156722,0.00574339481432373,"gamma_bin"
"gamma_bin_7.50_3.40","vary_sd",3.4,0,TRUE,171,0.879916177740953,0.888456888617943,0.088640234791454,0.98,0.207242588617893,0.00854071087699004,"gamma_bin"
"gamma_bin_7.50_3.40","vary_sd",3.4,0,TRUE,172,1.40469809778524,1.39764166382716,0.124616168635384,0.96,0.25964049535565,-0.00705643395807742,"gamma_bin"
"gamma_bin_7.50_3.40","vary_sd",3.4,0,TRUE,173,0.919193657171105,0.912614591293033,0.100464075741438,0.97,0.209178833333815,-0.006579065878072,"gamma_bin"
"gamma_bin_7.50_3.40","vary_sd",3.4,0,TRUE,174,0.923156528563282,0.925478236173625,0.104174446679446,0.95,0.209295336342621,0.002321707610343,"gamma_bin"
"gamma_bin_7.50_3.40","vary_sd",3.4,0,TRUE,175,1.03837120055872,1.06935075138704,0.108977719821643,0.93,0.223419393348049,0.0309795508283193,"gamma_bin"
"gamma_bin_7.50_3.40","vary_sd",3.4,0,TRUE,176,0.998550191051843,0.990791956913453,0.107959710152361,0.95,0.213894234366343,-0.00775823413839005,"gamma_bin"
"gamma_bin_7.50_3.40","vary_sd",3.4,0,TRUE,177,1.0672490953256,1.05967080655668,0.107357257161166,0.98,0.220825011696162,-0.00757828876891753,"gamma_bin"
"gamma_bin_7.50_3.40","vary_sd",3.4,0,TRUE,178,0.796488943635566,0.789864217570126,0.085181084907344,0.97,0.190456681469625,-0.0066247260654404,"gamma_bin"
"gamma_bin_7.50_3.40","vary_sd",3.4,0,TRUE,179,1.19853631620291,1.2034812398763,0.108893375751027,0.97,0.235344178310683,0.00494492367338717,"gamma_bin"
"gamma_bin_7.50_3.40","vary_sd",3.4,0,TRUE,180,1.18742234445089,1.19417622128688,0.105763548334246,0.97,0.234675875966114,0.00675387683598871,"gamma_bin"
"gamma_bin_7.50_3.40","vary_sd",3.4,0,TRUE,181,1.49419822100474,1.48911803528777,0.125189523058365,0.98,0.262201211096577,-0.00508018571697311,"gamma_bin"
"gamma_bin_7.50_3.40","vary_sd",3.4,0,TRUE,182,1.51569971274724,1.50876205919783,0.145972476302255,0.91,0.263150007688075,-0.0069376535494079,"gamma_bin"
"gamma_bin_7.50_3.40","vary_sd",3.4,0,TRUE,183,0.993078083144793,0.996500855738852,0.120517306511936,0.92,0.21137539583299,0.00342277259405865,"gamma_bin"
"gamma_bin_7.50_3.40","vary_sd",3.4,0,TRUE,184,0.900895179433443,0.902833514719512,0.105864474640049,0.94,0.197770742688738,0.00193833528606913,"gamma_bin"
"gamma_bin_7.50_3.40","vary_sd",3.4,0,TRUE,185,0.823216514722493,0.828336478063419,0.0932950829958794,0.94,0.18592696721347,0.00511996334092613,"gamma_bin"
"gamma_bin_7.50_3.40","vary_sd",3.4,0,TRUE,186,1.22622352517845,1.24673193428888,0.0995169262677588,0.98,0.224922148892335,0.0205084091104326,"gamma_bin"
"gamma_bin_7.50_3.40","vary_sd",3.4,0,TRUE,187,0.917485344129662,0.932589530924158,0.0927912195931367,0.97,0.193371404193032,0.0151041867944962,"gamma_bin"
"gamma_bin_7.50_3.40","vary_sd",3.4,0,TRUE,188,1.14600718978611,1.13399812581779,0.109029212656339,0.95,0.21317782971008,-0.0120090639683155,"gamma_bin"
"gamma_bin_7.50_3.40","vary_sd",3.4,0,TRUE,189,1.15017955401154,1.16262519917791,0.1039422013017,0.96,0.21585561141864,0.0124456451663744,"gamma_bin"
"gamma_bin_7.50_3.40","vary_sd",3.4,0,TRUE,190,1.13787761403339,1.12892092072761,0.105196804412081,0.95,0.212581352389655,-0.00895669330578319,"gamma_bin"
"gamma_bin_7.50_3.40","vary_sd",3.4,0,TRUE,191,1.77820774658985,1.77559162982697,0.128260401262668,0.99,0.265778834466433,-0.00261611676287976,"gamma_bin"
"gamma_bin_7.50_3.40","vary_sd",3.4,0,TRUE,192,1.12621869533816,1.13536221109958,0.100200699750403,0.94,0.210891674910641,0.00914351576142058,"gamma_bin"
"gamma_bin_7.50_3.40","vary_sd",3.4,0,TRUE,193,1.63142687231341,1.60646395270399,0.10615035099481,0.98,0.24729427290105,-0.0249629196094219,"gamma_bin"
"gamma_bin_7.50_3.40","vary_sd",3.4,0,TRUE,194,1.9613208229511,1.95578095367361,0.130926764853763,0.96,0.26723877415206,-0.00553986927749128,"gamma_bin"
"gamma_bin_7.50_3.40","vary_sd",3.4,0,TRUE,195,1.62644217295684,1.66660531731679,0.125927303908821,0.92,0.240634071485863,0.0401631443599491,"gamma_bin"
"gamma_bin_7.50_3.40","vary_sd",3.4,0,TRUE,196,1.22114876712024,1.22836845458862,0.10290727772821,0.96,0.200088961781977,0.00721968746838386,"gamma_bin"
"gamma_bin_7.50_3.40","vary_sd",3.4,0,TRUE,197,1.08512340553335,1.09180004109047,0.0926005936952024,0.96,0.181820300443196,0.00667663555712461,"gamma_bin"
"gamma_bin_7.50_3.40","vary_sd",3.4,0,TRUE,198,1.22271087570671,1.22927412622067,0.0931507365317051,0.96,0.186599236945178,0.00656325051395812,"gamma_bin"
"gamma_bin_7.50_3.40","vary_sd",3.4,0,TRUE,199,1.2960340351298,1.31951187346741,0.0896064737704983,0.97,0.188358831244841,0.0234778383376093,"gamma_bin"
"gamma_bin_7.50_3.40","vary_sd",3.4,0,TRUE,200,1.66920711624072,1.68579771714427,0.110952307861467,0.94,0.209069990635117,0.016590600903551,"gamma_bin"
"gamma_bin_7.50_3.40","vary_sd",3.4,0,TRUE,201,1.16940768861372,1.18397312000779,0.08765778249648,0.94,0.172466980368391,0.0145654313940733,"gamma_bin"
"gamma_bin_7.50_3.40","vary_sd",3.4,0,TRUE,202,1.0787760344722,1.06830519766054,0.0851814450184076,0.94,0.160982088092692,-0.0104708368116575,"gamma_bin"
"gamma_bin_7.50_3.40","vary_sd",3.4,0,TRUE,203,0.894614924502778,0.886192638844778,0.0789259050482498,0.93,0.143763773378243,-0.00842228565799996,"gamma_bin"
"gamma_bin_7.50_3.40","vary_sd",3.4,0,TRUE,204,0.818936942727194,0.82559698221566,0.0638350666359786,0.97,0.13635859455656,0.0066600394884655,"gamma_bin"
"gamma_bin_7.50_3.40","vary_sd",3.4,0,TRUE,205,0.966688195947552,0.975458146135645,0.076928674327268,0.93,0.146545470452008,0.00876995018809268,"gamma_bin"
"gamma_bin_7.50_3.40","vary_sd",3.4,0,TRUE,206,0.735602657677609,0.730733990322101,0.0570993832839367,0.98,0.126574378205474,-0.00486866735550773,"gamma_bin"
"gamma_bin_7.50_3.40","vary_sd",3.4,0,TRUE,207,0.854906249805799,0.860621858844708,0.0736468240248267,0.93,0.137819818893389,0.00571560903890878,"gamma_bin"
"gamma_bin_7.50_3.40","vary_sd",3.4,0,TRUE,208,1.18360616945073,1.17870818858501,0.0837603671486429,0.95,0.162777715567375,-0.00489798086571724,"gamma_bin"
"gamma_bin_7.50_3.40","vary_sd",3.4,0,TRUE,209,1.4602885501346,1.45151786045806,0.0894246499335707,0.97,0.182795021582418,-0.00877068967654004,"gamma_bin"
"gamma_bin_7.50_3.40","vary_sd",3.4,0,TRUE,210,0.828346816490767,0.820705954160944,0.067949070108236,0.97,0.138498013944288,-0.00764086232982297,"gamma_bin"
"gamma_bin_7.50_3.40","vary_sd",3.4,0,TRUE,211,0.945514704257119,0.947982559403349,0.0710466776184672,0.97,0.148832417938429,0.00246785514623027,"gamma_bin"
"gamma_bin_7.50_3.40","vary_sd",3.4,0,TRUE,212,0.790503634328223,0.78697054394157,0.0607660170134896,0.96,0.134879649737905,-0.00353309038665262,"gamma_bin"
"gamma_bin_7.50_3.40","vary_sd",3.4,0,TRUE,213,1.43200091428725,1.44498200646291,0.0861677509237617,0.94,0.181708303785514,0.0129810921756621,"gamma_bin"
"gamma_bin_7.50_3.40","vary_sd",3.4,0,TRUE,214,1.11427471246835,1.1350906816456,0.0829084446146055,0.95,0.160732296940934,0.020815969177252,"gamma_bin"
"gamma_bin_7.50_3.40","vary_sd",3.4,0,TRUE,215,1.11570572194133,1.12310521405039,0.0738437391820433,0.97,0.159682512713424,0.00739949210906254,"gamma_bin"
"gamma_bin_7.50_3.40","vary_sd",3.4,0,TRUE,216,1.45325455274622,1.44764051807877,0.0888709273019805,0.98,0.18033721301771,-0.00561403466745247,"gamma_bin"
"gamma_bin_7.50_3.40","vary_sd",3.4,0,TRUE,217,1.1420513438864,1.15224655302935,0.0830597334749473,0.96,0.159413315399769,0.010195209142946,"gamma_bin"
"gamma_bin_7.50_3.40","vary_sd",3.4,0,TRUE,218,0.657956194341687,0.650594323847012,0.0616062373500769,0.95,0.118283922322649,-0.00736187049467452,"gamma_bin"
"gamma_bin_7.50_3.40","vary_sd",3.4,0,TRUE,219,1.37055796530381,1.37756536793885,0.0832692288767346,0.95,0.169795625524752,0.00700740263503752,"gamma_bin"
"gamma_bin_7.50_3.40","vary_sd",3.4,0,TRUE,220,1.1217671045533,1.13216673288518,0.0805318467791883,0.96,0.152376540806281,0.0103996283318808,"gamma_bin"
"gamma_bin_7.50_3.40","vary_sd",3.4,0,TRUE,221,1.82148085595811,1.81937738933504,0.103123471844574,0.93,0.191764761774635,-0.00210346662307281,"gamma_bin"
"gamma_bin_7.50_3.40","vary_sd",3.4,0,TRUE,222,1.47820728190538,1.48047124727293,0.0880864028231674,0.95,0.171614874158491,0.00226396536755047,"gamma_bin"
"gamma_bin_7.50_3.40","vary_sd",3.4,0,TRUE,223,1.22912323671868,1.20863936780602,0.0776523856628388,0.96,0.152832514051704,-0.0204838689126583,"gamma_bin"
"gamma_bin_7.50_3.40","vary_sd",3.4,0,TRUE,224,1.39166921706407,1.37775204846307,0.0807655244772508,0.95,0.159455115729132,-0.013917168601,"gamma_bin"
"gamma_bin_7.50_3.40","vary_sd",3.4,0,TRUE,225,1.02692395020016,1.01878452939837,0.0721740915302327,0.91,0.133573683748201,-0.00813942080179353,"gamma_bin"
"gamma_bin_7.50_3.40","vary_sd",3.4,0,TRUE,226,0.944469227223,0.954906709606877,0.0671713077975853,0.94,0.126221830271861,0.0104374823838774,"gamma_bin"
"gamma_bin_7.50_3.40","vary_sd",3.4,0,TRUE,227,0.882935394281871,0.887025369615472,0.0604856707795058,0.93,0.119349487266998,0.00408997533360056,"gamma_bin"
"gamma_bin_7.50_3.40","vary_sd",3.4,0,TRUE,228,1.25451332375843,1.25810773581669,0.0673673829139159,0.98,0.14066035712342,0.00359441205825517,"gamma_bin"
"gamma_bin_7.50_3.40","vary_sd",3.4,0,TRUE,229,1.46482234027448,1.46991837232137,0.0738616428851195,0.95,0.151443227586915,0.0050960320468918,"gamma_bin"
"gamma_bin_7.50_3.40","vary_sd",3.4,0,TRUE,230,1.51066180760486,1.50063241085734,0.073947542152058,0.97,0.152700240353517,-0.0100293967475158,"gamma_bin"
"gamma_bin_7.50_3.40","vary_sd",3.4,0,TRUE,231,1.76123960010775,1.75149333550399,0.0878967949206588,0.92,0.163835815172173,-0.0097462646037556,"gamma_bin"
"gamma_bin_7.50_3.40","vary_sd",3.4,0,TRUE,232,1.40610248726795,1.38948777770894,0.0713049318530213,0.96,0.143505451518447,-0.0166147095590063,"gamma_bin"
"gamma_bin_7.50_3.40","vary_sd",3.4,0,TRUE,233,1.50839208568838,1.49521965192783,0.0663966823794827,0.97,0.145006345883105,-0.0131724337605479,"gamma_bin"
"gamma_bin_7.50_3.40","vary_sd",3.4,0,TRUE,234,2.14809922234943,2.13848254086665,0.0893183700499322,0.97,0.168097183585791,-0.00961668148277806,"gamma_bin"
"gamma_bin_7.50_3.40","vary_sd",3.4,0,TRUE,235,1.77316147702833,1.80291187134033,0.0813812462286145,0.95,0.149344365517127,0.0297503943119977,"gamma_bin"
"gamma_bin_7.50_3.40","vary_sd",3.4,0,TRUE,236,1.73482506410384,1.7301087218379,0.0806458790085371,0.92,0.141050522493442,-0.00471634226593842,"gamma_bin"
"gamma_bin_7.50_3.40","vary_sd",3.4,0,TRUE,237,1.62267353351007,1.62137035240995,0.0668555127068371,0.95,0.131074021445063,-0.00130318110012073,"gamma_bin"
"gamma_bin_7.50_3.40","vary_sd",3.4,0,TRUE,238,1.18124992154851,1.18897133892836,0.0565239482402252,0.92,0.107565255480499,0.0077214173798481,"gamma_bin"
"gamma_bin_7.50_3.40","vary_sd",3.4,0,TRUE,239,1.18465305674865,1.19037627266037,0.0572902649389012,0.94,0.103376348344639,0.00572321591171732,"gamma_bin"
"gamma_bin_7.50_3.40","vary_sd",3.4,0,TRUE,240,1.4168407618799,1.43388093122159,0.0528417739669921,0.97,0.10979590514024,0.017040169341688,"gamma_bin"
"gamma_bin_7.50_3.40","vary_sd",3.4,0,TRUE,241,1.25636383468336,1.26133537876922,0.0489748060318072,0.96,0.10046315902621,0.00497154408585665,"gamma_bin"
"gamma_bin_7.50_3.40","vary_sd",3.4,0,TRUE,242,1.12127216596798,1.12620054261501,0.0488774714183183,0.97,0.0931056889191064,0.00492837664702872,"gamma_bin"
"gamma_bin_7.50_3.40","vary_sd",3.4,0,TRUE,243,1.35468577162437,1.35993135296006,0.0595990114304762,0.89,0.100660848565554,0.00524558133569064,"gamma_bin"
"gamma_bin_7.50_3.40","vary_sd",3.4,0,TRUE,244,1.01073025572083,1.02130111675724,0.0436796681149472,0.96,0.0859263787127719,0.010570861036413,"gamma_bin"
"gamma_bin_7.50_3.40","vary_sd",3.4,0,TRUE,245,1.09869262296579,1.10119952018864,0.0407247132162953,0.98,0.0879755897225673,0.00250689722284747,"gamma_bin"
"gamma_bin_7.50_3.40","vary_sd",3.4,0,TRUE,246,1.01867243248783,1.01837903222674,0.040601188450699,0.97,0.0835116480133365,-0.000293400261091259,"gamma_bin"
"gamma_bin_7.50_3.40","vary_sd",3.4,0,TRUE,247,0.933300548697082,0.935383428188888,0.0402196216960028,0.97,0.0792761355761599,0.00208287949180563,"gamma_bin"
"gamma_bin_7.50_3.40","vary_sd",3.4,0,TRUE,248,1.07521131224965,1.08018631305123,0.0412139644945394,0.96,0.0846258510030565,0.00497500080158364,"gamma_bin"
"gamma_bin_7.50_3.40","vary_sd",3.4,0,TRUE,249,1.30368079751671,1.30693101668848,0.0464865748586919,0.96,0.0927754881331212,0.00325021917176738,"gamma_bin"
"gamma_bin_7.50_3.40","vary_sd",3.4,0,TRUE,250,1.41725036624756,1.42513189864468,0.0497777660544911,0.93,0.0967118537086072,0.00788153239711886,"gamma_bin"
"gamma_bin_7.50_3.40","vary_sd",3.4,0,TRUE,251,1.14473843834061,1.13646138345988,0.0429523185486004,0.97,0.0860037013473562,-0.00827705488073449,"gamma_bin"
"gamma_bin_7.50_3.40","vary_sd",3.4,0,TRUE,252,1.28957905264017,1.2846961478114,0.0473508544511885,0.94,0.0904856084189676,-0.0048829048287653,"gamma_bin"
"gamma_bin_7.50_3.40","vary_sd",3.4,0,TRUE,253,1.41164181175606,1.40281025882311,0.0419604179201225,0.96,0.0931534238237547,-0.00883155293295212,"gamma_bin"
"gamma_bin_7.50_3.40","vary_mean",7.5,0,TRUE,15,1.02510010675531,1.0212843594124,0.0228872655931776,0.99,0.0554767182376603,-0.00381574734290835,"gamma_bin"
"gamma_bin_7.50_3.40","vary_mean",7.5,0,TRUE,16,1.25252014867933,1.25636075461865,0.0280691164714653,0.98,0.0599790734922544,0.00384060593931612,"gamma_bin"
"gamma_bin_7.50_3.40","vary_mean",7.5,0,TRUE,17,1.21525733695915,1.21718394943615,0.0307367655509506,0.96,0.0579229403342399,0.00192661247699677,"gamma_bin"
"gamma_bin_7.50_3.40","vary_mean",7.5,0,TRUE,18,0.979230198394809,0.97714514865068,0.0242048952282676,0.96,0.0512006889268173,-0.00208504974412871,"gamma_bin"
"gamma_bin_7.50_3.40","vary_mean",7.5,0,TRUE,19,1.02544833790337,1.02675391878828,0.0286686521931618,0.94,0.0519291358086409,0.00130558088490695,"gamma_bin"
"gamma_bin_7.50_3.40","vary_mean",7.5,0,TRUE,20,1.03933643277786,1.04342493069768,0.0220834721518336,0.98,0.0519274809004201,0.00408849791982213,"gamma_bin"
"gamma_bin_7.50_3.40","vary_mean",7.5,0,TRUE,21,1.31704644033967,1.3171375129472,0.0282908954736636,0.96,0.0580251425802819,9.1072607531606e-05,"gamma_bin"
"gamma_bin_7.50_3.40","vary_mean",7.5,0,TRUE,22,1.01626238281987,1.01332677774749,0.0268519093938666,0.92,0.0506959756491172,-0.00293560507237967,"gamma_bin"
"gamma_bin_7.50_3.40","vary_mean",7.5,0,TRUE,23,0.750219977978433,0.751296873550731,0.0194048715368919,0.97,0.0434312555869731,0.00107689557229829,"gamma_bin"
"gamma_bin_7.50_3.40","vary_mean",7.5,0,TRUE,24,0.68680573053247,0.688951595413334,0.0213499773118175,0.96,0.0413402011453,0.00214586488086377,"gamma_bin"
"gamma_bin_7.50_3.40","vary_mean",7.5,0,TRUE,25,1.09137562864791,1.09427172070787,0.0257882875526817,0.95,0.0519575604036378,0.002896092059957,"gamma_bin"
"gamma_bin_7.50_3.40","vary_mean",7.5,0,TRUE,26,0.741057834922739,0.744339970546812,0.0229712153614169,0.92,0.0430010157021923,0.00328213562407309,"gamma_bin"
"gamma_bin_7.50_3.40","vary_mean",7.5,0,TRUE,27,0.768534353981288,0.768413921513647,0.0220531468263817,0.93,0.0440353488614803,-0.000120432467641041,"gamma_bin"
"gamma_bin_7.50_3.40","vary_mean",7.5,0,TRUE,28,0.752768210408917,0.751477675440056,0.0244836765204763,0.92,0.0439940263628307,-0.00129053496886122,"gamma_bin"
"gamma_bin_7.50_3.40","vary_mean",7.5,0,TRUE,29,0.700189279957523,0.701324824242379,0.0196977487763086,0.98,0.0430343834061141,0.00113554428485596,"gamma_bin"
"gamma_bin_7.50_3.40","vary_mean",7.5,0,TRUE,30,0.555240242382622,0.553651786729387,0.0205899749765538,0.91,0.038804984367399,-0.00158845565323495,"gamma_bin"
"gamma_bin_7.50_3.40","vary_mean",7.5,0,TRUE,31,0.584450640057208,0.585608195174617,0.0203178644377732,0.96,0.0406213935974059,0.00115755511740945,"gamma_bin"
"gamma_bin_7.50_3.40","vary_mean",7.5,0,TRUE,32,0.680297862250013,0.677015662373544,0.0207377070762953,0.95,0.0446358529894995,-0.00328219987646905,"gamma_bin"
"gamma_bin_7.50_3.40","vary_mean",7.5,0,TRUE,33,0.95896579009836,0.957124664785932,0.0263931893904349,0.95,0.0544787891607876,-0.00184112531242786,"gamma_bin"
"gamma_bin_7.50_3.40","vary_mean",7.5,0,TRUE,34,1.26713544933213,1.2610630838654,0.0326032036059828,0.98,0.0643409910558514,-0.00607236546673273,"gamma_bin"
"gamma_bin_7.50_3.40","vary_mean",7.5,0,TRUE,35,1.32835487275134,1.31660231616688,0.0344756852926331,0.93,0.067411821915127,-0.0117525565844552,"gamma_bin"
"gamma_bin_7.50_3.40","vary_mean",7.5,0,TRUE,36,0.820532179912435,0.816127571562004,0.0273254058378078,0.95,0.0538371728923759,-0.00440460835043144,"gamma_bin"
"gamma_bin_7.50_3.40","vary_mean",7.5,0,TRUE,37,0.605066948223753,0.603145389999094,0.0262126917221856,0.94,0.0463135670580989,-0.00192155822465867,"gamma_bin"
"gamma_bin_7.50_3.40","vary_mean",7.5,0,TRUE,38,0.480613317476216,0.48246328632107,0.0206596310620921,0.96,0.0411740556443272,0.00184996884485439,"gamma_bin"
"gamma_bin_7.50_3.40","vary_mean",7.5,0,TRUE,39,0.729684595490469,0.738346490668551,0.0283976587495109,0.92,0.0508323206408116,0.00866189517808236,"gamma_bin"
"gamma_bin_7.50_3.40","vary_mean",7.5,0,TRUE,40,0.815117093248404,0.823497977449632,0.0292383799016929,0.95,0.0541518021451056,0.00838088420122829,"gamma_bin"
"gamma_bin_7.50_3.40","vary_mean",7.5,0,TRUE,41,0.615435524003123,0.61643622976353,0.0238658494444241,0.94,0.0477378912348369,0.00100070576040678,"gamma_bin"
"gamma_bin_7.50_3.40","vary_mean",7.5,0,TRUE,42,0.771681049543453,0.768914837991136,0.0252468081090153,0.96,0.0546081392181679,-0.00276621155231649,"gamma_bin"
"gamma_bin_7.50_3.40","vary_mean",7.5,0,TRUE,43,0.638637642797715,0.635266132033834,0.0282450407705246,0.93,0.0509097576339422,-0.00337151076388065,"gamma_bin"
"gamma_bin_7.50_3.40","vary_mean",7.5,0,TRUE,44,0.502607638572081,0.505143031673736,0.0260686362461262,0.92,0.0465446990783663,0.0025353931016554,"gamma_bin"
"gamma_bin_7.50_3.40","vary_mean",7.5,0,TRUE,45,0.419348773276434,0.422708225459673,0.0201236210600395,0.96,0.0436466983635558,0.00335945218323908,"gamma_bin"
"gamma_bin_7.50_3.40","vary_mean",7.5,0,TRUE,46,0.532523289397014,0.534984341057806,0.0262144082475342,0.94,0.0504326094197015,0.00246105166079169,"gamma_bin"
"gamma_bin_7.50_3.40","vary_mean",7.5,0,TRUE,47,0.748164536979726,0.750931137029642,0.0278776914162317,0.99,0.0616782846307303,0.00276660004991625,"gamma_bin"
"gamma_bin_7.50_3.40","vary_mean",7.5,0,TRUE,48,0.699597036363356,0.696091169329542,0.0292670645130791,0.96,0.0615821306887063,-0.0035058670338145,"gamma_bin"
"gamma_bin_7.50_3.40","vary_mean",7.5,0,TRUE,49,0.840634610500807,0.842894866587383,0.0326072376499758,0.97,0.0703444309275101,0.00226025608657565,"gamma_bin"
"gamma_bin_7.50_3.40","vary_mean",7.5,0,TRUE,50,0.605572567510499,0.606598902748588,0.0274104122116487,0.97,0.0617363294672892,0.00102633523808859,"gamma_bin"
"gamma_bin_7.50_3.40","vary_mean",7.5,0,TRUE,51,0.551154795645625,0.550012300396762,0.0282012940169007,0.98,0.0604531090396845,-0.00114249524886301,"gamma_bin"
"gamma_bin_7.50_3.40","vary_mean",7.5,0,TRUE,52,0.382419782215341,0.380267251225288,0.028962338493202,0.94,0.0514554893812737,-0.00215253099005347,"gamma_bin"
"gamma_bin_7.50_3.40","vary_mean",7.5,0,TRUE,53,0.67605453850849,0.672369808335268,0.0372873213483778,0.96,0.0700914858554794,-0.0036847301732218,"gamma_bin"
"gamma_bin_7.50_3.40","vary_mean",7.5,0,TRUE,54,0.67389745281474,0.680304216046177,0.0363468504632722,0.94,0.0725462990691293,0.00640676323143718,"gamma_bin"
"gamma_bin_7.50_3.40","vary_mean",7.5,0,TRUE,55,0.928654307802489,0.930131917670843,0.0449490567043014,0.98,0.0876751784032177,0.00147760986835377,"gamma_bin"
"gamma_bin_7.50_3.40","vary_mean",7.5,0,TRUE,56,0.750444909156983,0.752576461701674,0.0440911728178316,0.93,0.0815690556228687,0.002131552544691,"gamma_bin"
"gamma_bin_7.50_3.40","vary_mean",7.5,0,TRUE,57,0.713559496047443,0.706455412877683,0.0422351782771037,0.97,0.0813930999227283,-0.00710408316975952,"gamma_bin"
"gamma_bin_7.50_3.40","vary_mean",7.5,0,TRUE,58,0.492127182876667,0.49230634578531,0.037420930410784,0.92,0.0695151837426865,0.000179162908642783,"gamma_bin"
"gamma_bin_7.50_3.40","vary_mean",7.5,0,TRUE,59,0.488121905081673,0.489229668075211,0.0355669941908726,0.94,0.0706401423308695,0.00110776299353804,"gamma_bin"
"gamma_bin_7.50_3.40","vary_mean",7.5,0,TRUE,60,0.671861168143052,0.677679144618387,0.0408769106831725,0.98,0.0848585441889874,0.00581797647533489,"gamma_bin"
"gamma_bin_7.50_3.40","vary_mean",7.5,0,TRUE,61,0.791762464983911,0.792455851508355,0.0457713501248186,0.96,0.0941409938578651,0.000693386524443507,"gamma_bin"
"gamma_bin_7.50_3.40","vary_mean",7.5,0,TRUE,62,0.652922492639065,0.64964264370127,0.0462578935621239,0.93,0.087826861312659,-0.00327984893779532,"gamma_bin"
"gamma_bin_7.50_3.40","vary_mean",7.5,0,TRUE,63,0.613891069127135,0.612514550279132,0.041388510304979,0.97,0.0879373410068028,-0.00137651884800249,"gamma_bin"
"gamma_bin_7.50_3.40","vary_mean",7.5,0,TRUE,64,0.747174650317661,0.747729754773307,0.0501398585207621,0.93,0.0999840512929044,0.000555104455646549,"gamma_bin"
"gamma_bin_7.50_3.40","vary_mean",7.5,0,TRUE,65,0.706701130088712,0.708266596411517,0.0538053976831985,0.96,0.0999826008761727,0.00156546632280541,"gamma_bin"
"gamma_bin_7.50_3.40","vary_mean",7.5,0,TRUE,66,0.51187393654748,0.51831859203601,0.0433161401276369,0.95,0.0877514694991272,0.00644465548852979,"gamma_bin"
"gamma_bin_7.50_3.40","vary_mean",7.5,0,TRUE,67,0.670601402325688,0.666690863927208,0.0516855961743243,0.96,0.101982970192658,-0.00391053839848043,"gamma_bin"
"gamma_bin_7.50_3.40","vary_mean",7.5,0,TRUE,68,1.17253163081397,1.17131797818277,0.0727873354032162,0.92,0.138649130464751,-0.00121365263120099,"gamma_bin"
"gamma_bin_7.50_3.40","vary_mean",7.5,0,TRUE,69,1.09882955126721,1.0880967509749,0.0783730073738527,0.93,0.137131472086241,-0.0107328002923093,"gamma_bin"
"gamma_bin_7.50_3.40","vary_mean",7.5,0,TRUE,70,0.864010024055233,0.856692629717964,0.0636247525951416,0.94,0.124284922259903,-0.00731739433726908,"gamma_bin"
"gamma_bin_7.50_3.40","vary_mean",7.5,0,TRUE,71,0.715098113998147,0.711840121700314,0.0626177966091814,0.94,0.114605678568666,-0.00325799229783286,"gamma_bin"
"gamma_bin_7.50_3.40","vary_mean",7.5,0,TRUE,72,0.5778146754347,0.586952107381684,0.0537796983891275,0.95,0.104577403954461,0.00913743194698413,"gamma_bin"
"gamma_bin_7.50_3.40","vary_mean",7.5,0,TRUE,73,0.968098548670386,0.977857814547357,0.0620431719926306,0.97,0.135643386674659,0.00975926587697107,"gamma_bin"
"gamma_bin_7.50_3.40","vary_mean",7.5,0,TRUE,74,0.655349167508219,0.659370123603281,0.0584350388857867,0.92,0.11239260815829,0.00402095609506203,"gamma_bin"
"gamma_bin_7.50_3.40","vary_mean",7.5,0,TRUE,75,0.59977224361632,0.600255159566978,0.0541180490380052,0.95,0.108724027220043,0.000482915950658191,"gamma_bin"
"gamma_bin_7.50_3.40","vary_mean",7.5,0,TRUE,76,0.795810456805532,0.800035683393824,0.0634071174910647,0.95,0.127694681611703,0.00422522658829239,"gamma_bin"
"gamma_bin_7.50_3.40","vary_mean",7.5,0,TRUE,77,0.873668877519834,0.871778576451617,0.0671696634410754,0.94,0.136035182498692,-0.00189030106821697,"gamma_bin"
"gamma_bin_7.50_3.40","vary_mean",7.5,0,TRUE,78,0.655524310026793,0.658549332434155,0.0707857123869068,0.92,0.120816799812589,0.00302502240736224,"gamma_bin"
"gamma_bin_7.50_3.40","vary_mean",7.5,0,TRUE,79,0.810623636163075,0.818906505119753,0.0728176190590553,0.93,0.137604920135246,0.00828286895667851,"gamma_bin"
"gamma_bin_7.50_3.40","vary_mean",7.5,0,TRUE,80,0.610456557383718,0.607958763385583,0.0537134365314258,0.99,0.120924119259284,-0.00249779399813532,"gamma_bin"
"gamma_bin_7.50_3.40","vary_mean",7.5,0,TRUE,81,0.859858611274139,0.862960011217099,0.0772203193602873,0.94,0.146783367942692,0.00310139994296021,"gamma_bin"
"gamma_bin_7.50_3.40","vary_mean",7.5,0,TRUE,82,0.71793472208637,0.721285154512068,0.066587614513654,0.97,0.136738790892083,0.00335043242569766,"gamma_bin"
"gamma_bin_7.50_3.40","vary_mean",7.5,0,TRUE,83,0.992203959261976,0.988529172305417,0.0809660347575656,0.97,0.163206174117739,-0.00367478695655865,"gamma_bin"
"gamma_bin_7.50_3.40","vary_mean",7.5,0,TRUE,84,1.12541562776308,1.11839905153641,0.0963088909740367,0.96,0.176802960880491,-0.00701657622666851,"gamma_bin"
"gamma_bin_7.50_3.40","vary_mean",7.5,0,TRUE,85,0.719081428835968,0.724813324189559,0.0797515867131974,0.95,0.144463168568782,0.00573189535359087,"gamma_bin"
"gamma_bin_7.50_3.40","vary_mean",7.5,0,TRUE,86,0.84752493125734,0.85543749220226,0.0743802626236294,0.96,0.158586017884732,0.00791256094492054,"gamma_bin"
"gamma_bin_7.50_3.40","vary_mean",7.5,0,TRUE,87,0.855021916180829,0.859203599538845,0.0823503961506021,0.95,0.159922604404654,0.00418168335801627,"gamma_bin"
"gamma_bin_7.50_3.40","vary_mean",7.5,0,TRUE,88,1.05231211723794,1.06634192142843,0.0913184141611243,0.94,0.179295089059539,0.0140298041904945,"gamma_bin"
"gamma_bin_7.50_3.40","vary_mean",7.5,0,TRUE,89,0.736245763604483,0.743000758699779,0.0808767664363667,0.96,0.150716028932405,0.00675499509529631,"gamma_bin"
"gamma_bin_7.50_3.40","vary_mean",7.5,0,TRUE,90,0.910435800275709,0.9281667273041,0.0848384021431206,0.95,0.169768915573423,0.0177309270283912,"gamma_bin"
"gamma_bin_7.50_3.40","vary_mean",7.5,0,TRUE,91,0.875373992276142,0.88902665679017,0.0865169964637045,0.94,0.167315939598928,0.013652664514028,"gamma_bin"
"gamma_bin_7.50_3.40","vary_mean",7.5,0,TRUE,92,1.13308580158326,1.12410669325802,0.0899855913351527,0.95,0.189732189493329,-0.00897910832524373,"gamma_bin"
"gamma_bin_7.50_3.40","vary_mean",7.5,0,TRUE,93,0.779622317935819,0.790591641339825,0.0844668591768874,0.93,0.160304057304776,0.0109693234040062,"gamma_bin"
"gamma_bin_7.50_3.40","vary_mean",7.5,0,TRUE,94,0.738590807925372,0.734403575207915,0.0817527651787705,0.95,0.155377181059846,-0.00418723271745725,"gamma_bin"
"gamma_bin_7.50_3.40","vary_mean",7.5,0,TRUE,95,0.736386067431423,0.750380089909185,0.0868653183616308,0.93,0.157886796978069,0.0139940224777616,"gamma_bin"
"gamma_bin_7.50_3.40","vary_mean",7.5,0,TRUE,96,0.940470991453404,0.95494373033707,0.0935937545836862,0.96,0.179445218054704,0.0144727388836655,"gamma_bin"
"gamma_bin_7.50_3.40","vary_mean",7.5,0,TRUE,97,0.92681020267862,0.942869940664748,0.0888033892753074,0.96,0.180312507408637,0.0160597379861279,"gamma_bin"
"gamma_bin_7.50_3.40","vary_mean",7.5,0,TRUE,98,0.805264800704658,0.817444598051878,0.0840061901356989,0.92,0.170012630404764,0.0121797973472199,"gamma_bin"
"gamma_bin_7.50_3.40","vary_mean",7.5,0,TRUE,99,0.96897608307621,0.991609269839016,0.10362615903217,0.95,0.189389360107428,0.0226331867628062,"gamma_bin"
"gamma_bin_7.50_3.40","vary_mean",7.5,0,TRUE,100,0.483332995262756,0.490320275858615,0.0688894652195,0.95,0.13450662083598,0.00698728059585901,"gamma_bin"
"gamma_bin_7.50_3.40","vary_mean",7.5,0,TRUE,101,0.66077716283239,0.675022794379278,0.084519327772348,0.94,0.159300563220332,0.0142456315468877,"gamma_bin"
"gamma_bin_7.50_3.40","vary_mean",7.5,0,TRUE,102,0.655745239910364,0.658740320208297,0.0741761907184321,0.97,0.15915415548238,0.00299508029793261,"gamma_bin"
"gamma_bin_7.50_3.40","vary_mean",7.5,0,TRUE,103,1.19599908198214,1.19254697911446,0.101002875573136,0.99,0.217955776860125,-0.00345210286768216,"gamma_bin"
"gamma_bin_7.50_3.40","vary_mean",7.5,0,TRUE,104,1.52020654998133,1.51208574655248,0.123980520718528,0.94,0.250688985208948,-0.00812080342885269,"gamma_bin"
"gamma_bin_7.50_3.40","vary_mean",7.5,0,TRUE,105,1.10303826313934,1.10491722719496,0.114119280525942,0.93,0.218132062561385,0.00187896405562271,"gamma_bin"
"gamma_bin_7.50_3.40","vary_mean",7.5,0,TRUE,106,0.895258886773757,0.897774230967386,0.0977202483571078,0.98,0.197809239220114,0.00251534419362909,"gamma_bin"
"gamma_bin_7.50_3.40","vary_mean",7.5,0,TRUE,107,0.603016892421566,0.601898597828037,0.0795130348806635,0.91,0.160869692717846,-0.00111829459352908,"gamma_bin"
"gamma_bin_7.50_3.40","vary_mean",7.5,0,TRUE,108,1.07762321196894,1.08502008413036,0.115342032059981,0.92,0.213952454402546,0.00739687216141616,"gamma_bin"
"gamma_bin_7.50_3.40","vary_mean",7.5,0,TRUE,109,1.67936751135944,1.70171821622131,0.162989784885779,0.94,0.266781201171272,0.0223507048618707,"gamma_bin"
"gamma_bin_7.50_3.40","vary_mean",7.5,0,TRUE,110,0.778512854791425,0.792133686885517,0.0868193766651832,0.94,0.182117287292465,0.013620832094092,"gamma_bin"
"gamma_bin_7.50_3.40","vary_mean",7.5,0,TRUE,111,0.992005341124613,0.979190458688577,0.0987612160647014,0.93,0.201950857823834,-0.0128148824360356,"gamma_bin"
"gamma_bin_7.50_3.40","vary_mean",7.5,0,TRUE,112,1.07688074493023,1.07607454198729,0.112995852771116,0.94,0.210415181374907,-0.000806202942936762,"gamma_bin"
"gamma_bin_7.50_3.40","vary_mean",7.5,0,TRUE,113,0.702400819858529,0.717947360166353,0.0849929601578111,0.95,0.170808241332319,0.0155465403078243,"gamma_bin"
"gamma_bin_7.50_3.40","vary_mean",7.5,0,TRUE,114,0.976066509197994,0.978669539399278,0.107405039533438,0.96,0.198739727747391,0.00260303020128427,"gamma_bin"
"gamma_bin_7.50_3.40","vary_mean",7.5,0,TRUE,115,1.23867756628513,1.23587436452302,0.118650803748467,0.95,0.223435182976214,-0.00280320176211069,"gamma_bin"
"gamma_bin_7.50_3.40","vary_mean",7.5,0,TRUE,116,1.16180338965973,1.16686828094923,0.108011467690609,0.98,0.218038601011144,0.00506489128949661,"gamma_bin"
"gamma_bin_7.50_3.40","vary_mean",7.5,0,TRUE,117,1.19462029108814,1.19174891925461,0.113379909494199,0.94,0.220965600419401,-0.00287137183353159,"gamma_bin"
"gamma_bin_7.50_3.40","vary_mean",7.5,0,TRUE,118,1.16321995780671,1.15494849506767,0.111248061683335,0.96,0.217167704314544,-0.00827146273904367,"gamma_bin"
"gamma_bin_7.50_3.40","vary_mean",7.5,0,TRUE,119,1.07032628214879,1.07529044305233,0.100273168635946,0.94,0.208090260146244,0.00496416090354423,"gamma_bin"
"gamma_bin_7.50_3.40","vary_mean",7.5,0,TRUE,120,0.877757633134012,0.876432170233837,0.0846719923565684,0.96,0.186017532097531,-0.00132546290017455,"gamma_bin"
"gamma_bin_7.50_3.40","vary_mean",7.5,0,TRUE,121,1.36755731263547,1.37497664642568,0.11397237489149,0.96,0.230657276074969,0.00741933379021265,"gamma_bin"
"gamma_bin_7.50_3.40","vary_mean",7.5,0,TRUE,122,0.835796444244159,0.851624467028003,0.0893588820533067,0.97,0.180267803519952,0.0158280227838442,"gamma_bin"
"gamma_bin_7.50_3.40","vary_mean",7.5,0,TRUE,123,1.26724551805682,1.26658270239607,0.101499577853326,0.97,0.218567311653954,-0.000662815660745775,"gamma_bin"
"gamma_bin_7.50_3.40","vary_mean",7.5,0,TRUE,124,0.969129898643769,0.973860534279753,0.0854391844003194,0.98,0.190636810920044,0.0047306356359843,"gamma_bin"
"gamma_bin_7.50_3.40","vary_mean",7.5,0,TRUE,125,0.847338782890042,0.855237603908547,0.0800567325015163,0.99,0.177802316180989,0.00789882101850514,"gamma_bin"
"gamma_bin_7.50_3.40","vary_mean",7.5,0,TRUE,126,0.715564882412269,0.727496478886182,0.0781684945292282,0.96,0.163169760607505,0.0119315964739128,"gamma_bin"
"gamma_bin_7.50_3.40","vary_mean",7.5,0,TRUE,127,0.94782383341486,0.952476115369324,0.0938122220236804,0.94,0.186399064881736,0.0046522819544641,"gamma_bin"
"gamma_bin_7.50_3.40","vary_mean",7.5,0,TRUE,128,0.685081694959754,0.689576675412253,0.0730024212686828,0.97,0.159254392677276,0.00449498045249908,"gamma_bin"
"gamma_bin_7.50_3.40","vary_mean",7.5,0,TRUE,129,0.940719567434955,0.943642634126379,0.0958346468238328,0.93,0.1879228290927,0.00292306669142428,"gamma_bin"
"gamma_bin_7.50_3.40","vary_mean",7.5,0,TRUE,130,0.882735861931285,0.879164351033327,0.0883353880091852,0.97,0.183541671356938,-0.00357151089795793,"gamma_bin"
"gamma_bin_7.50_3.40","vary_mean",7.5,0,TRUE,131,0.908592867608554,0.921513505754483,0.10221017180335,0.94,0.190471783335817,0.0129206381459295,"gamma_bin"
"gamma_bin_7.50_3.40","vary_mean",7.5,0,TRUE,132,0.919571358645804,0.903073096768611,0.0926837979554606,0.94,0.19083150877886,-0.0164982618771927,"gamma_bin"
"gamma_bin_7.50_3.40","vary_mean",7.5,0,TRUE,133,0.772870216905444,0.763423685772777,0.0959796325095715,0.95,0.177206195191056,-0.00944653113266702,"gamma_bin"
"gamma_bin_7.50_3.40","vary_mean",7.5,0,TRUE,134,0.850110615604727,0.841191601244858,0.0807369408343792,0.98,0.187822102513636,-0.00891901435986908,"gamma_bin"
"gamma_bin_7.50_3.40","vary_mean",7.5,0,TRUE,135,0.784750966748685,0.782319530428676,0.104711448785623,0.92,0.182515902676298,-0.00243143632000908,"gamma_bin"
"gamma_bin_7.50_3.40","vary_mean",7.5,0,TRUE,136,0.974669466757976,0.987008389932247,0.102765199062548,0.97,0.207283777502752,0.0123389231742712,"gamma_bin"
"gamma_bin_7.50_3.40","vary_mean",7.5,0,TRUE,137,0.984151011066472,0.989222906646568,0.114250496462297,0.95,0.210037692226666,0.00507189558009558,"gamma_bin"
"gamma_bin_7.50_3.40","vary_mean",7.5,0,TRUE,138,1.1907508581573,1.18449344637511,0.113420685469027,0.98,0.232450547714033,-0.00625741178218631,"gamma_bin"
"gamma_bin_7.50_3.40","vary_mean",7.5,0,TRUE,139,1.38368582408824,1.37288774058282,0.123693366113998,0.96,0.252369402514103,-0.0107980835054247,"gamma_bin"
"gamma_bin_7.50_3.40","vary_mean",7.5,0,TRUE,140,0.815817246340058,0.824455019699992,0.103558511704902,0.93,0.195946101204563,0.0086377733599341,"gamma_bin"
"gamma_bin_7.50_3.40","vary_mean",7.5,0,TRUE,141,0.948708845408202,0.956112078346519,0.110254763391921,0.96,0.21001741074162,0.0074032329383168,"gamma_bin"
"gamma_bin_7.50_3.40","vary_mean",7.5,0,TRUE,142,0.887913521021147,0.903883878929986,0.110263315879613,0.93,0.20258228948243,0.0159703579088387,"gamma_bin"
"gamma_bin_7.50_3.40","vary_mean",7.5,0,TRUE,143,1.33195215209727,1.31825200834319,0.13307308180832,0.93,0.243285360352883,-0.0137001437540809,"gamma_bin"
"gamma_bin_7.50_3.40","vary_mean",7.5,0,TRUE,144,1.33130915175386,1.35028269901494,0.134979052264323,0.93,0.245771162700679,0.0189735472610779,"gamma_bin"
"gamma_bin_7.50_3.40","vary_mean",7.5,0,TRUE,145,1.36040954450305,1.3639553045501,0.114441768393703,0.97,0.24676370199557,0.0035457600470481,"gamma_bin"
"gamma_bin_7.50_3.40","vary_mean",7.5,0,TRUE,146,1.03071516120352,1.02661487461356,0.105902428497007,0.95,0.212505342357965,-0.00410028658995709,"gamma_bin"
"gamma_bin_7.50_3.40","vary_mean",7.5,0,TRUE,147,1.01542687773298,1.02216415040374,0.102091589838163,0.97,0.209233868508392,0.00673727267075863,"gamma_bin"
"gamma_bin_7.50_3.40","vary_mean",7.5,0,TRUE,148,0.918038272830281,0.918090116373776,0.0962678678647275,0.95,0.195342686022046,5.18435434947451e-05,"gamma_bin"
"gamma_bin_7.50_3.40","vary_mean",7.5,0,TRUE,149,0.795403147880171,0.803344455862292,0.0912172476675974,0.94,0.180725131907069,0.00794130798212056,"gamma_bin"
"gamma_bin_7.50_3.40","vary_mean",7.5,0,TRUE,150,0.947076494147123,0.955549643640157,0.0930271898128735,0.96,0.195827170536627,0.00847314949303446,"gamma_bin"
"gamma_bin_7.50_3.40","vary_mean",7.5,0,TRUE,151,0.838902415667924,0.835055403909212,0.10400251674077,0.95,0.183003589772908,-0.00384701175871205,"gamma_bin"
"gamma_bin_7.50_3.40","vary_mean",7.5,0,TRUE,152,1.10280245382765,1.09510134753673,0.116305566911509,0.96,0.21101662103334,-0.00770110629091647,"gamma_bin"
"gamma_bin_7.50_3.40","vary_mean",7.5,0,TRUE,153,1.09815440539428,1.09913638483541,0.106951767646482,0.95,0.213196189756546,0.000981979441130987,"gamma_bin"
"gamma_bin_7.50_3.40","vary_mean",7.5,0,TRUE,154,0.933699509626363,0.9453242761993,0.112148565338548,0.92,0.199066789828798,0.0116247665729365,"gamma_bin"
"gamma_bin_7.50_3.40","vary_mean",7.5,0,TRUE,155,0.677259462566555,0.696688797199014,0.0889309006853101,0.96,0.17148319827179,0.019429334632459,"gamma_bin"
"gamma_bin_7.50_3.40","vary_mean",7.5,0,TRUE,156,0.794318325784725,0.786512343939486,0.101781013425123,0.91,0.182282411076847,-0.0078059818452394,"gamma_bin"
"gamma_bin_7.50_3.40","vary_mean",7.5,0,TRUE,157,0.863129045133472,0.857843949953106,0.102429249871512,0.92,0.190963677036343,-0.00528509518036635,"gamma_bin"
"gamma_bin_7.50_3.40","vary_mean",7.5,0,TRUE,158,1.2121292060572,1.22574925945604,0.131312665594175,0.93,0.230030314351038,0.0136200533988364,"gamma_bin"
"gamma_bin_7.50_3.40","vary_mean",7.5,0,TRUE,159,1.02410099479473,1.0172144074325,0.101416810086145,0.94,0.211944721958802,-0.00688658736222791,"gamma_bin"
"gamma_bin_7.50_3.40","vary_mean",7.5,0,TRUE,160,0.905625417711481,0.902428692865299,0.0997582244137553,0.95,0.201289964561777,-0.00319672484618183,"gamma_bin"
"gamma_bin_7.50_3.40","vary_mean",7.5,0,TRUE,161,0.911623484707899,0.919249101601433,0.106147153947003,0.95,0.204068473616254,0.00762561689353369,"gamma_bin"
"gamma_bin_7.50_3.40","vary_mean",7.5,0,TRUE,162,0.854314364398061,0.867595854608695,0.112637810118651,0.95,0.198332897481768,0.0132814902106342,"gamma_bin"
"gamma_bin_7.50_3.40","vary_mean",7.5,0,TRUE,163,0.939538506142908,0.930125981431172,0.101141354869714,0.93,0.205618982311607,-0.0094125247117357,"gamma_bin"
"gamma_bin_7.50_3.40","vary_mean",7.5,0,TRUE,164,0.804264811038419,0.799473674209863,0.104055242841621,0.94,0.19117672497865,-0.00479113682855614,"gamma_bin"
"gamma_bin_7.50_3.40","vary_mean",7.5,0,TRUE,165,1.00142358506205,1.02257688211815,0.110075044393145,0.97,0.217716612624655,0.0211532970560986,"gamma_bin"
"gamma_bin_7.50_3.40","vary_mean",7.5,0,TRUE,166,1.22258511650756,1.1915957941558,0.126254256228436,0.95,0.23655624570536,-0.0309893223517583,"gamma_bin"
"gamma_bin_7.50_3.40","vary_mean",7.5,0,TRUE,167,0.797785743145654,0.800389668364346,0.0999964021948388,0.96,0.195424535741412,0.00260392521869179,"gamma_bin"
"gamma_bin_7.50_3.40","vary_mean",7.5,0,TRUE,168,1.1498418409574,1.15827781663997,0.110274162256748,0.96,0.236106231286647,0.00843597568256915,"gamma_bin"
"gamma_bin_7.50_3.40","vary_mean",7.5,0,TRUE,169,0.760349335694062,0.761476945623962,0.102347069252013,0.96,0.191674393813318,0.0011276099298998,"gamma_bin"
"gamma_bin_7.50_3.40","vary_mean",7.5,0,TRUE,170,1.37423882796411,1.37998222277843,0.127218691569359,0.98,0.258183274156722,0.00574339481432373,"gamma_bin"
"gamma_bin_7.50_3.40","vary_mean",7.5,0,TRUE,171,0.879916177740953,0.888456888617943,0.088640234791454,0.98,0.207242588617893,0.00854071087699004,"gamma_bin"
"gamma_bin_7.50_3.40","vary_mean",7.5,0,TRUE,172,1.40469809778524,1.39764166382716,0.124616168635384,0.96,0.25964049535565,-0.00705643395807742,"gamma_bin"
"gamma_bin_7.50_3.40","vary_mean",7.5,0,TRUE,173,0.919193657171105,0.912614591293033,0.100464075741438,0.97,0.209178833333815,-0.006579065878072,"gamma_bin"
"gamma_bin_7.50_3.40","vary_mean",7.5,0,TRUE,174,0.923156528563282,0.925478236173625,0.104174446679446,0.95,0.209295336342621,0.002321707610343,"gamma_bin"
"gamma_bin_7.50_3.40","vary_mean",7.5,0,TRUE,175,1.03837120055872,1.06935075138704,0.108977719821643,0.93,0.223419393348049,0.0309795508283193,"gamma_bin"
"gamma_bin_7.50_3.40","vary_mean",7.5,0,TRUE,176,0.998550191051843,0.990791956913453,0.107959710152361,0.95,0.213894234366343,-0.00775823413839005,"gamma_bin"
"gamma_bin_7.50_3.40","vary_mean",7.5,0,TRUE,177,1.0672490953256,1.05967080655668,0.107357257161166,0.98,0.220825011696162,-0.00757828876891753,"gamma_bin"
"gamma_bin_7.50_3.40","vary_mean",7.5,0,TRUE,178,0.796488943635566,0.789864217570126,0.085181084907344,0.97,0.190456681469625,-0.0066247260654404,"gamma_bin"
"gamma_bin_7.50_3.40","vary_mean",7.5,0,TRUE,179,1.19853631620291,1.2034812398763,0.108893375751027,0.97,0.235344178310683,0.00494492367338717,"gamma_bin"
"gamma_bin_7.50_3.40","vary_mean",7.5,0,TRUE,180,1.18742234445089,1.19417622128688,0.105763548334246,0.97,0.234675875966114,0.00675387683598871,"gamma_bin"
"gamma_bin_7.50_3.40","vary_mean",7.5,0,TRUE,181,1.49419822100474,1.48911803528777,0.125189523058365,0.98,0.262201211096577,-0.00508018571697311,"gamma_bin"
"gamma_bin_7.50_3.40","vary_mean",7.5,0,TRUE,182,1.51569971274724,1.50876205919783,0.145972476302255,0.91,0.263150007688075,-0.0069376535494079,"gamma_bin"
"gamma_bin_7.50_3.40","vary_mean",7.5,0,TRUE,183,0.993078083144793,0.996500855738852,0.120517306511936,0.92,0.21137539583299,0.00342277259405865,"gamma_bin"
"gamma_bin_7.50_3.40","vary_mean",7.5,0,TRUE,184,0.900895179433443,0.902833514719512,0.105864474640049,0.94,0.197770742688738,0.00193833528606913,"gamma_bin"
"gamma_bin_7.50_3.40","vary_mean",7.5,0,TRUE,185,0.823216514722493,0.828336478063419,0.0932950829958794,0.94,0.18592696721347,0.00511996334092613,"gamma_bin"
"gamma_bin_7.50_3.40","vary_mean",7.5,0,TRUE,186,1.22622352517845,1.24673193428888,0.0995169262677588,0.98,0.224922148892335,0.0205084091104326,"gamma_bin"
"gamma_bin_7.50_3.40","vary_mean",7.5,0,TRUE,187,0.917485344129662,0.932589530924158,0.0927912195931367,0.97,0.193371404193032,0.0151041867944962,"gamma_bin"
"gamma_bin_7.50_3.40","vary_mean",7.5,0,TRUE,188,1.14600718978611,1.13399812581779,0.109029212656339,0.95,0.21317782971008,-0.0120090639683155,"gamma_bin"
"gamma_bin_7.50_3.40","vary_mean",7.5,0,TRUE,189,1.15017955401154,1.16262519917791,0.1039422013017,0.96,0.21585561141864,0.0124456451663744,"gamma_bin"
"gamma_bin_7.50_3.40","vary_mean",7.5,0,TRUE,190,1.13787761403339,1.12892092072761,0.105196804412081,0.95,0.212581352389655,-0.00895669330578319,"gamma_bin"
"gamma_bin_7.50_3.40","vary_mean",7.5,0,TRUE,191,1.77820774658985,1.77559162982697,0.128260401262668,0.99,0.265778834466433,-0.00261611676287976,"gamma_bin"
"gamma_bin_7.50_3.40","vary_mean",7.5,0,TRUE,192,1.12621869533816,1.13536221109958,0.100200699750403,0.94,0.210891674910641,0.00914351576142058,"gamma_bin"
"gamma_bin_7.50_3.40","vary_mean",7.5,0,TRUE,193,1.63142687231341,1.60646395270399,0.10615035099481,0.98,0.24729427290105,-0.0249629196094219,"gamma_bin"
"gamma_bin_7.50_3.40","vary_mean",7.5,0,TRUE,194,1.9613208229511,1.95578095367361,0.130926764853763,0.96,0.26723877415206,-0.00553986927749128,"gamma_bin"
"gamma_bin_7.50_3.40","vary_mean",7.5,0,TRUE,195,1.62644217295684,1.66660531731679,0.125927303908821,0.92,0.240634071485863,0.0401631443599491,"gamma_bin"
"gamma_bin_7.50_3.40","vary_mean",7.5,0,TRUE,196,1.22114876712024,1.22836845458862,0.10290727772821,0.96,0.200088961781977,0.00721968746838386,"gamma_bin"
"gamma_bin_7.50_3.40","vary_mean",7.5,0,TRUE,197,1.08512340553335,1.09180004109047,0.0926005936952024,0.96,0.181820300443196,0.00667663555712461,"gamma_bin"
"gamma_bin_7.50_3.40","vary_mean",7.5,0,TRUE,198,1.22271087570671,1.22927412622067,0.0931507365317051,0.96,0.186599236945178,0.00656325051395812,"gamma_bin"
"gamma_bin_7.50_3.40","vary_mean",7.5,0,TRUE,199,1.2960340351298,1.31951187346741,0.0896064737704983,0.97,0.188358831244841,0.0234778383376093,"gamma_bin"
"gamma_bin_7.50_3.40","vary_mean",7.5,0,TRUE,200,1.66920711624072,1.68579771714427,0.110952307861467,0.94,0.209069990635117,0.016590600903551,"gamma_bin"
"gamma_bin_7.50_3.40","vary_mean",7.5,0,TRUE,201,1.16940768861372,1.18397312000779,0.08765778249648,0.94,0.172466980368391,0.0145654313940733,"gamma_bin"
"gamma_bin_7.50_3.40","vary_mean",7.5,0,TRUE,202,1.0787760344722,1.06830519766054,0.0851814450184076,0.94,0.160982088092692,-0.0104708368116575,"gamma_bin"
"gamma_bin_7.50_3.40","vary_mean",7.5,0,TRUE,203,0.894614924502778,0.886192638844778,0.0789259050482498,0.93,0.143763773378243,-0.00842228565799996,"gamma_bin"
"gamma_bin_7.50_3.40","vary_mean",7.5,0,TRUE,204,0.818936942727194,0.82559698221566,0.0638350666359786,0.97,0.13635859455656,0.0066600394884655,"gamma_bin"
"gamma_bin_7.50_3.40","vary_mean",7.5,0,TRUE,205,0.966688195947552,0.975458146135645,0.076928674327268,0.93,0.146545470452008,0.00876995018809268,"gamma_bin"
"gamma_bin_7.50_3.40","vary_mean",7.5,0,TRUE,206,0.735602657677609,0.730733990322101,0.0570993832839367,0.98,0.126574378205474,-0.00486866735550773,"gamma_bin"
"gamma_bin_7.50_3.40","vary_mean",7.5,0,TRUE,207,0.854906249805799,0.860621858844708,0.0736468240248267,0.93,0.137819818893389,0.00571560903890878,"gamma_bin"
"gamma_bin_7.50_3.40","vary_mean",7.5,0,TRUE,208,1.18360616945073,1.17870818858501,0.0837603671486429,0.95,0.162777715567375,-0.00489798086571724,"gamma_bin"
"gamma_bin_7.50_3.40","vary_mean",7.5,0,TRUE,209,1.4602885501346,1.45151786045806,0.0894246499335707,0.97,0.182795021582418,-0.00877068967654004,"gamma_bin"
"gamma_bin_7.50_3.40","vary_mean",7.5,0,TRUE,210,0.828346816490767,0.820705954160944,0.067949070108236,0.97,0.138498013944288,-0.00764086232982297,"gamma_bin"
"gamma_bin_7.50_3.40","vary_mean",7.5,0,TRUE,211,0.945514704257119,0.947982559403349,0.0710466776184672,0.97,0.148832417938429,0.00246785514623027,"gamma_bin"
"gamma_bin_7.50_3.40","vary_mean",7.5,0,TRUE,212,0.790503634328223,0.78697054394157,0.0607660170134896,0.96,0.134879649737905,-0.00353309038665262,"gamma_bin"
"gamma_bin_7.50_3.40","vary_mean",7.5,0,TRUE,213,1.43200091428725,1.44498200646291,0.0861677509237617,0.94,0.181708303785514,0.0129810921756621,"gamma_bin"
"gamma_bin_7.50_3.40","vary_mean",7.5,0,TRUE,214,1.11427471246835,1.1350906816456,0.0829084446146055,0.95,0.160732296940934,0.020815969177252,"gamma_bin"
"gamma_bin_7.50_3.40","vary_mean",7.5,0,TRUE,215,1.11570572194133,1.12310521405039,0.0738437391820433,0.97,0.159682512713424,0.00739949210906254,"gamma_bin"
"gamma_bin_7.50_3.40","vary_mean",7.5,0,TRUE,216,1.45325455274622,1.44764051807877,0.0888709273019805,0.98,0.18033721301771,-0.00561403466745247,"gamma_bin"
"gamma_bin_7.50_3.40","vary_mean",7.5,0,TRUE,217,1.1420513438864,1.15224655302935,0.0830597334749473,0.96,0.159413315399769,0.010195209142946,"gamma_bin"
"gamma_bin_7.50_3.40","vary_mean",7.5,0,TRUE,218,0.657956194341687,0.650594323847012,0.0616062373500769,0.95,0.118283922322649,-0.00736187049467452,"gamma_bin"
"gamma_bin_7.50_3.40","vary_mean",7.5,0,TRUE,219,1.37055796530381,1.37756536793885,0.0832692288767346,0.95,0.169795625524752,0.00700740263503752,"gamma_bin"
"gamma_bin_7.50_3.40","vary_mean",7.5,0,TRUE,220,1.1217671045533,1.13216673288518,0.0805318467791883,0.96,0.152376540806281,0.0103996283318808,"gamma_bin"
"gamma_bin_7.50_3.40","vary_mean",7.5,0,TRUE,221,1.82148085595811,1.81937738933504,0.103123471844574,0.93,0.191764761774635,-0.00210346662307281,"gamma_bin"
"gamma_bin_7.50_3.40","vary_mean",7.5,0,TRUE,222,1.47820728190538,1.48047124727293,0.0880864028231674,0.95,0.171614874158491,0.00226396536755047,"gamma_bin"
"gamma_bin_7.50_3.40","vary_mean",7.5,0,TRUE,223,1.22912323671868,1.20863936780602,0.0776523856628388,0.96,0.152832514051704,-0.0204838689126583,"gamma_bin"
"gamma_bin_7.50_3.40","vary_mean",7.5,0,TRUE,224,1.39166921706407,1.37775204846307,0.0807655244772508,0.95,0.159455115729132,-0.013917168601,"gamma_bin"
"gamma_bin_7.50_3.40","vary_mean",7.5,0,TRUE,225,1.02692395020016,1.01878452939837,0.0721740915302327,0.91,0.133573683748201,-0.00813942080179353,"gamma_bin"
"gamma_bin_7.50_3.40","vary_mean",7.5,0,TRUE,226,0.944469227223,0.954906709606877,0.0671713077975853,0.94,0.126221830271861,0.0104374823838774,"gamma_bin"
"gamma_bin_7.50_3.40","vary_mean",7.5,0,TRUE,227,0.882935394281871,0.887025369615472,0.0604856707795058,0.93,0.119349487266998,0.00408997533360056,"gamma_bin"
"gamma_bin_7.50_3.40","vary_mean",7.5,0,TRUE,228,1.25451332375843,1.25810773581669,0.0673673829139159,0.98,0.14066035712342,0.00359441205825517,"gamma_bin"
"gamma_bin_7.50_3.40","vary_mean",7.5,0,TRUE,229,1.46482234027448,1.46991837232137,0.0738616428851195,0.95,0.151443227586915,0.0050960320468918,"gamma_bin"
"gamma_bin_7.50_3.40","vary_mean",7.5,0,TRUE,230,1.51066180760486,1.50063241085734,0.073947542152058,0.97,0.152700240353517,-0.0100293967475158,"gamma_bin"
"gamma_bin_7.50_3.40","vary_mean",7.5,0,TRUE,231,1.76123960010775,1.75149333550399,0.0878967949206588,0.92,0.163835815172173,-0.0097462646037556,"gamma_bin"
"gamma_bin_7.50_3.40","vary_mean",7.5,0,TRUE,232,1.40610248726795,1.38948777770894,0.0713049318530213,0.96,0.143505451518447,-0.0166147095590063,"gamma_bin"
"gamma_bin_7.50_3.40","vary_mean",7.5,0,TRUE,233,1.50839208568838,1.49521965192783,0.0663966823794827,0.97,0.145006345883105,-0.0131724337605479,"gamma_bin"
"gamma_bin_7.50_3.40","vary_mean",7.5,0,TRUE,234,2.14809922234943,2.13848254086665,0.0893183700499322,0.97,0.168097183585791,-0.00961668148277806,"gamma_bin"
"gamma_bin_7.50_3.40","vary_mean",7.5,0,TRUE,235,1.77316147702833,1.80291187134033,0.0813812462286145,0.95,0.149344365517127,0.0297503943119977,"gamma_bin"
"gamma_bin_7.50_3.40","vary_mean",7.5,0,TRUE,236,1.73482506410384,1.7301087218379,0.0806458790085371,0.92,0.141050522493442,-0.00471634226593842,"gamma_bin"
"gamma_bin_7.50_3.40","vary_mean",7.5,0,TRUE,237,1.62267353351007,1.62137035240995,0.0668555127068371,0.95,0.131074021445063,-0.00130318110012073,"gamma_bin"
"gamma_bin_7.50_3.40","vary_mean",7.5,0,TRUE,238,1.18124992154851,1.18897133892836,0.0565239482402252,0.92,0.107565255480499,0.0077214173798481,"gamma_bin"
"gamma_bin_7.50_3.40","vary_mean",7.5,0,TRUE,239,1.18465305674865,1.19037627266037,0.0572902649389012,0.94,0.103376348344639,0.00572321591171732,"gamma_bin"
"gamma_bin_7.50_3.40","vary_mean",7.5,0,TRUE,240,1.4168407618799,1.43388093122159,0.0528417739669921,0.97,0.10979590514024,0.017040169341688,"gamma_bin"
"gamma_bin_7.50_3.40","vary_mean",7.5,0,TRUE,241,1.25636383468336,1.26133537876922,0.0489748060318072,0.96,0.10046315902621,0.00497154408585665,"gamma_bin"
"gamma_bin_7.50_3.40","vary_mean",7.5,0,TRUE,242,1.12127216596798,1.12620054261501,0.0488774714183183,0.97,0.0931056889191064,0.00492837664702872,"gamma_bin"
"gamma_bin_7.50_3.40","vary_mean",7.5,0,TRUE,243,1.35468577162437,1.35993135296006,0.0595990114304762,0.89,0.100660848565554,0.00524558133569064,"gamma_bin"
"gamma_bin_7.50_3.40","vary_mean",7.5,0,TRUE,244,1.01073025572083,1.02130111675724,0.0436796681149472,0.96,0.0859263787127719,0.010570861036413,"gamma_bin"
"gamma_bin_7.50_3.40","vary_mean",7.5,0,TRUE,245,1.09869262296579,1.10119952018864,0.0407247132162953,0.98,0.0879755897225673,0.00250689722284747,"gamma_bin"
"gamma_bin_7.50_3.40","vary_mean",7.5,0,TRUE,246,1.01867243248783,1.01837903222674,0.040601188450699,0.97,0.0835116480133365,-0.000293400261091259,"gamma_bin"
"gamma_bin_7.50_3.40","vary_mean",7.5,0,TRUE,247,0.933300548697082,0.935383428188888,0.0402196216960028,0.97,0.0792761355761599,0.00208287949180563,"gamma_bin"
"gamma_bin_7.50_3.40","vary_mean",7.5,0,TRUE,248,1.07521131224965,1.08018631305123,0.0412139644945394,0.96,0.0846258510030565,0.00497500080158364,"gamma_bin"
"gamma_bin_7.50_3.40","vary_mean",7.5,0,TRUE,249,1.30368079751671,1.30693101668848,0.0464865748586919,0.96,0.0927754881331212,0.00325021917176738,"gamma_bin"
"gamma_bin_7.50_3.40","vary_mean",7.5,0,TRUE,250,1.41725036624756,1.42513189864468,0.0497777660544911,0.93,0.0967118537086072,0.00788153239711886,"gamma_bin"
"gamma_bin_7.50_3.40","vary_mean",7.5,0,TRUE,251,1.14473843834061,1.13646138345988,0.0429523185486004,0.97,0.0860037013473562,-0.00827705488073449,"gamma_bin"
"gamma_bin_7.50_3.40","vary_mean",7.5,0,TRUE,252,1.28957905264017,1.2846961478114,0.0473508544511885,0.94,0.0904856084189676,-0.0048829048287653,"gamma_bin"
"gamma_bin_7.50_3.40","vary_mean",7.5,0,TRUE,253,1.41164181175606,1.40281025882311,0.0419604179201225,0.96,0.0931534238237547,-0.00883155293295212,"gamma_bin"
"gamma_bin_7.50_4.08","vary_sd",4.08,0.2,FALSE,15,1.02510010675531,1.03430342680451,0.023179026502304,0.98,0.056183921013041,0.00920332004920277,"gamma_bin"
"gamma_bin_7.50_4.08","vary_sd",4.08,0.2,FALSE,16,1.25252014867933,1.27705066235906,0.0285277530042017,0.89,0.06096681975911,0.0245305136797309,"gamma_bin"
"gamma_bin_7.50_4.08","vary_sd",4.08,0.2,FALSE,17,1.21525733695915,1.24178111663395,0.0315286503315074,0.86,0.0590933734932211,0.0265237796748026,"gamma_bin"
"gamma_bin_7.50_4.08","vary_sd",4.08,0.2,FALSE,18,0.979230198394809,0.995010760598968,0.02453686557553,0.93,0.0521369205616941,0.0157805622041588,"gamma_bin"
"gamma_bin_7.50_4.08","vary_sd",4.08,0.2,FALSE,19,1.02544833790337,1.04274742350061,0.0289465639512831,0.92,0.0527381866063952,0.0172990855972446,"gamma_bin"
"gamma_bin_7.50_4.08","vary_sd",4.08,0.2,FALSE,20,1.03933643277786,1.05883528074834,0.0227594988077702,0.97,0.0526942737012951,0.0194988479704836,"gamma_bin"
"gamma_bin_7.50_4.08","vary_sd",4.08,0.2,FALSE,21,1.31704644033967,1.33526137753611,0.0285984698883367,0.93,0.0588236607286158,0.0182149371964437,"gamma_bin"
"gamma_bin_7.50_4.08","vary_sd",4.08,0.2,FALSE,22,1.01626238281987,1.02173313663805,0.0271826431117053,0.93,0.051116465373185,0.00547075381817841,"gamma_bin"
"gamma_bin_7.50_4.08","vary_sd",4.08,0.2,FALSE,23,0.750219977978433,0.753052606911421,0.0195541147278178,0.97,0.0435326304168389,0.0028326289329883,"gamma_bin"
"gamma_bin_7.50_4.08","vary_sd",4.08,0.2,FALSE,24,0.68680573053247,0.691779885732347,0.0214114512926495,0.95,0.0415098782844486,0.00497415519987687,"gamma_bin"
"gamma_bin_7.50_4.08","vary_sd",4.08,0.2,FALSE,25,1.09137562864791,1.10846266571964,0.0261758684542179,0.9,0.0526312769260718,0.0170870370717331,"gamma_bin"
"gamma_bin_7.50_4.08","vary_sd",4.08,0.2,FALSE,26,0.741057834922739,0.757273087795268,0.0232707954327551,0.88,0.0437482187798653,0.0162152528725295,"gamma_bin"
"gamma_bin_7.50_4.08","vary_sd",4.08,0.2,FALSE,27,0.768534353981288,0.7806118892831,0.0224136335116156,0.92,0.0447343353422736,0.0120775353018118,"gamma_bin"
"gamma_bin_7.50_4.08","vary_sd",4.08,0.2,FALSE,28,0.752768210408917,0.762113657391024,0.0247643891855838,0.94,0.0446167287327602,0.00934544698210715,"gamma_bin"
"gamma_bin_7.50_4.08","vary_sd",4.08,0.2,FALSE,29,0.700189279957523,0.710505120074653,0.0200702291265466,0.96,0.0435975699470039,0.0103158401171304,"gamma_bin"
"gamma_bin_7.50_4.08","vary_sd",4.08,0.2,FALSE,30,0.555240242382622,0.560566509976898,0.0208684038933587,0.93,0.0392895636561047,0.00532626759427623,"gamma_bin"
"gamma_bin_7.50_4.08","vary_sd",4.08,0.2,FALSE,31,0.584450640057208,0.593607028315332,0.0204907010704353,0.93,0.0411763000229301,0.00915638825812359,"gamma_bin"
"gamma_bin_7.50_4.08","vary_sd",4.08,0.2,FALSE,32,0.680297862250013,0.687691405657267,0.0209751635583691,0.95,0.0453396956518116,0.00739354340725384,"gamma_bin"
"gamma_bin_7.50_4.08","vary_sd",4.08,0.2,FALSE,33,0.95896579009836,0.971453242526635,0.0266802244738289,0.92,0.0552942879616452,0.0124874524282751,"gamma_bin"
"gamma_bin_7.50_4.08","vary_sd",4.08,0.2,FALSE,34,1.26713544933213,1.26932750801104,0.0328049808880972,0.95,0.0647624895255832,0.0021920586789097,"gamma_bin"
"gamma_bin_7.50_4.08","vary_sd",4.08,0.2,FALSE,35,1.32835487275134,1.30212711462887,0.0342711737316969,0.89,0.0666704028761617,-0.0262277581224717,"gamma_bin"
"gamma_bin_7.50_4.08","vary_sd",4.08,0.2,FALSE,36,0.820532179912435,0.791259258116115,0.0268107973911827,0.79,0.0521962274940974,-0.0292729217963198,"gamma_bin"
"gamma_bin_7.50_4.08","vary_sd",4.08,0.2,FALSE,37,0.605066948223753,0.581155917692105,0.025212949678046,0.78,0.0446249983344301,-0.0239110305316477,"gamma_bin"
"gamma_bin_7.50_4.08","vary_sd",4.08,0.2,FALSE,38,0.480613317476216,0.471029109501524,0.020174684360596,0.93,0.0401980563228902,-0.00958420797469206,"gamma_bin"
"gamma_bin_7.50_4.08","vary_sd",4.08,0.2,FALSE,39,0.729684595490469,0.737655417420952,0.0283760809903544,0.93,0.0507844567175659,0.00797082193048304,"gamma_bin"
"gamma_bin_7.50_4.08","vary_sd",4.08,0.2,FALSE,40,0.815117093248404,0.837829431864761,0.0298369205400714,0.84,0.0550938011694279,0.0227123386163574,"gamma_bin"
"gamma_bin_7.50_4.08","vary_sd",4.08,0.2,FALSE,41,0.615435524003123,0.629891413431791,0.0244025105240158,0.91,0.0487796032959961,0.0144558894286679,"gamma_bin"
"gamma_bin_7.50_4.08","vary_sd",4.08,0.2,FALSE,42,0.771681049543453,0.78231278809664,0.025613968598469,0.95,0.0555595105226515,0.0106317385531873,"gamma_bin"
"gamma_bin_7.50_4.08","vary_sd",4.08,0.2,FALSE,43,0.638637642797715,0.641817103721839,0.0284830205134121,0.94,0.0514346980911271,0.00317946092412436,"gamma_bin"
"gamma_bin_7.50_4.08","vary_sd",4.08,0.2,FALSE,44,0.502607638572081,0.507241133148832,0.0261280097089318,0.92,0.0467380470578245,0.00463349457675077,"gamma_bin"
"gamma_bin_7.50_4.08","vary_sd",4.08,0.2,FALSE,45,0.419348773276434,0.423907203091707,0.0202273376369689,0.97,0.043770286766057,0.00455842981527277,"gamma_bin"
"gamma_bin_7.50_4.08","vary_sd",4.08,0.2,FALSE,46,0.532523289397014,0.538534719026389,0.0265192835111103,0.94,0.0507668740836589,0.00601142962937473,"gamma_bin"
"gamma_bin_7.50_4.08","vary_sd",4.08,0.2,FALSE,47,0.748164536979726,0.758820992944302,0.0283495095544996,0.95,0.0623258850669779,0.0106564559645758,"gamma_bin"
"gamma_bin_7.50_4.08","vary_sd",4.08,0.2,FALSE,48,0.699597036363356,0.701149951492752,0.0296433338784405,0.96,0.0620291586043706,0.00155291512939582,"gamma_bin"
"gamma_bin_7.50_4.08","vary_sd",4.08,0.2,FALSE,49,0.840634610500807,0.840625644970687,0.032325523963239,0.97,0.0701551223454179,-8.9655301196423e-06,"gamma_bin"
"gamma_bin_7.50_4.08","vary_sd",4.08,0.2,FALSE,50,0.605572567510499,0.597775394639307,0.0270896237103509,0.96,0.0608379054172481,-0.00779717287119241,"gamma_bin"
"gamma_bin_7.50_4.08","vary_sd",4.08,0.2,FALSE,51,0.551154795645625,0.538202836162277,0.0276347920233792,0.97,0.0591547135072443,-0.0129519594833477,"gamma_bin"
"gamma_bin_7.50_4.08","vary_sd",4.08,0.2,FALSE,52,0.382419782215341,0.372917969554841,0.0285156737704478,0.91,0.0504601246586882,-0.00950181266049982,"gamma_bin"
"gamma_bin_7.50_4.08","vary_sd",4.08,0.2,FALSE,53,0.67605453850849,0.6657934996755,0.0371365852949583,0.93,0.0694047260517795,-0.0102610388329896,"gamma_bin"
"gamma_bin_7.50_4.08","vary_sd",4.08,0.2,FALSE,54,0.67389745281474,0.679390560597546,0.0361939438125455,0.95,0.0724486018628372,0.0054931077828061,"gamma_bin"
"gamma_bin_7.50_4.08","vary_sd",4.08,0.2,FALSE,55,0.928654307802489,0.929414562106465,0.0447582743153438,0.98,0.0876073875097925,0.000760254303976082,"gamma_bin"
"gamma_bin_7.50_4.08","vary_sd",4.08,0.2,FALSE,56,0.750444909156983,0.745823289921672,0.0437631259638174,0.93,0.0808365912656779,-0.00462161923531113,"gamma_bin"
"gamma_bin_7.50_4.08","vary_sd",4.08,0.2,FALSE,57,0.713559496047443,0.692699765233705,0.0414915398974296,0.94,0.0798077728514657,-0.0208597308137378,"gamma_bin"
"gamma_bin_7.50_4.08","vary_sd",4.08,0.2,FALSE,58,0.492127182876667,0.48062045747154,0.0365945900881592,0.9,0.0678643887817224,-0.0115067254051271,"gamma_bin"
"gamma_bin_7.50_4.08","vary_sd",4.08,0.2,FALSE,59,0.488121905081673,0.480104272994643,0.0346647044525021,0.94,0.0693230377553543,-0.00801763208703049,"gamma_bin"
"gamma_bin_7.50_4.08","vary_sd",4.08,0.2,FALSE,60,0.671861168143052,0.672726771423688,0.0405468160990945,0.98,0.084237360373143,0.000865603280635674,"gamma_bin"
"gamma_bin_7.50_4.08","vary_sd",4.08,0.2,FALSE,61,0.791762464983911,0.793397870878885,0.0457843778712828,0.97,0.094251601820611,0.00163540589497391,"gamma_bin"
"gamma_bin_7.50_4.08","vary_sd",4.08,0.2,FALSE,62,0.652922492639065,0.650057832596175,0.0464882887437797,0.94,0.0878809485305852,-0.00286466004288966,"gamma_bin"
"gamma_bin_7.50_4.08","vary_sd",4.08,0.2,FALSE,63,0.613891069127135,0.60940437313877,0.0412537298459197,0.96,0.0874893492398858,-0.00448669598836526,"gamma_bin"
"gamma_bin_7.50_4.08","vary_sd",4.08,0.2,FALSE,64,0.747174650317661,0.741048411578609,0.0498778078240181,0.92,0.0990883458453655,-0.00612623873905216,"gamma_bin"
"gamma_bin_7.50_4.08","vary_sd",4.08,0.2,FALSE,65,0.706701130088712,0.700632302865834,0.0535108890023448,0.96,0.0989017131483115,-0.0060688272228776,"gamma_bin"
"gamma_bin_7.50_4.08","vary_sd",4.08,0.2,FALSE,66,0.51187393654748,0.512032947333614,0.0427474857413247,0.95,0.0866863294903887,0.000159010786133673,"gamma_bin"
"gamma_bin_7.50_4.08","vary_sd",4.08,0.2,FALSE,67,0.670601402325688,0.659823457872384,0.0513626878802715,0.95,0.100929753876509,-0.0107779444533044,"gamma_bin"
"gamma_bin_7.50_4.08","vary_sd",4.08,0.2,FALSE,68,1.17253163081397,1.1634948745985,0.0719258345849672,0.91,0.137722488647327,-0.0090367562154654,"gamma_bin"
"gamma_bin_7.50_4.08","vary_sd",4.08,0.2,FALSE,69,1.09882955126721,1.07616877844351,0.0769005739972754,0.92,0.135628813494775,-0.0226607728237036,"gamma_bin"
"gamma_bin_7.50_4.08","vary_sd",4.08,0.2,FALSE,70,0.864010024055233,0.837057914815686,0.0622827980533787,0.92,0.121433635318428,-0.0269521092395465,"gamma_bin"
"gamma_bin_7.50_4.08","vary_sd",4.08,0.2,FALSE,71,0.715098113998147,0.690580269441013,0.0608502271045904,0.91,0.111179716050649,-0.0245178445571343,"gamma_bin"
"gamma_bin_7.50_4.08","vary_sd",4.08,0.2,FALSE,72,0.5778146754347,0.57237593322134,0.0525148179872655,0.95,0.101977210414799,-0.00543874221336005,"gamma_bin"
"gamma_bin_7.50_4.08","vary_sd",4.08,0.2,FALSE,73,0.968098548670386,0.967347117412261,0.0613118601251674,0.98,0.134183630474695,-0.000751431258125268,"gamma_bin"
"gamma_bin_7.50_4.08","vary_sd",4.08,0.2,FALSE,74,0.655349167508219,0.659520333481678,0.0585582408418246,0.92,0.11241675777452,0.00417116597345912,"gamma_bin"
"gamma_bin_7.50_4.08","vary_sd",4.08,0.2,FALSE,75,0.59977224361632,0.603039887508034,0.0543686124272496,0.95,0.10922805653499,0.00326764389171419,"gamma_bin"
"gamma_bin_7.50_4.08","vary_sd",4.08,0.2,FALSE,76,0.795810456805532,0.806366867060925,0.0641310802018284,0.95,0.128703253217106,0.0105564102553933,"gamma_bin"
"gamma_bin_7.50_4.08","vary_sd",4.08,0.2,FALSE,77,0.873668877519834,0.879240060338002,0.0674464901286552,0.96,0.137199292702469,0.00557118281816749,"gamma_bin"
"gamma_bin_7.50_4.08","vary_sd",4.08,0.2,FALSE,78,0.655524310026793,0.661140056218525,0.0712531406388554,0.92,0.121287785842747,0.00561574619173155,"gamma_bin"
"gamma_bin_7.50_4.08","vary_sd",4.08,0.2,FALSE,79,0.810623636163075,0.817970004165512,0.0726959397544825,0.93,0.137443640955308,0.00734636800243704,"gamma_bin"
"gamma_bin_7.50_4.08","vary_sd",4.08,0.2,FALSE,80,0.610456557383718,0.60559485190771,0.0534904336161281,0.99,0.120450700956106,-0.00486170547600784,"gamma_bin"
"gamma_bin_7.50_4.08","vary_sd",4.08,0.2,FALSE,81,0.859858611274139,0.859911061583762,0.0771725064379106,0.95,0.146260359225939,5.24503096230866e-05,"gamma_bin"
"gamma_bin_7.50_4.08","vary_sd",4.08,0.2,FALSE,82,0.71793472208637,0.719228739634229,0.0664823841995275,0.97,0.136345802143549,0.00129401754785918,"gamma_bin"
"gamma_bin_7.50_4.08","vary_sd",4.08,0.2,FALSE,83,0.992203959261976,0.985007378606563,0.0807893236687417,0.97,0.162620219436203,-0.00719658065541262,"gamma_bin"
"gamma_bin_7.50_4.08","vary_sd",4.08,0.2,FALSE,84,1.12541562776308,1.11087736443318,0.0963474026607744,0.95,0.175604542285202,-0.0145382633298992,"gamma_bin"
"gamma_bin_7.50_4.08","vary_sd",4.08,0.2,FALSE,85,0.719081428835968,0.714545861321767,0.0786204033024952,0.97,0.142412446234203,-0.00453556751420059,"gamma_bin"
"gamma_bin_7.50_4.08","vary_sd",4.08,0.2,FALSE,86,0.84752493125734,0.840487057782415,0.0729480496152491,0.97,0.155812039461636,-0.00703787347492524,"gamma_bin"
"gamma_bin_7.50_4.08","vary_sd",4.08,0.2,FALSE,87,0.855021916180829,0.847650918196439,0.0814513701145728,0.96,0.157768620519466,-0.00737099798439012,"gamma_bin"
"gamma_bin_7.50_4.08","vary_sd",4.08,0.2,FALSE,88,1.05231211723794,1.05860515666293,0.0914021070343519,0.93,0.17798643783321,0.00629303942499426,"gamma_bin"
"gamma_bin_7.50_4.08","vary_sd",4.08,0.2,FALSE,89,0.736245763604483,0.739254979911834,0.0804589109776315,0.96,0.149952154103467,0.00300921630735063,"gamma_bin"
"gamma_bin_7.50_4.08","vary_sd",4.08,0.2,FALSE,90,0.910435800275709,0.924491030283566,0.0843458953321853,0.96,0.169091187744494,0.0140552300078572,"gamma_bin"
"gamma_bin_7.50_4.08","vary_sd",4.08,0.2,FALSE,91,0.875373992276142,0.88730348747921,0.0869287532837229,0.94,0.166979346634779,0.0119294952030683,"gamma_bin"
"gamma_bin_7.50_4.08","vary_sd",4.08,0.2,FALSE,92,1.13308580158326,1.12297185116815,0.0898679110547659,0.95,0.18953456895714,-0.0101139504151089,"gamma_bin"
"gamma_bin_7.50_4.08","vary_sd",4.08,0.2,FALSE,93,0.779622317935819,0.78781264350175,0.0842895029660296,0.94,0.159736486483719,0.00819032556593147,"gamma_bin"
"gamma_bin_7.50_4.08","vary_sd",4.08,0.2,FALSE,94,0.738590807925372,0.730522506919855,0.0818760167318914,0.95,0.154548298133349,-0.00806830100551748,"gamma_bin"
"gamma_bin_7.50_4.08","vary_sd",4.08,0.2,FALSE,95,0.736386067431423,0.749146156849609,0.0864693807139631,0.92,0.157630343535788,0.0127600894181861,"gamma_bin"
"gamma_bin_7.50_4.08","vary_sd",4.08,0.2,FALSE,96,0.940470991453404,0.959641745572374,0.0939846911034028,0.95,0.180327306295183,0.0191707541189697,"gamma_bin"
"gamma_bin_7.50_4.08","vary_sd",4.08,0.2,FALSE,97,0.92681020267862,0.949857277630181,0.0898443920123055,0.96,0.181642538588504,0.0230470749515612,"gamma_bin"
"gamma_bin_7.50_4.08","vary_sd",4.08,0.2,FALSE,98,0.805264800704658,0.820598807227176,0.084606994958546,0.92,0.170661627708223,0.015334006522518,"gamma_bin"
"gamma_bin_7.50_4.08","vary_sd",4.08,0.2,FALSE,99,0.96897608307621,0.99134899366061,0.103950460802657,0.95,0.189330667659855,0.0223729105843998,"gamma_bin"
"gamma_bin_7.50_4.08","vary_sd",4.08,0.2,FALSE,100,0.483332995262756,0.488647145082011,0.0686588294918829,0.95,0.134043776992337,0.00531414981925532,"gamma_bin"
"gamma_bin_7.50_4.08","vary_sd",4.08,0.2,FALSE,101,0.66077716283239,0.674569034504827,0.0844550276003731,0.94,0.159189794308291,0.0137918716724373,"gamma_bin"
"gamma_bin_7.50_4.08","vary_sd",4.08,0.2,FALSE,102,0.655745239910364,0.663588879745669,0.074914022725779,0.97,0.160318152267184,0.00784363983530489,"gamma_bin"
"gamma_bin_7.50_4.08","vary_sd",4.08,0.2,FALSE,103,1.19599908198214,1.2086451498103,0.102402116288511,0.97,0.220888349303897,0.0126460678281597,"gamma_bin"
"gamma_bin_7.50_4.08","vary_sd",4.08,0.2,FALSE,104,1.52020654998133,1.52484887146815,0.125004823991148,0.95,0.252794719524966,0.0046423214868152,"gamma_bin"
"gamma_bin_7.50_4.08","vary_sd",4.08,0.2,FALSE,105,1.10303826313934,1.09216372722575,0.112906068344138,0.93,0.215602793322466,-0.0108745359135851,"gamma_bin"
"gamma_bin_7.50_4.08","vary_sd",4.08,0.2,FALSE,106,0.895258886773757,0.871094706391475,0.0945246426536195,0.97,0.191922048512982,-0.0241641803822819,"gamma_bin"
"gamma_bin_7.50_4.08","vary_sd",4.08,0.2,FALSE,107,0.603016892421566,0.583357939223098,0.0770319011606023,0.96,0.155906748423875,-0.0196589531984682,"gamma_bin"
"gamma_bin_7.50_4.08","vary_sd",4.08,0.2,FALSE,108,1.07762321196894,1.06834535314431,0.113855598828759,0.93,0.210654368760021,-0.00927785882462806,"gamma_bin"
"gamma_bin_7.50_4.08","vary_sd",4.08,0.2,FALSE,109,1.67936751135944,1.70296649438566,0.163465514759935,0.93,0.266968758031189,0.0235989830262187,"gamma_bin"
"gamma_bin_7.50_4.08","vary_sd",4.08,0.2,FALSE,110,0.778512854791425,0.790961115819956,0.0864322335713745,0.94,0.181847656358476,0.0124482610285306,"gamma_bin"
"gamma_bin_7.50_4.08","vary_sd",4.08,0.2,FALSE,111,0.992005341124613,0.970439716400039,0.0981071139679459,0.93,0.200141445688044,-0.021565624724574,"gamma_bin"
"gamma_bin_7.50_4.08","vary_sd",4.08,0.2,FALSE,112,1.07688074493023,1.0681139085045,0.112352178129651,0.94,0.208854609369496,-0.00876683642572895,"gamma_bin"
"gamma_bin_7.50_4.08","vary_sd",4.08,0.2,FALSE,113,0.702400819858529,0.71614678188697,0.0846246977557835,0.95,0.170380492881986,0.013745962028441,"gamma_bin"
"gamma_bin_7.50_4.08","vary_sd",4.08,0.2,FALSE,114,0.976066509197994,0.983179921644449,0.10814650307411,0.95,0.199650577366301,0.0071134124464548,"gamma_bin"
"gamma_bin_7.50_4.08","vary_sd",4.08,0.2,FALSE,115,1.23867756628513,1.2488646208855,0.119872075720389,0.97,0.225779613099584,0.0101870546003662,"gamma_bin"
"gamma_bin_7.50_4.08","vary_sd",4.08,0.2,FALSE,116,1.16180338965973,1.17595815327727,0.109133276249718,0.98,0.219728063950555,0.0141547636175394,"gamma_bin"
"gamma_bin_7.50_4.08","vary_sd",4.08,0.2,FALSE,117,1.19462029108814,1.19010216971547,0.112596191514806,0.94,0.220661173893698,-0.00451812137267171,"gamma_bin"
"gamma_bin_7.50_4.08","vary_sd",4.08,0.2,FALSE,118,1.16321995780671,1.14401808870502,0.109858318595748,0.96,0.215112218987111,-0.0192018691016862,"gamma_bin"
"gamma_bin_7.50_4.08","vary_sd",4.08,0.2,FALSE,119,1.07032628214879,1.06164840343656,0.0989944609879383,0.94,0.205446437940467,-0.00867787871222614,"gamma_bin"
"gamma_bin_7.50_4.08","vary_sd",4.08,0.2,FALSE,120,0.877757633134012,0.867251234293336,0.0844565866633083,0.97,0.184056474534357,-0.0105063988406765,"gamma_bin"
"gamma_bin_7.50_4.08","vary_sd",4.08,0.2,FALSE,121,1.36755731263547,1.37052300661958,0.112824291072296,0.96,0.22990572608792,0.00296569398410673,"gamma_bin"
"gamma_bin_7.50_4.08","vary_sd",4.08,0.2,FALSE,122,0.835796444244159,0.852078438737437,0.0895283240476429,0.97,0.18035589684435,0.0162819944932776,"gamma_bin"
"gamma_bin_7.50_4.08","vary_sd",4.08,0.2,FALSE,123,1.26724551805682,1.26883977699642,0.102471175296808,0.96,0.218942043506692,0.00159425893959786,"gamma_bin"
"gamma_bin_7.50_4.08","vary_sd",4.08,0.2,FALSE,124,0.969129898643769,0.975342153588552,0.0858168151825266,0.98,0.190916258291432,0.00621225494478261,"gamma_bin"
"gamma_bin_7.50_4.08","vary_sd",4.08,0.2,FALSE,125,0.847338782890042,0.85578968509223,0.0806971049518564,0.99,0.177905643186845,0.00845090220218758,"gamma_bin"
"gamma_bin_7.50_4.08","vary_sd",4.08,0.2,FALSE,126,0.715564882412269,0.730082723894409,0.0785324474600181,0.96,0.163744993302832,0.0145178414821404,"gamma_bin"
"gamma_bin_7.50_4.08","vary_sd",4.08,0.2,FALSE,127,0.94782383341486,0.962553260009756,0.0947650350357966,0.95,0.188369557529133,0.0147294265948964,"gamma_bin"
"gamma_bin_7.50_4.08","vary_sd",4.08,0.2,FALSE,128,0.685081694959754,0.700169289214369,0.07385257936659,0.97,0.161705429310555,0.015087594254615,"gamma_bin"
"gamma_bin_7.50_4.08","vary_sd",4.08,0.2,FALSE,129,0.940719567434955,0.95960160315488,0.0970668056109125,0.96,0.191108877524174,0.0188820357199249,"gamma_bin"
"gamma_bin_7.50_4.08","vary_sd",4.08,0.2,FALSE,130,0.882735861931285,0.89227461124909,0.0892499461232843,0.97,0.186285027978095,0.0095387493178053,"gamma_bin"
"gamma_bin_7.50_4.08","vary_sd",4.08,0.2,FALSE,131,0.908592867608554,0.929995882895464,0.102276375840108,0.95,0.192230598459167,0.02140301528691,"gamma_bin"
"gamma_bin_7.50_4.08","vary_sd",4.08,0.2,FALSE,132,0.919571358645804,0.90579044614678,0.0933074709628272,0.95,0.191393038407736,-0.013780912499024,"gamma_bin"
"gamma_bin_7.50_4.08","vary_sd",4.08,0.2,FALSE,133,0.772870216905444,0.762078177142327,0.0956477546848931,0.95,0.176884814401212,-0.0107920397631174,"gamma_bin"
"gamma_bin_7.50_4.08","vary_sd",4.08,0.2,FALSE,134,0.850110615604727,0.839310925045284,0.0806685680987512,0.98,0.187392258486393,-0.0107996905594432,"gamma_bin"
"gamma_bin_7.50_4.08","vary_sd",4.08,0.2,FALSE,135,0.784750966748685,0.782470319838636,0.105193731597287,0.92,0.182539090151222,-0.00228064691004859,"gamma_bin"
"gamma_bin_7.50_4.08","vary_sd",4.08,0.2,FALSE,136,0.974669466757976,0.989717795485565,0.103216366440346,0.97,0.207845544893061,0.0150483287275885,"gamma_bin"
"gamma_bin_7.50_4.08","vary_sd",4.08,0.2,FALSE,137,0.984151011066472,0.991249280080423,0.113691813776534,0.95,0.210472230045624,0.00709826901395094,"gamma_bin"
"gamma_bin_7.50_4.08","vary_sd",4.08,0.2,FALSE,138,1.1907508581573,1.18165623186614,0.113338832981032,0.98,0.231881716689633,-0.00909462629115776,"gamma_bin"
"gamma_bin_7.50_4.08","vary_sd",4.08,0.2,FALSE,139,1.38368582408824,1.3596645149824,0.122957586036377,0.96,0.249918993022251,-0.0240213091058405,"gamma_bin"
"gamma_bin_7.50_4.08","vary_sd",4.08,0.2,FALSE,140,0.815817246340058,0.80904465983136,0.103112185506421,0.94,0.19224930687559,-0.00677258650869839,"gamma_bin"
"gamma_bin_7.50_4.08","vary_sd",4.08,0.2,FALSE,141,0.948708845408202,0.936410626084657,0.108032130381809,0.96,0.2056775806689,-0.0122982193235451,"gamma_bin"
"gamma_bin_7.50_4.08","vary_sd",4.08,0.2,FALSE,142,0.887913521021147,0.892618590802003,0.108830331305986,0.96,0.200048966964142,0.00470506978085616,"gamma_bin"
"gamma_bin_7.50_4.08","vary_sd",4.08,0.2,FALSE,143,1.33195215209727,1.31590888728245,0.133594559877551,0.92,0.242836029224448,-0.0160432648148241,"gamma_bin"
"gamma_bin_7.50_4.08","vary_sd",4.08,0.2,FALSE,144,1.33130915175386,1.35195915259098,0.133992850290764,0.93,0.246080249210076,0.0206500008371171,"gamma_bin"
"gamma_bin_7.50_4.08","vary_sd",4.08,0.2,FALSE,145,1.36040954450305,1.35664178954464,0.112736249954137,0.97,0.245448171590181,-0.00376775495841253,"gamma_bin"
"gamma_bin_7.50_4.08","vary_sd",4.08,0.2,FALSE,146,1.03071516120352,1.01195910733576,0.104578112520526,0.96,0.209467044690916,-0.0187560538677602,"gamma_bin"
"gamma_bin_7.50_4.08","vary_sd",4.08,0.2,FALSE,147,1.01542687773298,1.00609065160813,0.101236200569507,0.97,0.205927852743544,-0.00933622612484553,"gamma_bin"
"gamma_bin_7.50_4.08","vary_sd",4.08,0.2,FALSE,148,0.918038272830281,0.910263918957606,0.095590676640396,0.96,0.193665934985362,-0.00777435387267467,"gamma_bin"
"gamma_bin_7.50_4.08","vary_sd",4.08,0.2,FALSE,149,0.795403147880171,0.804995639183497,0.09088905353224,0.95,0.181094995276027,0.00959249130332585,"gamma_bin"
"gamma_bin_7.50_4.08","vary_sd",4.08,0.2,FALSE,150,0.947076494147123,0.967487907196753,0.094229178794648,0.95,0.198266202569913,0.0204114130496296,"gamma_bin"
"gamma_bin_7.50_4.08","vary_sd",4.08,0.2,FALSE,151,0.838902415667924,0.850045305507346,0.105489456688887,0.92,0.186284089038376,0.0111428898394222,"gamma_bin"
"gamma_bin_7.50_4.08","vary_sd",4.08,0.2,FALSE,152,1.10280245382765,1.11503339250991,0.119133735183754,0.95,0.214842150141249,0.0122309386822559,"gamma_bin"
"gamma_bin_7.50_4.08","vary_sd",4.08,0.2,FALSE,153,1.09815440539428,1.11300796598212,0.107453980454949,0.93,0.215886641374906,0.014853560587843,"gamma_bin"
"gamma_bin_7.50_4.08","vary_sd",4.08,0.2,FALSE,154,0.933699509626363,0.948258718655376,0.112305794271271,0.91,0.199675800761002,0.0145592090290134,"gamma_bin"
"gamma_bin_7.50_4.08","vary_sd",4.08,0.2,FALSE,155,0.677259462566555,0.694064170431896,0.0886674331706219,0.97,0.170825380464356,0.0168047078653414,"gamma_bin"
"gamma_bin_7.50_4.08","vary_sd",4.08,0.2,FALSE,156,0.794318325784725,0.78500105066865,0.101584140613037,0.91,0.181924075326418,-0.00931727511607472,"gamma_bin"
"gamma_bin_7.50_4.08","vary_sd",4.08,0.2,FALSE,157,0.863129045133472,0.862659826877575,0.103195316494275,0.93,0.192028403105451,-0.00046921825589652,"gamma_bin"
"gamma_bin_7.50_4.08","vary_sd",4.08,0.2,FALSE,158,1.2121292060572,1.2391180521839,0.132645049444168,0.93,0.232541566386256,0.0269888461266989,"gamma_bin"
"gamma_bin_7.50_4.08","vary_sd",4.08,0.2,FALSE,159,1.02410099479473,1.02397472275449,0.102157545916513,0.93,0.213359570880858,-0.000126272040240183,"gamma_bin"
"gamma_bin_7.50_4.08","vary_sd",4.08,0.2,FALSE,160,0.905625417711481,0.899505551732275,0.0993124382141942,0.95,0.200643954236949,-0.00611986597920555,"gamma_bin"
"gamma_bin_7.50_4.08","vary_sd",4.08,0.2,FALSE,161,0.911623484707899,0.911488815008139,0.104911838280478,0.94,0.202347778891383,-0.00013466969976017,"gamma_bin"
"gamma_bin_7.50_4.08","vary_sd",4.08,0.2,FALSE,162,0.854314364398061,0.861519731891839,0.111640834588119,0.95,0.196938685464474,0.0072053674937782,"gamma_bin"
"gamma_bin_7.50_4.08","vary_sd",4.08,0.2,FALSE,163,0.939538506142908,0.928131480014643,0.100821192871838,0.94,0.205165491055459,-0.0114070261282648,"gamma_bin"
"gamma_bin_7.50_4.08","vary_sd",4.08,0.2,FALSE,164,0.804264811038419,0.801200313193022,0.104376115814892,0.95,0.191574040776694,-0.00306449784539653,"gamma_bin"
"gamma_bin_7.50_4.08","vary_sd",4.08,0.2,FALSE,165,1.00142358506205,1.02780297285199,0.110063284443564,0.98,0.218825275963745,0.0263793877899445,"gamma_bin"
"gamma_bin_7.50_4.08","vary_sd",4.08,0.2,FALSE,166,1.22258511650756,1.19756891630398,0.126949562200918,0.95,0.237732421111828,-0.0250162002035785,"gamma_bin"
"gamma_bin_7.50_4.08","vary_sd",4.08,0.2,FALSE,167,0.797785743145654,0.7994757029666,0.100120367191007,0.96,0.195187746688643,0.00168995982094611,"gamma_bin"
"gamma_bin_7.50_4.08","vary_sd",4.08,0.2,FALSE,168,1.1498418409574,1.15169735386627,0.110077338943453,0.95,0.234747371342206,0.00185551290886843,"gamma_bin"
"gamma_bin_7.50_4.08","vary_sd",4.08,0.2,FALSE,169,0.760349335694062,0.756190893770595,0.102050627959734,0.97,0.19032688542334,-0.00415844192346726,"gamma_bin"
"gamma_bin_7.50_4.08","vary_sd",4.08,0.2,FALSE,170,1.37423882796411,1.37355594784331,0.126686961539984,0.97,0.256970148645311,-0.000682880120801643,"gamma_bin"
"gamma_bin_7.50_4.08","vary_sd",4.08,0.2,FALSE,171,0.879916177740953,0.884353453671518,0.0888251210175627,0.98,0.206272053578164,0.00443727593056453,"gamma_bin"
"gamma_bin_7.50_4.08","vary_sd",4.08,0.2,FALSE,172,1.40469809778524,1.38889383931807,0.124729259840488,0.96,0.258005299012219,-0.0158042584671745,"gamma_bin"
"gamma_bin_7.50_4.08","vary_sd",4.08,0.2,FALSE,173,0.919193657171105,0.904379799486272,0.0993885247095687,0.98,0.207291334038797,-0.0148138576848332,"gamma_bin"
"gamma_bin_7.50_4.08","vary_sd",4.08,0.2,FALSE,174,0.923156528563282,0.916620418682804,0.103395173794966,0.94,0.207286368668411,-0.00653610988047804,"gamma_bin"
"gamma_bin_7.50_4.08","vary_sd",4.08,0.2,FALSE,175,1.03837120055872,1.06500512324691,0.108629788270559,0.94,0.222502382217297,0.0266339226881931,"gamma_bin"
"gamma_bin_7.50_4.08","vary_sd",4.08,0.2,FALSE,176,0.998550191051843,0.992567699211494,0.108315774798453,0.95,0.214265171941231,-0.00598249184034894,"gamma_bin"
"gamma_bin_7.50_4.08","vary_sd",4.08,0.2,FALSE,177,1.0672490953256,1.06443250670697,0.107793822495418,0.98,0.221806657804046,-0.00281658861862732,"gamma_bin"
"gamma_bin_7.50_4.08","vary_sd",4.08,0.2,FALSE,178,0.796488943635566,0.793229445461971,0.0855516810762109,0.97,0.191259641650051,-0.00325949817359517,"gamma_bin"
"gamma_bin_7.50_4.08","vary_sd",4.08,0.2,FALSE,179,1.19853631620291,1.20968213497302,0.109184581891844,0.97,0.236551789629943,0.0111458187701132,"gamma_bin"
"gamma_bin_7.50_4.08","vary_sd",4.08,0.2,FALSE,180,1.18742234445089,1.19937076742655,0.106106853987647,0.97,0.235689962626617,0.0119484229756608,"gamma_bin"
"gamma_bin_7.50_4.08","vary_sd",4.08,0.2,FALSE,181,1.49419822100474,1.4869574134986,0.124341247634288,0.98,0.261812763010895,-0.00724080750613987,"gamma_bin"
"gamma_bin_7.50_4.08","vary_sd",4.08,0.2,FALSE,182,1.51569971274724,1.49162103784702,0.144178135062642,0.89,0.260152531340064,-0.0240786749002231,"gamma_bin"
"gamma_bin_7.50_4.08","vary_sd",4.08,0.2,FALSE,183,0.993078083144793,0.975002295848849,0.117967397309765,0.92,0.206812669025749,-0.0180757872959437,"gamma_bin"
"gamma_bin_7.50_4.08","vary_sd",4.08,0.2,FALSE,184,0.900895179433443,0.883412593809773,0.103875321557331,0.93,0.193517636323083,-0.0174825856236699,"gamma_bin"
"gamma_bin_7.50_4.08","vary_sd",4.08,0.2,FALSE,185,0.823216514722493,0.820641992207757,0.0925998094544921,0.94,0.184203763652911,-0.00257452251473556,"gamma_bin"
"gamma_bin_7.50_4.08","vary_sd",4.08,0.2,FALSE,186,1.22622352517845,1.25553204212968,0.101035732586266,0.97,0.226505703596118,0.0293085169512286,"gamma_bin"
"gamma_bin_7.50_4.08","vary_sd",4.08,0.2,FALSE,187,0.917485344129662,0.946310311095605,0.0942006968334895,0.97,0.196207921371893,0.0288249669659427,"gamma_bin"
"gamma_bin_7.50_4.08","vary_sd",4.08,0.2,FALSE,188,1.14600718978611,1.14922182392663,0.110587840578696,0.95,0.21602700950837,0.00321463414051748,"gamma_bin"
"gamma_bin_7.50_4.08","vary_sd",4.08,0.2,FALSE,189,1.15017955401154,1.17248565903384,0.104964842137835,0.95,0.217672300894594,0.022306105022303,"gamma_bin"
"gamma_bin_7.50_4.08","vary_sd",4.08,0.2,FALSE,190,1.13787761403339,1.13079923220479,0.105557438086279,0.96,0.212923735287355,-0.00707838182860332,"gamma_bin"
"gamma_bin_7.50_4.08","vary_sd",4.08,0.2,FALSE,191,1.77820774658985,1.7687925507596,0.12739156441257,0.98,0.2647583289387,-0.00941519583025374,"gamma_bin"
"gamma_bin_7.50_4.08","vary_sd",4.08,0.2,FALSE,192,1.12621869533816,1.12028504378978,0.0985132566816482,0.95,0.208095577685887,-0.00593365154837877,"gamma_bin"
"gamma_bin_7.50_4.08","vary_sd",4.08,0.2,FALSE,193,1.63142687231341,1.57440791295479,0.103504301043499,0.96,0.242365653074682,-0.0570189593586228,"gamma_bin"
"gamma_bin_7.50_4.08","vary_sd",4.08,0.2,FALSE,194,1.9613208229511,1.91485670914681,0.129009458643587,0.96,0.261643974955647,-0.0464641138042918,"gamma_bin"
"gamma_bin_7.50_4.08","vary_sd",4.08,0.2,FALSE,195,1.62644217295684,1.62473542407916,0.122229245327546,0.95,0.234588421504791,-0.00170674887767563,"gamma_bin"
"gamma_bin_7.50_4.08","vary_sd",4.08,0.2,FALSE,196,1.22114876712024,1.19290977272421,0.100293084145296,0.95,0.194303523876817,-0.0282389943960322,"gamma_bin"
"gamma_bin_7.50_4.08","vary_sd",4.08,0.2,FALSE,197,1.08512340553335,1.06706923985047,0.090007713267686,0.95,0.177694282906614,-0.018054165682883,"gamma_bin"
"gamma_bin_7.50_4.08","vary_sd",4.08,0.2,FALSE,198,1.22271087570671,1.22043302681556,0.0922679565529853,0.96,0.185248406291854,-0.00227784889114946,"gamma_bin"
"gamma_bin_7.50_4.08","vary_sd",4.08,0.2,FALSE,199,1.2960340351298,1.32876945339458,0.0900331517628186,0.97,0.189675686193033,0.0327354182647799,"gamma_bin"
"gamma_bin_7.50_4.08","vary_sd",4.08,0.2,FALSE,200,1.66920711624072,1.70632342628174,0.112829306306737,0.93,0.211611656869633,0.0371163100410199,"gamma_bin"
"gamma_bin_7.50_4.08","vary_sd",4.08,0.2,FALSE,201,1.16940768861372,1.18990074848284,0.088109621545144,0.94,0.173328305959597,0.0204930598691211,"gamma_bin"
"gamma_bin_7.50_4.08","vary_sd",4.08,0.2,FALSE,202,1.0787760344722,1.06469422303407,0.0852773383939783,0.94,0.160433870684044,-0.01408181143813,"gamma_bin"
"gamma_bin_7.50_4.08","vary_sd",4.08,0.2,FALSE,203,0.894614924502778,0.883911343079103,0.0788181577991271,0.93,0.143394514301462,-0.010703581423675,"gamma_bin"
"gamma_bin_7.50_4.08","vary_sd",4.08,0.2,FALSE,204,0.818936942727194,0.830791621856324,0.064226282332122,0.97,0.137220237075471,0.01185467912913,"gamma_bin"
"gamma_bin_7.50_4.08","vary_sd",4.08,0.2,FALSE,205,0.966688195947552,0.992593578618026,0.0778928733581684,0.93,0.149125549536411,0.0259053826704737,"gamma_bin"
"gamma_bin_7.50_4.08","vary_sd",4.08,0.2,FALSE,206,0.735602657677609,0.748129641507002,0.0583376478198825,0.96,0.129590658130213,0.0125269838293928,"gamma_bin"
"gamma_bin_7.50_4.08","vary_sd",4.08,0.2,FALSE,207,0.854906249805799,0.88222705631957,0.0756273035956017,0.92,0.14128042636577,0.0273208065137706,"gamma_bin"
"gamma_bin_7.50_4.08","vary_sd",4.08,0.2,FALSE,208,1.18360616945073,1.20622517596041,0.0865131774787007,0.93,0.166574556421921,0.0226190065096805,"gamma_bin"
"gamma_bin_7.50_4.08","vary_sd",4.08,0.2,FALSE,209,1.4602885501346,1.4724583640708,0.0902871100445962,0.97,0.185433528400869,0.0121698139361961,"gamma_bin"
"gamma_bin_7.50_4.08","vary_sd",4.08,0.2,FALSE,210,0.828346816490767,0.818296848759983,0.0674942709923586,0.97,0.138090251208172,-0.010049967730784,"gamma_bin"
"gamma_bin_7.50_4.08","vary_sd",4.08,0.2,FALSE,211,0.945514704257119,0.934834128815165,0.0703304454599349,0.95,0.146759976362879,-0.0106805754419539,"gamma_bin"
"gamma_bin_7.50_4.08","vary_sd",4.08,0.2,FALSE,212,0.790503634328223,0.777923957527125,0.0598946811476623,0.97,0.133323821945231,-0.0125796768010981,"gamma_bin"
"gamma_bin_7.50_4.08","vary_sd",4.08,0.2,FALSE,213,1.43200091428725,1.44259668023159,0.0866032412992165,0.94,0.181398907902685,0.0105957659443396,"gamma_bin"
"gamma_bin_7.50_4.08","vary_sd",4.08,0.2,FALSE,214,1.11427471246835,1.13669701893929,0.0836612399143854,0.95,0.160951695373394,0.0224223064709441,"gamma_bin"
"gamma_bin_7.50_4.08","vary_sd",4.08,0.2,FALSE,215,1.11570572194133,1.11851838394703,0.0732500794976956,0.96,0.159030350654222,0.00281266200570496,"gamma_bin"
"gamma_bin_7.50_4.08","vary_sd",4.08,0.2,FALSE,216,1.45325455274622,1.43539600807346,0.0886301276970759,0.97,0.178811221297467,-0.0178585446727593,"gamma_bin"
"gamma_bin_7.50_4.08","vary_sd",4.08,0.2,FALSE,217,1.1420513438864,1.13803114204856,0.0824251395441522,0.93,0.157445288908288,-0.00402020183783702,"gamma_bin"
"gamma_bin_7.50_4.08","vary_sd",4.08,0.2,FALSE,218,0.657956194341687,0.641535471392883,0.0609127802967041,0.95,0.116635873210075,-0.0164207229488036,"gamma_bin"
"gamma_bin_7.50_4.08","vary_sd",4.08,0.2,FALSE,219,1.37055796530381,1.37058115084294,0.0828723382961929,0.95,0.168935481732653,2.31855391339408e-05,"gamma_bin"
"gamma_bin_7.50_4.08","vary_sd",4.08,0.2,FALSE,220,1.1217671045533,1.13625454581786,0.0815373401542698,0.95,0.152922023676785,0.014487441264559,"gamma_bin"
"gamma_bin_7.50_4.08","vary_sd",4.08,0.2,FALSE,221,1.82148085595811,1.82655373023275,0.103692278101988,0.92,0.19251366000753,0.00507287427464487,"gamma_bin"
"gamma_bin_7.50_4.08","vary_sd",4.08,0.2,FALSE,222,1.47820728190538,1.47085583328794,0.0872160620970028,0.97,0.170493519631065,-0.00735144861743886,"gamma_bin"
"gamma_bin_7.50_4.08","vary_sd",4.08,0.2,FALSE,223,1.22912323671868,1.18465159365267,0.0763536605638234,0.93,0.149797149948308,-0.0444716430660064,"gamma_bin"
"gamma_bin_7.50_4.08","vary_sd",4.08,0.2,FALSE,224,1.39166921706407,1.3471933146482,0.0787214932143399,0.91,0.1559237584095,-0.0444759024158679,"gamma_bin"
"gamma_bin_7.50_4.08","vary_sd",4.08,0.2,FALSE,225,1.02692395020016,1.00277967137422,0.0714209475477118,0.91,0.131477707950467,-0.0241442788259401,"gamma_bin"
"gamma_bin_7.50_4.08","vary_sd",4.08,0.2,FALSE,226,0.944469227223,0.950080882230829,0.0667767375950866,0.94,0.125584657992167,0.00561165500782912,"gamma_bin"
"gamma_bin_7.50_4.08","vary_sd",4.08,0.2,FALSE,227,0.882935394281871,0.893639951635343,0.0610428148860156,0.92,0.120235106215278,0.0107045573534718,"gamma_bin"
"gamma_bin_7.50_4.08","vary_sd",4.08,0.2,FALSE,228,1.25451332375843,1.2806017051141,0.0683480056213487,0.96,0.143169081367701,0.0260883813556723,"gamma_bin"
"gamma_bin_7.50_4.08","vary_sd",4.08,0.2,FALSE,229,1.46482234027448,1.49801329754777,0.0753706820264388,0.94,0.154329677261553,0.0331909572732874,"gamma_bin"
"gamma_bin_7.50_4.08","vary_sd",4.08,0.2,FALSE,230,1.51066180760486,1.51228621315957,0.0744870208489764,0.96,0.15387796761403,0.00162440555471144,"gamma_bin"
"gamma_bin_7.50_4.08","vary_sd",4.08,0.2,FALSE,231,1.76123960010775,1.73649257156817,0.0866600067950557,0.91,0.162426654584683,-0.024747028539575,"gamma_bin"
"gamma_bin_7.50_4.08","vary_sd",4.08,0.2,FALSE,232,1.40610248726795,1.35783554644202,0.0707297574111276,0.89,0.140229882113364,-0.0482669408259302,"gamma_bin"
"gamma_bin_7.50_4.08","vary_sd",4.08,0.2,FALSE,233,1.50839208568838,1.4540055318553,0.0642084203667006,0.94,0.141008672736172,-0.0543865538330848,"gamma_bin"
"gamma_bin_7.50_4.08","vary_sd",4.08,0.2,FALSE,234,2.14809922234943,2.0894337930716,0.087115560396369,0.87,0.16424371283192,-0.0586654292778297,"gamma_bin"
"gamma_bin_7.50_4.08","vary_sd",4.08,0.2,FALSE,235,1.77316147702833,1.76240521309149,0.0801351146443203,0.92,0.145991533222919,-0.0107562639368417,"gamma_bin"
"gamma_bin_7.50_4.08","vary_sd",4.08,0.2,FALSE,236,1.73482506410384,1.68484721015957,0.0787904722625175,0.83,0.137363168950144,-0.0499778539442715,"gamma_bin"
"gamma_bin_7.50_4.08","vary_sd",4.08,0.2,FALSE,237,1.62267353351007,1.57954965510275,0.065114593970848,0.84,0.127694035220922,-0.0431238784073193,"gamma_bin"
"gamma_bin_7.50_4.08","vary_sd",4.08,0.2,FALSE,238,1.18124992154851,1.16493289620446,0.0555204350472626,0.93,0.105388485503376,-0.0163170253440501,"gamma_bin"
"gamma_bin_7.50_4.08","vary_sd",4.08,0.2,FALSE,239,1.18465305674865,1.18011368879883,0.0568857639211432,0.95,0.102481326459254,-0.0045393679498249,"gamma_bin"
"gamma_bin_7.50_4.08","vary_sd",4.08,0.2,FALSE,240,1.4168407618799,1.44146165085102,0.0529303346319527,0.95,0.110372851406769,0.0246208889711201,"gamma_bin"
"gamma_bin_7.50_4.08","vary_sd",4.08,0.2,FALSE,241,1.25636383468336,1.27667802446818,0.0496718819499072,0.93,0.101682916109819,0.0203141897848198,"gamma_bin"
"gamma_bin_7.50_4.08","vary_sd",4.08,0.2,FALSE,242,1.12127216596798,1.13914333560126,0.0497847299024175,0.94,0.0941747043174764,0.0178711696332787,"gamma_bin"
"gamma_bin_7.50_4.08","vary_sd",4.08,0.2,FALSE,243,1.35468577162437,1.37344416222768,0.0604103133794794,0.9,0.101661889188972,0.0187583906033055,"gamma_bin"
"gamma_bin_7.50_4.08","vary_sd",4.08,0.2,FALSE,244,1.01073025572083,1.02875871054664,0.0442818546164676,0.95,0.0865543236615694,0.0180284548258094,"gamma_bin"
"gamma_bin_7.50_4.08","vary_sd",4.08,0.2,FALSE,245,1.09869262296579,1.10780532558529,0.0411794999156656,0.98,0.0885029096653981,0.00911270261950103,"gamma_bin"
"gamma_bin_7.50_4.08","vary_sd",4.08,0.2,FALSE,246,1.01867243248783,1.02602572913669,0.04119592313913,0.95,0.0841370542374601,0.00735329664886408,"gamma_bin"
"gamma_bin_7.50_4.08","vary_sd",4.08,0.2,FALSE,247,0.933300548697082,0.944484602309558,0.0405875649862845,0.95,0.0800466018645062,0.0111840536124755,"gamma_bin"
"gamma_bin_7.50_4.08","vary_sd",4.08,0.2,FALSE,248,1.07521131224965,1.09344625310798,0.0416201139324707,0.92,0.0856645944882698,0.0182349408583291,"gamma_bin"
"gamma_bin_7.50_4.08","vary_sd",4.08,0.2,FALSE,249,1.30368079751671,1.32332680289515,0.0474365945582846,0.91,0.0939391634376244,0.0196460053784449,"gamma_bin"
"gamma_bin_7.50_4.08","vary_sd",4.08,0.2,FALSE,250,1.41725036624756,1.43447673608672,0.0499982416180315,0.92,0.097346958980166,0.0172263698391566,"gamma_bin"
"gamma_bin_7.50_4.08","vary_sd",4.08,0.2,FALSE,251,1.14473843834061,1.13108028330733,0.0433526888625868,0.93,0.0855972269513781,-0.0136581550332759,"gamma_bin"
"gamma_bin_7.50_4.08","vary_sd",4.08,0.2,FALSE,252,1.28957905264017,1.26912159736025,0.0467659013963354,0.94,0.0893904387724987,-0.0204574552799208,"gamma_bin"
"gamma_bin_7.50_4.08","vary_sd",4.08,0.2,FALSE,253,1.41164181175606,1.38504368396367,0.0418517159261813,0.94,0.0919744572300132,-0.026598127792389,"gamma_bin"
"gamma_bin_7.50_4.76","vary_sd",4.76,0.4,FALSE,15,1.02510010675531,1.04607404273874,0.0234428092681901,0.95,0.0568233072306489,0.0209739359834307,"gamma_bin"
"gamma_bin_7.50_4.76","vary_sd",4.76,0.4,FALSE,16,1.25252014867933,1.30178214754889,0.0290829436569013,0.65,0.0621475148726589,0.0492619988695557,"gamma_bin"
"gamma_bin_7.50_4.76","vary_sd",4.76,0.4,FALSE,17,1.21525733695915,1.26634989759977,0.0323944730542957,0.55,0.0602624265373653,0.0510925606406227,"gamma_bin"
"gamma_bin_7.50_4.76","vary_sd",4.76,0.4,FALSE,18,0.979230198394809,1.01087865644658,0.0248735277606511,0.81,0.0529684491748911,0.0316484580517701,"gamma_bin"
"gamma_bin_7.50_4.76","vary_sd",4.76,0.4,FALSE,19,1.02544833790337,1.05948887391989,0.0293283548116806,0.7,0.0535850159707086,0.034040536016517,"gamma_bin"
"gamma_bin_7.50_4.76","vary_sd",4.76,0.4,FALSE,20,1.03933643277786,1.07609740579278,0.0234734341309402,0.71,0.0535532305732797,0.0367609730149179,"gamma_bin"
"gamma_bin_7.50_4.76","vary_sd",4.76,0.4,FALSE,21,1.31704644033967,1.35509941255485,0.0291459798014866,0.77,0.0596975912229095,0.0380529722151761,"gamma_bin"
"gamma_bin_7.50_4.76","vary_sd",4.76,0.4,FALSE,22,1.01626238281987,1.02872345863669,0.027468540970615,0.92,0.0514661164477521,0.0124610758168193,"gamma_bin"
"gamma_bin_7.50_4.76","vary_sd",4.76,0.4,FALSE,23,0.750219977978433,0.756216933170301,0.019731423074155,0.96,0.0437154618528699,0.00599695519186783,"gamma_bin"
"gamma_bin_7.50_4.76","vary_sd",4.76,0.4,FALSE,24,0.68680573053247,0.698916153422489,0.0216438327689108,0.93,0.0419380573684732,0.0121104228900188,"gamma_bin"
"gamma_bin_7.50_4.76","vary_sd",4.76,0.4,FALSE,25,1.09137562864791,1.12937069871996,0.0267341151339625,0.81,0.0536239604472448,0.0379950700720459,"gamma_bin"
"gamma_bin_7.50_4.76","vary_sd",4.76,0.4,FALSE,26,0.741057834922739,0.769256909169851,0.0235854479114864,0.75,0.04444056769493,0.0281990742471122,"gamma_bin"
"gamma_bin_7.50_4.76","vary_sd",4.76,0.4,FALSE,27,0.768534353981288,0.79188229271009,0.0227796374857007,0.87,0.0453801651711256,0.0233479387288025,"gamma_bin"
"gamma_bin_7.50_4.76","vary_sd",4.76,0.4,FALSE,28,0.752768210408917,0.772974678427224,0.02509727961177,0.82,0.0452525780358528,0.0202064680183072,"gamma_bin"
"gamma_bin_7.50_4.76","vary_sd",4.76,0.4,FALSE,29,0.700189279957523,0.720399438678343,0.0204330225021346,0.85,0.0442046055680804,0.0202101587208195,"gamma_bin"
"gamma_bin_7.50_4.76","vary_sd",4.76,0.4,FALSE,30,0.555240242382622,0.568309921435873,0.0212034904458545,0.92,0.0398322062574194,0.0130696790532514,"gamma_bin"
"gamma_bin_7.50_4.76","vary_sd",4.76,0.4,FALSE,31,0.584450640057208,0.603209847726307,0.0207355636621089,0.83,0.0418424669767675,0.0187592076690987,"gamma_bin"
"gamma_bin_7.50_4.76","vary_sd",4.76,0.4,FALSE,32,0.680297862250013,0.699735074420859,0.021233057270787,0.92,0.0461337703005787,0.0194372121708464,"gamma_bin"
"gamma_bin_7.50_4.76","vary_sd",4.76,0.4,FALSE,33,0.95896579009836,0.985603515770493,0.0270335973960929,0.87,0.0560996309613987,0.0266377256721334,"gamma_bin"
"gamma_bin_7.50_4.76","vary_sd",4.76,0.4,FALSE,34,1.26713544933213,1.27361991086195,0.0329777561093722,0.93,0.0649813658582956,0.00648446152981563,"gamma_bin"
"gamma_bin_7.50_4.76","vary_sd",4.76,0.4,FALSE,35,1.32835487275134,1.28386673037654,0.03397378368659,0.75,0.0657352374005635,-0.044488142374798,"gamma_bin"
"gamma_bin_7.50_4.76","vary_sd",4.76,0.4,FALSE,36,0.820532179912435,0.769081130263506,0.0263549487091995,0.5,0.0507328240912938,-0.0514510496489291,"gamma_bin"
"gamma_bin_7.50_4.76","vary_sd",4.76,0.4,FALSE,37,0.605066948223753,0.566762960343259,0.0245438773547069,0.56,0.043519772392878,-0.038303987880494,"gamma_bin"
"gamma_bin_7.50_4.76","vary_sd",4.76,0.4,FALSE,38,0.480613317476216,0.466411077360069,0.0199949458873101,0.89,0.0398037582066293,-0.0142022401161475,"gamma_bin"
"gamma_bin_7.50_4.76","vary_sd",4.76,0.4,FALSE,39,0.729684595490469,0.743139910454518,0.0286000463767802,0.88,0.0511617941914173,0.0134553149640493,"gamma_bin"
"gamma_bin_7.50_4.76","vary_sd",4.76,0.4,FALSE,40,0.815117093248404,0.850128554195487,0.0304444043094943,0.76,0.0559021095101951,0.0350114609470827,"gamma_bin"
"gamma_bin_7.50_4.76","vary_sd",4.76,0.4,FALSE,41,0.615435524003123,0.637164199325497,0.0246908125141193,0.9,0.0493426036448342,0.021728675322374,"gamma_bin"
"gamma_bin_7.50_4.76","vary_sd",4.76,0.4,FALSE,42,0.771681049543453,0.789462291010851,0.0258080514303519,0.93,0.0560671392627255,0.0177812414673979,"gamma_bin"
"gamma_bin_7.50_4.76","vary_sd",4.76,0.4,FALSE,43,0.638637642797715,0.644992186812446,0.0286440947060274,0.94,0.0516889842206985,0.00635454401473101,"gamma_bin"
"gamma_bin_7.50_4.76","vary_sd",4.76,0.4,FALSE,44,0.502607638572081,0.508900830332014,0.026180025900729,0.91,0.0468909537788927,0.00629319175993348,"gamma_bin"
"gamma_bin_7.50_4.76","vary_sd",4.76,0.4,FALSE,45,0.419348773276434,0.426327512400715,0.0204066830485315,0.96,0.0440199418192118,0.00697873912428065,"gamma_bin"
"gamma_bin_7.50_4.76","vary_sd",4.76,0.4,FALSE,46,0.532523289397014,0.544175135763913,0.0269002280454212,0.93,0.0512982279931964,0.0116518463668993,"gamma_bin"
"gamma_bin_7.50_4.76","vary_sd",4.76,0.4,FALSE,47,0.748164536979726,0.767478186351773,0.0287744452398089,0.93,0.0630366552173874,0.019313649372047,"gamma_bin"
"gamma_bin_7.50_4.76","vary_sd",4.76,0.4,FALSE,48,0.699597036363356,0.703946800098201,0.0298782203580143,0.95,0.0622762205856654,0.00434976373484519,"gamma_bin"
"gamma_bin_7.50_4.76","vary_sd",4.76,0.4,FALSE,49,0.840634610500807,0.836583059645974,0.0319681305899271,0.97,0.069817897870156,-0.004051550854833,"gamma_bin"
"gamma_bin_7.50_4.76","vary_sd",4.76,0.4,FALSE,50,0.605572567510499,0.589475976603901,0.0268220897860893,0.92,0.0599928375965103,-0.0160965909065975,"gamma_bin"
"gamma_bin_7.50_4.76","vary_sd",4.76,0.4,FALSE,51,0.551154795645625,0.529865127381773,0.0272685710232315,0.91,0.0582378911276293,-0.021289668263852,"gamma_bin"
"gamma_bin_7.50_4.76","vary_sd",4.76,0.4,FALSE,52,0.382419782215341,0.368718142447735,0.0282713322905884,0.89,0.0498911592442601,-0.0137016397676064,"gamma_bin"
"gamma_bin_7.50_4.76","vary_sd",4.76,0.4,FALSE,53,0.67605453850849,0.663864286546161,0.0372339111249661,0.92,0.0692026015860914,-0.012190251962329,"gamma_bin"
"gamma_bin_7.50_4.76","vary_sd",4.76,0.4,FALSE,54,0.67389745281474,0.678250232252478,0.0361188984495477,0.94,0.07232667506393,0.00435277943773804,"gamma_bin"
"gamma_bin_7.50_4.76","vary_sd",4.76,0.4,FALSE,55,0.928654307802489,0.924109792047895,0.0444432243450408,0.94,0.087107117368846,-0.00454451575459436,"gamma_bin"
"gamma_bin_7.50_4.76","vary_sd",4.76,0.4,FALSE,56,0.750444909156983,0.734349678281411,0.0432187923926822,0.91,0.079592404076783,-0.0160952308755721,"gamma_bin"
"gamma_bin_7.50_4.76","vary_sd",4.76,0.4,FALSE,57,0.713559496047443,0.678173763783282,0.0406319985000098,0.85,0.0781339659916161,-0.0353857322641614,"gamma_bin"
"gamma_bin_7.50_4.76","vary_sd",4.76,0.4,FALSE,58,0.492127182876667,0.47078977936032,0.0358792262994104,0.9,0.0664757090209006,-0.0213374035163474,"gamma_bin"
"gamma_bin_7.50_4.76","vary_sd",4.76,0.4,FALSE,59,0.488121905081673,0.47388419609193,0.0340508294857298,0.93,0.068425127550409,-0.0142377089897434,"gamma_bin"
"gamma_bin_7.50_4.76","vary_sd",4.76,0.4,FALSE,60,0.671861168143052,0.669865030488723,0.0403659177296831,0.97,0.0838781039652709,-0.00199613765432927,"gamma_bin"
"gamma_bin_7.50_4.76","vary_sd",4.76,0.4,FALSE,61,0.791762464983911,0.791537895522393,0.0457756569353956,0.97,0.0940292494733234,-0.000224569461518498,"gamma_bin"
"gamma_bin_7.50_4.76","vary_sd",4.76,0.4,FALSE,62,0.652922492639065,0.645359390986374,0.0463773129351282,0.92,0.0872439586789307,-0.00756310165269125,"gamma_bin"
"gamma_bin_7.50_4.76","vary_sd",4.76,0.4,FALSE,63,0.613891069127135,0.602991661911756,0.0409621772221219,0.96,0.0865671127795887,-0.0108994072153792,"gamma_bin"
"gamma_bin_7.50_4.76","vary_sd",4.76,0.4,FALSE,64,0.747174650317661,0.733385288180529,0.0495064167284266,0.94,0.0980617496597983,-0.0137893621371321,"gamma_bin"
"gamma_bin_7.50_4.76","vary_sd",4.76,0.4,FALSE,65,0.706701130088712,0.692812634560072,0.0531625404948568,0.94,0.0977953087718091,-0.0138884955286401,"gamma_bin"
"gamma_bin_7.50_4.76","vary_sd",4.76,0.4,FALSE,66,0.51187393654748,0.506050285144012,0.0422440031744771,0.94,0.0856724830106477,-0.00582365140346852,"gamma_bin"
"gamma_bin_7.50_4.76","vary_sd",4.76,0.4,FALSE,67,0.670601402325688,0.654534790639314,0.0511691191437905,0.93,0.100118267969426,-0.016066611686374,"gamma_bin"
"gamma_bin_7.50_4.76","vary_sd",4.76,0.4,FALSE,68,1.17253163081397,1.1561843696505,0.0714659795902863,0.94,0.136855442970559,-0.0163472611634718,"gamma_bin"
"gamma_bin_7.50_4.76","vary_sd",4.76,0.4,FALSE,69,1.09882955126721,1.05822962016544,0.0752927363089562,0.88,0.133367551883748,-0.0405999311017717,"gamma_bin"
"gamma_bin_7.50_4.76","vary_sd",4.76,0.4,FALSE,70,0.864010024055233,0.814756068639855,0.0608082939558696,0.86,0.118195373153073,-0.0492539554153778,"gamma_bin"
"gamma_bin_7.50_4.76","vary_sd",4.76,0.4,FALSE,71,0.715098113998147,0.672358369061763,0.059412599155084,0.86,0.108242903524607,-0.0427397449363836,"gamma_bin"
"gamma_bin_7.50_4.76","vary_sd",4.76,0.4,FALSE,72,0.5778146754347,0.562182698285916,0.051651311245667,0.94,0.100158741190632,-0.0156319771487835,"gamma_bin"
"gamma_bin_7.50_4.76","vary_sd",4.76,0.4,FALSE,73,0.968098548670386,0.962182981656535,0.0609014181508824,0.99,0.133466508626223,-0.0059155670138511,"gamma_bin"
"gamma_bin_7.50_4.76","vary_sd",4.76,0.4,FALSE,74,0.655349167508219,0.657551144206415,0.0584569747707972,0.92,0.112080162997955,0.00220197669819633,"gamma_bin"
"gamma_bin_7.50_4.76","vary_sd",4.76,0.4,FALSE,75,0.59977224361632,0.602814038464383,0.0544387193379603,0.95,0.109185917547555,0.00304179484806322,"gamma_bin"
"gamma_bin_7.50_4.76","vary_sd",4.76,0.4,FALSE,76,0.795810456805532,0.80951637889563,0.0645761601054834,0.95,0.129203819440103,0.0137059220900976,"gamma_bin"
"gamma_bin_7.50_4.76","vary_sd",4.76,0.4,FALSE,77,0.873668877519834,0.882034306215246,0.067409538798989,0.96,0.137634625076947,0.00836542869541157,"gamma_bin"
"gamma_bin_7.50_4.76","vary_sd",4.76,0.4,FALSE,78,0.655524310026793,0.660089479729733,0.0713050425764657,0.92,0.121091341529401,0.00456516970293974,"gamma_bin"
"gamma_bin_7.50_4.76","vary_sd",4.76,0.4,FALSE,79,0.810623636163075,0.816116678272495,0.072586675211601,0.93,0.13712872615256,0.00549304210942037,"gamma_bin"
"gamma_bin_7.50_4.76","vary_sd",4.76,0.4,FALSE,80,0.610456557383718,0.603554354987492,0.053393965099625,0.99,0.120042094766426,-0.00690220239622552,"gamma_bin"
"gamma_bin_7.50_4.76","vary_sd",4.76,0.4,FALSE,81,0.859858611274139,0.859129743128171,0.0772161172643653,0.96,0.146125036686501,-0.000728868145968287,"gamma_bin"
"gamma_bin_7.50_4.76","vary_sd",4.76,0.4,FALSE,82,0.71793472208637,0.717465292596885,0.0664272902271721,0.97,0.136008103774254,-0.000469429489484585,"gamma_bin"
"gamma_bin_7.50_4.76","vary_sd",4.76,0.4,FALSE,83,0.992203959261976,0.98170320172968,0.080637339082584,0.97,0.162070632654245,-0.0105007575322955,"gamma_bin"
"gamma_bin_7.50_4.76","vary_sd",4.76,0.4,FALSE,84,1.12541562776308,1.10180004848893,0.0960794934406872,0.92,0.174162480635682,-0.0236155792741506,"gamma_bin"
"gamma_bin_7.50_4.76","vary_sd",4.76,0.4,FALSE,85,0.719081428835968,0.703208286768318,0.0774933324275136,0.93,0.140148495645202,-0.0158731420676497,"gamma_bin"
"gamma_bin_7.50_4.76","vary_sd",4.76,0.4,FALSE,86,0.84752493125734,0.829072006578007,0.0719537091407498,0.95,0.153694128588109,-0.0184529246793326,"gamma_bin"
"gamma_bin_7.50_4.76","vary_sd",4.76,0.4,FALSE,87,0.855021916180829,0.840041902911817,0.0810690689807066,0.96,0.156348116907865,-0.0149800132690123,"gamma_bin"
"gamma_bin_7.50_4.76","vary_sd",4.76,0.4,FALSE,88,1.05231211723794,1.05289442698378,0.0917308234305904,0.93,0.177017377645369,0.000582309745835508,"gamma_bin"
"gamma_bin_7.50_4.76","vary_sd",4.76,0.4,FALSE,89,0.736245763604483,0.733713597869688,0.0799652682770351,0.96,0.148822764451144,-0.0025321657347952,"gamma_bin"
"gamma_bin_7.50_4.76","vary_sd",4.76,0.4,FALSE,90,0.910435800275709,0.92002445899684,0.0838246260911587,0.97,0.168269647080742,0.00958865872113046,"gamma_bin"
"gamma_bin_7.50_4.76","vary_sd",4.76,0.4,FALSE,91,0.875373992276142,0.88433768241732,0.0872875796100646,0.93,0.166409734542779,0.00896369014117837,"gamma_bin"
"gamma_bin_7.50_4.76","vary_sd",4.76,0.4,FALSE,92,1.13308580158326,1.11989864086795,0.089699543153895,0.95,0.189011628351637,-0.0131871607153149,"gamma_bin"
"gamma_bin_7.50_4.76","vary_sd",4.76,0.4,FALSE,93,0.779622317935819,0.782383392449688,0.0841606419536782,0.94,0.158629573236035,0.00276107451386876,"gamma_bin"
"gamma_bin_7.50_4.76","vary_sd",4.76,0.4,FALSE,94,0.738590807925372,0.726743960960328,0.0818780350415075,0.95,0.153742651039269,-0.0118468469650445,"gamma_bin"
"gamma_bin_7.50_4.76","vary_sd",4.76,0.4,FALSE,95,0.736386067431423,0.749648258086207,0.0863744870744157,0.92,0.157737616220557,0.0132621906547841,"gamma_bin"
"gamma_bin_7.50_4.76","vary_sd",4.76,0.4,FALSE,96,0.940470991453404,0.965218820194229,0.0945182449841448,0.94,0.181373649590663,0.0247478287408247,"gamma_bin"
"gamma_bin_7.50_4.76","vary_sd",4.76,0.4,FALSE,97,0.92681020267862,0.953763325096625,0.0905840596856974,0.95,0.182383344102967,0.0269531224180046,"gamma_bin"
"gamma_bin_7.50_4.76","vary_sd",4.76,0.4,FALSE,98,0.805264800704658,0.820416090746184,0.08477926820087,0.92,0.170617856364909,0.0151512900415262,"gamma_bin"
"gamma_bin_7.50_4.76","vary_sd",4.76,0.4,FALSE,99,0.96897608307621,0.990303013325752,0.104174711312867,0.95,0.189122942048665,0.0213269302495424,"gamma_bin"
"gamma_bin_7.50_4.76","vary_sd",4.76,0.4,FALSE,100,0.483332995262756,0.48700969562766,0.0684721755034416,0.96,0.133591455332837,0.00367670036490431,"gamma_bin"
"gamma_bin_7.50_4.76","vary_sd",4.76,0.4,FALSE,101,0.66077716283239,0.677287354307823,0.0848853164630294,0.94,0.159827583162538,0.0165101914754331,"gamma_bin"
"gamma_bin_7.50_4.76","vary_sd",4.76,0.4,FALSE,102,0.655745239910364,0.670434267336299,0.0758800793847294,0.97,0.161964648939667,0.0146890274259349,"gamma_bin"
"gamma_bin_7.50_4.76","vary_sd",4.76,0.4,FALSE,103,1.19599908198214,1.22409731378507,0.104015605593226,0.95,0.22370276441388,0.0280982318029277,"gamma_bin"
"gamma_bin_7.50_4.76","vary_sd",4.76,0.4,FALSE,104,1.52020654998133,1.52653685981231,0.125573076930532,0.95,0.253063295519285,0.00633030983097815,"gamma_bin"
"gamma_bin_7.50_4.76","vary_sd",4.76,0.4,FALSE,105,1.10303826313934,1.07079869246307,0.111000711576857,0.92,0.211373576111593,-0.0322395706762721,"gamma_bin"
"gamma_bin_7.50_4.76","vary_sd",4.76,0.4,FALSE,106,0.895258886773757,0.847707849620146,0.0918637679833359,0.97,0.186761940707047,-0.047551037153611,"gamma_bin"
"gamma_bin_7.50_4.76","vary_sd",4.76,0.4,FALSE,107,0.603016892421566,0.57176618879122,0.0755475101654902,0.96,0.152802598451069,-0.0312507036303455,"gamma_bin"
"gamma_bin_7.50_4.76","vary_sd",4.76,0.4,FALSE,108,1.07762321196894,1.06460430610664,0.113864120369351,0.92,0.20990830014379,-0.0130189058622971,"gamma_bin"
"gamma_bin_7.50_4.76","vary_sd",4.76,0.4,FALSE,109,1.67936751135944,1.70650114980874,0.164139699342447,0.92,0.267516541486874,0.0271336384493017,"gamma_bin"
"gamma_bin_7.50_4.76","vary_sd",4.76,0.4,FALSE,110,0.778512854791425,0.781415509636497,0.0852499645999978,0.94,0.179651152134631,0.00290265484507168,"gamma_bin"
"gamma_bin_7.50_4.76","vary_sd",4.76,0.4,FALSE,111,0.992005341124613,0.959325097436998,0.0973696169561399,0.94,0.197843638998264,-0.0326802436876149,"gamma_bin"
"gamma_bin_7.50_4.76","vary_sd",4.76,0.4,FALSE,112,1.07688074493023,1.06234532423443,0.112189642279745,0.95,0.207721321805108,-0.014535420695799,"gamma_bin"
"gamma_bin_7.50_4.76","vary_sd",4.76,0.4,FALSE,113,0.702400819858529,0.7146076325363,0.0844349935593722,0.96,0.170013076632889,0.0122068126777707,"gamma_bin"
"gamma_bin_7.50_4.76","vary_sd",4.76,0.4,FALSE,114,0.976066509197994,0.988882822505792,0.109407739141116,0.94,0.200800289131595,0.0128163133077981,"gamma_bin"
"gamma_bin_7.50_4.76","vary_sd",4.76,0.4,FALSE,115,1.23867756628513,1.25921987051227,0.120967995014528,0.95,0.227646786838888,0.0205423042271411,"gamma_bin"
"gamma_bin_7.50_4.76","vary_sd",4.76,0.4,FALSE,116,1.16180338965973,1.1774907749238,0.109287973179259,0.97,0.220010737573248,0.0156873852640738,"gamma_bin"
"gamma_bin_7.50_4.76","vary_sd",4.76,0.4,FALSE,117,1.19462029108814,1.18323569842498,0.111670677604993,0.95,0.21938918054972,-0.0113845926631619,"gamma_bin"
"gamma_bin_7.50_4.76","vary_sd",4.76,0.4,FALSE,118,1.16321995780671,1.13284194739228,0.108468057507715,0.95,0.213012182457608,-0.0303780104144278,"gamma_bin"
"gamma_bin_7.50_4.76","vary_sd",4.76,0.4,FALSE,119,1.07032628214879,1.0511702000481,0.0980312078650518,0.93,0.20341536692824,-0.0191560821006882,"gamma_bin"
"gamma_bin_7.50_4.76","vary_sd",4.76,0.4,FALSE,120,0.877757633134012,0.861571178973082,0.0845063968948627,0.97,0.182840422621559,-0.0161864541609302,"gamma_bin"
"gamma_bin_7.50_4.76","vary_sd",4.76,0.4,FALSE,121,1.36755731263547,1.37179558897334,0.11256887405266,0.96,0.230114108734547,0.00423827633786522,"gamma_bin"
"gamma_bin_7.50_4.76","vary_sd",4.76,0.4,FALSE,122,0.835796444244159,0.850509930963306,0.0895764086290983,0.97,0.180017992618156,0.0147134867191474,"gamma_bin"
"gamma_bin_7.50_4.76","vary_sd",4.76,0.4,FALSE,123,1.26724551805682,1.27053400964035,0.103365581300312,0.95,0.219222011171312,0.00328849158353095,"gamma_bin"
"gamma_bin_7.50_4.76","vary_sd",4.76,0.4,FALSE,124,0.969129898643769,0.97446060219508,0.086254060138029,0.98,0.190732181773018,0.00533070355131082,"gamma_bin"
"gamma_bin_7.50_4.76","vary_sd",4.76,0.4,FALSE,125,0.847338782890042,0.855862688821574,0.0812042185280032,0.99,0.177912531260508,0.00852390593153196,"gamma_bin"
"gamma_bin_7.50_4.76","vary_sd",4.76,0.4,FALSE,126,0.715564882412269,0.733868123925892,0.0790395147366422,0.96,0.164590016390253,0.0183032415136232,"gamma_bin"
"gamma_bin_7.50_4.76","vary_sd",4.76,0.4,FALSE,127,0.94782383341486,0.974743894443645,0.0961139505757484,0.95,0.190752931109121,0.0269200610287852,"gamma_bin"
"gamma_bin_7.50_4.76","vary_sd",4.76,0.4,FALSE,128,0.685081694959754,0.709543015808324,0.0746203134565612,0.96,0.16387537484899,0.0244613208485697,"gamma_bin"
"gamma_bin_7.50_4.76","vary_sd",4.76,0.4,FALSE,129,0.940719567434955,0.974258230033577,0.0983722520298943,0.96,0.194032666647284,0.0335386625986224,"gamma_bin"
"gamma_bin_7.50_4.76","vary_sd",4.76,0.4,FALSE,130,0.882735861931285,0.902829484175846,0.0901201519944399,0.95,0.188489991530678,0.0200936222445608,"gamma_bin"
"gamma_bin_7.50_4.76","vary_sd",4.76,0.4,FALSE,131,0.908592867608554,0.936669303174677,0.102263026210878,0.94,0.193613385716499,0.0280764355661232,"gamma_bin"
"gamma_bin_7.50_4.76","vary_sd",4.76,0.4,FALSE,132,0.919571358645804,0.908519712958464,0.0940658763540455,0.95,0.19195646714812,-0.0110516456873403,"gamma_bin"
"gamma_bin_7.50_4.76","vary_sd",4.76,0.4,FALSE,133,0.772870216905444,0.762310541936179,0.0956040662636625,0.95,0.176932695506782,-0.0105596749692655,"gamma_bin"
"gamma_bin_7.50_4.76","vary_sd",4.76,0.4,FALSE,134,0.850110615604727,0.841067167940155,0.0813146155892101,0.98,0.1877756619574,-0.00904344766457221,"gamma_bin"
"gamma_bin_7.50_4.76","vary_sd",4.76,0.4,FALSE,135,0.784750966748685,0.785217914119834,0.105942094676932,0.92,0.183172104347674,0.000466947371149051,"gamma_bin"
"gamma_bin_7.50_4.76","vary_sd",4.76,0.4,FALSE,136,0.974669466757976,0.994386651916585,0.104026407391939,0.97,0.208818958625812,0.0197171851586092,"gamma_bin"
"gamma_bin_7.50_4.76","vary_sd",4.76,0.4,FALSE,137,0.984151011066472,0.992294000655695,0.113411480730396,0.94,0.210695004083001,0.0081429895892231,"gamma_bin"
"gamma_bin_7.50_4.76","vary_sd",4.76,0.4,FALSE,138,1.1907508581573,1.17707344063507,0.113004158654468,0.98,0.230970986060603,-0.0136774175222345,"gamma_bin"
"gamma_bin_7.50_4.76","vary_sd",4.76,0.4,FALSE,139,1.38368582408824,1.34489169273176,0.122288142244859,0.94,0.247185361277228,-0.0387941313564844,"gamma_bin"
"gamma_bin_7.50_4.76","vary_sd",4.76,0.4,FALSE,140,0.815817246340058,0.793641165164542,0.102435230398506,0.93,0.188561084073263,-0.0221760811755164,"gamma_bin"
"gamma_bin_7.50_4.76","vary_sd",4.76,0.4,FALSE,141,0.948708845408202,0.922920715321879,0.106495625216272,0.97,0.20270554786007,-0.0257881300863231,"gamma_bin"
"gamma_bin_7.50_4.76","vary_sd",4.76,0.4,FALSE,142,0.887913521021147,0.886849056683569,0.108335333356904,0.97,0.198745946464389,-0.00106446433757834,"gamma_bin"
"gamma_bin_7.50_4.76","vary_sd",4.76,0.4,FALSE,143,1.33195215209727,1.31644434984002,0.13438234151056,0.92,0.242919769061122,-0.0155078022572457,"gamma_bin"
"gamma_bin_7.50_4.76","vary_sd",4.76,0.4,FALSE,144,1.33130915175386,1.34684270780448,0.133009178901758,0.94,0.24514869911324,0.0155335560506218,"gamma_bin"
"gamma_bin_7.50_4.76","vary_sd",4.76,0.4,FALSE,145,1.36040954450305,1.34075101326674,0.110981956533237,0.97,0.242577410376124,-0.0196585312363122,"gamma_bin"
"gamma_bin_7.50_4.76","vary_sd",4.76,0.4,FALSE,146,1.03071516120352,0.994704916775417,0.103009188033325,0.94,0.205888398651657,-0.0360102444281034,"gamma_bin"
"gamma_bin_7.50_4.76","vary_sd",4.76,0.4,FALSE,147,1.01542687773298,0.993714641384434,0.100503991315017,0.96,0.203380310237365,-0.0217122363485456,"gamma_bin"
"gamma_bin_7.50_4.76","vary_sd",4.76,0.4,FALSE,148,0.918038272830281,0.906465348594196,0.0953018776813886,0.96,0.19284882375684,-0.0115729242360847,"gamma_bin"
"gamma_bin_7.50_4.76","vary_sd",4.76,0.4,FALSE,149,0.795403147880171,0.808364310574814,0.090933377296664,0.95,0.18185302264404,0.0129611626946431,"gamma_bin"
"gamma_bin_7.50_4.76","vary_sd",4.76,0.4,FALSE,150,0.947076494147123,0.979159298594701,0.0953976663620386,0.95,0.200650424510347,0.032082804447578,"gamma_bin"
"gamma_bin_7.50_4.76","vary_sd",4.76,0.4,FALSE,151,0.838902415667924,0.861561692732485,0.106837972607849,0.9,0.188799649168341,0.0226592770645609,"gamma_bin"
"gamma_bin_7.50_4.76","vary_sd",4.76,0.4,FALSE,152,1.10280245382765,1.13024574569157,0.121543970792749,0.94,0.217759788734824,0.0274432918639242,"gamma_bin"
"gamma_bin_7.50_4.76","vary_sd",4.76,0.4,FALSE,153,1.09815440539428,1.12113645369571,0.107626030231319,0.93,0.21746035914807,0.022982048301432,"gamma_bin"
"gamma_bin_7.50_4.76","vary_sd",4.76,0.4,FALSE,154,0.933699509626363,0.948314524920213,0.112244362446609,0.91,0.199677486201164,0.0146150152938505,"gamma_bin"
"gamma_bin_7.50_4.76","vary_sd",4.76,0.4,FALSE,155,0.677259462566555,0.692811426428407,0.088607528311581,0.96,0.1705071533922,0.0155519638618522,"gamma_bin"
"gamma_bin_7.50_4.76","vary_sd",4.76,0.4,FALSE,156,0.794318325784725,0.788469264698389,0.10213498147816,0.92,0.182721334737689,-0.00584906108633598,"gamma_bin"
"gamma_bin_7.50_4.76","vary_sd",4.76,0.4,FALSE,157,0.863129045133472,0.871408388204048,0.104510527958648,0.92,0.193970981579443,0.00827934307057554,"gamma_bin"
"gamma_bin_7.50_4.76","vary_sd",4.76,0.4,FALSE,158,1.2121292060572,1.25285650657887,0.134103339335968,0.91,0.235124145057342,0.0407273005216715,"gamma_bin"
"gamma_bin_7.50_4.76","vary_sd",4.76,0.4,FALSE,159,1.02410099479473,1.02549108219191,0.102675050260263,0.94,0.213678748870089,0.00139008739718482,"gamma_bin"
"gamma_bin_7.50_4.76","vary_sd",4.76,0.4,FALSE,160,0.905625417711481,0.894640870573152,0.0988305973827423,0.95,0.199559708691221,-0.0109845471383294,"gamma_bin"
"gamma_bin_7.50_4.76","vary_sd",4.76,0.4,FALSE,161,0.911623484707899,0.906606833327,0.104131667399256,0.94,0.201264295695682,-0.00501665138089902,"gamma_bin"
"gamma_bin_7.50_4.76","vary_sd",4.76,0.4,FALSE,162,0.854314364398061,0.8593586185946,0.111277242417316,0.95,0.196438803856336,0.00504425419653864,"gamma_bin"
"gamma_bin_7.50_4.76","vary_sd",4.76,0.4,FALSE,163,0.939538506142908,0.929239917106485,0.100960339938441,0.93,0.205400418435978,-0.0102985890364229,"gamma_bin"
"gamma_bin_7.50_4.76","vary_sd",4.76,0.4,FALSE,164,0.804264811038419,0.803333810372243,0.104879465103445,0.95,0.192073215980363,-0.000931000666176129,"gamma_bin"
"gamma_bin_7.50_4.76","vary_sd",4.76,0.4,FALSE,165,1.00142358506205,1.0328300750245,0.110481411520562,0.98,0.219892293166942,0.0314064899624513,"gamma_bin"
"gamma_bin_7.50_4.76","vary_sd",4.76,0.4,FALSE,166,1.22258511650756,1.20038288273476,0.127413981802846,0.94,0.238279489383511,-0.022202233772801,"gamma_bin"
"gamma_bin_7.50_4.76","vary_sd",4.76,0.4,FALSE,167,0.797785743145654,0.79535302227862,0.100138566844083,0.95,0.194166408224975,-0.00243272086703394,"gamma_bin"
"gamma_bin_7.50_4.76","vary_sd",4.76,0.4,FALSE,168,1.1498418409574,1.14673701493174,0.110178953055979,0.95,0.233720999256634,-0.0031048260256552,"gamma_bin"
"gamma_bin_7.50_4.76","vary_sd",4.76,0.4,FALSE,169,0.760349335694062,0.75171171524632,0.101692097482673,0.97,0.189187986026926,-0.00863762044774241,"gamma_bin"
"gamma_bin_7.50_4.76","vary_sd",4.76,0.4,FALSE,170,1.37423882796411,1.37187044390765,0.127213638337939,0.97,0.256641628632906,-0.00236838405645745,"gamma_bin"
"gamma_bin_7.50_4.76","vary_sd",4.76,0.4,FALSE,171,0.879916177740953,0.878563293101786,0.0889979363389709,0.96,0.204908874402865,-0.00135288463916716,"gamma_bin"
"gamma_bin_7.50_4.76","vary_sd",4.76,0.4,FALSE,172,1.40469809778524,1.38082118045637,0.124704997998696,0.95,0.256499092270075,-0.0238769173288671,"gamma_bin"
"gamma_bin_7.50_4.76","vary_sd",4.76,0.4,FALSE,173,0.919193657171105,0.894737202674918,0.0986188952407457,0.95,0.205076312734376,-0.0244564544961875,"gamma_bin"
"gamma_bin_7.50_4.76","vary_sd",4.76,0.4,FALSE,174,0.923156528563282,0.909692881456084,0.102852412569238,0.95,0.205712584573676,-0.0134636471071978,"gamma_bin"
"gamma_bin_7.50_4.76","vary_sd",4.76,0.4,FALSE,175,1.03837120055872,1.06396929057541,0.108857486765064,0.94,0.22227449052818,0.0255980900166868,"gamma_bin"
"gamma_bin_7.50_4.76","vary_sd",4.76,0.4,FALSE,176,0.998550191051843,0.994110986699941,0.108634375717654,0.95,0.214587200405695,-0.00443920435190193,"gamma_bin"
"gamma_bin_7.50_4.76","vary_sd",4.76,0.4,FALSE,177,1.0672490953256,1.06714985029841,0.10815388775332,0.98,0.222364599194773,-9.92450271943834e-05,"gamma_bin"
"gamma_bin_7.50_4.76","vary_sd",4.76,0.4,FALSE,178,0.796488943635566,0.794468807833062,0.0859069601389333,0.97,0.191549386538927,-0.00202013580250382,"gamma_bin"
"gamma_bin_7.50_4.76","vary_sd",4.76,0.4,FALSE,179,1.19853631620291,1.21599119431864,0.109810574728261,0.97,0.237780280411563,0.0174548781157267,"gamma_bin"
"gamma_bin_7.50_4.76","vary_sd",4.76,0.4,FALSE,180,1.18742234445089,1.20143003946153,0.106533574767025,0.97,0.236083585744764,0.0140076950106367,"gamma_bin"
"gamma_bin_7.50_4.76","vary_sd",4.76,0.4,FALSE,181,1.49419822100474,1.48046927803453,0.123321749968961,0.98,0.260662085505842,-0.0137289429702063,"gamma_bin"
"gamma_bin_7.50_4.76","vary_sd",4.76,0.4,FALSE,182,1.51569971274724,1.47072079549344,0.141929959078428,0.9,0.256506473113503,-0.0449789172538002,"gamma_bin"
"gamma_bin_7.50_4.76","vary_sd",4.76,0.4,FALSE,183,0.993078083144793,0.95443612076017,0.115665797512546,0.9,0.20244854669505,-0.0386419623846235,"gamma_bin"
"gamma_bin_7.50_4.76","vary_sd",4.76,0.4,FALSE,184,0.900895179433443,0.870797571719183,0.102771543066534,0.93,0.190756349027493,-0.0300976077142603,"gamma_bin"
"gamma_bin_7.50_4.76","vary_sd",4.76,0.4,FALSE,185,0.823216514722493,0.819443919010838,0.0925447661666177,0.94,0.183938187328743,-0.00377259571165478,"gamma_bin"
"gamma_bin_7.50_4.76","vary_sd",4.76,0.4,FALSE,186,1.22622352517845,1.26868071693829,0.103151936821332,0.96,0.228867020698201,0.0424571917598373,"gamma_bin"
"gamma_bin_7.50_4.76","vary_sd",4.76,0.4,FALSE,187,0.917485344129662,0.954770915560999,0.0953368434092103,0.97,0.197951009802967,0.0372855714313374,"gamma_bin"
"gamma_bin_7.50_4.76","vary_sd",4.76,0.4,FALSE,188,1.14600718978611,1.15795872032124,0.112001632260101,0.92,0.217656687708489,0.0119515305351328,"gamma_bin"
"gamma_bin_7.50_4.76","vary_sd",4.76,0.4,FALSE,189,1.15017955401154,1.17690814250302,0.105805133679193,0.95,0.218480753524875,0.026728588491479,"gamma_bin"
"gamma_bin_7.50_4.76","vary_sd",4.76,0.4,FALSE,190,1.13787761403339,1.12973284287829,0.105683160718104,0.96,0.21271651227061,-0.00814477115510481,"gamma_bin"
"gamma_bin_7.50_4.76","vary_sd",4.76,0.4,FALSE,191,1.77820774658985,1.76261816287847,0.126843926634221,0.98,0.263835016954815,-0.0155895837113842,"gamma_bin"
"gamma_bin_7.50_4.76","vary_sd",4.76,0.4,FALSE,192,1.12621869533816,1.10244620789441,0.0969391565509993,0.95,0.204784306296559,-0.0237724874437546,"gamma_bin"
"gamma_bin_7.50_4.76","vary_sd",4.76,0.4,FALSE,193,1.63142687231341,1.54896672475563,0.101642194540892,0.94,0.238452326002487,-0.08246014755778,"gamma_bin"
"gamma_bin_7.50_4.76","vary_sd",4.76,0.4,FALSE,194,1.9613208229511,1.88108519326227,0.127620279911338,0.9,0.257024232775755,-0.0802356296888267,"gamma_bin"
"gamma_bin_7.50_4.76","vary_sd",4.76,0.4,FALSE,195,1.62644217295684,1.58318376100919,0.119262233776467,0.93,0.228585557421732,-0.0432584119476498,"gamma_bin"
"gamma_bin_7.50_4.76","vary_sd",4.76,0.4,FALSE,196,1.22114876712024,1.16081250598235,0.0977738136344603,0.91,0.189066891141287,-0.0603362611378893,"gamma_bin"
"gamma_bin_7.50_4.76","vary_sd",4.76,0.4,FALSE,197,1.08512340553335,1.04969102686935,0.0881996714454236,0.95,0.174793216614922,-0.0354323786640001,"gamma_bin"
"gamma_bin_7.50_4.76","vary_sd",4.76,0.4,FALSE,198,1.22271087570671,1.21822013321992,0.0922019000157904,0.95,0.184906884328313,-0.00449074248679016,"gamma_bin"
"gamma_bin_7.50_4.76","vary_sd",4.76,0.4,FALSE,199,1.2960340351298,1.33677431975322,0.0904625204812114,0.95,0.190816314329923,0.0407402846234179,"gamma_bin"
"gamma_bin_7.50_4.76","vary_sd",4.76,0.4,FALSE,200,1.66920711624072,1.71627629342948,0.114649159596213,0.92,0.212840103834534,0.047069177188757,"gamma_bin"
"gamma_bin_7.50_4.76","vary_sd",4.76,0.4,FALSE,201,1.16940768861372,1.18438935534454,0.0878455738574924,0.94,0.172521098635765,0.0149816667308216,"gamma_bin"
"gamma_bin_7.50_4.76","vary_sd",4.76,0.4,FALSE,202,1.0787760344722,1.05855371494568,0.0852899235953705,0.94,0.159505215349461,-0.0202223195265232,"gamma_bin"
"gamma_bin_7.50_4.76","vary_sd",4.76,0.4,FALSE,203,0.894614924502778,0.884461143274085,0.0791728924528455,0.93,0.143484721870478,-0.0101537812286934,"gamma_bin"
"gamma_bin_7.50_4.76","vary_sd",4.76,0.4,FALSE,204,0.818936942727194,0.839628304956521,0.0650507740192729,0.94,0.138682236141326,0.0206913622293274,"gamma_bin"
"gamma_bin_7.50_4.76","vary_sd",4.76,0.4,FALSE,205,0.966688195947552,1.01186174689194,0.0793461341459911,0.91,0.152023230317142,0.0451735509443845,"gamma_bin"
"gamma_bin_7.50_4.76","vary_sd",4.76,0.4,FALSE,206,0.735602657677609,0.763571441432035,0.0594690620112805,0.95,0.132268420865543,0.0279687837544257,"gamma_bin"
"gamma_bin_7.50_4.76","vary_sd",4.76,0.4,FALSE,207,0.854906249805799,0.901830739788236,0.0775240685999327,0.86,0.144419875518566,0.0469244899824373,"gamma_bin"
"gamma_bin_7.50_4.76","vary_sd",4.76,0.4,FALSE,208,1.18360616945073,1.23089951516256,0.089073950348134,0.93,0.169979750787542,0.0472933457118254,"gamma_bin"
"gamma_bin_7.50_4.76","vary_sd",4.76,0.4,FALSE,209,1.4602885501346,1.48668636407551,0.0909692845794224,0.97,0.1872271998394,0.0263978139409093,"gamma_bin"
"gamma_bin_7.50_4.76","vary_sd",4.76,0.4,FALSE,210,0.828346816490767,0.812507221775678,0.0667866420356566,0.96,0.137111661679885,-0.0158395947150892,"gamma_bin"
"gamma_bin_7.50_4.76","vary_sd",4.76,0.4,FALSE,211,0.945514704257119,0.927783361387437,0.0700999678147056,0.94,0.145646609293235,-0.0177313428696824,"gamma_bin"
"gamma_bin_7.50_4.76","vary_sd",4.76,0.4,FALSE,212,0.790503634328223,0.776255178240071,0.0597101987353902,0.97,0.133034505562253,-0.0142484560881517,"gamma_bin"
"gamma_bin_7.50_4.76","vary_sd",4.76,0.4,FALSE,213,1.43200091428725,1.45110086678942,0.0879896876163031,0.95,0.182459568876849,0.0190999525021722,"gamma_bin"
"gamma_bin_7.50_4.76","vary_sd",4.76,0.4,FALSE,214,1.11427471246835,1.13552287231507,0.0840249459710553,0.95,0.160780672265417,0.0212481598467207,"gamma_bin"
"gamma_bin_7.50_4.76","vary_sd",4.76,0.4,FALSE,215,1.11570572194133,1.1109237605888,0.0725740812920752,0.95,0.157951964065995,-0.00478196135253439,"gamma_bin"
"gamma_bin_7.50_4.76","vary_sd",4.76,0.4,FALSE,216,1.45325455274622,1.42392295357948,0.088587701377878,0.97,0.177380305358074,-0.0293315991667416,"gamma_bin"
"gamma_bin_7.50_4.76","vary_sd",4.76,0.4,FALSE,217,1.1420513438864,1.12358542560332,0.081713080534238,0.93,0.155444404802347,-0.0184659182830826,"gamma_bin"
"gamma_bin_7.50_4.76","vary_sd",4.76,0.4,FALSE,218,0.657956194341687,0.634002209266824,0.0604166928808067,0.92,0.115265179407222,-0.0239539850748627,"gamma_bin"
"gamma_bin_7.50_4.76","vary_sd",4.76,0.4,FALSE,219,1.37055796530381,1.37283591757163,0.0830433193422317,0.95,0.169214134283159,0.00227795226782357,"gamma_bin"
"gamma_bin_7.50_4.76","vary_sd",4.76,0.4,FALSE,220,1.1217671045533,1.13860469840732,0.0822855067835864,0.95,0.153232889584287,0.0168375938540162,"gamma_bin"
"gamma_bin_7.50_4.76","vary_sd",4.76,0.4,FALSE,221,1.82148085595811,1.825947328851,0.10424207841036,0.93,0.192439842413763,0.00446647289289115,"gamma_bin"
"gamma_bin_7.50_4.76","vary_sd",4.76,0.4,FALSE,222,1.47820728190538,1.44943086056472,0.0857703370774178,0.97,0.168006385468415,-0.0287764213406589,"gamma_bin"
"gamma_bin_7.50_4.76","vary_sd",4.76,0.4,FALSE,223,1.22912323671868,1.15887804601255,0.0748489078761876,0.84,0.146540674430045,-0.0702451907061292,"gamma_bin"
"gamma_bin_7.50_4.76","vary_sd",4.76,0.4,FALSE,224,1.39166921706407,1.32479873437133,0.0773507769593735,0.88,0.153336819394403,-0.0668704826927373,"gamma_bin"
"gamma_bin_7.50_4.76","vary_sd",4.76,0.4,FALSE,225,1.02692395020016,0.991823982399644,0.0711189875844962,0.9,0.130041137483001,-0.0350999678005162,"gamma_bin"
"gamma_bin_7.50_4.76","vary_sd",4.76,0.4,FALSE,226,0.944469227223,0.948975837379997,0.0667270510560247,0.94,0.125436996888619,0.00450661015699683,"gamma_bin"
"gamma_bin_7.50_4.76","vary_sd",4.76,0.4,FALSE,227,0.882935394281871,0.901379872460327,0.0617326809255467,0.91,0.121271171388498,0.0184444781784561,"gamma_bin"
"gamma_bin_7.50_4.76","vary_sd",4.76,0.4,FALSE,228,1.25451332375843,1.30097879958495,0.0692745817424125,0.94,0.145442407039216,0.0464654758265215,"gamma_bin"
"gamma_bin_7.50_4.76","vary_sd",4.76,0.4,FALSE,229,1.46482234027448,1.51519876129319,0.0767445363408722,0.92,0.156092413385139,0.0503764210187116,"gamma_bin"
"gamma_bin_7.50_4.76","vary_sd",4.76,0.4,FALSE,230,1.51066180760486,1.51013868558922,0.0745045646148018,0.96,0.153652248758889,-0.000523122015638311,"gamma_bin"
"gamma_bin_7.50_4.76","vary_sd",4.76,0.4,FALSE,231,1.76123960010775,1.71437714324144,0.0855371908512052,0.91,0.160353318288085,-0.0468624568663063,"gamma_bin"
"gamma_bin_7.50_4.76","vary_sd",4.76,0.4,FALSE,232,1.40610248726795,1.32738265809831,0.0700575114729538,0.8,0.137079605389019,-0.0787198291696372,"gamma_bin"
"gamma_bin_7.50_4.76","vary_sd",4.76,0.4,FALSE,233,1.50839208568838,1.42358324346964,0.0629326980612683,0.81,0.13805730095262,-0.0848088422187383,"gamma_bin"
"gamma_bin_7.50_4.76","vary_sd",4.76,0.4,FALSE,234,2.14809922234943,2.05530252584523,0.0856817560115065,0.78,0.161563064216445,-0.0927966965041969,"gamma_bin"
"gamma_bin_7.50_4.76","vary_sd",4.76,0.4,FALSE,235,1.77316147702833,1.72110214645527,0.0791891532355143,0.83,0.14257111972576,-0.0520593305730583,"gamma_bin"
"gamma_bin_7.50_4.76","vary_sd",4.76,0.4,FALSE,236,1.73482506410384,1.64041282503398,0.077049190183818,0.71,0.133741619640117,-0.0944122390698627,"gamma_bin"
"gamma_bin_7.50_4.76","vary_sd",4.76,0.4,FALSE,237,1.62267353351007,1.54228903308401,0.0637811429342496,0.75,0.124681066446103,-0.0803845004260635,"gamma_bin"
"gamma_bin_7.50_4.76","vary_sd",4.76,0.4,FALSE,238,1.18124992154851,1.14449180942729,0.0547605976107365,0.89,0.103536491429274,-0.0367581121212208,"gamma_bin"
"gamma_bin_7.50_4.76","vary_sd",4.76,0.4,FALSE,239,1.18465305674865,1.1742794644613,0.0567681065497518,0.94,0.101970991944735,-0.0103735922873471,"gamma_bin"
"gamma_bin_7.50_4.76","vary_sd",4.76,0.4,FALSE,240,1.4168407618799,1.4500296417709,0.0534574379427937,0.94,0.111026220953646,0.033188879890997,"gamma_bin"
"gamma_bin_7.50_4.76","vary_sd",4.76,0.4,FALSE,241,1.25636383468336,1.28515542011303,0.0502468041267189,0.9,0.102356737783054,0.0287915854296716,"gamma_bin"
"gamma_bin_7.50_4.76","vary_sd",4.76,0.4,FALSE,242,1.12127216596798,1.14548518415598,0.050317318158599,0.92,0.0946986988978419,0.0242130181879994,"gamma_bin"
"gamma_bin_7.50_4.76","vary_sd",4.76,0.4,FALSE,243,1.35468577162437,1.38315560898274,0.0609611806787578,0.87,0.102381997854106,0.0284698373583687,"gamma_bin"
"gamma_bin_7.50_4.76","vary_sd",4.76,0.4,FALSE,244,1.01073025572083,1.03317904284115,0.0447329319930028,0.94,0.0869258925004105,0.0224487871203172,"gamma_bin"
"gamma_bin_7.50_4.76","vary_sd",4.76,0.4,FALSE,245,1.09869262296579,1.11491811936631,0.041829644840984,0.96,0.0890698271819332,0.0162254964005168,"gamma_bin"
"gamma_bin_7.50_4.76","vary_sd",4.76,0.4,FALSE,246,1.01867243248783,1.03477635706921,0.0417858836411475,0.93,0.0848529348679573,0.0161039245813821,"gamma_bin"
"gamma_bin_7.50_4.76","vary_sd",4.76,0.4,FALSE,247,0.933300548697082,0.95445044242232,0.0411113989370911,0.94,0.0808909093679356,0.0211498937252381,"gamma_bin"
"gamma_bin_7.50_4.76","vary_sd",4.76,0.4,FALSE,248,1.07521131224965,1.10769950383019,0.0422364937277428,0.9,0.0867812833359448,0.0324881915805373,"gamma_bin"
"gamma_bin_7.50_4.76","vary_sd",4.76,0.4,FALSE,249,1.30368079751671,1.33832258660614,0.048481931530145,0.87,0.0950033190676857,0.0346417890894275,"gamma_bin"
"gamma_bin_7.50_4.76","vary_sd",4.76,0.4,FALSE,250,1.41725036624756,1.43892779229044,0.0501516619949289,0.92,0.0976500499168368,0.021677426042884,"gamma_bin"
"gamma_bin_7.50_4.76","vary_sd",4.76,0.4,FALSE,251,1.14473843834061,1.12287085291482,0.0436668253711307,0.88,0.0849768710125745,-0.0218675854257915,"gamma_bin"
"gamma_bin_7.50_4.76","vary_sd",4.76,0.4,FALSE,252,1.28957905264017,1.25804938952675,0.0464055662604173,0.93,0.0886117743337006,-0.0315296631134221,"gamma_bin"
"gamma_bin_7.50_4.76","vary_sd",4.76,0.4,FALSE,253,1.41164181175606,1.37391726126823,0.0417969692678481,0.9,0.0912362336139818,-0.0377245504878259,"gamma_bin"
"gamma_bin_7.50_5.44","vary_sd",5.44,0.6,FALSE,15,1.02510010675531,1.0568350316903,0.0236839660135273,0.87,0.057407849965023,0.0317349249349941,"gamma_bin"
"gamma_bin_7.50_5.44","vary_sd",5.44,0.6,FALSE,16,1.25252014867933,1.3262916322154,0.029650874997901,0.37,0.0633176133949374,0.0737714835360674,"gamma_bin"
"gamma_bin_7.50_5.44","vary_sd",5.44,0.6,FALSE,17,1.21525733695915,1.28704086284445,0.0332090500514556,0.35,0.0612469325781288,0.0717835258852952,"gamma_bin"
"gamma_bin_7.50_5.44","vary_sd",5.44,0.6,FALSE,18,0.979230198394809,1.02371378674137,0.0251906293208781,0.66,0.0536410385075345,0.0444835883465572,"gamma_bin"
"gamma_bin_7.50_5.44","vary_sd",5.44,0.6,FALSE,19,1.02544833790337,1.07577446452568,0.029764891981435,0.52,0.0544087520171221,0.0503261266223134,"gamma_bin"
"gamma_bin_7.50_5.44","vary_sd",5.44,0.6,FALSE,20,1.03933643277786,1.09299552862173,0.024165350406369,0.46,0.0543940882287765,0.0536590958438687,"gamma_bin"
"gamma_bin_7.50_5.44","vary_sd",5.44,0.6,FALSE,21,1.31704644033967,1.37417202129119,0.0298070862110896,0.49,0.0605377328174834,0.0571255809515214,"gamma_bin"
"gamma_bin_7.50_5.44","vary_sd",5.44,0.6,FALSE,22,1.01626238281987,1.0339060775093,0.0277063447251234,0.89,0.0517253367759314,0.0176436946894254,"gamma_bin"
"gamma_bin_7.50_5.44","vary_sd",5.44,0.6,FALSE,23,0.750219977978433,0.760529268022125,0.0199415075570265,0.94,0.043964675401405,0.0103092900436923,"gamma_bin"
"gamma_bin_7.50_5.44","vary_sd",5.44,0.6,FALSE,24,0.68680573053247,0.70852932157521,0.0219770918861724,0.83,0.0425148622857958,0.02172359104274,"gamma_bin"
"gamma_bin_7.50_5.44","vary_sd",5.44,0.6,FALSE,25,1.09137562864791,1.15287633892298,0.0273508763462204,0.39,0.0547400059481564,0.0615007102750735,"gamma_bin"
"gamma_bin_7.50_5.44","vary_sd",5.44,0.6,FALSE,26,0.741057834922739,0.779196092518078,0.0238702660016737,0.57,0.0450147893800174,0.0381382575953393,"gamma_bin"
"gamma_bin_7.50_5.44","vary_sd",5.44,0.6,FALSE,27,0.768534353981288,0.802726681607054,0.0231536830618422,0.68,0.0460015865076116,0.0341923276257661,"gamma_bin"
"gamma_bin_7.50_5.44","vary_sd",5.44,0.6,FALSE,28,0.752768210408917,0.783813567020386,0.0254633410413329,0.66,0.0458871125431544,0.0310453566114692,"gamma_bin"
"gamma_bin_7.50_5.44","vary_sd",5.44,0.6,FALSE,29,0.700189279957523,0.730274570614766,0.020772515130465,0.73,0.0448104976992682,0.030085290657243,"gamma_bin"
"gamma_bin_7.50_5.44","vary_sd",5.44,0.6,FALSE,30,0.555240242382622,0.576125861948488,0.021551802000111,0.83,0.040379932765787,0.020885619565866,"gamma_bin"
"gamma_bin_7.50_5.44","vary_sd",5.44,0.6,FALSE,31,0.584450640057208,0.613306849471838,0.0210241963645064,0.74,0.0425428972207383,0.0288562094146302,"gamma_bin"
"gamma_bin_7.50_5.44","vary_sd",5.44,0.6,FALSE,32,0.680297862250013,0.711731062740471,0.0214934439340746,0.75,0.0469247191112643,0.0314332004904581,"gamma_bin"
"gamma_bin_7.50_5.44","vary_sd",5.44,0.6,FALSE,33,0.95896579009836,0.998554765024794,0.0274024453217315,0.73,0.0568367303408434,0.0395889749264342,"gamma_bin"
"gamma_bin_7.50_5.44","vary_sd",5.44,0.6,FALSE,34,1.26713544933213,1.27518581571052,0.0331206244130168,0.93,0.065061166504488,0.00805036637839351,"gamma_bin"
"gamma_bin_7.50_5.44","vary_sd",5.44,0.6,FALSE,35,1.32835487275134,1.26563877685576,0.0336696246991909,0.55,0.0648017816467982,-0.0627160958955757,"gamma_bin"
"gamma_bin_7.50_5.44","vary_sd",5.44,0.6,FALSE,36,0.820532179912435,0.750911858944536,0.0259900963483434,0.22,0.0495339538085698,-0.0696203209678985,"gamma_bin"
"gamma_bin_7.50_5.44","vary_sd",5.44,0.6,FALSE,37,0.605066948223753,0.5579890211977,0.0241195635341076,0.45,0.042846033753923,-0.0470779270260532,"gamma_bin"
"gamma_bin_7.50_5.44","vary_sd",5.44,0.6,FALSE,38,0.480613317476216,0.465689692788503,0.0199892777786617,0.89,0.0397420189480827,-0.014923624687713,"gamma_bin"
"gamma_bin_7.50_5.44","vary_sd",5.44,0.6,FALSE,39,0.729684595490469,0.751309512327418,0.0289281811647871,0.78,0.0517240349134175,0.0216249168369492,"gamma_bin"
"gamma_bin_7.50_5.44","vary_sd",5.44,0.6,FALSE,40,0.815117093248404,0.859905984551369,0.0310113120897297,0.68,0.0565445932546873,0.0447888913029646,"gamma_bin"
"gamma_bin_7.50_5.44","vary_sd",5.44,0.6,FALSE,41,0.615435524003123,0.640760584349309,0.0248187259580645,0.86,0.0496209813093365,0.0253250603461862,"gamma_bin"
"gamma_bin_7.50_5.44","vary_sd",5.44,0.6,FALSE,42,0.771681049543453,0.793910986696152,0.025957520246511,0.89,0.0563829619066453,0.0222299371526986,"gamma_bin"
"gamma_bin_7.50_5.44","vary_sd",5.44,0.6,FALSE,43,0.638637642797715,0.646404984359413,0.0287646538164565,0.94,0.0518019954061931,0.00776734156169812,"gamma_bin"
"gamma_bin_7.50_5.44","vary_sd",5.44,0.6,FALSE,44,0.502607638572081,0.510325172863347,0.0262384998240103,0.91,0.0470221399206317,0.0077175342912662,"gamma_bin"
"gamma_bin_7.50_5.44","vary_sd",5.44,0.6,FALSE,45,0.419348773276434,0.429142003549339,0.0206054916265078,0.96,0.04431031194476,0.00979323027290491,"gamma_bin"
"gamma_bin_7.50_5.44","vary_sd",5.44,0.6,FALSE,46,0.532523289397014,0.550212566899949,0.0272782300081889,0.9,0.0518670652942919,0.017689277502935,"gamma_bin"
"gamma_bin_7.50_5.44","vary_sd",5.44,0.6,FALSE,47,0.748164536979726,0.775183112667977,0.02910865574795,0.91,0.0636693243784094,0.0270185756882509,"gamma_bin"
"gamma_bin_7.50_5.44","vary_sd",5.44,0.6,FALSE,48,0.699597036363356,0.704815903386888,0.0299928008810249,0.95,0.0623528562400696,0.00521886702353158,"gamma_bin"
"gamma_bin_7.50_5.44","vary_sd",5.44,0.6,FALSE,49,0.840634610500807,0.832330329868045,0.0316180355292572,0.96,0.0694631558122429,-0.00830428063276245,"gamma_bin"
"gamma_bin_7.50_5.44","vary_sd",5.44,0.6,FALSE,50,0.605572567510499,0.582326992408173,0.02660913111211,0.91,0.0592649051224489,-0.0232455751023258,"gamma_bin"
"gamma_bin_7.50_5.44","vary_sd",5.44,0.6,FALSE,51,0.551154795645625,0.524326315348622,0.0270382601783872,0.86,0.0576287597904965,-0.0268284802970034,"gamma_bin"
"gamma_bin_7.50_5.44","vary_sd",5.44,0.6,FALSE,52,0.382419782215341,0.36652911713325,0.0281514918005231,0.88,0.0495944842389943,-0.0158906650820915,"gamma_bin"
"gamma_bin_7.50_5.44","vary_sd",5.44,0.6,FALSE,53,0.67605453850849,0.664679866530998,0.037464164019075,0.92,0.0692867959341357,-0.0113746719774921,"gamma_bin"
"gamma_bin_7.50_5.44","vary_sd",5.44,0.6,FALSE,54,0.67389745281474,0.676810452891615,0.0360639076804875,0.94,0.0721728475852544,0.00291300007687512,"gamma_bin"
"gamma_bin_7.50_5.44","vary_sd",5.44,0.6,FALSE,55,0.928654307802489,0.917430878979603,0.0441249461144923,0.93,0.0864772957546754,-0.0112234288228862,"gamma_bin"
"gamma_bin_7.50_5.44","vary_sd",5.44,0.6,FALSE,56,0.750444909156983,0.722170949147785,0.0426423347585409,0.85,0.0782718631527216,-0.0282739600091981,"gamma_bin"
"gamma_bin_7.50_5.44","vary_sd",5.44,0.6,FALSE,57,0.713559496047443,0.66556394078933,0.0398463404227808,0.75,0.0766811250527103,-0.0479955552581127,"gamma_bin"
"gamma_bin_7.50_5.44","vary_sd",5.44,0.6,FALSE,58,0.492127182876667,0.463030258534106,0.0352998065611286,0.84,0.0653796642089334,-0.0290969243425608,"gamma_bin"
"gamma_bin_7.50_5.44","vary_sd",5.44,0.6,FALSE,59,0.488121905081673,0.469695761519712,0.0336375754113716,0.92,0.067820422792609,-0.018426143561961,"gamma_bin"
"gamma_bin_7.50_5.44","vary_sd",5.44,0.6,FALSE,60,0.671861168143052,0.667920866419464,0.0402624455698161,0.97,0.0836338796563849,-0.00394030172358839,"gamma_bin"
"gamma_bin_7.50_5.44","vary_sd",5.44,0.6,FALSE,61,0.791762464983911,0.787616412127905,0.0457234697085188,0.96,0.0935620627132213,-0.00414605285600567,"gamma_bin"
"gamma_bin_7.50_5.44","vary_sd",5.44,0.6,FALSE,62,0.652922492639065,0.638217669512142,0.0460734558046055,0.92,0.0862770086371941,-0.0147048231269233,"gamma_bin"
"gamma_bin_7.50_5.44","vary_sd",5.44,0.6,FALSE,63,0.613891069127135,0.595745512223768,0.0406186191239415,0.96,0.0855253822765821,-0.0181455569033672,"gamma_bin"
"gamma_bin_7.50_5.44","vary_sd",5.44,0.6,FALSE,64,0.747174650317661,0.725910305761009,0.049117524365142,0.94,0.097060663540181,-0.0212643445566522,"gamma_bin"
"gamma_bin_7.50_5.44","vary_sd",5.44,0.6,FALSE,65,0.706701130088712,0.685110872428003,0.0527816466163607,0.91,0.0967061752942021,-0.0215902576607089,"gamma_bin"
"gamma_bin_7.50_5.44","vary_sd",5.44,0.6,FALSE,66,0.51187393654748,0.500597870723461,0.0417993120504702,0.95,0.0847485299594914,-0.0112760658240191,"gamma_bin"
"gamma_bin_7.50_5.44","vary_sd",5.44,0.6,FALSE,67,0.670601402325688,0.650583036687846,0.0510709897537256,0.92,0.0995115875899465,-0.0200183656378418,"gamma_bin"
"gamma_bin_7.50_5.44","vary_sd",5.44,0.6,FALSE,68,1.17253163081397,1.14905621580008,0.0712125242561504,0.92,0.13600963462848,-0.0234754150138892,"gamma_bin"
"gamma_bin_7.50_5.44","vary_sd",5.44,0.6,FALSE,69,1.09882955126721,1.03774101380635,0.073728105351723,0.84,0.130784455530441,-0.0610885374608552,"gamma_bin"
"gamma_bin_7.50_5.44","vary_sd",5.44,0.6,FALSE,70,0.864010024055233,0.793781029740571,0.0594202154893711,0.78,0.115150129217966,-0.0702289943146618,"gamma_bin"
"gamma_bin_7.50_5.44","vary_sd",5.44,0.6,FALSE,71,0.715098113998147,0.657943457109527,0.0583329745949714,0.81,0.105919328939694,-0.0571546568886205,"gamma_bin"
"gamma_bin_7.50_5.44","vary_sd",5.44,0.6,FALSE,72,0.5778146754347,0.555072012492159,0.0510576521093295,0.94,0.0988902129207068,-0.0227426629425411,"gamma_bin"
"gamma_bin_7.50_5.44","vary_sd",5.44,0.6,FALSE,73,0.968098548670386,0.959820962136451,0.0606766000796667,0.99,0.133138570864209,-0.00827758653393496,"gamma_bin"
"gamma_bin_7.50_5.44","vary_sd",5.44,0.6,FALSE,74,0.655349167508219,0.65388298584502,0.0581860797029896,0.92,0.111454228224535,-0.0014661816631989,"gamma_bin"
"gamma_bin_7.50_5.44","vary_sd",5.44,0.6,FALSE,75,0.59977224361632,0.601411501123073,0.0544383916899012,0.95,0.10893033084262,0.0016392575067532,"gamma_bin"
"gamma_bin_7.50_5.44","vary_sd",5.44,0.6,FALSE,76,0.795810456805532,0.811108956037449,0.0648381460332221,0.95,0.129456155158598,0.0152984992319174,"gamma_bin"
"gamma_bin_7.50_5.44","vary_sd",5.44,0.6,FALSE,77,0.873668877519834,0.881641053270815,0.0671527989743662,0.96,0.137572580172538,0.00797217575098141,"gamma_bin"
"gamma_bin_7.50_5.44","vary_sd",5.44,0.6,FALSE,78,0.655524310026793,0.656969843472924,0.0711459391512205,0.93,0.120515745708695,0.00144553344613141,"gamma_bin"
"gamma_bin_7.50_5.44","vary_sd",5.44,0.6,FALSE,79,0.810623636163075,0.814156784098252,0.072553637498337,0.93,0.136796149894519,0.00353314793517723,"gamma_bin"
"gamma_bin_7.50_5.44","vary_sd",5.44,0.6,FALSE,80,0.610456557383718,0.60151048071646,0.0533586157569465,0.98,0.119633190100801,-0.00894607666725844,"gamma_bin"
"gamma_bin_7.50_5.44","vary_sd",5.44,0.6,FALSE,81,0.859858611274139,0.859467054190564,0.0772670283973558,0.95,0.146181278645859,-0.000391557083575078,"gamma_bin"
"gamma_bin_7.50_5.44","vary_sd",5.44,0.6,FALSE,82,0.71793472208637,0.715352058933134,0.0663595068958941,0.97,0.13560406786532,-0.00258266315323596,"gamma_bin"
"gamma_bin_7.50_5.44","vary_sd",5.44,0.6,FALSE,83,0.992203959261976,0.978676574696113,0.0805172678272585,0.97,0.161567572308765,-0.0135273845658629,"gamma_bin"
"gamma_bin_7.50_5.44","vary_sd",5.44,0.6,FALSE,84,1.12541562776308,1.09220703570477,0.0956094710054781,0.91,0.172641044020018,-0.0332085920583107,"gamma_bin"
"gamma_bin_7.50_5.44","vary_sd",5.44,0.6,FALSE,85,0.719081428835968,0.692318515641427,0.076428892372691,0.92,0.13797482610572,-0.0267629131945406,"gamma_bin"
"gamma_bin_7.50_5.44","vary_sd",5.44,0.6,FALSE,86,0.84752493125734,0.821307333543797,0.0713332662722573,0.94,0.152253583405187,-0.0262175977135432,"gamma_bin"
"gamma_bin_7.50_5.44","vary_sd",5.44,0.6,FALSE,87,0.855021916180829,0.835011348227178,0.0809769646944953,0.95,0.155407547311327,-0.020010567953651,"gamma_bin"
"gamma_bin_7.50_5.44","vary_sd",5.44,0.6,FALSE,88,1.05231211723794,1.04850409142515,0.0921825466807837,0.93,0.176270291457935,-0.00380802581279127,"gamma_bin"
"gamma_bin_7.50_5.44","vary_sd",5.44,0.6,FALSE,89,0.736245763604483,0.727521506380561,0.0794660875378691,0.94,0.147561336435806,-0.00872425722392212,"gamma_bin"
"gamma_bin_7.50_5.44","vary_sd",5.44,0.6,FALSE,90,0.910435800275709,0.916333964394398,0.0834261708997233,0.97,0.167591075918365,0.00589816411868938,"gamma_bin"
"gamma_bin_7.50_5.44","vary_sd",5.44,0.6,FALSE,91,0.875373992276142,0.880937279679219,0.0876206616760634,0.93,0.165759496777231,0.00556328740307677,"gamma_bin"
"gamma_bin_7.50_5.44","vary_sd",5.44,0.6,FALSE,92,1.13308580158326,1.11610688680639,0.0895055583590677,0.95,0.188369123854815,-0.0169789147768695,"gamma_bin"
"gamma_bin_7.50_5.44","vary_sd",5.44,0.6,FALSE,93,0.779622317935819,0.775759416858565,0.0840943641214787,0.95,0.15727937512848,-0.00386290107725451,"gamma_bin"
"gamma_bin_7.50_5.44","vary_sd",5.44,0.6,FALSE,94,0.738590807925372,0.72374451805263,0.0818277125295376,0.95,0.153103443283247,-0.0148462898727415,"gamma_bin"
"gamma_bin_7.50_5.44","vary_sd",5.44,0.6,FALSE,95,0.736386067431423,0.751012777016016,0.0864629163471663,0.92,0.15802541455963,0.0146267095845929,"gamma_bin"
"gamma_bin_7.50_5.44","vary_sd",5.44,0.6,FALSE,96,0.940470991453404,0.970308690849194,0.0951089575673107,0.92,0.182327541549696,0.0298376993957902,"gamma_bin"
"gamma_bin_7.50_5.44","vary_sd",5.44,0.6,FALSE,97,0.92681020267862,0.954880252601028,0.0910255939470898,0.95,0.182591595877654,0.0280700499224085,"gamma_bin"
"gamma_bin_7.50_5.44","vary_sd",5.44,0.6,FALSE,98,0.805264800704658,0.818413851971737,0.0847242176008666,0.92,0.170196674705501,0.0131490512670788,"gamma_bin"
"gamma_bin_7.50_5.44","vary_sd",5.44,0.6,FALSE,99,0.96897608307621,0.989372092813231,0.10437124020389,0.93,0.188938593997137,0.020396009737021,"gamma_bin"
"gamma_bin_7.50_5.44","vary_sd",5.44,0.6,FALSE,100,0.483332995262756,0.48539781363312,0.0683439322816005,0.96,0.133146303287916,0.00206481837036421,"gamma_bin"
"gamma_bin_7.50_5.44","vary_sd",5.44,0.6,FALSE,101,0.66077716283239,0.682017101697572,0.0856150754370886,0.93,0.160939999153874,0.0212399388651824,"gamma_bin"
"gamma_bin_7.50_5.44","vary_sd",5.44,0.6,FALSE,102,0.655745239910364,0.677488672669951,0.0768911132142142,0.97,0.163661608465179,0.0217434327595873,"gamma_bin"
"gamma_bin_7.50_5.44","vary_sd",5.44,0.6,FALSE,103,1.19599908198214,1.23758547803268,0.105666286595925,0.95,0.226159003371116,0.0415863960505394,"gamma_bin"
"gamma_bin_7.50_5.44","vary_sd",5.44,0.6,FALSE,104,1.52020654998133,1.52097961970918,0.125852542229752,0.95,0.252130678108366,0.000773069727845188,"gamma_bin"
"gamma_bin_7.50_5.44","vary_sd",5.44,0.6,FALSE,105,1.10303826313934,1.04748947701068,0.108970898520423,0.88,0.206762190668366,-0.0555487861286603,"gamma_bin"
"gamma_bin_7.50_5.44","vary_sd",5.44,0.6,FALSE,106,0.895258886773757,0.829440529712962,0.0897951975293707,0.93,0.182732276296691,-0.0658183570607951,"gamma_bin"
"gamma_bin_7.50_5.44","vary_sd",5.44,0.6,FALSE,107,0.603016892421566,0.564836860200877,0.0747066884846692,0.95,0.150945969458429,-0.038180032220689,"gamma_bin"
"gamma_bin_7.50_5.44","vary_sd",5.44,0.6,FALSE,108,1.07762321196894,1.06761038432122,0.114673013229316,0.92,0.210493662563721,-0.0100128276477249,"gamma_bin"
"gamma_bin_7.50_5.44","vary_sd",5.44,0.6,FALSE,109,1.67936751135944,1.70820219001443,0.164561160465157,0.92,0.267778886494743,0.0288346786549865,"gamma_bin"
"gamma_bin_7.50_5.44","vary_sd",5.44,0.6,FALSE,110,0.778512854791425,0.767765299143304,0.0837630717724678,0.96,0.176510231561317,-0.010747555648121,"gamma_bin"
"gamma_bin_7.50_5.44","vary_sd",5.44,0.6,FALSE,111,0.992005341124613,0.950468005856754,0.0968581936000221,0.94,0.196012091321798,-0.0415373352678593,"gamma_bin"
"gamma_bin_7.50_5.44","vary_sd",5.44,0.6,FALSE,112,1.07688074493023,1.05866048738886,0.112262571969561,0.95,0.206996207147406,-0.0182202575413699,"gamma_bin"
"gamma_bin_7.50_5.44","vary_sd",5.44,0.6,FALSE,113,0.702400819858529,0.71284014110236,0.0843187883334227,0.96,0.16959029162983,0.0104393212438306,"gamma_bin"
"gamma_bin_7.50_5.44","vary_sd",5.44,0.6,FALSE,114,0.976066509197994,0.994979046177458,0.110825105375796,0.94,0.20202941150866,0.0189125369794645,"gamma_bin"
"gamma_bin_7.50_5.44","vary_sd",5.44,0.6,FALSE,115,1.23867756628513,1.26643583478795,0.121837126870129,0.95,0.228946047252847,0.0277582685028173,"gamma_bin"
"gamma_bin_7.50_5.44","vary_sd",5.44,0.6,FALSE,116,1.16180338965973,1.17403957291095,0.10888069978863,0.97,0.219365681844147,0.0122361832512181,"gamma_bin"
"gamma_bin_7.50_5.44","vary_sd",5.44,0.6,FALSE,117,1.19462029108814,1.17461362233694,0.110828325697654,0.95,0.217791299252528,-0.0200066687512017,"gamma_bin"
"gamma_bin_7.50_5.44","vary_sd",5.44,0.6,FALSE,118,1.16321995780671,1.12264018587513,0.107203821715998,0.93,0.211096216039972,-0.0405797719315832,"gamma_bin"
"gamma_bin_7.50_5.44","vary_sd",5.44,0.6,FALSE,119,1.07032628214879,1.04301309210871,0.0973752003686523,0.94,0.201833466976619,-0.0273131900400774,"gamma_bin"
"gamma_bin_7.50_5.44","vary_sd",5.44,0.6,FALSE,120,0.877757633134012,0.857879090538677,0.084673161391207,0.97,0.182048357971207,-0.0198785425953355,"gamma_bin"
"gamma_bin_7.50_5.44","vary_sd",5.44,0.6,FALSE,121,1.36755731263547,1.37587883430907,0.112790423808989,0.96,0.230794207032478,0.00832152167360212,"gamma_bin"
"gamma_bin_7.50_5.44","vary_sd",5.44,0.6,FALSE,122,0.835796444244159,0.847034227718448,0.0895079002509399,0.97,0.179278068482295,0.0112377834742892,"gamma_bin"
"gamma_bin_7.50_5.44","vary_sd",5.44,0.6,FALSE,123,1.26724551805682,1.27305020699103,0.10420596940808,0.95,0.219646129354151,0.00580468893421204,"gamma_bin"
"gamma_bin_7.50_5.44","vary_sd",5.44,0.6,FALSE,124,0.969129898643769,0.972055946530472,0.0867025516809296,0.97,0.190250388107798,0.00292604788670348,"gamma_bin"
"gamma_bin_7.50_5.44","vary_sd",5.44,0.6,FALSE,125,0.847338782890042,0.856112134156805,0.0816215917095315,0.98,0.177959007590031,0.00877335126676337,"gamma_bin"
"gamma_bin_7.50_5.44","vary_sd",5.44,0.6,FALSE,126,0.715564882412269,0.738220095075099,0.0795877737498445,0.96,0.165563025069355,0.0226552126628303,"gamma_bin"
"gamma_bin_7.50_5.44","vary_sd",5.44,0.6,FALSE,127,0.94782383341486,0.987237134051598,0.097595016029512,0.93,0.193195519503083,0.0394133006367375,"gamma_bin"
"gamma_bin_7.50_5.44","vary_sd",5.44,0.6,FALSE,128,0.685081694959754,0.717037679995478,0.0752681460804055,0.96,0.165611085345831,0.0319559850357239,"gamma_bin"
"gamma_bin_7.50_5.44","vary_sd",5.44,0.6,FALSE,129,0.940719567434955,0.987568438432777,0.09967474787885,0.96,0.196686313695977,0.0468488709978221,"gamma_bin"
"gamma_bin_7.50_5.44","vary_sd",5.44,0.6,FALSE,130,0.882735861931285,0.910930567161639,0.0908986729517476,0.94,0.190179712255227,0.0281947052303541,"gamma_bin"
"gamma_bin_7.50_5.44","vary_sd",5.44,0.6,FALSE,131,0.908592867608554,0.941997104773978,0.102268398709414,0.94,0.194716732172641,0.0334042371654243,"gamma_bin"
"gamma_bin_7.50_5.44","vary_sd",5.44,0.6,FALSE,132,0.919571358645804,0.911064453945711,0.0948449170106218,0.95,0.192481637590473,-0.00850690470009263,"gamma_bin"
"gamma_bin_7.50_5.44","vary_sd",5.44,0.6,FALSE,133,0.772870216905444,0.763310292225275,0.0957076393627819,0.95,0.177161094206814,-0.00955992468016897,"gamma_bin"
"gamma_bin_7.50_5.44","vary_sd",5.44,0.6,FALSE,134,0.850110615604727,0.844739041385424,0.0823374735326018,0.98,0.188587534123096,-0.00537157421930268,"gamma_bin"
"gamma_bin_7.50_5.44","vary_sd",5.44,0.6,FALSE,135,0.784750966748685,0.788965248131937,0.106707001549686,0.91,0.184041169792502,0.00421428138325197,"gamma_bin"
"gamma_bin_7.50_5.44","vary_sd",5.44,0.6,FALSE,136,0.974669466757976,0.99990689298938,0.105015089367371,0.96,0.209971867882013,0.025237426231404,"gamma_bin"
"gamma_bin_7.50_5.44","vary_sd",5.44,0.6,FALSE,137,0.984151011066472,0.992663812220266,0.113284735463173,0.94,0.210773292841732,0.00851280115379405,"gamma_bin"
"gamma_bin_7.50_5.44","vary_sd",5.44,0.6,FALSE,138,1.1907508581573,1.17247562917236,0.112605666917918,0.97,0.230058921721039,-0.018275228984945,"gamma_bin"
"gamma_bin_7.50_5.44","vary_sd",5.44,0.6,FALSE,139,1.38368582408824,1.33093148767574,0.121787886404819,0.92,0.244604578311589,-0.0527543364125047,"gamma_bin"
"gamma_bin_7.50_5.44","vary_sd",5.44,0.6,FALSE,140,0.815817246340058,0.779811738023082,0.101655170973419,0.9,0.185254467109284,-0.0360055083169756,"gamma_bin"
"gamma_bin_7.50_5.44","vary_sd",5.44,0.6,FALSE,141,0.948708845408202,0.914815194503849,0.105540193801835,0.96,0.200918820279706,-0.033893650904353,"gamma_bin"
"gamma_bin_7.50_5.44","vary_sd",5.44,0.6,FALSE,142,0.887913521021147,0.884132018452474,0.108280289718913,0.97,0.19812810028338,-0.00378150256867327,"gamma_bin"
"gamma_bin_7.50_5.44","vary_sd",5.44,0.6,FALSE,143,1.33195215209727,1.31800842696463,0.135162443094351,0.92,0.243196143716698,-0.0139437251326362,"gamma_bin"
"gamma_bin_7.50_5.44","vary_sd",5.44,0.6,FALSE,144,1.33130915175386,1.33759377225812,0.132168423410451,0.93,0.243462393073492,0.00628462050426215,"gamma_bin"
"gamma_bin_7.50_5.44","vary_sd",5.44,0.6,FALSE,145,1.36040954450305,1.322426775969,0.109548854451204,0.95,0.239263843803111,-0.0379827685340499,"gamma_bin"
"gamma_bin_7.50_5.44","vary_sd",5.44,0.6,FALSE,146,1.03071516120352,0.978333541780344,0.101525246097142,0.94,0.202491661491116,-0.0523816194231763,"gamma_bin"
"gamma_bin_7.50_5.44","vary_sd",5.44,0.6,FALSE,147,1.01542687773298,0.984909172333763,0.0999271299011642,0.94,0.201566645385221,-0.0305177053992168,"gamma_bin"
"gamma_bin_7.50_5.44","vary_sd",5.44,0.6,FALSE,148,0.918038272830281,0.904669365500836,0.0952881251594367,0.96,0.192459613103166,-0.0133689073294452,"gamma_bin"
"gamma_bin_7.50_5.44","vary_sd",5.44,0.6,FALSE,149,0.795403147880171,0.811954500682108,0.0911512724873762,0.96,0.182661619336693,0.0165513528019365,"gamma_bin"
"gamma_bin_7.50_5.44","vary_sd",5.44,0.6,FALSE,150,0.947076494147123,0.989595958671171,0.0964243163358196,0.94,0.202781305180429,0.0425194645240479,"gamma_bin"
"gamma_bin_7.50_5.44","vary_sd",5.44,0.6,FALSE,151,0.838902415667924,0.869853074362523,0.107976072899758,0.92,0.190607255929516,0.0309506586945992,"gamma_bin"
"gamma_bin_7.50_5.44","vary_sd",5.44,0.6,FALSE,152,1.10280245382765,1.14199041544903,0.123590038996876,0.92,0.220011854512947,0.0391879616213768,"gamma_bin"
"gamma_bin_7.50_5.44","vary_sd",5.44,0.6,FALSE,153,1.09815440539428,1.12509130233626,0.107677519181249,0.92,0.218221890808149,0.0269368969419772,"gamma_bin"
"gamma_bin_7.50_5.44","vary_sd",5.44,0.6,FALSE,154,0.933699509626363,0.94686494215579,0.112153139681581,0.91,0.199362068265359,0.0131654325294268,"gamma_bin"
"gamma_bin_7.50_5.44","vary_sd",5.44,0.6,FALSE,155,0.677259462566555,0.69256287738461,0.0886664741264468,0.96,0.170438545482111,0.0153034148180553,"gamma_bin"
"gamma_bin_7.50_5.44","vary_sd",5.44,0.6,FALSE,156,0.794318325784725,0.79447046252005,0.103082583819426,0.92,0.184106720119592,0.000152136735325326,"gamma_bin"
"gamma_bin_7.50_5.44","vary_sd",5.44,0.6,FALSE,157,0.863129045133472,0.881049721882743,0.10599463068354,0.91,0.196113844785962,0.0179206767492714,"gamma_bin"
"gamma_bin_7.50_5.44","vary_sd",5.44,0.6,FALSE,158,1.2121292060572,1.26513179020495,0.135471793142836,0.9,0.237432789099844,0.0530025841477519,"gamma_bin"
"gamma_bin_7.50_5.44","vary_sd",5.44,0.6,FALSE,159,1.02410099479473,1.02361494008441,0.103057713247113,0.94,0.21328863764203,-0.000486054710324257,"gamma_bin"
"gamma_bin_7.50_5.44","vary_sd",5.44,0.6,FALSE,160,0.905625417711481,0.890115260664602,0.0984512124041055,0.98,0.198548505552772,-0.0155101570468789,"gamma_bin"
"gamma_bin_7.50_5.44","vary_sd",5.44,0.6,FALSE,161,0.911623484707899,0.904382931756061,0.103766432095874,0.94,0.200770413105364,-0.0072405529518379,"gamma_bin"
"gamma_bin_7.50_5.44","vary_sd",5.44,0.6,FALSE,162,0.854314364398061,0.859410415508242,0.111287005494815,0.93,0.196444654249716,0.00509605111018074,"gamma_bin"
"gamma_bin_7.50_5.44","vary_sd",5.44,0.6,FALSE,163,0.939538506142908,0.931812043403923,0.10137556531006,0.94,0.205960793235925,-0.0077264627389847,"gamma_bin"
"gamma_bin_7.50_5.44","vary_sd",5.44,0.6,FALSE,164,0.804264811038419,0.805410604664315,0.105432048656168,0.95,0.192562499114178,0.00114579362589651,"gamma_bin"
"gamma_bin_7.50_5.44","vary_sd",5.44,0.6,FALSE,165,1.00142358506205,1.03782614966449,0.111189779122125,0.96,0.22095261102577,0.0364025646024408,"gamma_bin"
"gamma_bin_7.50_5.44","vary_sd",5.44,0.6,FALSE,166,1.22258511650756,1.20115339036141,0.127742427474462,0.94,0.238419819961137,-0.0214317261461523,"gamma_bin"
"gamma_bin_7.50_5.44","vary_sd",5.44,0.6,FALSE,167,0.797785743145654,0.789908524600198,0.100167543512086,0.95,0.192823895665376,-0.00787721854545642,"gamma_bin"
"gamma_bin_7.50_5.44","vary_sd",5.44,0.6,FALSE,168,1.1498418409574,1.14422358970336,0.110539848910253,0.95,0.233195610127624,-0.00561825125404036,"gamma_bin"
"gamma_bin_7.50_5.44","vary_sd",5.44,0.6,FALSE,169,0.760349335694062,0.747603249132784,0.101282023202822,0.97,0.188146438363766,-0.0127460865612781,"gamma_bin"
"gamma_bin_7.50_5.44","vary_sd",5.44,0.6,FALSE,170,1.37423882796411,1.37339213135855,0.128338429733208,0.97,0.256912691644599,-0.000846696605562913,"gamma_bin"
"gamma_bin_7.50_5.44","vary_sd",5.44,0.6,FALSE,171,0.879916177740953,0.871362719091515,0.0891079053871192,0.97,0.203218010542964,-0.00855345864943835,"gamma_bin"
"gamma_bin_7.50_5.44","vary_sd",5.44,0.6,FALSE,172,1.40469809778524,1.37483986513196,0.124626470262045,0.95,0.255384392472786,-0.0298582326532784,"gamma_bin"
"gamma_bin_7.50_5.44","vary_sd",5.44,0.6,FALSE,173,0.919193657171105,0.884670778048633,0.0980288241328266,0.94,0.202762321885714,-0.0345228791224723,"gamma_bin"
"gamma_bin_7.50_5.44","vary_sd",5.44,0.6,FALSE,174,0.923156528563282,0.90503503661137,0.102559080516538,0.95,0.204651808110083,-0.0181214919519118,"gamma_bin"
"gamma_bin_7.50_5.44","vary_sd",5.44,0.6,FALSE,175,1.03837120055872,1.06476777307361,0.10936401468091,0.94,0.22242987231748,0.0263965725148931,"gamma_bin"
"gamma_bin_7.50_5.44","vary_sd",5.44,0.6,FALSE,176,0.998550191051843,0.994840744382301,0.108865297079323,0.95,0.21473538607921,-0.00370944666954187,"gamma_bin"
"gamma_bin_7.50_5.44","vary_sd",5.44,0.6,FALSE,177,1.0672490953256,1.06859298406323,0.108430545544591,0.98,0.222659664838638,0.00134388873762736,"gamma_bin"
"gamma_bin_7.50_5.44","vary_sd",5.44,0.6,FALSE,178,0.796488943635566,0.794512032190615,0.0862840398782552,0.97,0.191550228705511,-0.00197691144495105,"gamma_bin"
"gamma_bin_7.50_5.44","vary_sd",5.44,0.6,FALSE,179,1.19853631620291,1.22258039953692,0.110672700876435,0.97,0.239063646173756,0.024044083334011,"gamma_bin"
"gamma_bin_7.50_5.44","vary_sd",5.44,0.6,FALSE,180,1.18742234445089,1.20064468901477,0.106937215973768,0.97,0.235915903683554,0.0132223445638768,"gamma_bin"
"gamma_bin_7.50_5.44","vary_sd",5.44,0.6,FALSE,181,1.49419822100474,1.47205546367298,0.122365543399139,0.97,0.259173505724018,-0.0221427573317599,"gamma_bin"
"gamma_bin_7.50_5.44","vary_sd",5.44,0.6,FALSE,182,1.51569971274724,1.44934096705399,0.139755210820783,0.87,0.252780390472994,-0.0663587456932504,"gamma_bin"
"gamma_bin_7.50_5.44","vary_sd",5.44,0.6,FALSE,183,0.993078083144793,0.936328200180071,0.113737371619655,0.87,0.198605846503263,-0.0567498829647218,"gamma_bin"
"gamma_bin_7.50_5.44","vary_sd",5.44,0.6,FALSE,184,0.900895179433443,0.863346706264866,0.102287377992505,0.92,0.189127093492082,-0.0375484731685775,"gamma_bin"
"gamma_bin_7.50_5.44","vary_sd",5.44,0.6,FALSE,185,0.823216514722493,0.821551795866092,0.0928352622889347,0.94,0.184413684799681,-0.00166471885640096,"gamma_bin"
"gamma_bin_7.50_5.44","vary_sd",5.44,0.6,FALSE,186,1.22622352517845,1.28257828181969,0.105408800995106,0.95,0.231360253030399,0.0563547566412426,"gamma_bin"
"gamma_bin_7.50_5.44","vary_sd",5.44,0.6,FALSE,187,0.917485344129662,0.958687484647812,0.0961471028417523,0.96,0.198752166981746,0.0412021405181496,"gamma_bin"
"gamma_bin_7.50_5.44","vary_sd",5.44,0.6,FALSE,188,1.14600718978611,1.16351615736244,0.113344748886489,0.92,0.218690065026056,0.0175089675763263,"gamma_bin"
"gamma_bin_7.50_5.44","vary_sd",5.44,0.6,FALSE,189,1.15017955401154,1.1783579198064,0.106511409476714,0.95,0.218738534774871,0.028178365794862,"gamma_bin"
"gamma_bin_7.50_5.44","vary_sd",5.44,0.6,FALSE,190,1.13787761403339,1.12726668842203,0.105694572735677,0.96,0.212249235446882,-0.0106109256113558,"gamma_bin"
"gamma_bin_7.50_5.44","vary_sd",5.44,0.6,FALSE,191,1.77820774658985,1.75723367436191,0.126573424693632,0.98,0.263031517885693,-0.0209740722279377,"gamma_bin"
"gamma_bin_7.50_5.44","vary_sd",5.44,0.6,FALSE,192,1.12621869533816,1.08348706453912,0.095487227188311,0.94,0.20126343625205,-0.0427316307990417,"gamma_bin"
"gamma_bin_7.50_5.44","vary_sd",5.44,0.6,FALSE,193,1.63142687231341,1.53043364233285,0.100393195185651,0.92,0.235601168306003,-0.100993229980558,"gamma_bin"
"gamma_bin_7.50_5.44","vary_sd",5.44,0.6,FALSE,194,1.9613208229511,1.85242957588499,0.126437363838945,0.87,0.253103689485194,-0.108891247066113,"gamma_bin"
"gamma_bin_7.50_5.44","vary_sd",5.44,0.6,FALSE,195,1.62644217295684,1.54447557463203,0.116878551066117,0.89,0.22299259807447,-0.0819665983248141,"gamma_bin"
"gamma_bin_7.50_5.44","vary_sd",5.44,0.6,FALSE,196,1.22114876712024,1.13403220736586,0.095674085311018,0.85,0.184697126902693,-0.0871165597543757,"gamma_bin"
"gamma_bin_7.50_5.44","vary_sd",5.44,0.6,FALSE,197,1.08512340553335,1.03828895156175,0.0870302006804556,0.91,0.172888376156675,-0.0468344539715959,"gamma_bin"
"gamma_bin_7.50_5.44","vary_sd",5.44,0.6,FALSE,198,1.22271087570671,1.21948443634893,0.0925798181020592,0.96,0.185095787762847,-0.00322643935777545,"gamma_bin"
"gamma_bin_7.50_5.44","vary_sd",5.44,0.6,FALSE,199,1.2960340351298,1.34243480381482,0.0908384312383727,0.94,0.19162329823077,0.0464007686850154,"gamma_bin"
"gamma_bin_7.50_5.44","vary_sd",5.44,0.6,FALSE,200,1.66920711624072,1.71909265837353,0.116292057521104,0.91,0.213182711523788,0.0498855421328104,"gamma_bin"
"gamma_bin_7.50_5.44","vary_sd",5.44,0.6,FALSE,201,1.16940768861372,1.17301341406459,0.0872025549467868,0.95,0.170859023867819,0.00360572545087234,"gamma_bin"
"gamma_bin_7.50_5.44","vary_sd",5.44,0.6,FALSE,202,1.0787760344722,1.05284981224795,0.0853115044213808,0.94,0.158644110549387,-0.025926222224252,"gamma_bin"
"gamma_bin_7.50_5.44","vary_sd",5.44,0.6,FALSE,203,0.894614924502778,0.886606951747842,0.0798440981967877,0.93,0.143833384666238,-0.00800797275493648,"gamma_bin"
"gamma_bin_7.50_5.44","vary_sd",5.44,0.6,FALSE,204,0.818936942727194,0.849427609677962,0.0660194780894105,0.94,0.140302130922053,0.0304906669507685,"gamma_bin"
"gamma_bin_7.50_5.44","vary_sd",5.44,0.6,FALSE,205,0.966688195947552,1.03030334272476,0.0809362592865799,0.86,0.154794922908784,0.0636151467772097,"gamma_bin"
"gamma_bin_7.50_5.44","vary_sd",5.44,0.6,FALSE,206,0.735602657677609,0.776194788274968,0.0604472443935253,0.92,0.134457866712357,0.0405921305973587,"gamma_bin"
"gamma_bin_7.50_5.44","vary_sd",5.44,0.6,FALSE,207,0.854906249805799,0.91933340205857,0.0793027654420593,0.81,0.147222225924879,0.0644271522527708,"gamma_bin"
"gamma_bin_7.50_5.44","vary_sd",5.44,0.6,FALSE,208,1.18360616945073,1.25213947148917,0.091388012389083,0.89,0.172911361888562,0.0685333020384407,"gamma_bin"
"gamma_bin_7.50_5.44","vary_sd",5.44,0.6,FALSE,209,1.4602885501346,1.49517125180201,0.0915818822616641,0.97,0.188297303457781,0.034882701667412,"gamma_bin"
"gamma_bin_7.50_5.44","vary_sd",5.44,0.6,FALSE,210,0.828346816490767,0.805227561065998,0.0660081907937026,0.96,0.135881325252007,-0.0231192554247693,"gamma_bin"
"gamma_bin_7.50_5.44","vary_sd",5.44,0.6,FALSE,211,0.945514704257119,0.925719910853874,0.0702900093738459,0.93,0.145317630320237,-0.019794793403245,"gamma_bin"
"gamma_bin_7.50_5.44","vary_sd",5.44,0.6,FALSE,212,0.790503634328223,0.778321715058164,0.0598693819638358,0.97,0.133386796357174,-0.012181919270059,"gamma_bin"
"gamma_bin_7.50_5.44","vary_sd",5.44,0.6,FALSE,213,1.43200091428725,1.4644157176772,0.0898154868226456,0.95,0.184125695465055,0.0324148033899545,"gamma_bin"
"gamma_bin_7.50_5.44","vary_sd",5.44,0.6,FALSE,214,1.11427471246835,1.13153282945015,0.0840363743681626,0.95,0.160213587067552,0.0172581169817967,"gamma_bin"
"gamma_bin_7.50_5.44","vary_sd",5.44,0.6,FALSE,215,1.11570572194133,1.10365416277017,0.0720024754938268,0.95,0.156920605363543,-0.0120515591711641,"gamma_bin"
"gamma_bin_7.50_5.44","vary_sd",5.44,0.6,FALSE,216,1.45325455274622,1.41525551990056,0.0887444093191567,0.96,0.176298354157307,-0.037999032845655,"gamma_bin"
"gamma_bin_7.50_5.44","vary_sd",5.44,0.6,FALSE,217,1.1420513438864,1.11012863702972,0.0809882637012405,0.93,0.153580546291281,-0.0319227068566792,"gamma_bin"
"gamma_bin_7.50_5.44","vary_sd",5.44,0.6,FALSE,218,0.657956194341687,0.628271333153895,0.0600922421052206,0.89,0.114222743123209,-0.0296848611877917,"gamma_bin"
"gamma_bin_7.50_5.44","vary_sd",5.44,0.6,FALSE,219,1.37055796530381,1.38112130702089,0.0835782993354879,0.94,0.170235975779664,0.0105633417170798,"gamma_bin"
"gamma_bin_7.50_5.44","vary_sd",5.44,0.6,FALSE,220,1.1217671045533,1.13797460787727,0.082663941696326,0.95,0.153142788172203,0.0162075033239681,"gamma_bin"
"gamma_bin_7.50_5.44","vary_sd",5.44,0.6,FALSE,221,1.82148085595811,1.82157754581339,0.104879249191591,0.93,0.191968749927412,9.66898552827722e-05,"gamma_bin"
"gamma_bin_7.50_5.44","vary_sd",5.44,0.6,FALSE,222,1.47820728190538,1.4232131969621,0.0841366680117275,0.92,0.164966395629094,-0.0549940849432842,"gamma_bin"
"gamma_bin_7.50_5.44","vary_sd",5.44,0.6,FALSE,223,1.22912323671868,1.13574623847586,0.0734397153025302,0.75,0.143620394688984,-0.0933769982428159,"gamma_bin"
"gamma_bin_7.50_5.44","vary_sd",5.44,0.6,FALSE,224,1.39166921706407,1.30915271025255,0.0765031044004945,0.81,0.151529578212161,-0.0825165068115177,"gamma_bin"
"gamma_bin_7.50_5.44","vary_sd",5.44,0.6,FALSE,225,1.02692395020016,0.983480406851801,0.0710145639979363,0.9,0.128945676247647,-0.0434435433483592,"gamma_bin"
"gamma_bin_7.50_5.44","vary_sd",5.44,0.6,FALSE,226,0.944469227223,0.949780311553737,0.0668809143003782,0.95,0.125540697167429,0.00531108433073735,"gamma_bin"
"gamma_bin_7.50_5.44","vary_sd",5.44,0.6,FALSE,227,0.882935394281871,0.908934135660622,0.0624258453193228,0.92,0.122282336065777,0.0259987413787512,"gamma_bin"
"gamma_bin_7.50_5.44","vary_sd",5.44,0.6,FALSE,228,1.25451332375843,1.31850892214554,0.0701661806809589,0.89,0.147398591996455,0.0639955983871141,"gamma_bin"
"gamma_bin_7.50_5.44","vary_sd",5.44,0.6,FALSE,229,1.46482234027448,1.52386317337986,0.077904523684767,0.89,0.156977774731539,0.0590408331053773,"gamma_bin"
"gamma_bin_7.50_5.44","vary_sd",5.44,0.6,FALSE,230,1.51066180760486,1.50066000067128,0.0742375148023906,0.97,0.152681791035242,-0.0100018069335834,"gamma_bin"
"gamma_bin_7.50_5.44","vary_sd",5.44,0.6,FALSE,231,1.76123960010775,1.69138601781615,0.084677130289692,0.85,0.158199376186819,-0.0698535822915969,"gamma_bin"
"gamma_bin_7.50_5.44","vary_sd",5.44,0.6,FALSE,232,1.40610248726795,1.30004583565475,0.0694206964505058,0.68,0.134252237802935,-0.106056651613198,"gamma_bin"
"gamma_bin_7.50_5.44","vary_sd",5.44,0.6,FALSE,233,1.50839208568838,1.40145811632178,0.0622575366130085,0.7,0.135910646178611,-0.106933969366603,"gamma_bin"
"gamma_bin_7.50_5.44","vary_sd",5.44,0.6,FALSE,234,2.14809922234943,2.03010245166279,0.0847449349919122,0.68,0.159584517896982,-0.11799677068664,"gamma_bin"
"gamma_bin_7.50_5.44","vary_sd",5.44,0.6,FALSE,235,1.77316147702833,1.6808468082123,0.0783764032102777,0.76,0.139236533466785,-0.0923146688160259,"gamma_bin"
"gamma_bin_7.50_5.44","vary_sd",5.44,0.6,FALSE,236,1.73482506410384,1.6015448612199,0.0755335877038355,0.47,0.130573099071155,-0.133280202883943,"gamma_bin"
"gamma_bin_7.50_5.44","vary_sd",5.44,0.6,FALSE,237,1.62267353351007,1.51139784521256,0.0628879019610696,0.64,0.122182229764705,-0.111275688297505,"gamma_bin"
"gamma_bin_7.50_5.44","vary_sd",5.44,0.6,FALSE,238,1.18124992154851,1.12768419859076,0.0542143847851366,0.83,0.102013100611433,-0.0535657229577498,"gamma_bin"
"gamma_bin_7.50_5.44","vary_sd",5.44,0.6,FALSE,239,1.18465305674865,1.17159783575261,0.0568070421898893,0.92,0.10173485815092,-0.01305522099604,"gamma_bin"
"gamma_bin_7.50_5.44","vary_sd",5.44,0.6,FALSE,240,1.4168407618799,1.45790320790496,0.0541610749953189,0.91,0.111627206316485,0.0410624460250593,"gamma_bin"
"gamma_bin_7.50_5.44","vary_sd",5.44,0.6,FALSE,241,1.25636383468336,1.28813860570482,0.0506705241302804,0.88,0.102593436405155,0.0317747710214586,"gamma_bin"
"gamma_bin_7.50_5.44","vary_sd",5.44,0.6,FALSE,242,1.12127216596798,1.1480120735737,0.0506364421141546,0.91,0.094907635011492,0.0267399076057198,"gamma_bin"
"gamma_bin_7.50_5.44","vary_sd",5.44,0.6,FALSE,243,1.35468577162437,1.3904957886619,0.0613391088129365,0.85,0.102926808134248,0.0358100170375266,"gamma_bin"
"gamma_bin_7.50_5.44","vary_sd",5.44,0.6,FALSE,244,1.01073025572083,1.0349015968353,0.0450445124592382,0.93,0.0870699442521903,0.0241713411144664,"gamma_bin"
"gamma_bin_7.50_5.44","vary_sd",5.44,0.6,FALSE,245,1.09869262296579,1.1219193368912,0.0425474635496537,0.94,0.089627564821372,0.0232267139254068,"gamma_bin"
"gamma_bin_7.50_5.44","vary_sd",5.44,0.6,FALSE,246,1.01867243248783,1.04291021927116,0.0422994866255404,0.93,0.0855184121365865,0.024237786783325,"gamma_bin"
"gamma_bin_7.50_5.44","vary_sd",5.44,0.6,FALSE,247,0.933300548697082,0.963793628257667,0.0416910447268513,0.91,0.0816828795848704,0.0304930795605853,"gamma_bin"
"gamma_bin_7.50_5.44","vary_sd",5.44,0.6,FALSE,248,1.07521131224965,1.12131622803146,0.0429555688705719,0.85,0.0878479694130575,0.0461049157818141,"gamma_bin"
"gamma_bin_7.50_5.44","vary_sd",5.44,0.6,FALSE,249,1.30368079751671,1.35082323515666,0.0494940734105732,0.85,0.0958902497630084,0.0471424376399474,"gamma_bin"
"gamma_bin_7.50_5.44","vary_sd",5.44,0.6,FALSE,250,1.41725036624756,1.43979572777442,0.0502174202634312,0.92,0.0977100596721366,0.022545361526864,"gamma_bin"
"gamma_bin_7.50_5.44","vary_sd",5.44,0.6,FALSE,251,1.14473843834061,1.11398815902133,0.0439024838023638,0.85,0.0843056176197213,-0.0307502793192835,"gamma_bin"
"gamma_bin_7.50_5.44","vary_sd",5.44,0.6,FALSE,252,1.28957905264017,1.25121311205341,0.0462240029834104,0.87,0.0881309561796187,-0.0383659405867574,"gamma_bin"
"gamma_bin_7.50_5.44","vary_sd",5.44,0.6,FALSE,253,1.41164181175606,1.36677758376769,0.0417938881466681,0.86,0.0907626814769596,-0.044864227988368,"gamma_bin"
"gamma_bin_9.00_3.40","vary_mean",9,0.2,FALSE,15,1.02510010675531,1.11610501682783,0.025012222810025,0.11,0.0606274275832654,0.0910049100725239,"gamma_bin"
"gamma_bin_9.00_3.40","vary_mean",9,0.2,FALSE,16,1.25252014867933,1.35749454423057,0.0303307385347802,0.1,0.0648072325448723,0.104974395551238,"gamma_bin"
"gamma_bin_9.00_3.40","vary_mean",9,0.2,FALSE,17,1.21525733695915,1.29506968749493,0.032598004995784,0.28,0.0616293997441128,0.0798123505357788,"gamma_bin"
"gamma_bin_9.00_3.40","vary_mean",9,0.2,FALSE,18,0.979230198394809,1.02304568595117,0.0255563392927448,0.66,0.0536056307923093,0.043815487556362,"gamma_bin"
"gamma_bin_9.00_3.40","vary_mean",9,0.2,FALSE,19,1.02544833790337,1.06243104155111,0.030072639690331,0.66,0.0537331851256009,0.0369827036477393,"gamma_bin"
"gamma_bin_9.00_3.40","vary_mean",9,0.2,FALSE,20,1.03933643277786,1.07034203553375,0.0222741178399783,0.81,0.0532671047900408,0.0310056027558931,"gamma_bin"
"gamma_bin_9.00_3.40","vary_mean",9,0.2,FALSE,21,1.31704644033967,1.34058582566,0.029082463890157,0.89,0.0590577567341451,0.0235393853203258,"gamma_bin"
"gamma_bin_9.00_3.40","vary_mean",9,0.2,FALSE,22,1.01626238281987,1.02563694004096,0.0270486073232478,0.93,0.0513116609098502,0.0093745572210866,"gamma_bin"
"gamma_bin_9.00_3.40","vary_mean",9,0.2,FALSE,23,0.750219977978433,0.760741032531783,0.0197612289793228,0.94,0.0439769112352589,0.0105210545533498,"gamma_bin"
"gamma_bin_9.00_3.40","vary_mean",9,0.2,FALSE,24,0.68680573053247,0.699488959713876,0.0218402710172658,0.9,0.0419721842179082,0.0126832291814062,"gamma_bin"
"gamma_bin_9.00_3.40","vary_mean",9,0.2,FALSE,25,1.09137562864791,1.10616729381904,0.0262795932118071,0.92,0.0525221154703874,0.0147916651711304,"gamma_bin"
"gamma_bin_9.00_3.40","vary_mean",9,0.2,FALSE,26,0.741057834922739,0.742119472825297,0.0230079486848765,0.93,0.0428725333371712,0.0010616379025582,"gamma_bin"
"gamma_bin_9.00_3.40","vary_mean",9,0.2,FALSE,27,0.768534353981288,0.754967803615187,0.0215699270914017,0.92,0.0432647411809504,-0.0135665503661007,"gamma_bin"
"gamma_bin_9.00_3.40","vary_mean",9,0.2,FALSE,28,0.752768210408917,0.730456263852601,0.0238931809921978,0.8,0.0427631129077379,-0.0223119465563161,"gamma_bin"
"gamma_bin_9.00_3.40","vary_mean",9,0.2,FALSE,29,0.700189279957523,0.676246050182998,0.0193563362027445,0.78,0.0414950024105795,-0.0239432297745252,"gamma_bin"
"gamma_bin_9.00_3.40","vary_mean",9,0.2,FALSE,30,0.555240242382622,0.530032333533332,0.0197655890851511,0.76,0.0371492348432338,-0.0252079088492896,"gamma_bin"
"gamma_bin_9.00_3.40","vary_mean",9,0.2,FALSE,31,0.584450640057208,0.556236573764383,0.0192863024087599,0.71,0.038583788599418,-0.0282140662928247,"gamma_bin"
"gamma_bin_9.00_3.40","vary_mean",9,0.2,FALSE,32,0.680297862250013,0.636311140323135,0.0193587727315166,0.53,0.0419520509413307,-0.0439867219268777,"gamma_bin"
"gamma_bin_9.00_3.40","vary_mean",9,0.2,FALSE,33,0.95896579009836,0.888241601051913,0.0248043181968,0.22,0.050557468906189,-0.0707241890464467,"gamma_bin"
"gamma_bin_9.00_3.40","vary_mean",9,0.2,FALSE,34,1.26713544933213,1.15911727774337,0.0300694244867314,0.1,0.0591391829287058,-0.108018171588763,"gamma_bin"
"gamma_bin_9.00_3.40","vary_mean",9,0.2,FALSE,35,1.32835487275134,1.21372581918709,0.032037499911508,0.06,0.0621438405290073,-0.114629053564246,"gamma_bin"
"gamma_bin_9.00_3.40","vary_mean",9,0.2,FALSE,36,0.820532179912435,0.769930491257076,0.0260940168770575,0.53,0.0507889488825187,-0.050601688655359,"gamma_bin"
"gamma_bin_9.00_3.40","vary_mean",9,0.2,FALSE,37,0.605066948223753,0.590692163286752,0.0256936681924627,0.89,0.0453568885766542,-0.0143747849370007,"gamma_bin"
"gamma_bin_9.00_3.40","vary_mean",9,0.2,FALSE,38,0.480613317476216,0.486805667946532,0.0209323932569713,0.93,0.0415441443937972,0.00619235047031574,"gamma_bin"
"gamma_bin_9.00_3.40","vary_mean",9,0.2,FALSE,39,0.729684595490469,0.74807916589009,0.0288745930797076,0.83,0.0515019652515627,0.0183945703996208,"gamma_bin"
"gamma_bin_9.00_3.40","vary_mean",9,0.2,FALSE,40,0.815117093248404,0.816868158541516,0.0289550268076919,0.96,0.0537157710153022,0.00175106529311209,"gamma_bin"
"gamma_bin_9.00_3.40","vary_mean",9,0.2,FALSE,41,0.615435524003123,0.592920702083537,0.0230734601456428,0.87,0.0459166268286157,-0.0225148219195862,"gamma_bin"
"gamma_bin_9.00_3.40","vary_mean",9,0.2,FALSE,42,0.771681049543453,0.721763108822123,0.0237890168050294,0.5,0.0512593888675117,-0.0499179407213299,"gamma_bin"
"gamma_bin_9.00_3.40","vary_mean",9,0.2,FALSE,43,0.638637642797715,0.588690252710907,0.026442912994028,0.45,0.0471767691061479,-0.049947390086808,"gamma_bin"
"gamma_bin_9.00_3.40","vary_mean",9,0.2,FALSE,44,0.502607638572081,0.466604631349145,0.0240148215281573,0.61,0.0429938222746843,-0.0360030072229362,"gamma_bin"
"gamma_bin_9.00_3.40","vary_mean",9,0.2,FALSE,45,0.419348773276434,0.390809822860019,0.0186137071778523,0.76,0.0403529168235605,-0.0285389504164154,"gamma_bin"
"gamma_bin_9.00_3.40","vary_mean",9,0.2,FALSE,46,0.532523289397014,0.493411529492653,0.0241840048693171,0.66,0.046513345236467,-0.0391117599043606,"gamma_bin"
"gamma_bin_9.00_3.40","vary_mean",9,0.2,FALSE,47,0.748164536979726,0.685805159928589,0.0254894786780811,0.4,0.0563287567157841,-0.0623593770511371,"gamma_bin"
"gamma_bin_9.00_3.40","vary_mean",9,0.2,FALSE,48,0.699597036363356,0.627236635954026,0.0266475594626406,0.28,0.0554897726033646,-0.0723604004093297,"gamma_bin"
"gamma_bin_9.00_3.40","vary_mean",9,0.2,FALSE,49,0.840634610500807,0.753674533455837,0.0293981389246512,0.25,0.0628976188078125,-0.0869600770449696,"gamma_bin"
"gamma_bin_9.00_3.40","vary_mean",9,0.2,FALSE,50,0.605572567510499,0.544468747882124,0.0242684586261181,0.44,0.0554133320943617,-0.0611038196283755,"gamma_bin"
"gamma_bin_9.00_3.40","vary_mean",9,0.2,FALSE,51,0.551154795645625,0.500815384196242,0.0254989046386349,0.59,0.055045721653531,-0.0503394114493829,"gamma_bin"
"gamma_bin_9.00_3.40","vary_mean",9,0.2,FALSE,52,0.382419782215341,0.351784650323441,0.0269333645049811,0.74,0.0476000449243764,-0.0306351318918996,"gamma_bin"
"gamma_bin_9.00_3.40","vary_mean",9,0.2,FALSE,53,0.67605453850849,0.626186291257917,0.0349619907662253,0.68,0.0652757260555033,-0.0498682472505726,"gamma_bin"
"gamma_bin_9.00_3.40","vary_mean",9,0.2,FALSE,54,0.67389745281474,0.62940343286136,0.0339713078394486,0.79,0.0671168213937928,-0.0444940199533801,"gamma_bin"
"gamma_bin_9.00_3.40","vary_mean",9,0.2,FALSE,55,0.928654307802489,0.849400711185786,0.0412108489127294,0.57,0.080064358907589,-0.0792535966167031,"gamma_bin"
"gamma_bin_9.00_3.40","vary_mean",9,0.2,FALSE,56,0.750444909156983,0.681758740106068,0.040283473315208,0.55,0.0738914343802089,-0.0686861690509154,"gamma_bin"
"gamma_bin_9.00_3.40","vary_mean",9,0.2,FALSE,57,0.713559496047443,0.643179530269439,0.0381588827362218,0.53,0.0741025761409471,-0.0703799657780037,"gamma_bin"
"gamma_bin_9.00_3.40","vary_mean",9,0.2,FALSE,58,0.492127182876667,0.455270794341793,0.0346242562659933,0.8,0.0642839239233772,-0.036856388534874,"gamma_bin"
"gamma_bin_9.00_3.40","vary_mean",9,0.2,FALSE,59,0.488121905081673,0.459369966934701,0.0334074917575678,0.88,0.0663267078632541,-0.0287519381469717,"gamma_bin"
"gamma_bin_9.00_3.40","vary_mean",9,0.2,FALSE,60,0.671861168143052,0.638936318840436,0.0387422520942359,0.87,0.0800043806408772,-0.0329248493026159,"gamma_bin"
"gamma_bin_9.00_3.40","vary_mean",9,0.2,FALSE,61,0.791762464983911,0.740346919796852,0.0430786463867538,0.82,0.0879476693186709,-0.051415545187059,"gamma_bin"
"gamma_bin_9.00_3.40","vary_mean",9,0.2,FALSE,62,0.652922492639065,0.598576626429403,0.0428287690660602,0.78,0.0809207407129073,-0.0543458662096615,"gamma_bin"
"gamma_bin_9.00_3.40","vary_mean",9,0.2,FALSE,63,0.613891069127135,0.55995571517054,0.0383510611381399,0.76,0.0803872617630253,-0.0539353539565948,"gamma_bin"
"gamma_bin_9.00_3.40","vary_mean",9,0.2,FALSE,64,0.747174650317661,0.683793314735665,0.0461473776314979,0.76,0.091431551269361,-0.0633813355819959,"gamma_bin"
"gamma_bin_9.00_3.40","vary_mean",9,0.2,FALSE,65,0.706701130088712,0.650522177649882,0.0496917119593121,0.76,0.0918277565781751,-0.0561789524388296,"gamma_bin"
"gamma_bin_9.00_3.40","vary_mean",9,0.2,FALSE,66,0.51187393654748,0.478654728381462,0.0402015550262545,0.88,0.081032932945883,-0.0332192081660179,"gamma_bin"
"gamma_bin_9.00_3.40","vary_mean",9,0.2,FALSE,67,0.670601402325688,0.618577576815015,0.0482977315189841,0.81,0.0946188761430487,-0.0520238255106731,"gamma_bin"
"gamma_bin_9.00_3.40","vary_mean",9,0.2,FALSE,68,1.17253163081397,1.08741631730619,0.0680398906788639,0.76,0.128712871888993,-0.0851153135077773,"gamma_bin"
"gamma_bin_9.00_3.40","vary_mean",9,0.2,FALSE,69,1.09882955126721,1.00873987321025,0.072211914408346,0.72,0.127128546035737,-0.0900896780569604,"gamma_bin"
"gamma_bin_9.00_3.40","vary_mean",9,0.2,FALSE,70,0.864010024055233,0.800484525288383,0.0592226241168773,0.83,0.116128147508566,-0.06352549876685,"gamma_bin"
"gamma_bin_9.00_3.40","vary_mean",9,0.2,FALSE,71,0.715098113998147,0.679418404411931,0.0595125615894106,0.9,0.109384377756788,-0.0356797095862164,"gamma_bin"
"gamma_bin_9.00_3.40","vary_mean",9,0.2,FALSE,72,0.5778146754347,0.57343342392151,0.0527558847791256,0.95,0.102165093834762,-0.00438125151318958,"gamma_bin"
"gamma_bin_9.00_3.40","vary_mean",9,0.2,FALSE,73,0.968098548670386,0.96545652646436,0.0609949053260807,0.99,0.133922491129979,-0.0026420222060265,"gamma_bin"
"gamma_bin_9.00_3.40","vary_mean",9,0.2,FALSE,74,0.655349167508219,0.647113422699307,0.0573315556030108,0.93,0.110301311028989,-0.00823574480891176,"gamma_bin"
"gamma_bin_9.00_3.40","vary_mean",9,0.2,FALSE,75,0.59977224361632,0.581559561083444,0.0536908719430777,0.93,0.105323493818307,-0.0182126825328764,"gamma_bin"
"gamma_bin_9.00_3.40","vary_mean",9,0.2,FALSE,76,0.795810456805532,0.76495822823562,0.0606582363767146,0.93,0.122090191596475,-0.0308522285699119,"gamma_bin"
"gamma_bin_9.00_3.40","vary_mean",9,0.2,FALSE,77,0.873668877519834,0.823556196025219,0.062239526857986,0.89,0.12851087737677,-0.0501126814946148,"gamma_bin"
"gamma_bin_9.00_3.40","vary_mean",9,0.2,FALSE,78,0.655524310026793,0.617158738863684,0.0660619727555872,0.86,0.113220176241053,-0.0383655711631092,"gamma_bin"
"gamma_bin_9.00_3.40","vary_mean",9,0.2,FALSE,79,0.810623636163075,0.766743315545502,0.0687176318309883,0.88,0.128830302972694,-0.0438803206175729,"gamma_bin"
"gamma_bin_9.00_3.40","vary_mean",9,0.2,FALSE,80,0.610456557383718,0.571197470200492,0.0507039389385831,0.92,0.113606745198231,-0.0392590871832257,"gamma_bin"
"gamma_bin_9.00_3.40","vary_mean",9,0.2,FALSE,81,0.859858611274139,0.813986517758312,0.0726863208537857,0.91,0.13844971769649,-0.0458720935158274,"gamma_bin"
"gamma_bin_9.00_3.40","vary_mean",9,0.2,FALSE,82,0.71793472208637,0.681216583994915,0.0621504222824236,0.93,0.129143581288216,-0.0367181380914546,"gamma_bin"
"gamma_bin_9.00_3.40","vary_mean",9,0.2,FALSE,83,0.992203959261976,0.933704386046473,0.0770656937239605,0.9,0.154143628494605,-0.0584995732155028,"gamma_bin"
"gamma_bin_9.00_3.40","vary_mean",9,0.2,FALSE,84,1.12541562776308,1.05762063279833,0.091796261098734,0.87,0.167181765305094,-0.0677949949647549,"gamma_bin"
"gamma_bin_9.00_3.40","vary_mean",9,0.2,FALSE,85,0.719081428835968,0.689966720832226,0.0772665334678981,0.9,0.137498523859176,-0.0291147080037425,"gamma_bin"
"gamma_bin_9.00_3.40","vary_mean",9,0.2,FALSE,86,0.84752493125734,0.825301445420811,0.072464581848177,0.95,0.152988174945289,-0.0222234858365286,"gamma_bin"
"gamma_bin_9.00_3.40","vary_mean",9,0.2,FALSE,87,0.855021916180829,0.83965859360171,0.0813144775018272,0.94,0.156269460933237,-0.0153633225791191,"gamma_bin"
"gamma_bin_9.00_3.40","vary_mean",9,0.2,FALSE,88,1.05231211723794,1.04759938974462,0.0909948776196862,0.95,0.176123840651743,-0.00471272749332385,"gamma_bin"
"gamma_bin_9.00_3.40","vary_mean",9,0.2,FALSE,89,0.736245763604483,0.729358378392341,0.080343792084346,0.94,0.14792856652509,-0.00688738521214172,"gamma_bin"
"gamma_bin_9.00_3.40","vary_mean",9,0.2,FALSE,90,0.910435800275709,0.90976085384482,0.0827115327393382,0.96,0.166396007857429,-0.000674946430889167,"gamma_bin"
"gamma_bin_9.00_3.40","vary_mean",9,0.2,FALSE,91,0.875373992276142,0.87040137060176,0.0847553596323899,0.93,0.163802386475264,-0.0049726216743825,"gamma_bin"
"gamma_bin_9.00_3.40","vary_mean",9,0.2,FALSE,92,1.13308580158326,1.09868645097744,0.0870771479055728,0.94,0.185442142225135,-0.0343993506058196,"gamma_bin"
"gamma_bin_9.00_3.40","vary_mean",9,0.2,FALSE,93,0.779622317935819,0.772603963491229,0.0838635084074672,0.95,0.156640438975121,-0.00701835444459031,"gamma_bin"
"gamma_bin_9.00_3.40","vary_mean",9,0.2,FALSE,94,0.738590807925372,0.720014695752898,0.0801818573598206,0.95,0.152326478593043,-0.0185761121724745,"gamma_bin"
"gamma_bin_9.00_3.40","vary_mean",9,0.2,FALSE,95,0.736386067431423,0.738151211407864,0.0861673787271728,0.91,0.155296628952828,0.00176514397644101,"gamma_bin"
"gamma_bin_9.00_3.40","vary_mean",9,0.2,FALSE,96,0.940470991453404,0.936778776178685,0.092862027796307,0.93,0.176009581711324,-0.00369221527471852,"gamma_bin"
"gamma_bin_9.00_3.40","vary_mean",9,0.2,FALSE,97,0.92681020267862,0.916934707619265,0.0857529484746757,0.95,0.17534371103905,-0.00987549505935481,"gamma_bin"
"gamma_bin_9.00_3.40","vary_mean",9,0.2,FALSE,98,0.805264800704658,0.789268228846449,0.0820256173613726,0.94,0.164128184474507,-0.0159965718582095,"gamma_bin"
"gamma_bin_9.00_3.40","vary_mean",9,0.2,FALSE,99,0.96897608307621,0.956123002823473,0.100376504962563,0.94,0.182591560597042,-0.0128530802527369,"gamma_bin"
"gamma_bin_9.00_3.40","vary_mean",9,0.2,FALSE,100,0.483332995262756,0.474344343273014,0.0668596700450442,0.97,0.130109150850278,-0.00898865198974191,"gamma_bin"
"gamma_bin_9.00_3.40","vary_mean",9,0.2,FALSE,101,0.66077716283239,0.655562261398778,0.0815549243333157,0.96,0.154700928487951,-0.00521490143361159,"gamma_bin"
"gamma_bin_9.00_3.40","vary_mean",9,0.2,FALSE,102,0.655745239910364,0.637920914111126,0.0714054346220371,0.97,0.15411621302449,-0.017824325799238,"gamma_bin"
"gamma_bin_9.00_3.40","vary_mean",9,0.2,FALSE,103,1.19599908198214,1.14125817077745,0.0967745683269761,0.94,0.208563131417172,-0.0547409112046904,"gamma_bin"
"gamma_bin_9.00_3.40","vary_mean",9,0.2,FALSE,104,1.52020654998133,1.42706513516097,0.115694942198992,0.86,0.236586176338684,-0.0931414148203589,"gamma_bin"
"gamma_bin_9.00_3.40","vary_mean",9,0.2,FALSE,105,1.10303826313934,1.04282986507656,0.108638401337749,0.91,0.205853039708092,-0.0602083980627754,"gamma_bin"
"gamma_bin_9.00_3.40","vary_mean",9,0.2,FALSE,106,0.895258886773757,0.86772680569175,0.0947657063652464,0.98,0.191178979056464,-0.0275320810820066,"gamma_bin"
"gamma_bin_9.00_3.40","vary_mean",9,0.2,FALSE,107,0.603016892421566,0.602572925497921,0.0796685928832119,0.91,0.161046841235152,-0.000443966923644901,"gamma_bin"
"gamma_bin_9.00_3.40","vary_mean",9,0.2,FALSE,108,1.07762321196894,1.11088408965388,0.117513272226524,0.91,0.21906126151097,0.0332608776849439,"gamma_bin"
"gamma_bin_9.00_3.40","vary_mean",9,0.2,FALSE,109,1.67936751135944,1.73949424504288,0.166192135240944,0.87,0.272707569063458,0.060126733683443,"gamma_bin"
"gamma_bin_9.00_3.40","vary_mean",9,0.2,FALSE,110,0.778512854791425,0.799824320025186,0.0883316591456713,0.94,0.183871644729618,0.0213114652337612,"gamma_bin"
"gamma_bin_9.00_3.40","vary_mean",9,0.2,FALSE,111,0.992005341124613,0.986717334846188,0.0992481904293558,0.95,0.203497929837129,-0.00528800627842507,"gamma_bin"
"gamma_bin_9.00_3.40","vary_mean",9,0.2,FALSE,112,1.07688074493023,1.09158402881466,0.116521245390562,0.92,0.21341890837212,0.0147032838844292,"gamma_bin"
"gamma_bin_9.00_3.40","vary_mean",9,0.2,FALSE,113,0.702400819858529,0.730569424550455,0.0865883668947946,0.95,0.173800161520335,0.0281686046919265,"gamma_bin"
"gamma_bin_9.00_3.40","vary_mean",9,0.2,FALSE,114,0.976066509197994,0.992897672458964,0.110958402159588,0.94,0.201587612024682,0.0168311632609704,"gamma_bin"
"gamma_bin_9.00_3.40","vary_mean",9,0.2,FALSE,115,1.23867756628513,1.24144250896933,0.123400097622436,0.95,0.2243839374662,0.00276494268419714,"gamma_bin"
"gamma_bin_9.00_3.40","vary_mean",9,0.2,FALSE,116,1.16180338965973,1.15870828441352,0.10677867357288,0.97,0.216498443534309,-0.00309510524620982,"gamma_bin"
"gamma_bin_9.00_3.40","vary_mean",9,0.2,FALSE,117,1.19462029108814,1.18054322818185,0.115317205013889,0.94,0.218844634486876,-0.0140770629062934,"gamma_bin"
"gamma_bin_9.00_3.40","vary_mean",9,0.2,FALSE,118,1.16321995780671,1.15365194700913,0.112407574477274,0.96,0.216891968003736,-0.00956801079757907,"gamma_bin"
"gamma_bin_9.00_3.40","vary_mean",9,0.2,FALSE,119,1.07032628214879,1.0894808132041,0.103262481168451,0.94,0.210798110473585,0.0191545310553121,"gamma_bin"
"gamma_bin_9.00_3.40","vary_mean",9,0.2,FALSE,120,0.877757633134012,0.898907945545677,0.0867062760857245,0.94,0.190767867260178,0.0211503124116653,"gamma_bin"
"gamma_bin_9.00_3.40","vary_mean",9,0.2,FALSE,121,1.36755731263547,1.41719271128685,0.11982508889011,0.92,0.237697464813721,0.0496353986513809,"gamma_bin"
"gamma_bin_9.00_3.40","vary_mean",9,0.2,FALSE,122,0.835796444244159,0.874437181391621,0.0925934465193347,0.94,0.185071567946352,0.038640737147462,"gamma_bin"
"gamma_bin_9.00_3.40","vary_mean",9,0.2,FALSE,123,1.26724551805682,1.29343123974452,0.102076876402717,0.97,0.223196723257973,0.0261857216876966,"gamma_bin"
"gamma_bin_9.00_3.40","vary_mean",9,0.2,FALSE,124,0.969129898643769,0.990509387298617,0.0871823744710456,0.97,0.193882736637442,0.0213794886548481,"gamma_bin"
"gamma_bin_9.00_3.40","vary_mean",9,0.2,FALSE,125,0.847338782890042,0.868305987945832,0.0815308842661214,0.96,0.180509822149093,0.0209672050557902,"gamma_bin"
"gamma_bin_9.00_3.40","vary_mean",9,0.2,FALSE,126,0.715564882412269,0.737717823088235,0.0806970089918757,0.96,0.165439125410494,0.0221529406759663,"gamma_bin"
"gamma_bin_9.00_3.40","vary_mean",9,0.2,FALSE,127,0.94782383341486,0.959859356908948,0.0947054849485749,0.94,0.187832306893072,0.0120355234940878,"gamma_bin"
"gamma_bin_9.00_3.40","vary_mean",9,0.2,FALSE,128,0.685081694959754,0.686353248526475,0.073769390886983,0.96,0.15848637030794,0.00127155356672071,"gamma_bin"
"gamma_bin_9.00_3.40","vary_mean",9,0.2,FALSE,129,0.940719567434955,0.925615958235491,0.0947866847152764,0.92,0.184306907870743,-0.0151036091994644,"gamma_bin"
"gamma_bin_9.00_3.40","vary_mean",9,0.2,FALSE,130,0.882735861931285,0.85141334674749,0.086167805356752,0.96,0.177716275093325,-0.0313225151837945,"gamma_bin"
"gamma_bin_9.00_3.40","vary_mean",9,0.2,FALSE,131,0.908592867608554,0.885682374292325,0.099120386563828,0.95,0.18302983011031,-0.0229104933162293,"gamma_bin"
"gamma_bin_9.00_3.40","vary_mean",9,0.2,FALSE,132,0.919571358645804,0.867290981138748,0.0892353415968937,0.93,0.183242345558051,-0.0522803775070556,"gamma_bin"
"gamma_bin_9.00_3.40","vary_mean",9,0.2,FALSE,133,0.772870216905444,0.736622040222287,0.0934540380159375,0.92,0.170955329536278,-0.0362481766831575,"gamma_bin"
"gamma_bin_9.00_3.40","vary_mean",9,0.2,FALSE,134,0.850110615604727,0.816576017820866,0.0794341544613908,0.96,0.182299814374563,-0.0335345977838607,"gamma_bin"
"gamma_bin_9.00_3.40","vary_mean",9,0.2,FALSE,135,0.784750966748685,0.761472462308312,0.102087384866966,0.9,0.177635177899819,-0.0232785044403735,"gamma_bin"
"gamma_bin_9.00_3.40","vary_mean",9,0.2,FALSE,136,0.974669466757976,0.959082834652576,0.100321004983499,0.96,0.201392314176583,-0.0155866321054001,"gamma_bin"
"gamma_bin_9.00_3.40","vary_mean",9,0.2,FALSE,137,0.984151011066472,0.957429929897473,0.112008847793643,0.94,0.203245998119223,-0.0267210811689987,"gamma_bin"
"gamma_bin_9.00_3.40","vary_mean",9,0.2,FALSE,138,1.1907508581573,1.14469987893856,0.109121075742806,0.95,0.224617759054691,-0.0460509792187447,"gamma_bin"
"gamma_bin_9.00_3.40","vary_mean",9,0.2,FALSE,139,1.38368582408824,1.33399519523491,0.120516953980496,0.95,0.245188108035767,-0.0496906288533348,"gamma_bin"
"gamma_bin_9.00_3.40","vary_mean",9,0.2,FALSE,140,0.815817246340058,0.812434026926302,0.102448548857969,0.95,0.193064723324982,-0.00338321941375619,"gamma_bin"
"gamma_bin_9.00_3.40","vary_mean",9,0.2,FALSE,141,0.948708845408202,0.96140106554265,0.111245290626853,0.96,0.211157246894984,0.0126922201344482,"gamma_bin"
"gamma_bin_9.00_3.40","vary_mean",9,0.2,FALSE,142,0.887913521021147,0.92232454716851,0.115075070208727,0.9,0.206667679209459,0.0344110261473626,"gamma_bin"
"gamma_bin_9.00_3.40","vary_mean",9,0.2,FALSE,143,1.33195215209727,1.34609006707003,0.135332761954177,0.92,0.248415473746978,0.0141379149727587,"gamma_bin"
"gamma_bin_9.00_3.40","vary_mean",9,0.2,FALSE,144,1.33130915175386,1.36814522149249,0.139111121067725,0.9,0.248988148292527,0.0368360697386325,"gamma_bin"
"gamma_bin_9.00_3.40","vary_mean",9,0.2,FALSE,145,1.36040954450305,1.37577160367087,0.116661132138454,0.95,0.248872509737508,0.0153620591678167,"gamma_bin"
"gamma_bin_9.00_3.40","vary_mean",9,0.2,FALSE,146,1.03071516120352,1.04307726824239,0.10920819645437,0.94,0.215878248388723,0.0123621070388693,"gamma_bin"
"gamma_bin_9.00_3.40","vary_mean",9,0.2,FALSE,147,1.01542687773298,1.05429983000074,0.106420635635995,0.93,0.215778526204192,0.0388729522677629,"gamma_bin"
"gamma_bin_9.00_3.40","vary_mean",9,0.2,FALSE,148,0.918038272830281,0.956945085863554,0.100609913137933,0.93,0.203591195750343,0.038906813033273,"gamma_bin"
"gamma_bin_9.00_3.40","vary_mean",9,0.2,FALSE,149,0.795403147880171,0.836232061712567,0.0963238442048683,0.96,0.188097637012289,0.0408289138323963,"gamma_bin"
"gamma_bin_9.00_3.40","vary_mean",9,0.2,FALSE,150,0.947076494147123,0.981963618157956,0.0967500983694422,0.94,0.201220243643674,0.0348871240108325,"gamma_bin"
"gamma_bin_9.00_3.40","vary_mean",9,0.2,FALSE,151,0.838902415667924,0.841780280832481,0.104987371092923,0.93,0.184471356822922,0.0028778651645569,"gamma_bin"
"gamma_bin_9.00_3.40","vary_mean",9,0.2,FALSE,152,1.10280245382765,1.0840149795177,0.115884357867657,0.95,0.208866627197484,-0.0187874743099545,"gamma_bin"
"gamma_bin_9.00_3.40","vary_mean",9,0.2,FALSE,153,1.09815440539428,1.07445749139551,0.103763715453131,0.95,0.208411717745049,-0.0236969139987657,"gamma_bin"
"gamma_bin_9.00_3.40","vary_mean",9,0.2,FALSE,154,0.933699509626363,0.92195550126248,0.110410217380362,0.92,0.194130832271245,-0.0117440083638831,"gamma_bin"
"gamma_bin_9.00_3.40","vary_mean",9,0.2,FALSE,155,0.677259462566555,0.684358456467414,0.0879198278938247,0.98,0.168440565263329,0.00709899390085866,"gamma_bin"
"gamma_bin_9.00_3.40","vary_mean",9,0.2,FALSE,156,0.794318325784725,0.779638545561862,0.10125506931473,0.91,0.180687252570863,-0.014679780222863,"gamma_bin"
"gamma_bin_9.00_3.40","vary_mean",9,0.2,FALSE,157,0.863129045133472,0.851187542212368,0.101912138847306,0.91,0.189485399945417,-0.011941502921104,"gamma_bin"
"gamma_bin_9.00_3.40","vary_mean",9,0.2,FALSE,158,1.2121292060572,1.20597666929496,0.130370406949132,0.93,0.226307638235175,-0.00615253676223593,"gamma_bin"
"gamma_bin_9.00_3.40","vary_mean",9,0.2,FALSE,159,1.02410099479473,0.990380457726922,0.0989258673960045,0.94,0.206339404129932,-0.0337205370678076,"gamma_bin"
"gamma_bin_9.00_3.40","vary_mean",9,0.2,FALSE,160,0.905625417711481,0.877727930022343,0.0983468302029689,0.96,0.195738185409544,-0.0278974876891385,"gamma_bin"
"gamma_bin_9.00_3.40","vary_mean",9,0.2,FALSE,161,0.911623484707899,0.902129863467556,0.104985060028166,0.92,0.200224056554145,-0.0094936212403427,"gamma_bin"
"gamma_bin_9.00_3.40","vary_mean",9,0.2,FALSE,162,0.854314364398061,0.860322078893437,0.112308412481728,0.95,0.196631879903996,0.00600771449537629,"gamma_bin"
"gamma_bin_9.00_3.40","vary_mean",9,0.2,FALSE,163,0.939538506142908,0.926497245482772,0.100451462281379,0.94,0.204794224263463,-0.0130412606601363,"gamma_bin"
"gamma_bin_9.00_3.40","vary_mean",9,0.2,FALSE,164,0.804264811038419,0.794538762363397,0.103651461392738,0.94,0.189979558764551,-0.00972604867502169,"gamma_bin"
"gamma_bin_9.00_3.40","vary_mean",9,0.2,FALSE,165,1.00142358506205,1.01011123429605,0.11017971405788,0.97,0.215034192497731,0.00868764923399712,"gamma_bin"
"gamma_bin_9.00_3.40","vary_mean",9,0.2,FALSE,166,1.22258511650756,1.16855927666772,0.122613329329187,0.94,0.231978762030035,-0.0540258398398417,"gamma_bin"
"gamma_bin_9.00_3.40","vary_mean",9,0.2,FALSE,167,0.797785743145654,0.783015726611922,0.100067999202056,0.95,0.191139694280831,-0.0147700165337316,"gamma_bin"
"gamma_bin_9.00_3.40","vary_mean",9,0.2,FALSE,168,1.1498418409574,1.1384784422968,0.10932540488803,0.95,0.232047916922893,-0.0113633986605961,"gamma_bin"
"gamma_bin_9.00_3.40","vary_mean",9,0.2,FALSE,169,0.760349335694062,0.754388143557877,0.102043485499532,0.96,0.189872931265214,-0.00596119213618473,"gamma_bin"
"gamma_bin_9.00_3.40","vary_mean",9,0.2,FALSE,170,1.37423882796411,1.37581206597578,0.128169178333871,0.98,0.257383230669695,0.0015732380116722,"gamma_bin"
"gamma_bin_9.00_3.40","vary_mean",9,0.2,FALSE,171,0.879916177740953,0.887917674165256,0.0875584161105786,0.98,0.207119226406517,0.00800149642430337,"gamma_bin"
"gamma_bin_9.00_3.40","vary_mean",9,0.2,FALSE,172,1.40469809778524,1.40135813999675,0.123392090320396,0.96,0.260325425442221,-0.00333995778849094,"gamma_bin"
"gamma_bin_9.00_3.40","vary_mean",9,0.2,FALSE,173,0.919193657171105,0.919983949421613,0.101665533190927,0.97,0.210843461973904,0.000790292250508418,"gamma_bin"
"gamma_bin_9.00_3.40","vary_mean",9,0.2,FALSE,174,0.923156528563282,0.940137348962999,0.107009730390275,0.95,0.212571688618188,0.0169808203997166,"gamma_bin"
"gamma_bin_9.00_3.40","vary_mean",9,0.2,FALSE,175,1.03837120055872,1.09150110312662,0.111103873699224,0.93,0.22802678417955,0.053129902567898,"gamma_bin"
"gamma_bin_9.00_3.40","vary_mean",9,0.2,FALSE,176,0.998550191051843,1.00898229750008,0.109777158108019,0.95,0.2178083203101,0.0104321064482394,"gamma_bin"
"gamma_bin_9.00_3.40","vary_mean",9,0.2,FALSE,177,1.0672490953256,1.07195233223409,0.109075658322706,0.98,0.223369012794359,0.00470323690849384,"gamma_bin"
"gamma_bin_9.00_3.40","vary_mean",9,0.2,FALSE,178,0.796488943635566,0.793844290597059,0.0864626529732615,0.97,0.191400216126455,-0.00264465303850747,"gamma_bin"
"gamma_bin_9.00_3.40","vary_mean",9,0.2,FALSE,179,1.19853631620291,1.20404826532921,0.109990745524057,0.98,0.235444006425913,0.00551194912630382,"gamma_bin"
"gamma_bin_9.00_3.40","vary_mean",9,0.2,FALSE,180,1.18742234445089,1.18997167569594,0.106086739679445,0.97,0.233839400650784,0.00254933124504819,"gamma_bin"
"gamma_bin_9.00_3.40","vary_mean",9,0.2,FALSE,181,1.49419822100474,1.48331017435345,0.126478276070752,0.96,0.261161591705069,-0.0108880466512857,"gamma_bin"
"gamma_bin_9.00_3.40","vary_mean",9,0.2,FALSE,182,1.51569971274724,1.514390609031,0.146321294719763,0.92,0.264132585030762,-0.00130910371624382,"gamma_bin"
"gamma_bin_9.00_3.40","vary_mean",9,0.2,FALSE,183,0.993078083144793,1.01849705481532,0.124097599221228,0.9,0.216025548305268,0.0254189716705224,"gamma_bin"
"gamma_bin_9.00_3.40","vary_mean",9,0.2,FALSE,184,0.900895179433443,0.943644634220759,0.111096488980943,0.94,0.206694767484735,0.042749454787316,"gamma_bin"
"gamma_bin_9.00_3.40","vary_mean",9,0.2,FALSE,185,0.823216514722493,0.876315479060422,0.0981578799467415,0.9,0.196681348419104,0.0530989643379286,"gamma_bin"
"gamma_bin_9.00_3.40","vary_mean",9,0.2,FALSE,186,1.22622352517845,1.3103864663355,0.104307538872404,0.91,0.236370511203051,0.0841629411570504,"gamma_bin"
"gamma_bin_9.00_3.40","vary_mean",9,0.2,FALSE,187,0.917485344129662,0.961067671539243,0.0977644767881272,0.96,0.199226768433012,0.0435823274095813,"gamma_bin"
"gamma_bin_9.00_3.40","vary_mean",9,0.2,FALSE,188,1.14600718978611,1.14648041225204,0.111132834047892,0.95,0.215493565182995,0.000473222465925405,"gamma_bin"
"gamma_bin_9.00_3.40","vary_mean",9,0.2,FALSE,189,1.15017955401154,1.16302807752002,0.105272759584105,0.95,0.215908580470827,0.0128485235084814,"gamma_bin"
"gamma_bin_9.00_3.40","vary_mean",9,0.2,FALSE,190,1.13787761403339,1.12770998645389,0.10572806598372,0.95,0.212344319322766,-0.010167627579496,"gamma_bin"
"gamma_bin_9.00_3.40","vary_mean",9,0.2,FALSE,191,1.77820774658985,1.78426127901766,0.130148612259308,0.98,0.267067956024846,0.00605353242781437,"gamma_bin"
"gamma_bin_9.00_3.40","vary_mean",9,0.2,FALSE,192,1.12621869533816,1.15383002147509,0.101849538837754,0.94,0.214313181270242,0.027611326136926,"gamma_bin"
"gamma_bin_9.00_3.40","vary_mean",9,0.2,FALSE,193,1.63142687231341,1.66326680254446,0.112731099666217,0.97,0.256002202089324,0.0318399302310501,"gamma_bin"
"gamma_bin_9.00_3.40","vary_mean",9,0.2,FALSE,194,1.9613208229511,2.06424839265584,0.141940385508228,0.88,0.282010879869464,0.102927569704744,"gamma_bin"
"gamma_bin_9.00_3.40","vary_mean",9,0.2,FALSE,195,1.62644217295684,1.78868242520046,0.137029817428099,0.77,0.258218654903773,0.162240252243624,"gamma_bin"
"gamma_bin_9.00_3.40","vary_mean",9,0.2,FALSE,196,1.22114876712024,1.34233640027276,0.11266708684289,0.75,0.218631222535465,0.121187633152518,"gamma_bin"
"gamma_bin_9.00_3.40","vary_mean",9,0.2,FALSE,197,1.08512340553335,1.21137130512151,0.104263507275026,0.75,0.201711553268838,0.126247899588164,"gamma_bin"
"gamma_bin_9.00_3.40","vary_mean",9,0.2,FALSE,198,1.22271087570671,1.36526067551761,0.103598498653541,0.7,0.207241082840531,0.142549799810904,"gamma_bin"
"gamma_bin_9.00_3.40","vary_mean",9,0.2,FALSE,199,1.2960340351298,1.44304980574631,0.0983189132441343,0.68,0.205998349027563,0.147015770616512,"gamma_bin"
"gamma_bin_9.00_3.40","vary_mean",9,0.2,FALSE,200,1.66920711624072,1.80306079058845,0.12139612162804,0.75,0.223604938702552,0.13385367434773,"gamma_bin"
"gamma_bin_9.00_3.40","vary_mean",9,0.2,FALSE,201,1.16940768861372,1.24600398413101,0.0926953192801794,0.88,0.181499575193186,0.0765962955172932,"gamma_bin"
"gamma_bin_9.00_3.40","vary_mean",9,0.2,FALSE,202,1.0787760344722,1.12232975161255,0.0902314454288169,0.9,0.169117079574136,0.0435537171403544,"gamma_bin"
"gamma_bin_9.00_3.40","vary_mean",9,0.2,FALSE,203,0.894614924502778,0.935815996252628,0.084081038326911,0.89,0.151805387667508,0.0412010717498498,"gamma_bin"
"gamma_bin_9.00_3.40","vary_mean",9,0.2,FALSE,204,0.818936942727194,0.871017894788921,0.0682390716240242,0.86,0.143847582188174,0.0520809520617271,"gamma_bin"
"gamma_bin_9.00_3.40","vary_mean",9,0.2,FALSE,205,0.966688195947552,1.01592526581823,0.0811421803233262,0.88,0.152606256499046,0.0492370698706797,"gamma_bin"
"gamma_bin_9.00_3.40","vary_mean",9,0.2,FALSE,206,0.735602657677609,0.744738651503433,0.0584945898369109,0.96,0.12898470488057,0.00913599382582431,"gamma_bin"
"gamma_bin_9.00_3.40","vary_mean",9,0.2,FALSE,207,0.854906249805799,0.857982079854435,0.0743570638849392,0.93,0.13737445632826,0.0030758300486361,"gamma_bin"
"gamma_bin_9.00_3.40","vary_mean",9,0.2,FALSE,208,1.18360616945073,1.15353458754187,0.08030893661564,0.93,0.159287984006793,-0.0300715819088635,"gamma_bin"
"gamma_bin_9.00_3.40","vary_mean",9,0.2,FALSE,209,1.4602885501346,1.4045342859315,0.0875921910880175,0.91,0.176849525300604,-0.0557542642030964,"gamma_bin"
"gamma_bin_9.00_3.40","vary_mean",9,0.2,FALSE,210,0.828346816490767,0.795824754824978,0.0658440560619096,0.93,0.134281456550669,-0.0325220616657886,"gamma_bin"
"gamma_bin_9.00_3.40","vary_mean",9,0.2,FALSE,211,0.945514704257119,0.935980000950125,0.0690291801907571,0.96,0.146939528373908,-0.00953470330699413,"gamma_bin"
"gamma_bin_9.00_3.40","vary_mean",9,0.2,FALSE,212,0.790503634328223,0.792840878799376,0.0611185073325644,0.95,0.13587854513949,0.00233724447115302,"gamma_bin"
"gamma_bin_9.00_3.40","vary_mean",9,0.2,FALSE,213,1.43200091428725,1.46760322523781,0.0874647617509278,0.96,0.18454676421053,0.0356023109505565,"gamma_bin"
"gamma_bin_9.00_3.40","vary_mean",9,0.2,FALSE,214,1.11427471246835,1.14788458666248,0.0829581869576379,0.93,0.162545913864686,0.0336098741941335,"gamma_bin"
"gamma_bin_9.00_3.40","vary_mean",9,0.2,FALSE,215,1.11570572194133,1.13212154286899,0.0753475559039309,0.97,0.16095710722221,0.0164158209276584,"gamma_bin"
"gamma_bin_9.00_3.40","vary_mean",9,0.2,FALSE,216,1.45325455274622,1.4656992953779,0.0894061814667618,0.98,0.182581287352827,0.0124447426316836,"gamma_bin"
"gamma_bin_9.00_3.40","vary_mean",9,0.2,FALSE,217,1.1420513438864,1.17749452234817,0.0843230873762867,0.93,0.16289779726822,0.035443178461769,"gamma_bin"
"gamma_bin_9.00_3.40","vary_mean",9,0.2,FALSE,218,0.657956194341687,0.672757610908611,0.0647049847851666,0.95,0.122295556187738,0.0148014165669237,"gamma_bin"
"gamma_bin_9.00_3.40","vary_mean",9,0.2,FALSE,219,1.37055796530381,1.43503717449574,0.0881386581182072,0.93,0.176858348178288,0.0644792091919344,"gamma_bin"
"gamma_bin_9.00_3.40","vary_mean",9,0.2,FALSE,220,1.1217671045533,1.17377333183582,0.0829452516144479,0.88,0.157964053969229,0.0520062272825226,"gamma_bin"
"gamma_bin_9.00_3.40","vary_mean",9,0.2,FALSE,221,1.82148085595811,1.86812323397994,0.10581947473315,0.9,0.196888265515697,0.0466423780218319,"gamma_bin"
"gamma_bin_9.00_3.40","vary_mean",9,0.2,FALSE,222,1.47820728190538,1.51563276523852,0.0907225372642265,0.89,0.175682752548354,0.0374254833331444,"gamma_bin"
"gamma_bin_9.00_3.40","vary_mean",9,0.2,FALSE,223,1.22912323671868,1.25295103160795,0.0807630872316967,0.95,0.158432374109137,0.0238277948892693,"gamma_bin"
"gamma_bin_9.00_3.40","vary_mean",9,0.2,FALSE,224,1.39166921706407,1.45997130974123,0.0865540094836132,0.89,0.168960350591566,0.0683020926771609,"gamma_bin"
"gamma_bin_9.00_3.40","vary_mean",9,0.2,FALSE,225,1.02692395020016,1.0966053137197,0.0787920714835271,0.79,0.143757719041673,0.0696813635195386,"gamma_bin"
"gamma_bin_9.00_3.40","vary_mean",9,0.2,FALSE,226,0.944469227223,1.03033127277546,0.0740129716190612,0.77,0.136168947686368,0.0858620455524557,"gamma_bin"
"gamma_bin_9.00_3.40","vary_mean",9,0.2,FALSE,227,0.882935394281871,0.946754821965892,0.065795713768474,0.83,0.127368600718177,0.0638194276840207,"gamma_bin"
"gamma_bin_9.00_3.40","vary_mean",9,0.2,FALSE,228,1.25451332375843,1.31554612181376,0.0706663466467185,0.91,0.147074335184067,0.0610327980553276,"gamma_bin"
"gamma_bin_9.00_3.40","vary_mean",9,0.2,FALSE,229,1.46482234027448,1.50239182303691,0.0762509885923294,0.94,0.15478660942184,0.0375694827624278,"gamma_bin"
"gamma_bin_9.00_3.40","vary_mean",9,0.2,FALSE,230,1.51066180760486,1.51330517572508,0.074098709326717,0.96,0.153996647081375,0.00264336812022492,"gamma_bin"
"gamma_bin_9.00_3.40","vary_mean",9,0.2,FALSE,231,1.76123960010775,1.77507300274838,0.0903512547601349,0.92,0.166049066405221,0.0138334026406337,"gamma_bin"
"gamma_bin_9.00_3.40","vary_mean",9,0.2,FALSE,232,1.40610248726795,1.43891060770515,0.0735555285115548,0.95,0.148621572752027,0.0328081204371986,"gamma_bin"
"gamma_bin_9.00_3.40","vary_mean",9,0.2,FALSE,233,1.50839208568838,1.59372296356498,0.0709843239205958,0.86,0.154569418916631,0.0853308778766038,"gamma_bin"
"gamma_bin_9.00_3.40","vary_mean",9,0.2,FALSE,234,2.14809922234943,2.33042488671247,0.097091779445313,0.42,0.183193175868681,0.182325664363039,"gamma_bin"
"gamma_bin_9.00_3.40","vary_mean",9,0.2,FALSE,235,1.77316147702833,1.98739943807919,0.0907846842403246,0.23,0.164625715893905,0.214237961050857,"gamma_bin"
"gamma_bin_9.00_3.40","vary_mean",9,0.2,FALSE,236,1.73482506410384,1.92662705594365,0.0909233006912159,0.33,0.157065911178457,0.191801991839813,"gamma_bin"
"gamma_bin_9.00_3.40","vary_mean",9,0.2,FALSE,237,1.62267353351007,1.82624794939806,0.0752232269133923,0.2,0.147630870114124,0.203574415887989,"gamma_bin"
"gamma_bin_9.00_3.40","vary_mean",9,0.2,FALSE,238,1.18124992154851,1.34860553461668,0.0637532012245172,0.18,0.122004441856039,0.167355613068173,"gamma_bin"
"gamma_bin_9.00_3.40","vary_mean",9,0.2,FALSE,239,1.18465305674865,1.34672477573039,0.065403842567866,0.22,0.116953241168474,0.162071718981745,"gamma_bin"
"gamma_bin_9.00_3.40","vary_mean",9,0.2,FALSE,240,1.4168407618799,1.59812445830422,0.0612929463216715,0.17,0.122373750605615,0.181283696424324,"gamma_bin"
"gamma_bin_9.00_3.40","vary_mean",9,0.2,FALSE,241,1.25636383468336,1.37417190542056,0.0533966312428946,0.42,0.109456356216015,0.117808070737202,"gamma_bin"
"gamma_bin_9.00_3.40","vary_mean",9,0.2,FALSE,242,1.12127216596798,1.2026535650129,0.0526311738353754,0.63,0.0994305429872456,0.0813813990449188,"gamma_bin"
"gamma_bin_9.00_3.40","vary_mean",9,0.2,FALSE,243,1.35468577162437,1.43385799004907,0.062737239851558,0.69,0.106136187389131,0.0791722184247037,"gamma_bin"
"gamma_bin_9.00_3.40","vary_mean",9,0.2,FALSE,244,1.01073025572083,1.06879102859395,0.0455232384592999,0.73,0.0899227372678007,0.0580607728731228,"gamma_bin"
"gamma_bin_9.00_3.40","vary_mean",9,0.2,FALSE,245,1.09869262296579,1.14809602767823,0.0425000665033068,0.84,0.0917214847147039,0.0494034047124423,"gamma_bin"
"gamma_bin_9.00_3.40","vary_mean",9,0.2,FALSE,246,1.01867243248783,1.0577509217541,0.0416815783407048,0.89,0.0867412742920174,0.0390784892662728,"gamma_bin"
"gamma_bin_9.00_3.40","vary_mean",9,0.2,FALSE,247,0.933300548697082,0.965568483587449,0.0419606127503637,0.89,0.0818349321283758,0.0322679348903666,"gamma_bin"
"gamma_bin_9.00_3.40","vary_mean",9,0.2,FALSE,248,1.07521131224965,1.10541535351044,0.0423591686305841,0.91,0.0866038267623686,0.0302040412607949,"gamma_bin"
"gamma_bin_9.00_3.40","vary_mean",9,0.2,FALSE,249,1.30368079751671,1.32424766460823,0.0473523498747781,0.9,0.0940058645906562,0.0205668670915209,"gamma_bin"
"gamma_bin_9.00_3.40","vary_mean",9,0.2,FALSE,250,1.41725036624756,1.43424265721815,0.05022576883085,0.94,0.0973304177615278,0.0169922909705857,"gamma_bin"
"gamma_bin_9.00_3.40","vary_mean",9,0.2,FALSE,251,1.14473843834061,1.14681674055935,0.0432591893746907,0.97,0.0867864390511088,0.00207830221873695,"gamma_bin"
"gamma_bin_9.00_3.40","vary_mean",9,0.2,FALSE,252,1.28957905264017,1.3135935553156,0.0490460709534737,0.9,0.0925170977706284,0.0240145026754306,"gamma_bin"
"gamma_bin_9.00_3.40","vary_mean",9,0.2,FALSE,253,1.41164181175606,1.45617961667048,0.043175008201072,0.93,0.096693065463912,0.0445378049144181,"gamma_bin"
