"key","scenario","grid_value","rel_error","correct","day","truth","mean_R","sd_R","coverage","half","bias","family"
"gamma_bin_10.50_3.40","vary_mean",10.5,0.4,FALSE,1,4.64176734711438,23.6771274526048,1.13797437563348,0,2.1589955381838,19.0353601054904,"gamma_bin"
"gamma_bin_10.50_3.40","vary_mean",10.5,0.4,FALSE,2,5.74184883880713,25.1514807145712,0.811244181654526,0,1.63729591881162,19.4096318757641,"gamma_bin"
"gamma_bin_10.50_3.40","vary_mean",10.5,0.4,FALSE,3,3.25033439563944,11.6328567591183,0.37613155167992,0,0.837985279312635,8.38252236347887,"gamma_bin"
"gamma_bin_10.50_3.40","vary_mean",10.5,0.4,FALSE,4,6.73935287829888,19.6370026064308,0.479132842569913,0,0.849519456035494,12.897649728132,"gamma_bin"
"gamma_bin_10.50_3.40","vary_mean",10.5,0.4,FALSE,5,2.43636854796088,5.92632988711639,0.216503571904988,0,0.378566808203681,3.48996133915551,"gamma_bin"
"gamma_bin_10.50_3.40","vary_mean",10.5,0.4,FALSE,6,1.74494772539268,3.8010000661402,0.134116534821838,0,0.254764502695902,2.05605234074752,"gamma_bin"
"gamma_bin_10.50_3.40","vary_mean",10.5,0.4,FALSE,7,2.62517926045569,5.34659013396725,0.143108338889244,0,0.260837309167519,2.72141087351156,"gamma_bin"
"gamma_bin_10.50_3.40","vary_mean",10.5,0.4,FALSE,8,1.22911307977452,2.32230749612245,0.0889193176152643,0,0.151012341569831,1.09319441634793,"gamma_bin"
"gamma_bin_10.50_3.40","vary_mean",10.5,0.4,FALSE,9,2.39904651254038,4.07718210732258,0.102893252803103,0,0.178145001016591,1.6781355947822,"gamma_bin"
"gamma_bin_10.50_3.40","vary_mean",10.5,0.4,FALSE,10,1.19484574307971,1.83609889044029,0.0555122964259372,0,0.107979207499319,0.641253147360582,"gamma_bin"
"gamma_bin_10.50_3.40","vary_mean",10.5,0.4,FALSE,11,1.32897619591253,1.88314247687955,0.0557507075215676,0,0.100388294657481,0.554166280967019,"gamma_bin"
"gamma_bin_10.50_3.40","vary_mean",10.5,0.4,FALSE,12,1.45959821408832,1.94351330249633,0.0510580181048594,0,0.0951174509130866,0.483915088408005,"gamma_bin"
"gamma_bin_10.50_3.40","vary_mean",10.5,0.4,FALSE,13,1.71530804750948,2.1729717460354,0.052877025527457,0,0.0950509130035718,0.457663698525915,"gamma_bin"
"gamma_bin_10.50_3.40","vary_mean",10.5,0.4,FALSE,14,1.05182866123244,1.27639457482202,0.0373798233870948,0,0.0695551170421477,0.22456591358958,"gamma_bin"
"gamma_bin_10.50_3.40","vary_mean",10.5,0.4,FALSE,15,1.02510010675531,1.20451670006643,0.0288352310316022,0,0.0650412000269355,0.179416593311121,"gamma_bin"
"gamma_bin_10.50_3.40","vary_mean",10.5,0.4,FALSE,16,1.25252014867933,1.4511438645328,0.036213775410771,0,0.0691464650003256,0.198623715853468,"gamma_bin"
"gamma_bin_10.50_3.40","vary_mean",10.5,0.4,FALSE,17,1.21525733695915,1.38350086990506,0.0340588618170879,0,0.0656776838474079,0.168243532945912,"gamma_bin"
"gamma_bin_10.50_3.40","vary_mean",10.5,0.4,FALSE,18,0.979230198394809,1.08485378222382,0.0287098698365379,0.05,0.0567526139889766,0.105623583829012,"gamma_bin"
"gamma_bin_10.50_3.40","vary_mean",10.5,0.4,FALSE,19,1.02544833790337,1.12037258398407,0.0262502614805736,0.08,0.0564632910104403,0.0949242460807007,"gamma_bin"
"gamma_bin_10.50_3.40","vary_mean",10.5,0.4,FALSE,20,1.03933643277786,1.11233256515603,0.0255373803420042,0.22,0.0552833812895174,0.072996132378168,"gamma_bin"
"gamma_bin_10.50_3.40","vary_mean",10.5,0.4,FALSE,21,1.31704644033967,1.38648678794107,0.028388475537817,0.36,0.0608672567027423,0.0694403476014045,"gamma_bin"
"gamma_bin_10.50_3.40","vary_mean",10.5,0.4,FALSE,22,1.01626238281987,1.04921644901529,0.0248945917275031,0.79,0.0523846509845845,0.0329540661954231,"gamma_bin"
"gamma_bin_10.50_3.40","vary_mean",10.5,0.4,FALSE,23,0.750219977978433,0.771994479243116,0.0249707142751212,0.85,0.0445722295342281,0.0217745012646833,"gamma_bin"
"gamma_bin_10.50_3.40","vary_mean",10.5,0.4,FALSE,24,0.68680573053247,0.706135065417041,0.0214417882517373,0.85,0.0423757754832626,0.019329334884571,"gamma_bin"
"gamma_bin_10.50_3.40","vary_mean",10.5,0.4,FALSE,25,1.09137562864791,1.12063804406846,0.0262897361002187,0.81,0.0531203630670223,0.0292624154205503,"gamma_bin"
"gamma_bin_10.50_3.40","vary_mean",10.5,0.4,FALSE,26,0.741057834922739,0.747402869562277,0.0204720977886079,0.94,0.0431771130250706,0.00634503463953751,"gamma_bin"
"gamma_bin_10.50_3.40","vary_mean",10.5,0.4,FALSE,27,0.768534353981288,0.756090374471414,0.0200352413294951,0.94,0.0432619289571632,-0.012443979509874,"gamma_bin"
"gamma_bin_10.50_3.40","vary_mean",10.5,0.4,FALSE,28,0.752768210408917,0.723188548523966,0.0219835846680519,0.71,0.0422535701093575,-0.0295796618849514,"gamma_bin"
"gamma_bin_10.50_3.40","vary_mean",10.5,0.4,FALSE,29,0.700189279957523,0.66110177560393,0.0196917784411309,0.6,0.0404962646700008,-0.0390875043535935,"gamma_bin"
"gamma_bin_10.50_3.40","vary_mean",10.5,0.4,FALSE,30,0.555240242382622,0.518749298469576,0.0199391944195245,0.49,0.0360981942950577,-0.0364909439130457,"gamma_bin"
"gamma_bin_10.50_3.40","vary_mean",10.5,0.4,FALSE,31,0.584450640057208,0.53078183600106,0.0164298523214087,0.19,0.0368720385379673,-0.0536688040561483,"gamma_bin"
"gamma_bin_10.50_3.40","vary_mean",10.5,0.4,FALSE,32,0.680297862250013,0.605785019950931,0.020186623917453,0.07,0.0398888037397865,-0.0745128422990824,"gamma_bin"
"gamma_bin_10.50_3.40","vary_mean",10.5,0.4,FALSE,33,0.95896579009836,0.838518009428752,0.0250316791955803,0.01,0.0476531878512756,-0.120447780669608,"gamma_bin"
"gamma_bin_10.50_3.40","vary_mean",10.5,0.4,FALSE,34,1.26713544933213,1.08752453853344,0.0263706059776796,0,0.055272754990552,-0.17961091079869,"gamma_bin"
"gamma_bin_10.50_3.40","vary_mean",10.5,0.4,FALSE,35,1.32835487275134,1.12381196747673,0.0260497303974743,0,0.0574216829706375,-0.204542905274613,"gamma_bin"
"gamma_bin_10.50_3.40","vary_mean",10.5,0.4,FALSE,36,0.820532179912435,0.70922318738195,0.0231188888461777,0,0.0467571876577648,-0.111308992530485,"gamma_bin"
"gamma_bin_10.50_3.40","vary_mean",10.5,0.4,FALSE,37,0.605066948223753,0.554937016664008,0.0208724218320123,0.37,0.0424342549223156,-0.0501299315597454,"gamma_bin"
"gamma_bin_10.50_3.40","vary_mean",10.5,0.4,FALSE,38,0.480613317476216,0.470002002295819,0.0231353418716485,0.88,0.0399359589992081,-0.0106113151803967,"gamma_bin"
"gamma_bin_10.50_3.40","vary_mean",10.5,0.4,FALSE,39,0.729684595490469,0.74267633931834,0.0247346836065599,0.95,0.050952368570518,0.0129917438278705,"gamma_bin"
"gamma_bin_10.50_3.40","vary_mean",10.5,0.4,FALSE,40,0.815117093248404,0.820505359101286,0.0274134682543843,0.96,0.0538681033157764,0.00538826585288232,"gamma_bin"
"gamma_bin_10.50_3.40","vary_mean",10.5,0.4,FALSE,41,0.615435524003123,0.596131654283651,0.02367024624576,0.85,0.0459336586299222,-0.0193038697194718,"gamma_bin"
"gamma_bin_10.50_3.40","vary_mean",10.5,0.4,FALSE,42,0.771681049543453,0.711966793265898,0.0228837076570354,0.34,0.0502510200214839,-0.0597142562775547,"gamma_bin"
"gamma_bin_10.50_3.40","vary_mean",10.5,0.4,FALSE,43,0.638637642797715,0.567117742293865,0.0226352144091156,0.18,0.045143073362271,-0.0715199005038503,"gamma_bin"
"gamma_bin_10.50_3.40","vary_mean",10.5,0.4,FALSE,44,0.502607638572081,0.430062535063079,0.0207900750407074,0.08,0.0398546380659763,-0.072545103509002,"gamma_bin"
"gamma_bin_10.50_3.40","vary_mean",10.5,0.4,FALSE,45,0.419348773276434,0.361064133368245,0.0191606432814306,0.15,0.0372494155558844,-0.0582846399081887,"gamma_bin"
"gamma_bin_10.50_3.40","vary_mean",10.5,0.4,FALSE,46,0.532523289397014,0.45268257933054,0.0224966484538445,0.08,0.0427106786060235,-0.0798407100664743,"gamma_bin"
"gamma_bin_10.50_3.40","vary_mean",10.5,0.4,FALSE,47,0.748164536979726,0.624977018733599,0.0254519170729848,0,0.051475761703492,-0.123187518246127,"gamma_bin"
"gamma_bin_10.50_3.40","vary_mean",10.5,0.4,FALSE,48,0.699597036363356,0.57822304820323,0.0236259692090782,0,0.0508506212772059,-0.121373988160126,"gamma_bin"
"gamma_bin_10.50_3.40","vary_mean",10.5,0.4,FALSE,49,0.840634610500807,0.681025352441073,0.0277936538429099,0,0.0567761153373514,-0.159609258059734,"gamma_bin"
"gamma_bin_10.50_3.40","vary_mean",10.5,0.4,FALSE,50,0.605572567510499,0.483570688902466,0.0240897997049943,0,0.0493676577237002,-0.122001878608033,"gamma_bin"
"gamma_bin_10.50_3.40","vary_mean",10.5,0.4,FALSE,51,0.551154795645625,0.450611789963824,0.0248390670992047,0.03,0.0493195276835744,-0.100543005681801,"gamma_bin"
"gamma_bin_10.50_3.40","vary_mean",10.5,0.4,FALSE,52,0.382419782215341,0.31802051665656,0.0249686403595795,0.22,0.0429142289286744,-0.0643992655587815,"gamma_bin"
"gamma_bin_10.50_3.40","vary_mean",10.5,0.4,FALSE,53,0.67605453850849,0.578292678644838,0.0359150182501901,0.2,0.0598796057018839,-0.0977618598636524,"gamma_bin"
"gamma_bin_10.50_3.40","vary_mean",10.5,0.4,FALSE,54,0.67389745281474,0.57912760326712,0.0314490354919242,0.2,0.0617881388746638,-0.0947698495476204,"gamma_bin"
"gamma_bin_10.50_3.40","vary_mean",10.5,0.4,FALSE,55,0.928654307802489,0.782958815945149,0.0428877574201607,0.07,0.0738383887112403,-0.14569549185734,"gamma_bin"
"gamma_bin_10.50_3.40","vary_mean",10.5,0.4,FALSE,56,0.750444909156983,0.62523578963301,0.036500421414764,0.09,0.0677584862857663,-0.125209119523973,"gamma_bin"
"gamma_bin_10.50_3.40","vary_mean",10.5,0.4,FALSE,57,0.713559496047443,0.589157463735711,0.0367638986900871,0.09,0.0676406714415681,-0.124402032311732,"gamma_bin"
"gamma_bin_10.50_3.40","vary_mean",10.5,0.4,FALSE,58,0.492127182876667,0.416278354884321,0.0293946048703405,0.34,0.058593595722244,-0.0758488279923455,"gamma_bin"
"gamma_bin_10.50_3.40","vary_mean",10.5,0.4,FALSE,59,0.488121905081673,0.418151026876266,0.0346227884460825,0.41,0.0605343540741942,-0.0699708782054072,"gamma_bin"
"gamma_bin_10.50_3.40","vary_mean",10.5,0.4,FALSE,60,0.671861168143052,0.59913217670658,0.0366712939408173,0.54,0.0745987580935043,-0.0727289914364715,"gamma_bin"
"gamma_bin_10.50_3.40","vary_mean",10.5,0.4,FALSE,61,0.791762464983911,0.70328283430646,0.0418640721978249,0.47,0.0828786313851638,-0.088479630677451,"gamma_bin"
"gamma_bin_10.50_3.40","vary_mean",10.5,0.4,FALSE,62,0.652922492639065,0.570175132650375,0.0429085516576295,0.48,0.0763140883108954,-0.0827473599886903,"gamma_bin"
"gamma_bin_10.50_3.40","vary_mean",10.5,0.4,FALSE,63,0.613891069127135,0.520170610794739,0.038855479737374,0.33,0.074547344547724,-0.0937204583323964,"gamma_bin"
"gamma_bin_10.50_3.40","vary_mean",10.5,0.4,FALSE,64,0.747174650317661,0.629616748811273,0.0446758003938741,0.22,0.0840350792920229,-0.117557901506388,"gamma_bin"
"gamma_bin_10.50_3.40","vary_mean",10.5,0.4,FALSE,65,0.706701130088712,0.601415212199343,0.0401363190650316,0.32,0.084384294438068,-0.105285917889369,"gamma_bin"
"gamma_bin_10.50_3.40","vary_mean",10.5,0.4,FALSE,66,0.51187393654748,0.436384549400179,0.0364550493973541,0.55,0.0739463207071603,-0.0754893871473015,"gamma_bin"
"gamma_bin_10.50_3.40","vary_mean",10.5,0.4,FALSE,67,0.670601402325688,0.572391187494806,0.0435555611218544,0.5,0.0871284579938896,-0.098210214830882,"gamma_bin"
"gamma_bin_10.50_3.40","vary_mean",10.5,0.4,FALSE,68,1.17253163081397,1.00617203365279,0.0601492489525499,0.28,0.11873597524298,-0.166359597161182,"gamma_bin"
"gamma_bin_10.50_3.40","vary_mean",10.5,0.4,FALSE,69,1.09882955126721,0.933379083977678,0.0606546802939115,0.25,0.117370199825837,-0.165450467289532,"gamma_bin"
"gamma_bin_10.50_3.40","vary_mean",10.5,0.4,FALSE,70,0.864010024055233,0.745681797833453,0.0450014886706557,0.45,0.107607564123719,-0.11832822622178,"gamma_bin"
"gamma_bin_10.50_3.40","vary_mean",10.5,0.4,FALSE,71,0.715098113998147,0.634734075356706,0.0499694369866521,0.64,0.101749270727823,-0.0803640386414415,"gamma_bin"
"gamma_bin_10.50_3.40","vary_mean",10.5,0.4,FALSE,72,0.5778146754347,0.543302140372341,0.0534321809622426,0.86,0.0963161929815105,-0.0345125350623589,"gamma_bin"
"gamma_bin_10.50_3.40","vary_mean",10.5,0.4,FALSE,73,0.968098548670386,0.933794903106644,0.0680286507395483,0.9,0.128810567790605,-0.0343036455637423,"gamma_bin"
"gamma_bin_10.50_3.40","vary_mean",10.5,0.4,FALSE,74,0.655349167508219,0.639720523377681,0.0554807637015657,0.92,0.10808168109302,-0.0156286441305379,"gamma_bin"
"gamma_bin_10.50_3.40","vary_mean",10.5,0.4,FALSE,75,0.59977224361632,0.562876631925925,0.0605824071116746,0.85,0.102244811264577,-0.0368956116903949,"gamma_bin"
"gamma_bin_10.50_3.40","vary_mean",10.5,0.4,FALSE,76,0.795810456805532,0.747686010773306,0.0635975616033052,0.86,0.118715506721749,-0.0481244460322255,"gamma_bin"
"gamma_bin_10.50_3.40","vary_mean",10.5,0.4,FALSE,77,0.873668877519834,0.803662467095421,0.0621038799643744,0.76,0.124200269683873,-0.070006410424413,"gamma_bin"
"gamma_bin_10.50_3.40","vary_mean",10.5,0.4,FALSE,78,0.655524310026793,0.590960817479647,0.0542597141598529,0.82,0.107723541803028,-0.0645634925471463,"gamma_bin"
"gamma_bin_10.50_3.40","vary_mean",10.5,0.4,FALSE,79,0.810623636163075,0.712768566206499,0.0536113381579561,0.69,0.120164339711964,-0.097855069956576,"gamma_bin"
"gamma_bin_10.50_3.40","vary_mean",10.5,0.4,FALSE,80,0.610456557383718,0.552810170641435,0.0549281640204986,0.82,0.107768414365054,-0.0576463867422834,"gamma_bin"
"gamma_bin_10.50_3.40","vary_mean",10.5,0.4,FALSE,81,0.859858611274139,0.760051874235663,0.0689726290814161,0.67,0.129016860272483,-0.099806737038476,"gamma_bin"
"gamma_bin_10.50_3.40","vary_mean",10.5,0.4,FALSE,82,0.71793472208637,0.636648515757768,0.0611773999869711,0.79,0.120531014647724,-0.0812862063286021,"gamma_bin"
"gamma_bin_10.50_3.40","vary_mean",10.5,0.4,FALSE,83,0.992203959261976,0.876769290611374,0.0770586075086419,0.68,0.144324999707205,-0.115434668650602,"gamma_bin"
"gamma_bin_10.50_3.40","vary_mean",10.5,0.4,FALSE,84,1.12541562776308,1.02199497312582,0.0855951505386048,0.77,0.158950390716554,-0.103420654637255,"gamma_bin"
"gamma_bin_10.50_3.40","vary_mean",10.5,0.4,FALSE,85,0.719081428835968,0.642755658969971,0.0675580680961144,0.83,0.128446471895516,-0.0763257698659973,"gamma_bin"
"gamma_bin_10.50_3.40","vary_mean",10.5,0.4,FALSE,86,0.84752493125734,0.791747617125033,0.0757979995187624,0.9,0.145282720797974,-0.0557773141323071,"gamma_bin"
"gamma_bin_10.50_3.40","vary_mean",10.5,0.4,FALSE,87,0.855021916180829,0.808778299049173,0.0702229702945024,0.92,0.149423938350503,-0.0462436171316558,"gamma_bin"
"gamma_bin_10.50_3.40","vary_mean",10.5,0.4,FALSE,88,1.05231211723794,1.0108656084468,0.100914924509439,0.88,0.169421252199476,-0.0414465087911353,"gamma_bin"
"gamma_bin_10.50_3.40","vary_mean",10.5,0.4,FALSE,89,0.736245763604483,0.700468484099947,0.0660901191618595,0.95,0.14262972991659,-0.0357772795045359,"gamma_bin"
"gamma_bin_10.50_3.40","vary_mean",10.5,0.4,FALSE,90,0.910435800275709,0.872807173474322,0.0859465381435816,0.88,0.160536242783421,-0.0376286268013871,"gamma_bin"
"gamma_bin_10.50_3.40","vary_mean",10.5,0.4,FALSE,91,0.875373992276142,0.846311692982788,0.0688074538773734,0.96,0.159160191932123,-0.0290622992933537,"gamma_bin"
"gamma_bin_10.50_3.40","vary_mean",10.5,0.4,FALSE,92,1.13308580158326,1.08175908036491,0.0869204844967794,0.94,0.181102123176424,-0.0513267212183477,"gamma_bin"
"gamma_bin_10.50_3.40","vary_mean",10.5,0.4,FALSE,93,0.779622317935819,0.744174104290065,0.0864264843383605,0.87,0.151166024903428,-0.0354482136457542,"gamma_bin"
"gamma_bin_10.50_3.40","vary_mean",10.5,0.4,FALSE,94,0.738590807925372,0.702378472313004,0.0709109579317894,0.94,0.148006113758296,-0.0362123356123684,"gamma_bin"
"gamma_bin_10.50_3.40","vary_mean",10.5,0.4,FALSE,95,0.736386067431423,0.713394347910419,0.0747311019159794,0.96,0.150303389616797,-0.022991719521004,"gamma_bin"
"gamma_bin_10.50_3.40","vary_mean",10.5,0.4,FALSE,96,0.940470991453404,0.923544054948408,0.0919383835730296,0.96,0.172305133254721,-0.0169269365049959,"gamma_bin"
"gamma_bin_10.50_3.40","vary_mean",10.5,0.4,FALSE,97,0.92681020267862,0.900048010998054,0.0814100590103434,0.94,0.171422317733586,-0.0267621916805661,"gamma_bin"
"gamma_bin_10.50_3.40","vary_mean",10.5,0.4,FALSE,98,0.805264800704658,0.746128298155562,0.0839731561595105,0.9,0.157123068028342,-0.0591365025490964,"gamma_bin"
"gamma_bin_10.50_3.40","vary_mean",10.5,0.4,FALSE,99,0.96897608307621,0.913014101832071,0.0857994182594087,0.92,0.175298539325386,-0.0559619812441388,"gamma_bin"
"gamma_bin_10.50_3.40","vary_mean",10.5,0.4,FALSE,100,0.483332995262756,0.454227643968634,0.0595381630462836,0.97,0.124847629322021,-0.0291053512941217,"gamma_bin"
"gamma_bin_10.50_3.40","vary_mean",10.5,0.4,FALSE,101,0.66077716283239,0.624048625368845,0.0709348234990704,0.93,0.148034180759654,-0.036728537463545,"gamma_bin"
"gamma_bin_10.50_3.40","vary_mean",10.5,0.4,FALSE,102,0.655745239910364,0.616159263924986,0.0764746255760155,0.87,0.148724509285525,-0.0395859759853779,"gamma_bin"
"gamma_bin_10.50_3.40","vary_mean",10.5,0.4,FALSE,103,1.19599908198214,1.10860750214757,0.0945767978094578,0.93,0.201824407240841,-0.0873915798345741,"gamma_bin"
"gamma_bin_10.50_3.40","vary_mean",10.5,0.4,FALSE,104,1.52020654998133,1.37045929084934,0.123108753216149,0.77,0.226896357093763,-0.149747259131994,"gamma_bin"
"gamma_bin_10.50_3.40","vary_mean",10.5,0.4,FALSE,105,1.10303826313934,0.986737753892196,0.118559619764421,0.78,0.194969425636402,-0.116300509247144,"gamma_bin"
"gamma_bin_10.50_3.40","vary_mean",10.5,0.4,FALSE,106,0.895258886773757,0.830624916874266,0.0869555521673163,0.93,0.181946543056811,-0.0646339698994914,"gamma_bin"
"gamma_bin_10.50_3.40","vary_mean",10.5,0.4,FALSE,107,0.603016892421566,0.582047918148486,0.0751356201639444,0.95,0.154996432818551,-0.0209689742730798,"gamma_bin"
"gamma_bin_10.50_3.40","vary_mean",10.5,0.4,FALSE,108,1.07762321196894,1.0957526825444,0.116013360674582,0.92,0.215818626633925,0.0181294705754613,"gamma_bin"
"gamma_bin_10.50_3.40","vary_mean",10.5,0.4,FALSE,109,1.67936751135944,1.76069289102118,0.135440521921962,0.91,0.27575318298464,0.0813253796617444,"gamma_bin"
"gamma_bin_10.50_3.40","vary_mean",10.5,0.4,FALSE,110,0.778512854791425,0.820977886168932,0.107427101748616,0.89,0.188024034986117,0.0424650313775067,"gamma_bin"
"gamma_bin_10.50_3.40","vary_mean",10.5,0.4,FALSE,111,0.992005341124613,1.0072709817009,0.0982040846659578,0.97,0.207454282459965,0.0152656405762825,"gamma_bin"
"gamma_bin_10.50_3.40","vary_mean",10.5,0.4,FALSE,112,1.07688074493023,1.12002276682028,0.109148169081774,0.93,0.217628300279575,0.0431420218900507,"gamma_bin"
"gamma_bin_10.50_3.40","vary_mean",10.5,0.4,FALSE,113,0.702400819858529,0.738068238898106,0.0976814082484887,0.87,0.175703058827612,0.0356674190395769,"gamma_bin"
"gamma_bin_10.50_3.40","vary_mean",10.5,0.4,FALSE,114,0.976066509197994,1.00789082701165,0.126435162025047,0.85,0.204415614149457,0.0318243178136596,"gamma_bin"
"gamma_bin_10.50_3.40","vary_mean",10.5,0.4,FALSE,115,1.23867756628513,1.28481178756226,0.116751087497562,0.92,0.22976450830704,0.0461342212771323,"gamma_bin"
"gamma_bin_10.50_3.40","vary_mean",10.5,0.4,FALSE,116,1.16180338965973,1.16797958098673,0.121835655908323,0.93,0.217885904562233,0.00617619132700287,"gamma_bin"
"gamma_bin_10.50_3.40","vary_mean",10.5,0.4,FALSE,117,1.19462029108814,1.17878862635748,0.127538557433855,0.9,0.218253290256097,-0.0158316647306571,"gamma_bin"
"gamma_bin_10.50_3.40","vary_mean",10.5,0.4,FALSE,118,1.16321995780671,1.17033189366923,0.110453539837161,0.94,0.217326869879602,0.00711193586252334,"gamma_bin"
"gamma_bin_10.50_3.40","vary_mean",10.5,0.4,FALSE,119,1.07032628214879,1.07260508684302,0.123240163074023,0.9,0.208165064155322,0.00227880469423036,"gamma_bin"
"gamma_bin_10.50_3.40","vary_mean",10.5,0.4,FALSE,120,0.877757633134012,0.905249299626704,0.0960346971531158,0.95,0.191429841482118,0.0274916664926921,"gamma_bin"
"gamma_bin_10.50_3.40","vary_mean",10.5,0.4,FALSE,121,1.36755731263547,1.42805405160444,0.121072810757979,0.9,0.239989218354014,0.060496738968967,"gamma_bin"
"gamma_bin_10.50_3.40","vary_mean",10.5,0.4,FALSE,122,0.835796444244159,0.889366063974592,0.102297191775581,0.92,0.188283241526694,0.0535696197304332,"gamma_bin"
"gamma_bin_10.50_3.40","vary_mean",10.5,0.4,FALSE,123,1.26724551805682,1.34490187284927,0.116481904327776,0.93,0.229949460107694,0.0776563547924474,"gamma_bin"
"gamma_bin_10.50_3.40","vary_mean",10.5,0.4,FALSE,124,0.969129898643769,1.020875520235,0.093637953377056,0.93,0.198541789625201,0.0517456215912361,"gamma_bin"
"gamma_bin_10.50_3.40","vary_mean",10.5,0.4,FALSE,125,0.847338782890042,0.893018642086348,0.0993781400871763,0.92,0.184092610395408,0.0456798591963057,"gamma_bin"
"gamma_bin_10.50_3.40","vary_mean",10.5,0.4,FALSE,126,0.715564882412269,0.750027997578909,0.0851278380016598,0.93,0.167691564382091,0.0344631151666398,"gamma_bin"
"gamma_bin_10.50_3.40","vary_mean",10.5,0.4,FALSE,127,0.94782383341486,0.978814492326929,0.100918779163785,0.96,0.190516919581837,0.0309906589120693,"gamma_bin"
"gamma_bin_10.50_3.40","vary_mean",10.5,0.4,FALSE,128,0.685081694959754,0.703090571226242,0.0733738970197244,0.95,0.160894777080097,0.0180088762664876,"gamma_bin"
"gamma_bin_10.50_3.40","vary_mean",10.5,0.4,FALSE,129,0.940719567434955,0.933277803892031,0.0850954052475795,0.95,0.18460449881381,-0.00744176354292359,"gamma_bin"
"gamma_bin_10.50_3.40","vary_mean",10.5,0.4,FALSE,130,0.882735861931285,0.853532251317241,0.0929594477316475,0.91,0.176368460258091,-0.0292036106140438,"gamma_bin"
"gamma_bin_10.50_3.40","vary_mean",10.5,0.4,FALSE,131,0.908592867608554,0.876498699141,0.0880963345375238,0.95,0.179299235864326,-0.0320941684675544,"gamma_bin"
"gamma_bin_10.50_3.40","vary_mean",10.5,0.4,FALSE,132,0.919571358645804,0.864320358101905,0.0823925113152706,0.93,0.179237633811064,-0.0552510005438991,"gamma_bin"
"gamma_bin_10.50_3.40","vary_mean",10.5,0.4,FALSE,133,0.772870216905444,0.703957875007996,0.0758367643592066,0.93,0.163368035279278,-0.0689123418974475,"gamma_bin"
"gamma_bin_10.50_3.40","vary_mean",10.5,0.4,FALSE,134,0.850110615604727,0.812746749511977,0.0884227376830965,0.93,0.177558341822115,-0.0373638660927498,"gamma_bin"
"gamma_bin_10.50_3.40","vary_mean",10.5,0.4,FALSE,135,0.784750966748685,0.753846130013405,0.0939581725600394,0.95,0.172932107356166,-0.0309048367352797,"gamma_bin"
"gamma_bin_10.50_3.40","vary_mean",10.5,0.4,FALSE,136,0.974669466757976,0.924307209819672,0.111287906113061,0.9,0.193464296546599,-0.0503622569383037,"gamma_bin"
"gamma_bin_10.50_3.40","vary_mean",10.5,0.4,FALSE,137,0.984151011066472,0.936238156269407,0.0942594843972741,0.94,0.196845473162382,-0.0479128547970651,"gamma_bin"
"gamma_bin_10.50_3.40","vary_mean",10.5,0.4,FALSE,138,1.1907508581573,1.1115353499074,0.115634226437923,0.9,0.21616448852975,-0.0792155082499038,"gamma_bin"
"gamma_bin_10.50_3.40","vary_mean",10.5,0.4,FALSE,139,1.38368582408824,1.31993192980844,0.125362517325894,0.92,0.237849642511414,-0.0637538942798006,"gamma_bin"
"gamma_bin_10.50_3.40","vary_mean",10.5,0.4,FALSE,140,0.815817246340058,0.785290082759499,0.102262042324569,0.92,0.185077226834446,-0.0305271635805594,"gamma_bin"
"gamma_bin_10.50_3.40","vary_mean",10.5,0.4,FALSE,141,0.948708845408202,0.943618157139262,0.100837191634861,0.95,0.205016797373043,-0.0050906882689401,"gamma_bin"
"gamma_bin_10.50_3.40","vary_mean",10.5,0.4,FALSE,142,0.887913521021147,0.916113498797219,0.102069682936891,0.93,0.203378076978662,0.0281999777760721,"gamma_bin"
"gamma_bin_10.50_3.40","vary_mean",10.5,0.4,FALSE,143,1.33195215209727,1.39914715815227,0.126435962653107,0.93,0.25183269408407,0.0671950060549977,"gamma_bin"
"gamma_bin_10.50_3.40","vary_mean",10.5,0.4,FALSE,144,1.33130915175386,1.36852278548002,0.12752896661225,0.94,0.248473641744275,0.0372136337261626,"gamma_bin"
"gamma_bin_10.50_3.40","vary_mean",10.5,0.4,FALSE,145,1.36040954450305,1.40285008324476,0.119416129571057,0.94,0.250365375708065,0.042440538741713,"gamma_bin"
"gamma_bin_10.50_3.40","vary_mean",10.5,0.4,FALSE,146,1.03071516120352,1.06285509522975,0.102108132468156,0.99,0.216773181781392,0.0321399340262254,"gamma_bin"
"gamma_bin_10.50_3.40","vary_mean",10.5,0.4,FALSE,147,1.01542687773298,1.06672463971843,0.107286018480875,0.94,0.216142675244265,0.0512977619854533,"gamma_bin"
"gamma_bin_10.50_3.40","vary_mean",10.5,0.4,FALSE,148,0.918038272830281,0.982518180630736,0.101205827535931,0.94,0.206564493074188,0.0644799078004548,"gamma_bin"
"gamma_bin_10.50_3.40","vary_mean",10.5,0.4,FALSE,149,0.795403147880171,0.862901212328181,0.102454940888137,0.89,0.191897851419003,0.0674980644480104,"gamma_bin"
"gamma_bin_10.50_3.40","vary_mean",10.5,0.4,FALSE,150,0.947076494147123,1.00783894387192,0.115872371778301,0.86,0.205077877034484,0.0607624497248016,"gamma_bin"
"gamma_bin_10.50_3.40","vary_mean",10.5,0.4,FALSE,151,0.838902415667924,0.880573740439583,0.0939905059858553,0.92,0.189410278623131,0.0416713247716591,"gamma_bin"
"gamma_bin_10.50_3.40","vary_mean",10.5,0.4,FALSE,152,1.10280245382765,1.12919184828362,0.100547952854414,0.96,0.212387280980352,0.0263893944559663,"gamma_bin"
"gamma_bin_10.50_3.40","vary_mean",10.5,0.4,FALSE,153,1.09815440539428,1.06431039010529,0.0952527554786964,0.96,0.204824829705064,-0.0338440152889874,"gamma_bin"
"gamma_bin_10.50_3.40","vary_mean",10.5,0.4,FALSE,154,0.933699509626363,0.884891211455967,0.109807922765938,0.89,0.186508709792982,-0.0488082981703958,"gamma_bin"
"gamma_bin_10.50_3.40","vary_mean",10.5,0.4,FALSE,155,0.677259462566555,0.651068456012323,0.0776065065359772,0.93,0.160480709025554,-0.0261910065542319,"gamma_bin"
"gamma_bin_10.50_3.40","vary_mean",10.5,0.4,FALSE,156,0.794318325784725,0.786580902595161,0.0876468871244593,0.97,0.177618858452443,-0.00773742318956372,"gamma_bin"
"gamma_bin_10.50_3.40","vary_mean",10.5,0.4,FALSE,157,0.863129045133472,0.855443263332238,0.0955538608395296,0.95,0.186383383089743,-0.00768578180123425,"gamma_bin"
"gamma_bin_10.50_3.40","vary_mean",10.5,0.4,FALSE,158,1.2121292060572,1.18228635868202,0.130572809193584,0.9,0.220155415914247,-0.0298428473751771,"gamma_bin"
"gamma_bin_10.50_3.40","vary_mean",10.5,0.4,FALSE,159,1.02410099479473,0.977465627506871,0.101672289176336,0.9,0.20099828916611,-0.046635367287859,"gamma_bin"
"gamma_bin_10.50_3.40","vary_mean",10.5,0.4,FALSE,160,0.905625417711481,0.860959234274134,0.0952205931421042,0.92,0.189518502891488,-0.044666183437347,"gamma_bin"
"gamma_bin_10.50_3.40","vary_mean",10.5,0.4,FALSE,161,0.911623484707899,0.899851110668529,0.0968722232445806,0.96,0.195075803835099,-0.0117723740393699,"gamma_bin"
"gamma_bin_10.50_3.40","vary_mean",10.5,0.4,FALSE,162,0.854314364398061,0.8408367141369,0.0929981139283186,0.95,0.190109453958143,-0.0134776502611604,"gamma_bin"
"gamma_bin_10.50_3.40","vary_mean",10.5,0.4,FALSE,163,0.939538506142908,0.940514496215634,0.104629085972782,0.93,0.202482737359498,0.000975990072726196,"gamma_bin"
"gamma_bin_10.50_3.40","vary_mean",10.5,0.4,FALSE,164,0.804264811038419,0.811271876568691,0.100709642155448,0.96,0.189047805535846,0.00700706553027164,"gamma_bin"
"gamma_bin_10.50_3.40","vary_mean",10.5,0.4,FALSE,165,1.00142358506205,0.987749492869853,0.103186589093244,0.96,0.209114939816776,-0.0136740921921967,"gamma_bin"
"gamma_bin_10.50_3.40","vary_mean",10.5,0.4,FALSE,166,1.22258511650756,1.21004695566167,0.0978405017118496,0.99,0.232097923720495,-0.012538160845887,"gamma_bin"
"gamma_bin_10.50_3.40","vary_mean",10.5,0.4,FALSE,167,0.797785743145654,0.779053215551031,0.0939327782938793,0.96,0.186622351302121,-0.0187325275946225,"gamma_bin"
"gamma_bin_10.50_3.40","vary_mean",10.5,0.4,FALSE,168,1.1498418409574,1.12832349774326,0.114421462808094,0.95,0.225473848059524,-0.0215183432141357,"gamma_bin"
"gamma_bin_10.50_3.40","vary_mean",10.5,0.4,FALSE,169,0.760349335694062,0.729943096531394,0.0919699846251149,0.96,0.182397161401735,-0.0304062391626676,"gamma_bin"
"gamma_bin_10.50_3.40","vary_mean",10.5,0.4,FALSE,170,1.37423882796411,1.3669983509839,0.113182190265337,0.96,0.250718471346057,-0.00724047698020525,"gamma_bin"
"gamma_bin_10.50_3.40","vary_mean",10.5,0.4,FALSE,171,0.879916177740953,0.880970910243829,0.108283381319187,0.95,0.202100760004728,0.00105473250287591,"gamma_bin"
"gamma_bin_10.50_3.40","vary_mean",10.5,0.4,FALSE,172,1.40469809778524,1.40786615825253,0.122424860851192,0.97,0.255876081740176,0.00316806046729035,"gamma_bin"
"gamma_bin_10.50_3.40","vary_mean",10.5,0.4,FALSE,173,0.919193657171105,0.934278397021088,0.0949706562728167,0.98,0.208568393042498,0.0150847398499828,"gamma_bin"
"gamma_bin_10.50_3.40","vary_mean",10.5,0.4,FALSE,174,0.923156528563282,0.964651178670235,0.110578516961834,0.92,0.211860698486994,0.0414946501069531,"gamma_bin"
"gamma_bin_10.50_3.40","vary_mean",10.5,0.4,FALSE,175,1.03837120055872,1.07066287924923,0.12725865740246,0.9,0.222549655832948,0.0322916786905059,"gamma_bin"
"gamma_bin_10.50_3.40","vary_mean",10.5,0.4,FALSE,176,0.998550191051843,1.04425653238939,0.127400083795625,0.9,0.219077939986676,0.0457063413375435,"gamma_bin"
"gamma_bin_10.50_3.40","vary_mean",10.5,0.4,FALSE,177,1.0672490953256,1.099170335216,0.116211764267935,0.95,0.223696023492358,0.0319212398904023,"gamma_bin"
"gamma_bin_10.50_3.40","vary_mean",10.5,0.4,FALSE,178,0.796488943635566,0.805420661962345,0.0989745314060344,0.94,0.190371270003724,0.00893171832677864,"gamma_bin"
"gamma_bin_10.50_3.40","vary_mean",10.5,0.4,FALSE,179,1.19853631620291,1.21270585743036,0.122694859383412,0.95,0.232499831944863,0.0141695412274541,"gamma_bin"
"gamma_bin_10.50_3.40","vary_mean",10.5,0.4,FALSE,180,1.18742234445089,1.2052777637062,0.124305863226362,0.94,0.231025594176996,0.0178554192553075,"gamma_bin"
"gamma_bin_10.50_3.40","vary_mean",10.5,0.4,FALSE,181,1.49419822100474,1.4985194813592,0.130853369419017,0.95,0.257259519778507,0.00432126035446379,"gamma_bin"
"gamma_bin_10.50_3.40","vary_mean",10.5,0.4,FALSE,182,1.51569971274724,1.51133812024371,0.136832617768142,0.98,0.258227672257866,-0.00436159250352719,"gamma_bin"
"gamma_bin_10.50_3.40","vary_mean",10.5,0.4,FALSE,183,0.993078083144793,1.01906644405334,0.118947527573276,0.91,0.211974450451873,0.0259883609085516,"gamma_bin"
"gamma_bin_10.50_3.40","vary_mean",10.5,0.4,FALSE,184,0.900895179433443,0.982020020842296,0.103273839658678,0.86,0.207993994936945,0.0811248414088532,"gamma_bin"
"gamma_bin_10.50_3.40","vary_mean",10.5,0.4,FALSE,185,0.823216514722493,0.898088547374781,0.0925463246173113,0.87,0.197994978757917,0.0748720326522877,"gamma_bin"
"gamma_bin_10.50_3.40","vary_mean",10.5,0.4,FALSE,186,1.22622352517845,1.3618367170809,0.115765591739656,0.85,0.241668039428426,0.135613191902448,"gamma_bin"
"gamma_bin_10.50_3.40","vary_mean",10.5,0.4,FALSE,187,0.917485344129662,0.993588257017182,0.103173769142424,0.89,0.203309781164176,0.0761029128875205,"gamma_bin"
"gamma_bin_10.50_3.40","vary_mean",10.5,0.4,FALSE,188,1.14600718978611,1.2115308706538,0.111688221720026,0.92,0.220880111423421,0.0655236808676862,"gamma_bin"
"gamma_bin_10.50_3.40","vary_mean",10.5,0.4,FALSE,189,1.15017955401154,1.15566604895005,0.110607667774946,0.95,0.212881811266661,0.00548649493851072,"gamma_bin"
"gamma_bin_10.50_3.40","vary_mean",10.5,0.4,FALSE,190,1.13787761403339,1.12664395718172,0.118138879956062,0.93,0.208320948908347,-0.0112336568516684,"gamma_bin"
"gamma_bin_10.50_3.40","vary_mean",10.5,0.4,FALSE,191,1.77820774658985,1.78216109411075,0.136261052219998,0.94,0.261133687109609,0.00395334752090237,"gamma_bin"
"gamma_bin_10.50_3.40","vary_mean",10.5,0.4,FALSE,192,1.12621869533816,1.14542311280553,0.110846228414206,0.94,0.209100034846981,0.0192044174673669,"gamma_bin"
"gamma_bin_10.50_3.40","vary_mean",10.5,0.4,FALSE,193,1.63142687231341,1.68167893648407,0.123649100977246,0.95,0.253134246368155,0.0502520641706559,"gamma_bin"
"gamma_bin_10.50_3.40","vary_mean",10.5,0.4,FALSE,194,1.9613208229511,2.11418045572391,0.156461112790794,0.75,0.28293038538861,0.15285963277281,"gamma_bin"
"gamma_bin_10.50_3.40","vary_mean",10.5,0.4,FALSE,195,1.62644217295684,1.81136327621142,0.159111742562782,0.67,0.259900240260621,0.18492110325458,"gamma_bin"
"gamma_bin_10.50_3.40","vary_mean",10.5,0.4,FALSE,196,1.22114876712024,1.39754210330364,0.111215182796534,0.62,0.225290062844482,0.1763933361834,"gamma_bin"
"gamma_bin_10.50_3.40","vary_mean",10.5,0.4,FALSE,197,1.08512340553335,1.31955729966212,0.113829875910873,0.39,0.214949805794891,0.23443389412877,"gamma_bin"
"gamma_bin_10.50_3.40","vary_mean",10.5,0.4,FALSE,198,1.22271087570671,1.49375345424079,0.109740253141117,0.29,0.222999368613075,0.27104257853408,"gamma_bin"
"gamma_bin_10.50_3.40","vary_mean",10.5,0.4,FALSE,199,1.2960340351298,1.58778334909727,0.120791709575298,0.25,0.223028616681814,0.291749313967469,"gamma_bin"
"gamma_bin_10.50_3.40","vary_mean",10.5,0.4,FALSE,200,1.66920711624072,1.97508481883292,0.129484953326818,0.26,0.240832341990358,0.305877702592202,"gamma_bin"
"gamma_bin_10.50_3.40","vary_mean",10.5,0.4,FALSE,201,1.16940768861372,1.32204605137174,0.0972632419982868,0.59,0.190998973090472,0.152638362758017,"gamma_bin"
"gamma_bin_10.50_3.40","vary_mean",10.5,0.4,FALSE,202,1.0787760344722,1.21915547896015,0.0957003107815849,0.64,0.178708294449446,0.14037944448795,"gamma_bin"
"gamma_bin_10.50_3.40","vary_mean",10.5,0.4,FALSE,203,0.894614924502778,0.986743188636283,0.0823122513095746,0.75,0.157473433576601,0.0921282641335048,"gamma_bin"
"gamma_bin_10.50_3.40","vary_mean",10.5,0.4,FALSE,204,0.818936942727194,0.911088584102704,0.0686977260949318,0.79,0.148594223274084,0.09215164137551,"gamma_bin"
"gamma_bin_10.50_3.40","vary_mean",10.5,0.4,FALSE,205,0.966688195947552,1.06437527956106,0.0887504206300279,0.79,0.157825868833765,0.0976870836135073,"gamma_bin"
"gamma_bin_10.50_3.40","vary_mean",10.5,0.4,FALSE,206,0.735602657677609,0.781518635707459,0.0667574055372957,0.88,0.133000826271663,0.0459159780298498,"gamma_bin"
"gamma_bin_10.50_3.40","vary_mean",10.5,0.4,FALSE,207,0.854906249805799,0.881542328517227,0.075160528442317,0.92,0.139108207819932,0.0266360787114284,"gamma_bin"
"gamma_bin_10.50_3.40","vary_mean",10.5,0.4,FALSE,208,1.18360616945073,1.1685017849645,0.0813486673044702,0.96,0.158577139353522,-0.0151043844862315,"gamma_bin"
"gamma_bin_10.50_3.40","vary_mean",10.5,0.4,FALSE,209,1.4602885501346,1.38616163048542,0.0897277060115521,0.86,0.171860587514328,-0.0741269196491829,"gamma_bin"
"gamma_bin_10.50_3.40","vary_mean",10.5,0.4,FALSE,210,0.828346816490767,0.776715243210613,0.0711209405106412,0.84,0.128872588255357,-0.0516315732801539,"gamma_bin"
"gamma_bin_10.50_3.40","vary_mean",10.5,0.4,FALSE,211,0.945514704257119,0.900600809060255,0.0647233553805305,0.94,0.13974443159716,-0.0449138951968642,"gamma_bin"
"gamma_bin_10.50_3.40","vary_mean",10.5,0.4,FALSE,212,0.790503634328223,0.783927414578473,0.0705264979151757,0.93,0.131457343606204,-0.00657621974975009,"gamma_bin"
"gamma_bin_10.50_3.40","vary_mean",10.5,0.4,FALSE,213,1.43200091428725,1.45525774484635,0.0872123221900823,0.97,0.180434847173089,0.0232568305591003,"gamma_bin"
"gamma_bin_10.50_3.40","vary_mean",10.5,0.4,FALSE,214,1.11427471246835,1.12556973556074,0.0715827247994858,0.99,0.159037981349689,0.0112950230923927,"gamma_bin"
"gamma_bin_10.50_3.40","vary_mean",10.5,0.4,FALSE,215,1.11570572194133,1.15553553114054,0.0882548993086708,0.92,0.160877702488603,0.0398298091992131,"gamma_bin"
"gamma_bin_10.50_3.40","vary_mean",10.5,0.4,FALSE,216,1.45325455274622,1.48483051469604,0.094275054415203,0.95,0.181809715508829,0.031575961949821,"gamma_bin"
"gamma_bin_10.50_3.40","vary_mean",10.5,0.4,FALSE,217,1.1420513438864,1.16226187224957,0.0909466428661407,0.92,0.160257859829718,0.0202105283631699,"gamma_bin"
"gamma_bin_10.50_3.40","vary_mean",10.5,0.4,FALSE,218,0.657956194341687,0.699472159718012,0.0667627925807842,0.87,0.12382960683199,0.0415159653763255,"gamma_bin"
"gamma_bin_10.50_3.40","vary_mean",10.5,0.4,FALSE,219,1.37055796530381,1.47157245299491,0.0914361149420436,0.81,0.178740756089082,0.101014487691105,"gamma_bin"
"gamma_bin_10.50_3.40","vary_mean",10.5,0.4,FALSE,220,1.1217671045533,1.21161487654201,0.092340459438325,0.78,0.16082784998249,0.0898477719887121,"gamma_bin"
"gamma_bin_10.50_3.40","vary_mean",10.5,0.4,FALSE,221,1.82148085595811,1.94578405300936,0.108173889192732,0.74,0.201649208678667,0.124303197051255,"gamma_bin"
"gamma_bin_10.50_3.40","vary_mean",10.5,0.4,FALSE,222,1.47820728190538,1.55913729266487,0.0921320843328193,0.87,0.178474190654493,0.0809300107594852,"gamma_bin"
"gamma_bin_10.50_3.40","vary_mean",10.5,0.4,FALSE,223,1.22912323671868,1.30684656507986,0.0880764946522044,0.84,0.161596444930833,0.0777233283611849,"gamma_bin"
"gamma_bin_10.50_3.40","vary_mean",10.5,0.4,FALSE,224,1.39166921706407,1.51721277276841,0.0819932424967716,0.75,0.172569565089516,0.125543555704343,"gamma_bin"
"gamma_bin_10.50_3.40","vary_mean",10.5,0.4,FALSE,225,1.02692395020016,1.16747003100657,0.0711204043882237,0.55,0.149766844535914,0.140546080806407,"gamma_bin"
"gamma_bin_10.50_3.40","vary_mean",10.5,0.4,FALSE,226,0.944469227223,1.09082400326191,0.0744116189263284,0.47,0.142467757248413,0.146354776038907,"gamma_bin"
"gamma_bin_10.50_3.40","vary_mean",10.5,0.4,FALSE,227,0.882935394281871,1.00607001792502,0.0687754094223314,0.51,0.13406782715906,0.12313462364315,"gamma_bin"
"gamma_bin_10.50_3.40","vary_mean",10.5,0.4,FALSE,228,1.25451332375843,1.4198443540136,0.0749716221973973,0.4,0.155638078797777,0.165331030255167,"gamma_bin"
"gamma_bin_10.50_3.40","vary_mean",10.5,0.4,FALSE,229,1.46482234027448,1.58833991588204,0.0802785323395798,0.67,0.16093212599999,0.123517575607558,"gamma_bin"
"gamma_bin_10.50_3.40","vary_mean",10.5,0.4,FALSE,230,1.51066180760486,1.57321895282481,0.0909811451732302,0.89,0.157172923784492,0.0625571452199478,"gamma_bin"
"gamma_bin_10.50_3.40","vary_mean",10.5,0.4,FALSE,231,1.76123960010775,1.79011196885748,0.0836778160975323,0.94,0.165518277767937,0.028872368749733,"gamma_bin"
"gamma_bin_10.50_3.40","vary_mean",10.5,0.4,FALSE,232,1.40610248726795,1.46502739270305,0.0682902408067404,0.87,0.148566169556098,0.0589249054351006,"gamma_bin"
"gamma_bin_10.50_3.40","vary_mean",10.5,0.4,FALSE,233,1.50839208568838,1.65782776514128,0.0721499863653301,0.5,0.157157800707567,0.149435679452905,"gamma_bin"
"gamma_bin_10.50_3.40","vary_mean",10.5,0.4,FALSE,234,2.14809922234943,2.46912633526481,0.0912765848715519,0.07,0.190060942436824,0.321027112915381,"gamma_bin"
"gamma_bin_10.50_3.40","vary_mean",10.5,0.4,FALSE,235,1.77316147702833,2.10193813964068,0.0992590392341757,0.03,0.172711200409247,0.328776662612354,"gamma_bin"
"gamma_bin_10.50_3.40","vary_mean",10.5,0.4,FALSE,236,1.73482506410384,2.11533356764023,0.0967058719076011,0.02,0.169387866299827,0.380508503536394,"gamma_bin"
"gamma_bin_10.50_3.40","vary_mean",10.5,0.4,FALSE,237,1.62267353351007,2.01575749211893,0.101047210151393,0,0.160623309579883,0.393083958608857,"gamma_bin"
"gamma_bin_10.50_3.40","vary_mean",10.5,0.4,FALSE,238,1.18124992154851,1.49587625791103,0.0679572351826465,0,0.133827473650569,0.314626336362518,"gamma_bin"
"gamma_bin_10.50_3.40","vary_mean",10.5,0.4,FALSE,239,1.18465305674865,1.51988263732602,0.076344293387685,0.01,0.129935205169324,0.335229580577372,"gamma_bin"
"gamma_bin_10.50_3.40","vary_mean",10.5,0.4,FALSE,240,1.4168407618799,1.80023679098026,0.0743900629195413,0,0.135844163257102,0.383396029100356,"gamma_bin"
"gamma_bin_10.50_3.40","vary_mean",10.5,0.4,FALSE,241,1.25636383468336,1.53053688591192,0.057908517302836,0,0.120257988299791,0.274173051228555,"gamma_bin"
"gamma_bin_10.50_3.40","vary_mean",10.5,0.4,FALSE,242,1.12127216596798,1.31705344416366,0.0577907743899896,0.04,0.107426289520011,0.195781278195677,"gamma_bin"
"gamma_bin_10.50_3.40","vary_mean",10.5,0.4,FALSE,243,1.35468577162437,1.53619052676804,0.0577312996011156,0.09,0.112277559332593,0.181504755143666,"gamma_bin"
"gamma_bin_10.50_3.40","vary_mean",10.5,0.4,FALSE,244,1.01073025572083,1.13413629707649,0.0501101495405208,0.27,0.0939896179225421,0.123406041355658,"gamma_bin"
"gamma_bin_10.50_3.40","vary_mean",10.5,0.4,FALSE,245,1.09869262296579,1.21096562740277,0.0473172436733385,0.37,0.0950793696072893,0.112273004436977,"gamma_bin"
"gamma_bin_10.50_3.40","vary_mean",10.5,0.4,FALSE,246,1.01867243248783,1.10792610468323,0.0459559708263295,0.49,0.0893699037359802,0.0892536721953987,"gamma_bin"
"gamma_bin_10.50_3.40","vary_mean",10.5,0.4,FALSE,247,0.933300548697082,1.01499897152015,0.0429203761792253,0.49,0.0842826466868364,0.0816984228230693,"gamma_bin"
"gamma_bin_10.50_3.40","vary_mean",10.5,0.4,FALSE,248,1.07521131224965,1.13604159713985,0.0443983460663202,0.74,0.0879906732100242,0.0608302848902011,"gamma_bin"
"gamma_bin_10.50_3.40","vary_mean",10.5,0.4,FALSE,249,1.30368079751671,1.3594439947003,0.0446691805884428,0.8,0.0951594978742497,0.0557631971835888,"gamma_bin"
"gamma_bin_10.50_3.40","vary_mean",10.5,0.4,FALSE,250,1.41725036624756,1.45254141944517,0.0496629531432825,0.89,0.0974589542620585,0.0352910531976103,"gamma_bin"
"gamma_bin_10.50_3.40","vary_mean",10.5,0.4,FALSE,251,1.14473843834061,1.16344067533221,0.040393099703991,0.97,0.0866546244145759,0.0187022369915981,"gamma_bin"
"gamma_bin_10.50_3.40","vary_mean",10.5,0.4,FALSE,252,1.28957905264017,1.32727469003989,0.0522678607498051,0.83,0.0920860714539374,0.0376956373997186,"gamma_bin"
"gamma_bin_10.50_3.40","vary_mean",10.5,0.4,FALSE,253,1.41164181175606,1.48925673734632,0.0471861567260255,0.63,0.097183396062903,0.0776149255902576,"gamma_bin"
"gamma_bin_12.00_3.40","vary_mean",12,0.6,FALSE,1,4.64176734711438,54.2773414392576,2.60868738655157,0,4.94927174871223,49.6355740921432,"gamma_bin"
"gamma_bin_12.00_3.40","vary_mean",12,0.6,FALSE,2,5.74184883880713,59.2085376179644,1.90972658148132,0,3.8543216691441,53.4666887791573,"gamma_bin"
"gamma_bin_12.00_3.40","vary_mean",12,0.6,FALSE,3,3.25033439563944,26.4301611933574,0.854342107448235,0,1.90392519762383,23.179826797718,"gamma_bin"
"gamma_bin_12.00_3.40","vary_mean",12,0.6,FALSE,4,6.73935287829888,41.1772680999944,1.00673319540969,0,1.78137503554924,34.4379152216955,"gamma_bin"
"gamma_bin_12.00_3.40","vary_mean",12,0.6,FALSE,5,2.43636854796088,11.2599315273441,0.41266175621596,0,0.719268815704549,8.82356297938327,"gamma_bin"
"gamma_bin_12.00_3.40","vary_mean",12,0.6,FALSE,6,1.74494772539268,6.54859384494663,0.235015178459516,0,0.438917983448515,4.80364611955395,"gamma_bin"
"gamma_bin_12.00_3.40","vary_mean",12,0.6,FALSE,7,2.62517926045569,8.4810627903763,0.2336180211777,0,0.413748518372321,5.85588352992061,"gamma_bin"
"gamma_bin_12.00_3.40","vary_mean",12,0.6,FALSE,8,1.22911307977452,3.46977396808949,0.135004286838378,0,0.225624275505665,2.24066088831497,"gamma_bin"
"gamma_bin_12.00_3.40","vary_mean",12,0.6,FALSE,9,2.39904651254038,5.83035593079409,0.154938192166607,0,0.254740243249835,3.43130941825371,"gamma_bin"
"gamma_bin_12.00_3.40","vary_mean",12,0.6,FALSE,10,1.19484574307971,2.51971354539119,0.0786021149997983,0,0.148178371030014,1.32486780231148,"gamma_bin"
"gamma_bin_12.00_3.40","vary_mean",12,0.6,FALSE,11,1.32897619591253,2.47062589954508,0.076022281064809,0,0.131702679114843,1.14164970363255,"gamma_bin"
"gamma_bin_12.00_3.40","vary_mean",12,0.6,FALSE,12,1.45959821408832,2.43408094474591,0.066970749922057,0,0.119122911383113,0.974482730657585,"gamma_bin"
"gamma_bin_12.00_3.40","vary_mean",12,0.6,FALSE,13,1.71530804750948,2.60934300379981,0.065680210064446,0,0.114136233597037,0.894034956290333,"gamma_bin"
"gamma_bin_12.00_3.40","vary_mean",12,0.6,FALSE,14,1.05182866123244,1.48095362212896,0.0440707482534948,0,0.0807006750942655,0.429124960896519,"gamma_bin"
"gamma_bin_12.00_3.40","vary_mean",12,0.6,FALSE,15,1.02510010675531,1.36016141114745,0.0327132719399483,0,0.0734447039860478,0.335061304392136,"gamma_bin"
"gamma_bin_12.00_3.40","vary_mean",12,0.6,FALSE,16,1.25252014867933,1.60471466154639,0.0403522607505579,0,0.0764630562598251,0.352194512867064,"gamma_bin"
"gamma_bin_12.00_3.40","vary_mean",12,0.6,FALSE,17,1.21525733695915,1.50715480895122,0.0376402846907051,0,0.0715467959696765,0.291897471992067,"gamma_bin"
"gamma_bin_12.00_3.40","vary_mean",12,0.6,FALSE,18,0.979230198394809,1.1693843140719,0.0309871468936208,0,0.0611741440876301,0.190154115677091,"gamma_bin"
"gamma_bin_12.00_3.40","vary_mean",12,0.6,FALSE,19,1.02544833790337,1.19646241725727,0.0285676189678638,0,0.0602971851142008,0.171014079353903,"gamma_bin"
"gamma_bin_12.00_3.40","vary_mean",12,0.6,FALSE,20,1.03933643277786,1.17584398671222,0.027413038868901,0,0.0584392721539106,0.136507553934358,"gamma_bin"
"gamma_bin_12.00_3.40","vary_mean",12,0.6,FALSE,21,1.31704644033967,1.45010331876777,0.0305154796280176,0.02,0.0636593039755605,0.133056878428104,"gamma_bin"
"gamma_bin_12.00_3.40","vary_mean",12,0.6,FALSE,22,1.01626238281987,1.08642942730044,0.0258312874540888,0.25,0.054242328229689,0.070167044480574,"gamma_bin"
"gamma_bin_12.00_3.40","vary_mean",12,0.6,FALSE,23,0.750219977978433,0.792425125590114,0.0258028214670635,0.55,0.0457515001102702,0.0422051476116814,"gamma_bin"
"gamma_bin_12.00_3.40","vary_mean",12,0.6,FALSE,24,0.68680573053247,0.719815886693151,0.0220454809255989,0.63,0.043196460831946,0.0330101561606815,"gamma_bin"
"gamma_bin_12.00_3.40","vary_mean",12,0.6,FALSE,25,1.09137562864791,1.13763290551404,0.0272051747561029,0.6,0.0539254921496018,0.0462572768661287,"gamma_bin"
"gamma_bin_12.00_3.40","vary_mean",12,0.6,FALSE,26,0.741057834922739,0.75756185523585,0.0208480414788237,0.9,0.0437637712212921,0.0165040203131108,"gamma_bin"
"gamma_bin_12.00_3.40","vary_mean",12,0.6,FALSE,27,0.768534353981288,0.765006532965347,0.0205665185011819,0.96,0.043771733891998,-0.00352782101594051,"gamma_bin"
"gamma_bin_12.00_3.40","vary_mean",12,0.6,FALSE,28,0.752768210408917,0.727758583076885,0.0224068938324754,0.77,0.0425202247668653,-0.0250096273320316,"gamma_bin"
"gamma_bin_12.00_3.40","vary_mean",12,0.6,FALSE,29,0.700189279957523,0.658902203338377,0.019913723772347,0.59,0.0403611741846873,-0.0412870766191457,"gamma_bin"
"gamma_bin_12.00_3.40","vary_mean",12,0.6,FALSE,30,0.555240242382622,0.511045272566333,0.019792527854456,0.31,0.0355618228471855,-0.0441949698162889,"gamma_bin"
"gamma_bin_12.00_3.40","vary_mean",12,0.6,FALSE,31,0.584450640057208,0.517091317858042,0.0161093535588146,0.01,0.0359207943836303,-0.0673593221991656,"gamma_bin"
"gamma_bin_12.00_3.40","vary_mean",12,0.6,FALSE,32,0.680297862250013,0.584495728931917,0.0196417227453313,0,0.0384866953025283,-0.0958021333180962,"gamma_bin"
"gamma_bin_12.00_3.40","vary_mean",12,0.6,FALSE,33,0.95896579009836,0.802163423366984,0.0239917787881903,0,0.0455869464766338,-0.156802366731376,"gamma_bin"
"gamma_bin_12.00_3.40","vary_mean",12,0.6,FALSE,34,1.26713544933213,1.0313862737066,0.0253149783911347,0,0.0524191597156602,-0.235749175625525,"gamma_bin"
"gamma_bin_12.00_3.40","vary_mean",12,0.6,FALSE,35,1.32835487275134,1.05554869139981,0.0245429186097578,0,0.0539334490216048,-0.272806181351534,"gamma_bin"
"gamma_bin_12.00_3.40","vary_mean",12,0.6,FALSE,36,0.820532179912435,0.659835760935623,0.0214058244578527,0,0.0435011198447735,-0.160696418976812,"gamma_bin"
"gamma_bin_12.00_3.40","vary_mean",12,0.6,FALSE,37,0.605066948223753,0.513631404836378,0.0194468017818849,0.01,0.0392753724225345,-0.0914355433873754,"gamma_bin"
"gamma_bin_12.00_3.40","vary_mean",12,0.6,FALSE,38,0.480613317476216,0.437234071166149,0.0214205234886617,0.41,0.0371517003041746,-0.0433792463100672,"gamma_bin"
"gamma_bin_12.00_3.40","vary_mean",12,0.6,FALSE,39,0.729684595490469,0.703736435965276,0.0236846270086531,0.83,0.0482802534660859,-0.0259481595251926,"gamma_bin"
"gamma_bin_12.00_3.40","vary_mean",12,0.6,FALSE,40,0.815117093248404,0.798217783383167,0.0272956789209265,0.89,0.0524038337574981,-0.0168993098652369,"gamma_bin"
"gamma_bin_12.00_3.40","vary_mean",12,0.6,FALSE,41,0.615435524003123,0.592602320379573,0.0239043485374322,0.82,0.0456608740757557,-0.0228332036235505,"gamma_bin"
"gamma_bin_12.00_3.40","vary_mean",12,0.6,FALSE,42,0.771681049543453,0.712064527401793,0.0231959979688574,0.35,0.0502573360441816,-0.0596165221416601,"gamma_bin"
"gamma_bin_12.00_3.40","vary_mean",12,0.6,FALSE,43,0.638637642797715,0.561076971106104,0.0223871201134283,0.09,0.0446621004975595,-0.0775606716916106,"gamma_bin"
"gamma_bin_12.00_3.40","vary_mean",12,0.6,FALSE,44,0.502607638572081,0.416780846896017,0.0203252646229327,0.03,0.0386233438934046,-0.0858267916760636,"gamma_bin"
"gamma_bin_12.00_3.40","vary_mean",12,0.6,FALSE,45,0.419348773276434,0.342529878517298,0.018305885789517,0.03,0.0353369412363979,-0.0768188947591359,"gamma_bin"
"gamma_bin_12.00_3.40","vary_mean",12,0.6,FALSE,46,0.532523289397014,0.422779497317838,0.0212366198198831,0,0.0398887192750375,-0.109743792079176,"gamma_bin"
"gamma_bin_12.00_3.40","vary_mean",12,0.6,FALSE,47,0.748164536979726,0.578767576163244,0.0238877684082742,0,0.0476690607343696,-0.169396960816482,"gamma_bin"
"gamma_bin_12.00_3.40","vary_mean",12,0.6,FALSE,48,0.699597036363356,0.533274984340216,0.0218547160591083,0,0.0468974019287013,-0.16632205202314,"gamma_bin"
"gamma_bin_12.00_3.40","vary_mean",12,0.6,FALSE,49,0.840634610500807,0.625429018967796,0.0259349292092374,0,0.0521401126430985,-0.215205591533011,"gamma_bin"
"gamma_bin_12.00_3.40","vary_mean",12,0.6,FALSE,50,0.605572567510499,0.44096075469096,0.0220670685004742,0,0.0450170784105887,-0.164611812819539,"gamma_bin"
"gamma_bin_12.00_3.40","vary_mean",12,0.6,FALSE,51,0.551154795645625,0.407456901644026,0.02260293909428,0,0.0445955138999533,-0.143697894001598,"gamma_bin"
"gamma_bin_12.00_3.40","vary_mean",12,0.6,FALSE,52,0.382419782215341,0.286009087445015,0.0225534986407974,0.01,0.0385938029057568,-0.0964106947703257,"gamma_bin"
"gamma_bin_12.00_3.40","vary_mean",12,0.6,FALSE,53,0.67605453850849,0.520846481892682,0.0326921125434067,0,0.0539298424216656,-0.155208056615808,"gamma_bin"
"gamma_bin_12.00_3.40","vary_mean",12,0.6,FALSE,54,0.67389745281474,0.525903512192767,0.028413262809499,0,0.0561095609901856,-0.147993940621973,"gamma_bin"
"gamma_bin_12.00_3.40","vary_mean",12,0.6,FALSE,55,0.928654307802489,0.718416421961818,0.039701333973246,0,0.067750082306564,-0.210237885840671,"gamma_bin"
"gamma_bin_12.00_3.40","vary_mean",12,0.6,FALSE,56,0.750444909156983,0.577208262670599,0.0339559400467714,0,0.0625521353817997,-0.173236646486384,"gamma_bin"
"gamma_bin_12.00_3.40","vary_mean",12,0.6,FALSE,57,0.713559496047443,0.543331661184394,0.0342506178529994,0,0.0623774192970644,-0.170227834863049,"gamma_bin"
"gamma_bin_12.00_3.40","vary_mean",12,0.6,FALSE,58,0.492127182876667,0.38175478126764,0.0270766509944512,0.02,0.0537328529782339,-0.110372401609028,"gamma_bin"
"gamma_bin_12.00_3.40","vary_mean",12,0.6,FALSE,59,0.488121905081673,0.381915536934088,0.0316383400873026,0.06,0.0552877931729757,-0.106206368147585,"gamma_bin"
"gamma_bin_12.00_3.40","vary_mean",12,0.6,FALSE,60,0.671861168143052,0.548492396510581,0.0336670993326506,0.08,0.0682920291094577,-0.123368771632471,"gamma_bin"
"gamma_bin_12.00_3.40","vary_mean",12,0.6,FALSE,61,0.791762464983911,0.649358740229767,0.0393418419037006,0.07,0.0765200588671661,-0.142403724754144,"gamma_bin"
"gamma_bin_12.00_3.40","vary_mean",12,0.6,FALSE,62,0.652922492639065,0.531400638960328,0.040430405192029,0.16,0.0711206125560746,-0.121521853678737,"gamma_bin"
"gamma_bin_12.00_3.40","vary_mean",12,0.6,FALSE,63,0.613891069127135,0.48674660271882,0.0364253891502549,0.1,0.069755066730725,-0.127144466408315,"gamma_bin"
"gamma_bin_12.00_3.40","vary_mean",12,0.6,FALSE,64,0.747174650317661,0.587290252561731,0.0422787318237254,0.06,0.0783809536240667,-0.15988439775593,"gamma_bin"
"gamma_bin_12.00_3.40","vary_mean",12,0.6,FALSE,65,0.706701130088712,0.556861128371777,0.0371901472686675,0.05,0.0781308729858298,-0.149840001716935,"gamma_bin"
"gamma_bin_12.00_3.40","vary_mean",12,0.6,FALSE,66,0.51187393654748,0.401532607697577,0.034049837225237,0.15,0.0680358519698208,-0.110341328849903,"gamma_bin"
"gamma_bin_12.00_3.40","vary_mean",12,0.6,FALSE,67,0.670601402325688,0.525394856495265,0.0402018415721004,0.07,0.0799724883532025,-0.145206545830423,"gamma_bin"
"gamma_bin_12.00_3.40","vary_mean",12,0.6,FALSE,68,1.17253163081397,0.925229758126808,0.0571000297580863,0.02,0.109176242735482,-0.247301872687162,"gamma_bin"
"gamma_bin_12.00_3.40","vary_mean",12,0.6,FALSE,69,1.09882955126721,0.861608732727346,0.0568807839603436,0.03,0.108339043234674,-0.237220818539864,"gamma_bin"
"gamma_bin_12.00_3.40","vary_mean",12,0.6,FALSE,70,0.864010024055233,0.690771824110204,0.0422457412747825,0.06,0.0996782245742209,-0.173238199945029,"gamma_bin"
"gamma_bin_12.00_3.40","vary_mean",12,0.6,FALSE,71,0.715098113998147,0.589335731695826,0.047084959707555,0.33,0.0944636052711371,-0.125762382302321,"gamma_bin"
"gamma_bin_12.00_3.40","vary_mean",12,0.6,FALSE,72,0.5778146754347,0.506219108310645,0.0504790428125766,0.67,0.0897318917811996,-0.0715955671240548,"gamma_bin"
"gamma_bin_12.00_3.40","vary_mean",12,0.6,FALSE,73,0.968098548670386,0.877763297142956,0.0647224571830759,0.67,0.121071759491799,-0.0903352515274299,"gamma_bin"
"gamma_bin_12.00_3.40","vary_mean",12,0.6,FALSE,74,0.655349167508219,0.610340027152792,0.052933786432506,0.84,0.103112981639265,-0.0450091403554269,"gamma_bin"
"gamma_bin_12.00_3.40","vary_mean",12,0.6,FALSE,75,0.59977224361632,0.545515717821055,0.0586297102948925,0.79,0.0990871864489899,-0.0542565257952645,"gamma_bin"
"gamma_bin_12.00_3.40","vary_mean",12,0.6,FALSE,76,0.795810456805532,0.731429713321066,0.0627677979829112,0.81,0.116126721262657,-0.0643807434844663,"gamma_bin"
"gamma_bin_12.00_3.40","vary_mean",12,0.6,FALSE,77,0.873668877519834,0.786045572396421,0.0609355062225658,0.69,0.121473002555664,-0.0876233051234127,"gamma_bin"
"gamma_bin_12.00_3.40","vary_mean",12,0.6,FALSE,78,0.655524310026793,0.57362356119602,0.0530670030007132,0.72,0.104557823283592,-0.0819007488307733,"gamma_bin"
"gamma_bin_12.00_3.40","vary_mean",12,0.6,FALSE,79,0.810623636163075,0.684140086519389,0.0526887222124767,0.55,0.115328675280237,-0.126483549643686,"gamma_bin"
"gamma_bin_12.00_3.40","vary_mean",12,0.6,FALSE,80,0.610456557383718,0.524740237272844,0.0528816100496646,0.62,0.102288018952125,-0.0857163201108738,"gamma_bin"
"gamma_bin_12.00_3.40","vary_mean",12,0.6,FALSE,81,0.859858611274139,0.715754024528152,0.0655269595638126,0.41,0.121490228392205,-0.144104586745987,"gamma_bin"
"gamma_bin_12.00_3.40","vary_mean",12,0.6,FALSE,82,0.71793472208637,0.597575764890015,0.057377493050982,0.44,0.113129090506486,-0.120358957196355,"gamma_bin"
"gamma_bin_12.00_3.40","vary_mean",12,0.6,FALSE,83,0.992203959261976,0.823657677127081,0.0743419696814037,0.37,0.135560706134633,-0.168546282134895,"gamma_bin"
"gamma_bin_12.00_3.40","vary_mean",12,0.6,FALSE,84,1.12541562776308,0.962257358023631,0.081844302803847,0.47,0.149640516670426,-0.163158269739449,"gamma_bin"
"gamma_bin_12.00_3.40","vary_mean",12,0.6,FALSE,85,0.719081428835968,0.606539113207166,0.0645534337612023,0.58,0.121192357464344,-0.112542315628802,"gamma_bin"
"gamma_bin_12.00_3.40","vary_mean",12,0.6,FALSE,86,0.84752493125734,0.748513535205169,0.0721467706029967,0.74,0.137336377489086,-0.099011396052171,"gamma_bin"
"gamma_bin_12.00_3.40","vary_mean",12,0.6,FALSE,87,0.855021916180829,0.767079435451267,0.0671116776911534,0.81,0.141709503057536,-0.087942480729562,"gamma_bin"
"gamma_bin_12.00_3.40","vary_mean",12,0.6,FALSE,88,1.05231211723794,0.965208066257023,0.0974826173262674,0.79,0.161751110956324,-0.0871040509809166,"gamma_bin"
"gamma_bin_12.00_3.40","vary_mean",12,0.6,FALSE,89,0.736245763604483,0.675338667919278,0.064677259151504,0.9,0.13749621222517,-0.0609070956852049,"gamma_bin"
"gamma_bin_12.00_3.40","vary_mean",12,0.6,FALSE,90,0.910435800275709,0.849574300110216,0.0849298669396662,0.87,0.15624321951358,-0.0608615001654929,"gamma_bin"
"gamma_bin_12.00_3.40","vary_mean",12,0.6,FALSE,91,0.875373992276142,0.829027925254503,0.0686347233082202,0.95,0.155891097500864,-0.0463460670216395,"gamma_bin"
"gamma_bin_12.00_3.40","vary_mean",12,0.6,FALSE,92,1.13308580158326,1.06225374186748,0.0865954651615597,0.94,0.17781851078462,-0.0708320597157783,"gamma_bin"
"gamma_bin_12.00_3.40","vary_mean",12,0.6,FALSE,93,0.779622317935819,0.730447566601004,0.0852541749018775,0.86,0.148364818466315,-0.0491747513348152,"gamma_bin"
"gamma_bin_12.00_3.40","vary_mean",12,0.6,FALSE,94,0.738590807925372,0.688188909812365,0.0709767996329125,0.89,0.144992966558898,-0.050401898113007,"gamma_bin"
"gamma_bin_12.00_3.40","vary_mean",12,0.6,FALSE,95,0.736386067431423,0.697489693490759,0.0736015459158946,0.93,0.146937487711787,-0.0388963739406645,"gamma_bin"
"gamma_bin_12.00_3.40","vary_mean",12,0.6,FALSE,96,0.940470991453404,0.902481921160327,0.0915699166230296,0.92,0.168349941058335,-0.0379890702930765,"gamma_bin"
"gamma_bin_12.00_3.40","vary_mean",12,0.6,FALSE,97,0.92681020267862,0.8802870913858,0.0807705122084852,0.93,0.167637674729316,-0.0465231112928197,"gamma_bin"
"gamma_bin_12.00_3.40","vary_mean",12,0.6,FALSE,98,0.805264800704658,0.730132946243833,0.0830900481352989,0.81,0.153735753590925,-0.0751318544608247,"gamma_bin"
"gamma_bin_12.00_3.40","vary_mean",12,0.6,FALSE,99,0.96897608307621,0.891528082556218,0.0834345526832417,0.89,0.1711685926889,-0.0774480005199916,"gamma_bin"
"gamma_bin_12.00_3.40","vary_mean",12,0.6,FALSE,100,0.483332995262756,0.441741516621744,0.0584284060512902,0.91,0.121401351576058,-0.0415914786410116,"gamma_bin"
"gamma_bin_12.00_3.40","vary_mean",12,0.6,FALSE,101,0.66077716283239,0.604317535485019,0.0689145943939792,0.91,0.143346736067832,-0.0564596273473711,"gamma_bin"
"gamma_bin_12.00_3.40","vary_mean",12,0.6,FALSE,102,0.655745239910364,0.595642090179357,0.0745501978419801,0.84,0.143759095233415,-0.0601031497310075,"gamma_bin"
"gamma_bin_12.00_3.40","vary_mean",12,0.6,FALSE,103,1.19599908198214,1.07200571610046,0.0926665000296576,0.8,0.195145270641524,-0.123993365881682,"gamma_bin"
"gamma_bin_12.00_3.40","vary_mean",12,0.6,FALSE,104,1.52020654998133,1.32486543657034,0.120820040650891,0.58,0.21932245944062,-0.195341113410991,"gamma_bin"
"gamma_bin_12.00_3.40","vary_mean",12,0.6,FALSE,105,1.10303826313934,0.950036498481153,0.115036179858933,0.63,0.187689379433995,-0.153001764658187,"gamma_bin"
"gamma_bin_12.00_3.40","vary_mean",12,0.6,FALSE,106,0.895258886773757,0.793547226853948,0.0842940905919076,0.86,0.173791322668622,-0.101711659919809,"gamma_bin"
"gamma_bin_12.00_3.40","vary_mean",12,0.6,FALSE,107,0.603016892421566,0.552759169549678,0.0722376837053418,0.89,0.147164095375643,-0.0502577228718885,"gamma_bin"
"gamma_bin_12.00_3.40","vary_mean",12,0.6,FALSE,108,1.07762321196894,1.0446947193565,0.113043414201692,0.93,0.205716036748122,-0.0329284926124402,"gamma_bin"
"gamma_bin_12.00_3.40","vary_mean",12,0.6,FALSE,109,1.67936751135944,1.70729183140113,0.133337063074793,0.98,0.267357496254367,0.027924320041695,"gamma_bin"
"gamma_bin_12.00_3.40","vary_mean",12,0.6,FALSE,110,0.778512854791425,0.814841114902087,0.105839444574331,0.89,0.186619460196804,0.0363282601106625,"gamma_bin"
"gamma_bin_12.00_3.40","vary_mean",12,0.6,FALSE,111,0.992005341124613,1.01810014464058,0.099773276196954,0.96,0.209670611847677,0.026094803515964,"gamma_bin"
"gamma_bin_12.00_3.40","vary_mean",12,0.6,FALSE,112,1.07688074493023,1.13966391944376,0.112378192670794,0.91,0.221423361501666,0.0627831745135272,"gamma_bin"
"gamma_bin_12.00_3.40","vary_mean",12,0.6,FALSE,113,0.702400819858529,0.750607649788055,0.100608242681247,0.88,0.178657425382111,0.0482068299295263,"gamma_bin"
"gamma_bin_12.00_3.40","vary_mean",12,0.6,FALSE,114,0.976066509197994,1.02359822066082,0.130373802911443,0.85,0.207565093935736,0.0475317114628281,"gamma_bin"
"gamma_bin_12.00_3.40","vary_mean",12,0.6,FALSE,115,1.23867756628513,1.30499119290776,0.120776506625043,0.89,0.233339941753697,0.0663136266226299,"gamma_bin"
"gamma_bin_12.00_3.40","vary_mean",12,0.6,FALSE,116,1.16180338965973,1.18595564067434,0.125569684140782,0.94,0.221207854890558,0.0241522510146104,"gamma_bin"
"gamma_bin_12.00_3.40","vary_mean",12,0.6,FALSE,117,1.19462029108814,1.19276835967511,0.131115017270226,0.88,0.22081035899719,-0.00185193141303208,"gamma_bin"
"gamma_bin_12.00_3.40","vary_mean",12,0.6,FALSE,118,1.16321995780671,1.17623044857548,0.11203800613203,0.93,0.21840383811239,0.0130104907687743,"gamma_bin"
"gamma_bin_12.00_3.40","vary_mean",12,0.6,FALSE,119,1.07032628214879,1.07127189116668,0.124006227049984,0.91,0.207888393481705,0.000945609017888538,"gamma_bin"
"gamma_bin_12.00_3.40","vary_mean",12,0.6,FALSE,120,0.877757633134012,0.902865305414545,0.0971904467151136,0.94,0.190898879828433,0.0251076722805332,"gamma_bin"
"gamma_bin_12.00_3.40","vary_mean",12,0.6,FALSE,121,1.36755731263547,1.43163126823332,0.123310166299766,0.9,0.240558792036305,0.0640739555978502,"gamma_bin"
"gamma_bin_12.00_3.40","vary_mean",12,0.6,FALSE,122,0.835796444244159,0.900058589744831,0.103050528812205,0.93,0.190531644236618,0.064262145500672,"gamma_bin"
"gamma_bin_12.00_3.40","vary_mean",12,0.6,FALSE,123,1.26724551805682,1.37408669658172,0.121916788506902,0.87,0.23488738809507,0.106841178524897,"gamma_bin"
"gamma_bin_12.00_3.40","vary_mean",12,0.6,FALSE,124,0.969129898643769,1.04798555364891,0.0977713973487306,0.9,0.203769621929477,0.0788556550051444,"gamma_bin"
"gamma_bin_12.00_3.40","vary_mean",12,0.6,FALSE,125,0.847338782890042,0.91646879589877,0.103849132225321,0.86,0.18887441713603,0.0691300130087277,"gamma_bin"
"gamma_bin_12.00_3.40","vary_mean",12,0.6,FALSE,126,0.715564882412269,0.767032125462357,0.0887411856105112,0.92,0.171442525929915,0.0514672430500883,"gamma_bin"
"gamma_bin_12.00_3.40","vary_mean",12,0.6,FALSE,127,0.94782383341486,0.996788024250907,0.103225472769972,0.93,0.193979446561397,0.0489641908360472,"gamma_bin"
"gamma_bin_12.00_3.40","vary_mean",12,0.6,FALSE,128,0.685081694959754,0.713541706292923,0.0740368182287068,0.96,0.163269218694289,0.0284600113331691,"gamma_bin"
"gamma_bin_12.00_3.40","vary_mean",12,0.6,FALSE,129,0.940719567434955,0.943708095213621,0.0865946411599747,0.95,0.186644160546165,0.00298852777866609,"gamma_bin"
"gamma_bin_12.00_3.40","vary_mean",12,0.6,FALSE,130,0.882735861931285,0.857730969003658,0.0945148842469875,0.92,0.177211984992799,-0.0250048929276271,"gamma_bin"
"gamma_bin_12.00_3.40","vary_mean",12,0.6,FALSE,131,0.908592867608554,0.872294960164988,0.0877565262617038,0.94,0.17843134582482,-0.0362979074435664,"gamma_bin"
"gamma_bin_12.00_3.40","vary_mean",12,0.6,FALSE,132,0.919571358645804,0.85050762060829,0.0830088463990117,0.89,0.176351672023946,-0.0690637380375134,"gamma_bin"
"gamma_bin_12.00_3.40","vary_mean",12,0.6,FALSE,133,0.772870216905444,0.6853451887839,0.0750418508634295,0.87,0.159032188121365,-0.0875250281215443,"gamma_bin"
"gamma_bin_12.00_3.40","vary_mean",12,0.6,FALSE,134,0.850110615604727,0.785628609495427,0.0868541475782015,0.92,0.171616209505859,-0.0644820061093002,"gamma_bin"
"gamma_bin_12.00_3.40","vary_mean",12,0.6,FALSE,135,0.784750966748685,0.727114564167789,0.0916705758503378,0.87,0.166781247523683,-0.0576364025808964,"gamma_bin"
"gamma_bin_12.00_3.40","vary_mean",12,0.6,FALSE,136,0.974669466757976,0.893442917364978,0.108971662168803,0.83,0.186980392807595,-0.0812265493929976,"gamma_bin"
"gamma_bin_12.00_3.40","vary_mean",12,0.6,FALSE,137,0.984151011066472,0.908314744323602,0.0914011966286613,0.88,0.190962889169633,-0.0758362667428696,"gamma_bin"
"gamma_bin_12.00_3.40","vary_mean",12,0.6,FALSE,138,1.1907508581573,1.08153621021586,0.114595471698987,0.83,0.210295291108672,-0.109214647941439,"gamma_bin"
"gamma_bin_12.00_3.40","vary_mean",12,0.6,FALSE,139,1.38368582408824,1.28462017727268,0.124270083397047,0.86,0.231448077257876,-0.0990656468155595,"gamma_bin"
"gamma_bin_12.00_3.40","vary_mean",12,0.6,FALSE,140,0.815817246340058,0.763460568564932,0.100078901606913,0.87,0.179904320229568,-0.0523566777751259,"gamma_bin"
"gamma_bin_12.00_3.40","vary_mean",12,0.6,FALSE,141,0.948708845408202,0.917786968565214,0.0993344565405228,0.93,0.19937343534824,-0.0309218768429882,"gamma_bin"
"gamma_bin_12.00_3.40","vary_mean",12,0.6,FALSE,142,0.887913521021147,0.895831910342752,0.102180644493636,0.96,0.198825853043824,0.00791838932160516,"gamma_bin"
"gamma_bin_12.00_3.40","vary_mean",12,0.6,FALSE,143,1.33195215209727,1.38292555846702,0.125065197982975,0.94,0.248891983467588,0.050973406369754,"gamma_bin"
"gamma_bin_12.00_3.40","vary_mean",12,0.6,FALSE,144,1.33130915175386,1.37166767652908,0.129328890226269,0.94,0.249010763487593,0.0403585247752163,"gamma_bin"
"gamma_bin_12.00_3.40","vary_mean",12,0.6,FALSE,145,1.36040954450305,1.42137620747458,0.124455360401723,0.91,0.253620747898047,0.0609666629715282,"gamma_bin"
"gamma_bin_12.00_3.40","vary_mean",12,0.6,FALSE,146,1.03071516120352,1.08106391308279,0.105836749439983,0.96,0.220446591134686,0.0503487518792736,"gamma_bin"
"gamma_bin_12.00_3.40","vary_mean",12,0.6,FALSE,147,1.01542687773298,1.08407688076977,0.110381064268722,0.93,0.219622304659309,0.0686500030367867,"gamma_bin"
"gamma_bin_12.00_3.40","vary_mean",12,0.6,FALSE,148,0.918038272830281,0.998632043134831,0.103216586645948,0.91,0.209925856441098,0.08059377030455,"gamma_bin"
"gamma_bin_12.00_3.40","vary_mean",12,0.6,FALSE,149,0.795403147880171,0.881363583729495,0.104597237805121,0.87,0.195988610503538,0.0859604358493243,"gamma_bin"
"gamma_bin_12.00_3.40","vary_mean",12,0.6,FALSE,150,0.947076494147123,1.03816987919008,0.122330149750504,0.81,0.211198079161765,0.0910933850429552,"gamma_bin"
"gamma_bin_12.00_3.40","vary_mean",12,0.6,FALSE,151,0.838902415667924,0.912071400566319,0.0975811480203678,0.86,0.196168173414936,0.0731689848983954,"gamma_bin"
"gamma_bin_12.00_3.40","vary_mean",12,0.6,FALSE,152,1.10280245382765,1.16814541302978,0.105834458998013,0.91,0.219688359604879,0.0653429592021331,"gamma_bin"
"gamma_bin_12.00_3.40","vary_mean",12,0.6,FALSE,153,1.09815440539428,1.09075764727816,0.0998801008297171,0.97,0.209888114098527,-0.00739675811611584,"gamma_bin"
"gamma_bin_12.00_3.40","vary_mean",12,0.6,FALSE,154,0.933699509626363,0.893573180799171,0.11206087934042,0.89,0.188321492490012,-0.040126328827192,"gamma_bin"
"gamma_bin_12.00_3.40","vary_mean",12,0.6,FALSE,155,0.677259462566555,0.647500716259548,0.0784789711397934,0.93,0.159585391716895,-0.0297587463070068,"gamma_bin"
"gamma_bin_12.00_3.40","vary_mean",12,0.6,FALSE,156,0.794318325784725,0.773538346223953,0.0856692732636076,0.96,0.174679789194684,-0.020779979560772,"gamma_bin"
"gamma_bin_12.00_3.40","vary_mean",12,0.6,FALSE,157,0.863129045133472,0.838270152959793,0.0938944247482585,0.93,0.18263821500096,-0.0248588921736785,"gamma_bin"
"gamma_bin_12.00_3.40","vary_mean",12,0.6,FALSE,158,1.2121292060572,1.16165790806225,0.130479696955886,0.88,0.216287113018366,-0.0504712979949538,"gamma_bin"
"gamma_bin_12.00_3.40","vary_mean",12,0.6,FALSE,159,1.02410099479473,0.964018034701006,0.101759777753641,0.9,0.198210315965334,-0.0600829600937239,"gamma_bin"
"gamma_bin_12.00_3.40","vary_mean",12,0.6,FALSE,160,0.905625417711481,0.849246149329431,0.0944382202561301,0.9,0.186925305744411,-0.0563792683820495,"gamma_bin"
"gamma_bin_12.00_3.40","vary_mean",12,0.6,FALSE,161,0.911623484707899,0.884141166699088,0.09608638378604,0.96,0.191648689631718,-0.0274823180088105,"gamma_bin"
"gamma_bin_12.00_3.40","vary_mean",12,0.6,FALSE,162,0.854314364398061,0.822690873412354,0.0929603312719375,0.94,0.185970500388621,-0.0316234909857069,"gamma_bin"
"gamma_bin_12.00_3.40","vary_mean",12,0.6,FALSE,163,0.939538506142908,0.919785516535478,0.103592265244611,0.94,0.197992125255559,-0.01975298960743,"gamma_bin"
"gamma_bin_12.00_3.40","vary_mean",12,0.6,FALSE,164,0.804264811038419,0.796906083889991,0.0993180004180688,0.97,0.185684833070653,-0.00735872714842789,"gamma_bin"
"gamma_bin_12.00_3.40","vary_mean",12,0.6,FALSE,165,1.00142358506205,0.976572782397059,0.103482784995704,0.92,0.206723281628854,-0.0248508026649911,"gamma_bin"
"gamma_bin_12.00_3.40","vary_mean",12,0.6,FALSE,166,1.22258511650756,1.20155715134547,0.0997397180040587,0.97,0.230439683124718,-0.0210279651620875,"gamma_bin"
"gamma_bin_12.00_3.40","vary_mean",12,0.6,FALSE,167,0.797785743145654,0.773690837468951,0.0935662777529297,0.96,0.185329654639588,-0.0240949056767031,"gamma_bin"
"gamma_bin_12.00_3.40","vary_mean",12,0.6,FALSE,168,1.1498418409574,1.11708348322742,0.113558341644014,0.95,0.223221918175531,-0.032758357729977,"gamma_bin"
"gamma_bin_12.00_3.40","vary_mean",12,0.6,FALSE,169,0.760349335694062,0.719916791625557,0.0907640722512246,0.93,0.179893799242337,-0.0404325440685052,"gamma_bin"
"gamma_bin_12.00_3.40","vary_mean",12,0.6,FALSE,170,1.37423882796411,1.34649155138513,0.112439589898904,0.96,0.246958996493345,-0.0277472765789812,"gamma_bin"
"gamma_bin_12.00_3.40","vary_mean",12,0.6,FALSE,171,0.879916177740953,0.870099511371094,0.109348633173414,0.94,0.199584325949968,-0.00981666636985934,"gamma_bin"
"gamma_bin_12.00_3.40","vary_mean",12,0.6,FALSE,172,1.40469809778524,1.39724681098022,0.124429140038308,0.94,0.253921584204597,-0.00745128680501805,"gamma_bin"
"gamma_bin_12.00_3.40","vary_mean",12,0.6,FALSE,173,0.919193657171105,0.931796899018308,0.0958237317318433,0.98,0.20799286805287,0.0126032418472031,"gamma_bin"
"gamma_bin_12.00_3.40","vary_mean",12,0.6,FALSE,174,0.923156528563282,0.965666674916952,0.109450744276124,0.91,0.212078827763984,0.0425101463536696,"gamma_bin"
"gamma_bin_12.00_3.40","vary_mean",12,0.6,FALSE,175,1.03837120055872,1.0758507228519,0.127778021582282,0.91,0.223606047670157,0.0374795222931812,"gamma_bin"
"gamma_bin_12.00_3.40","vary_mean",12,0.6,FALSE,176,0.998550191051843,1.05424347229268,0.130686301635283,0.89,0.221123309435762,0.0556932812408416,"gamma_bin"
"gamma_bin_12.00_3.40","vary_mean",12,0.6,FALSE,177,1.0672490953256,1.11490532821977,0.120009678314955,0.93,0.226852925048163,0.0476562328941699,"gamma_bin"
"gamma_bin_12.00_3.40","vary_mean",12,0.6,FALSE,178,0.796488943635566,0.819212344003757,0.101660418640426,0.93,0.193602294654806,0.0227234003681905,"gamma_bin"
"gamma_bin_12.00_3.40","vary_mean",12,0.6,FALSE,179,1.19853631620291,1.23271667808539,0.127487819964941,0.93,0.236298999989235,0.034180361882485,"gamma_bin"
"gamma_bin_12.00_3.40","vary_mean",12,0.6,FALSE,180,1.18742234445089,1.22072052862012,0.130867595822417,0.93,0.233932246852162,0.033298184169227,"gamma_bin"
"gamma_bin_12.00_3.40","vary_mean",12,0.6,FALSE,181,1.49419822100474,1.50934756418342,0.133491227338175,0.96,0.259099653444665,0.015149343178684,"gamma_bin"
"gamma_bin_12.00_3.40","vary_mean",12,0.6,FALSE,182,1.51569971274724,1.51474613944674,0.139239655485685,0.97,0.258786694775059,-0.000953573300496169,"gamma_bin"
"gamma_bin_12.00_3.40","vary_mean",12,0.6,FALSE,183,0.993078083144793,1.01838371086754,0.121050966000793,0.92,0.211802528026362,0.0253056277227441,"gamma_bin"
"gamma_bin_12.00_3.40","vary_mean",12,0.6,FALSE,184,0.900895179433443,0.982656093618512,0.104227252685301,0.87,0.208112306441579,0.0817609141850689,"gamma_bin"
"gamma_bin_12.00_3.40","vary_mean",12,0.6,FALSE,185,0.823216514722493,0.906252395757153,0.0950840134310472,0.86,0.199771466720659,0.0830358810346599,"gamma_bin"
"gamma_bin_12.00_3.40","vary_mean",12,0.6,FALSE,186,1.22622352517845,1.39440773099472,0.11935860121429,0.76,0.247439017473302,0.168184205816266,"gamma_bin"
"gamma_bin_12.00_3.40","vary_mean",12,0.6,FALSE,187,0.917485344129662,1.03337539070115,0.109017917325814,0.8,0.211431909390992,0.115890046571486,"gamma_bin"
"gamma_bin_12.00_3.40","vary_mean",12,0.6,FALSE,188,1.14600718978611,1.27029010042886,0.116913907957989,0.8,0.231591181874763,0.124282910642751,"gamma_bin"
"gamma_bin_12.00_3.40","vary_mean",12,0.6,FALSE,189,1.15017955401154,1.20798131788175,0.116361839870307,0.9,0.222505745764255,0.0578017638702109,"gamma_bin"
"gamma_bin_12.00_3.40","vary_mean",12,0.6,FALSE,190,1.13787761403339,1.16370434096901,0.124683371181285,0.9,0.215135770646258,0.0258267269356194,"gamma_bin"
"gamma_bin_12.00_3.40","vary_mean",12,0.6,FALSE,191,1.77820774658985,1.81374794545118,0.140617968706883,0.94,0.265736158690162,0.0355401988613324,"gamma_bin"
"gamma_bin_12.00_3.40","vary_mean",12,0.6,FALSE,192,1.12621869533816,1.1528942206666,0.112692066490846,0.94,0.210445161311301,0.0266755253284356,"gamma_bin"
"gamma_bin_12.00_3.40","vary_mean",12,0.6,FALSE,193,1.63142687231341,1.68553816412332,0.127387799828573,0.93,0.253687779230619,0.054111291809914,"gamma_bin"
"gamma_bin_12.00_3.40","vary_mean",12,0.6,FALSE,194,1.9613208229511,2.12604720918259,0.158230861108589,0.73,0.28450534096164,0.164726386231491,"gamma_bin"
"gamma_bin_12.00_3.40","vary_mean",12,0.6,FALSE,195,1.62644217295684,1.84123744136646,0.163682953709957,0.61,0.264164475930438,0.214795268409616,"gamma_bin"
"gamma_bin_12.00_3.40","vary_mean",12,0.6,FALSE,196,1.22114876712024,1.44350410581074,0.116980655040634,0.48,0.232672503293482,0.222355338690505,"gamma_bin"
"gamma_bin_12.00_3.40","vary_mean",12,0.6,FALSE,197,1.08512340553335,1.38838143455394,0.120778916226816,0.19,0.22613783435849,0.303258029020591,"gamma_bin"
"gamma_bin_12.00_3.40","vary_mean",12,0.6,FALSE,198,1.22271087570671,1.60187939313273,0.120864556163985,0.09,0.239109998099973,0.37916851742602,"gamma_bin"
"gamma_bin_12.00_3.40","vary_mean",12,0.6,FALSE,199,1.2960340351298,1.73161196008607,0.134948751668021,0.04,0.243199395355598,0.435577924956275,"gamma_bin"
"gamma_bin_12.00_3.40","vary_mean",12,0.6,FALSE,200,1.66920711624072,2.1752949823101,0.144595805038186,0.04,0.265219550585666,0.50608786606938,"gamma_bin"
"gamma_bin_12.00_3.40","vary_mean",12,0.6,FALSE,201,1.16940768861372,1.45488550519457,0.110232977207117,0.24,0.210156976696369,0.285477816580855,"gamma_bin"
"gamma_bin_12.00_3.40","vary_mean",12,0.6,FALSE,202,1.0787760344722,1.32699356264543,0.106731658608477,0.29,0.1944833494384,0.24821752817323,"gamma_bin"
"gamma_bin_12.00_3.40","vary_mean",12,0.6,FALSE,203,0.894614924502778,1.05794352884864,0.089714172104237,0.5,0.168811301319948,0.163328604345858,"gamma_bin"
"gamma_bin_12.00_3.40","vary_mean",12,0.6,FALSE,204,0.818936942727194,0.965383394640968,0.0748176273935584,0.48,0.157426042676868,0.146446451913774,"gamma_bin"
"gamma_bin_12.00_3.40","vary_mean",12,0.6,FALSE,205,0.966688195947552,1.12156911243562,0.093815939421431,0.54,0.16629819547787,0.154880916488068,"gamma_bin"
"gamma_bin_12.00_3.40","vary_mean",12,0.6,FALSE,206,0.735602657677609,0.822028658316212,0.0712861415639034,0.76,0.139887222586696,0.0864260006386026,"gamma_bin"
"gamma_bin_12.00_3.40","vary_mean",12,0.6,FALSE,207,0.854906249805799,0.923245810320333,0.0790274760993729,0.82,0.145688280809075,0.068339560514534,"gamma_bin"
"gamma_bin_12.00_3.40","vary_mean",12,0.6,FALSE,208,1.18360616945073,1.21104534861955,0.0855808846664127,0.93,0.164346985453677,0.0274391791688176,"gamma_bin"
"gamma_bin_12.00_3.40","vary_mean",12,0.6,FALSE,209,1.4602885501346,1.41341955340788,0.0932766042115327,0.92,0.175235380160789,-0.0468689967267155,"gamma_bin"
"gamma_bin_12.00_3.40","vary_mean",12,0.6,FALSE,210,0.828346816490767,0.77731103940201,0.0716589437244366,0.86,0.128969964822293,-0.051035777088757,"gamma_bin"
"gamma_bin_12.00_3.40","vary_mean",12,0.6,FALSE,211,0.945514704257119,0.886497510884037,0.0646803859807,0.91,0.137554246731003,-0.0590171933730824,"gamma_bin"
"gamma_bin_12.00_3.40","vary_mean",12,0.6,FALSE,212,0.790503634328223,0.76435003356199,0.0693836354002147,0.9,0.128174305007423,-0.0261536007662325,"gamma_bin"
"gamma_bin_12.00_3.40","vary_mean",12,0.6,FALSE,213,1.43200091428725,1.42059235027781,0.0865689806498588,0.96,0.176140107719095,-0.0114085640094372,"gamma_bin"
"gamma_bin_12.00_3.40","vary_mean",12,0.6,FALSE,214,1.11427471246835,1.11037959272706,0.0717110011657595,0.98,0.156893558160864,-0.00389511974128753,"gamma_bin"
"gamma_bin_12.00_3.40","vary_mean",12,0.6,FALSE,215,1.11570572194133,1.15480571483346,0.0893854214914909,0.94,0.160772619667201,0.0390999928921301,"gamma_bin"
"gamma_bin_12.00_3.40","vary_mean",12,0.6,FALSE,216,1.45325455274622,1.49659062437899,0.0966371729950414,0.93,0.183239797545926,0.0433360716327742,"gamma_bin"
"gamma_bin_12.00_3.40","vary_mean",12,0.6,FALSE,217,1.1420513438864,1.17503628323647,0.0932967012678495,0.91,0.162004750641714,0.0329849393500667,"gamma_bin"
"gamma_bin_12.00_3.40","vary_mean",12,0.6,FALSE,218,0.657956194341687,0.707914716606589,0.0671609692135904,0.85,0.125321713089123,0.0499585222649022,"gamma_bin"
"gamma_bin_12.00_3.40","vary_mean",12,0.6,FALSE,219,1.37055796530381,1.49442471354309,0.0947891700002785,0.67,0.181505146441007,0.123866748239283,"gamma_bin"
"gamma_bin_12.00_3.40","vary_mean",12,0.6,FALSE,220,1.1217671045533,1.23861159377833,0.0955094820888187,0.68,0.164408963599908,0.116844489225032,"gamma_bin"
"gamma_bin_12.00_3.40","vary_mean",12,0.6,FALSE,221,1.82148085595811,2.00451061351089,0.117102727918709,0.61,0.207728977603111,0.183029757552783,"gamma_bin"
"gamma_bin_12.00_3.40","vary_mean",12,0.6,FALSE,222,1.47820728190538,1.61289611614065,0.0980106383447899,0.75,0.184629481290805,0.134688834235275,"gamma_bin"
"gamma_bin_12.00_3.40","vary_mean",12,0.6,FALSE,223,1.22912323671868,1.35063187137895,0.0930975060890835,0.71,0.167009490495962,0.121508634660267,"gamma_bin"
"gamma_bin_12.00_3.40","vary_mean",12,0.6,FALSE,224,1.39166921706407,1.56359789740433,0.0851380416684229,0.48,0.177848412604225,0.171928680340262,"gamma_bin"
"gamma_bin_12.00_3.40","vary_mean",12,0.6,FALSE,225,1.02692395020016,1.2051753837687,0.0735064959153181,0.32,0.154605375178908,0.178251433568537,"gamma_bin"
"gamma_bin_12.00_3.40","vary_mean",12,0.6,FALSE,226,0.944469227223,1.13681890553322,0.0784618129937587,0.27,0.148472006064395,0.192349678310216,"gamma_bin"
"gamma_bin_12.00_3.40","vary_mean",12,0.6,FALSE,227,0.882935394281871,1.06327613994308,0.0729703417607946,0.25,0.141689474512286,0.180340745661211,"gamma_bin"
"gamma_bin_12.00_3.40","vary_mean",12,0.6,FALSE,228,1.25451332375843,1.51786709482786,0.0816937053151347,0.1,0.166376676961393,0.263353771069425,"gamma_bin"
"gamma_bin_12.00_3.40","vary_mean",12,0.6,FALSE,229,1.46482234027448,1.70269974093195,0.0884878940718739,0.22,0.172508022369791,0.237877400657475,"gamma_bin"
"gamma_bin_12.00_3.40","vary_mean",12,0.6,FALSE,230,1.51066180760486,1.67322575409357,0.0968452996289577,0.46,0.167158602498188,0.162563946488709,"gamma_bin"
"gamma_bin_12.00_3.40","vary_mean",12,0.6,FALSE,231,1.76123960010775,1.87439819214368,0.087691378279811,0.78,0.173305769123316,0.113158592035927,"gamma_bin"
"gamma_bin_12.00_3.40","vary_mean",12,0.6,FALSE,232,1.40610248726795,1.5084577101816,0.0703362110995269,0.72,0.152965679595286,0.102355222913646,"gamma_bin"
"gamma_bin_12.00_3.40","vary_mean",12,0.6,FALSE,233,1.50839208568838,1.69025993005529,0.0752523023219686,0.39,0.16022385890267,0.181867844366912,"gamma_bin"
"gamma_bin_12.00_3.40","vary_mean",12,0.6,FALSE,234,2.14809922234943,2.52432055386089,0.0954431917333757,0.03,0.194300105014724,0.376221331511458,"gamma_bin"
"gamma_bin_12.00_3.40","vary_mean",12,0.6,FALSE,235,1.77316147702833,2.18222498761343,0.10741697350607,0,0.179292779897374,0.409063510585103,"gamma_bin"
"gamma_bin_12.00_3.40","vary_mean",12,0.6,FALSE,236,1.73482506410384,2.24429908144449,0.106069434064597,0,0.17969903984548,0.509474017340653,"gamma_bin"
"gamma_bin_12.00_3.40","vary_mean",12,0.6,FALSE,237,1.62267353351007,2.1834440407589,0.112279994478029,0,0.1739683013143,0.560770507248833,"gamma_bin"
"gamma_bin_12.00_3.40","vary_mean",12,0.6,FALSE,238,1.18124992154851,1.64747677233778,0.0752479176493079,0,0.147380136860392,0.466226850789273,"gamma_bin"
"gamma_bin_12.00_3.40","vary_mean",12,0.6,FALSE,239,1.18465305674865,1.69586429151646,0.0863566407026208,0,0.144970181917382,0.511211234767815,"gamma_bin"
"gamma_bin_12.00_3.40","vary_mean",12,0.6,FALSE,240,1.4168407618799,2.02731884081509,0.085792557618407,0,0.152972469615584,0.610478078935192,"gamma_bin"
"gamma_bin_12.00_3.40","vary_mean",12,0.6,FALSE,241,1.25636383468336,1.72936527449874,0.0667769250203708,0,0.135878298598977,0.473001439815379,"gamma_bin"
"gamma_bin_12.00_3.40","vary_mean",12,0.6,FALSE,242,1.12127216596798,1.48075873932356,0.0659570962681263,0,0.120779280934115,0.359486573355578,"gamma_bin"
"gamma_bin_12.00_3.40","vary_mean",12,0.6,FALSE,243,1.35468577162437,1.70449961220689,0.0655319858213703,0,0.12458003726325,0.349813840582516,"gamma_bin"
"gamma_bin_12.00_3.40","vary_mean",12,0.6,FALSE,244,1.01073025572083,1.2363157004982,0.0554968012111787,0.01,0.102459138616433,0.225585444777372,"gamma_bin"
"gamma_bin_12.00_3.40","vary_mean",12,0.6,FALSE,245,1.09869262296579,1.29744365744614,0.0517862411147254,0.02,0.101870710758202,0.198751034480346,"gamma_bin"
"gamma_bin_12.00_3.40","vary_mean",12,0.6,FALSE,246,1.01867243248783,1.17098928315196,0.0490370737225507,0.11,0.0944585657634623,0.152316850664128,"gamma_bin"
"gamma_bin_12.00_3.40","vary_mean",12,0.6,FALSE,247,0.933300548697082,1.06304502391119,0.0458704619712551,0.16,0.0882720420488539,0.129744475214103,"gamma_bin"
"gamma_bin_12.00_3.40","vary_mean",12,0.6,FALSE,248,1.07521131224965,1.18273748304327,0.0468058014425599,0.34,0.0916062845949311,0.107526170793623,"gamma_bin"
"gamma_bin_12.00_3.40","vary_mean",12,0.6,FALSE,249,1.30368079751671,1.40828651455127,0.046637202562398,0.51,0.0985758168633427,0.10460571703456,"gamma_bin"
"gamma_bin_12.00_3.40","vary_mean",12,0.6,FALSE,250,1.41725036624756,1.49605120680256,0.0512787499885988,0.65,0.100374175692787,0.0788008405549978,"gamma_bin"
"gamma_bin_12.00_3.40","vary_mean",12,0.6,FALSE,251,1.14473843834061,1.18982412217482,0.0405901608771339,0.86,0.0886162786439467,0.045085683834208,"gamma_bin"
"gamma_bin_12.00_3.40","vary_mean",12,0.6,FALSE,252,1.28957905264017,1.34808953978311,0.0543954514016857,0.72,0.0935236686798247,0.0585104871429387,"gamma_bin"
"gamma_bin_12.00_3.40","vary_mean",12,0.6,FALSE,253,1.41164181175606,1.50713389979411,0.0481477713342038,0.54,0.0983449618430569,0.0954920880380496,"gamma_bin"
"gamma_bin_3.00_3.40","vary_mean",3,-0.6,FALSE,1,4.64176734711438,1.07984945472029,0.0518999195098001,0,0.0984659207210891,-3.56191789239409,"gamma_bin"
"gamma_bin_3.00_3.40","vary_mean",3,-0.6,FALSE,2,5.74184883880713,2.12681975942864,0.0766544547290223,0,0.138449422429823,-3.61502907937849,"gamma_bin"
"gamma_bin_3.00_3.40","vary_mean",3,-0.6,FALSE,3,3.25033439563944,1.31779332281127,0.0490568652136662,0,0.094927339597218,-1.93254107282817,"gamma_bin"
"gamma_bin_3.00_3.40","vary_mean",3,-0.6,FALSE,4,6.73935287829888,3.3978571220109,0.101105377766427,0,0.146993190659337,-3.34149575628798,"gamma_bin"
"gamma_bin_3.00_3.40","vary_mean",3,-0.6,FALSE,5,2.43636854796088,0.921774422309844,0.0336480939434302,0,0.0588853188841521,-1.51459412565104,"gamma_bin"
"gamma_bin_3.00_3.40","vary_mean",3,-0.6,FALSE,6,1.74494772539268,0.879584977423595,0.0307439229437044,0,0.058959046089444,-0.865362747969085,"gamma_bin"
"gamma_bin_3.00_3.40","vary_mean",3,-0.6,FALSE,7,2.62517926045569,1.73607305832804,0.048345442581282,0,0.0847002809354161,-0.889106202127649,"gamma_bin"
"gamma_bin_3.00_3.40","vary_mean",3,-0.6,FALSE,8,1.22911307977452,0.805597527627378,0.031940696488448,0,0.0523876567325073,-0.423515552147142,"gamma_bin"
"gamma_bin_3.00_3.40","vary_mean",3,-0.6,FALSE,9,2.39904651254038,1.914332990282,0.0437646606622468,0,0.0836509953277585,-0.48471352225838,"gamma_bin"
"gamma_bin_3.00_3.40","vary_mean",3,-0.6,FALSE,10,1.19484574307971,0.834613197922395,0.0265365932407943,0,0.049085375898504,-0.360232545157315,"gamma_bin"
"gamma_bin_3.00_3.40","vary_mean",3,-0.6,FALSE,11,1.32897619591253,1.08135036894119,0.0341908335661935,0,0.0576475312386817,-0.247625826971337,"gamma_bin"
"gamma_bin_3.00_3.40","vary_mean",3,-0.6,FALSE,12,1.45959821408832,1.25560940138711,0.0337068323426609,0,0.0614535105829348,-0.203988812701207,"gamma_bin"
"gamma_bin_3.00_3.40","vary_mean",3,-0.6,FALSE,13,1.71530804750948,1.46608353842426,0.0376161987283576,0,0.0641325964015284,-0.249224509085223,"gamma_bin"
"gamma_bin_3.00_3.40","vary_mean",3,-0.6,FALSE,14,1.05182866123244,0.834948255351809,0.0251457411373714,0,0.0455012134912127,-0.216880405880631,"gamma_bin"
"gamma_bin_3.00_3.40","vary_mean",3,-0.6,FALSE,15,1.02510010675531,0.901401560419341,0.0235974925468795,0,0.0486746188206063,-0.123698546335969,"gamma_bin"
"gamma_bin_3.00_3.40","vary_mean",3,-0.6,FALSE,16,1.25252014867933,1.19257062339054,0.0320221789256019,0.47,0.056825944306778,-0.0599495252887916,"gamma_bin"
"gamma_bin_3.00_3.40","vary_mean",3,-0.6,FALSE,17,1.21525733695915,1.13647274151306,0.0285622838963033,0.17,0.0539521174791158,-0.0787845954460917,"gamma_bin"
"gamma_bin_3.00_3.40","vary_mean",3,-0.6,FALSE,18,0.979230198394809,0.902455721143244,0.026863626419341,0.15,0.0472101769622347,-0.076774477251565,"gamma_bin"
"gamma_bin_3.00_3.40","vary_mean",3,-0.6,FALSE,19,1.02544833790337,1.00414512700291,0.0248685362476067,0.87,0.0506062471058975,-0.0213032109004605,"gamma_bin"
"gamma_bin_3.00_3.40","vary_mean",3,-0.6,FALSE,20,1.03933643277786,1.030947249833,0.0247430726856529,0.95,0.0512392608310603,-0.00838918294485613,"gamma_bin"
"gamma_bin_3.00_3.40","vary_mean",3,-0.6,FALSE,21,1.31704644033967,1.30970614962785,0.0286179377466439,0.96,0.0574969612080676,-0.00734029071182141,"gamma_bin"
"gamma_bin_3.00_3.40","vary_mean",3,-0.6,FALSE,22,1.01626238281987,0.929106218078469,0.024967922721828,0.04,0.0463874564347139,-0.0871561647414011,"gamma_bin"
"gamma_bin_3.00_3.40","vary_mean",3,-0.6,FALSE,23,0.750219977978433,0.71281667304778,0.0236488110376502,0.6,0.0411554497829477,-0.0374033049306526,"gamma_bin"
"gamma_bin_3.00_3.40","vary_mean",3,-0.6,FALSE,24,0.68680573053247,0.720821930417559,0.0223216416565524,0.64,0.0432576116918611,0.0340161998850886,"gamma_bin"
"gamma_bin_3.00_3.40","vary_mean",3,-0.6,FALSE,25,1.09137562864791,1.25207114929052,0.030051852233255,0,0.0593515666285108,0.160695520642606,"gamma_bin"
"gamma_bin_3.00_3.40","vary_mean",3,-0.6,FALSE,26,0.741057834922739,0.780546843123518,0.0223017287216327,0.58,0.0450920062587904,0.0394890082007788,"gamma_bin"
"gamma_bin_3.00_3.40","vary_mean",3,-0.6,FALSE,27,0.768534353981288,0.851737043990771,0.0231687266188786,0.06,0.0487352911079273,0.0832026900094831,"gamma_bin"
"gamma_bin_3.00_3.40","vary_mean",3,-0.6,FALSE,28,0.752768210408917,0.850848803924166,0.0258763927898589,0.01,0.0497133906774049,0.0980805935152489,"gamma_bin"
"gamma_bin_3.00_3.40","vary_mean",3,-0.6,FALSE,29,0.700189279957523,0.806376550441488,0.0256999067273534,0.01,0.0493948493360683,0.106187270483965,"gamma_bin"
"gamma_bin_3.00_3.40","vary_mean",3,-0.6,FALSE,30,0.555240242382622,0.659641417512203,0.026231860563753,0,0.045902843036031,0.104401175129581,"gamma_bin"
"gamma_bin_3.00_3.40","vary_mean",3,-0.6,FALSE,31,0.584450640057208,0.731331822095644,0.0241386635485652,0,0.0508035736571334,0.146881182038436,"gamma_bin"
"gamma_bin_3.00_3.40","vary_mean",3,-0.6,FALSE,32,0.680297862250013,0.87574202836861,0.0290404252539477,0,0.0576662323343428,0.195444166118597,"gamma_bin"
"gamma_bin_3.00_3.40","vary_mean",3,-0.6,FALSE,33,0.95896579009836,1.21040353866384,0.039859331129313,0,0.0687868877166663,0.251437748565485,"gamma_bin"
"gamma_bin_3.00_3.40","vary_mean",3,-0.6,FALSE,34,1.26713544933213,1.41875484980649,0.0383211554479558,0.03,0.0721080824082165,0.151619400474359,"gamma_bin"
"gamma_bin_3.00_3.40","vary_mean",3,-0.6,FALSE,35,1.32835487275134,1.25188709555032,0.0343313168690801,0.3,0.0639657192965367,-0.0764677772010154,"gamma_bin"
"gamma_bin_3.00_3.40","vary_mean",3,-0.6,FALSE,36,0.820532179912435,0.704159568162386,0.0245969685216803,0,0.0464230183670764,-0.116372611750049,"gamma_bin"
"gamma_bin_3.00_3.40","vary_mean",3,-0.6,FALSE,37,0.605066948223753,0.576481590803263,0.02207180791762,0.71,0.044082393485676,-0.0285853574204904,"gamma_bin"
"gamma_bin_3.00_3.40","vary_mean",3,-0.6,FALSE,38,0.480613317476216,0.531220280842482,0.0270812729827145,0.39,0.0451371023836251,0.0506069633662662,"gamma_bin"
"gamma_bin_3.00_3.40","vary_mean",3,-0.6,FALSE,39,0.729684595490469,0.935532652321729,0.0323342420347126,0,0.0641832703826021,0.20584805683126,"gamma_bin"
"gamma_bin_3.00_3.40","vary_mean",3,-0.6,FALSE,40,0.815117093248404,1.02911688801724,0.0358153173020449,0,0.0675636332036293,0.213999794768835,"gamma_bin"
"gamma_bin_3.00_3.40","vary_mean",3,-0.6,FALSE,41,0.615435524003123,0.736923220113272,0.0284767870967607,0.01,0.0567853217455441,0.12148769611015,"gamma_bin"
"gamma_bin_3.00_3.40","vary_mean",3,-0.6,FALSE,42,0.771681049543453,0.949751538909776,0.0297384398736364,0,0.0670373193799471,0.178070489366323,"gamma_bin"
"gamma_bin_3.00_3.40","vary_mean",3,-0.6,FALSE,43,0.638637642797715,0.753666130329049,0.0306020123309442,0.05,0.0599938279006482,0.115028487531334,"gamma_bin"
"gamma_bin_3.00_3.40","vary_mean",3,-0.6,FALSE,44,0.502607638572081,0.597355095230542,0.0285909637051758,0.06,0.0553598557721629,0.0947474566584605,"gamma_bin"
"gamma_bin_3.00_3.40","vary_mean",3,-0.6,FALSE,45,0.419348773276434,0.543010986693284,0.0296228048948011,0,0.0560196695792533,0.12366221341685,"gamma_bin"
"gamma_bin_3.00_3.40","vary_mean",3,-0.6,FALSE,46,0.532523289397014,0.74151219842358,0.0386880567266101,0,0.0699609221824052,0.208988909026566,"gamma_bin"
"gamma_bin_3.00_3.40","vary_mean",3,-0.6,FALSE,47,0.748164536979726,1.03901257967795,0.0459335129297672,0,0.0855741605767828,0.290848042698228,"gamma_bin"
"gamma_bin_3.00_3.40","vary_mean",3,-0.6,FALSE,48,0.699597036363356,0.893149745301734,0.0388202074828913,0,0.0785472957077287,0.193552708938378,"gamma_bin"
"gamma_bin_3.00_3.40","vary_mean",3,-0.6,FALSE,49,0.840634610500807,1.02253583729222,0.0434308897617012,0,0.0852481141164425,0.181901226791414,"gamma_bin"
"gamma_bin_3.00_3.40","vary_mean",3,-0.6,FALSE,50,0.605572567510499,0.67511873176145,0.0337181846870566,0.46,0.0689268536693403,0.0695461642509513,"gamma_bin"
"gamma_bin_3.00_3.40","vary_mean",3,-0.6,FALSE,51,0.551154795645625,0.648520728459556,0.0382321185456854,0.21,0.070978991149344,0.0973659328139314,"gamma_bin"
"gamma_bin_3.00_3.40","vary_mean",3,-0.6,FALSE,52,0.382419782215341,0.471961520273819,0.03712691227254,0.19,0.0636913698346702,0.0895417380584781,"gamma_bin"
"gamma_bin_3.00_3.40","vary_mean",3,-0.6,FALSE,53,0.67605453850849,0.939085936139096,0.0579597192574587,0,0.097249594176315,0.263031397630606,"gamma_bin"
"gamma_bin_3.00_3.40","vary_mean",3,-0.6,FALSE,54,0.67389745281474,0.889126163612443,0.0540746033029177,0,0.0948564145469514,0.215228710797703,"gamma_bin"
"gamma_bin_3.00_3.40","vary_mean",3,-0.6,FALSE,55,0.928654307802489,1.16861808221767,0.0653979986582454,0.01,0.110214354804758,0.239963774415184,"gamma_bin"
"gamma_bin_3.00_3.40","vary_mean",3,-0.6,FALSE,56,0.750444909156983,0.839924540904684,0.0492075237534571,0.5,0.0910353897805352,0.089479631747701,"gamma_bin"
"gamma_bin_3.00_3.40","vary_mean",3,-0.6,FALSE,57,0.713559496047443,0.785940531599618,0.0500254703008275,0.59,0.0902432445477493,0.0723810355521748,"gamma_bin"
"gamma_bin_3.00_3.40","vary_mean",3,-0.6,FALSE,58,0.492127182876667,0.556434226049765,0.04009518759114,0.6,0.0783290757034907,0.064307043173098,"gamma_bin"
"gamma_bin_3.00_3.40","vary_mean",3,-0.6,FALSE,59,0.488121905081673,0.601172771081933,0.0507782789208738,0.26,0.087035587575862,0.11305086600026,"gamma_bin"
"gamma_bin_3.00_3.40","vary_mean",3,-0.6,FALSE,60,0.671861168143052,0.911069378607866,0.0590420743917931,0,0.113445497759837,0.239208210464814,"gamma_bin"
"gamma_bin_3.00_3.40","vary_mean",3,-0.6,FALSE,61,0.791762464983911,1.0326759264095,0.063686637387985,0.04,0.121699843450521,0.240913461425585,"gamma_bin"
"gamma_bin_3.00_3.40","vary_mean",3,-0.6,FALSE,62,0.652922492639065,0.788420510618078,0.0579453976588477,0.26,0.105543024962465,0.135498017979013,"gamma_bin"
"gamma_bin_3.00_3.40","vary_mean",3,-0.6,FALSE,63,0.613891069127135,0.732089389321137,0.0544722342872832,0.36,0.104935570729763,0.118198320194002,"gamma_bin"
"gamma_bin_3.00_3.40","vary_mean",3,-0.6,FALSE,64,0.747174650317661,0.911842074174436,0.067485187622037,0.23,0.121707960063149,0.164667423856775,"gamma_bin"
"gamma_bin_3.00_3.40","vary_mean",3,-0.6,FALSE,65,0.706701130088712,0.842010899309632,0.056489586797255,0.33,0.118162078034353,0.13530976922092,"gamma_bin"
"gamma_bin_3.00_3.40","vary_mean",3,-0.6,FALSE,66,0.51187393654748,0.602943867701945,0.0478740670573861,0.52,0.102208986045474,0.0910699311544646,"gamma_bin"
"gamma_bin_3.00_3.40","vary_mean",3,-0.6,FALSE,67,0.670601402325688,0.842213608910432,0.065120106100639,0.22,0.128225481240064,0.171612206584744,"gamma_bin"
"gamma_bin_3.00_3.40","vary_mean",3,-0.6,FALSE,68,1.17253163081397,1.45689870442827,0.0907552398139599,0.07,0.171957333218509,0.284367073614302,"gamma_bin"
"gamma_bin_3.00_3.40","vary_mean",3,-0.6,FALSE,69,1.09882955126721,1.12636364701114,0.0748437077651109,0.94,0.141667342528488,0.0275340957439296,"gamma_bin"
"gamma_bin_3.00_3.40","vary_mean",3,-0.6,FALSE,70,0.864010024055233,0.82926116462589,0.0550346289913683,0.93,0.119676990615091,-0.0347488594293426,"gamma_bin"
"gamma_bin_3.00_3.40","vary_mean",3,-0.6,FALSE,71,0.715098113998147,0.709572486679075,0.0556675511501808,0.96,0.113767103928456,-0.00552562731907236,"gamma_bin"
"gamma_bin_3.00_3.40","vary_mean",3,-0.6,FALSE,72,0.5778146754347,0.63303341441545,0.0645253635669547,0.8,0.112228148940422,0.0552187389807505,"gamma_bin"
"gamma_bin_3.00_3.40","vary_mean",3,-0.6,FALSE,73,0.968098548670386,1.16626841008288,0.0867023622087529,0.33,0.160905611884264,0.198169861412491,"gamma_bin"
"gamma_bin_3.00_3.40","vary_mean",3,-0.6,FALSE,74,0.655349167508219,0.736113696651512,0.066922267127166,0.69,0.124362526914754,0.080764529143293,"gamma_bin"
"gamma_bin_3.00_3.40","vary_mean",3,-0.6,FALSE,75,0.59977224361632,0.689698369046546,0.076427615841051,0.65,0.125271127703661,0.089926125430226,"gamma_bin"
"gamma_bin_3.00_3.40","vary_mean",3,-0.6,FALSE,76,0.795810456805532,0.988294410312976,0.0846272568616166,0.28,0.15694475173215,0.192483953507445,"gamma_bin"
"gamma_bin_3.00_3.40","vary_mean",3,-0.6,FALSE,77,0.873668877519834,1.04186005112555,0.089681136880514,0.47,0.161024751547437,0.168191173605715,"gamma_bin"
"gamma_bin_3.00_3.40","vary_mean",3,-0.6,FALSE,78,0.655524310026793,0.737965435520644,0.0723038064893626,0.73,0.134517621781418,0.0824411254938505,"gamma_bin"
"gamma_bin_3.00_3.40","vary_mean",3,-0.6,FALSE,79,0.810623636163075,0.934363470896111,0.067273196788193,0.72,0.157587371170128,0.123739834733036,"gamma_bin"
"gamma_bin_3.00_3.40","vary_mean",3,-0.6,FALSE,80,0.610456557383718,0.709693898130677,0.0743187954106891,0.68,0.138363124992851,0.0992373407469588,"gamma_bin"
"gamma_bin_3.00_3.40","vary_mean",3,-0.6,FALSE,81,0.859858611274139,1.02158473410804,0.0979452517516411,0.52,0.173433826304882,0.161726122833896,"gamma_bin"
"gamma_bin_3.00_3.40","vary_mean",3,-0.6,FALSE,82,0.71793472208637,0.8113523680656,0.079052661356417,0.78,0.153628347644849,0.0934176459792304,"gamma_bin"
"gamma_bin_3.00_3.40","vary_mean",3,-0.6,FALSE,83,0.992203959261976,1.13479191209507,0.104081644204353,0.66,0.186819913723879,0.142587952833089,"gamma_bin"
"gamma_bin_3.00_3.40","vary_mean",3,-0.6,FALSE,84,1.12541562776308,1.22020510539775,0.105338900643868,0.79,0.189845836334496,0.094789477634674,"gamma_bin"
"gamma_bin_3.00_3.40","vary_mean",3,-0.6,FALSE,85,0.719081428835968,0.695543497965771,0.0786911241764481,0.92,0.13899395576633,-0.0235379308701973,"gamma_bin"
"gamma_bin_3.00_3.40","vary_mean",3,-0.6,FALSE,86,0.84752493125734,0.909953436904558,0.0876154372763734,0.88,0.167030748862592,0.0624285056472179,"gamma_bin"
"gamma_bin_3.00_3.40","vary_mean",3,-0.6,FALSE,87,0.855021916180829,0.919715131489108,0.0823037838835996,0.88,0.1699601071269,0.0646932153082785,"gamma_bin"
"gamma_bin_3.00_3.40","vary_mean",3,-0.6,FALSE,88,1.05231211723794,1.14157514278612,0.115260223553984,0.8,0.191371550572017,0.0892630255481759,"gamma_bin"
"gamma_bin_3.00_3.40","vary_mean",3,-0.6,FALSE,89,0.736245763604483,0.7425226753877,0.0726890221534129,0.97,0.151222992158951,0.0062769117832171,"gamma_bin"
"gamma_bin_3.00_3.40","vary_mean",3,-0.6,FALSE,90,0.910435800275709,0.986798556897788,0.100504123869897,0.85,0.181545513261804,0.0763627566220789,"gamma_bin"
"gamma_bin_3.00_3.40","vary_mean",3,-0.6,FALSE,91,0.875373992276142,0.945459728237098,0.0832985635308073,0.86,0.177816010292385,0.0700857359609556,"gamma_bin"
"gamma_bin_3.00_3.40","vary_mean",3,-0.6,FALSE,92,1.13308580158326,1.21228753834743,0.106681661317756,0.89,0.202972660734877,0.0792017367641749,"gamma_bin"
"gamma_bin_3.00_3.40","vary_mean",3,-0.6,FALSE,93,0.779622317935819,0.774530252737649,0.0929566889353213,0.89,0.157358674315556,-0.00509206519816963,"gamma_bin"
"gamma_bin_3.00_3.40","vary_mean",3,-0.6,FALSE,94,0.738590807925372,0.774512943803442,0.0812262102709977,0.94,0.163225868570186,0.03592213587807,"gamma_bin"
"gamma_bin_3.00_3.40","vary_mean",3,-0.6,FALSE,95,0.736386067431423,0.827868870353709,0.0916080372697967,0.8,0.17440964265942,0.0914828029222863,"gamma_bin"
"gamma_bin_3.00_3.40","vary_mean",3,-0.6,FALSE,96,0.940470991453404,1.10751015769301,0.118121768940297,0.56,0.206611022635197,0.167039166239607,"gamma_bin"
"gamma_bin_3.00_3.40","vary_mean",3,-0.6,FALSE,97,0.92681020267862,1.02884417633059,0.103639071427322,0.81,0.195937665102201,0.102033973651969,"gamma_bin"
"gamma_bin_3.00_3.40","vary_mean",3,-0.6,FALSE,98,0.805264800704658,0.834174914179105,0.095279358248975,0.93,0.175693157103371,0.0289101134744473,"gamma_bin"
"gamma_bin_3.00_3.40","vary_mean",3,-0.6,FALSE,99,0.96897608307621,1.05727535585892,0.105000660030566,0.89,0.203029056977675,0.0882992727827134,"gamma_bin"
"gamma_bin_3.00_3.40","vary_mean",3,-0.6,FALSE,100,0.483332995262756,0.506225230316521,0.0657184207245849,0.96,0.139220935720119,0.0228922350537652,"gamma_bin"
"gamma_bin_3.00_3.40","vary_mean",3,-0.6,FALSE,101,0.66077716283239,0.796963340296177,0.0952211321994534,0.69,0.189109439845338,0.136186177463787,"gamma_bin"
"gamma_bin_3.00_3.40","vary_mean",3,-0.6,FALSE,102,0.655745239910364,0.811094706371354,0.100978422650833,0.57,0.195879685799982,0.15534946646099,"gamma_bin"
"gamma_bin_3.00_3.40","vary_mean",3,-0.6,FALSE,103,1.19599908198214,1.50393142989535,0.135258000348702,0.42,0.273915022934628,0.307932347913214,"gamma_bin"
"gamma_bin_3.00_3.40","vary_mean",3,-0.6,FALSE,104,1.52020654998133,1.57878733712908,0.147913519863528,0.91,0.261459925697142,0.0585807871477508,"gamma_bin"
"gamma_bin_3.00_3.40","vary_mean",3,-0.6,FALSE,105,1.10303826313934,0.953070863399288,0.126564081018402,0.61,0.188253843544375,-0.149967399740052,"gamma_bin"
"gamma_bin_3.00_3.40","vary_mean",3,-0.6,FALSE,106,0.895258886773757,0.795557198895851,0.0910887937290445,0.78,0.174253977700678,-0.0997016878779063,"gamma_bin"
"gamma_bin_3.00_3.40","vary_mean",3,-0.6,FALSE,107,0.603016892421566,0.57423506699475,0.0745420805638332,0.93,0.152972594829969,-0.0287818254268165,"gamma_bin"
"gamma_bin_3.00_3.40","vary_mean",3,-0.6,FALSE,108,1.07762321196894,1.19864706371934,0.130805492187115,0.81,0.236158266792529,0.121023851750397,"gamma_bin"
"gamma_bin_3.00_3.40","vary_mean",3,-0.6,FALSE,109,1.67936751135944,1.78459096817962,0.158142468800752,0.87,0.279538957966607,0.10522345682018,"gamma_bin"
"gamma_bin_3.00_3.40","vary_mean",3,-0.6,FALSE,110,0.778512854791425,0.678531830061563,0.0917934900433566,0.72,0.155425836482444,-0.0999810247298624,"gamma_bin"
"gamma_bin_3.00_3.40","vary_mean",3,-0.6,FALSE,111,0.992005341124613,0.940101643811096,0.100804756929481,0.91,0.193622761787352,-0.0519036973135169,"gamma_bin"
"gamma_bin_3.00_3.40","vary_mean",3,-0.6,FALSE,112,1.07688074493023,1.07360119117593,0.101902223603789,0.96,0.208699281864077,-0.00327955375429623,"gamma_bin"
"gamma_bin_3.00_3.40","vary_mean",3,-0.6,FALSE,113,0.702400819858529,0.700366178772983,0.100723643155526,0.9,0.166647485943284,-0.00203464108554585,"gamma_bin"
"gamma_bin_3.00_3.40","vary_mean",3,-0.6,FALSE,114,0.976066509197994,1.05901962962408,0.129674624935858,0.85,0.214886797186857,0.0829531204260846,"gamma_bin"
"gamma_bin_3.00_3.40","vary_mean",3,-0.6,FALSE,115,1.23867756628513,1.33815490980364,0.12890893512347,0.85,0.239363243862983,0.0994773435185123,"gamma_bin"
"gamma_bin_3.00_3.40","vary_mean",3,-0.6,FALSE,116,1.16180338965973,1.1193037867956,0.123219915094312,0.88,0.208840534311035,-0.0424996028641271,"gamma_bin"
"gamma_bin_3.00_3.40","vary_mean",3,-0.6,FALSE,117,1.19462029108814,1.10478011335109,0.121163833574094,0.79,0.204668347186775,-0.0898401777370501,"gamma_bin"
"gamma_bin_3.00_3.40","vary_mean",3,-0.6,FALSE,118,1.16321995780671,1.07129968882901,0.107168915009781,0.86,0.198995244980728,-0.0919202689777017,"gamma_bin"
"gamma_bin_3.00_3.40","vary_mean",3,-0.6,FALSE,119,1.07032628214879,0.9629613531534,0.10729235027143,0.78,0.187045300621151,-0.10736492899539,"gamma_bin"
"gamma_bin_3.00_3.40","vary_mean",3,-0.6,FALSE,120,0.877757633134012,0.824838133461053,0.0949433125075781,0.87,0.174506920268948,-0.0529194996729588,"gamma_bin"
"gamma_bin_3.00_3.40","vary_mean",3,-0.6,FALSE,121,1.36755731263547,1.37916174649263,0.124418196731323,0.95,0.231922904915701,0.0116044338571553,"gamma_bin"
"gamma_bin_3.00_3.40","vary_mean",3,-0.6,FALSE,122,0.835796444244159,0.78076480096984,0.0896515819646944,0.87,0.165449299654189,-0.0550316432743194,"gamma_bin"
"gamma_bin_3.00_3.40","vary_mean",3,-0.6,FALSE,123,1.26724551805682,1.2912347497534,0.120027309769487,0.95,0.220927379208798,0.0239892316965786,"gamma_bin"
"gamma_bin_3.00_3.40","vary_mean",3,-0.6,FALSE,124,0.969129898643769,0.918904388914279,0.0906074129616293,0.94,0.178734334503812,-0.0502255097294905,"gamma_bin"
"gamma_bin_3.00_3.40","vary_mean",3,-0.6,FALSE,125,0.847338782890042,0.840864184713858,0.0972432761556549,0.9,0.173363880129925,-0.0064745981761839,"gamma_bin"
"gamma_bin_3.00_3.40","vary_mean",3,-0.6,FALSE,126,0.715564882412269,0.75152355760194,0.0865848113373991,0.92,0.168102691234565,0.0359586751896711,"gamma_bin"
"gamma_bin_3.00_3.40","vary_mean",3,-0.6,FALSE,127,0.94782383341486,1.06913981721491,0.118977528969012,0.75,0.208092178450836,0.121315983800054,"gamma_bin"
"gamma_bin_3.00_3.40","vary_mean",3,-0.6,FALSE,128,0.685081694959754,0.756769700154747,0.0795280083526173,0.92,0.173238116667541,0.071688005194993,"gamma_bin"
"gamma_bin_3.00_3.40","vary_mean",3,-0.6,FALSE,129,0.940719567434955,1.09052448294575,0.109991793071175,0.71,0.215603632637061,0.149804915510796,"gamma_bin"
"gamma_bin_3.00_3.40","vary_mean",3,-0.6,FALSE,130,0.882735861931285,0.969792973296652,0.10691672709504,0.88,0.200412762075559,0.0870571113653671,"gamma_bin"
"gamma_bin_3.00_3.40","vary_mean",3,-0.6,FALSE,131,0.908592867608554,1.00092977903461,0.106183677778625,0.84,0.204764180061015,0.0923369114260517,"gamma_bin"
"gamma_bin_3.00_3.40","vary_mean",3,-0.6,FALSE,132,0.919571358645804,0.974273415670489,0.0963454004992652,0.93,0.202069852346902,0.0547020570246854,"gamma_bin"
"gamma_bin_3.00_3.40","vary_mean",3,-0.6,FALSE,133,0.772870216905444,0.7856698614426,0.0947062629840001,0.95,0.182287991233727,0.0127996445371558,"gamma_bin"
"gamma_bin_3.00_3.40","vary_mean",3,-0.6,FALSE,134,0.850110615604727,0.945279062333836,0.10194798282574,0.82,0.206607205408793,0.0951684467291093,"gamma_bin"
"gamma_bin_3.00_3.40","vary_mean",3,-0.6,FALSE,135,0.784750966748685,0.869526465732323,0.113518558139896,0.81,0.199498903283657,0.0847754989836378,"gamma_bin"
"gamma_bin_3.00_3.40","vary_mean",3,-0.6,FALSE,136,0.974669466757976,1.08420044679602,0.130000374034845,0.8,0.227065372434242,0.109530980038046,"gamma_bin"
"gamma_bin_3.00_3.40","vary_mean",3,-0.6,FALSE,137,0.984151011066472,1.05324902631977,0.130363177979908,0.9,0.221388850917627,0.0690980152532974,"gamma_bin"
"gamma_bin_3.00_3.40","vary_mean",3,-0.6,FALSE,138,1.1907508581573,1.21022875714756,0.1351887253753,0.9,0.235309045555724,0.0194778989902598,"gamma_bin"
"gamma_bin_3.00_3.40","vary_mean",3,-0.6,FALSE,139,1.38368582408824,1.33229739966106,0.13613533025104,0.9,0.240132289754464,-0.0513884244271845,"gamma_bin"
"gamma_bin_3.00_3.40","vary_mean",3,-0.6,FALSE,140,0.815817246340058,0.711671882864435,0.0949312217510555,0.78,0.167802196479937,-0.104145363475623,"gamma_bin"
"gamma_bin_3.00_3.40","vary_mean",3,-0.6,FALSE,141,0.948708845408202,0.924476301186932,0.101103342901389,0.92,0.201003946093178,-0.02423254422127,"gamma_bin"
"gamma_bin_3.00_3.40","vary_mean",3,-0.6,FALSE,142,0.887913521021147,0.904454453237435,0.0995502052348702,0.94,0.200925648791069,0.0165409322162883,"gamma_bin"
"gamma_bin_3.00_3.40","vary_mean",3,-0.6,FALSE,143,1.33195215209727,1.41628096970653,0.142457849689705,0.85,0.254920134415385,0.0843288176092616,"gamma_bin"
"gamma_bin_3.00_3.40","vary_mean",3,-0.6,FALSE,144,1.33130915175386,1.23972460829495,0.118547076968113,0.87,0.225176950236126,-0.0915845434589144,"gamma_bin"
"gamma_bin_3.00_3.40","vary_mean",3,-0.6,FALSE,145,1.36040954450305,1.2078067200916,0.111322894709132,0.73,0.215618653534626,-0.152602824411448,"gamma_bin"
"gamma_bin_3.00_3.40","vary_mean",3,-0.6,FALSE,146,1.03071516120352,0.877244298695706,0.0877615606650105,0.66,0.178963674677152,-0.153470862507814,"gamma_bin"
"gamma_bin_3.00_3.40","vary_mean",3,-0.6,FALSE,147,1.01542687773298,0.92746723648838,0.0929479911077287,0.86,0.188016816998918,-0.0879596412445998,"gamma_bin"
"gamma_bin_3.00_3.40","vary_mean",3,-0.6,FALSE,148,0.918038272830281,0.88413994971225,0.097221544681997,0.9,0.185917922137659,-0.0338983231180312,"gamma_bin"
"gamma_bin_3.00_3.40","vary_mean",3,-0.6,FALSE,149,0.795403147880171,0.81613142750035,0.0919936032715171,0.96,0.181541107392631,0.0207282796201785,"gamma_bin"
"gamma_bin_3.00_3.40","vary_mean",3,-0.6,FALSE,150,0.947076494147123,1.02989905594301,0.119842201049823,0.86,0.209559419095429,0.0828225617958898,"gamma_bin"
"gamma_bin_3.00_3.40","vary_mean",3,-0.6,FALSE,151,0.838902415667924,0.913041961824414,0.106613862895032,0.87,0.19632809317345,0.0741395461564901,"gamma_bin"
"gamma_bin_3.00_3.40","vary_mean",3,-0.6,FALSE,152,1.10280245382765,1.22779833106502,0.12090800607678,0.81,0.230897900336215,0.124995877237371,"gamma_bin"
"gamma_bin_3.00_3.40","vary_mean",3,-0.6,FALSE,153,1.09815440539428,1.09837689734677,0.104088193717502,0.96,0.211359669649545,0.000222491952488246,"gamma_bin"
"gamma_bin_3.00_3.40","vary_mean",3,-0.6,FALSE,154,0.933699509626363,0.892968639340243,0.110753273489879,0.9,0.188269693396032,-0.0407308702861202,"gamma_bin"
"gamma_bin_3.00_3.40","vary_mean",3,-0.6,FALSE,155,0.677259462566555,0.676405609364004,0.0813045654020145,0.94,0.166760517769817,-0.000853853202550936,"gamma_bin"
"gamma_bin_3.00_3.40","vary_mean",3,-0.6,FALSE,156,0.794318325784725,0.892648299542083,0.10430142912296,0.85,0.201625729503623,0.0983299737573581,"gamma_bin"
"gamma_bin_3.00_3.40","vary_mean",3,-0.6,FALSE,157,0.863129045133472,0.98574183509821,0.114299048038599,0.78,0.214814591034339,0.122612789964738,"gamma_bin"
"gamma_bin_3.00_3.40","vary_mean",3,-0.6,FALSE,158,1.2121292060572,1.35145261994309,0.14945562126856,0.77,0.251751764166923,0.139323413885895,"gamma_bin"
"gamma_bin_3.00_3.40","vary_mean",3,-0.6,FALSE,159,1.02410099479473,1.0063124690751,0.110445074943801,0.97,0.20695749422493,-0.017788525719634,"gamma_bin"
"gamma_bin_3.00_3.40","vary_mean",3,-0.6,FALSE,160,0.905625417711481,0.881542559767234,0.101138375029828,0.93,0.194086393800111,-0.0240828579442468,"gamma_bin"
"gamma_bin_3.00_3.40","vary_mean",3,-0.6,FALSE,161,0.911623484707899,0.945006866050747,0.10492201266403,0.93,0.204895956017322,0.0333833813428484,"gamma_bin"
"gamma_bin_3.00_3.40","vary_mean",3,-0.6,FALSE,162,0.854314364398061,0.884101108454612,0.104175435614954,0.95,0.199903337068426,0.0297867440565507,"gamma_bin"
"gamma_bin_3.00_3.40","vary_mean",3,-0.6,FALSE,163,0.939538506142908,1.00958106330128,0.117208135549923,0.85,0.217341068595177,0.0700425571583754,"gamma_bin"
"gamma_bin_3.00_3.40","vary_mean",3,-0.6,FALSE,164,0.804264811038419,0.860116631020356,0.11611639810376,0.85,0.200327905931787,0.0558518199819373,"gamma_bin"
"gamma_bin_3.00_3.40","vary_mean",3,-0.6,FALSE,165,1.00142358506205,1.08595947349418,0.117326743601627,0.91,0.229834266910136,0.084535888432129,"gamma_bin"
"gamma_bin_3.00_3.40","vary_mean",3,-0.6,FALSE,166,1.22258511650756,1.29155085383974,0.113435580913765,0.93,0.247712121016427,0.0689657373321773,"gamma_bin"
"gamma_bin_3.00_3.40","vary_mean",3,-0.6,FALSE,167,0.797785743145654,0.763528860416522,0.0928475245764704,0.93,0.182901634749701,-0.0342568827291317,"gamma_bin"
"gamma_bin_3.00_3.40","vary_mean",3,-0.6,FALSE,168,1.1498418409574,1.18637709351336,0.126897521656154,0.92,0.237083186634227,0.0365352525559606,"gamma_bin"
"gamma_bin_3.00_3.40","vary_mean",3,-0.6,FALSE,169,0.760349335694062,0.72046404418301,0.0968294244163621,0.91,0.180038462752154,-0.0398852915110519,"gamma_bin"
"gamma_bin_3.00_3.40","vary_mean",3,-0.6,FALSE,170,1.37423882796411,1.46118599329953,0.137785247133103,0.9,0.267945089818448,0.0869471653354159,"gamma_bin"
"gamma_bin_3.00_3.40","vary_mean",3,-0.6,FALSE,171,0.879916177740953,0.821942618907545,0.104377854155294,0.88,0.188640719512211,-0.0579735588334075,"gamma_bin"
"gamma_bin_3.00_3.40","vary_mean",3,-0.6,FALSE,172,1.40469809778524,1.38988587405531,0.115813123257092,0.96,0.252739813905407,-0.0148122237299277,"gamma_bin"
"gamma_bin_3.00_3.40","vary_mean",3,-0.6,FALSE,173,0.919193657171105,0.828524839228378,0.0890515588062198,0.88,0.1850176119899,-0.0906688179427274,"gamma_bin"
"gamma_bin_3.00_3.40","vary_mean",3,-0.6,FALSE,174,0.923156528563282,0.908551883303202,0.109357527359754,0.93,0.199574443963045,-0.0146046452600804,"gamma_bin"
"gamma_bin_3.00_3.40","vary_mean",3,-0.6,FALSE,175,1.03837120055872,1.04028379282641,0.123752950676162,0.94,0.216267340131231,0.00191259226769303,"gamma_bin"
"gamma_bin_3.00_3.40","vary_mean",3,-0.6,FALSE,176,0.998550191051843,1.01106197271603,0.127897053834619,0.91,0.212157144838765,0.0125117816641901,"gamma_bin"
"gamma_bin_3.00_3.40","vary_mean",3,-0.6,FALSE,177,1.0672490953256,1.07459428278369,0.124165531535518,0.95,0.21866529362306,0.00734518745809054,"gamma_bin"
"gamma_bin_3.00_3.40","vary_mean",3,-0.6,FALSE,178,0.796488943635566,0.781269752610326,0.104906521495037,0.91,0.184605478334714,-0.0152191910252397,"gamma_bin"
"gamma_bin_3.00_3.40","vary_mean",3,-0.6,FALSE,179,1.19853631620291,1.27150048506758,0.125848503722726,0.94,0.24386512893255,0.0729641688646672,"gamma_bin"
"gamma_bin_3.00_3.40","vary_mean",3,-0.6,FALSE,180,1.18742234445089,1.17774257351137,0.122137855625526,0.94,0.225824361476008,-0.00967977093952244,"gamma_bin"
"gamma_bin_3.00_3.40","vary_mean",3,-0.6,FALSE,181,1.49419822100474,1.40396803950481,0.132592912061637,0.86,0.241028154648739,-0.0902301814999291,"gamma_bin"
"gamma_bin_3.00_3.40","vary_mean",3,-0.6,FALSE,182,1.51569971274724,1.27302291576408,0.125493420979616,0.46,0.217449530525013,-0.242676796983164,"gamma_bin"
"gamma_bin_3.00_3.40","vary_mean",3,-0.6,FALSE,183,0.993078083144793,0.800748663051327,0.0988453162356629,0.43,0.16652566956304,-0.192329420093466,"gamma_bin"
"gamma_bin_3.00_3.40","vary_mean",3,-0.6,FALSE,184,0.900895179433443,0.827950272868713,0.0969455664138389,0.85,0.175297696938802,-0.0729449065647303,"gamma_bin"
"gamma_bin_3.00_3.40","vary_mean",3,-0.6,FALSE,185,0.823216514722493,0.804207271227593,0.0832397811626557,0.99,0.177364488126595,-0.0190092434949,"gamma_bin"
"gamma_bin_3.00_3.40","vary_mean",3,-0.6,FALSE,186,1.22622352517845,1.31818639933636,0.114464057012126,0.92,0.234074497329252,0.0919628741579062,"gamma_bin"
"gamma_bin_3.00_3.40","vary_mean",3,-0.6,FALSE,187,0.917485344129662,0.905139302726988,0.103341158624282,0.92,0.18514472841674,-0.0123460414026736,"gamma_bin"
"gamma_bin_3.00_3.40","vary_mean",3,-0.6,FALSE,188,1.14600718978611,1.17652632651437,0.106780725616269,0.96,0.21453371936412,0.030519136728264,"gamma_bin"
"gamma_bin_3.00_3.40","vary_mean",3,-0.6,FALSE,189,1.15017955401154,1.09803904439814,0.115757410625193,0.91,0.20225141161416,-0.0521405096134016,"gamma_bin"
"gamma_bin_3.00_3.40","vary_mean",3,-0.6,FALSE,190,1.13787761403339,1.06240226280721,0.115699196669395,0.85,0.196466027209286,-0.0754753512261754,"gamma_bin"
"gamma_bin_3.00_3.40","vary_mean",3,-0.6,FALSE,191,1.77820774658985,1.67048370970886,0.141039770282858,0.81,0.244829247693801,-0.107724036880988,"gamma_bin"
"gamma_bin_3.00_3.40","vary_mean",3,-0.6,FALSE,192,1.12621869533816,0.90196344402135,0.0862100533993273,0.35,0.164744818181779,-0.22425525131681,"gamma_bin"
"gamma_bin_3.00_3.40","vary_mean",3,-0.6,FALSE,193,1.63142687231341,1.3824372164678,0.115381842330702,0.4,0.208087940790211,-0.248989655845607,"gamma_bin"
"gamma_bin_3.00_3.40","vary_mean",3,-0.6,FALSE,194,1.9613208229511,1.57674847435501,0.125321439881675,0.14,0.211036496164011,-0.384572348596086,"gamma_bin"
"gamma_bin_3.00_3.40","vary_mean",3,-0.6,FALSE,195,1.62644217295684,1.18031423934381,0.103631346447991,0,0.169412385553118,-0.44612793361303,"gamma_bin"
"gamma_bin_3.00_3.40","vary_mean",3,-0.6,FALSE,196,1.22114876712024,0.897537354613399,0.0765267165137378,0.01,0.144719228310641,-0.323611412506841,"gamma_bin"
"gamma_bin_3.00_3.40","vary_mean",3,-0.6,FALSE,197,1.08512340553335,0.914118120321024,0.0805107607121305,0.39,0.149004745224375,-0.171005285212326,"gamma_bin"
"gamma_bin_3.00_3.40","vary_mean",3,-0.6,FALSE,198,1.22271087570671,1.11870604940401,0.0821694246329613,0.75,0.167086962204089,-0.104004826302698,"gamma_bin"
"gamma_bin_3.00_3.40","vary_mean",3,-0.6,FALSE,199,1.2960340351298,1.22151339569741,0.0888182003449629,0.88,0.171668785101434,-0.0745206394323885,"gamma_bin"
"gamma_bin_3.00_3.40","vary_mean",3,-0.6,FALSE,200,1.66920711624072,1.52805979532528,0.106372436947565,0.69,0.186356419035994,-0.141147320915442,"gamma_bin"
"gamma_bin_3.00_3.40","vary_mean",3,-0.6,FALSE,201,1.16940768861372,0.94603346281666,0.069912057104979,0.13,0.13668007002887,-0.22337422579706,"gamma_bin"
"gamma_bin_3.00_3.40","vary_mean",3,-0.6,FALSE,202,1.0787760344722,0.942632754390737,0.0730915168481458,0.51,0.138203032567713,-0.136143280081463,"gamma_bin"
"gamma_bin_3.00_3.40","vary_mean",3,-0.6,FALSE,203,0.894614924502778,0.812431771657589,0.0731763674090596,0.76,0.129645902137412,-0.0821831528451892,"gamma_bin"
"gamma_bin_3.00_3.40","vary_mean",3,-0.6,FALSE,204,0.818936942727194,0.823763721340824,0.0639741687592238,0.98,0.134343754435057,0.00482677861362979,"gamma_bin"
"gamma_bin_3.00_3.40","vary_mean",3,-0.6,FALSE,205,0.966688195947552,1.04855690441233,0.089178490725302,0.82,0.155477145276476,0.0818687084647758,"gamma_bin"
"gamma_bin_3.00_3.40","vary_mean",3,-0.6,FALSE,206,0.735602657677609,0.783325242241544,0.0680047162951784,0.85,0.133302449488096,0.0477225845639354,"gamma_bin"
"gamma_bin_3.00_3.40","vary_mean",3,-0.6,FALSE,207,0.854906249805799,0.972883886829624,0.0913033219290215,0.63,0.153443632477322,0.117977637023825,"gamma_bin"
"gamma_bin_3.00_3.40","vary_mean",3,-0.6,FALSE,208,1.18360616945073,1.32248687081106,0.0957745048347728,0.63,0.179432464792916,0.138880701360328,"gamma_bin"
"gamma_bin_3.00_3.40","vary_mean",3,-0.6,FALSE,209,1.4602885501346,1.44499338912965,0.099501163594997,0.92,0.179080070370082,-0.0152951610049474,"gamma_bin"
"gamma_bin_3.00_3.40","vary_mean",3,-0.6,FALSE,210,0.828346816490767,0.716864370508608,0.0678443250255369,0.55,0.118940385120674,-0.111482445982159,"gamma_bin"
"gamma_bin_3.00_3.40","vary_mean",3,-0.6,FALSE,211,0.945514704257119,0.902058220413969,0.0655191868935907,0.92,0.139990931830722,-0.0434564838431496,"gamma_bin"
"gamma_bin_3.00_3.40","vary_mean",3,-0.6,FALSE,212,0.790503634328223,0.79364030501237,0.0728999511203072,0.92,0.133108290116302,0.00313667068414691,"gamma_bin"
"gamma_bin_3.00_3.40","vary_mean",3,-0.6,FALSE,213,1.43200091428725,1.54548442150491,0.0960111677928887,0.78,0.191675662633129,0.113483507217656,"gamma_bin"
"gamma_bin_3.00_3.40","vary_mean",3,-0.6,FALSE,214,1.11427471246835,1.02359958197802,0.0723944621526054,0.8,0.144605120410116,-0.0906751304903262,"gamma_bin"
"gamma_bin_3.00_3.40","vary_mean",3,-0.6,FALSE,215,1.11570572194133,1.05343315118087,0.0791234031874381,0.88,0.146662064648567,-0.0622725707604606,"gamma_bin"
"gamma_bin_3.00_3.40","vary_mean",3,-0.6,FALSE,216,1.45325455274622,1.34570018782356,0.088881109749372,0.76,0.164749165252144,-0.107554364922659,"gamma_bin"
"gamma_bin_3.00_3.40","vary_mean",3,-0.6,FALSE,217,1.1420513438864,0.965407329819106,0.0776287203777202,0.3,0.133084733765336,-0.176644014067293,"gamma_bin"
"gamma_bin_3.00_3.40","vary_mean",3,-0.6,FALSE,218,0.657956194341687,0.595370338647854,0.0583570492835048,0.75,0.105386434383204,-0.0625858556938329,"gamma_bin"
"gamma_bin_3.00_3.40","vary_mean",3,-0.6,FALSE,219,1.37055796530381,1.44005210069768,0.0936558703402229,0.86,0.174909444189627,0.0694941353938703,"gamma_bin"
"gamma_bin_3.00_3.40","vary_mean",3,-0.6,FALSE,220,1.1217671045533,1.06247189427134,0.0794072285999071,0.84,0.141033225468186,-0.059295210281961,"gamma_bin"
"gamma_bin_3.00_3.40","vary_mean",3,-0.6,FALSE,221,1.82148085595811,1.72109754278963,0.0996580490452197,0.74,0.178346161016046,-0.100383313168483,"gamma_bin"
"gamma_bin_3.00_3.40","vary_mean",3,-0.6,FALSE,222,1.47820728190538,1.16805213449178,0.0707879784004259,0.01,0.133701374716431,-0.310155147413604,"gamma_bin"
"gamma_bin_3.00_3.40","vary_mean",3,-0.6,FALSE,223,1.22912323671868,0.962720412114953,0.0692337393966685,0.03,0.119020654554992,-0.266402824603727,"gamma_bin"
"gamma_bin_3.00_3.40","vary_mean",3,-0.6,FALSE,224,1.39166921706407,1.15951055729669,0.0694971841303602,0.11,0.131899434226809,-0.232158659767376,"gamma_bin"
"gamma_bin_3.00_3.40","vary_mean",3,-0.6,FALSE,225,1.02692395020016,0.873559836606725,0.0564820065587734,0.26,0.112078920325483,-0.153364113593435,"gamma_bin"
"gamma_bin_3.00_3.40","vary_mean",3,-0.6,FALSE,226,0.944469227223,0.877818094618562,0.0640145291763748,0.79,0.114632465950014,-0.0666511326044377,"gamma_bin"
"gamma_bin_3.00_3.40","vary_mean",3,-0.6,FALSE,227,0.882935394281871,0.874481371896399,0.0635723201906804,0.94,0.116534171194713,-0.00845402238547244,"gamma_bin"
"gamma_bin_3.00_3.40","vary_mean",3,-0.6,FALSE,228,1.25451332375843,1.34029961580795,0.0769757837680964,0.77,0.146935203895567,0.0857862920495229,"gamma_bin"
"gamma_bin_3.00_3.40","vary_mean",3,-0.6,FALSE,229,1.46482234027448,1.42438763896634,0.0789562666695681,0.86,0.144335933810515,-0.040434701308143,"gamma_bin"
"gamma_bin_3.00_3.40","vary_mean",3,-0.6,FALSE,230,1.51066180760486,1.30794845083638,0.0748258506027465,0.18,0.130697069283064,-0.202713356768485,"gamma_bin"
"gamma_bin_3.00_3.40","vary_mean",3,-0.6,FALSE,231,1.76123960010775,1.41119945158649,0.0724766391113468,0,0.13050336032191,-0.350040148521259,"gamma_bin"
"gamma_bin_3.00_3.40","vary_mean",3,-0.6,FALSE,232,1.40610248726795,1.05404755366946,0.0556456591570511,0,0.106906577482538,-0.352054933598486,"gamma_bin"
"gamma_bin_3.00_3.40","vary_mean",3,-0.6,FALSE,233,1.50839208568838,1.19830699923549,0.0549694877877888,0.02,0.113636154323644,-0.310085086452893,"gamma_bin"
"gamma_bin_3.00_3.40","vary_mean",3,-0.6,FALSE,234,2.14809922234943,1.72418916954307,0.0677042349353459,0,0.132740745906629,-0.423910052806364,"gamma_bin"
"gamma_bin_3.00_3.40","vary_mean",3,-0.6,FALSE,235,1.77316147702833,1.25441400739455,0.0659863320395695,0,0.103085106753316,-0.518747469633775,"gamma_bin"
"gamma_bin_3.00_3.40","vary_mean",3,-0.6,FALSE,236,1.73482506410384,1.24265781384546,0.0608059061531789,0,0.0995104062518309,-0.492167250258383,"gamma_bin"
"gamma_bin_3.00_3.40","vary_mean",3,-0.6,FALSE,237,1.62267353351007,1.17993190519228,0.0616402854762322,0,0.0940156717961728,-0.442741628317788,"gamma_bin"
"gamma_bin_3.00_3.40","vary_mean",3,-0.6,FALSE,238,1.18124992154851,0.895490084973358,0.0423699825180175,0,0.0801138681061148,-0.285759836575152,"gamma_bin"
"gamma_bin_3.00_3.40","vary_mean",3,-0.6,FALSE,239,1.18465305674865,1.01768272217992,0.0546357972170694,0.11,0.0869917247802427,-0.16697033456873,"gamma_bin"
"gamma_bin_3.00_3.40","vary_mean",3,-0.6,FALSE,240,1.4168407618799,1.30070434435892,0.0548291165463494,0.36,0.0981370415830217,-0.116136417520981,"gamma_bin"
"gamma_bin_3.00_3.40","vary_mean",3,-0.6,FALSE,241,1.25636383468336,1.10354374687666,0.0423686013308147,0.1,0.0866938814856194,-0.152820087806697,"gamma_bin"
"gamma_bin_3.00_3.40","vary_mean",3,-0.6,FALSE,242,1.12127216596798,0.999094280255594,0.046755684389828,0.21,0.0814826663107781,-0.122177885712386,"gamma_bin"
"gamma_bin_3.00_3.40","vary_mean",3,-0.6,FALSE,243,1.35468577162437,1.24820387739624,0.0484154450852103,0.42,0.0912220439161288,-0.106481894228127,"gamma_bin"
"gamma_bin_3.00_3.40","vary_mean",3,-0.6,FALSE,244,1.01073025572083,0.907050709199641,0.0414148399537206,0.28,0.0751808488000653,-0.103679546521189,"gamma_bin"
"gamma_bin_3.00_3.40","vary_mean",3,-0.6,FALSE,245,1.09869262296579,1.0434242728005,0.044281048250167,0.7,0.0819289751416761,-0.0552683501652951,"gamma_bin"
"gamma_bin_3.00_3.40","vary_mean",3,-0.6,FALSE,246,1.01867243248783,0.976276332175873,0.0424298857115217,0.79,0.0787599787530967,-0.042396100311957,"gamma_bin"
"gamma_bin_3.00_3.40","vary_mean",3,-0.6,FALSE,247,0.933300548697082,0.929139857089152,0.0416920157874572,0.95,0.077168332173965,-0.00416069160793009,"gamma_bin"
"gamma_bin_3.00_3.40","vary_mean",3,-0.6,FALSE,248,1.07521131224965,1.09073897571926,0.044317561937262,0.92,0.0844972934697281,0.0155276634696078,"gamma_bin"
"gamma_bin_3.00_3.40","vary_mean",3,-0.6,FALSE,249,1.30368079751671,1.30017335206436,0.0477608161713946,0.96,0.0910237127186276,-0.0035074454523536,"gamma_bin"
"gamma_bin_3.00_3.40","vary_mean",3,-0.6,FALSE,250,1.41725036624756,1.30253319093779,0.0455025593834944,0.32,0.0874078144025704,-0.114717175309774,"gamma_bin"
"gamma_bin_3.00_3.40","vary_mean",3,-0.6,FALSE,251,1.14473843834061,0.975922694523476,0.0363995830560582,0,0.0726922851083762,-0.168815743817134,"gamma_bin"
"gamma_bin_3.00_3.40","vary_mean",3,-0.6,FALSE,252,1.28957905264017,1.1384471723605,0.0463208805851938,0.06,0.0789802578210447,-0.151131880279665,"gamma_bin"
"gamma_bin_3.00_3.40","vary_mean",3,-0.6,FALSE,253,1.41164181175606,1.23985068863221,0.0387630157320514,0.02,0.0809234970648206,-0.171791123123855,"gamma_bin"
"gamma_bin_4.50_3.40","vary_mean",4.5,-0.4,FALSE,1,4.64176734711438,1.46798994869254,0.07055479802791,0,0.133858457098316,-3.17377739842184,"gamma_bin"
"gamma_bin_4.50_3.40","vary_mean",4.5,-0.4,FALSE,2,5.74184883880713,2.44306354707064,0.0820837635835871,0,0.159036428719362,-3.29878529173649,"gamma_bin"
"gamma_bin_4.50_3.40","vary_mean",4.5,-0.4,FALSE,3,3.25033439563944,1.58335401667175,0.0556995332017073,0,0.114057043782783,-1.66698037896769,"gamma_bin"
"gamma_bin_4.50_3.40","vary_mean",4.5,-0.4,FALSE,4,6.73935287829888,3.81540175841713,0.105681926085739,0,0.165057811984538,-2.92395111988175,"gamma_bin"
"gamma_bin_4.50_3.40","vary_mean",4.5,-0.4,FALSE,5,2.43636854796088,1.21074520356618,0.0433902343261082,0,0.0773447225327933,-1.2256233443947,"gamma_bin"
"gamma_bin_4.50_3.40","vary_mean",4.5,-0.4,FALSE,6,1.74494772539268,0.975718231368987,0.0332634946925317,0,0.0654023927402868,-0.769229494023693,"gamma_bin"
"gamma_bin_4.50_3.40","vary_mean",4.5,-0.4,FALSE,7,2.62517926045569,1.77273889881735,0.0471654229665881,0,0.0864887586895439,-0.852440361638343,"gamma_bin"
"gamma_bin_4.50_3.40","vary_mean",4.5,-0.4,FALSE,8,1.22911307977452,0.886161688921086,0.0333413386548046,0,0.0576278628092894,-0.342951390853434,"gamma_bin"
"gamma_bin_4.50_3.40","vary_mean",4.5,-0.4,FALSE,9,2.39904651254038,1.9245167224739,0.0436753933953064,0,0.084094894356349,-0.474529790066483,"gamma_bin"
"gamma_bin_4.50_3.40","vary_mean",4.5,-0.4,FALSE,10,1.19484574307971,0.931468070502361,0.0285676766846597,0,0.0547813732812524,-0.263377672577349,"gamma_bin"
"gamma_bin_4.50_3.40","vary_mean",4.5,-0.4,FALSE,11,1.32897619591253,1.10160570523989,0.0336674403170089,0,0.0587276072749845,-0.227370490672636,"gamma_bin"
"gamma_bin_4.50_3.40","vary_mean",4.5,-0.4,FALSE,12,1.45959821408832,1.27316204408953,0.0328436668586768,0,0.0623128644628715,-0.186436169998793,"gamma_bin"
"gamma_bin_4.50_3.40","vary_mean",4.5,-0.4,FALSE,13,1.71530804750948,1.52051799156613,0.0370047177701314,0,0.0665138272903509,-0.194790055943345,"gamma_bin"
"gamma_bin_4.50_3.40","vary_mean",4.5,-0.4,FALSE,14,1.05182866123244,0.899741149242377,0.0259772859825932,0,0.0490322967549835,-0.152087511990063,"gamma_bin"
"gamma_bin_4.50_3.40","vary_mean",4.5,-0.4,FALSE,15,1.02510010675531,0.905565308239456,0.0228413072518153,0,0.0488995535868224,-0.119534798515854,"gamma_bin"
"gamma_bin_4.50_3.40","vary_mean",4.5,-0.4,FALSE,16,1.25252014867933,1.17136986562597,0.0301996474058404,0.22,0.0558163635631922,-0.0811502830533608,"gamma_bin"
"gamma_bin_4.50_3.40","vary_mean",4.5,-0.4,FALSE,17,1.21525733695915,1.1535806330225,0.028020882826813,0.44,0.0547643927206405,-0.0616767039366488,"gamma_bin"
"gamma_bin_4.50_3.40","vary_mean",4.5,-0.4,FALSE,18,0.979230198394809,0.923510023949492,0.0263945214417014,0.43,0.048311861193989,-0.0557201744453172,"gamma_bin"
"gamma_bin_4.50_3.40","vary_mean",4.5,-0.4,FALSE,19,1.02544833790337,0.996819931944573,0.0241209593198803,0.81,0.0502370810189378,-0.0286284059587971,"gamma_bin"
"gamma_bin_4.50_3.40","vary_mean",4.5,-0.4,FALSE,20,1.03933643277786,1.02507759002661,0.0234621259686913,0.95,0.0509476970435735,-0.0142588427512484,"gamma_bin"
"gamma_bin_4.50_3.40","vary_mean",4.5,-0.4,FALSE,21,1.31704644033967,1.30899614524003,0.0277078362099565,0.97,0.0574658424222236,-0.00805029509964239,"gamma_bin"
"gamma_bin_4.50_3.40","vary_mean",4.5,-0.4,FALSE,22,1.01626238281987,0.968577114158082,0.024957641051893,0.55,0.0483582208026489,-0.047685268661788,"gamma_bin"
"gamma_bin_4.50_3.40","vary_mean",4.5,-0.4,FALSE,23,0.750219977978433,0.717898268542176,0.0231891258797071,0.63,0.0414493982767832,-0.032321709436257,"gamma_bin"
"gamma_bin_4.50_3.40","vary_mean",4.5,-0.4,FALSE,24,0.68680573053247,0.689524917980936,0.0208107369376153,0.95,0.0413795842194064,0.00271918744846589,"gamma_bin"
"gamma_bin_4.50_3.40","vary_mean",4.5,-0.4,FALSE,25,1.09137562864791,1.16951007821328,0.0267651213087434,0.21,0.0554380728457921,0.0781344495653677,"gamma_bin"
"gamma_bin_4.50_3.40","vary_mean",4.5,-0.4,FALSE,26,0.741057834922739,0.783197661396881,0.0221614066564001,0.54,0.0452449412413517,0.0421398264741424,"gamma_bin"
"gamma_bin_4.50_3.40","vary_mean",4.5,-0.4,FALSE,27,0.768534353981288,0.823843644562493,0.0217429354198587,0.33,0.0471393145574228,0.0553092905812048,"gamma_bin"
"gamma_bin_4.50_3.40","vary_mean",4.5,-0.4,FALSE,28,0.752768210408917,0.818753078870661,0.0244441332491481,0.24,0.0478381412256195,0.0659848684617442,"gamma_bin"
"gamma_bin_4.50_3.40","vary_mean",4.5,-0.4,FALSE,29,0.700189279957523,0.774164669990918,0.0237747221809327,0.13,0.0474220759909629,0.0739753900333951,"gamma_bin"
"gamma_bin_4.50_3.40","vary_mean",4.5,-0.4,FALSE,30,0.555240242382622,0.628345116619953,0.0243947456616038,0.08,0.0437251937593382,0.0731048742373306,"gamma_bin"
"gamma_bin_4.50_3.40","vary_mean",4.5,-0.4,FALSE,31,0.584450640057208,0.677091150642835,0.0215114203977095,0.02,0.0470360866844894,0.092640510585627,"gamma_bin"
"gamma_bin_4.50_3.40","vary_mean",4.5,-0.4,FALSE,32,0.680297862250013,0.810339156133556,0.0267494645887368,0,0.0533592609333346,0.130041293883543,"gamma_bin"
"gamma_bin_4.50_3.40","vary_mean",4.5,-0.4,FALSE,33,0.95896579009836,1.14826775075962,0.0361255967857158,0,0.0652562101496877,0.189301960661256,"gamma_bin"
"gamma_bin_4.50_3.40","vary_mean",4.5,-0.4,FALSE,34,1.26713544933213,1.43401033010436,0.0370145943262373,0.01,0.0728831992718235,0.166874880772229,"gamma_bin"
"gamma_bin_4.50_3.40","vary_mean",4.5,-0.4,FALSE,35,1.32835487275134,1.33919804463033,0.0347582409035273,0.94,0.0684269431248993,0.0108431718789932,"gamma_bin"
"gamma_bin_4.50_3.40","vary_mean",4.5,-0.4,FALSE,36,0.820532179912435,0.75553182633849,0.0256176743949403,0.32,0.0498104428610915,-0.0650003535739455,"gamma_bin"
"gamma_bin_4.50_3.40","vary_mean",4.5,-0.4,FALSE,37,0.605066948223753,0.570154767705947,0.0214905833086863,0.64,0.0435988187553442,-0.034912180517806,"gamma_bin"
"gamma_bin_4.50_3.40","vary_mean",4.5,-0.4,FALSE,38,0.480613317476216,0.493184360255224,0.0247384446348795,0.88,0.0419056830038439,0.0125710427790079,"gamma_bin"
"gamma_bin_4.50_3.40","vary_mean",4.5,-0.4,FALSE,39,0.729684595490469,0.833798033493626,0.0278352768706646,0.06,0.0572045916831387,0.104113438003157,"gamma_bin"
"gamma_bin_4.50_3.40","vary_mean",4.5,-0.4,FALSE,40,0.815117093248404,0.96519341356955,0.0323847613075693,0,0.0633675991206353,0.150076320321146,"gamma_bin"
"gamma_bin_4.50_3.40","vary_mean",4.5,-0.4,FALSE,41,0.615435524003123,0.719884721641551,0.0269088193136672,0.04,0.0554724628549558,0.104449197638428,"gamma_bin"
"gamma_bin_4.50_3.40","vary_mean",4.5,-0.4,FALSE,42,0.771681049543453,0.903905923699609,0.0277734366200553,0.01,0.0638008101726926,0.132224874156156,"gamma_bin"
"gamma_bin_4.50_3.40","vary_mean",4.5,-0.4,FALSE,43,0.638637642797715,0.733768646339201,0.0291853767740637,0.07,0.058410094232621,0.0951310035414864,"gamma_bin"
"gamma_bin_4.50_3.40","vary_mean",4.5,-0.4,FALSE,44,0.502607638572081,0.569605781555361,0.0268609153687488,0.31,0.0527887231073797,0.0669981429832798,"gamma_bin"
"gamma_bin_4.50_3.40","vary_mean",4.5,-0.4,FALSE,45,0.419348773276434,0.498774839682726,0.0266732964031075,0.15,0.0514568599368809,0.0794260664062916,"gamma_bin"
"gamma_bin_4.50_3.40","vary_mean",4.5,-0.4,FALSE,46,0.532523289397014,0.662064771408579,0.033758387140373,0,0.0624657577202431,0.129541482011565,"gamma_bin"
"gamma_bin_4.50_3.40","vary_mean",4.5,-0.4,FALSE,47,0.748164536979726,0.949094762601661,0.0397458877106945,0,0.0781713821793427,0.200930225621935,"gamma_bin"
"gamma_bin_4.50_3.40","vary_mean",4.5,-0.4,FALSE,48,0.699597036363356,0.867046062662185,0.0359372003666569,0,0.0762522915763263,0.167449026298829,"gamma_bin"
"gamma_bin_4.50_3.40","vary_mean",4.5,-0.4,FALSE,49,0.840634610500807,0.999987425988591,0.0415632629422157,0.02,0.0833688359546782,0.159352815487784,"gamma_bin"
"gamma_bin_4.50_3.40","vary_mean",4.5,-0.4,FALSE,50,0.605572567510499,0.675906198086794,0.0338417685541909,0.45,0.0690052422039033,0.0703336305762953,"gamma_bin"
"gamma_bin_4.50_3.40","vary_mean",4.5,-0.4,FALSE,51,0.551154795645625,0.620351066943952,0.0354007303234079,0.47,0.0678972149484912,0.0691962712983272,"gamma_bin"
"gamma_bin_4.50_3.40","vary_mean",4.5,-0.4,FALSE,52,0.382419782215341,0.439254287943045,0.0342736551847804,0.53,0.0592777997538997,0.056834505727704,"gamma_bin"
"gamma_bin_4.50_3.40","vary_mean",4.5,-0.4,FALSE,53,0.67605453850849,0.833959516159683,0.0509969642902261,0.05,0.0863608591685188,0.157904977651193,"gamma_bin"
"gamma_bin_4.50_3.40","vary_mean",4.5,-0.4,FALSE,54,0.67389745281474,0.838076375899971,0.0476573543606901,0.03,0.089415964217733,0.164178923085231,"gamma_bin"
"gamma_bin_4.50_3.40","vary_mean",4.5,-0.4,FALSE,55,0.928654307802489,1.12592268193655,0.0617012933062837,0.04,0.106188810124094,0.197268374134057,"gamma_bin"
"gamma_bin_4.50_3.40","vary_mean",4.5,-0.4,FALSE,56,0.750444909156983,0.853092587724811,0.0491103784359387,0.41,0.0924604826624468,0.102647678567828,"gamma_bin"
"gamma_bin_4.50_3.40","vary_mean",4.5,-0.4,FALSE,57,0.713559496047443,0.778388152928141,0.0482648745566522,0.63,0.0893751743741854,0.0648286568806983,"gamma_bin"
"gamma_bin_4.50_3.40","vary_mean",4.5,-0.4,FALSE,58,0.492127182876667,0.539278216714421,0.0379720746855848,0.76,0.0759148488613714,0.0471510338377535,"gamma_bin"
"gamma_bin_4.50_3.40","vary_mean",4.5,-0.4,FALSE,59,0.488121905081673,0.553324301145754,0.0463306750550194,0.6,0.0801083697784992,0.0652023960640812,"gamma_bin"
"gamma_bin_4.50_3.40","vary_mean",4.5,-0.4,FALSE,60,0.671861168143052,0.823827102182353,0.0522726781963824,0.18,0.102580987847221,0.151965934039301,"gamma_bin"
"gamma_bin_4.50_3.40","vary_mean",4.5,-0.4,FALSE,61,0.791762464983911,0.97686652078948,0.0592121251754774,0.08,0.115124680034603,0.185104055805569,"gamma_bin"
"gamma_bin_4.50_3.40","vary_mean",4.5,-0.4,FALSE,62,0.652922492639065,0.777288514225501,0.0564078090756419,0.32,0.104052193228278,0.124366021586436,"gamma_bin"
"gamma_bin_4.50_3.40","vary_mean",4.5,-0.4,FALSE,63,0.613891069127135,0.70848646056624,0.0515587976025034,0.53,0.101551267194786,0.0945953914391046,"gamma_bin"
"gamma_bin_4.50_3.40","vary_mean",4.5,-0.4,FALSE,64,0.747174650317661,0.866174260252629,0.0630233049968741,0.45,0.115611429867131,0.118999609934968,"gamma_bin"
"gamma_bin_4.50_3.40","vary_mean",4.5,-0.4,FALSE,65,0.706701130088712,0.816016463579208,0.0534584430509072,0.54,0.114511647109338,0.109315333490496,"gamma_bin"
"gamma_bin_4.50_3.40","vary_mean",4.5,-0.4,FALSE,66,0.51187393654748,0.583244054432537,0.0459254159395729,0.66,0.0988643646825464,0.0713701178850571,"gamma_bin"
"gamma_bin_4.50_3.40","vary_mean",4.5,-0.4,FALSE,67,0.670601402325688,0.781133953225565,0.0599660720080568,0.49,0.118919272194025,0.110532550899877,"gamma_bin"
"gamma_bin_4.50_3.40","vary_mean",4.5,-0.4,FALSE,68,1.17253163081397,1.37936901693596,0.0818537413817874,0.29,0.162808543685502,0.206837386121992,"gamma_bin"
"gamma_bin_4.50_3.40","vary_mean",4.5,-0.4,FALSE,69,1.09882955126721,1.17705903761957,0.0767524816334752,0.82,0.148040053156597,0.0782294863523576,"gamma_bin"
"gamma_bin_4.50_3.40","vary_mean",4.5,-0.4,FALSE,70,0.864010024055233,0.86677690282936,0.0553752757506463,0.98,0.125092511484332,0.0027668787741274,"gamma_bin"
"gamma_bin_4.50_3.40","vary_mean",4.5,-0.4,FALSE,71,0.715098113998147,0.708868194742394,0.0550536421608196,0.96,0.11365553717156,-0.00622991925575256,"gamma_bin"
"gamma_bin_4.50_3.40","vary_mean",4.5,-0.4,FALSE,72,0.5778146754347,0.605811770226055,0.0606114324593395,0.9,0.107407512275842,0.0279970947913554,"gamma_bin"
"gamma_bin_4.50_3.40","vary_mean",4.5,-0.4,FALSE,73,0.968098548670386,1.07736368159415,0.0794771349190734,0.67,0.148630687082505,0.109265132923766,"gamma_bin"
"gamma_bin_4.50_3.40","vary_mean",4.5,-0.4,FALSE,74,0.655349167508219,0.728114072549504,0.0640881614771884,0.75,0.123020390918008,0.0727649050412846,"gamma_bin"
"gamma_bin_4.50_3.40","vary_mean",4.5,-0.4,FALSE,75,0.59977224361632,0.659417662975038,0.071860429712317,0.84,0.119777978574436,0.0596454193587176,"gamma_bin"
"gamma_bin_4.50_3.40","vary_mean",4.5,-0.4,FALSE,76,0.795810456805532,0.922516242869655,0.0779109536098883,0.6,0.146489987263092,0.126705786064123,"gamma_bin"
"gamma_bin_4.50_3.40","vary_mean",4.5,-0.4,FALSE,77,0.873668877519834,1.00950084588817,0.0814185832502348,0.56,0.156022382017834,0.135831968368338,"gamma_bin"
"gamma_bin_4.50_3.40","vary_mean",4.5,-0.4,FALSE,78,0.655524310026793,0.734350865883253,0.0706225825982305,0.73,0.13386070890741,0.0788265558564605,"gamma_bin"
"gamma_bin_4.50_3.40","vary_mean",4.5,-0.4,FALSE,79,0.810623636163075,0.897444488823385,0.0638383071669281,0.83,0.151353048863712,0.0868208526603104,"gamma_bin"
"gamma_bin_4.50_3.40","vary_mean",4.5,-0.4,FALSE,80,0.610456557383718,0.691650524174295,0.0701567641304669,0.75,0.134853021703235,0.0811939667905766,"gamma_bin"
"gamma_bin_4.50_3.40","vary_mean",4.5,-0.4,FALSE,81,0.859858611274139,0.966124282291811,0.0896378460875292,0.72,0.164025841123999,0.106265671017672,"gamma_bin"
"gamma_bin_4.50_3.40","vary_mean",4.5,-0.4,FALSE,82,0.71793472208637,0.795507029962508,0.0755359776716424,0.83,0.150642458171477,0.0775723078761378,"gamma_bin"
"gamma_bin_4.50_3.40","vary_mean",4.5,-0.4,FALSE,83,0.992203959261976,1.09508668643621,0.0969463157891914,0.8,0.180290565089976,0.102882727174233,"gamma_bin"
"gamma_bin_4.50_3.40","vary_mean",4.5,-0.4,FALSE,84,1.12541562776308,1.22820505916516,0.101193931318394,0.79,0.191084618016232,0.10278943140208,"gamma_bin"
"gamma_bin_4.50_3.40","vary_mean",4.5,-0.4,FALSE,85,0.719081428835968,0.722256087820328,0.0797173325906602,0.94,0.14433806111332,0.00317465898435976,"gamma_bin"
"gamma_bin_4.50_3.40","vary_mean",4.5,-0.4,FALSE,86,0.84752493125734,0.884656236303502,0.0839808676930623,0.95,0.162381731856336,0.0371313050461621,"gamma_bin"
"gamma_bin_4.50_3.40","vary_mean",4.5,-0.4,FALSE,87,0.855021916180829,0.896641216500744,0.0782598942594505,0.93,0.165696135815274,0.041619300319915,"gamma_bin"
"gamma_bin_4.50_3.40","vary_mean",4.5,-0.4,FALSE,88,1.05231211723794,1.11536301109628,0.109078146285309,0.88,0.186995098879985,0.0630508938583401,"gamma_bin"
"gamma_bin_4.50_3.40","vary_mean",4.5,-0.4,FALSE,89,0.736245763604483,0.750769929472727,0.0712485876425961,0.98,0.152902569866313,0.0145241658682436,"gamma_bin"
"gamma_bin_4.50_3.40","vary_mean",4.5,-0.4,FALSE,90,0.910435800275709,0.95334293566315,0.0946587159648825,0.89,0.175388969887069,0.0429071353874408,"gamma_bin"
"gamma_bin_4.50_3.40","vary_mean",4.5,-0.4,FALSE,91,0.875373992276142,0.929196765139433,0.0780077405053287,0.92,0.174770139542359,0.0538227728632906,"gamma_bin"
"gamma_bin_4.50_3.40","vary_mean",4.5,-0.4,FALSE,92,1.13308580158326,1.19351347902962,0.100508745959216,0.91,0.199835495661106,0.0604276774463599,"gamma_bin"
"gamma_bin_4.50_3.40","vary_mean",4.5,-0.4,FALSE,93,0.779622317935819,0.793622570357077,0.0930635870010334,0.94,0.16124575778428,0.0140002524212581,"gamma_bin"
"gamma_bin_4.50_3.40","vary_mean",4.5,-0.4,FALSE,94,0.738590807925372,0.756610793206132,0.0763489063923566,0.96,0.1594710563241,0.0180199852807604,"gamma_bin"
"gamma_bin_4.50_3.40","vary_mean",4.5,-0.4,FALSE,95,0.736386067431423,0.790463572445721,0.0863514196442997,0.89,0.166533328053708,0.054077505014298,"gamma_bin"
"gamma_bin_4.50_3.40","vary_mean",4.5,-0.4,FALSE,96,0.940470991453404,1.05456465592385,0.109245518926781,0.73,0.196742525732301,0.114093664470449,"gamma_bin"
"gamma_bin_4.50_3.40","vary_mean",4.5,-0.4,FALSE,97,0.92681020267862,1.02214218255152,0.0997669585464408,0.82,0.194652389849986,0.0953319798729027,"gamma_bin"
"gamma_bin_4.50_3.40","vary_mean",4.5,-0.4,FALSE,98,0.805264800704658,0.8363211254062,0.0945607540397176,0.95,0.17613767028659,0.0310563247015423,"gamma_bin"
"gamma_bin_4.50_3.40","vary_mean",4.5,-0.4,FALSE,99,0.96897608307621,1.03250026950377,0.0982126219118281,0.94,0.198273437902683,0.0635241864275562,"gamma_bin"
"gamma_bin_4.50_3.40","vary_mean",4.5,-0.4,FALSE,100,0.483332995262756,0.505563762647163,0.0654687264167064,0.97,0.139012569128054,0.0222307673844072,"gamma_bin"
"gamma_bin_4.50_3.40","vary_mean",4.5,-0.4,FALSE,101,0.66077716283239,0.733060960512835,0.0841699822560349,0.88,0.173951940562242,0.0722837976804455,"gamma_bin"
"gamma_bin_4.50_3.40","vary_mean",4.5,-0.4,FALSE,102,0.655745239910364,0.754997951267645,0.0920936818632021,0.8,0.182336042205867,0.0992527113572808,"gamma_bin"
"gamma_bin_4.50_3.40","vary_mean",4.5,-0.4,FALSE,103,1.19599908198214,1.41188031579043,0.121155028898998,0.63,0.257154015342834,0.215881233808294,"gamma_bin"
"gamma_bin_4.50_3.40","vary_mean",4.5,-0.4,FALSE,104,1.52020654998133,1.64699961760458,0.148654894731275,0.84,0.272783572445231,0.126793067623247,"gamma_bin"
"gamma_bin_4.50_3.40","vary_mean",4.5,-0.4,FALSE,105,1.10303826313934,1.05137936398061,0.135312859074689,0.91,0.207708632594911,-0.0516588991587301,"gamma_bin"
"gamma_bin_4.50_3.40","vary_mean",4.5,-0.4,FALSE,106,0.895258886773757,0.82798353452294,0.0905832776191962,0.92,0.18136934207444,-0.0672753522508165,"gamma_bin"
"gamma_bin_4.50_3.40","vary_mean",4.5,-0.4,FALSE,107,0.603016892421566,0.567070938896488,0.0734500706799795,0.94,0.151043964814794,-0.0359459535250777,"gamma_bin"
"gamma_bin_4.50_3.40","vary_mean",4.5,-0.4,FALSE,108,1.07762321196894,1.10870139523482,0.119813775065039,0.92,0.218406822636798,0.0310781832658817,"gamma_bin"
"gamma_bin_4.50_3.40","vary_mean",4.5,-0.4,FALSE,109,1.67936751135944,1.76737579820837,0.144227035761092,0.9,0.27684314527334,0.088008286848932,"gamma_bin"
"gamma_bin_4.50_3.40","vary_mean",4.5,-0.4,FALSE,110,0.778512854791425,0.747108175314398,0.0995415693445077,0.93,0.171134123284841,-0.0314046794770269,"gamma_bin"
"gamma_bin_4.50_3.40","vary_mean",4.5,-0.4,FALSE,111,0.992005341124613,0.933766162518781,0.0963825336386631,0.9,0.192324476506032,-0.0582391786058323,"gamma_bin"
"gamma_bin_4.50_3.40","vary_mean",4.5,-0.4,FALSE,112,1.07688074493023,1.05936909972252,0.0997968732699403,0.94,0.205927005399024,-0.0175116452077102,"gamma_bin"
"gamma_bin_4.50_3.40","vary_mean",4.5,-0.4,FALSE,113,0.702400819858529,0.701825448715166,0.0969999226867207,0.92,0.167048737504626,-0.000575371143362813,"gamma_bin"
"gamma_bin_4.50_3.40","vary_mean",4.5,-0.4,FALSE,114,0.976066509197994,1.00839044112413,0.1226519033996,0.85,0.204598247788781,0.0323239319261391,"gamma_bin"
"gamma_bin_4.50_3.40","vary_mean",4.5,-0.4,FALSE,115,1.23867756628513,1.31612336137668,0.118246245386104,0.88,0.235431310245616,0.0774457950915499,"gamma_bin"
"gamma_bin_4.50_3.40","vary_mean",4.5,-0.4,FALSE,116,1.16180338965973,1.16325097785564,0.12152236687392,0.88,0.217065234425654,0.00144758819590596,"gamma_bin"
"gamma_bin_4.50_3.40","vary_mean",4.5,-0.4,FALSE,117,1.19462029108814,1.14344862746861,0.121000782805501,0.88,0.211823140345677,-0.0511716636195287,"gamma_bin"
"gamma_bin_4.50_3.40","vary_mean",4.5,-0.4,FALSE,118,1.16321995780671,1.10398179452062,0.104621886318184,0.93,0.20508548333255,-0.0592381632860903,"gamma_bin"
"gamma_bin_4.50_3.40","vary_mean",4.5,-0.4,FALSE,119,1.07032628214879,0.98557475989318,0.108784551598291,0.85,0.191413930894737,-0.0847515222556099,"gamma_bin"
"gamma_bin_4.50_3.40","vary_mean",4.5,-0.4,FALSE,120,0.877757633134012,0.827129717823589,0.0909127147768033,0.92,0.174987253512043,-0.0506279153104233,"gamma_bin"
"gamma_bin_4.50_3.40","vary_mean",4.5,-0.4,FALSE,121,1.36755731263547,1.34041920342316,0.11691572075288,0.95,0.225388052539528,-0.0271381092123151,"gamma_bin"
"gamma_bin_4.50_3.40","vary_mean",4.5,-0.4,FALSE,122,0.835796444244159,0.810661495059974,0.0919478242617192,0.9,0.171759634403685,-0.0251349491841852,"gamma_bin"
"gamma_bin_4.50_3.40","vary_mean",4.5,-0.4,FALSE,123,1.26724551805682,1.26681173267451,0.113234729157927,0.95,0.216733935197831,-0.000433785382311092,"gamma_bin"
"gamma_bin_4.50_3.40","vary_mean",4.5,-0.4,FALSE,124,0.969129898643769,0.947320884909427,0.0893993962631795,0.98,0.184308648053738,-0.0218090137343419,"gamma_bin"
"gamma_bin_4.50_3.40","vary_mean",4.5,-0.4,FALSE,125,0.847338782890042,0.840696084639752,0.0939482908567205,0.92,0.173363669308325,-0.00664269825028974,"gamma_bin"
"gamma_bin_4.50_3.40","vary_mean",4.5,-0.4,FALSE,126,0.715564882412269,0.731561028700052,0.0826551851189185,0.93,0.163625851983577,0.0159961462877831,"gamma_bin"
"gamma_bin_4.50_3.40","vary_mean",4.5,-0.4,FALSE,127,0.94782383341486,1.01200710354929,0.109989453141135,0.93,0.196970919758519,0.0641832701344324,"gamma_bin"
"gamma_bin_4.50_3.40","vary_mean",4.5,-0.4,FALSE,128,0.685081694959754,0.743918193349059,0.0784696805026191,0.94,0.170262188066699,0.058836498389305,"gamma_bin"
"gamma_bin_4.50_3.40","vary_mean",4.5,-0.4,FALSE,129,0.940719567434955,1.03872855300281,0.0979825349845423,0.88,0.205437766698893,0.09800898556786,"gamma_bin"
"gamma_bin_4.50_3.40","vary_mean",4.5,-0.4,FALSE,130,0.882735861931285,0.960439668993336,0.103425460338938,0.9,0.198482307397212,0.077703807062051,"gamma_bin"
"gamma_bin_4.50_3.40","vary_mean",4.5,-0.4,FALSE,131,0.908592867608554,0.991567187962741,0.099410088427629,0.88,0.202864122183316,0.082974320354187,"gamma_bin"
"gamma_bin_4.50_3.40","vary_mean",4.5,-0.4,FALSE,132,0.919571358645804,0.970766994855452,0.0944338382961408,0.94,0.201331089373903,0.0511956362096476,"gamma_bin"
"gamma_bin_4.50_3.40","vary_mean",4.5,-0.4,FALSE,133,0.772870216905444,0.781354528162162,0.0901652624962463,0.95,0.181303468048075,0.00848431125671845,"gamma_bin"
"gamma_bin_4.50_3.40","vary_mean",4.5,-0.4,FALSE,134,0.850110615604727,0.911962299630153,0.0985162941081914,0.9,0.199302317163328,0.061851684025426,"gamma_bin"
"gamma_bin_4.50_3.40","vary_mean",4.5,-0.4,FALSE,135,0.784750966748685,0.847319512492815,0.105811928858914,0.87,0.194437499984847,0.0625685457441297,"gamma_bin"
"gamma_bin_4.50_3.40","vary_mean",4.5,-0.4,FALSE,136,0.974669466757976,1.04990473089288,0.125045300756578,0.87,0.21985146362013,0.0752352641349019,"gamma_bin"
"gamma_bin_4.50_3.40","vary_mean",4.5,-0.4,FALSE,137,0.984151011066472,1.05000038132429,0.118615283507125,0.91,0.220748753093007,0.0658493702578162,"gamma_bin"
"gamma_bin_4.50_3.40","vary_mean",4.5,-0.4,FALSE,138,1.1907508581573,1.21923683710238,0.132204334138592,0.92,0.23712474095398,0.0284859789450758,"gamma_bin"
"gamma_bin_4.50_3.40","vary_mean",4.5,-0.4,FALSE,139,1.38368582408824,1.37841846025791,0.133449547802975,0.95,0.248452365219229,-0.00526736383032644,"gamma_bin"
"gamma_bin_4.50_3.40","vary_mean",4.5,-0.4,FALSE,140,0.815817246340058,0.757524846483274,0.100167966134174,0.86,0.178587610752465,-0.0582923998567844,"gamma_bin"
"gamma_bin_4.50_3.40","vary_mean",4.5,-0.4,FALSE,141,0.948708845408202,0.90897025077532,0.0969969620023179,0.93,0.197591737013063,-0.0397385946328825,"gamma_bin"
"gamma_bin_4.50_3.40","vary_mean",4.5,-0.4,FALSE,142,0.887913521021147,0.885731753171587,0.0954237659273739,0.95,0.196766480795161,-0.00218176784955981,"gamma_bin"
"gamma_bin_4.50_3.40","vary_mean",4.5,-0.4,FALSE,143,1.33195215209727,1.37873281211796,0.1302701063776,0.93,0.248215733086902,0.0467806600206908,"gamma_bin"
"gamma_bin_4.50_3.40","vary_mean",4.5,-0.4,FALSE,144,1.33130915175386,1.29569782746721,0.12093858918351,0.95,0.235335364635472,-0.0356113242866511,"gamma_bin"
"gamma_bin_4.50_3.40","vary_mean",4.5,-0.4,FALSE,145,1.36040954450305,1.27374754658609,0.11197365161694,0.89,0.227384493230801,-0.0866619979169574,"gamma_bin"
"gamma_bin_4.50_3.40","vary_mean",4.5,-0.4,FALSE,146,1.03071516120352,0.924851292080923,0.0896253845634951,0.8,0.188680341372065,-0.105863869122597,"gamma_bin"
"gamma_bin_4.50_3.40","vary_mean",4.5,-0.4,FALSE,147,1.01542687773298,0.931398700229081,0.0933734302417841,0.88,0.188787272527061,-0.0840281775038991,"gamma_bin"
"gamma_bin_4.50_3.40","vary_mean",4.5,-0.4,FALSE,148,0.918038272830281,0.873523868935532,0.0932152515541866,0.9,0.183680030611263,-0.0445144038947491,"gamma_bin"
"gamma_bin_4.50_3.40","vary_mean",4.5,-0.4,FALSE,149,0.795403147880171,0.794720845943152,0.0899174348140849,0.98,0.176802858861592,-0.000682301937018903,"gamma_bin"
"gamma_bin_4.50_3.40","vary_mean",4.5,-0.4,FALSE,150,0.947076494147123,0.984428667921378,0.10922399098938,0.93,0.200359467819419,0.0373521737742549,"gamma_bin"
"gamma_bin_4.50_3.40","vary_mean",4.5,-0.4,FALSE,151,0.838902415667924,0.895508659124296,0.100169688924267,0.89,0.192574611520916,0.0566062434563723,"gamma_bin"
"gamma_bin_4.50_3.40","vary_mean",4.5,-0.4,FALSE,152,1.10280245382765,1.19804816553925,0.10965699783538,0.89,0.225328643013104,0.0952457117115975,"gamma_bin"
"gamma_bin_4.50_3.40","vary_mean",4.5,-0.4,FALSE,153,1.09815440539428,1.12136335594241,0.103609731130021,0.97,0.215791104652602,0.0232089505481297,"gamma_bin"
"gamma_bin_4.50_3.40","vary_mean",4.5,-0.4,FALSE,154,0.933699509626363,0.91430507352265,0.111817538356589,0.93,0.192754105108316,-0.0193944361037124,"gamma_bin"
"gamma_bin_4.50_3.40","vary_mean",4.5,-0.4,FALSE,155,0.677259462566555,0.672139979451956,0.0784452115319487,0.95,0.165721350082195,-0.00511948311459898,"gamma_bin"
"gamma_bin_4.50_3.40","vary_mean",4.5,-0.4,FALSE,156,0.794318325784725,0.843711730555652,0.0976804588348684,0.92,0.190531087734878,0.0493934047709269,"gamma_bin"
"gamma_bin_4.50_3.40","vary_mean",4.5,-0.4,FALSE,157,0.863129045133472,0.942316959483126,0.106858039165528,0.87,0.205352174448172,0.0791879143496539,"gamma_bin"
"gamma_bin_4.50_3.40","vary_mean",4.5,-0.4,FALSE,158,1.2121292060572,1.31886897156083,0.141607821254685,0.86,0.245697867913794,0.106739765503628,"gamma_bin"
"gamma_bin_4.50_3.40","vary_mean",4.5,-0.4,FALSE,159,1.02410099479473,1.0449934357886,0.109072527509099,0.93,0.214932918868935,0.0208924409938742,"gamma_bin"
"gamma_bin_4.50_3.40","vary_mean",4.5,-0.4,FALSE,160,0.905625417711481,0.898418842380365,0.100937651615679,0.93,0.197797271816208,-0.00720657533111557,"gamma_bin"
"gamma_bin_4.50_3.40","vary_mean",4.5,-0.4,FALSE,161,0.911623484707899,0.936121288099071,0.101609302733897,0.94,0.202968689484511,0.024497803391172,"gamma_bin"
"gamma_bin_4.50_3.40","vary_mean",4.5,-0.4,FALSE,162,0.854314364398061,0.87211008828409,0.0994524423990516,0.94,0.197203637554239,0.0177957238860296,"gamma_bin"
"gamma_bin_4.50_3.40","vary_mean",4.5,-0.4,FALSE,163,0.939538506142908,0.984193690474075,0.110459571891387,0.91,0.211910544737866,0.044655184331167,"gamma_bin"
"gamma_bin_4.50_3.40","vary_mean",4.5,-0.4,FALSE,164,0.804264811038419,0.850053016578545,0.110320041292532,0.9,0.198038502364578,0.0457882055401256,"gamma_bin"
"gamma_bin_4.50_3.40","vary_mean",4.5,-0.4,FALSE,165,1.00142358506205,1.05597891575395,0.110441815495149,0.95,0.223536556479486,0.0545553306918958,"gamma_bin"
"gamma_bin_4.50_3.40","vary_mean",4.5,-0.4,FALSE,166,1.22258511650756,1.29044286276135,0.106927451551346,0.95,0.247491461333199,0.0678577462537866,"gamma_bin"
"gamma_bin_4.50_3.40","vary_mean",4.5,-0.4,FALSE,167,0.797785743145654,0.795335686238157,0.0945027844417602,0.96,0.190522761270012,-0.00245005690749744,"gamma_bin"
"gamma_bin_4.50_3.40","vary_mean",4.5,-0.4,FALSE,168,1.1498418409574,1.16489616852914,0.12129143128043,0.94,0.232776550740895,0.0150543275717416,"gamma_bin"
"gamma_bin_4.50_3.40","vary_mean",4.5,-0.4,FALSE,169,0.760349335694062,0.733227849376839,0.0950796398040528,0.91,0.183223973226345,-0.0271214863172227,"gamma_bin"
"gamma_bin_4.50_3.40","vary_mean",4.5,-0.4,FALSE,170,1.37423882796411,1.40723219540109,0.124585262776521,0.96,0.258099945615312,0.0329933674369809,"gamma_bin"
"gamma_bin_4.50_3.40","vary_mean",4.5,-0.4,FALSE,171,0.879916177740953,0.859875003487511,0.104929385400099,0.94,0.197346416525238,-0.0200411742534423,"gamma_bin"
"gamma_bin_4.50_3.40","vary_mean",4.5,-0.4,FALSE,172,1.40469809778524,1.37968383074995,0.112929417462101,0.96,0.250891050600833,-0.0250142670352915,"gamma_bin"
"gamma_bin_4.50_3.40","vary_mean",4.5,-0.4,FALSE,173,0.919193657171105,0.870724820340797,0.0912595115971073,0.93,0.194430943761586,-0.0484688368303084,"gamma_bin"
"gamma_bin_4.50_3.40","vary_mean",4.5,-0.4,FALSE,174,0.923156528563282,0.904237583697954,0.10703915304613,0.92,0.198627921566538,-0.0189189448653276,"gamma_bin"
"gamma_bin_4.50_3.40","vary_mean",4.5,-0.4,FALSE,175,1.03837120055872,1.02143414295592,0.119088745686604,0.93,0.21238429975954,-0.016937057602801,"gamma_bin"
"gamma_bin_4.50_3.40","vary_mean",4.5,-0.4,FALSE,176,0.998550191051843,1.00579156508577,0.122727654105842,0.94,0.211057495866398,0.00724137403392378,"gamma_bin"
"gamma_bin_4.50_3.40","vary_mean",4.5,-0.4,FALSE,177,1.0672490953256,1.07101388718121,0.115354594493346,0.96,0.217980549079212,0.00376479185561052,"gamma_bin"
"gamma_bin_4.50_3.40","vary_mean",4.5,-0.4,FALSE,178,0.796488943635566,0.787428826234899,0.102774966562085,0.92,0.186076023596558,-0.00906011740066692,"gamma_bin"
"gamma_bin_4.50_3.40","vary_mean",4.5,-0.4,FALSE,179,1.19853631620291,1.23100796214751,0.119308618672835,0.96,0.236089428765095,0.0324716459446011,"gamma_bin"
"gamma_bin_4.50_3.40","vary_mean",4.5,-0.4,FALSE,180,1.18742234445089,1.20385188361194,0.117647456286872,0.95,0.230851454003811,0.0164295391610538,"gamma_bin"
"gamma_bin_4.50_3.40","vary_mean",4.5,-0.4,FALSE,181,1.49419822100474,1.4533926549236,0.131960014850577,0.94,0.249519589135648,-0.0408055660811435,"gamma_bin"
"gamma_bin_4.50_3.40","vary_mean",4.5,-0.4,FALSE,182,1.51569971274724,1.36560352350569,0.129845191050452,0.76,0.233298261015459,-0.150096189241554,"gamma_bin"
"gamma_bin_4.50_3.40","vary_mean",4.5,-0.4,FALSE,183,0.993078083144793,0.857793911074223,0.104269357281573,0.68,0.17839103889004,-0.13528417207057,"gamma_bin"
"gamma_bin_4.50_3.40","vary_mean",4.5,-0.4,FALSE,184,0.900895179433443,0.826808593026269,0.0938394084315523,0.87,0.175055363836986,-0.0740865864071745,"gamma_bin"
"gamma_bin_4.50_3.40","vary_mean",4.5,-0.4,FALSE,185,0.823216514722493,0.779721276080599,0.0791206376779645,0.95,0.171944685134374,-0.0434952386418941,"gamma_bin"
"gamma_bin_4.50_3.40","vary_mean",4.5,-0.4,FALSE,186,1.22622352517845,1.25432205234058,0.104214675111669,0.95,0.222694829921426,0.0280985271621319,"gamma_bin"
"gamma_bin_4.50_3.40","vary_mean",4.5,-0.4,FALSE,187,0.917485344129662,0.922297353692855,0.100906126936499,0.95,0.188710910292397,0.00481200956319294,"gamma_bin"
"gamma_bin_4.50_3.40","vary_mean",4.5,-0.4,FALSE,188,1.14600718978611,1.16733316725815,0.104197109060096,0.97,0.21287870815333,0.0213259774720354,"gamma_bin"
"gamma_bin_4.50_3.40","vary_mean",4.5,-0.4,FALSE,189,1.15017955401154,1.12022665745875,0.112123052009519,0.93,0.206352413832655,-0.0299528965527902,"gamma_bin"
"gamma_bin_4.50_3.40","vary_mean",4.5,-0.4,FALSE,190,1.13787761403339,1.08589077942904,0.113130329671946,0.91,0.200825255204586,-0.0519868346043471,"gamma_bin"
"gamma_bin_4.50_3.40","vary_mean",4.5,-0.4,FALSE,191,1.77820774658985,1.70022849675223,0.134877690796382,0.89,0.249167915474348,-0.0779792498376206,"gamma_bin"
"gamma_bin_4.50_3.40","vary_mean",4.5,-0.4,FALSE,192,1.12621869533816,0.991228200155175,0.0934557467153285,0.69,0.181030078739553,-0.134990495182985,"gamma_bin"
"gamma_bin_4.50_3.40","vary_mean",4.5,-0.4,FALSE,193,1.63142687231341,1.41993901080329,0.111820648821469,0.53,0.213751187352638,-0.211487861510122,"gamma_bin"
"gamma_bin_4.50_3.40","vary_mean",4.5,-0.4,FALSE,194,1.9613208229511,1.67886053263027,0.130911908438961,0.36,0.224701681773887,-0.282460290320832,"gamma_bin"
"gamma_bin_4.50_3.40","vary_mean",4.5,-0.4,FALSE,195,1.62644217295684,1.30634438880966,0.110794375341271,0.15,0.187504841547542,-0.320097784147183,"gamma_bin"
"gamma_bin_4.50_3.40","vary_mean",4.5,-0.4,FALSE,196,1.22114876712024,0.961133029461444,0.0775953264801041,0.14,0.154974029181295,-0.260015737658796,"gamma_bin"
"gamma_bin_4.50_3.40","vary_mean",4.5,-0.4,FALSE,197,1.08512340553335,0.92536380192973,0.0793136492776805,0.46,0.150810364088459,-0.15975960360362,"gamma_bin"
"gamma_bin_4.50_3.40","vary_mean",4.5,-0.4,FALSE,198,1.22271087570671,1.10476477272831,0.0772090218136598,0.73,0.165014928511522,-0.1179461029784,"gamma_bin"
"gamma_bin_4.50_3.40","vary_mean",4.5,-0.4,FALSE,199,1.2960340351298,1.22966757025847,0.0874455348418996,0.9,0.172818565930928,-0.0663664648713314,"gamma_bin"
"gamma_bin_4.50_3.40","vary_mean",4.5,-0.4,FALSE,200,1.66920711624072,1.57537749711685,0.104391726700265,0.85,0.192143480242753,-0.0938296191238723,"gamma_bin"
"gamma_bin_4.50_3.40","vary_mean",4.5,-0.4,FALSE,201,1.16940768861372,1.02638719498959,0.0741504784837033,0.55,0.148304767352887,-0.143020493624128,"gamma_bin"
"gamma_bin_4.50_3.40","vary_mean",4.5,-0.4,FALSE,202,1.0787760344722,0.967937309438949,0.0733086234668947,0.7,0.141909883574006,-0.110838725033251,"gamma_bin"
"gamma_bin_4.50_3.40","vary_mean",4.5,-0.4,FALSE,203,0.894614924502778,0.812319613151799,0.0701520395898945,0.75,0.129632684750752,-0.0822953113509793,"gamma_bin"
"gamma_bin_4.50_3.40","vary_mean",4.5,-0.4,FALSE,204,0.818936942727194,0.796482578313382,0.0601538609669348,0.96,0.129903337160588,-0.0224543644138115,"gamma_bin"
"gamma_bin_4.50_3.40","vary_mean",4.5,-0.4,FALSE,205,0.966688195947552,0.999472979146811,0.081864988440456,0.88,0.148210505432778,0.032784783199259,"gamma_bin"
"gamma_bin_4.50_3.40","vary_mean",4.5,-0.4,FALSE,206,0.735602657677609,0.768817298293464,0.0641592015134042,0.93,0.130846978126706,0.0332146406158551,"gamma_bin"
"gamma_bin_4.50_3.40","vary_mean",4.5,-0.4,FALSE,207,0.854906249805799,0.929451909116394,0.0839511966417505,0.8,0.146622749038056,0.0745456593105953,"gamma_bin"
"gamma_bin_4.50_3.40","vary_mean",4.5,-0.4,FALSE,208,1.18360616945073,1.28703941895716,0.0887893909600824,0.77,0.174642936065519,0.103433249506428,"gamma_bin"
"gamma_bin_4.50_3.40","vary_mean",4.5,-0.4,FALSE,209,1.4602885501346,1.49276058710943,0.0971534628819226,0.95,0.185029335304223,0.0324720369748257,"gamma_bin"
"gamma_bin_4.50_3.40","vary_mean",4.5,-0.4,FALSE,210,0.828346816490767,0.773280110485671,0.0720680548065823,0.83,0.128283228728888,-0.0550667060050957,"gamma_bin"
"gamma_bin_4.50_3.40","vary_mean",4.5,-0.4,FALSE,211,0.945514704257119,0.893621421899947,0.06365214994342,0.92,0.138666740172697,-0.0518932823571716,"gamma_bin"
"gamma_bin_4.50_3.40","vary_mean",4.5,-0.4,FALSE,212,0.790503634328223,0.777370372449846,0.0684763895015525,0.94,0.130385784886556,-0.0131332618783775,"gamma_bin"
"gamma_bin_4.50_3.40","vary_mean",4.5,-0.4,FALSE,213,1.43200091428725,1.47875195117318,0.0871833105852836,0.95,0.183393182097579,0.0467510368859272,"gamma_bin"
"gamma_bin_4.50_3.40","vary_mean",4.5,-0.4,FALSE,214,1.11427471246835,1.07884848403409,0.0718035910028463,0.92,0.152442001773537,-0.0354262284342592,"gamma_bin"
"gamma_bin_4.50_3.40","vary_mean",4.5,-0.4,FALSE,215,1.11570572194133,1.08255020599682,0.0787737404659974,0.9,0.15073810232668,-0.0331555159445052,"gamma_bin"
"gamma_bin_4.50_3.40","vary_mean",4.5,-0.4,FALSE,216,1.45325455274622,1.37272034369909,0.0882280601398232,0.84,0.168067777329459,-0.0805342090471304,"gamma_bin"
"gamma_bin_4.50_3.40","vary_mean",4.5,-0.4,FALSE,217,1.1420513438864,1.02102415630458,0.0785088716059429,0.67,0.140768929168867,-0.121027187581822,"gamma_bin"
"gamma_bin_4.50_3.40","vary_mean",4.5,-0.4,FALSE,218,0.657956194341687,0.60697507887566,0.0585781534407803,0.8,0.107435618981644,-0.0509811154660273,"gamma_bin"
"gamma_bin_4.50_3.40","vary_mean",4.5,-0.4,FALSE,219,1.37055796530381,1.3566386132133,0.0848992243530717,0.95,0.164769905548554,-0.0139193520905121,"gamma_bin"
"gamma_bin_4.50_3.40","vary_mean",4.5,-0.4,FALSE,220,1.1217671045533,1.09608328882132,0.0798516787138839,0.92,0.145501709703896,-0.0256838157319814,"gamma_bin"
"gamma_bin_4.50_3.40","vary_mean",4.5,-0.4,FALSE,221,1.82148085595811,1.75891667556902,0.0973225127642196,0.91,0.182272094350093,-0.0625641803890851,"gamma_bin"
"gamma_bin_4.50_3.40","vary_mean",4.5,-0.4,FALSE,222,1.47820728190538,1.29349341610115,0.0756240544267542,0.34,0.148062031212444,-0.184713865804228,"gamma_bin"
"gamma_bin_4.50_3.40","vary_mean",4.5,-0.4,FALSE,223,1.22912323671868,1.03140338468743,0.0714613448008492,0.16,0.127522735161449,-0.197719852031247,"gamma_bin"
"gamma_bin_4.50_3.40","vary_mean",4.5,-0.4,FALSE,224,1.39166921706407,1.18758848130075,0.0669223236573941,0.18,0.1350815718653,-0.204080735763317,"gamma_bin"
"gamma_bin_4.50_3.40","vary_mean",4.5,-0.4,FALSE,225,1.02692395020016,0.900984401636999,0.0565869246304976,0.43,0.115593839901494,-0.125939548563161,"gamma_bin"
"gamma_bin_4.50_3.40","vary_mean",4.5,-0.4,FALSE,226,0.944469227223,0.870104663352211,0.0614219148293128,0.76,0.113640836081746,-0.0743645638707892,"gamma_bin"
"gamma_bin_4.50_3.40","vary_mean",4.5,-0.4,FALSE,227,0.882935394281871,0.851130637652647,0.0596124825586309,0.89,0.113426215626437,-0.0318047566292244,"gamma_bin"
"gamma_bin_4.50_3.40","vary_mean",4.5,-0.4,FALSE,228,1.25451332375843,1.29288712956814,0.0713015122978964,0.93,0.141732170168653,0.0383738058097074,"gamma_bin"
"gamma_bin_4.50_3.40","vary_mean",4.5,-0.4,FALSE,229,1.46482234027448,1.46581680996217,0.077551317841197,0.93,0.148532312752742,0.000994469687691568,"gamma_bin"
"gamma_bin_4.50_3.40","vary_mean",4.5,-0.4,FALSE,230,1.51066180760486,1.40232939101084,0.07772959147106,0.64,0.14012822800504,-0.108332416594022,"gamma_bin"
"gamma_bin_4.50_3.40","vary_mean",4.5,-0.4,FALSE,231,1.76123960010775,1.51848245924826,0.0743056560222349,0.1,0.140419949675965,-0.242757140859492,"gamma_bin"
"gamma_bin_4.50_3.40","vary_mean",4.5,-0.4,FALSE,232,1.40610248726795,1.1503774708968,0.0578613969045196,0,0.116673115321769,-0.25572501637115,"gamma_bin"
"gamma_bin_4.50_3.40","vary_mean",4.5,-0.4,FALSE,233,1.50839208568838,1.25427256535829,0.0558016674826377,0.03,0.118934323639851,-0.254119520330089,"gamma_bin"
"gamma_bin_4.50_3.40","vary_mean",4.5,-0.4,FALSE,234,2.14809922234943,1.80548465990098,0.0692209793726154,0,0.139004026537118,-0.342614562448452,"gamma_bin"
"gamma_bin_4.50_3.40","vary_mean",4.5,-0.4,FALSE,235,1.77316147702833,1.40097080468764,0.0687010166549711,0.01,0.115133716698306,-0.372190672340692,"gamma_bin"
"gamma_bin_4.50_3.40","vary_mean",4.5,-0.4,FALSE,236,1.73482506410384,1.34901777044824,0.0637905520387017,0,0.108033586759493,-0.385807293655605,"gamma_bin"
"gamma_bin_4.50_3.40","vary_mean",4.5,-0.4,FALSE,237,1.62267353351007,1.26233481591025,0.0620419491935923,0,0.100592009506734,-0.360338717599816,"gamma_bin"
"gamma_bin_4.50_3.40","vary_mean",4.5,-0.4,FALSE,238,1.18124992154851,0.943320680207875,0.0427826946716898,0,0.0843931851970139,-0.237929241340635,"gamma_bin"
"gamma_bin_4.50_3.40","vary_mean",4.5,-0.4,FALSE,239,1.18465305674865,1.02078595708782,0.0521310057626392,0.1,0.0872617982889721,-0.163867099660825,"gamma_bin"
"gamma_bin_4.50_3.40","vary_mean",4.5,-0.4,FALSE,240,1.4168407618799,1.29893644638543,0.0525230550912561,0.35,0.0980090768104962,-0.117904315494474,"gamma_bin"
"gamma_bin_4.50_3.40","vary_mean",4.5,-0.4,FALSE,241,1.25636383468336,1.14523569013393,0.0429181343927791,0.31,0.0899723043038927,-0.111128144549427,"gamma_bin"
"gamma_bin_4.50_3.40","vary_mean",4.5,-0.4,FALSE,242,1.12127216596798,1.02768446650216,0.0461663675151571,0.4,0.0838140300217853,-0.0935876994658236,"gamma_bin"
"gamma_bin_4.50_3.40","vary_mean",4.5,-0.4,FALSE,243,1.35468577162437,1.25989339953612,0.0470717199302541,0.52,0.0920769364856898,-0.0947923720882511,"gamma_bin"
"gamma_bin_4.50_3.40","vary_mean",4.5,-0.4,FALSE,244,1.01073025572083,0.940546880369205,0.0413401936254819,0.58,0.077950251377658,-0.0701833753516249,"gamma_bin"
"gamma_bin_4.50_3.40","vary_mean",4.5,-0.4,FALSE,245,1.09869262296579,1.04287176132349,0.0422925720084559,0.69,0.0818858728610303,-0.0558208616422986,"gamma_bin"
"gamma_bin_4.50_3.40","vary_mean",4.5,-0.4,FALSE,246,1.01867243248783,0.979317353830791,0.0409121679533612,0.84,0.0790049745668034,-0.0393550786570386,"gamma_bin"
"gamma_bin_4.50_3.40","vary_mean",4.5,-0.4,FALSE,247,0.933300548697082,0.924420919929564,0.0398328169409653,0.92,0.0767740198348497,-0.00887962876751769,"gamma_bin"
"gamma_bin_4.50_3.40","vary_mean",4.5,-0.4,FALSE,248,1.07521131224965,1.07363750764472,0.042239199998244,0.96,0.0831724080388929,-0.00157380460493095,"gamma_bin"
"gamma_bin_4.50_3.40","vary_mean",4.5,-0.4,FALSE,249,1.30368079751671,1.30531462177959,0.045050586244412,0.98,0.091384295595965,0.00163382426287528,"gamma_bin"
"gamma_bin_4.50_3.40","vary_mean",4.5,-0.4,FALSE,250,1.41725036624756,1.35948545593573,0.0458718371524469,0.8,0.0912300571607036,-0.057764910311825,"gamma_bin"
"gamma_bin_4.50_3.40","vary_mean",4.5,-0.4,FALSE,251,1.14473843834061,1.03721429141078,0.0370110490394363,0.23,0.0772599199298317,-0.107524146929831,"gamma_bin"
"gamma_bin_4.50_3.40","vary_mean",4.5,-0.4,FALSE,252,1.28957905264017,1.1653488011256,0.0459433063004,0.19,0.080852791078703,-0.124230251514569,"gamma_bin"
"gamma_bin_4.50_3.40","vary_mean",4.5,-0.4,FALSE,253,1.41164181175606,1.27645778319274,0.0383733710293485,0.08,0.0833052973254748,-0.135184028563325,"gamma_bin"
"gamma_bin_6.00_3.40","vary_mean",6,-0.2,FALSE,1,4.64176734711438,2.41063253319431,0.115860256162187,0,0.219813188647369,-2.23113481392007,"gamma_bin"
"gamma_bin_6.00_3.40","vary_mean",6,-0.2,FALSE,2,5.74184883880713,3.40356663741197,0.110552816980563,0,0.221563012699486,-2.33828220139516,"gamma_bin"
"gamma_bin_6.00_3.40","vary_mean",6,-0.2,FALSE,3,3.25033439563944,2.14227392631827,0.0718531777426066,0,0.154319518253097,-1.10806046932117,"gamma_bin"
"gamma_bin_6.00_3.40","vary_mean",6,-0.2,FALSE,4,6.73935287829888,4.81346010516863,0.124112148098332,0,0.208236321237969,-1.92589277313025,"gamma_bin"
"gamma_bin_6.00_3.40","vary_mean",6,-0.2,FALSE,5,2.43636854796088,1.72369693993342,0.0617849482470498,0,0.110111613620751,-0.712671608027455,"gamma_bin"
"gamma_bin_6.00_3.40","vary_mean",6,-0.2,FALSE,6,1.74494772539268,1.24948238572175,0.0419060008881964,0,0.08375214790158,-0.495465339670928,"gamma_bin"
"gamma_bin_6.00_3.40","vary_mean",6,-0.2,FALSE,7,2.62517926045569,2.03110506780474,0.0525359444589322,0,0.0990931868682615,-0.594074192650949,"gamma_bin"
"gamma_bin_6.00_3.40","vary_mean",6,-0.2,FALSE,8,1.22911307977452,1.01865799625914,0.0369696476356922,0,0.0662448218531132,-0.210455083515381,"gamma_bin"
"gamma_bin_6.00_3.40","vary_mean",6,-0.2,FALSE,9,2.39904651254038,2.07365151409979,0.0467093377126492,0,0.0906105883845413,-0.325394998440588,"gamma_bin"
"gamma_bin_6.00_3.40","vary_mean",6,-0.2,FALSE,10,1.19484574307971,1.05326022551332,0.0315308324562739,0.01,0.0619438407810254,-0.141585517566394,"gamma_bin"
"gamma_bin_6.00_3.40","vary_mean",6,-0.2,FALSE,11,1.32897619591253,1.18995975829141,0.0350635149118092,0.04,0.0634380479691243,-0.139016437621116,"gamma_bin"
"gamma_bin_6.00_3.40","vary_mean",6,-0.2,FALSE,12,1.45959821408832,1.33893693740692,0.0338289692154187,0.06,0.0655320879272508,-0.120661276681398,"gamma_bin"
"gamma_bin_6.00_3.40","vary_mean",6,-0.2,FALSE,13,1.71530804750948,1.60370927508874,0.0379663694068721,0.15,0.0701528315192532,-0.111598772420743,"gamma_bin"
"gamma_bin_6.00_3.40","vary_mean",6,-0.2,FALSE,14,1.05182866123244,0.979200549641607,0.0274688144151984,0.26,0.0533625227690823,-0.0726281115908332,"gamma_bin"
"gamma_bin_6.00_3.40","vary_mean",6,-0.2,FALSE,15,1.02510010675531,0.950564824648673,0.0234516840687685,0.18,0.0513293336065954,-0.0745352821066372,"gamma_bin"
"gamma_bin_6.00_3.40","vary_mean",6,-0.2,FALSE,16,1.25252014867933,1.18755093348647,0.0298197551206901,0.43,0.0565876572855542,-0.0649692151928571,"gamma_bin"
"gamma_bin_6.00_3.40","vary_mean",6,-0.2,FALSE,17,1.21525733695915,1.17504654930069,0.0283898116204398,0.72,0.0557833656858202,-0.0402107876584608,"gamma_bin"
"gamma_bin_6.00_3.40","vary_mean",6,-0.2,FALSE,18,0.979230198394809,0.948942552521978,0.0261609522113501,0.79,0.0496427222537658,-0.0302876458728311,"gamma_bin"
"gamma_bin_6.00_3.40","vary_mean",6,-0.2,FALSE,19,1.02544833790337,1.00710265355946,0.0239177276139321,0.9,0.050755365450249,-0.0183456843439056,"gamma_bin"
"gamma_bin_6.00_3.40","vary_mean",6,-0.2,FALSE,20,1.03933643277786,1.0273501290325,0.0227559386805542,0.97,0.0510607876481983,-0.0119863037453607,"gamma_bin"
"gamma_bin_6.00_3.40","vary_mean",6,-0.2,FALSE,21,1.31704644033967,1.31099672204526,0.0268704203822314,0.98,0.0575538119924024,-0.00604971829441037,"gamma_bin"
"gamma_bin_6.00_3.40","vary_mean",6,-0.2,FALSE,22,1.01626238281987,1.00009026160317,0.0247311181247973,0.93,0.0499318492012574,-0.0161721212167012,"gamma_bin"
"gamma_bin_6.00_3.40","vary_mean",6,-0.2,FALSE,23,0.750219977978433,0.734550872907204,0.0233844246098882,0.87,0.0424111411853672,-0.0156691050712293,"gamma_bin"
"gamma_bin_6.00_3.40","vary_mean",6,-0.2,FALSE,24,0.68680573053247,0.677659689503433,0.020350406608828,0.94,0.0406675238123731,-0.00914604102903649,"gamma_bin"
"gamma_bin_6.00_3.40","vary_mean",6,-0.2,FALSE,25,1.09137562864791,1.10711266848429,0.0249584083666497,0.92,0.0524801976832687,0.0157370398363781,"gamma_bin"
"gamma_bin_6.00_3.40","vary_mean",6,-0.2,FALSE,26,0.741057834922739,0.762240882951578,0.0213067399116308,0.86,0.0440342795193416,0.0211830480288386,"gamma_bin"
"gamma_bin_6.00_3.40","vary_mean",6,-0.2,FALSE,27,0.768534353981288,0.794040762586022,0.0205296790529386,0.83,0.0454340832472162,0.0255064086047336,"gamma_bin"
"gamma_bin_6.00_3.40","vary_mean",6,-0.2,FALSE,28,0.752768210408917,0.782158303626347,0.0232224594151156,0.71,0.0456998518427099,0.0293900932174302,"gamma_bin"
"gamma_bin_6.00_3.40","vary_mean",6,-0.2,FALSE,29,0.700189279957523,0.734719467834413,0.021849228818587,0.69,0.04500623585637,0.0345301878768896,"gamma_bin"
"gamma_bin_6.00_3.40","vary_mean",6,-0.2,FALSE,30,0.555240242382622,0.591056676859869,0.0225486633448109,0.6,0.0411305330193328,0.0358164344772474,"gamma_bin"
"gamma_bin_6.00_3.40","vary_mean",6,-0.2,FALSE,31,0.584450640057208,0.62222982137266,0.0193369389827528,0.59,0.043225171206313,0.0377791813154522,"gamma_bin"
"gamma_bin_6.00_3.40","vary_mean",6,-0.2,FALSE,32,0.680297862250013,0.734542569906469,0.0243313416481378,0.37,0.0483678447618418,0.0542447076564563,"gamma_bin"
"gamma_bin_6.00_3.40","vary_mean",6,-0.2,FALSE,33,0.95896579009836,1.04938959372096,0.0320439167041438,0.14,0.0596373197042067,0.0904238036226043,"gamma_bin"
"gamma_bin_6.00_3.40","vary_mean",6,-0.2,FALSE,34,1.26713544933213,1.37581508610028,0.0342669778342121,0.11,0.0699254699425514,0.108679636768148,"gamma_bin"
"gamma_bin_6.00_3.40","vary_mean",6,-0.2,FALSE,35,1.32835487275134,1.37849271698619,0.033990725163771,0.79,0.0704348245801836,0.0501378442348512,"gamma_bin"
"gamma_bin_6.00_3.40","vary_mean",6,-0.2,FALSE,36,0.820532179912435,0.80921251584365,0.0267888405081528,0.95,0.0533498483848286,-0.0113196640687847,"gamma_bin"
"gamma_bin_6.00_3.40","vary_mean",6,-0.2,FALSE,37,0.605066948223753,0.586686821575839,0.0219180713307186,0.89,0.0448631228101673,-0.0183801266479139,"gamma_bin"
"gamma_bin_6.00_3.40","vary_mean",6,-0.2,FALSE,38,0.480613317476216,0.476182085783616,0.023655241541263,0.94,0.040461311025538,-0.00443123169260035,"gamma_bin"
"gamma_bin_6.00_3.40","vary_mean",6,-0.2,FALSE,39,0.729684595490469,0.758199031662953,0.0249586262245475,0.85,0.0520183883656394,0.0285144361724837,"gamma_bin"
"gamma_bin_6.00_3.40","vary_mean",6,-0.2,FALSE,40,0.815117093248404,0.875834342509218,0.0286893868860002,0.46,0.0575016485987745,0.0607172492608141,"gamma_bin"
"gamma_bin_6.00_3.40","vary_mean",6,-0.2,FALSE,41,0.615435524003123,0.670962033456555,0.0250531255958501,0.36,0.0517021772067598,0.0555265094534316,"gamma_bin"
"gamma_bin_6.00_3.40","vary_mean",6,-0.2,FALSE,42,0.771681049543453,0.840878008470051,0.025830187718252,0.31,0.0593513533864317,0.069196958926598,"gamma_bin"
"gamma_bin_6.00_3.40","vary_mean",6,-0.2,FALSE,43,0.638637642797715,0.692311756076648,0.0274052877454489,0.5,0.0551095610720902,0.0536741132789327,"gamma_bin"
"gamma_bin_6.00_3.40","vary_mean",6,-0.2,FALSE,44,0.502607638572081,0.534163027932637,0.0250392115762244,0.75,0.0495041038071335,0.0315553893605559,"gamma_bin"
"gamma_bin_6.00_3.40","vary_mean",6,-0.2,FALSE,45,0.419348773276434,0.454998114172929,0.0239688805750888,0.67,0.046941270399488,0.0356493408964951,"gamma_bin"
"gamma_bin_6.00_3.40","vary_mean",6,-0.2,FALSE,46,0.532523289397014,0.584171903581648,0.0292666473063477,0.58,0.0551172248316888,0.0516486141846335,"gamma_bin"
"gamma_bin_6.00_3.40","vary_mean",6,-0.2,FALSE,47,0.748164536979726,0.832761865026867,0.0337370803649188,0.29,0.0685913355846667,0.0845973280471406,"gamma_bin"
"gamma_bin_6.00_3.40","vary_mean",6,-0.2,FALSE,48,0.699597036363356,0.789119027032505,0.0319553104022077,0.22,0.0693992129045899,0.0895219906691493,"gamma_bin"
"gamma_bin_6.00_3.40","vary_mean",6,-0.2,FALSE,49,0.840634610500807,0.934333951733407,0.0381537733199914,0.36,0.0778956699527853,0.0936993412326002,"gamma_bin"
"gamma_bin_6.00_3.40","vary_mean",6,-0.2,FALSE,50,0.605572567510499,0.651525444566317,0.0327707081910372,0.7,0.0665148100770003,0.0459528770558181,"gamma_bin"
"gamma_bin_6.00_3.40","vary_mean",6,-0.2,FALSE,51,0.551154795645625,0.589505393613368,0.0327710362540546,0.76,0.0645223645797856,0.0383505979677429,"gamma_bin"
"gamma_bin_6.00_3.40","vary_mean",6,-0.2,FALSE,52,0.382419782215341,0.406605004933501,0.0316651225587025,0.83,0.0548710610414066,0.0241852227181604,"gamma_bin"
"gamma_bin_6.00_3.40","vary_mean",6,-0.2,FALSE,53,0.67605453850849,0.738775379210113,0.0449988044500539,0.65,0.0765027054805016,0.0627208407016231,"gamma_bin"
"gamma_bin_6.00_3.40","vary_mean",6,-0.2,FALSE,54,0.67389745281474,0.750958900836596,0.0409058423176964,0.52,0.0801243318194906,0.0770614480218562,"gamma_bin"
"gamma_bin_6.00_3.40","vary_mean",6,-0.2,FALSE,55,0.928654307802489,1.03084438055211,0.0556577327433974,0.43,0.0972221996277692,0.102190072749626,"gamma_bin"
"gamma_bin_6.00_3.40","vary_mean",6,-0.2,FALSE,56,0.750444909156983,0.820942745836841,0.0472633197380808,0.66,0.088973752939503,0.0704978366798578,"gamma_bin"
"gamma_bin_6.00_3.40","vary_mean",6,-0.2,FALSE,57,0.713559496047443,0.756460289030529,0.0460403193270413,0.85,0.0868568563056934,0.0429007929830856,"gamma_bin"
"gamma_bin_6.00_3.40","vary_mean",6,-0.2,FALSE,58,0.492127182876667,0.518996514456363,0.0362948486264547,0.91,0.0730580177482286,0.0268693315796957,"gamma_bin"
"gamma_bin_6.00_3.40","vary_mean",6,-0.2,FALSE,59,0.488121905081673,0.512024748417186,0.0427304745396965,0.85,0.0741274975816006,0.0239028433355131,"gamma_bin"
"gamma_bin_6.00_3.40","vary_mean",6,-0.2,FALSE,60,0.671861168143052,0.737314116031258,0.0462006276036342,0.72,0.091807650084483,0.0654529478882062,"gamma_bin"
"gamma_bin_6.00_3.40","vary_mean",6,-0.2,FALSE,61,0.791762464983911,0.882504050547882,0.0529186250129677,0.57,0.104005184954311,0.0907415855639705,"gamma_bin"
"gamma_bin_6.00_3.40","vary_mean",6,-0.2,FALSE,62,0.652922492639065,0.726408953635156,0.0525030407016272,0.67,0.09724139596301,0.0734864609960908,"gamma_bin"
"gamma_bin_6.00_3.40","vary_mean",6,-0.2,FALSE,63,0.613891069127135,0.666657351458158,0.0481826352399829,0.8,0.0955541473399561,0.0527662823310234,"gamma_bin"
"gamma_bin_6.00_3.40","vary_mean",6,-0.2,FALSE,64,0.747174650317661,0.807946875071015,0.0575483753451386,0.8,0.107841395030302,0.0607722247533536,"gamma_bin"
"gamma_bin_6.00_3.40","vary_mean",6,-0.2,FALSE,65,0.706701130088712,0.76757430823836,0.0499601433305741,0.8,0.107709980171407,0.0608731781496479,"gamma_bin"
"gamma_bin_6.00_3.40","vary_mean",6,-0.2,FALSE,66,0.51187393654748,0.550518974596161,0.0432796435311851,0.91,0.0933119077086252,0.0386450380486807,"gamma_bin"
"gamma_bin_6.00_3.40","vary_mean",6,-0.2,FALSE,67,0.670601402325688,0.718740587239925,0.0551798706449967,0.87,0.109412893128264,0.0481391849142371,"gamma_bin"
"gamma_bin_6.00_3.40","vary_mean",6,-0.2,FALSE,68,1.17253163081397,1.26735299498395,0.073163592591711,0.72,0.149584777042317,0.0948213641699838,"gamma_bin"
"gamma_bin_6.00_3.40","vary_mean",6,-0.2,FALSE,69,1.09882955126721,1.15945089210319,0.0750878534113042,0.88,0.145819864941276,0.0606213408359819,"gamma_bin"
"gamma_bin_6.00_3.40","vary_mean",6,-0.2,FALSE,70,0.864010024055233,0.887690736634265,0.0551003470204471,0.98,0.128111509566479,0.0236807125790318,"gamma_bin"
"gamma_bin_6.00_3.40","vary_mean",6,-0.2,FALSE,71,0.715098113998147,0.717016098166566,0.0553091518679022,0.97,0.114961643285081,0.00191798416841937,"gamma_bin"
"gamma_bin_6.00_3.40","vary_mean",6,-0.2,FALSE,72,0.5778146754347,0.590782434918782,0.0578194800907964,0.94,0.104750686285652,0.0129677594840824,"gamma_bin"
"gamma_bin_6.00_3.40","vary_mean",6,-0.2,FALSE,73,0.968098548670386,1.0067274757883,0.0741739516706246,0.93,0.138881369428096,0.0386289271179171,"gamma_bin"
"gamma_bin_6.00_3.40","vary_mean",6,-0.2,FALSE,74,0.655349167508219,0.695212420119407,0.0604632755063464,0.9,0.117465165170672,0.0398632526111875,"gamma_bin"
"gamma_bin_6.00_3.40","vary_mean",6,-0.2,FALSE,75,0.59977224361632,0.623053722937713,0.0672534566759552,0.9,0.113178894538559,0.0232814793213926,"gamma_bin"
"gamma_bin_6.00_3.40","vary_mean",6,-0.2,FALSE,76,0.795810456805532,0.853417825781398,0.0718844328122917,0.87,0.135513026426312,0.0576073689758665,"gamma_bin"
"gamma_bin_6.00_3.40","vary_mean",6,-0.2,FALSE,77,0.873668877519834,0.945698856978834,0.0726961018253761,0.82,0.146163155520387,0.0720299794589999,"gamma_bin"
"gamma_bin_6.00_3.40","vary_mean",6,-0.2,FALSE,78,0.655524310026793,0.70593332362327,0.0661171761026106,0.84,0.128684577795886,0.0504090135964772,"gamma_bin"
"gamma_bin_6.00_3.40","vary_mean",6,-0.2,FALSE,79,0.810623636163075,0.854479433091929,0.0608803667464159,0.96,0.144096613023702,0.0438557969288541,"gamma_bin"
"gamma_bin_6.00_3.40","vary_mean",6,-0.2,FALSE,80,0.610456557383718,0.661174128149431,0.0654723247870103,0.87,0.128915944807274,0.0507175707657127,"gamma_bin"
"gamma_bin_6.00_3.40","vary_mean",6,-0.2,FALSE,81,0.859858611274139,0.907365141004911,0.0821642332693264,0.89,0.154053249050688,0.0475065297307724,"gamma_bin"
"gamma_bin_6.00_3.40","vary_mean",6,-0.2,FALSE,82,0.71793472208637,0.757862833251282,0.0717136343439642,0.93,0.143515167410106,0.0399281111649121,"gamma_bin"
"gamma_bin_6.00_3.40","vary_mean",6,-0.2,FALSE,83,0.992203959261976,1.04015969276447,0.0897247437071772,0.89,0.171258609040424,0.0479557335024965,"gamma_bin"
"gamma_bin_6.00_3.40","vary_mean",6,-0.2,FALSE,84,1.12541562776308,1.19951358567139,0.0967225843016477,0.84,0.186613593863856,0.074097957908309,"gamma_bin"
"gamma_bin_6.00_3.40","vary_mean",6,-0.2,FALSE,85,0.719081428835968,0.732824622537246,0.0785673099653343,0.94,0.146458380440783,0.0137431937012777,"gamma_bin"
"gamma_bin_6.00_3.40","vary_mean",6,-0.2,FALSE,86,0.84752493125734,0.874379827767474,0.0819737888621905,0.94,0.160490042517106,0.026854896510134,"gamma_bin"
"gamma_bin_6.00_3.40","vary_mean",6,-0.2,FALSE,87,0.855021916180829,0.874806925360783,0.0750713807988938,0.96,0.161660122472369,0.0197850091799541,"gamma_bin"
"gamma_bin_6.00_3.40","vary_mean",6,-0.2,FALSE,88,1.05231211723794,1.08213083025267,0.104363333884429,0.92,0.181428551956024,0.0298187130147316,"gamma_bin"
"gamma_bin_6.00_3.40","vary_mean",6,-0.2,FALSE,89,0.736245763604483,0.744067731756968,0.0698166955473765,0.98,0.151536056855884,0.00782196815248459,"gamma_bin"
"gamma_bin_6.00_3.40","vary_mean",6,-0.2,FALSE,90,0.910435800275709,0.926216838116461,0.0904513949893529,0.9,0.170394937798315,0.0157810378407522,"gamma_bin"
"gamma_bin_6.00_3.40","vary_mean",6,-0.2,FALSE,91,0.875373992276142,0.903362264647607,0.0732295049412539,0.99,0.16991752096116,0.0279882723714654,"gamma_bin"
"gamma_bin_6.00_3.40","vary_mean",6,-0.2,FALSE,92,1.13308580158326,1.16222824656247,0.093505707809781,0.93,0.194607444490118,0.0291424449792101,"gamma_bin"
"gamma_bin_6.00_3.40","vary_mean",6,-0.2,FALSE,93,0.779622317935819,0.796202833062761,0.0921109870887637,0.92,0.161771192265223,0.0165805151269421,"gamma_bin"
"gamma_bin_6.00_3.40","vary_mean",6,-0.2,FALSE,94,0.738590807925372,0.745870236522065,0.0736393221202303,0.97,0.157217004776912,0.00727942859669339,"gamma_bin"
"gamma_bin_6.00_3.40","vary_mean",6,-0.2,FALSE,95,0.736386067431423,0.75984902096319,0.0820435989985388,0.95,0.160091531133882,0.0234629535317665,"gamma_bin"
"gamma_bin_6.00_3.40","vary_mean",6,-0.2,FALSE,96,0.940470991453404,0.9978774382132,0.100936804067756,0.92,0.186183021386069,0.0574064467597958,"gamma_bin"
"gamma_bin_6.00_3.40","vary_mean",6,-0.2,FALSE,97,0.92681020267862,0.987096407931351,0.0936879292776031,0.95,0.187988073298333,0.0602862052527309,"gamma_bin"
"gamma_bin_6.00_3.40","vary_mean",6,-0.2,FALSE,98,0.805264800704658,0.822333261238107,0.0919469279394507,0.96,0.173191940879828,0.0170684605334487,"gamma_bin"
"gamma_bin_6.00_3.40","vary_mean",6,-0.2,FALSE,99,0.96897608307621,1.00685576578472,0.0943004369245404,0.95,0.193342200832913,0.0378796827085124,"gamma_bin"
"gamma_bin_6.00_3.40","vary_mean",6,-0.2,FALSE,100,0.483332995262756,0.498316395866572,0.0646240018881535,0.97,0.136997609760913,0.0149834006038161,"gamma_bin"
"gamma_bin_6.00_3.40","vary_mean",6,-0.2,FALSE,101,0.66077716283239,0.688253540332339,0.0772059205680089,0.93,0.1633119424926,0.0274763774999488,"gamma_bin"
"gamma_bin_6.00_3.40","vary_mean",6,-0.2,FALSE,102,0.655745239910364,0.694970649309639,0.0838799775374774,0.96,0.167826418095366,0.0392254093992749,"gamma_bin"
"gamma_bin_6.00_3.40","vary_mean",6,-0.2,FALSE,103,1.19599908198214,1.29239906501107,0.108408037799672,0.91,0.235378874344595,0.0963999830289264,"gamma_bin"
"gamma_bin_6.00_3.40","vary_mean",6,-0.2,FALSE,104,1.52020654998133,1.61941388762002,0.142770889309957,0.87,0.268228077468796,0.0992073376386855,"gamma_bin"
"gamma_bin_6.00_3.40","vary_mean",6,-0.2,FALSE,105,1.10303826313934,1.1248512470272,0.13995882636261,0.9,0.222276938111416,0.0218129838878642,"gamma_bin"
"gamma_bin_6.00_3.40","vary_mean",6,-0.2,FALSE,106,0.895258886773757,0.884261232209938,0.0940793257846021,0.95,0.19371639705562,-0.0109976545638188,"gamma_bin"
"gamma_bin_6.00_3.40","vary_mean",6,-0.2,FALSE,107,0.603016892421566,0.581907970558097,0.0751578676897863,0.95,0.154985562303834,-0.0211089218634687,"gamma_bin"
"gamma_bin_6.00_3.40","vary_mean",6,-0.2,FALSE,108,1.07762321196894,1.06647549738808,0.113661342677052,0.96,0.210075874109339,-0.0111477145808605,"gamma_bin"
"gamma_bin_6.00_3.40","vary_mean",6,-0.2,FALSE,109,1.67936751135944,1.71707985448412,0.133584243853057,0.95,0.268959104499115,0.0377123431246782,"gamma_bin"
"gamma_bin_6.00_3.40","vary_mean",6,-0.2,FALSE,110,0.778512854791425,0.792325617158214,0.105399633593509,0.92,0.181473741184457,0.0138127623667895,"gamma_bin"
"gamma_bin_6.00_3.40","vary_mean",6,-0.2,FALSE,111,0.992005341124613,0.959111605007766,0.0952383889449634,0.94,0.19756234711507,-0.0328937361168468,"gamma_bin"
"gamma_bin_6.00_3.40","vary_mean",6,-0.2,FALSE,112,1.07688074493023,1.06459968578736,0.100393293788947,0.95,0.20693344452536,-0.0122810591428746,"gamma_bin"
"gamma_bin_6.00_3.40","vary_mean",6,-0.2,FALSE,113,0.702400819858529,0.704304388397445,0.0938113421080501,0.92,0.167691752962043,0.00190356853891627,"gamma_bin"
"gamma_bin_6.00_3.40","vary_mean",6,-0.2,FALSE,114,0.976066509197994,0.977417856468273,0.117899401581385,0.87,0.198318683071263,0.00135134727027941,"gamma_bin"
"gamma_bin_6.00_3.40","vary_mean",6,-0.2,FALSE,115,1.23867756628513,1.27933824425553,0.111487236388826,0.98,0.228855126715176,0.0406606779703955,"gamma_bin"
"gamma_bin_6.00_3.40","vary_mean",6,-0.2,FALSE,116,1.16180338965973,1.17891455531857,0.118982090521999,0.94,0.219997399768133,0.0171111656588363,"gamma_bin"
"gamma_bin_6.00_3.40","vary_mean",6,-0.2,FALSE,117,1.19462029108814,1.18192178695512,0.123182421245159,0.93,0.218925485321443,-0.0126985041330188,"gamma_bin"
"gamma_bin_6.00_3.40","vary_mean",6,-0.2,FALSE,118,1.16321995780671,1.14890640443981,0.105229895918323,0.92,0.213431444741664,-0.0143135533668959,"gamma_bin"
"gamma_bin_6.00_3.40","vary_mean",6,-0.2,FALSE,119,1.07032628214879,1.02388906382644,0.112969828192483,0.92,0.198823909723581,-0.0464372183223507,"gamma_bin"
"gamma_bin_6.00_3.40","vary_mean",6,-0.2,FALSE,120,0.877757633134012,0.845687374001994,0.0903752218428402,0.94,0.178901796711612,-0.0320702591320179,"gamma_bin"
"gamma_bin_6.00_3.40","vary_mean",6,-0.2,FALSE,121,1.36755731263547,1.32995846492512,0.113730577671069,0.94,0.223596522366428,-0.037598847710349,"gamma_bin"
"gamma_bin_6.00_3.40","vary_mean",6,-0.2,FALSE,122,0.835796444244159,0.829735623346699,0.0946041613313267,0.94,0.175757322311111,-0.00606082089746041,"gamma_bin"
"gamma_bin_6.00_3.40","vary_mean",6,-0.2,FALSE,123,1.26724551805682,1.265965026892,0.108985824309615,0.98,0.216573312756829,-0.00128049116481987,"gamma_bin"
"gamma_bin_6.00_3.40","vary_mean",6,-0.2,FALSE,124,0.969129898643769,0.968387747067514,0.0884190304535033,0.99,0.188431529398927,-0.000742151576255456,"gamma_bin"
"gamma_bin_6.00_3.40","vary_mean",6,-0.2,FALSE,125,0.847338782890042,0.850828433299281,0.0922682473202184,0.93,0.175489706738346,0.00348965040923876,"gamma_bin"
"gamma_bin_6.00_3.40","vary_mean",6,-0.2,FALSE,126,0.715564882412269,0.723055281877145,0.0811780595152998,0.94,0.161720486980928,0.00749039946487573,"gamma_bin"
"gamma_bin_6.00_3.40","vary_mean",6,-0.2,FALSE,127,0.94782383341486,0.969104105929243,0.103802886486849,0.95,0.188623783300957,0.0212802725143831,"gamma_bin"
"gamma_bin_6.00_3.40","vary_mean",6,-0.2,FALSE,128,0.685081694959754,0.718217332719643,0.0763196626277265,0.93,0.164359413190236,0.0331356377598887,"gamma_bin"
"gamma_bin_6.00_3.40","vary_mean",6,-0.2,FALSE,129,0.940719567434955,0.986393343257354,0.0893369541602232,0.96,0.195128443936511,0.0456737758223992,"gamma_bin"
"gamma_bin_6.00_3.40","vary_mean",6,-0.2,FALSE,130,0.882735861931285,0.928127923795972,0.0984540322004014,0.92,0.19181644109306,0.0453920618646866,"gamma_bin"
"gamma_bin_6.00_3.40","vary_mean",6,-0.2,FALSE,131,0.908592867608554,0.967992796000458,0.0953655990658134,0.91,0.198038560495381,0.059399928391904,"gamma_bin"
"gamma_bin_6.00_3.40","vary_mean",6,-0.2,FALSE,132,0.919571358645804,0.956478244213459,0.0917671085157096,0.95,0.198359207875182,0.0369068855676549,"gamma_bin"
"gamma_bin_6.00_3.40","vary_mean",6,-0.2,FALSE,133,0.772870216905444,0.77240674860941,0.0851708829848342,0.95,0.179253622430513,-0.000463468296034275,"gamma_bin"
"gamma_bin_6.00_3.40","vary_mean",6,-0.2,FALSE,134,0.850110615604727,0.884741522874195,0.0955765291743201,0.96,0.193335020636302,0.0346309072694683,"gamma_bin"
"gamma_bin_6.00_3.40","vary_mean",6,-0.2,FALSE,135,0.784750966748685,0.818766435795418,0.0995708915338205,0.94,0.18790239504948,0.0340154690467327,"gamma_bin"
"gamma_bin_6.00_3.40","vary_mean",6,-0.2,FALSE,136,0.974669466757976,1.00817864416457,0.119500860746864,0.88,0.211095148682538,0.033509177406593,"gamma_bin"
"gamma_bin_6.00_3.40","vary_mean",6,-0.2,FALSE,137,0.984151011066472,1.02522237707245,0.108903441529204,0.94,0.215560404623984,0.0410713660059805,"gamma_bin"
"gamma_bin_6.00_3.40","vary_mean",6,-0.2,FALSE,138,1.1907508581573,1.21062327427357,0.128109150417407,0.93,0.235483214372821,0.0198724161162724,"gamma_bin"
"gamma_bin_6.00_3.40","vary_mean",6,-0.2,FALSE,139,1.38368582408824,1.40815648956213,0.13039097317199,0.96,0.253842417251762,0.0244706654738851,"gamma_bin"
"gamma_bin_6.00_3.40","vary_mean",6,-0.2,FALSE,140,0.815817246340058,0.80290630127187,0.105436240967146,0.95,0.189269415784985,-0.0129109450681876,"gamma_bin"
"gamma_bin_6.00_3.40","vary_mean",6,-0.2,FALSE,141,0.948708845408202,0.926724128735801,0.097915855137943,0.95,0.201411539962831,-0.0219847166724011,"gamma_bin"
"gamma_bin_6.00_3.40","vary_mean",6,-0.2,FALSE,142,0.887913521021147,0.88157623647893,0.094561907693572,0.95,0.195818909284935,-0.00633728454221694,"gamma_bin"
"gamma_bin_6.00_3.40","vary_mean",6,-0.2,FALSE,143,1.33195215209727,1.34903054948868,0.121487845219685,0.98,0.242896597137461,0.0170783973914053,"gamma_bin"
"gamma_bin_6.00_3.40","vary_mean",6,-0.2,FALSE,144,1.33130915175386,1.32273426080715,0.121828274607199,0.96,0.24024469089913,-0.00857489094670627,"gamma_bin"
"gamma_bin_6.00_3.40","vary_mean",6,-0.2,FALSE,145,1.36040954450305,1.33974225307265,0.114095092959102,0.97,0.239168011707221,-0.020667291430404,"gamma_bin"
"gamma_bin_6.00_3.40","vary_mean",6,-0.2,FALSE,146,1.03071516120352,0.987750584929085,0.0932362300738244,0.96,0.201518056094855,-0.0429645762744351,"gamma_bin"
"gamma_bin_6.00_3.40","vary_mean",6,-0.2,FALSE,147,1.01542687773298,0.967191938855865,0.0966150281817764,0.93,0.196024368924765,-0.0482349388771148,"gamma_bin"
"gamma_bin_6.00_3.40","vary_mean",6,-0.2,FALSE,148,0.918038272830281,0.883314047950602,0.0923604010423959,0.92,0.185736856139527,-0.0347242248796786,"gamma_bin"
"gamma_bin_6.00_3.40","vary_mean",6,-0.2,FALSE,149,0.795403147880171,0.784819441702375,0.0902583376212177,0.96,0.174599382108375,-0.0105837061777957,"gamma_bin"
"gamma_bin_6.00_3.40","vary_mean",6,-0.2,FALSE,150,0.947076494147123,0.948008306235301,0.102817575734013,0.94,0.192988094708993,0.000931812088177719,"gamma_bin"
"gamma_bin_6.00_3.40","vary_mean",6,-0.2,FALSE,151,0.838902415667924,0.865861709450355,0.0940640799192612,0.94,0.186226421900648,0.0269592937824313,"gamma_bin"
"gamma_bin_6.00_3.40","vary_mean",6,-0.2,FALSE,152,1.10280245382765,1.15739963947119,0.100678746499236,0.94,0.217704805335872,0.0545971856435419,"gamma_bin"
"gamma_bin_6.00_3.40","vary_mean",6,-0.2,FALSE,153,1.09815440539428,1.11815747062819,0.100483544475985,0.98,0.215186040937312,0.0200030652339054,"gamma_bin"
"gamma_bin_6.00_3.40","vary_mean",6,-0.2,FALSE,154,0.933699509626363,0.929523646768983,0.112668633674634,0.92,0.195956601521256,-0.00417586285737959,"gamma_bin"
"gamma_bin_6.00_3.40","vary_mean",6,-0.2,FALSE,155,0.677259462566555,0.675733673111102,0.0781234153344221,0.97,0.166608544835106,-0.00152578945545323,"gamma_bin"
"gamma_bin_6.00_3.40","vary_mean",6,-0.2,FALSE,156,0.794318325784725,0.814749012339523,0.0929614382658109,0.94,0.183975932251072,0.0204306865547981,"gamma_bin"
"gamma_bin_6.00_3.40","vary_mean",6,-0.2,FALSE,157,0.863129045133472,0.896614750388555,0.10019388402841,0.93,0.19538747871898,0.0334857052550834,"gamma_bin"
"gamma_bin_6.00_3.40","vary_mean",6,-0.2,FALSE,158,1.2121292060572,1.26245243404937,0.133404681876627,0.92,0.235191899203735,0.0503232279921653,"gamma_bin"
"gamma_bin_6.00_3.40","vary_mean",6,-0.2,FALSE,159,1.02410099479473,1.04992114122811,0.106633983107601,0.93,0.215964239812171,0.0258201464333834,"gamma_bin"
"gamma_bin_6.00_3.40","vary_mean",6,-0.2,FALSE,160,0.905625417711481,0.913829538869243,0.101107365625141,0.92,0.20119049821109,0.00820412115776215,"gamma_bin"
"gamma_bin_6.00_3.40","vary_mean",6,-0.2,FALSE,161,0.911623484707899,0.938862946657901,0.100220865497174,0.95,0.203569787548496,0.027239461950002,"gamma_bin"
"gamma_bin_6.00_3.40","vary_mean",6,-0.2,FALSE,162,0.854314364398061,0.865180333382294,0.0956794514201414,0.94,0.195652497706904,0.0108659689842328,"gamma_bin"
"gamma_bin_6.00_3.40","vary_mean",6,-0.2,FALSE,163,0.939538506142908,0.962904629815027,0.106030383657049,0.95,0.207346327015682,0.0233661236721185,"gamma_bin"
"gamma_bin_6.00_3.40","vary_mean",6,-0.2,FALSE,164,0.804264811038419,0.833114671123478,0.104676846104066,0.96,0.194144152531223,0.0288498600850593,"gamma_bin"
"gamma_bin_6.00_3.40","vary_mean",6,-0.2,FALSE,165,1.00142358506205,1.02487100071813,0.105279241031373,0.96,0.216996843701655,0.0234474156560842,"gamma_bin"
"gamma_bin_6.00_3.40","vary_mean",6,-0.2,FALSE,166,1.22258511650756,1.26929826597785,0.102207309987426,0.96,0.243452132611308,0.0467131494702864,"gamma_bin"
"gamma_bin_6.00_3.40","vary_mean",6,-0.2,FALSE,167,0.797785743145654,0.812575884502741,0.0959404920138366,0.95,0.194649383497318,0.0147901413570874,"gamma_bin"
"gamma_bin_6.00_3.40","vary_mean",6,-0.2,FALSE,168,1.1498418409574,1.16397634623881,0.118684856270841,0.93,0.232585360409681,0.0141345052814139,"gamma_bin"
"gamma_bin_6.00_3.40","vary_mean",6,-0.2,FALSE,169,0.760349335694062,0.74227681033325,0.0940532419164868,0.94,0.185478708071261,-0.0180725253608124,"gamma_bin"
"gamma_bin_6.00_3.40","vary_mean",6,-0.2,FALSE,170,1.37423882796411,1.38068989908929,0.116137975110574,0.95,0.25325202701673,0.00645107112517973,"gamma_bin"
"gamma_bin_6.00_3.40","vary_mean",6,-0.2,FALSE,171,0.879916177740953,0.879856477061669,0.104551918377166,0.95,0.201930181771913,-5.97006792844024e-05,"gamma_bin"
"gamma_bin_6.00_3.40","vary_mean",6,-0.2,FALSE,172,1.40469809778524,1.39017006835149,0.11448864527579,0.96,0.252783556395716,-0.0145280294337524,"gamma_bin"
"gamma_bin_6.00_3.40","vary_mean",6,-0.2,FALSE,173,0.919193657171105,0.906693346439566,0.0928132565981678,0.97,0.202464774369982,-0.0125003107315391,"gamma_bin"
"gamma_bin_6.00_3.40","vary_mean",6,-0.2,FALSE,174,0.923156528563282,0.921008818988736,0.107691844602792,0.94,0.202311119594262,-0.00214770957454646,"gamma_bin"
"gamma_bin_6.00_3.40","vary_mean",6,-0.2,FALSE,175,1.03837120055872,1.01850628982637,0.118172140053498,0.94,0.211789679051256,-0.0198649107323521,"gamma_bin"
"gamma_bin_6.00_3.40","vary_mean",6,-0.2,FALSE,176,0.998550191051843,1.00051249051224,0.120229714134648,0.91,0.209960329746704,0.00196229946039217,"gamma_bin"
"gamma_bin_6.00_3.40","vary_mean",6,-0.2,FALSE,177,1.0672490953256,1.06576429097299,0.110034960888256,0.96,0.216942327511816,-0.00148480435261078,"gamma_bin"
"gamma_bin_6.00_3.40","vary_mean",6,-0.2,FALSE,178,0.796488943635566,0.789886715545381,0.0992729276975679,0.95,0.186689980383431,-0.00660222809018474,"gamma_bin"
"gamma_bin_6.00_3.40","vary_mean",6,-0.2,FALSE,179,1.19853631620291,1.20676474098409,0.116376870425628,0.95,0.23143034341956,0.00822842478117902,"gamma_bin"
"gamma_bin_6.00_3.40","vary_mean",6,-0.2,FALSE,180,1.18742234445089,1.21056411205769,0.116382819704371,0.94,0.232137112730358,0.0231417676067993,"gamma_bin"
"gamma_bin_6.00_3.40","vary_mean",6,-0.2,FALSE,181,1.49419822100474,1.49547502029796,0.13043136847035,0.96,0.25676290054765,0.00127679929321789,"gamma_bin"
"gamma_bin_6.00_3.40","vary_mean",6,-0.2,FALSE,182,1.51569971274724,1.46210343910962,0.134992494960109,0.9,0.249820512559855,-0.0535962736376241,"gamma_bin"
"gamma_bin_6.00_3.40","vary_mean",6,-0.2,FALSE,183,0.993078083144793,0.936144389293879,0.111384537631229,0.88,0.194714502636427,-0.056933693850914,"gamma_bin"
"gamma_bin_6.00_3.40","vary_mean",6,-0.2,FALSE,184,0.900895179433443,0.86484551498154,0.0951737781771983,0.92,0.183131624337314,-0.0360496644519035,"gamma_bin"
"gamma_bin_6.00_3.40","vary_mean",6,-0.2,FALSE,185,0.823216514722493,0.781570534151507,0.078938861672143,0.96,0.172333513393741,-0.0416459805709856,"gamma_bin"
"gamma_bin_6.00_3.40","vary_mean",6,-0.2,FALSE,186,1.22622352517845,1.21365072346516,0.0983754337454639,0.96,0.215437722941893,-0.0125728017132938,"gamma_bin"
"gamma_bin_6.00_3.40","vary_mean",6,-0.2,FALSE,187,0.917485344129662,0.918273012713667,0.0973253149843593,0.97,0.187914480455564,0.000787668584005474,"gamma_bin"
"gamma_bin_6.00_3.40","vary_mean",6,-0.2,FALSE,188,1.14600718978611,1.15918249793656,0.104075525604139,0.97,0.211399869639754,0.0131753081504493,"gamma_bin"
"gamma_bin_6.00_3.40","vary_mean",6,-0.2,FALSE,189,1.15017955401154,1.13290477715673,0.109611185741334,0.94,0.208710931128974,-0.0172747768548116,"gamma_bin"
"gamma_bin_6.00_3.40","vary_mean",6,-0.2,FALSE,190,1.13787761403339,1.11066401523499,0.112286865405691,0.93,0.205425454452032,-0.0272135987983984,"gamma_bin"
"gamma_bin_6.00_3.40","vary_mean",6,-0.2,FALSE,191,1.77820774658985,1.74392467674039,0.132618753490209,0.93,0.255559365264061,-0.0342830698494638,"gamma_bin"
"gamma_bin_6.00_3.40","vary_mean",6,-0.2,FALSE,192,1.12621869533816,1.08045578396261,0.101956735361459,0.89,0.197293657276876,-0.0457629113755493,"gamma_bin"
"gamma_bin_6.00_3.40","vary_mean",6,-0.2,FALSE,193,1.63142687231341,1.51491681018103,0.112574523514855,0.84,0.228065675706795,-0.116510062132377,"gamma_bin"
"gamma_bin_6.00_3.40","vary_mean",6,-0.2,FALSE,194,1.9613208229511,1.8193696377593,0.14027459671296,0.73,0.243503863815161,-0.141951185191798,"gamma_bin"
"gamma_bin_6.00_3.40","vary_mean",6,-0.2,FALSE,195,1.62644217295684,1.47220149358938,0.124933392049247,0.73,0.211303173957739,-0.154240679367459,"gamma_bin"
"gamma_bin_6.00_3.40","vary_mean",6,-0.2,FALSE,196,1.22114876712024,1.07544603565393,0.0838599154506825,0.67,0.173406241475205,-0.145702731466308,"gamma_bin"
"gamma_bin_6.00_3.40","vary_mean",6,-0.2,FALSE,197,1.08512340553335,0.989113290450609,0.0831873173460747,0.8,0.161172922863269,-0.0960101150827409,"gamma_bin"
"gamma_bin_6.00_3.40","vary_mean",6,-0.2,FALSE,198,1.22271087570671,1.13347762294916,0.0777054597550163,0.84,0.169289860213188,-0.0892332527575466,"gamma_bin"
"gamma_bin_6.00_3.40","vary_mean",6,-0.2,FALSE,199,1.2960340351298,1.25176817639258,0.0885645607187858,0.95,0.175916154507583,-0.0442658587372229,"gamma_bin"
"gamma_bin_6.00_3.40","vary_mean",6,-0.2,FALSE,200,1.66920711624072,1.62592170768786,0.105004234520952,0.94,0.198317758002778,-0.0432854085528638,"gamma_bin"
"gamma_bin_6.00_3.40","vary_mean",6,-0.2,FALSE,201,1.16940768861372,1.11061047074993,0.0798146950558157,0.9,0.160489740095407,-0.0587972178637945,"gamma_bin"
"gamma_bin_6.00_3.40","vary_mean",6,-0.2,FALSE,202,1.0787760344722,1.02897476889443,0.078182515987696,0.91,0.150857664420917,-0.04980126557777,"gamma_bin"
"gamma_bin_6.00_3.40","vary_mean",6,-0.2,FALSE,203,0.894614924502778,0.839045286729199,0.070697135097094,0.86,0.133901401567517,-0.0555696377735793,"gamma_bin"
"gamma_bin_6.00_3.40","vary_mean",6,-0.2,FALSE,204,0.818936942727194,0.791910835592812,0.0585622962862846,0.96,0.129163916890358,-0.0270261071343825,"gamma_bin"
"gamma_bin_6.00_3.40","vary_mean",6,-0.2,FALSE,205,0.966688195947552,0.964626400937281,0.0776585884778546,0.95,0.143049210928105,-0.00206179501027071,"gamma_bin"
"gamma_bin_6.00_3.40","vary_mean",6,-0.2,FALSE,206,0.735602657677609,0.744807789429742,0.0608747280268494,0.99,0.126770264425577,0.00920513175213333,"gamma_bin"
"gamma_bin_6.00_3.40","vary_mean",6,-0.2,FALSE,207,0.854906249805799,0.886369883417317,0.077552023388564,0.91,0.13985148532478,0.0314636336115183,"gamma_bin"
"gamma_bin_6.00_3.40","vary_mean",6,-0.2,FALSE,208,1.18360616945073,1.23231230543811,0.0834734996003234,0.94,0.167235171477561,0.0487061359873777,"gamma_bin"
"gamma_bin_6.00_3.40","vary_mean",6,-0.2,FALSE,209,1.4602885501346,1.49491738260078,0.0944885819204658,0.94,0.185326336523965,0.0346288324661774,"gamma_bin"
"gamma_bin_6.00_3.40","vary_mean",6,-0.2,FALSE,210,0.828346816490767,0.820445690386295,0.0752601670509526,0.94,0.136106964314569,-0.00790112610447158,"gamma_bin"
"gamma_bin_6.00_3.40","vary_mean",6,-0.2,FALSE,211,0.945514704257119,0.917131437971718,0.0644226364431716,0.96,0.142303246080966,-0.0283832662854013,"gamma_bin"
"gamma_bin_6.00_3.40","vary_mean",6,-0.2,FALSE,212,0.790503634328223,0.777096126707655,0.0668199230141561,0.94,0.130334868998221,-0.0134075076205677,"gamma_bin"
"gamma_bin_6.00_3.40","vary_mean",6,-0.2,FALSE,213,1.43200091428725,1.4345274547381,0.0826114533074457,0.97,0.177894232905911,0.00252654045084943,"gamma_bin"
"gamma_bin_6.00_3.40","vary_mean",6,-0.2,FALSE,214,1.11427471246835,1.10342251339793,0.0697619496090196,0.96,0.155934203977749,-0.0108521990704205,"gamma_bin"
"gamma_bin_6.00_3.40","vary_mean",6,-0.2,FALSE,215,1.11570572194133,1.1181034269655,0.0812465097094085,0.94,0.155703098437536,0.00239770502417302,"gamma_bin"
"gamma_bin_6.00_3.40","vary_mean",6,-0.2,FALSE,216,1.45325455274622,1.41688794755886,0.0899831898929267,0.92,0.173494298251384,-0.0363666051873639,"gamma_bin"
"gamma_bin_6.00_3.40","vary_mean",6,-0.2,FALSE,217,1.1420513438864,1.08228164245791,0.0819039885994058,0.83,0.149232300662777,-0.0597697014284924,"gamma_bin"
"gamma_bin_6.00_3.40","vary_mean",6,-0.2,FALSE,218,0.657956194341687,0.634678677163545,0.0609275438237802,0.88,0.112339911392565,-0.0232775171781421,"gamma_bin"
"gamma_bin_6.00_3.40","vary_mean",6,-0.2,FALSE,219,1.37055796530381,1.33455671382966,0.0817216624116216,0.92,0.162083153946641,-0.0360012514741481,"gamma_bin"
"gamma_bin_6.00_3.40","vary_mean",6,-0.2,FALSE,220,1.1217671045533,1.11081204490688,0.0801405051109836,0.93,0.147457318732918,-0.0109550596464221,"gamma_bin"
"gamma_bin_6.00_3.40","vary_mean",6,-0.2,FALSE,221,1.82148085595811,1.79961870501263,0.0964273180703073,0.94,0.186499336896461,-0.0218621509454788,"gamma_bin"
"gamma_bin_6.00_3.40","vary_mean",6,-0.2,FALSE,222,1.47820728190538,1.41681645761631,0.0811532455992057,0.88,0.162183936034825,-0.0613908242890702,"gamma_bin"
"gamma_bin_6.00_3.40","vary_mean",6,-0.2,FALSE,223,1.22912323671868,1.13896409594735,0.0766014414235221,0.73,0.140833500947037,-0.0901591407713251,"gamma_bin"
"gamma_bin_6.00_3.40","vary_mean",6,-0.2,FALSE,224,1.39166921706407,1.27221335768105,0.0684453967303344,0.69,0.144702353663981,-0.119455859383019,"gamma_bin"
"gamma_bin_6.00_3.40","vary_mean",6,-0.2,FALSE,225,1.02692395020016,0.954625491011251,0.0586255752766394,0.78,0.122468554809844,-0.0722984591889085,"gamma_bin"
"gamma_bin_6.00_3.40","vary_mean",6,-0.2,FALSE,226,0.944469227223,0.891170182007119,0.0615556374130988,0.86,0.116399028256859,-0.0532990452158807,"gamma_bin"
"gamma_bin_6.00_3.40","vary_mean",6,-0.2,FALSE,227,0.882935394281871,0.845838180856903,0.0580642492586786,0.88,0.112724815458654,-0.0370972134249675,"gamma_bin"
"gamma_bin_6.00_3.40","vary_mean",6,-0.2,FALSE,228,1.25451332375843,1.2570292369556,0.0675144108646015,0.95,0.13779989703982,0.0025159131971666,"gamma_bin"
"gamma_bin_6.00_3.40","vary_mean",6,-0.2,FALSE,229,1.46482234027448,1.4746780838777,0.0755973458002422,0.95,0.149427891260883,0.00985574360321961,"gamma_bin"
"gamma_bin_6.00_3.40","vary_mean",6,-0.2,FALSE,230,1.51066180760486,1.48373913921224,0.0821183464667421,0.91,0.148257357175054,-0.0269226683926227,"gamma_bin"
"gamma_bin_6.00_3.40","vary_mean",6,-0.2,FALSE,231,1.76123960010775,1.65398181383551,0.0785863834512718,0.72,0.152944790745505,-0.107257786272243,"gamma_bin"
"gamma_bin_6.00_3.40","vary_mean",6,-0.2,FALSE,232,1.40610248726795,1.28557887751164,0.0620325184827882,0.61,0.130380315202753,-0.120523609756309,"gamma_bin"
"gamma_bin_6.00_3.40","vary_mean",6,-0.2,FALSE,233,1.50839208568838,1.37370630463928,0.0592584704979245,0.45,0.130248709323267,-0.134685781049102,"gamma_bin"
"gamma_bin_6.00_3.40","vary_mean",6,-0.2,FALSE,234,2.14809922234943,1.95676381714434,0.0741605663091652,0.35,0.150648269350958,-0.191335405205091,"gamma_bin"
"gamma_bin_6.00_3.40","vary_mean",6,-0.2,FALSE,235,1.77316147702833,1.58991639895725,0.073119703282367,0.25,0.130666792256482,-0.183245078071081,"gamma_bin"
"gamma_bin_6.00_3.40","vary_mean",6,-0.2,FALSE,236,1.73482506410384,1.5309410882016,0.0702008290418642,0.16,0.122608782484076,-0.203883975902238,"gamma_bin"
"gamma_bin_6.00_3.40","vary_mean",6,-0.2,FALSE,237,1.62267353351007,1.41567041572451,0.0671090191479006,0.09,0.112821222244894,-0.207003117785563,"gamma_bin"
"gamma_bin_6.00_3.40","vary_mean",6,-0.2,FALSE,238,1.18124992154851,1.03906554208934,0.0461377393231043,0.18,0.0929617725900836,-0.142184379459175,"gamma_bin"
"gamma_bin_6.00_3.40","vary_mean",6,-0.2,FALSE,239,1.18465305674865,1.07522313348701,0.0530160806162832,0.43,0.0919199283468685,-0.109429923261638,"gamma_bin"
"gamma_bin_6.00_3.40","vary_mean",6,-0.2,FALSE,240,1.4168407618799,1.33305361118708,0.052933846415502,0.62,0.100587793994755,-0.0837871506928236,"gamma_bin"
"gamma_bin_6.00_3.40","vary_mean",6,-0.2,FALSE,241,1.25636383468336,1.19262816564061,0.0441253873548703,0.76,0.0937005810666277,-0.0637356690427491,"gamma_bin"
"gamma_bin_6.00_3.40","vary_mean",6,-0.2,FALSE,242,1.12127216596798,1.07194126391581,0.0466960504729517,0.78,0.0874258781712071,-0.0493309020521695,"gamma_bin"
"gamma_bin_6.00_3.40","vary_mean",6,-0.2,FALSE,243,1.35468577162437,1.29760469368465,0.0479401615979165,0.77,0.0948332278300327,-0.0570810779397191,"gamma_bin"
"gamma_bin_6.00_3.40","vary_mean",6,-0.2,FALSE,244,1.01073025572083,0.981311994184501,0.0421694118531935,0.9,0.0813234981106559,-0.029418261536329,"gamma_bin"
"gamma_bin_6.00_3.40","vary_mean",6,-0.2,FALSE,245,1.09869262296579,1.0668301719523,0.0416651584718553,0.88,0.0837644316244316,-0.0318624510134908,"gamma_bin"
"gamma_bin_6.00_3.40","vary_mean",6,-0.2,FALSE,246,1.01867243248783,0.993845406920955,0.0407168195308993,0.88,0.0801744480306146,-0.0248270255668753,"gamma_bin"
"gamma_bin_6.00_3.40","vary_mean",6,-0.2,FALSE,247,0.933300548697082,0.928819493497999,0.0388488869737573,0.94,0.0771362973121473,-0.00448105519908304,"gamma_bin"
"gamma_bin_6.00_3.40","vary_mean",6,-0.2,FALSE,248,1.07521131224965,1.06515054115503,0.04107578153808,0.95,0.0825126513540653,-0.0100607710946181,"gamma_bin"
"gamma_bin_6.00_3.40","vary_mean",6,-0.2,FALSE,249,1.30368079751671,1.30414348060855,0.0434207252129605,0.98,0.0913012304290165,0.000462683091837501,"gamma_bin"
"gamma_bin_6.00_3.40","vary_mean",6,-0.2,FALSE,250,1.41725036624756,1.40313246992078,0.046965382309707,0.93,0.0941577659349065,-0.0141178963267796,"gamma_bin"
"gamma_bin_6.00_3.40","vary_mean",6,-0.2,FALSE,251,1.14473843834061,1.10436196895078,0.03859203337972,0.89,0.0822627732006797,-0.0403764693898296,"gamma_bin"
"gamma_bin_6.00_3.40","vary_mean",6,-0.2,FALSE,252,1.28957905264017,1.2255625736137,0.0472639755490265,0.67,0.0850356037423458,-0.0640164790264734,"gamma_bin"
"gamma_bin_6.00_3.40","vary_mean",6,-0.2,FALSE,253,1.41164181175606,1.33872242447688,0.0402424706252163,0.64,0.0873649831618975,-0.0729193872791756,"gamma_bin"
"gamma_bin_7.50_1.36","vary_sd",1.36,-0.6,FALSE,1,4.64176734711438,14.4722624756898,0.695568492746573,0,1.3196512193037,9.83049512857538,"gamma_bin"
"gamma_bin_7.50_1.36","vary_sd",1.36,-0.6,FALSE,2,5.74184883880713,14.2115959993212,0.45838425052024,0,0.925137904405386,8.46974716051411,"gamma_bin"
"gamma_bin_7.50_1.36","vary_sd",1.36,-0.6,FALSE,3,3.25033439563944,5.56121534156782,0.179759550222367,0,0.400608156000243,2.31088094592838,"gamma_bin"
"gamma_bin_7.50_1.36","vary_sd",1.36,-0.6,FALSE,4,6.73935287829888,8.62994571732137,0.211080038997893,0,0.373341131640245,1.89059283902249,"gamma_bin"
"gamma_bin_7.50_1.36","vary_sd",1.36,-0.6,FALSE,5,2.43636854796088,2.67053331972981,0.0979249752100437,0.21,0.170589898082058,0.234164771768929,"gamma_bin"
"gamma_bin_7.50_1.36","vary_sd",1.36,-0.6,FALSE,6,1.74494772539268,1.83999873480073,0.0657169288076334,0.65,0.12332602011748,0.0950510094080492,"gamma_bin"
"gamma_bin_7.50_1.36","vary_sd",1.36,-0.6,FALSE,7,2.62517926045569,2.87309721907257,0.0766090701745824,0.04,0.140167365042471,0.247917958616877,"gamma_bin"
"gamma_bin_7.50_1.36","vary_sd",1.36,-0.6,FALSE,8,1.22911307977452,1.40314171236228,0.055115207685888,0.05,0.091242547023161,0.174028632587763,"gamma_bin"
"gamma_bin_7.50_1.36","vary_sd",1.36,-0.6,FALSE,9,2.39904651254038,2.59447799799535,0.0671431836139691,0.08,0.113363644317185,0.195431485454967,"gamma_bin"
"gamma_bin_7.50_1.36","vary_sd",1.36,-0.6,FALSE,10,1.19484574307971,1.12391066195888,0.0329604291939845,0.46,0.0660986122552253,-0.0709350811208305,"gamma_bin"
"gamma_bin_7.50_1.36","vary_sd",1.36,-0.6,FALSE,11,1.32897619591253,1.15603215659714,0.0325564229096733,0,0.0616300432588385,-0.172944039315385,"gamma_bin"
"gamma_bin_7.50_1.36","vary_sd",1.36,-0.6,FALSE,12,1.45959821408832,1.33309614693111,0.0336133776901628,0.07,0.0652463534594213,-0.126502067157208,"gamma_bin"
"gamma_bin_7.50_1.36","vary_sd",1.36,-0.6,FALSE,13,1.71530804750948,1.69101516323301,0.0412291613377756,0.89,0.073971771531251,-0.0242928842764745,"gamma_bin"
"gamma_bin_7.50_1.36","vary_sd",1.36,-0.6,FALSE,14,1.05182866123244,1.05869334021671,0.0319094187793869,0.91,0.0576932224976951,0.00686467898427479,"gamma_bin"
"gamma_bin_7.50_1.36","vary_sd",1.36,-0.6,FALSE,15,1.02510010675531,1.00470047350625,0.0251534901900783,0.92,0.0542527514492742,-0.020399633249059,"gamma_bin"
"gamma_bin_7.50_1.36","vary_sd",1.36,-0.6,FALSE,16,1.25252014867933,1.21751465044482,0.0318350153729514,0.77,0.0580153469729385,-0.0350054982345107,"gamma_bin"
"gamma_bin_7.50_1.36","vary_sd",1.36,-0.6,FALSE,17,1.21525733695915,1.2102264321454,0.0300911659846221,0.94,0.0574534197750646,-0.00503090481375246,"gamma_bin"
"gamma_bin_7.50_1.36","vary_sd",1.36,-0.6,FALSE,18,0.979230198394809,0.973533095066514,0.0266662844041779,0.96,0.0509296659090003,-0.00569710332829543,"gamma_bin"
"gamma_bin_7.50_1.36","vary_sd",1.36,-0.6,FALSE,19,1.02544833790337,0.986089897291632,0.0233762601771826,0.7,0.0496971271902403,-0.0393584406117381,"gamma_bin"
"gamma_bin_7.50_1.36","vary_sd",1.36,-0.6,FALSE,20,1.03933643277786,0.979759386780667,0.02252515702247,0.28,0.0486958461004706,-0.0595770459971926,"gamma_bin"
"gamma_bin_7.50_1.36","vary_sd",1.36,-0.6,FALSE,21,1.31704644033967,1.28662733937271,0.0267353757152869,0.84,0.056484503207736,-0.0304191009669632,"gamma_bin"
"gamma_bin_7.50_1.36","vary_sd",1.36,-0.6,FALSE,22,1.01626238281987,1.01718710293029,0.0245434772762758,0.96,0.0507860258260245,0.000924720110418109,"gamma_bin"
"gamma_bin_7.50_1.36","vary_sd",1.36,-0.6,FALSE,23,0.750219977978433,0.748412687519678,0.0247838076132017,0.89,0.043210884625307,-0.0018072904587545,"gamma_bin"
"gamma_bin_7.50_1.36","vary_sd",1.36,-0.6,FALSE,24,0.68680573053247,0.683387958359809,0.0207486789843393,0.95,0.0410114703549879,-0.00341777217266093,"gamma_bin"
"gamma_bin_7.50_1.36","vary_sd",1.36,-0.6,FALSE,25,1.09137562864791,1.10478972041865,0.0255587359264737,0.92,0.052370289198901,0.0134140917707362,"gamma_bin"
"gamma_bin_7.50_1.36","vary_sd",1.36,-0.6,FALSE,26,0.741057834922739,0.74178195877666,0.0206618696766807,0.95,0.0428529262524757,0.00072412385392151,"gamma_bin"
"gamma_bin_7.50_1.36","vary_sd",1.36,-0.6,FALSE,27,0.768534353981288,0.729908882677636,0.0191697591103747,0.58,0.0417647403817861,-0.0386254713036518,"gamma_bin"
"gamma_bin_7.50_1.36","vary_sd",1.36,-0.6,FALSE,28,0.752768210408917,0.685747488192333,0.0205096623386709,0.1,0.0400669000842465,-0.0670207222165835,"gamma_bin"
"gamma_bin_7.50_1.36","vary_sd",1.36,-0.6,FALSE,29,0.700189279957523,0.656379885604356,0.0196101535562921,0.49,0.0402075220407314,-0.0438093943531666,"gamma_bin"
"gamma_bin_7.50_1.36","vary_sd",1.36,-0.6,FALSE,30,0.555240242382622,0.56021038588921,0.0212778410813338,0.9,0.0389843581211495,0.00497014350658753,"gamma_bin"
"gamma_bin_7.50_1.36","vary_sd",1.36,-0.6,FALSE,31,0.584450640057208,0.594121867028923,0.0186046042700797,0.96,0.0412728673889817,0.00967122697171474,"gamma_bin"
"gamma_bin_7.50_1.36","vary_sd",1.36,-0.6,FALSE,32,0.680297862250013,0.667284471068923,0.0221408522074036,0.91,0.0439395166236793,-0.0130133911810902,"gamma_bin"
"gamma_bin_7.50_1.36","vary_sd",1.36,-0.6,FALSE,33,0.95896579009836,0.920495148089645,0.0288288667914482,0.69,0.0523121838210279,-0.0384706420087149,"gamma_bin"
"gamma_bin_7.50_1.36","vary_sd",1.36,-0.6,FALSE,34,1.26713544933213,1.21784558899473,0.0317834846473149,0.7,0.0618964055988639,-0.0492898603373988,"gamma_bin"
"gamma_bin_7.50_1.36","vary_sd",1.36,-0.6,FALSE,35,1.32835487275134,1.29582079103843,0.0313577588898127,0.88,0.0662116175016835,-0.0325340817129127,"gamma_bin"
"gamma_bin_7.50_1.36","vary_sd",1.36,-0.6,FALSE,36,0.820532179912435,0.853847194818695,0.0292953532226826,0.78,0.0562920521825148,0.0333150149062604,"gamma_bin"
"gamma_bin_7.50_1.36","vary_sd",1.36,-0.6,FALSE,37,0.605066948223753,0.700365947645386,0.0267601667435848,0.03,0.0535559893099058,0.0952989994216326,"gamma_bin"
"gamma_bin_7.50_1.36","vary_sd",1.36,-0.6,FALSE,38,0.480613317476216,0.594050874188601,0.0308049646608809,0.01,0.0504748716834864,0.113437556712385,"gamma_bin"
"gamma_bin_7.50_1.36","vary_sd",1.36,-0.6,FALSE,39,0.729684595490469,0.856983290432108,0.0286460270676731,0.02,0.0587967579817858,0.127298694941639,"gamma_bin"
"gamma_bin_7.50_1.36","vary_sd",1.36,-0.6,FALSE,40,0.815117093248404,0.812671424278982,0.0258600650929457,0.97,0.0533571812682564,-0.00244566896942167,"gamma_bin"
"gamma_bin_7.50_1.36","vary_sd",1.36,-0.6,FALSE,41,0.615435524003123,0.525196282007826,0.0203333514280112,0,0.0404698918907758,-0.0902392419952969,"gamma_bin"
"gamma_bin_7.50_1.36","vary_sd",1.36,-0.6,FALSE,42,0.771681049543453,0.625818409696674,0.0196346325559795,0,0.044172064677524,-0.145862639846779,"gamma_bin"
"gamma_bin_7.50_1.36","vary_sd",1.36,-0.6,FALSE,43,0.638637642797715,0.563386527746621,0.0233568961478502,0.13,0.0448454215492721,-0.0752511150510944,"gamma_bin"
"gamma_bin_7.50_1.36","vary_sd",1.36,-0.6,FALSE,44,0.502607638572081,0.510865194726312,0.0248952187827799,0.9,0.0473431335404715,0.0082575561542314,"gamma_bin"
"gamma_bin_7.50_1.36","vary_sd",1.36,-0.6,FALSE,45,0.419348773276434,0.476721547508609,0.0253341257947995,0.32,0.0491821582276545,0.0573727742321753,"gamma_bin"
"gamma_bin_7.50_1.36","vary_sd",1.36,-0.6,FALSE,46,0.532523289397014,0.581149001175472,0.0292460246511635,0.62,0.0548327049998963,0.0486257117784579,"gamma_bin"
"gamma_bin_7.50_1.36","vary_sd",1.36,-0.6,FALSE,47,0.748164536979726,0.747761230912183,0.0297730725501535,0.95,0.0615932833060959,-0.000403306067543241,"gamma_bin"
"gamma_bin_7.50_1.36","vary_sd",1.36,-0.6,FALSE,48,0.699597036363356,0.6650162191218,0.0278324499166362,0.75,0.0584855654489981,-0.0345808172415559,"gamma_bin"
"gamma_bin_7.50_1.36","vary_sd",1.36,-0.6,FALSE,49,0.840634610500807,0.78350459163527,0.0316531437373318,0.6,0.0653233241461312,-0.0571300188655374,"gamma_bin"
"gamma_bin_7.50_1.36","vary_sd",1.36,-0.6,FALSE,50,0.605572567510499,0.584801564927047,0.0300703104401209,0.9,0.0597023250268837,-0.0207710025834524,"gamma_bin"
"gamma_bin_7.50_1.36","vary_sd",1.36,-0.6,FALSE,51,0.551154795645625,0.595773501461626,0.0331506502121588,0.72,0.06520933995072,0.0446187058160011,"gamma_bin"
"gamma_bin_7.50_1.36","vary_sd",1.36,-0.6,FALSE,52,0.382419782215341,0.44617354066612,0.0350890053081164,0.43,0.0602102938710547,0.063753758450779,"gamma_bin"
"gamma_bin_7.50_1.36","vary_sd",1.36,-0.6,FALSE,53,0.67605453850849,0.77772132736144,0.0473802045780492,0.34,0.08053738963364,0.10166678885295,"gamma_bin"
"gamma_bin_7.50_1.36","vary_sd",1.36,-0.6,FALSE,54,0.67389745281474,0.699629052477284,0.0398224101574457,0.85,0.0746440508870063,0.0257315996625445,"gamma_bin"
"gamma_bin_7.50_1.36","vary_sd",1.36,-0.6,FALSE,55,0.928654307802489,0.865752694366057,0.046624718370106,0.68,0.0816536542661928,-0.0629016134364319,"gamma_bin"
"gamma_bin_7.50_1.36","vary_sd",1.36,-0.6,FALSE,56,0.750444909156983,0.678421650823902,0.0397630890166253,0.53,0.0735275007670936,-0.072023258333081,"gamma_bin"
"gamma_bin_7.50_1.36","vary_sd",1.36,-0.6,FALSE,57,0.713559496047443,0.680078880123614,0.0420856693668734,0.86,0.0780879448984115,-0.0334806159238294,"gamma_bin"
"gamma_bin_7.50_1.36","vary_sd",1.36,-0.6,FALSE,58,0.492127182876667,0.534803127336863,0.0388859450251509,0.8,0.0752794330731245,0.0426759444601961,"gamma_bin"
"gamma_bin_7.50_1.36","vary_sd",1.36,-0.6,FALSE,59,0.488121905081673,0.570629746500664,0.0492941159381987,0.5,0.0826059593438145,0.0825078414189911,"gamma_bin"
"gamma_bin_7.50_1.36","vary_sd",1.36,-0.6,FALSE,60,0.671861168143052,0.776079776522988,0.048759573603179,0.41,0.096638186323763,0.104218608379936,"gamma_bin"
"gamma_bin_7.50_1.36","vary_sd",1.36,-0.6,FALSE,61,0.791762464983911,0.811991503052096,0.0473545546920518,0.92,0.0957034045623806,0.020229038068185,"gamma_bin"
"gamma_bin_7.50_1.36","vary_sd",1.36,-0.6,FALSE,62,0.652922492639065,0.604860815203634,0.045750926781226,0.74,0.0809669471139636,-0.0480616774354308,"gamma_bin"
"gamma_bin_7.50_1.36","vary_sd",1.36,-0.6,FALSE,63,0.613891069127135,0.550067697418581,0.042375293450969,0.6,0.0788376480677416,-0.0638233717085536,"gamma_bin"
"gamma_bin_7.50_1.36","vary_sd",1.36,-0.6,FALSE,64,0.747174650317661,0.718647197710207,0.0486577244545628,0.9,0.0959451067801524,-0.0285274526074543,"gamma_bin"
"gamma_bin_7.50_1.36","vary_sd",1.36,-0.6,FALSE,65,0.706701130088712,0.764805239964618,0.0532110219977995,0.85,0.107316551668196,0.0581041098759063,"gamma_bin"
"gamma_bin_7.50_1.36","vary_sd",1.36,-0.6,FALSE,66,0.51187393654748,0.579533444554667,0.0462374680412012,0.73,0.0982318120390102,0.0676595080071873,"gamma_bin"
"gamma_bin_7.50_1.36","vary_sd",1.36,-0.6,FALSE,67,0.670601402325688,0.718602286683245,0.0569514907755794,0.81,0.109384000671199,0.0480008843575567,"gamma_bin"
"gamma_bin_7.50_1.36","vary_sd",1.36,-0.6,FALSE,68,1.17253163081397,1.17485824705094,0.0690476031049486,0.97,0.138666120835323,0.00232661623696906,"gamma_bin"
"gamma_bin_7.50_1.36","vary_sd",1.36,-0.6,FALSE,69,1.09882955126721,1.06700278311461,0.0698472274798434,0.92,0.134195773638631,-0.0318267681526043,"gamma_bin"
"gamma_bin_7.50_1.36","vary_sd",1.36,-0.6,FALSE,70,0.864010024055233,0.858395210153874,0.0552812178097325,0.96,0.123881985961092,-0.00561481390135876,"gamma_bin"
"gamma_bin_7.50_1.36","vary_sd",1.36,-0.6,FALSE,71,0.715098113998147,0.735936711198285,0.0577444125822937,0.97,0.11800315944136,0.0208385972001381,"gamma_bin"
"gamma_bin_7.50_1.36","vary_sd",1.36,-0.6,FALSE,72,0.5778146754347,0.64602954881038,0.0625124711819073,0.75,0.11456868896133,0.0682148733756806,"gamma_bin"
"gamma_bin_7.50_1.36","vary_sd",1.36,-0.6,FALSE,73,0.968098548670386,1.12525956874202,0.0816613279830822,0.46,0.155264596887685,0.157161020071632,"gamma_bin"
"gamma_bin_7.50_1.36","vary_sd",1.36,-0.6,FALSE,74,0.655349167508219,0.71296944388553,0.0627292356725329,0.84,0.120477115492259,0.0576202763773114,"gamma_bin"
"gamma_bin_7.50_1.36","vary_sd",1.36,-0.6,FALSE,75,0.59977224361632,0.55550832143922,0.0607280316810807,0.82,0.100918176131078,-0.0442639221770995,"gamma_bin"
"gamma_bin_7.50_1.36","vary_sd",1.36,-0.6,FALSE,76,0.795810456805532,0.704152801766896,0.0603247492725202,0.67,0.111817755861869,-0.0916576550386357,"gamma_bin"
"gamma_bin_7.50_1.36","vary_sd",1.36,-0.6,FALSE,77,0.873668877519834,0.802499221432764,0.0630886405409291,0.76,0.124030505745387,-0.0711696560870697,"gamma_bin"
"gamma_bin_7.50_1.36","vary_sd",1.36,-0.6,FALSE,78,0.655524310026793,0.654909806835139,0.059773374371302,0.96,0.119397788582373,-0.000614503191654348,"gamma_bin"
"gamma_bin_7.50_1.36","vary_sd",1.36,-0.6,FALSE,79,0.810623636163075,0.833713574162558,0.0597370717998856,0.97,0.140596171703219,0.0230899379994834,"gamma_bin"
"gamma_bin_7.50_1.36","vary_sd",1.36,-0.6,FALSE,80,0.610456557383718,0.64545889236655,0.0640445500506021,0.91,0.12585659091643,0.035002334982832,"gamma_bin"
"gamma_bin_7.50_1.36","vary_sd",1.36,-0.6,FALSE,81,0.859858611274139,0.893311207035389,0.0813887124170649,0.92,0.15166928543559,0.0334525957612497,"gamma_bin"
"gamma_bin_7.50_1.36","vary_sd",1.36,-0.6,FALSE,82,0.71793472208637,0.750965073693194,0.0777580544240732,0.9,0.142174757378182,0.0330303516068237,"gamma_bin"
"gamma_bin_7.50_1.36","vary_sd",1.36,-0.6,FALSE,83,0.992203959261976,0.998569761505735,0.0847186219319709,0.94,0.164462765021893,0.00636580224375927,"gamma_bin"
"gamma_bin_7.50_1.36","vary_sd",1.36,-0.6,FALSE,84,1.12541562776308,1.12719202731802,0.0942001331409896,0.94,0.175372245547392,0.00177639955494113,"gamma_bin"
"gamma_bin_7.50_1.36","vary_sd",1.36,-0.6,FALSE,85,0.719081428835968,0.710421217358458,0.075404433848071,0.93,0.142008263578551,-0.00866021147750995,"gamma_bin"
"gamma_bin_7.50_1.36","vary_sd",1.36,-0.6,FALSE,86,0.84752493125734,0.89405998288088,0.0867272440743922,0.92,0.164097700473617,0.0465350516235403,"gamma_bin"
"gamma_bin_7.50_1.36","vary_sd",1.36,-0.6,FALSE,87,0.855021916180829,0.923515026414064,0.082255897646233,0.87,0.170640263975387,0.0684931102332353,"gamma_bin"
"gamma_bin_7.50_1.36","vary_sd",1.36,-0.6,FALSE,88,1.05231211723794,1.13726113946629,0.114685929179427,0.78,0.190637880749235,0.0849490222283491,"gamma_bin"
"gamma_bin_7.50_1.36","vary_sd",1.36,-0.6,FALSE,89,0.736245763604483,0.751979005480163,0.0715938000106169,0.95,0.153155334309907,0.0157332418756796,"gamma_bin"
"gamma_bin_7.50_1.36","vary_sd",1.36,-0.6,FALSE,90,0.910435800275709,0.879313667184357,0.0843090880808998,0.89,0.161807708665299,-0.0311221330913519,"gamma_bin"
"gamma_bin_7.50_1.36","vary_sd",1.36,-0.6,FALSE,91,0.875373992276142,0.836122686705262,0.0700351787916869,0.96,0.15728348287857,-0.0392513055708802,"gamma_bin"
"gamma_bin_7.50_1.36","vary_sd",1.36,-0.6,FALSE,92,1.13308580158326,1.10920263644078,0.0907721559221963,0.94,0.185740287869138,-0.0238831651424771,"gamma_bin"
"gamma_bin_7.50_1.36","vary_sd",1.36,-0.6,FALSE,93,0.779622317935819,0.790962478161135,0.0949776648139446,0.93,0.160678206824955,0.0113401602253156,"gamma_bin"
"gamma_bin_7.50_1.36","vary_sd",1.36,-0.6,FALSE,94,0.738590807925372,0.743342029548422,0.0719347927863434,0.99,0.156711912073471,0.00475122162304953,"gamma_bin"
"gamma_bin_7.50_1.36","vary_sd",1.36,-0.6,FALSE,95,0.736386067431423,0.749746141227298,0.0805572635075742,0.94,0.157999048143243,0.013360073795875,"gamma_bin"
"gamma_bin_7.50_1.36","vary_sd",1.36,-0.6,FALSE,96,0.940470991453404,0.980437946188328,0.0969892953451244,0.93,0.182990540118911,0.0399669547349245,"gamma_bin"
"gamma_bin_7.50_1.36","vary_sd",1.36,-0.6,FALSE,97,0.92681020267862,0.953158155952593,0.0847784476832124,0.96,0.181609989173551,0.0263479532739731,"gamma_bin"
"gamma_bin_7.50_1.36","vary_sd",1.36,-0.6,FALSE,98,0.805264800704658,0.767319201463939,0.0875748445209695,0.9,0.161613246916042,-0.0379455992407189,"gamma_bin"
"gamma_bin_7.50_1.36","vary_sd",1.36,-0.6,FALSE,99,0.96897608307621,0.927980816668897,0.0938388508139008,0.93,0.178152977737368,-0.0409952664073134,"gamma_bin"
"gamma_bin_7.50_1.36","vary_sd",1.36,-0.6,FALSE,100,0.483332995262756,0.4802990865779,0.0637020453312156,0.99,0.132032924153384,-0.00303390868485626,"gamma_bin"
"gamma_bin_7.50_1.36","vary_sd",1.36,-0.6,FALSE,101,0.66077716283239,0.69649267107654,0.0801807207445959,0.95,0.165240923995536,0.0357155082441502,"gamma_bin"
"gamma_bin_7.50_1.36","vary_sd",1.36,-0.6,FALSE,102,0.655745239910364,0.689634064705583,0.0863800101495598,0.96,0.166487137152358,0.0338888247952188,"gamma_bin"
"gamma_bin_7.50_1.36","vary_sd",1.36,-0.6,FALSE,103,1.19599908198214,1.18800318623581,0.101627561183407,0.97,0.216351618888546,-0.00799589574633308,"gamma_bin"
"gamma_bin_7.50_1.36","vary_sd",1.36,-0.6,FALSE,104,1.52020654998133,1.42199299583177,0.128215130958072,0.85,0.235525558193503,-0.0982135541495557,"gamma_bin"
"gamma_bin_7.50_1.36","vary_sd",1.36,-0.6,FALSE,105,1.10303826313934,1.02849935193392,0.124004994109087,0.86,0.20333166305586,-0.0745389112054173,"gamma_bin"
"gamma_bin_7.50_1.36","vary_sd",1.36,-0.6,FALSE,106,0.895258886773757,0.913671623301547,0.0962230596079009,0.95,0.200271186219609,0.0184127365277897,"gamma_bin"
"gamma_bin_7.50_1.36","vary_sd",1.36,-0.6,FALSE,107,0.603016892421566,0.698469550713001,0.0901738359113418,0.83,0.186127363825155,0.0954526582914353,"gamma_bin"
"gamma_bin_7.50_1.36","vary_sd",1.36,-0.6,FALSE,108,1.07762321196894,1.36007800739316,0.143801892300493,0.38,0.268023335723413,0.282454795424217,"gamma_bin"
"gamma_bin_7.50_1.36","vary_sd",1.36,-0.6,FALSE,109,1.67936751135944,1.96933538338262,0.156519463241424,0.53,0.308499674228335,0.28996787202318,"gamma_bin"
"gamma_bin_7.50_1.36","vary_sd",1.36,-0.6,FALSE,110,0.778512854791425,0.770805485958834,0.106308167341892,0.92,0.17648503496685,-0.00770736883259127,"gamma_bin"
"gamma_bin_7.50_1.36","vary_sd",1.36,-0.6,FALSE,111,0.992005341124613,0.857176215831708,0.0854945281413973,0.7,0.176553186041706,-0.134829125292905,"gamma_bin"
"gamma_bin_7.50_1.36","vary_sd",1.36,-0.6,FALSE,112,1.07688074493023,0.991796518158809,0.0991707167539986,0.87,0.192746194397837,-0.085084226771421,"gamma_bin"
"gamma_bin_7.50_1.36","vary_sd",1.36,-0.6,FALSE,113,0.702400819858529,0.741683842014052,0.0945983159111609,0.86,0.176697625706984,0.0392830221555226,"gamma_bin"
"gamma_bin_7.50_1.36","vary_sd",1.36,-0.6,FALSE,114,0.976066509197994,1.08336486339182,0.132694712945033,0.81,0.219872822764488,0.107298354193825,"gamma_bin"
"gamma_bin_7.50_1.36","vary_sd",1.36,-0.6,FALSE,115,1.23867756628513,1.27908758372436,0.116894988194689,0.95,0.2288492150514,0.0404100174392275,"gamma_bin"
"gamma_bin_7.50_1.36","vary_sd",1.36,-0.6,FALSE,116,1.16180338965973,1.07791823350417,0.116810944959801,0.8,0.201124533524934,-0.0838851561555591,"gamma_bin"
"gamma_bin_7.50_1.36","vary_sd",1.36,-0.6,FALSE,117,1.19462029108814,1.10614010997776,0.119044443948704,0.84,0.204865081364574,-0.0884801811103815,"gamma_bin"
"gamma_bin_7.50_1.36","vary_sd",1.36,-0.6,FALSE,118,1.16321995780671,1.16407501164095,0.117190460533236,0.94,0.216147956314226,0.000855053834236674,"gamma_bin"
"gamma_bin_7.50_1.36","vary_sd",1.36,-0.6,FALSE,119,1.07032628214879,1.12472079571215,0.135716292613536,0.88,0.2182476954431,0.0543945135633643,"gamma_bin"
"gamma_bin_7.50_1.36","vary_sd",1.36,-0.6,FALSE,120,0.877757633134012,0.96904266901891,0.10271850859136,0.84,0.204991801278462,0.0912850358848984,"gamma_bin"
"gamma_bin_7.50_1.36","vary_sd",1.36,-0.6,FALSE,121,1.36755731263547,1.46275571639833,0.129426113681243,0.87,0.245899241971588,0.0951984037628639,"gamma_bin"
"gamma_bin_7.50_1.36","vary_sd",1.36,-0.6,FALSE,122,0.835796444244159,0.846459905801249,0.10080869280316,0.91,0.179249305863509,0.0106634615570896,"gamma_bin"
"gamma_bin_7.50_1.36","vary_sd",1.36,-0.6,FALSE,123,1.26724551805682,1.22525127783338,0.104536759635977,0.95,0.209598187865199,-0.0419942402234383,"gamma_bin"
"gamma_bin_7.50_1.36","vary_sd",1.36,-0.6,FALSE,124,0.969129898643769,0.928888916387191,0.0886938593556305,0.94,0.180703422954272,-0.0402409822565784,"gamma_bin"
"gamma_bin_7.50_1.36","vary_sd",1.36,-0.6,FALSE,125,0.847338782890042,0.837565578582423,0.0910929434892924,0.93,0.172774700336541,-0.00977320430761874,"gamma_bin"
"gamma_bin_7.50_1.36","vary_sd",1.36,-0.6,FALSE,126,0.715564882412269,0.734397145022339,0.082315550617089,0.94,0.16431647857048,0.0188322626100704,"gamma_bin"
"gamma_bin_7.50_1.36","vary_sd",1.36,-0.6,FALSE,127,0.94782383341486,0.973291923851858,0.102875534113406,0.96,0.189536866543981,0.0254680904369978,"gamma_bin"
"gamma_bin_7.50_1.36","vary_sd",1.36,-0.6,FALSE,128,0.685081694959754,0.692232426212487,0.0764721245144128,0.95,0.158454166518694,0.0071507312527328,"gamma_bin"
"gamma_bin_7.50_1.36","vary_sd",1.36,-0.6,FALSE,129,0.940719567434955,0.906746918724468,0.0899371292850868,0.93,0.17935495746455,-0.0339726487104869,"gamma_bin"
"gamma_bin_7.50_1.36","vary_sd",1.36,-0.6,FALSE,130,0.882735861931285,0.82674460052929,0.0898450377978897,0.86,0.170853143944017,-0.0559912614019947,"gamma_bin"
"gamma_bin_7.50_1.36","vary_sd",1.36,-0.6,FALSE,131,0.908592867608554,0.878057926564743,0.08945539713424,0.95,0.179620872995985,-0.0305349410438108,"gamma_bin"
"gamma_bin_7.50_1.36","vary_sd",1.36,-0.6,FALSE,132,0.919571358645804,0.920375356642342,0.0829316241238719,0.98,0.190948662775264,0.000803997996537964,"gamma_bin"
"gamma_bin_7.50_1.36","vary_sd",1.36,-0.6,FALSE,133,0.772870216905444,0.783381582319297,0.0832967420635671,0.97,0.181882646313109,0.0105113654138532,"gamma_bin"
"gamma_bin_7.50_1.36","vary_sd",1.36,-0.6,FALSE,134,0.850110615604727,0.912909924902142,0.101045440934072,0.93,0.199495303665116,0.0627993092974154,"gamma_bin"
"gamma_bin_7.50_1.36","vary_sd",1.36,-0.6,FALSE,135,0.784750966748685,0.832949718270067,0.104074754911392,0.92,0.191126458002158,0.0481987515213819,"gamma_bin"
"gamma_bin_7.50_1.36","vary_sd",1.36,-0.6,FALSE,136,0.974669466757976,0.987730679286252,0.118074365569147,0.9,0.206799249263586,0.0130612125282762,"gamma_bin"
"gamma_bin_7.50_1.36","vary_sd",1.36,-0.6,FALSE,137,0.984151011066472,0.970454861303366,0.104610371042953,0.93,0.204041863780353,-0.0136961497631064,"gamma_bin"
"gamma_bin_7.50_1.36","vary_sd",1.36,-0.6,FALSE,138,1.1907508581573,1.13836329674812,0.118155493466756,0.92,0.221478143483263,-0.0523875614091784,"gamma_bin"
"gamma_bin_7.50_1.36","vary_sd",1.36,-0.6,FALSE,139,1.38368582408824,1.3755475814935,0.125511737292331,0.95,0.248014853330044,-0.00813824259473628,"gamma_bin"
"gamma_bin_7.50_1.36","vary_sd",1.36,-0.6,FALSE,140,0.815817246340058,0.845428430691451,0.111002327881049,0.94,0.199316310554901,0.0296111843513926,"gamma_bin"
"gamma_bin_7.50_1.36","vary_sd",1.36,-0.6,FALSE,141,0.948708845408202,1.03370609965109,0.110891763724235,0.93,0.224690711441965,0.084997254242885,"gamma_bin"
"gamma_bin_7.50_1.36","vary_sd",1.36,-0.6,FALSE,142,0.887913521021147,0.988074250805948,0.105672835681723,0.89,0.219541555462553,0.100160729784801,"gamma_bin"
"gamma_bin_7.50_1.36","vary_sd",1.36,-0.6,FALSE,143,1.33195215209727,1.44445275182048,0.141628037411875,0.83,0.260007516447122,0.11250059972321,"gamma_bin"
"gamma_bin_7.50_1.36","vary_sd",1.36,-0.6,FALSE,144,1.33130915175386,1.32344840360286,0.127820913198751,0.96,0.240308372777708,-0.00786074815099536,"gamma_bin"
"gamma_bin_7.50_1.36","vary_sd",1.36,-0.6,FALSE,145,1.36040954450305,1.27948231327701,0.10791853186294,0.91,0.22843034111709,-0.0809272312260416,"gamma_bin"
"gamma_bin_7.50_1.36","vary_sd",1.36,-0.6,FALSE,146,1.03071516120352,0.970963563457844,0.0946533501281572,0.9,0.198120856779341,-0.0597515977456755,"gamma_bin"
"gamma_bin_7.50_1.36","vary_sd",1.36,-0.6,FALSE,147,1.01542687773298,1.04114212294522,0.107261043923924,0.96,0.211073890315479,0.0257152452122382,"gamma_bin"
"gamma_bin_7.50_1.36","vary_sd",1.36,-0.6,FALSE,148,0.918038272830281,1.01608335120446,0.108575109820193,0.85,0.213696741910972,0.0980450783741839,"gamma_bin"
"gamma_bin_7.50_1.36","vary_sd",1.36,-0.6,FALSE,149,0.795403147880171,0.871110968156595,0.108145609764354,0.86,0.193706053851949,0.0757078202764242,"gamma_bin"
"gamma_bin_7.50_1.36","vary_sd",1.36,-0.6,FALSE,150,0.947076494147123,0.936722276211395,0.105137521255147,0.91,0.190678777637472,-0.0103542179357277,"gamma_bin"
"gamma_bin_7.50_1.36","vary_sd",1.36,-0.6,FALSE,151,0.838902415667924,0.773374806550466,0.085824016000839,0.85,0.166368868336942,-0.0655276091174581,"gamma_bin"
"gamma_bin_7.50_1.36","vary_sd",1.36,-0.6,FALSE,152,1.10280245382765,1.00047400568478,0.0897968031719951,0.85,0.188233589102577,-0.10232844814287,"gamma_bin"
"gamma_bin_7.50_1.36","vary_sd",1.36,-0.6,FALSE,153,1.09815440539428,1.00297230815742,0.0893585472694548,0.87,0.193094563390674,-0.0951820972368578,"gamma_bin"
"gamma_bin_7.50_1.36","vary_sd",1.36,-0.6,FALSE,154,0.933699509626363,0.898792370967765,0.110496751153156,0.91,0.189503303715381,-0.0349071386585983,"gamma_bin"
"gamma_bin_7.50_1.36","vary_sd",1.36,-0.6,FALSE,155,0.677259462566555,0.702057540256542,0.0838525325656808,0.96,0.173061628069561,0.0247980776899874,"gamma_bin"
"gamma_bin_7.50_1.36","vary_sd",1.36,-0.6,FALSE,156,0.794318325784725,0.870641698098569,0.103287710625801,0.91,0.19654814864158,0.0763233723138436,"gamma_bin"
"gamma_bin_7.50_1.36","vary_sd",1.36,-0.6,FALSE,157,0.863129045133472,0.932500823095448,0.105882251218389,0.89,0.203200773458271,0.0693717779619757,"gamma_bin"
"gamma_bin_7.50_1.36","vary_sd",1.36,-0.6,FALSE,158,1.2121292060572,1.22588584386979,0.133361099256924,0.93,0.228367925788857,0.0137566378125886,"gamma_bin"
"gamma_bin_7.50_1.36","vary_sd",1.36,-0.6,FALSE,159,1.02410099479473,0.95883094403828,0.10242158563622,0.92,0.197192802930629,-0.0652700507564495,"gamma_bin"
"gamma_bin_7.50_1.36","vary_sd",1.36,-0.6,FALSE,160,0.905625417711481,0.835858924687421,0.0944158885462219,0.91,0.184028123661453,-0.0697664930240601,"gamma_bin"
"gamma_bin_7.50_1.36","vary_sd",1.36,-0.6,FALSE,161,0.911623484707899,0.924379767622188,0.105717300294409,0.91,0.20042028753106,0.0127562829142888,"gamma_bin"
"gamma_bin_7.50_1.36","vary_sd",1.36,-0.6,FALSE,162,0.854314364398061,0.930757330670041,0.100576649548493,0.93,0.210582916271358,0.0764429662719799,"gamma_bin"
"gamma_bin_7.50_1.36","vary_sd",1.36,-0.6,FALSE,163,0.939538506142908,1.05705428570138,0.119714243082057,0.8,0.227655367152722,0.117515779558476,"gamma_bin"
"gamma_bin_7.50_1.36","vary_sd",1.36,-0.6,FALSE,164,0.804264811038419,0.852799710464166,0.108350614361403,0.91,0.198762206408647,0.0485348994257468,"gamma_bin"
"gamma_bin_7.50_1.36","vary_sd",1.36,-0.6,FALSE,165,1.00142358506205,0.964062724585152,0.102029965148392,0.93,0.20415165648483,-0.0373608604768982,"gamma_bin"
"gamma_bin_7.50_1.36","vary_sd",1.36,-0.6,FALSE,166,1.22258511650756,1.1638742232226,0.0983881251005816,0.94,0.22328176787842,-0.0587108932849585,"gamma_bin"
"gamma_bin_7.50_1.36","vary_sd",1.36,-0.6,FALSE,167,0.797785743145654,0.775520142182561,0.0960865602155581,0.95,0.185794278210536,-0.0222656009630929,"gamma_bin"
"gamma_bin_7.50_1.36","vary_sd",1.36,-0.6,FALSE,168,1.1498418409574,1.16933994975182,0.122273668677375,0.91,0.233703481135587,0.0194981087944199,"gamma_bin"
"gamma_bin_7.50_1.36","vary_sd",1.36,-0.6,FALSE,169,0.760349335694062,0.774284987850699,0.102123696500785,0.92,0.193423548107566,0.0139356521566366,"gamma_bin"
"gamma_bin_7.50_1.36","vary_sd",1.36,-0.6,FALSE,170,1.37423882796411,1.4582039767932,0.127229511146019,0.92,0.26739303183586,0.0839651488290951,"gamma_bin"
"gamma_bin_7.50_1.36","vary_sd",1.36,-0.6,FALSE,171,0.879916177740953,0.921827751823687,0.113819653019029,0.94,0.211464017148258,0.0419115740827337,"gamma_bin"
"gamma_bin_7.50_1.36","vary_sd",1.36,-0.6,FALSE,172,1.40469809778524,1.40637807138737,0.122538666054189,0.97,0.255676593103231,0.00167997360213357,"gamma_bin"
"gamma_bin_7.50_1.36","vary_sd",1.36,-0.6,FALSE,173,0.919193657171105,0.906817058180041,0.0917697574823162,0.97,0.202532998469823,-0.0123765989910641,"gamma_bin"
"gamma_bin_7.50_1.36","vary_sd",1.36,-0.6,FALSE,174,0.923156528563282,0.94578319592586,0.115166863003504,0.93,0.207750474042432,0.0226266673625782,"gamma_bin"
"gamma_bin_7.50_1.36","vary_sd",1.36,-0.6,FALSE,175,1.03837120055872,1.07226159617226,0.132726807372198,0.88,0.222939723245304,0.0338903956135361,"gamma_bin"
"gamma_bin_7.50_1.36","vary_sd",1.36,-0.6,FALSE,176,0.998550191051843,1.04017386175781,0.122790545253816,0.92,0.218366414886828,0.0416236707059684,"gamma_bin"
"gamma_bin_7.50_1.36","vary_sd",1.36,-0.6,FALSE,177,1.0672490953256,1.0641924051135,0.111382021196576,0.95,0.216665126028788,-0.00305669021210009,"gamma_bin"
"gamma_bin_7.50_1.36","vary_sd",1.36,-0.6,FALSE,178,0.796488943635566,0.758763499952515,0.0935173241968839,0.93,0.179401679296604,-0.0377254436830509,"gamma_bin"
"gamma_bin_7.50_1.36","vary_sd",1.36,-0.6,FALSE,179,1.19853631620291,1.14129930725616,0.114319113283119,0.92,0.218892549156424,-0.0572370089467549,"gamma_bin"
"gamma_bin_7.50_1.36","vary_sd",1.36,-0.6,FALSE,180,1.18742234445089,1.1755952668091,0.114789128389147,0.95,0.225447084114881,-0.0118270776417939,"gamma_bin"
"gamma_bin_7.50_1.36","vary_sd",1.36,-0.6,FALSE,181,1.49419822100474,1.51843934688391,0.138579553351532,0.94,0.260696404622263,0.0242411258791708,"gamma_bin"
"gamma_bin_7.50_1.36","vary_sd",1.36,-0.6,FALSE,182,1.51569971274724,1.54220859323454,0.146351511437894,0.94,0.263548127133856,0.0265088804873022,"gamma_bin"
"gamma_bin_7.50_1.36","vary_sd",1.36,-0.6,FALSE,183,0.993078083144793,1.03220633236869,0.118874653199687,0.92,0.214803344615156,0.039128249223898,"gamma_bin"
"gamma_bin_7.50_1.36","vary_sd",1.36,-0.6,FALSE,184,0.900895179433443,0.999895816930179,0.108012045300836,0.84,0.211813932314213,0.0990006374967358,"gamma_bin"
"gamma_bin_7.50_1.36","vary_sd",1.36,-0.6,FALSE,185,0.823216514722493,0.908133958385684,0.0939428083476904,0.86,0.200271972910417,0.084917443663191,"gamma_bin"
"gamma_bin_7.50_1.36","vary_sd",1.36,-0.6,FALSE,186,1.22622352517845,1.30989180503913,0.117077168395316,0.91,0.232484869068135,0.0836682798606798,"gamma_bin"
"gamma_bin_7.50_1.36","vary_sd",1.36,-0.6,FALSE,187,0.917485344129662,0.884859641557866,0.0928141178800012,0.96,0.181081861554815,-0.0326257025717958,"gamma_bin"
"gamma_bin_7.50_1.36","vary_sd",1.36,-0.6,FALSE,188,1.14600718978611,1.02361388858652,0.0975487746672835,0.75,0.186608936211674,-0.122393301199587,"gamma_bin"
"gamma_bin_7.50_1.36","vary_sd",1.36,-0.6,FALSE,189,1.15017955401154,0.997002401235801,0.0977241141101802,0.62,0.183665320609596,-0.153177152775739,"gamma_bin"
"gamma_bin_7.50_1.36","vary_sd",1.36,-0.6,FALSE,190,1.13787761403339,1.06681728959032,0.110336681150054,0.89,0.197356913408473,-0.0710603244430663,"gamma_bin"
"gamma_bin_7.50_1.36","vary_sd",1.36,-0.6,FALSE,191,1.77820774658985,1.86182870983155,0.144716217881895,0.92,0.272957947828912,0.0836209632416964,"gamma_bin"
"gamma_bin_7.50_1.36","vary_sd",1.36,-0.6,FALSE,192,1.12621869533816,1.22570428243382,0.12187376601267,0.82,0.223828030689591,0.0994855870956599,"gamma_bin"
"gamma_bin_7.50_1.36","vary_sd",1.36,-0.6,FALSE,193,1.63142687231341,1.73501981028516,0.125959729367411,0.89,0.261214855333941,0.103592937971754,"gamma_bin"
"gamma_bin_7.50_1.36","vary_sd",1.36,-0.6,FALSE,194,1.9613208229511,2.09618264467424,0.164187008481548,0.77,0.280493432000901,0.134861821723142,"gamma_bin"
"gamma_bin_7.50_1.36","vary_sd",1.36,-0.6,FALSE,195,1.62644217295684,1.74420729039314,0.157327676202321,0.79,0.250285483793493,0.1177651174363,"gamma_bin"
"gamma_bin_7.50_1.36","vary_sd",1.36,-0.6,FALSE,196,1.22114876712024,1.30407085065115,0.108144688703704,0.88,0.21026746203529,0.0829220835309126,"gamma_bin"
"gamma_bin_7.50_1.36","vary_sd",1.36,-0.6,FALSE,197,1.08512340553335,1.17095751935206,0.10158983139372,0.85,0.190821391171941,0.0858341138187062,"gamma_bin"
"gamma_bin_7.50_1.36","vary_sd",1.36,-0.6,FALSE,198,1.22271087570671,1.27966725873813,0.0978704843450876,0.91,0.191085377729521,0.0569563830314159,"gamma_bin"
"gamma_bin_7.50_1.36","vary_sd",1.36,-0.6,FALSE,199,1.2960340351298,1.33768091785964,0.104192186529333,0.92,0.187928968861309,0.0416468827298409,"gamma_bin"
"gamma_bin_7.50_1.36","vary_sd",1.36,-0.6,FALSE,200,1.66920711624072,1.60699911799318,0.105947840400025,0.91,0.195980838064896,-0.0622079982475428,"gamma_bin"
"gamma_bin_7.50_1.36","vary_sd",1.36,-0.6,FALSE,201,1.16940768861372,1.05185834023431,0.0757132992059084,0.72,0.152013370621894,-0.117549348379407,"gamma_bin"
"gamma_bin_7.50_1.36","vary_sd",1.36,-0.6,FALSE,202,1.0787760344722,1.01207134939211,0.07918764153935,0.83,0.14841423449407,-0.0667046850800945,"gamma_bin"
"gamma_bin_7.50_1.36","vary_sd",1.36,-0.6,FALSE,203,0.894614924502778,0.89660459965226,0.0742820268982102,0.96,0.143156817748424,0.00198967514948223,"gamma_bin"
"gamma_bin_7.50_1.36","vary_sd",1.36,-0.6,FALSE,204,0.818936942727194,0.88417595541449,0.0654496968750986,0.89,0.144258437253682,0.0652390126872964,"gamma_bin"
"gamma_bin_7.50_1.36","vary_sd",1.36,-0.6,FALSE,205,0.966688195947552,1.0206706078945,0.0890920170349892,0.89,0.15134097785671,0.0539824119469525,"gamma_bin"
"gamma_bin_7.50_1.36","vary_sd",1.36,-0.6,FALSE,206,0.735602657677609,0.701521130713642,0.059519247329762,0.93,0.11938552859957,-0.034081526963967,"gamma_bin"
"gamma_bin_7.50_1.36","vary_sd",1.36,-0.6,FALSE,207,0.854906249805799,0.762710390921338,0.0672249318751999,0.66,0.120342145312231,-0.0921958588844612,"gamma_bin"
"gamma_bin_7.50_1.36","vary_sd",1.36,-0.6,FALSE,208,1.18360616945073,1.04720937396981,0.0740270001800487,0.53,0.142126136165229,-0.136396795480917,"gamma_bin"
"gamma_bin_7.50_1.36","vary_sd",1.36,-0.6,FALSE,209,1.4602885501346,1.35273178491761,0.0882205569954334,0.69,0.167739264220426,-0.10755676521699,"gamma_bin"
"gamma_bin_7.50_1.36","vary_sd",1.36,-0.6,FALSE,210,0.828346816490767,0.825182325234416,0.0772532004915082,0.93,0.136919949749645,-0.00316449125635121,"gamma_bin"
"gamma_bin_7.50_1.36","vary_sd",1.36,-0.6,FALSE,211,0.945514704257119,0.999152613086839,0.0710048694148778,0.91,0.155052111384594,0.0536379088297197,"gamma_bin"
"gamma_bin_7.50_1.36","vary_sd",1.36,-0.6,FALSE,212,0.790503634328223,0.879347332972515,0.0817832441727507,0.7,0.147440593250112,0.0888436986442915,"gamma_bin"
"gamma_bin_7.50_1.36","vary_sd",1.36,-0.6,FALSE,213,1.43200091428725,1.61179613339908,0.099040693741434,0.61,0.199814928953878,0.179795219111834,"gamma_bin"
"gamma_bin_7.50_1.36","vary_sd",1.36,-0.6,FALSE,214,1.11427471246835,1.16326596338689,0.0758007607931584,0.94,0.164340161743737,0.0489912509185393,"gamma_bin"
"gamma_bin_7.50_1.36","vary_sd",1.36,-0.6,FALSE,215,1.11570572194133,1.07981794491053,0.0830093374457941,0.89,0.150341351807912,-0.0358877770308026,"gamma_bin"
"gamma_bin_7.50_1.36","vary_sd",1.36,-0.6,FALSE,216,1.45325455274622,1.33945072122803,0.0842948123444225,0.71,0.164055086648775,-0.113803831518188,"gamma_bin"
"gamma_bin_7.50_1.36","vary_sd",1.36,-0.6,FALSE,217,1.1420513438864,1.11127014672294,0.0888462619177677,0.9,0.153279399534186,-0.0307811971634584,"gamma_bin"
"gamma_bin_7.50_1.36","vary_sd",1.36,-0.6,FALSE,218,0.657956194341687,0.719490523263265,0.0724089344175146,0.77,0.127391552800405,0.0615343289215782,"gamma_bin"
"gamma_bin_7.50_1.36","vary_sd",1.36,-0.6,FALSE,219,1.37055796530381,1.49993306737401,0.0951206075261243,0.69,0.182206024689306,0.129375102070199,"gamma_bin"
"gamma_bin_7.50_1.36","vary_sd",1.36,-0.6,FALSE,220,1.1217671045533,1.15995673344581,0.0903319418977488,0.88,0.15394688629643,0.0381896288925101,"gamma_bin"
"gamma_bin_7.50_1.36","vary_sd",1.36,-0.6,FALSE,221,1.82148085595811,1.78487031111576,0.0908404475413568,0.95,0.184962283981382,-0.0366105448423464,"gamma_bin"
"gamma_bin_7.50_1.36","vary_sd",1.36,-0.6,FALSE,222,1.47820728190538,1.39968118942084,0.0828973581799372,0.83,0.160201413465311,-0.0785260924845448,"gamma_bin"
"gamma_bin_7.50_1.36","vary_sd",1.36,-0.6,FALSE,223,1.22912323671868,1.18330370167086,0.0788366873805015,0.89,0.146329228620427,-0.0458195350478188,"gamma_bin"
"gamma_bin_7.50_1.36","vary_sd",1.36,-0.6,FALSE,224,1.39166921706407,1.45963087111387,0.0859356582935055,0.88,0.166027052892517,0.0679616540498045,"gamma_bin"
"gamma_bin_7.50_1.36","vary_sd",1.36,-0.6,FALSE,225,1.02692395020016,1.1767092285675,0.0756936809478623,0.47,0.150966662414788,0.149785278367336,"gamma_bin"
"gamma_bin_7.50_1.36","vary_sd",1.36,-0.6,FALSE,226,0.944469227223,1.05883610326069,0.0747805347034178,0.59,0.13829357411212,0.114366876037694,"gamma_bin"
"gamma_bin_7.50_1.36","vary_sd",1.36,-0.6,FALSE,227,0.882935394281871,0.888208785598455,0.0620824277496152,0.95,0.118361153747181,0.00527339131658444,"gamma_bin"
"gamma_bin_7.50_1.36","vary_sd",1.36,-0.6,FALSE,228,1.25451332375843,1.16859039859207,0.0606405080196723,0.77,0.128104476932419,-0.0859229251663554,"gamma_bin"
"gamma_bin_7.50_1.36","vary_sd",1.36,-0.6,FALSE,229,1.46482234027448,1.31143907845085,0.0651891338958221,0.46,0.132896594636154,-0.153383261823631,"gamma_bin"
"gamma_bin_7.50_1.36","vary_sd",1.36,-0.6,FALSE,230,1.51066180760486,1.36721444151005,0.0796534021835074,0.48,0.136618297405226,-0.143447366094808,"gamma_bin"
"gamma_bin_7.50_1.36","vary_sd",1.36,-0.6,FALSE,231,1.76123960010775,1.66186381349062,0.0834119940413967,0.74,0.153673855841989,-0.0993757866171299,"gamma_bin"
"gamma_bin_7.50_1.36","vary_sd",1.36,-0.6,FALSE,232,1.40610248726795,1.46418012818167,0.0726014886699862,0.9,0.148481667127699,0.0580776409137238,"gamma_bin"
"gamma_bin_7.50_1.36","vary_sd",1.36,-0.6,FALSE,233,1.50839208568838,1.74962823872932,0.0768162159571231,0.13,0.16587382291759,0.241236153040937,"gamma_bin"
"gamma_bin_7.50_1.36","vary_sd",1.36,-0.6,FALSE,234,2.14809922234943,2.55276568153856,0.0972155807101796,0.02,0.196523702561326,0.404666459189126,"gamma_bin"
"gamma_bin_7.50_1.36","vary_sd",1.36,-0.6,FALSE,235,1.77316147702833,1.9781076125747,0.0910081596742583,0.24,0.162566080636096,0.204946135546368,"gamma_bin"
"gamma_bin_7.50_1.36","vary_sd",1.36,-0.6,FALSE,236,1.73482506410384,1.80675962690045,0.0803247605761663,0.83,0.144705466964784,0.0719345627966097,"gamma_bin"
"gamma_bin_7.50_1.36","vary_sd",1.36,-0.6,FALSE,237,1.62267353351007,1.63324356590199,0.0835500520742741,0.9,0.130164299569406,0.0105700323919222,"gamma_bin"
"gamma_bin_7.50_1.36","vary_sd",1.36,-0.6,FALSE,238,1.18124992154851,1.21435084497155,0.05847000535254,0.87,0.108655636035895,0.0331009234230397,"gamma_bin"
"gamma_bin_7.50_1.36","vary_sd",1.36,-0.6,FALSE,239,1.18465305674865,1.25934541927452,0.0625972959139918,0.66,0.107679841661099,0.0746923625258704,"gamma_bin"
"gamma_bin_7.50_1.36","vary_sd",1.36,-0.6,FALSE,240,1.4168407618799,1.4653013668869,0.0597594502756335,0.87,0.110579949046533,0.048460605006998,"gamma_bin"
"gamma_bin_7.50_1.36","vary_sd",1.36,-0.6,FALSE,241,1.25636383468336,1.20180819198693,0.0474318942017125,0.79,0.0944266439842699,-0.0545556426964258,"gamma_bin"
"gamma_bin_7.50_1.36","vary_sd",1.36,-0.6,FALSE,242,1.12127216596798,1.02965577942331,0.0461035691070836,0.44,0.0839788436723484,-0.0916163865446691,"gamma_bin"
"gamma_bin_7.50_1.36","vary_sd",1.36,-0.6,FALSE,243,1.35468577162437,1.24382301419695,0.0459820530305415,0.39,0.090906319633198,-0.110862757427424,"gamma_bin"
"gamma_bin_7.50_1.36","vary_sd",1.36,-0.6,FALSE,244,1.01073025572083,0.98186064373754,0.043845812809668,0.87,0.0813684497404782,-0.0288696119832901,"gamma_bin"
"gamma_bin_7.50_1.36","vary_sd",1.36,-0.6,FALSE,245,1.09869262296579,1.12220489924263,0.0436627322420297,0.96,0.088109123914774,0.023512276276838,"gamma_bin"
"gamma_bin_7.50_1.36","vary_sd",1.36,-0.6,FALSE,246,1.01867243248783,1.04915874377334,0.043922508462316,0.85,0.0846251785325308,0.0304863112855134,"gamma_bin"
"gamma_bin_7.50_1.36","vary_sd",1.36,-0.6,FALSE,247,0.933300548697082,0.946943019449203,0.0401200545805889,0.96,0.078629467068074,0.0136424707521212,"gamma_bin"
"gamma_bin_7.50_1.36","vary_sd",1.36,-0.6,FALSE,248,1.07521131224965,1.05066846219314,0.0414549977760603,0.91,0.0813808635306384,-0.0245428500565139,"gamma_bin"
"gamma_bin_7.50_1.36","vary_sd",1.36,-0.6,FALSE,249,1.30368079751671,1.25926572691088,0.0430737038870465,0.83,0.0881565053711706,-0.0444150706058257,"gamma_bin"
"gamma_bin_7.50_1.36","vary_sd",1.36,-0.6,FALSE,250,1.41725036624756,1.36069201776462,0.0490578598087762,0.73,0.0913101115589797,-0.0565583484829406,"gamma_bin"
"gamma_bin_7.50_1.36","vary_sd",1.36,-0.6,FALSE,251,1.14473843834061,1.11705260799748,0.0432355868156501,0.89,0.0832074861481659,-0.0276858303431349,"gamma_bin"
"gamma_bin_7.50_1.36","vary_sd",1.36,-0.6,FALSE,252,1.28957905264017,1.31115629992985,0.0506852556612369,0.9,0.0909821896249663,0.0215772472896845,"gamma_bin"
"gamma_bin_7.50_1.36","vary_sd",1.36,-0.6,FALSE,253,1.41164181175606,1.50704940980513,0.0496646075807405,0.44,0.0983549423663624,0.0954075980490718,"gamma_bin"
"gamma_bin_7.50_2.04","vary_sd",2.04,-0.4,FALSE,1,4.64176734711438,9.28287303138547,0.446155120088842,0,0.846457472360445,4.64110568427109,"gamma_bin"
"gamma_bin_7.50_2.04","vary_sd",2.04,-0.4,FALSE,2,5.74184883880713,9.41285117066515,0.303604537634137,0,0.612752107831613,3.67100233185802,"gamma_bin"
"gamma_bin_7.50_2.04","vary_sd",2.04,-0.4,FALSE,3,3.25033439563944,4.41817856676181,0.142840361326151,0,0.318268235415775,1.16784417112237,"gamma_bin"
"gamma_bin_7.50_2.04","vary_sd",2.04,-0.4,FALSE,4,6.73935287829888,7.95408742146412,0.193968269790557,0,0.344103095423533,1.21473454316524,"gamma_bin"
"gamma_bin_7.50_2.04","vary_sd",2.04,-0.4,FALSE,5,2.43636854796088,2.6306052832708,0.096037067030855,0.36,0.168040159836483,0.194236735309919,"gamma_bin"
"gamma_bin_7.50_2.04","vary_sd",2.04,-0.4,FALSE,6,1.74494772539268,1.87212579659131,0.0650477004066526,0.43,0.125482379215628,0.127178071198627,"gamma_bin"
"gamma_bin_7.50_2.04","vary_sd",2.04,-0.4,FALSE,7,2.62517926045569,2.89896676647281,0.0756908278005638,0.04,0.141431331611323,0.27378750601712,"gamma_bin"
"gamma_bin_7.50_2.04","vary_sd",2.04,-0.4,FALSE,8,1.22911307977452,1.33685357839965,0.050401858676808,0.36,0.0869338373800576,0.107740498625133,"gamma_bin"
"gamma_bin_7.50_2.04","vary_sd",2.04,-0.4,FALSE,9,2.39904651254038,2.41868168458651,0.0572967153708791,0.89,0.105683831116655,0.0196351720461263,"gamma_bin"
"gamma_bin_7.50_2.04","vary_sd",2.04,-0.4,FALSE,10,1.19484574307971,1.13704355630668,0.0333739599749868,0.61,0.0668707978755714,-0.0578021867730263,"gamma_bin"
"gamma_bin_7.50_2.04","vary_sd",2.04,-0.4,FALSE,11,1.32897619591253,1.25292520284635,0.0353718515621282,0.38,0.0667951524513595,-0.0760509930661841,"gamma_bin"
"gamma_bin_7.50_2.04","vary_sd",2.04,-0.4,FALSE,12,1.45959821408832,1.4043630723285,0.035203811695444,0.64,0.0687338658495397,-0.0552351417598196,"gamma_bin"
"gamma_bin_7.50_2.04","vary_sd",2.04,-0.4,FALSE,13,1.71530804750948,1.68058972935747,0.0398557273187717,0.85,0.0735155394734787,-0.0347183181520117,"gamma_bin"
"gamma_bin_7.50_2.04","vary_sd",2.04,-0.4,FALSE,14,1.05182866123244,1.03106019320347,0.0297693515653852,0.92,0.0561879066307439,-0.0207684680289653,"gamma_bin"
"gamma_bin_7.50_2.04","vary_sd",2.04,-0.4,FALSE,15,1.02510010675531,1.00397370842525,0.0246786575312531,0.93,0.0542133175900485,-0.0211263983300589,"gamma_bin"
"gamma_bin_7.50_2.04","vary_sd",2.04,-0.4,FALSE,16,1.25252014867933,1.24409317780666,0.0314416166774814,0.94,0.0592817041680989,-0.00842697087266586,"gamma_bin"
"gamma_bin_7.50_2.04","vary_sd",2.04,-0.4,FALSE,17,1.21525733695915,1.20809830829562,0.0295836486876134,0.96,0.0573522104839342,-0.00715902866352836,"gamma_bin"
"gamma_bin_7.50_2.04","vary_sd",2.04,-0.4,FALSE,18,0.979230198394809,0.955096658531733,0.0258154535290255,0.82,0.04996518922895,-0.0241335398630763,"gamma_bin"
"gamma_bin_7.50_2.04","vary_sd",2.04,-0.4,FALSE,19,1.02544833790337,0.999208187979917,0.0232906953535841,0.83,0.0503580499242602,-0.0262401499234532,"gamma_bin"
"gamma_bin_7.50_2.04","vary_sd",2.04,-0.4,FALSE,20,1.03933643277786,1.01660055027015,0.0228256444519599,0.93,0.050526611032403,-0.0227358825077133,"gamma_bin"
"gamma_bin_7.50_2.04","vary_sd",2.04,-0.4,FALSE,21,1.31704644033967,1.29986201366418,0.0260966223766011,0.96,0.0570653774753918,-0.0171844266754901,"gamma_bin"
"gamma_bin_7.50_2.04","vary_sd",2.04,-0.4,FALSE,22,1.01626238281987,1.00118160882731,0.0239126942354615,0.93,0.0499868420990882,-0.0150807739925616,"gamma_bin"
"gamma_bin_7.50_2.04","vary_sd",2.04,-0.4,FALSE,23,0.750219977978433,0.746019387590864,0.0241379411997334,0.9,0.0430729781980727,-0.00420059038756859,"gamma_bin"
"gamma_bin_7.50_2.04","vary_sd",2.04,-0.4,FALSE,24,0.68680573053247,0.689604856882925,0.0208899142660985,0.95,0.0413842930015488,0.00279912635045498,"gamma_bin"
"gamma_bin_7.50_2.04","vary_sd",2.04,-0.4,FALSE,25,1.09137562864791,1.09773518552334,0.0249673404929413,0.97,0.0520357402587703,0.00635955687542711,"gamma_bin"
"gamma_bin_7.50_2.04","vary_sd",2.04,-0.4,FALSE,26,0.741057834922739,0.727797522732834,0.0200669889501555,0.92,0.0420448745788384,-0.0132603121899052,"gamma_bin"
"gamma_bin_7.50_2.04","vary_sd",2.04,-0.4,FALSE,27,0.768534353981288,0.736052260934584,0.0191365389576789,0.69,0.0421160537299475,-0.0324820930467039,"gamma_bin"
"gamma_bin_7.50_2.04","vary_sd",2.04,-0.4,FALSE,28,0.752768210408917,0.719065331881472,0.0214671179991886,0.65,0.0420133504290302,-0.0337028785274445,"gamma_bin"
"gamma_bin_7.50_2.04","vary_sd",2.04,-0.4,FALSE,29,0.700189279957523,0.681998768348904,0.019969053499619,0.85,0.041777031386759,-0.0181905116086187,"gamma_bin"
"gamma_bin_7.50_2.04","vary_sd",2.04,-0.4,FALSE,30,0.555240242382622,0.552836728556061,0.0208442172441324,0.92,0.0384711797019624,-0.00240351382656068,"gamma_bin"
"gamma_bin_7.50_2.04","vary_sd",2.04,-0.4,FALSE,31,0.584450640057208,0.576757341067614,0.0178522120924358,0.95,0.0400663870535375,-0.00769329898959359,"gamma_bin"
"gamma_bin_7.50_2.04","vary_sd",2.04,-0.4,FALSE,32,0.680297862250013,0.666440738940375,0.0220585361404574,0.9,0.0438835685867921,-0.013857123309638,"gamma_bin"
"gamma_bin_7.50_2.04","vary_sd",2.04,-0.4,FALSE,33,0.95896579009836,0.935049460304361,0.0285060674935166,0.84,0.0531394709472048,-0.0239163297939994,"gamma_bin"
"gamma_bin_7.50_2.04","vary_sd",2.04,-0.4,FALSE,34,1.26713544933213,1.2372588263575,0.0307166116372898,0.87,0.0628835737915442,-0.0298766229746292,"gamma_bin"
"gamma_bin_7.50_2.04","vary_sd",2.04,-0.4,FALSE,35,1.32835487275134,1.31479072274911,0.0313805523469822,0.96,0.0671805281105118,-0.0135641500022303,"gamma_bin"
"gamma_bin_7.50_2.04","vary_sd",2.04,-0.4,FALSE,36,0.820532179912435,0.852787871831421,0.0284595143399035,0.82,0.0562223455570318,0.032255691918986,"gamma_bin"
"gamma_bin_7.50_2.04","vary_sd",2.04,-0.4,FALSE,37,0.605066948223753,0.670065596988422,0.025244152828115,0.32,0.0512387527922852,0.0649986487646695,"gamma_bin"
"gamma_bin_7.50_2.04","vary_sd",2.04,-0.4,FALSE,38,0.480613317476216,0.543364501035197,0.0275229717135069,0.26,0.046168969133191,0.0627511835589813,"gamma_bin"
"gamma_bin_7.50_2.04","vary_sd",2.04,-0.4,FALSE,39,0.729684595490469,0.78783941585881,0.0259531453049408,0.37,0.0540524962328345,0.0581548203683411,"gamma_bin"
"gamma_bin_7.50_2.04","vary_sd",2.04,-0.4,FALSE,40,0.815117093248404,0.80167735065465,0.0255372611875793,0.95,0.0526344489720167,-0.0134397425937536,"gamma_bin"
"gamma_bin_7.50_2.04","vary_sd",2.04,-0.4,FALSE,41,0.615435524003123,0.564939057458196,0.0216954264640703,0.41,0.0435320138942263,-0.0504964665449267,"gamma_bin"
"gamma_bin_7.50_2.04","vary_sd",2.04,-0.4,FALSE,42,0.771681049543453,0.69916880456594,0.0218714602271083,0.17,0.0493490088429529,-0.0725122449775124,"gamma_bin"
"gamma_bin_7.50_2.04","vary_sd",2.04,-0.4,FALSE,43,0.638637642797715,0.603256624722774,0.0244358057036031,0.68,0.0480196253726923,-0.0353810180749408,"gamma_bin"
"gamma_bin_7.50_2.04","vary_sd",2.04,-0.4,FALSE,44,0.502607638572081,0.495604747862684,0.0236266502843762,0.98,0.045929663074703,-0.00700289070939653,"gamma_bin"
"gamma_bin_7.50_2.04","vary_sd",2.04,-0.4,FALSE,45,0.419348773276434,0.434821454341897,0.0228355601891986,0.89,0.0448598275259693,0.0154726810654635,"gamma_bin"
"gamma_bin_7.50_2.04","vary_sd",2.04,-0.4,FALSE,46,0.532523289397014,0.547473317144414,0.0271815174447418,0.91,0.0516555158678923,0.0149500277474001,"gamma_bin"
"gamma_bin_7.50_2.04","vary_sd",2.04,-0.4,FALSE,47,0.748164536979726,0.744915718738709,0.0297146921425488,0.95,0.0613573885383087,-0.00324881824101675,"gamma_bin"
"gamma_bin_7.50_2.04","vary_sd",2.04,-0.4,FALSE,48,0.699597036363356,0.683923603400825,0.0280329504014634,0.97,0.0601480347043419,-0.0156734329625307,"gamma_bin"
"gamma_bin_7.50_2.04","vary_sd",2.04,-0.4,FALSE,49,0.840634610500807,0.818327399782694,0.0328873342214562,0.94,0.0682257621580404,-0.0223072107181128,"gamma_bin"
"gamma_bin_7.50_2.04","vary_sd",2.04,-0.4,FALSE,50,0.605572567510499,0.603200880957636,0.0305121539875247,0.96,0.0615812625516595,-0.00237168655286291,"gamma_bin"
"gamma_bin_7.50_2.04","vary_sd",2.04,-0.4,FALSE,51,0.551154795645625,0.582094578961813,0.0320630233538108,0.82,0.063712105587595,0.0309397833161882,"gamma_bin"
"gamma_bin_7.50_2.04","vary_sd",2.04,-0.4,FALSE,52,0.382419782215341,0.412045848566656,0.0322129968339446,0.8,0.0556044970122899,0.0296260663513149,"gamma_bin"
"gamma_bin_7.50_2.04","vary_sd",2.04,-0.4,FALSE,53,0.67605453850849,0.722584369710654,0.0438243176655427,0.73,0.0748262439024694,0.0465298312021636,"gamma_bin"
"gamma_bin_7.50_2.04","vary_sd",2.04,-0.4,FALSE,54,0.67389745281474,0.687552919078397,0.037819439354687,0.91,0.0733577047593536,0.0136554662636568,"gamma_bin"
"gamma_bin_7.50_2.04","vary_sd",2.04,-0.4,FALSE,55,0.928654307802489,0.900360393866018,0.0482843707752135,0.86,0.0849167802653859,-0.0282939139364713,"gamma_bin"
"gamma_bin_7.50_2.04","vary_sd",2.04,-0.4,FALSE,56,0.750444909156983,0.724006649086749,0.0421518286848794,0.88,0.0784670800433741,-0.0264382600702343,"gamma_bin"
"gamma_bin_7.50_2.04","vary_sd",2.04,-0.4,FALSE,57,0.713559496047443,0.70839526022044,0.0433173844984178,0.93,0.0813382947396408,-0.00516423582700254,"gamma_bin"
"gamma_bin_7.50_2.04","vary_sd",2.04,-0.4,FALSE,58,0.492127182876667,0.519348126400857,0.0369242973451353,0.91,0.0731050180829684,0.0272209435241898,"gamma_bin"
"gamma_bin_7.50_2.04","vary_sd",2.04,-0.4,FALSE,59,0.488121905081673,0.522678725235356,0.0441665331397637,0.8,0.0756661909192739,0.0345568201536833,"gamma_bin"
"gamma_bin_7.50_2.04","vary_sd",2.04,-0.4,FALSE,60,0.671861168143052,0.720244306222826,0.0447565232167252,0.8,0.0896830284785119,0.0483831380797741,"gamma_bin"
"gamma_bin_7.50_2.04","vary_sd",2.04,-0.4,FALSE,61,0.791762464983911,0.804136000166085,0.0472408453997316,0.93,0.0947741168962146,0.0123735351821744,"gamma_bin"
"gamma_bin_7.50_2.04","vary_sd",2.04,-0.4,FALSE,62,0.652922492639065,0.635688312266244,0.0469262672656565,0.92,0.0850958497978856,-0.0172341803728212,"gamma_bin"
"gamma_bin_7.50_2.04","vary_sd",2.04,-0.4,FALSE,63,0.613891069127135,0.588820172993405,0.0441562293659547,0.93,0.084393747239625,-0.0250708961337295,"gamma_bin"
"gamma_bin_7.50_2.04","vary_sd",2.04,-0.4,FALSE,64,0.747174650317661,0.743256148789627,0.0509528881073568,0.93,0.0992205847221221,-0.00391850152803386,"gamma_bin"
"gamma_bin_7.50_2.04","vary_sd",2.04,-0.4,FALSE,65,0.706701130088712,0.73619303547166,0.0493700866607674,0.92,0.103302436963698,0.0294919053829478,"gamma_bin"
"gamma_bin_7.50_2.04","vary_sd",2.04,-0.4,FALSE,66,0.51187393654748,0.5369364624869,0.042528044588127,0.95,0.0910074184383795,0.0250625259394197,"gamma_bin"
"gamma_bin_7.50_2.04","vary_sd",2.04,-0.4,FALSE,67,0.670601402325688,0.691670939667557,0.0537707565023535,0.95,0.10528627049054,0.0210695373418694,"gamma_bin"
"gamma_bin_7.50_2.04","vary_sd",2.04,-0.4,FALSE,68,1.17253163081397,1.18899095669306,0.0678848950031849,0.98,0.140334923115187,0.0164593258790864,"gamma_bin"
"gamma_bin_7.50_2.04","vary_sd",2.04,-0.4,FALSE,69,1.09882955126721,1.08727717265244,0.0703717614345424,0.93,0.136741126604283,-0.0115523786147744,"gamma_bin"
"gamma_bin_7.50_2.04","vary_sd",2.04,-0.4,FALSE,70,0.864010024055233,0.866046029063898,0.0538175148915611,0.98,0.124987952539357,0.00203600500866463,"gamma_bin"
"gamma_bin_7.50_2.04","vary_sd",2.04,-0.4,FALSE,71,0.715098113998147,0.741485687546073,0.057184880510882,0.96,0.11888963457016,0.0263875735479262,"gamma_bin"
"gamma_bin_7.50_2.04","vary_sd",2.04,-0.4,FALSE,72,0.5778146754347,0.631826894407749,0.060598192739602,0.8,0.112043093067739,0.0540122189730494,"gamma_bin"
"gamma_bin_7.50_2.04","vary_sd",2.04,-0.4,FALSE,73,0.968098548670386,1.04598364729793,0.0756560345147715,0.81,0.144312079445976,0.0778850986275462,"gamma_bin"
"gamma_bin_7.50_2.04","vary_sd",2.04,-0.4,FALSE,74,0.655349167508219,0.675682256273373,0.0591163067226931,0.96,0.11416950808763,0.020333088765154,"gamma_bin"
"gamma_bin_7.50_2.04","vary_sd",2.04,-0.4,FALSE,75,0.59977224361632,0.570911771152823,0.061731762766322,0.87,0.103715555518646,-0.0288604724634973,"gamma_bin"
"gamma_bin_7.50_2.04","vary_sd",2.04,-0.4,FALSE,76,0.795810456805532,0.760010638517102,0.0645927055904846,0.91,0.120684301689912,-0.0357998182884304,"gamma_bin"
"gamma_bin_7.50_2.04","vary_sd",2.04,-0.4,FALSE,77,0.873668877519834,0.846035101680057,0.0650073763416284,0.95,0.130761038979326,-0.0276337758397774,"gamma_bin"
"gamma_bin_7.50_2.04","vary_sd",2.04,-0.4,FALSE,78,0.655524310026793,0.648116048578528,0.058879867651327,0.97,0.1181555719663,-0.00740826144826545,"gamma_bin"
"gamma_bin_7.50_2.04","vary_sd",2.04,-0.4,FALSE,79,0.810623636163075,0.806596325011951,0.057490223595362,0.99,0.136012992457645,-0.00402731115112376,"gamma_bin"
"gamma_bin_7.50_2.04","vary_sd",2.04,-0.4,FALSE,80,0.610456557383718,0.638316766506939,0.0626667936076394,0.92,0.12445925112178,0.027860209123221,"gamma_bin"
"gamma_bin_7.50_2.04","vary_sd",2.04,-0.4,FALSE,81,0.859858611274139,0.881883277060423,0.0791572430590842,0.95,0.149730256229429,0.0220246657862839,"gamma_bin"
"gamma_bin_7.50_2.04","vary_sd",2.04,-0.4,FALSE,82,0.71793472208637,0.731222349100697,0.0724548393813585,0.92,0.138448748245797,0.0132876270143266,"gamma_bin"
"gamma_bin_7.50_2.04","vary_sd",2.04,-0.4,FALSE,83,0.992203959261976,0.991096957058826,0.0833672510824885,0.94,0.163208655655472,-0.00110700220315041,"gamma_bin"
"gamma_bin_7.50_2.04","vary_sd",2.04,-0.4,FALSE,84,1.12541562776308,1.14556576645772,0.0934565712166593,0.93,0.178226773984775,0.020150138694639,"gamma_bin"
"gamma_bin_7.50_2.04","vary_sd",2.04,-0.4,FALSE,85,0.719081428835968,0.720713211802821,0.0754507944978633,0.94,0.144060209746756,0.00163178296685296,"gamma_bin"
"gamma_bin_7.50_2.04","vary_sd",2.04,-0.4,FALSE,86,0.84752493125734,0.888982674363759,0.0839060971459636,0.93,0.163164000551041,0.0414577431064194,"gamma_bin"
"gamma_bin_7.50_2.04","vary_sd",2.04,-0.4,FALSE,87,0.855021916180829,0.900825743366895,0.0781268481137679,0.93,0.166454351467909,0.0458038271860665,"gamma_bin"
"gamma_bin_7.50_2.04","vary_sd",2.04,-0.4,FALSE,88,1.05231211723794,1.09717988161064,0.107901645799348,0.9,0.183935529049236,0.0448677643727007,"gamma_bin"
"gamma_bin_7.50_2.04","vary_sd",2.04,-0.4,FALSE,89,0.736245763604483,0.734903304826723,0.0694426370522558,0.98,0.149672187162186,-0.0013424587777604,"gamma_bin"
"gamma_bin_7.50_2.04","vary_sd",2.04,-0.4,FALSE,90,0.910435800275709,0.896184651812429,0.0867096883650657,0.92,0.164884060566193,-0.0142511484632799,"gamma_bin"
"gamma_bin_7.50_2.04","vary_sd",2.04,-0.4,FALSE,91,0.875373992276142,0.868701591306716,0.0696904386101547,0.97,0.163410770056206,-0.00667240096942556,"gamma_bin"
"gamma_bin_7.50_2.04","vary_sd",2.04,-0.4,FALSE,92,1.13308580158326,1.12132422065371,0.089322109284802,0.95,0.187764025051032,-0.0117615809295504,"gamma_bin"
"gamma_bin_7.50_2.04","vary_sd",2.04,-0.4,FALSE,93,0.779622317935819,0.777778632529433,0.0910119963483314,0.89,0.158013716598626,-0.00184368540638613,"gamma_bin"
"gamma_bin_7.50_2.04","vary_sd",2.04,-0.4,FALSE,94,0.738590807925372,0.737948703852503,0.0718029460196303,0.99,0.155559020345757,-0.000642104072869132,"gamma_bin"
"gamma_bin_7.50_2.04","vary_sd",2.04,-0.4,FALSE,95,0.736386067431423,0.752710091382541,0.0800303173816823,0.95,0.158612136165483,0.0163240239511184,"gamma_bin"
"gamma_bin_7.50_2.04","vary_sd",2.04,-0.4,FALSE,96,0.940470991453404,0.971211476473866,0.0949324595899572,0.95,0.181253606205029,0.0307404850204617,"gamma_bin"
"gamma_bin_7.50_2.04","vary_sd",2.04,-0.4,FALSE,97,0.92681020267862,0.937543282991482,0.0835755625888429,0.96,0.17861175174064,0.0107330803128616,"gamma_bin"
"gamma_bin_7.50_2.04","vary_sd",2.04,-0.4,FALSE,98,0.805264800704658,0.774927951650783,0.0865131841893103,0.95,0.163219914724459,-0.0303368490538746,"gamma_bin"
"gamma_bin_7.50_2.04","vary_sd",2.04,-0.4,FALSE,99,0.96897608307621,0.961230917475376,0.0937564633390007,0.95,0.184550833187844,-0.00774516560083349,"gamma_bin"
"gamma_bin_7.50_2.04","vary_sd",2.04,-0.4,FALSE,100,0.483332995262756,0.488095703075143,0.0633938957867276,0.99,0.134183871296637,0.00476270781238702,"gamma_bin"
"gamma_bin_7.50_2.04","vary_sd",2.04,-0.4,FALSE,101,0.66077716283239,0.677574731478365,0.0766140853581657,0.97,0.160756852380613,0.0167975686459747,"gamma_bin"
"gamma_bin_7.50_2.04","vary_sd",2.04,-0.4,FALSE,102,0.655745239910364,0.664667086217687,0.0812223714260154,0.97,0.160473150444989,0.0089218463073234,"gamma_bin"
"gamma_bin_7.50_2.04","vary_sd",2.04,-0.4,FALSE,103,1.19599908198214,1.18148284340106,0.0991904084570521,0.97,0.215148588212027,-0.0145162385810769,"gamma_bin"
"gamma_bin_7.50_2.04","vary_sd",2.04,-0.4,FALSE,104,1.52020654998133,1.45930462985697,0.128329793128765,0.92,0.241700772700875,-0.0609019201243608,"gamma_bin"
"gamma_bin_7.50_2.04","vary_sd",2.04,-0.4,FALSE,105,1.10303826313934,1.07445858009637,0.129568670770486,0.94,0.212388965133925,-0.0285796830429701,"gamma_bin"
"gamma_bin_7.50_2.04","vary_sd",2.04,-0.4,FALSE,106,0.895258886773757,0.938681754374116,0.0982716600278379,0.92,0.205712013685521,0.0434228676003593,"gamma_bin"
"gamma_bin_7.50_2.04","vary_sd",2.04,-0.4,FALSE,107,0.603016892421566,0.669621638295162,0.085660271958552,0.86,0.178401573476583,0.066604745873596,"gamma_bin"
"gamma_bin_7.50_2.04","vary_sd",2.04,-0.4,FALSE,108,1.07762321196894,1.21192831352944,0.125525084230514,0.78,0.238791124877653,0.134305101560497,"gamma_bin"
"gamma_bin_7.50_2.04","vary_sd",2.04,-0.4,FALSE,109,1.67936751135944,1.7885330785418,0.136613600773834,0.89,0.280162834391688,0.109165567182363,"gamma_bin"
"gamma_bin_7.50_2.04","vary_sd",2.04,-0.4,FALSE,110,0.778512854791425,0.776376853586874,0.105451557703123,0.95,0.177776464200576,-0.00213600120455071,"gamma_bin"
"gamma_bin_7.50_2.04","vary_sd",2.04,-0.4,FALSE,111,0.992005341124613,0.935997029633246,0.0911188560744525,0.94,0.192806491289007,-0.056008311491367,"gamma_bin"
"gamma_bin_7.50_2.04","vary_sd",2.04,-0.4,FALSE,112,1.07688074493023,1.07283385843232,0.103779559787962,0.95,0.208508847639915,-0.0040468864979073,"gamma_bin"
"gamma_bin_7.50_2.04","vary_sd",2.04,-0.4,FALSE,113,0.702400819858529,0.728241279456014,0.0937873520297164,0.89,0.173450031481088,0.0258404595974854,"gamma_bin"
"gamma_bin_7.50_2.04","vary_sd",2.04,-0.4,FALSE,114,0.976066509197994,0.991812048533059,0.119494129099161,0.89,0.201265157831224,0.0157455393350653,"gamma_bin"
"gamma_bin_7.50_2.04","vary_sd",2.04,-0.4,FALSE,115,1.23867756628513,1.24323081921963,0.110229134240528,0.97,0.222410622943785,0.00455325293450182,"gamma_bin"
"gamma_bin_7.50_2.04","vary_sd",2.04,-0.4,FALSE,116,1.16180338965973,1.12637473078515,0.116694921132087,0.89,0.2101800977235,-0.0354286588745765,"gamma_bin"
"gamma_bin_7.50_2.04","vary_sd",2.04,-0.4,FALSE,117,1.19462029108814,1.15623409786286,0.122654964362799,0.9,0.214137310344816,-0.0383861932252789,"gamma_bin"
"gamma_bin_7.50_2.04","vary_sd",2.04,-0.4,FALSE,118,1.16321995780671,1.18056722232376,0.111917840436546,0.93,0.219254461157871,0.017347264517046,"gamma_bin"
"gamma_bin_7.50_2.04","vary_sd",2.04,-0.4,FALSE,119,1.07032628214879,1.10046183795356,0.126264081156109,0.9,0.213606483850715,0.0301355558047682,"gamma_bin"
"gamma_bin_7.50_2.04","vary_sd",2.04,-0.4,FALSE,120,0.877757633134012,0.918619676197896,0.0973503558605823,0.93,0.19431203724226,0.0408620430638836,"gamma_bin"
"gamma_bin_7.50_2.04","vary_sd",2.04,-0.4,FALSE,121,1.36755731263547,1.40246361247757,0.119269306434923,0.96,0.235760934417065,0.0349062998420953,"gamma_bin"
"gamma_bin_7.50_2.04","vary_sd",2.04,-0.4,FALSE,122,0.835796444244159,0.844952266137286,0.0991649087072398,0.92,0.178922799988166,0.00915582189312703,"gamma_bin"
"gamma_bin_7.50_2.04","vary_sd",2.04,-0.4,FALSE,123,1.26724551805682,1.25592582822465,0.105618212186205,0.96,0.214839213371714,-0.0113196898321668,"gamma_bin"
"gamma_bin_7.50_2.04","vary_sd",2.04,-0.4,FALSE,124,0.969129898643769,0.958535995934063,0.0884876904433291,0.96,0.186487609654263,-0.0105939027097063,"gamma_bin"
"gamma_bin_7.50_2.04","vary_sd",2.04,-0.4,FALSE,125,0.847338782890042,0.852898410623796,0.0917550663428527,0.93,0.175934459202344,0.00555962773375418,"gamma_bin"
"gamma_bin_7.50_2.04","vary_sd",2.04,-0.4,FALSE,126,0.715564882412269,0.727633501067162,0.0810063976994893,0.94,0.162781730653101,0.0120686186548927,"gamma_bin"
"gamma_bin_7.50_2.04","vary_sd",2.04,-0.4,FALSE,127,0.94782383341486,0.956544081422531,0.100424715071257,0.96,0.186241709712902,0.0087202480076708,"gamma_bin"
"gamma_bin_7.50_2.04","vary_sd",2.04,-0.4,FALSE,128,0.685081694959754,0.687447830525854,0.0736920940008749,0.95,0.157338686739864,0.00236613556609977,"gamma_bin"
"gamma_bin_7.50_2.04","vary_sd",2.04,-0.4,FALSE,129,0.940719567434955,0.916417951243041,0.0859096243584733,0.96,0.181281336990454,-0.0243016161919138,"gamma_bin"
"gamma_bin_7.50_2.04","vary_sd",2.04,-0.4,FALSE,130,0.882735861931285,0.853696589584738,0.0916048681268598,0.93,0.176434883826575,-0.0290392723465466,"gamma_bin"
"gamma_bin_7.50_2.04","vary_sd",2.04,-0.4,FALSE,131,0.908592867608554,0.90503807972678,0.0911957179841867,0.95,0.185151772690894,-0.00355478788177366,"gamma_bin"
"gamma_bin_7.50_2.04","vary_sd",2.04,-0.4,FALSE,132,0.919571358645804,0.921679420410722,0.0844847396479463,0.98,0.191181952146685,0.00210806176491829,"gamma_bin"
"gamma_bin_7.50_2.04","vary_sd",2.04,-0.4,FALSE,133,0.772870216905444,0.766995896917661,0.0808569614615887,0.96,0.178043175615108,-0.00587431998778287,"gamma_bin"
"gamma_bin_7.50_2.04","vary_sd",2.04,-0.4,FALSE,134,0.850110615604727,0.889032533458174,0.0962438100401663,0.94,0.194262147052751,0.038921917853447,"gamma_bin"
"gamma_bin_7.50_2.04","vary_sd",2.04,-0.4,FALSE,135,0.784750966748685,0.814342826914527,0.099333345121763,0.94,0.186876526296853,0.0295918601658424,"gamma_bin"
"gamma_bin_7.50_2.04","vary_sd",2.04,-0.4,FALSE,136,0.974669466757976,0.980027542761783,0.116082018943081,0.92,0.205194952808783,0.00535807600380689,"gamma_bin"
"gamma_bin_7.50_2.04","vary_sd",2.04,-0.4,FALSE,137,0.984151011066472,0.980659806174017,0.103005209718448,0.93,0.206192047990804,-0.00349120489245502,"gamma_bin"
"gamma_bin_7.50_2.04","vary_sd",2.04,-0.4,FALSE,138,1.1907508581573,1.16404153293899,0.119690299112864,0.95,0.226449439470495,-0.0267093252183142,"gamma_bin"
"gamma_bin_7.50_2.04","vary_sd",2.04,-0.4,FALSE,139,1.38368582408824,1.39653371788927,0.125018122758566,0.96,0.251785753861044,0.0128478938010268,"gamma_bin"
"gamma_bin_7.50_2.04","vary_sd",2.04,-0.4,FALSE,140,0.815817246340058,0.839188651534286,0.109174677952265,0.95,0.197843604296299,0.0233714051942282,"gamma_bin"
"gamma_bin_7.50_2.04","vary_sd",2.04,-0.4,FALSE,141,0.948708845408202,1.00432449813208,0.105626770495875,0.94,0.218289002409491,0.0556156527238749,"gamma_bin"
"gamma_bin_7.50_2.04","vary_sd",2.04,-0.4,FALSE,142,0.887913521021147,0.951183021062548,0.101786179227287,0.93,0.211280088690547,0.0632695000414008,"gamma_bin"
"gamma_bin_7.50_2.04","vary_sd",2.04,-0.4,FALSE,143,1.33195215209727,1.39478440536,0.127731942235871,0.93,0.251091500394244,0.0628322532627283,"gamma_bin"
"gamma_bin_7.50_2.04","vary_sd",2.04,-0.4,FALSE,144,1.33130915175386,1.31177455817973,0.120964780259298,0.94,0.238238081531413,-0.0195345935741311,"gamma_bin"
"gamma_bin_7.50_2.04","vary_sd",2.04,-0.4,FALSE,145,1.36040954450305,1.3266778355038,0.109605093497399,0.95,0.236867878517034,-0.0337317089992484,"gamma_bin"
"gamma_bin_7.50_2.04","vary_sd",2.04,-0.4,FALSE,146,1.03071516120352,1.02089812824218,0.0968578791758065,0.99,0.208298105972936,-0.00981703296134051,"gamma_bin"
"gamma_bin_7.50_2.04","vary_sd",2.04,-0.4,FALSE,147,1.01542687773298,1.04678021854323,0.10467956176012,0.94,0.212176112944098,0.0313533408102511,"gamma_bin"
"gamma_bin_7.50_2.04","vary_sd",2.04,-0.4,FALSE,148,0.918038272830281,0.962424350041413,0.0990625830818276,0.96,0.202396974596555,0.0443860772111322,"gamma_bin"
"gamma_bin_7.50_2.04","vary_sd",2.04,-0.4,FALSE,149,0.795403147880171,0.821374355380388,0.0987176984214954,0.93,0.182680801313845,0.0259712075002169,"gamma_bin"
"gamma_bin_7.50_2.04","vary_sd",2.04,-0.4,FALSE,150,0.947076494147123,0.929000147312669,0.102244422069118,0.92,0.189124610598624,-0.0180763468344538,"gamma_bin"
"gamma_bin_7.50_2.04","vary_sd",2.04,-0.4,FALSE,151,0.838902415667924,0.805725208602538,0.0875311934871126,0.95,0.173330171029847,-0.0331772070653864,"gamma_bin"
"gamma_bin_7.50_2.04","vary_sd",2.04,-0.4,FALSE,152,1.10280245382765,1.05564744175217,0.091858768592552,0.94,0.198604522022283,-0.0471550120754805,"gamma_bin"
"gamma_bin_7.50_2.04","vary_sd",2.04,-0.4,FALSE,153,1.09815440539428,1.03803068494636,0.0913682654917591,0.93,0.19980490782965,-0.060123720447915,"gamma_bin"
"gamma_bin_7.50_2.04","vary_sd",2.04,-0.4,FALSE,154,0.933699509626363,0.903968905982964,0.110038120320076,0.92,0.190569520196452,-0.0297306036433993,"gamma_bin"
"gamma_bin_7.50_2.04","vary_sd",2.04,-0.4,FALSE,155,0.677259462566555,0.688071052415331,0.0802938746776639,0.97,0.169634619696519,0.0108115898487756,"gamma_bin"
"gamma_bin_7.50_2.04","vary_sd",2.04,-0.4,FALSE,156,0.794318325784725,0.839673868195433,0.0968328572252266,0.92,0.189589599730087,0.0453555424107083,"gamma_bin"
"gamma_bin_7.50_2.04","vary_sd",2.04,-0.4,FALSE,157,0.863129045133472,0.897508524985652,0.100028770760075,0.95,0.195575710842128,0.03437947985218,"gamma_bin"
"gamma_bin_7.50_2.04","vary_sd",2.04,-0.4,FALSE,158,1.2121292060572,1.20635488366808,0.128161655142,0.92,0.224722687133096,-0.00577432238912445,"gamma_bin"
"gamma_bin_7.50_2.04","vary_sd",2.04,-0.4,FALSE,159,1.02410099479473,0.985068450181684,0.101662594634295,0.93,0.202608122347732,-0.0390325446130464,"gamma_bin"
"gamma_bin_7.50_2.04","vary_sd",2.04,-0.4,FALSE,160,0.905625417711481,0.880414209660025,0.0983277061238021,0.95,0.193838251929374,-0.0252112080514559,"gamma_bin"
"gamma_bin_7.50_2.04","vary_sd",2.04,-0.4,FALSE,161,0.911623484707899,0.94742144296177,0.103161862912433,0.93,0.205435842465699,0.035797958253871,"gamma_bin"
"gamma_bin_7.50_2.04","vary_sd",2.04,-0.4,FALSE,162,0.854314364398061,0.898741144111162,0.0965018020330141,0.93,0.20329300724842,0.0444267797131006,"gamma_bin"
"gamma_bin_7.50_2.04","vary_sd",2.04,-0.4,FALSE,163,0.939538506142908,0.990578906039095,0.108811161196398,0.92,0.213329382854263,0.0510403998961866,"gamma_bin"
"gamma_bin_7.50_2.04","vary_sd",2.04,-0.4,FALSE,164,0.804264811038419,0.828520018854697,0.102743423067209,0.96,0.193112143781968,0.024255207816278,"gamma_bin"
"gamma_bin_7.50_2.04","vary_sd",2.04,-0.4,FALSE,165,1.00142358506205,0.987749814621259,0.102607260804393,0.93,0.209165728437372,-0.0136737704407908,"gamma_bin"
"gamma_bin_7.50_2.04","vary_sd",2.04,-0.4,FALSE,166,1.22258511650756,1.21004346820064,0.0985002869057102,0.98,0.232136458664758,-0.0125416483069192,"gamma_bin"
"gamma_bin_7.50_2.04","vary_sd",2.04,-0.4,FALSE,167,0.797785743145654,0.790787116159378,0.0964301078841725,0.96,0.189437169432682,-0.00699862698627607,"gamma_bin"
"gamma_bin_7.50_2.04","vary_sd",2.04,-0.4,FALSE,168,1.1498418409574,1.16596593067635,0.11856008954287,0.92,0.233009139588048,0.0161240897189479,"gamma_bin"
"gamma_bin_7.50_2.04","vary_sd",2.04,-0.4,FALSE,169,0.760349335694062,0.762626158091392,0.0970850190743421,0.94,0.19053840087017,0.00227682239733029,"gamma_bin"
"gamma_bin_7.50_2.04","vary_sd",2.04,-0.4,FALSE,170,1.37423882796411,1.42008309358388,0.118317742888104,0.97,0.260438785324874,0.0458442656197737,"gamma_bin"
"gamma_bin_7.50_2.04","vary_sd",2.04,-0.4,FALSE,171,0.879916177740953,0.897236916698667,0.107506428109699,0.95,0.205871098123761,0.017320738957714,"gamma_bin"
"gamma_bin_7.50_2.04","vary_sd",2.04,-0.4,FALSE,172,1.40469809778524,1.40663227680685,0.119050134978343,0.99,0.255731274688988,0.00193417902161386,"gamma_bin"
"gamma_bin_7.50_2.04","vary_sd",2.04,-0.4,FALSE,173,0.919193657171105,0.925874154064169,0.0929052312080388,0.97,0.206768933542722,0.0066804968930636,"gamma_bin"
"gamma_bin_7.50_2.04","vary_sd",2.04,-0.4,FALSE,174,0.923156528563282,0.955830337963396,0.113556358974693,0.94,0.209954028342894,0.0326738094001141,"gamma_bin"
"gamma_bin_7.50_2.04","vary_sd",2.04,-0.4,FALSE,175,1.03837120055872,1.05630213277378,0.126645563019875,0.9,0.21962363776629,0.0179309322150569,"gamma_bin"
"gamma_bin_7.50_2.04","vary_sd",2.04,-0.4,FALSE,176,0.998550191051843,1.01754783931991,0.121391647505383,0.93,0.213572056248753,0.0189976482680642,"gamma_bin"
"gamma_bin_7.50_2.04","vary_sd",2.04,-0.4,FALSE,177,1.0672490953256,1.05642361975435,0.109026667396382,0.94,0.215077650665235,-0.0108254755712545,"gamma_bin"
"gamma_bin_7.50_2.04","vary_sd",2.04,-0.4,FALSE,178,0.796488943635566,0.771682463870335,0.0938287319039966,0.93,0.182449140393491,-0.0248064797652305,"gamma_bin"
"gamma_bin_7.50_2.04","vary_sd",2.04,-0.4,FALSE,179,1.19853631620291,1.17549956641991,0.115365087942836,0.93,0.225431180116706,-0.023036749782996,"gamma_bin"
"gamma_bin_7.50_2.04","vary_sd",2.04,-0.4,FALSE,180,1.18742234445089,1.18935049479132,0.11501954824917,0.95,0.228069409453767,0.00192815034042826,"gamma_bin"
"gamma_bin_7.50_2.04","vary_sd",2.04,-0.4,FALSE,181,1.49419822100474,1.50030902937161,0.130903237122239,0.95,0.257610139566351,0.00611080836686528,"gamma_bin"
"gamma_bin_7.50_2.04","vary_sd",2.04,-0.4,FALSE,182,1.51569971274724,1.52484961144386,0.139779423851018,0.96,0.260575096503345,0.0091498986966223,"gamma_bin"
"gamma_bin_7.50_2.04","vary_sd",2.04,-0.4,FALSE,183,0.993078083144793,1.02973319220061,0.117934421062559,0.92,0.214255474487026,0.0366551090558216,"gamma_bin"
"gamma_bin_7.50_2.04","vary_sd",2.04,-0.4,FALSE,184,0.900895179433443,0.98148128423862,0.104666585586669,0.88,0.207901413138985,0.0805861048051774,"gamma_bin"
"gamma_bin_7.50_2.04","vary_sd",2.04,-0.4,FALSE,185,0.823216514722493,0.868905764610209,0.0885817631863001,0.95,0.191602365029443,0.0456892498877162,"gamma_bin"
"gamma_bin_7.50_2.04","vary_sd",2.04,-0.4,FALSE,186,1.22622352517845,1.25750363636707,0.106252518584395,0.95,0.223181982560924,0.0312801111886241,"gamma_bin"
"gamma_bin_7.50_2.04","vary_sd",2.04,-0.4,FALSE,187,0.917485344129662,0.885137017832718,0.0918325629970247,0.95,0.1811301069079,-0.0323483262969437,"gamma_bin"
"gamma_bin_7.50_2.04","vary_sd",2.04,-0.4,FALSE,188,1.14600718978611,1.07879699241773,0.10063670873236,0.9,0.19668939101362,-0.067210197368381,"gamma_bin"
"gamma_bin_7.50_2.04","vary_sd",2.04,-0.4,FALSE,189,1.15017955401154,1.06777709644352,0.102542773088887,0.87,0.196723087907665,-0.0824024575680176,"gamma_bin"
"gamma_bin_7.50_2.04","vary_sd",2.04,-0.4,FALSE,190,1.13787761403339,1.09578282181996,0.111152483519554,0.91,0.202707265790946,-0.0420947922134303,"gamma_bin"
"gamma_bin_7.50_2.04","vary_sd",2.04,-0.4,FALSE,191,1.77820774658985,1.79919280533725,0.136645416891512,0.93,0.263701172080127,0.0209850587474048,"gamma_bin"
"gamma_bin_7.50_2.04","vary_sd",2.04,-0.4,FALSE,192,1.12621869533816,1.16669104715649,0.112854355722162,0.93,0.213015790165311,0.0404723518183308,"gamma_bin"
"gamma_bin_7.50_2.04","vary_sd",2.04,-0.4,FALSE,193,1.63142687231341,1.68901378501117,0.119912618232088,0.95,0.254285263214254,0.0575869126977582,"gamma_bin"
"gamma_bin_7.50_2.04","vary_sd",2.04,-0.4,FALSE,194,1.9613208229511,2.06952434580737,0.158748794183245,0.84,0.276959731205599,0.108203522856267,"gamma_bin"
"gamma_bin_7.50_2.04","vary_sd",2.04,-0.4,FALSE,195,1.62644217295684,1.71135775345361,0.14943078146551,0.83,0.245599411436523,0.0849155804967743,"gamma_bin"
"gamma_bin_7.50_2.04","vary_sd",2.04,-0.4,FALSE,196,1.22114876712024,1.26840044303568,0.101428406679659,0.94,0.204515741217425,0.0472516759154378,"gamma_bin"
"gamma_bin_7.50_2.04","vary_sd",2.04,-0.4,FALSE,197,1.08512340553335,1.15538883166944,0.0992672041701068,0.87,0.188253834957061,0.0702654261360893,"gamma_bin"
"gamma_bin_7.50_2.04","vary_sd",2.04,-0.4,FALSE,198,1.22271087570671,1.26781959252769,0.0909714526247794,0.95,0.189313569068048,0.0451087168209836,"gamma_bin"
"gamma_bin_7.50_2.04","vary_sd",2.04,-0.4,FALSE,199,1.2960340351298,1.31184066457945,0.0965196985601776,0.96,0.184312265566815,0.0158066294496513,"gamma_bin"
"gamma_bin_7.50_2.04","vary_sd",2.04,-0.4,FALSE,200,1.66920711624072,1.61680952947931,0.104881428000832,0.92,0.197188519293343,-0.0523975867614115,"gamma_bin"
"gamma_bin_7.50_2.04","vary_sd",2.04,-0.4,FALSE,201,1.16940768861372,1.10470685354056,0.0793165956950606,0.87,0.159650492598941,-0.0647008350731642,"gamma_bin"
"gamma_bin_7.50_2.04","vary_sd",2.04,-0.4,FALSE,202,1.0787760344722,1.06463071904195,0.0833556345873052,0.96,0.15610300032082,-0.0141453154302495,"gamma_bin"
"gamma_bin_7.50_2.04","vary_sd",2.04,-0.4,FALSE,203,0.894614924502778,0.898791130727643,0.074734388693212,0.96,0.143473454962397,0.00417620622486525,"gamma_bin"
"gamma_bin_7.50_2.04","vary_sd",2.04,-0.4,FALSE,204,0.818936942727194,0.842132387672886,0.061639346556384,0.96,0.137377234356982,0.0231954449456919,"gamma_bin"
"gamma_bin_7.50_2.04","vary_sd",2.04,-0.4,FALSE,205,0.966688195947552,0.971791278632055,0.0816814535830356,0.9,0.144099333929712,0.00510308268450343,"gamma_bin"
"gamma_bin_7.50_2.04","vary_sd",2.04,-0.4,FALSE,206,0.735602657677609,0.704509872803767,0.0583563153902123,0.96,0.119906719497408,-0.0310927848738419,"gamma_bin"
"gamma_bin_7.50_2.04","vary_sd",2.04,-0.4,FALSE,207,0.854906249805799,0.804507851112372,0.069862203863269,0.86,0.126945732259856,-0.0503983986934272,"gamma_bin"
"gamma_bin_7.50_2.04","vary_sd",2.04,-0.4,FALSE,208,1.18360616945073,1.10944383184143,0.0767977971968746,0.85,0.150570594671968,-0.0741623376093015,"gamma_bin"
"gamma_bin_7.50_2.04","vary_sd",2.04,-0.4,FALSE,209,1.4602885501346,1.38742158257188,0.088413400073343,0.84,0.172028975226204,-0.0728669675627178,"gamma_bin"
"gamma_bin_7.50_2.04","vary_sd",2.04,-0.4,FALSE,210,0.828346816490767,0.8151021673374,0.0745201558476974,0.93,0.135245549058782,-0.013244649153367,"gamma_bin"
"gamma_bin_7.50_2.04","vary_sd",2.04,-0.4,FALSE,211,0.945514704257119,0.973672540052289,0.0682707982171346,0.94,0.151087680414331,0.0281578357951702,"gamma_bin"
"gamma_bin_7.50_2.04","vary_sd",2.04,-0.4,FALSE,212,0.790503634328223,0.848890900447473,0.0759584618105694,0.92,0.142343154999514,0.0583872661192495,"gamma_bin"
"gamma_bin_7.50_2.04","vary_sd",2.04,-0.4,FALSE,213,1.43200091428725,1.52187445314627,0.0895012675633374,0.86,0.188682685961899,0.0898735388590182,"gamma_bin"
"gamma_bin_7.50_2.04","vary_sd",2.04,-0.4,FALSE,214,1.11427471246835,1.11665115337866,0.0704603082946134,0.96,0.157777678239394,0.00237644091031353,"gamma_bin"
"gamma_bin_7.50_2.04","vary_sd",2.04,-0.4,FALSE,215,1.11570572194133,1.10858239388057,0.083604866643283,0.94,0.154361287386251,-0.0071233280607641,"gamma_bin"
"gamma_bin_7.50_2.04","vary_sd",2.04,-0.4,FALSE,216,1.45325455274622,1.42765973216169,0.089847398248611,0.93,0.174847097127062,-0.0255948205845327,"gamma_bin"
"gamma_bin_7.50_2.04","vary_sd",2.04,-0.4,FALSE,217,1.1420513438864,1.13879711072307,0.0890298404749581,0.92,0.157057481952429,-0.00325423316332851,"gamma_bin"
"gamma_bin_7.50_2.04","vary_sd",2.04,-0.4,FALSE,218,0.657956194341687,0.689017419028442,0.0675556940032299,0.91,0.121981042386495,0.0310612246867549,"gamma_bin"
"gamma_bin_7.50_2.04","vary_sd",2.04,-0.4,FALSE,219,1.37055796530381,1.42574820690503,0.0883015596363017,0.92,0.17317722317055,0.0551902416012211,"gamma_bin"
"gamma_bin_7.50_2.04","vary_sd",2.04,-0.4,FALSE,220,1.1217671045533,1.14337249989169,0.0856433175871847,0.91,0.151761501121288,0.0216053953383868,"gamma_bin"
"gamma_bin_7.50_2.04","vary_sd",2.04,-0.4,FALSE,221,1.82148085595811,1.79735712265984,0.0917776482540414,0.96,0.186266450717557,-0.0241237332982707,"gamma_bin"
"gamma_bin_7.50_2.04","vary_sd",2.04,-0.4,FALSE,222,1.47820728190538,1.43921961067084,0.0828896022143527,0.95,0.164743557881245,-0.0389876712345376,"gamma_bin"
"gamma_bin_7.50_2.04","vary_sd",2.04,-0.4,FALSE,223,1.22912323671868,1.23045069216922,0.0813194505235156,0.93,0.152158952161156,0.00132745545054025,"gamma_bin"
"gamma_bin_7.50_2.04","vary_sd",2.04,-0.4,FALSE,224,1.39166921706407,1.45395971933775,0.0807269670356784,0.91,0.165377217519957,0.0622905022736817,"gamma_bin"
"gamma_bin_7.50_2.04","vary_sd",2.04,-0.4,FALSE,225,1.02692395020016,1.10551954971393,0.0686964638732877,0.84,0.141822105186708,0.0785955995137706,"gamma_bin"
"gamma_bin_7.50_2.04","vary_sd",2.04,-0.4,FALSE,226,0.944469227223,0.989907258857053,0.0681737800447773,0.87,0.129288613423132,0.0454380316340528,"gamma_bin"
"gamma_bin_7.50_2.04","vary_sd",2.04,-0.4,FALSE,227,0.882935394281871,0.874485314439387,0.0603238256602582,0.91,0.116535460830913,-0.00845007984248436,"gamma_bin"
"gamma_bin_7.50_2.04","vary_sd",2.04,-0.4,FALSE,228,1.25451332375843,1.21388377270379,0.0630672768235777,0.9,0.133073840027033,-0.0406295510546368,"gamma_bin"
"gamma_bin_7.50_2.04","vary_sd",2.04,-0.4,FALSE,229,1.46482234027448,1.37879392693916,0.0677386430522353,0.8,0.139720933923435,-0.0860284133353162,"gamma_bin"
"gamma_bin_7.50_2.04","vary_sd",2.04,-0.4,FALSE,230,1.51066180760486,1.42097681193132,0.0818231030013489,0.74,0.141978006961304,-0.0896849956735417,"gamma_bin"
"gamma_bin_7.50_2.04","vary_sd",2.04,-0.4,FALSE,231,1.76123960010775,1.701921562806,0.0826505416852026,0.88,0.15737075662859,-0.0593180373017512,"gamma_bin"
"gamma_bin_7.50_2.04","vary_sd",2.04,-0.4,FALSE,232,1.40610248726795,1.45080010689275,0.0697732099668327,0.93,0.147129197999621,0.0446976196247966,"gamma_bin"
"gamma_bin_7.50_2.04","vary_sd",2.04,-0.4,FALSE,233,1.50839208568838,1.64787647738108,0.069229600748093,0.61,0.156233213967214,0.139484391692701,"gamma_bin"
"gamma_bin_7.50_2.04","vary_sd",2.04,-0.4,FALSE,234,2.14809922234943,2.35742817831167,0.0871653972299233,0.37,0.181481564267688,0.209328955962239,"gamma_bin"
"gamma_bin_7.50_2.04","vary_sd",2.04,-0.4,FALSE,235,1.77316147702833,1.88473046981029,0.0835851105073692,0.71,0.154892464119012,0.111568992781961,"gamma_bin"
"gamma_bin_7.50_2.04","vary_sd",2.04,-0.4,FALSE,236,1.73482506410384,1.79840163029619,0.0793312716300818,0.83,0.144035440218161,0.0635765661923511,"gamma_bin"
"gamma_bin_7.50_2.04","vary_sd",2.04,-0.4,FALSE,237,1.62267353351007,1.66669195366398,0.0818413149693049,0.87,0.132832279702416,0.0440184201539102,"gamma_bin"
"gamma_bin_7.50_2.04","vary_sd",2.04,-0.4,FALSE,238,1.18124992154851,1.22124941046025,0.0560533849009703,0.85,0.109270320111462,0.0399994889117392,"gamma_bin"
"gamma_bin_7.50_2.04","vary_sd",2.04,-0.4,FALSE,239,1.18465305674865,1.22373225481734,0.060018021352192,0.82,0.104628086912468,0.039079198068686,"gamma_bin"
"gamma_bin_7.50_2.04","vary_sd",2.04,-0.4,FALSE,240,1.4168407618799,1.43020155214371,0.0570953602151477,0.93,0.107926360983174,0.0133607902638124,"gamma_bin"
"gamma_bin_7.50_2.04","vary_sd",2.04,-0.4,FALSE,241,1.25636383468336,1.21513299038848,0.0457225428139764,0.88,0.0954737340284758,-0.0412308442948843,"gamma_bin"
"gamma_bin_7.50_2.04","vary_sd",2.04,-0.4,FALSE,242,1.12127216596798,1.06744351292451,0.0465660990367798,0.75,0.0870634238607868,-0.0538286530434675,"gamma_bin"
"gamma_bin_7.50_2.04","vary_sd",2.04,-0.4,FALSE,243,1.35468577162437,1.29624620040782,0.0476833782331285,0.76,0.09473798573435,-0.0584395712165522,"gamma_bin"
"gamma_bin_7.50_2.04","vary_sd",2.04,-0.4,FALSE,244,1.01073025572083,1.00094963799671,0.0438161703796717,0.94,0.0829489159488909,-0.00978061772411642,"gamma_bin"
"gamma_bin_7.50_2.04","vary_sd",2.04,-0.4,FALSE,245,1.09869262296579,1.10318054082772,0.0423781264746817,0.99,0.0866135562159254,0.00448791786193015,"gamma_bin"
"gamma_bin_7.50_2.04","vary_sd",2.04,-0.4,FALSE,246,1.01867243248783,1.02411718476236,0.042285356184681,0.96,0.0826073699672594,0.00544475227452934,"gamma_bin"
"gamma_bin_7.50_2.04","vary_sd",2.04,-0.4,FALSE,247,0.933300548697082,0.942378896897232,0.0390021120127082,0.94,0.0782545068886632,0.00907834820015041,"gamma_bin"
"gamma_bin_7.50_2.04","vary_sd",2.04,-0.4,FALSE,248,1.07521131224965,1.05773255562062,0.0406608387151045,0.94,0.081931452956008,-0.0174787566290315,"gamma_bin"
"gamma_bin_7.50_2.04","vary_sd",2.04,-0.4,FALSE,249,1.30368079751671,1.27575460149354,0.0427573474343381,0.93,0.0893098563336821,-0.0279261960231736,"gamma_bin"
"gamma_bin_7.50_2.04","vary_sd",2.04,-0.4,FALSE,250,1.41725036624756,1.383545698858,0.0481704262246866,0.89,0.0928406403468853,-0.0337046673895562,"gamma_bin"
"gamma_bin_7.50_2.04","vary_sd",2.04,-0.4,FALSE,251,1.14473843834061,1.12992169911632,0.0413534240978518,0.91,0.0841661536469768,-0.0148167392242908,"gamma_bin"
"gamma_bin_7.50_2.04","vary_sd",2.04,-0.4,FALSE,252,1.28957905264017,1.3107376485738,0.0500729305521132,0.89,0.0909512456106807,0.021158595933628,"gamma_bin"
"gamma_bin_7.50_2.04","vary_sd",2.04,-0.4,FALSE,253,1.41164181175606,1.47338663155032,0.0467218441876181,0.75,0.0961565803100427,0.0617448197942598,"gamma_bin"
"gamma_bin_7.50_2.72","vary_sd",2.72,-0.2,FALSE,1,4.64176734711438,6.19657709475273,0.29782100740815,0,0.56503401125677,1.55480974763835,"gamma_bin"
"gamma_bin_7.50_2.72","vary_sd",2.72,-0.2,FALSE,2,5.74184883880713,7.08573244422139,0.228559784138727,0,0.461262722547871,1.34388360541426,"gamma_bin"
"gamma_bin_7.50_2.72","vary_sd",2.72,-0.2,FALSE,3,3.25033439563944,3.72856467818349,0.120873626718426,0.04,0.268590828014268,0.478230282544047,"gamma_bin"
"gamma_bin_7.50_2.72","vary_sd",2.72,-0.2,FALSE,4,6.73935287829888,7.30879979757144,0.177800585011404,0.06,0.316187999472933,0.56944691927256,"gamma_bin"
"gamma_bin_7.50_2.72","vary_sd",2.72,-0.2,FALSE,5,2.43636854796088,2.55169929508833,0.0924847472870551,0.67,0.163001417641808,0.115330747127451,"gamma_bin"
"gamma_bin_7.50_2.72","vary_sd",2.72,-0.2,FALSE,6,1.74494772539268,1.84015040615803,0.0626486738616106,0.66,0.123341464925193,0.0952026807653474,"gamma_bin"
"gamma_bin_7.50_2.72","vary_sd",2.72,-0.2,FALSE,7,2.62517926045569,2.78262373629223,0.0717721513653977,0.36,0.13575610779861,0.15744447583654,"gamma_bin"
"gamma_bin_7.50_2.72","vary_sd",2.72,-0.2,FALSE,8,1.22911307977452,1.27529416112755,0.046834630872988,0.75,0.0829321507919179,0.0461810813530332,"gamma_bin"
"gamma_bin_7.50_2.72","vary_sd",2.72,-0.2,FALSE,9,2.39904651254038,2.3950601228714,0.0548039890907676,0.98,0.104652774057957,-0.00398638966897735,"gamma_bin"
"gamma_bin_7.50_2.72","vary_sd",2.72,-0.2,FALSE,10,1.19484574307971,1.17098973936601,0.0345217809568934,0.92,0.0688671219153483,-0.023856003713697,"gamma_bin"
"gamma_bin_7.50_2.72","vary_sd",2.72,-0.2,FALSE,11,1.32897619591253,1.30453019459423,0.0371280546372206,0.91,0.0695459518286941,-0.0244460013182983,"gamma_bin"
"gamma_bin_7.50_2.72","vary_sd",2.72,-0.2,FALSE,12,1.45959821408832,1.44083757333007,0.0361388600076109,0.89,0.0705188451404123,-0.0187606407582475,"gamma_bin"
"gamma_bin_7.50_2.72","vary_sd",2.72,-0.2,FALSE,13,1.71530804750948,1.69551081022786,0.0399374945649382,0.9,0.0741681586450301,-0.0197972372816164,"gamma_bin"
"gamma_bin_7.50_2.72","vary_sd",2.72,-0.2,FALSE,14,1.05182866123244,1.03826181024535,0.0294077252985396,0.93,0.056580559246724,-0.0135668509870859,"gamma_bin"
"gamma_bin_7.50_2.72","vary_sd",2.72,-0.2,FALSE,15,1.02510010675531,1.01273977670062,0.0247334121362706,0.96,0.0546864948688752,-0.0123603300546882,"gamma_bin"
"gamma_bin_7.50_2.72","vary_sd",2.72,-0.2,FALSE,16,1.25252014867933,1.24591349315308,0.0311077068627621,0.94,0.0593684248596326,-0.00660665552624606,"gamma_bin"
"gamma_bin_7.50_2.72","vary_sd",2.72,-0.2,FALSE,17,1.21525733695915,1.20523834244455,0.0293906594305929,0.94,0.0572163616254166,-0.0100189945146021,"gamma_bin"
"gamma_bin_7.50_2.72","vary_sd",2.72,-0.2,FALSE,18,0.979230198394809,0.962443766627085,0.0259262117467847,0.86,0.050349431926075,-0.0167864317677241,"gamma_bin"
"gamma_bin_7.50_2.72","vary_sd",2.72,-0.2,FALSE,19,1.02544833790337,1.01674898387811,0.0237023633745486,0.95,0.051241784132383,-0.00869935402525779,"gamma_bin"
"gamma_bin_7.50_2.72","vary_sd",2.72,-0.2,FALSE,20,1.03933643277786,1.03126032351087,0.0228417007706746,0.97,0.0512551076308584,-0.00807610926698743,"gamma_bin"
"gamma_bin_7.50_2.72","vary_sd",2.72,-0.2,FALSE,21,1.31704644033967,1.30847666679665,0.026095757826016,0.98,0.0574434251353452,-0.00856977354301725,"gamma_bin"
"gamma_bin_7.50_2.72","vary_sd",2.72,-0.2,FALSE,22,1.01626238281987,1.00548996874701,0.0240058620235094,0.95,0.0502018225259284,-0.0107724140728558,"gamma_bin"
"gamma_bin_7.50_2.72","vary_sd",2.72,-0.2,FALSE,23,0.750219977978433,0.748511846777036,0.0239684095963013,0.9,0.0432170001599324,-0.00170813120139712,"gamma_bin"
"gamma_bin_7.50_2.72","vary_sd",2.72,-0.2,FALSE,24,0.68680573053247,0.68738117812823,0.0207790038243321,0.95,0.04125078266664,0.000575447595760004,"gamma_bin"
"gamma_bin_7.50_2.72","vary_sd",2.72,-0.2,FALSE,25,1.09137562864791,1.08948418818837,0.0247430153059237,0.97,0.0516444741467162,-0.00189144045954204,"gamma_bin"
"gamma_bin_7.50_2.72","vary_sd",2.72,-0.2,FALSE,26,0.741057834922739,0.730242102670687,0.0200983401033133,0.95,0.0421859644070862,-0.0108157322520525,"gamma_bin"
"gamma_bin_7.50_2.72","vary_sd",2.72,-0.2,FALSE,27,0.768534353981288,0.752564148698989,0.0194354809790484,0.92,0.043060795650058,-0.0159702052822991,"gamma_bin"
"gamma_bin_7.50_2.72","vary_sd",2.72,-0.2,FALSE,28,0.752768210408917,0.739002001782144,0.0220640067847317,0.91,0.0431781079613232,-0.0137662086267728,"gamma_bin"
"gamma_bin_7.50_2.72","vary_sd",2.72,-0.2,FALSE,29,0.700189279957523,0.692540781567149,0.0202066547367086,0.94,0.0424227665096743,-0.00764849839037363,"gamma_bin"
"gamma_bin_7.50_2.72","vary_sd",2.72,-0.2,FALSE,30,0.555240242382622,0.554432765624457,0.0209330466650593,0.91,0.0385820936527391,-0.000807476758164616,"gamma_bin"
"gamma_bin_7.50_2.72","vary_sd",2.72,-0.2,FALSE,31,0.584450640057208,0.576808030095631,0.0177879148696854,0.95,0.0400698141607931,-0.00764260996157695,"gamma_bin"
"gamma_bin_7.50_2.72","vary_sd",2.72,-0.2,FALSE,32,0.680297862250013,0.669081616485338,0.0221980520439091,0.93,0.0440572299172112,-0.0112162457646754,"gamma_bin"
"gamma_bin_7.50_2.72","vary_sd",2.72,-0.2,FALSE,33,0.95896579009836,0.944319976304693,0.0284989188502853,0.89,0.0536663329557038,-0.0146458137936668,"gamma_bin"
"gamma_bin_7.50_2.72","vary_sd",2.72,-0.2,FALSE,34,1.26713544933213,1.2537778600472,0.0306166157188744,0.93,0.0637231652127639,-0.0133575892849327,"gamma_bin"
"gamma_bin_7.50_2.72","vary_sd",2.72,-0.2,FALSE,35,1.32835487275134,1.32299934517486,0.0314916429506168,0.97,0.0675996625925825,-0.00535552757648361,"gamma_bin"
"gamma_bin_7.50_2.72","vary_sd",2.72,-0.2,FALSE,36,0.820532179912435,0.837631174140914,0.0276125415112349,0.92,0.0552232012005831,0.0170989942284793,"gamma_bin"
"gamma_bin_7.50_2.72","vary_sd",2.72,-0.2,FALSE,37,0.605066948223753,0.635906150045981,0.0237849489392927,0.78,0.0486266534526673,0.0308392018222284,"gamma_bin"
"gamma_bin_7.50_2.72","vary_sd",2.72,-0.2,FALSE,38,0.480613317476216,0.506853598380951,0.025306592040513,0.7,0.0430672017359573,0.0262402809047352,"gamma_bin"
"gamma_bin_7.50_2.72","vary_sd",2.72,-0.2,FALSE,39,0.729684595490469,0.7530983922882,0.0247165228387358,0.88,0.0516686720638638,0.0234137967977314,"gamma_bin"
"gamma_bin_7.50_2.72","vary_sd",2.72,-0.2,FALSE,40,0.815117093248404,0.808711968205453,0.0260120761933509,0.96,0.0530956300486608,-0.00640512504295065,"gamma_bin"
"gamma_bin_7.50_2.72","vary_sd",2.72,-0.2,FALSE,41,0.615435524003123,0.59739827665788,0.0228373590475122,0.89,0.046033022715788,-0.0180372473452426,"gamma_bin"
"gamma_bin_7.50_2.72","vary_sd",2.72,-0.2,FALSE,42,0.771681049543453,0.748039845819686,0.0233233048328564,0.91,0.0527982042979131,-0.023641203723767,"gamma_bin"
"gamma_bin_7.50_2.72","vary_sd",2.72,-0.2,FALSE,43,0.638637642797715,0.627784134502677,0.0251501003403412,0.93,0.0499722795440736,-0.0108535082950382,"gamma_bin"
"gamma_bin_7.50_2.72","vary_sd",2.72,-0.2,FALSE,44,0.502607638572081,0.494552295488078,0.0233748177508022,0.98,0.0458324869249016,-0.0080553430840028,"gamma_bin"
"gamma_bin_7.50_2.72","vary_sd",2.72,-0.2,FALSE,45,0.419348773276434,0.422940406136804,0.0221781567045115,0.94,0.0436340872199589,0.00359163286036951,"gamma_bin"
"gamma_bin_7.50_2.72","vary_sd",2.72,-0.2,FALSE,46,0.532523289397014,0.532777746435116,0.0263717888189401,0.94,0.0502687806507578,0.000254457038101674,"gamma_bin"
"gamma_bin_7.50_2.72","vary_sd",2.72,-0.2,FALSE,47,0.748164536979726,0.738489847527972,0.0295270205552989,0.94,0.0608272507604408,-0.00967468945175365,"gamma_bin"
"gamma_bin_7.50_2.72","vary_sd",2.72,-0.2,FALSE,48,0.699597036363356,0.692994878451248,0.0281431642214728,0.98,0.0609454975020812,-0.00660215791210839,"gamma_bin"
"gamma_bin_7.50_2.72","vary_sd",2.72,-0.2,FALSE,49,0.840634610500807,0.835922826103764,0.0336164207289346,0.96,0.0696919211089514,-0.0047117843970429,"gamma_bin"
"gamma_bin_7.50_2.72","vary_sd",2.72,-0.2,FALSE,50,0.605572567510499,0.606241481470899,0.0304751836581182,0.96,0.0618916127125262,0.00066891396040003,"gamma_bin"
"gamma_bin_7.50_2.72","vary_sd",2.72,-0.2,FALSE,51,0.551154795645625,0.567066805961138,0.03114415689859,0.94,0.0620671111162229,0.0159120103155129,"gamma_bin"
"gamma_bin_7.50_2.72","vary_sd",2.72,-0.2,FALSE,52,0.382419782215341,0.392985053028648,0.0306661574735613,0.89,0.0530321579161947,0.0105652708133069,"gamma_bin"
"gamma_bin_7.50_2.72","vary_sd",2.72,-0.2,FALSE,53,0.67605453850849,0.693893808797518,0.0421666839372151,0.85,0.071854399920579,0.017839270289028,"gamma_bin"
"gamma_bin_7.50_2.72","vary_sd",2.72,-0.2,FALSE,54,0.67389745281474,0.680244381312041,0.0368960962884444,0.94,0.0725788480135068,0.00634692849730067,"gamma_bin"
"gamma_bin_7.50_2.72","vary_sd",2.72,-0.2,FALSE,55,0.928654307802489,0.919245878664437,0.0493469100548214,0.94,0.0866969287182598,-0.00940842913805184,"gamma_bin"
"gamma_bin_7.50_2.72","vary_sd",2.72,-0.2,FALSE,56,0.750444909156983,0.74676882942326,0.0433206861380771,0.95,0.0809333887488945,-0.00367607973372286,"gamma_bin"
"gamma_bin_7.50_2.72","vary_sd",2.72,-0.2,FALSE,57,0.713559496047443,0.716367814681138,0.0435419514769463,0.95,0.0822530879344583,0.00280831863369457,"gamma_bin"
"gamma_bin_7.50_2.72","vary_sd",2.72,-0.2,FALSE,58,0.492127182876667,0.506664117215603,0.0357068987150778,0.94,0.0713195095005628,0.0145369343389355,"gamma_bin"
"gamma_bin_7.50_2.72","vary_sd",2.72,-0.2,FALSE,59,0.488121905081673,0.49868407324985,0.0417656856004476,0.9,0.0721934438981186,0.0105621681681774,"gamma_bin"
"gamma_bin_7.50_2.72","vary_sd",2.72,-0.2,FALSE,60,0.671861168143052,0.694299846091837,0.0430564235775611,0.92,0.0864515192676176,0.0224386779487854,"gamma_bin"
"gamma_bin_7.50_2.72","vary_sd",2.72,-0.2,FALSE,61,0.791762464983911,0.801144700895984,0.0473254328128979,0.95,0.0944189393619064,0.0093822359120731,"gamma_bin"
"gamma_bin_7.50_2.72","vary_sd",2.72,-0.2,FALSE,62,0.652922492639065,0.6527857423983,0.0477105888420735,0.95,0.0873844752795332,-0.000136750240765315,"gamma_bin"
"gamma_bin_7.50_2.72","vary_sd",2.72,-0.2,FALSE,63,0.613891069127135,0.608106783006848,0.044833350881581,0.96,0.0871589061010709,-0.00578428612028681,"gamma_bin"
"gamma_bin_7.50_2.72","vary_sd",2.72,-0.2,FALSE,64,0.747174650317661,0.750586051266141,0.051997565051287,0.94,0.100192450998947,0.00341140094848036,"gamma_bin"
"gamma_bin_7.50_2.72","vary_sd",2.72,-0.2,FALSE,65,0.706701130088712,0.72210667563883,0.0476828854345024,0.95,0.101325698004857,0.0154055455501179,"gamma_bin"
"gamma_bin_7.50_2.72","vary_sd",2.72,-0.2,FALSE,66,0.51187393654748,0.521450458084148,0.0413435034321868,0.95,0.0883802849378152,0.00957652153666777,"gamma_bin"
"gamma_bin_7.50_2.72","vary_sd",2.72,-0.2,FALSE,67,0.670601402325688,0.677354669362341,0.0522151609689131,0.95,0.103107757045537,0.00675326703665258,"gamma_bin"
"gamma_bin_7.50_2.72","vary_sd",2.72,-0.2,FALSE,68,1.17253163081397,1.17849602627617,0.0671394895705411,0.98,0.139093971918587,0.00596439546220373,"gamma_bin"
"gamma_bin_7.50_2.72","vary_sd",2.72,-0.2,FALSE,69,1.09882955126721,1.0885992397462,0.0702526075873556,0.94,0.136905119939468,-0.0102303115210107,"gamma_bin"
"gamma_bin_7.50_2.72","vary_sd",2.72,-0.2,FALSE,70,0.864010024055233,0.869589190662284,0.053258355757388,0.98,0.12549932008247,0.00557916660705138,"gamma_bin"
"gamma_bin_7.50_2.72","vary_sd",2.72,-0.2,FALSE,71,0.715098113998147,0.732742204266433,0.0563885224012137,0.97,0.117483337072158,0.0176440902682862,"gamma_bin"
"gamma_bin_7.50_2.72","vary_sd",2.72,-0.2,FALSE,72,0.5778146754347,0.608234720509186,0.0583790290016851,0.92,0.107853782055592,0.030420045074486,"gamma_bin"
"gamma_bin_7.50_2.72","vary_sd",2.72,-0.2,FALSE,73,0.968098548670386,1.00293407165804,0.0729613992791249,0.93,0.138363666542725,0.0348355229876532,"gamma_bin"
"gamma_bin_7.50_2.72","vary_sd",2.72,-0.2,FALSE,74,0.655349167508219,0.666779074333642,0.0581209052848107,0.95,0.112661874222504,0.0114299068254228,"gamma_bin"
"gamma_bin_7.50_2.72","vary_sd",2.72,-0.2,FALSE,75,0.59977224361632,0.584096537843644,0.0629559990620954,0.9,0.106107948192834,-0.0156757057726761,"gamma_bin"
"gamma_bin_7.50_2.72","vary_sd",2.72,-0.2,FALSE,76,0.795810456805532,0.788409398568013,0.0666669555527167,0.93,0.125191431124071,-0.00740105823751924,"gamma_bin"
"gamma_bin_7.50_2.72","vary_sd",2.72,-0.2,FALSE,77,0.873668877519834,0.868333952088562,0.0660158234020922,0.97,0.134207228167091,-0.00533492543127212,"gamma_bin"
"gamma_bin_7.50_2.72","vary_sd",2.72,-0.2,FALSE,78,0.655524310026793,0.654904742683048,0.0596973945052852,0.97,0.119389099517582,-0.000619567343744798,"gamma_bin"
"gamma_bin_7.50_2.72","vary_sd",2.72,-0.2,FALSE,79,0.810623636163075,0.805813446817727,0.0575566712164367,0.99,0.135878474528294,-0.0048101893453476,"gamma_bin"
"gamma_bin_7.50_2.72","vary_sd",2.72,-0.2,FALSE,80,0.610456557383718,0.630809068714257,0.0618251616613828,0.93,0.122994491780197,0.0203525113305392,"gamma_bin"
"gamma_bin_7.50_2.72","vary_sd",2.72,-0.2,FALSE,81,0.859858611274139,0.865860787127911,0.0774770064391243,0.96,0.147006466136235,0.00600217585377205,"gamma_bin"
"gamma_bin_7.50_2.72","vary_sd",2.72,-0.2,FALSE,82,0.71793472208637,0.720640339826303,0.0696602101715874,0.95,0.136451759873006,0.0027056177399335,"gamma_bin"
"gamma_bin_7.50_2.72","vary_sd",2.72,-0.2,FALSE,83,0.992203959261976,0.987052921782039,0.083561907821598,0.93,0.162528445273553,-0.00515103747993728,"gamma_bin"
"gamma_bin_7.50_2.72","vary_sd",2.72,-0.2,FALSE,84,1.12541562776308,1.1480117877224,0.0929715653178351,0.94,0.178599624257066,0.022596159959317,"gamma_bin"
"gamma_bin_7.50_2.72","vary_sd",2.72,-0.2,FALSE,85,0.719081428835968,0.720381305722256,0.0752859466653141,0.94,0.143985015395283,0.00129987688628763,"gamma_bin"
"gamma_bin_7.50_2.72","vary_sd",2.72,-0.2,FALSE,86,0.84752493125734,0.879061153268909,0.082234084421483,0.91,0.161341404817025,0.0315362220115692,"gamma_bin"
"gamma_bin_7.50_2.72","vary_sd",2.72,-0.2,FALSE,87,0.855021916180829,0.879777503213343,0.0753157054271877,0.98,0.162570161493706,0.0247555870325136,"gamma_bin"
"gamma_bin_7.50_2.72","vary_sd",2.72,-0.2,FALSE,88,1.05231211723794,1.07251492320167,0.104423029439943,0.92,0.179804765578611,0.0202028059637305,"gamma_bin"
"gamma_bin_7.50_2.72","vary_sd",2.72,-0.2,FALSE,89,0.736245763604483,0.730760815938877,0.0686795209373221,0.99,0.148825202411914,-0.00548494766560603,"gamma_bin"
"gamma_bin_7.50_2.72","vary_sd",2.72,-0.2,FALSE,90,0.910435800275709,0.905331722437788,0.0879006197343345,0.93,0.166554210737431,-0.00510407783792055,"gamma_bin"
"gamma_bin_7.50_2.72","vary_sd",2.72,-0.2,FALSE,91,0.875373992276142,0.87857678031218,0.0698624939100677,0.97,0.16526167152564,0.00320278803603791,"gamma_bin"
"gamma_bin_7.50_2.72","vary_sd",2.72,-0.2,FALSE,92,1.13308580158326,1.1269620612654,0.0887018287061862,0.95,0.188706275483475,-0.0061237403178569,"gamma_bin"
"gamma_bin_7.50_2.72","vary_sd",2.72,-0.2,FALSE,93,0.779622317935819,0.77914743864303,0.0902653237469268,0.9,0.158296283167539,-0.000474879292789221,"gamma_bin"
"gamma_bin_7.50_2.72","vary_sd",2.72,-0.2,FALSE,94,0.738590807925372,0.737701903697527,0.0721244182401032,0.97,0.155497320095702,-0.000888904227844711,"gamma_bin"
"gamma_bin_7.50_2.72","vary_sd",2.72,-0.2,FALSE,95,0.736386067431423,0.747959899501608,0.0795069003233376,0.95,0.157602009731249,0.011573832070185,"gamma_bin"
"gamma_bin_7.50_2.72","vary_sd",2.72,-0.2,FALSE,96,0.940470991453404,0.963146371789301,0.094695815603244,0.96,0.179731687459428,0.0226753803358974,"gamma_bin"
"gamma_bin_7.50_2.72","vary_sd",2.72,-0.2,FALSE,97,0.92681020267862,0.939146926427203,0.0851803257056467,0.96,0.178893748087605,0.0123367237485832,"gamma_bin"
"gamma_bin_7.50_2.72","vary_sd",2.72,-0.2,FALSE,98,0.805264800704658,0.786066898365681,0.0872482321405514,0.95,0.165561889436136,-0.0191979023389768,"gamma_bin"
"gamma_bin_7.50_2.72","vary_sd",2.72,-0.2,FALSE,99,0.96897608307621,0.974297906837798,0.0928717597976954,0.94,0.187071050264633,0.00532182376158807,"gamma_bin"
"gamma_bin_7.50_2.72","vary_sd",2.72,-0.2,FALSE,100,0.483332995262756,0.487743358168301,0.0631950608029641,0.99,0.13408426949574,0.00441036290554481,"gamma_bin"
"gamma_bin_7.50_2.72","vary_sd",2.72,-0.2,FALSE,101,0.66077716283239,0.669005327279444,0.0751325885259384,0.96,0.158725933479714,0.00822816444705443,"gamma_bin"
"gamma_bin_7.50_2.72","vary_sd",2.72,-0.2,FALSE,102,0.655745239910364,0.657395278018243,0.0796231225314021,0.97,0.158725277619513,0.00165003810787934,"gamma_bin"
"gamma_bin_7.50_2.72","vary_sd",2.72,-0.2,FALSE,103,1.19599908198214,1.18652116729945,0.099016874226814,0.96,0.216066743081982,-0.00947791468269088,"gamma_bin"
"gamma_bin_7.50_2.72","vary_sd",2.72,-0.2,FALSE,104,1.52020654998133,1.49165088110508,0.130577233187955,0.93,0.247052512244173,-0.0285556688762452,"gamma_bin"
"gamma_bin_7.50_2.72","vary_sd",2.72,-0.2,FALSE,105,1.10303826313934,1.10008501074234,0.13293197565848,0.94,0.217430569240311,-0.0029532523969984,"gamma_bin"
"gamma_bin_7.50_2.72","vary_sd",2.72,-0.2,FALSE,106,0.895258886773757,0.933551344430738,0.0977429701404412,0.92,0.20455467922181,0.0382924576569814,"gamma_bin"
"gamma_bin_7.50_2.72","vary_sd",2.72,-0.2,FALSE,107,0.603016892421566,0.635476487950439,0.081379386929288,0.95,0.169275288176283,0.0324595955288727,"gamma_bin"
"gamma_bin_7.50_2.72","vary_sd",2.72,-0.2,FALSE,108,1.07762321196894,1.12930236060342,0.117298688743289,0.9,0.222480205383062,0.0516791486344796,"gamma_bin"
"gamma_bin_7.50_2.72","vary_sd",2.72,-0.2,FALSE,109,1.67936751135944,1.72297127400156,0.13085525241983,0.95,0.269882946045303,0.043603762642118,"gamma_bin"
"gamma_bin_7.50_2.72","vary_sd",2.72,-0.2,FALSE,110,0.778512854791425,0.788625937334793,0.105975835126216,0.93,0.1805956497785,0.0101130825433676,"gamma_bin"
"gamma_bin_7.50_2.72","vary_sd",2.72,-0.2,FALSE,111,0.992005341124613,0.974944132838756,0.094181284301204,0.96,0.200835454261889,-0.0170612082858574,"gamma_bin"
"gamma_bin_7.50_2.72","vary_sd",2.72,-0.2,FALSE,112,1.07688074493023,1.09322628258011,0.104154398783549,0.95,0.21247927995902,0.0163455376498831,"gamma_bin"
"gamma_bin_7.50_2.72","vary_sd",2.72,-0.2,FALSE,113,0.702400819858529,0.71826716248649,0.0931336017701796,0.89,0.171053924987492,0.0158663426279606,"gamma_bin"
"gamma_bin_7.50_2.72","vary_sd",2.72,-0.2,FALSE,114,0.976066509197994,0.975355583469004,0.1171332801326,0.9,0.197912198011352,-0.00071092572899023,"gamma_bin"
"gamma_bin_7.50_2.72","vary_sd",2.72,-0.2,FALSE,115,1.23867756628513,1.24601880638439,0.109161423573228,0.98,0.222895780929439,0.00734124009925785,"gamma_bin"
"gamma_bin_7.50_2.72","vary_sd",2.72,-0.2,FALSE,116,1.16180338965973,1.14774495956806,0.116808305428776,0.89,0.214167474917402,-0.0140584300916708,"gamma_bin"
"gamma_bin_7.50_2.72","vary_sd",2.72,-0.2,FALSE,117,1.19462029108814,1.18021875289782,0.124223939591223,0.91,0.218577365701082,-0.0144015381903164,"gamma_bin"
"gamma_bin_7.50_2.72","vary_sd",2.72,-0.2,FALSE,118,1.16321995780671,1.18436818422961,0.109143850255363,0.92,0.219983848923817,0.0211482264229035,"gamma_bin"
"gamma_bin_7.50_2.72","vary_sd",2.72,-0.2,FALSE,119,1.07032628214879,1.07805850609581,0.121231971220341,0.92,0.20928688338045,0.007732223947021,"gamma_bin"
"gamma_bin_7.50_2.72","vary_sd",2.72,-0.2,FALSE,120,0.877757633134012,0.891099714026454,0.0942493808426705,0.95,0.188489778063464,0.0133420808924418,"gamma_bin"
"gamma_bin_7.50_2.72","vary_sd",2.72,-0.2,FALSE,121,1.36755731263547,1.3726801861246,0.116211120393729,0.95,0.230748158781418,0.00512287348913176,"gamma_bin"
"gamma_bin_7.50_2.72","vary_sd",2.72,-0.2,FALSE,122,0.835796444244159,0.842587793463789,0.0978376575270844,0.92,0.178426406268316,0.00679134921962998,"gamma_bin"
"gamma_bin_7.50_2.72","vary_sd",2.72,-0.2,FALSE,123,1.26724551805682,1.27316447481119,0.106850617128451,0.96,0.21778360962905,0.00591895675436982,"gamma_bin"
"gamma_bin_7.50_2.72","vary_sd",2.72,-0.2,FALSE,124,0.969129898643769,0.974572281822057,0.0884862348687087,0.97,0.189614975401783,0.00544238317828816,"gamma_bin"
"gamma_bin_7.50_2.72","vary_sd",2.72,-0.2,FALSE,125,0.847338782890042,0.860476260066575,0.0922059374103366,0.92,0.177492108308441,0.0131374771765326,"gamma_bin"
"gamma_bin_7.50_2.72","vary_sd",2.72,-0.2,FALSE,126,0.715564882412269,0.727498803503256,0.0811861559805926,0.93,0.162731556138254,0.0119339210909872,"gamma_bin"
"gamma_bin_7.50_2.72","vary_sd",2.72,-0.2,FALSE,127,0.94782383341486,0.953493126768393,0.100190322439572,0.96,0.185618922992821,0.00566929335353294,"gamma_bin"
"gamma_bin_7.50_2.72","vary_sd",2.72,-0.2,FALSE,128,0.685081694959754,0.690383174726283,0.0733091860048082,0.95,0.157996814983788,0.0053014797665285,"gamma_bin"
"gamma_bin_7.50_2.72","vary_sd",2.72,-0.2,FALSE,129,0.940719567434955,0.93229641156528,0.0851092606464626,0.96,0.184429857360698,-0.00842315586967468,"gamma_bin"
"gamma_bin_7.50_2.72","vary_sd",2.72,-0.2,FALSE,130,0.882735861931285,0.873691259005244,0.0930692201629404,0.93,0.180570894574705,-0.0090446029260407,"gamma_bin"
"gamma_bin_7.50_2.72","vary_sd",2.72,-0.2,FALSE,131,0.908592867608554,0.92062382996139,0.0919092643802429,0.96,0.188341458727466,0.0120309623528364,"gamma_bin"
"gamma_bin_7.50_2.72","vary_sd",2.72,-0.2,FALSE,132,0.919571358645804,0.925370977866275,0.0863232616512374,0.98,0.191924482941819,0.00579961922047056,"gamma_bin"
"gamma_bin_7.50_2.72","vary_sd",2.72,-0.2,FALSE,133,0.772870216905444,0.759531446677499,0.0804480404459194,0.96,0.176295049930157,-0.0133387702279451,"gamma_bin"
"gamma_bin_7.50_2.72","vary_sd",2.72,-0.2,FALSE,134,0.850110615604727,0.8736121785778,0.0939385186667423,0.94,0.190890772830827,0.0235015629730729,"gamma_bin"
"gamma_bin_7.50_2.72","vary_sd",2.72,-0.2,FALSE,135,0.784750966748685,0.801865424003378,0.0972619169629261,0.94,0.184014021587855,0.0171144572546934,"gamma_bin"
"gamma_bin_7.50_2.72","vary_sd",2.72,-0.2,FALSE,136,0.974669466757976,0.975167603666332,0.11526180477289,0.92,0.20417361868044,0.000498136908355873,"gamma_bin"
"gamma_bin_7.50_2.72","vary_sd",2.72,-0.2,FALSE,137,0.984151011066472,0.987034037112944,0.10263487849702,0.94,0.2075328886009,0.00288302604647217,"gamma_bin"
"gamma_bin_7.50_2.72","vary_sd",2.72,-0.2,FALSE,138,1.1907508581573,1.17673400475896,0.121713470978266,0.95,0.228899680372369,-0.0140168533983405,"gamma_bin"
"gamma_bin_7.50_2.72","vary_sd",2.72,-0.2,FALSE,139,1.38368582408824,1.40239555718377,0.126078199750541,0.96,0.252827174145687,0.0187097330955288,"gamma_bin"
"gamma_bin_7.50_2.72","vary_sd",2.72,-0.2,FALSE,140,0.815817246340058,0.830891245888865,0.108005529512376,0.95,0.195876906412908,0.0150739995488073,"gamma_bin"
"gamma_bin_7.50_2.72","vary_sd",2.72,-0.2,FALSE,141,0.948708845408202,0.979662029058059,0.103010412501985,0.95,0.212906140164796,0.0309531836498573,"gamma_bin"
"gamma_bin_7.50_2.72","vary_sd",2.72,-0.2,FALSE,142,0.887913521021147,0.920922425227413,0.0990479983515175,0.93,0.204532402787749,0.0330089042062657,"gamma_bin"
"gamma_bin_7.50_2.72","vary_sd",2.72,-0.2,FALSE,143,1.33195215209727,1.36527963428467,0.122011784234332,0.97,0.245798770342173,0.0333274821874039,"gamma_bin"
"gamma_bin_7.50_2.72","vary_sd",2.72,-0.2,FALSE,144,1.33130915175386,1.31803865705764,0.120393128846716,0.95,0.239385435628333,-0.0132704946962203,"gamma_bin"
"gamma_bin_7.50_2.72","vary_sd",2.72,-0.2,FALSE,145,1.36040954450305,1.35765479105873,0.112554308740655,0.96,0.242384404699898,-0.00275475344431797,"gamma_bin"
"gamma_bin_7.50_2.72","vary_sd",2.72,-0.2,FALSE,146,1.03071516120352,1.03643904815538,0.0971287315262079,1,0.211458867920688,0.00572388695186077,"gamma_bin"
"gamma_bin_7.50_2.72","vary_sd",2.72,-0.2,FALSE,147,1.01542687773298,1.03458384306312,0.102688196298163,0.95,0.209684877187389,0.0191569653301418,"gamma_bin"
"gamma_bin_7.50_2.72","vary_sd",2.72,-0.2,FALSE,148,0.918038272830281,0.934035455728728,0.0958644264881874,0.96,0.196413093215528,0.0159971828984471,"gamma_bin"
"gamma_bin_7.50_2.72","vary_sd",2.72,-0.2,FALSE,149,0.795403147880171,0.803853361577484,0.0949570528161358,0.94,0.178801239954742,0.00845021369731269,"gamma_bin"
"gamma_bin_7.50_2.72","vary_sd",2.72,-0.2,FALSE,150,0.947076494147123,0.933259933363154,0.102086055350249,0.92,0.189993443012082,-0.0138165607839689,"gamma_bin"
"gamma_bin_7.50_2.72","vary_sd",2.72,-0.2,FALSE,151,0.838902415667924,0.827962439649536,0.0891122621353739,0.97,0.178108715464824,-0.0109399760183877,"gamma_bin"
"gamma_bin_7.50_2.72","vary_sd",2.72,-0.2,FALSE,152,1.10280245382765,1.09384176316773,0.0942071068708432,0.95,0.205774134270921,-0.00896069065991711,"gamma_bin"
"gamma_bin_7.50_2.72","vary_sd",2.72,-0.2,FALSE,153,1.09815440539428,1.06801241548905,0.09375500680558,0.96,0.205556329737247,-0.030141989905226,"gamma_bin"
"gamma_bin_7.50_2.72","vary_sd",2.72,-0.2,FALSE,154,0.933699509626363,0.913877531375797,0.110852433516529,0.93,0.192652871325583,-0.0198219782505662,"gamma_bin"
"gamma_bin_7.50_2.72","vary_sd",2.72,-0.2,FALSE,155,0.677259462566555,0.681118199409192,0.0790633479719066,0.97,0.167925227699273,0.00385873684263704,"gamma_bin"
"gamma_bin_7.50_2.72","vary_sd",2.72,-0.2,FALSE,156,0.794318325784725,0.818871657593172,0.0930008454066589,0.94,0.184904791746017,0.0245533318084465,"gamma_bin"
"gamma_bin_7.50_2.72","vary_sd",2.72,-0.2,FALSE,157,0.863129045133472,0.878069590384707,0.0973459968367853,0.97,0.191339099174756,0.0149405452512351,"gamma_bin"
"gamma_bin_7.50_2.72","vary_sd",2.72,-0.2,FALSE,158,1.2121292060572,1.20567389969229,0.127532071115596,0.92,0.224594392987242,-0.00645530636490776,"gamma_bin"
"gamma_bin_7.50_2.72","vary_sd",2.72,-0.2,FALSE,159,1.02410099479473,1.00597682205323,0.102356703595483,0.95,0.206917822882032,-0.0181241727415025,"gamma_bin"
"gamma_bin_7.50_2.72","vary_sd",2.72,-0.2,FALSE,160,0.905625417711481,0.900706558953225,0.0995931615277168,0.92,0.198304327316828,-0.00491885875825626,"gamma_bin"
"gamma_bin_7.50_2.72","vary_sd",2.72,-0.2,FALSE,161,0.911623484707899,0.948304258550794,0.101294842347988,0.93,0.205624855407481,0.0366807738428951,"gamma_bin"
"gamma_bin_7.50_2.72","vary_sd",2.72,-0.2,FALSE,162,0.854314364398061,0.878054276239762,0.0947190909336397,0.93,0.198587427601067,0.0237399118417014,"gamma_bin"
"gamma_bin_7.50_2.72","vary_sd",2.72,-0.2,FALSE,163,0.939538506142908,0.965207614065134,0.105495539648836,0.94,0.207852967894021,0.0256691079222255,"gamma_bin"
"gamma_bin_7.50_2.72","vary_sd",2.72,-0.2,FALSE,164,0.804264811038419,0.821523258868283,0.101343642226216,0.97,0.191475079416744,0.0172584478298639,"gamma_bin"
"gamma_bin_7.50_2.72","vary_sd",2.72,-0.2,FALSE,165,1.00142358506205,0.997421812839492,0.102502011344372,0.96,0.211210054202627,-0.0040017722225576,"gamma_bin"
"gamma_bin_7.50_2.72","vary_sd",2.72,-0.2,FALSE,166,1.22258511650756,1.23014125102561,0.0986635087047856,0.99,0.235980099423999,0.00755613451804638,"gamma_bin"
"gamma_bin_7.50_2.72","vary_sd",2.72,-0.2,FALSE,167,0.797785743145654,0.800696917544894,0.0963407078965378,0.96,0.191806677014853,0.00291117439924016,"gamma_bin"
"gamma_bin_7.50_2.72","vary_sd",2.72,-0.2,FALSE,168,1.1498418409574,1.16801348492708,0.117869310953089,0.93,0.233404704137985,0.0181716439696833,"gamma_bin"
"gamma_bin_7.50_2.72","vary_sd",2.72,-0.2,FALSE,169,0.760349335694062,0.753217120378139,0.094748335593446,0.94,0.188201746689222,-0.0071322153159229,"gamma_bin"
"gamma_bin_7.50_2.72","vary_sd",2.72,-0.2,FALSE,170,1.37423882796411,1.39410862755839,0.114595762316821,0.97,0.25569513516718,0.0198697995942838,"gamma_bin"
"gamma_bin_7.50_2.72","vary_sd",2.72,-0.2,FALSE,171,0.879916177740953,0.886917601741447,0.105036930580051,0.95,0.203525571778178,0.00700142400049419,"gamma_bin"
"gamma_bin_7.50_2.72","vary_sd",2.72,-0.2,FALSE,172,1.40469809778524,1.40657701029394,0.117776812954442,0.99,0.255727633698797,0.00187891250869665,"gamma_bin"
"gamma_bin_7.50_2.72","vary_sd",2.72,-0.2,FALSE,173,0.919193657171105,0.928741626947912,0.0933160304664854,0.98,0.207396142904714,0.00954796977680705,"gamma_bin"
"gamma_bin_7.50_2.72","vary_sd",2.72,-0.2,FALSE,174,0.923156528563282,0.952532710341783,0.111485338823679,0.93,0.209229722067705,0.0293761817785014,"gamma_bin"
"gamma_bin_7.50_2.72","vary_sd",2.72,-0.2,FALSE,175,1.03837120055872,1.04528662052458,0.123287070943941,0.95,0.217336659677033,0.00691541996585743,"gamma_bin"
"gamma_bin_7.50_2.72","vary_sd",2.72,-0.2,FALSE,176,0.998550191051843,1.00891672328307,0.120884692124758,0.93,0.211738314440856,0.0103665322312315,"gamma_bin"
"gamma_bin_7.50_2.72","vary_sd",2.72,-0.2,FALSE,177,1.0672490953256,1.05976490135929,0.108902182143881,0.94,0.215742587655379,-0.00748419396630684,"gamma_bin"
"gamma_bin_7.50_2.72","vary_sd",2.72,-0.2,FALSE,178,0.796488943635566,0.782393241627676,0.0951036506406662,0.93,0.184964260917327,-0.0140957020078898,"gamma_bin"
"gamma_bin_7.50_2.72","vary_sd",2.72,-0.2,FALSE,179,1.19853631620291,1.1915894208824,0.115764099559385,0.95,0.22851033926346,-0.00694689532051185,"gamma_bin"
"gamma_bin_7.50_2.72","vary_sd",2.72,-0.2,FALSE,180,1.18742234445089,1.1969435798131,0.116340937138009,0.95,0.22951210527976,0.00952123536220517,"gamma_bin"
"gamma_bin_7.50_2.72","vary_sd",2.72,-0.2,FALSE,181,1.49419822100474,1.50170415657166,0.128825407500616,0.95,0.257850984703146,0.00750593556691648,"gamma_bin"
"gamma_bin_7.50_2.72","vary_sd",2.72,-0.2,FALSE,182,1.51569971274724,1.51929530137915,0.137710331313749,0.98,0.259617801685947,0.00359558863190856,"gamma_bin"
"gamma_bin_7.50_2.72","vary_sd",2.72,-0.2,FALSE,183,0.993078083144793,1.01463062126322,0.116877891690947,0.92,0.211093102873925,0.0215525381184267,"gamma_bin"
"gamma_bin_7.50_2.72","vary_sd",2.72,-0.2,FALSE,184,0.900895179433443,0.952131274421358,0.101537767405449,0.92,0.201667287491836,0.0512360949879147,"gamma_bin"
"gamma_bin_7.50_2.72","vary_sd",2.72,-0.2,FALSE,185,0.823216514722493,0.838312272827829,0.0850027357294641,0.98,0.1848427344545,0.0150957581053357,"gamma_bin"
"gamma_bin_7.50_2.72","vary_sd",2.72,-0.2,FALSE,186,1.22622352517845,1.23508355940849,0.101603800742664,0.96,0.219208219798117,0.00886003423004089,"gamma_bin"
"gamma_bin_7.50_2.72","vary_sd",2.72,-0.2,FALSE,187,0.917485344129662,0.89906112587411,0.0932451542297482,0.97,0.183979280797876,-0.0184242182555516,"gamma_bin"
"gamma_bin_7.50_2.72","vary_sd",2.72,-0.2,FALSE,188,1.14600718978611,1.12278285844214,0.103201035212126,0.96,0.204729201985048,-0.0232243313439724,"gamma_bin"
"gamma_bin_7.50_2.72","vary_sd",2.72,-0.2,FALSE,189,1.15017955401154,1.10858637875152,0.105868897242783,0.92,0.204246686999804,-0.0415931752600247,"gamma_bin"
"gamma_bin_7.50_2.72","vary_sd",2.72,-0.2,FALSE,190,1.13787761403339,1.11127027567967,0.111996397118134,0.92,0.205556731067829,-0.026607338353724,"gamma_bin"
"gamma_bin_7.50_2.72","vary_sd",2.72,-0.2,FALSE,191,1.77820774658985,1.78164607681128,0.13391671029784,0.93,0.261098524329216,0.0034383302214307,"gamma_bin"
"gamma_bin_7.50_2.72","vary_sd",2.72,-0.2,FALSE,192,1.12621869533816,1.1417644653887,0.109189196217514,0.95,0.208457688588619,0.015545770050535,"gamma_bin"
"gamma_bin_7.50_2.72","vary_sd",2.72,-0.2,FALSE,193,1.63142687231341,1.64852159796992,0.117115697062071,0.97,0.248184551991879,0.0170947256565146,"gamma_bin"
"gamma_bin_7.50_2.72","vary_sd",2.72,-0.2,FALSE,194,1.9613208229511,2.01267855861005,0.152978897972531,0.91,0.269364784290756,0.0513577356589525,"gamma_bin"
"gamma_bin_7.50_2.72","vary_sd",2.72,-0.2,FALSE,195,1.62644217295684,1.66334652168282,0.14390872857288,0.91,0.238715134917747,0.0369043487259773,"gamma_bin"
"gamma_bin_7.50_2.72","vary_sd",2.72,-0.2,FALSE,196,1.22114876712024,1.23862143572217,0.0972058895451684,0.96,0.199713616033825,0.0174726686019335,"gamma_bin"
"gamma_bin_7.50_2.72","vary_sd",2.72,-0.2,FALSE,197,1.08512340553335,1.12937818228896,0.0958072934996223,0.91,0.184008005424581,0.0442547767556072,"gamma_bin"
"gamma_bin_7.50_2.72","vary_sd",2.72,-0.2,FALSE,198,1.22271087570671,1.24219072430532,0.0868800770148048,0.96,0.185489289821957,0.0194798485986065,"gamma_bin"
"gamma_bin_7.50_2.72","vary_sd",2.72,-0.2,FALSE,199,1.2960340351298,1.30783529504883,0.0943125547269955,0.96,0.183760987399644,0.0118012599190285,"gamma_bin"
"gamma_bin_7.50_2.72","vary_sd",2.72,-0.2,FALSE,200,1.66920711624072,1.65359708576407,0.106362562500663,0.94,0.201682407146577,-0.0156100304766487,"gamma_bin"
"gamma_bin_7.50_2.72","vary_sd",2.72,-0.2,FALSE,201,1.16940768861372,1.14398555310426,0.0822392953052646,0.95,0.165320895299406,-0.0254221355094586,"gamma_bin"
"gamma_bin_7.50_2.72","vary_sd",2.72,-0.2,FALSE,202,1.0787760344722,1.08868019356999,0.084792068776967,0.96,0.159617464103827,0.00990415909778997,"gamma_bin"
"gamma_bin_7.50_2.72","vary_sd",2.72,-0.2,FALSE,203,0.894614924502778,0.893541400349962,0.0745353028924482,0.96,0.142616021059652,-0.00107352415281581,"gamma_bin"
"gamma_bin_7.50_2.72","vary_sd",2.72,-0.2,FALSE,204,0.818936942727194,0.823734456890366,0.0601667738097181,0.97,0.134364291593386,0.0047975141631722,"gamma_bin"
"gamma_bin_7.50_2.72","vary_sd",2.72,-0.2,FALSE,205,0.966688195947552,0.9618767329515,0.0790366856365728,0.9,0.142634745103215,-0.00481146299605251,"gamma_bin"
"gamma_bin_7.50_2.72","vary_sd",2.72,-0.2,FALSE,206,0.735602657677609,0.716376671796117,0.05877652568917,0.97,0.1219310018889,-0.0192259858814922,"gamma_bin"
"gamma_bin_7.50_2.72","vary_sd",2.72,-0.2,FALSE,207,0.854906249805799,0.834220530376574,0.0719515646576769,0.91,0.131636313762528,-0.0206857194292248,"gamma_bin"
"gamma_bin_7.50_2.72","vary_sd",2.72,-0.2,FALSE,208,1.18360616945073,1.15096489653684,0.0787176120786232,0.93,0.156205011827189,-0.0326412729138927,"gamma_bin"
"gamma_bin_7.50_2.72","vary_sd",2.72,-0.2,FALSE,209,1.4602885501346,1.41975874368005,0.0898078707532586,0.93,0.176031222993873,-0.0405298064545476,"gamma_bin"
"gamma_bin_7.50_2.72","vary_sd",2.72,-0.2,FALSE,210,0.828346816490767,0.818861344414686,0.0744082139914659,0.93,0.135863550575808,-0.00948547207608119,"gamma_bin"
"gamma_bin_7.50_2.72","vary_sd",2.72,-0.2,FALSE,211,0.945514704257119,0.956147403713637,0.0667861132703838,0.95,0.148360636364,0.0106326994565185,"gamma_bin"
"gamma_bin_7.50_2.72","vary_sd",2.72,-0.2,FALSE,212,0.790503634328223,0.815226530656539,0.0714007438454738,0.93,0.136707695518455,0.0247228963283161,"gamma_bin"
"gamma_bin_7.50_2.72","vary_sd",2.72,-0.2,FALSE,213,1.43200091428725,1.46294441090057,0.0846917072547011,0.94,0.181390498201468,0.0309434966133229,"gamma_bin"
"gamma_bin_7.50_2.72","vary_sd",2.72,-0.2,FALSE,214,1.11427471246835,1.10470177141067,0.0687635509713456,0.96,0.156102953414518,-0.00957294105768325,"gamma_bin"
"gamma_bin_7.50_2.72","vary_sd",2.72,-0.2,FALSE,215,1.11570572194133,1.12884126027288,0.084268594657607,0.94,0.157189307490735,0.0131355383315546,"gamma_bin"
"gamma_bin_7.50_2.72","vary_sd",2.72,-0.2,FALSE,216,1.45325455274622,1.45569088723092,0.0917305615597341,0.95,0.178269436489344,0.00243633448469716,"gamma_bin"
"gamma_bin_7.50_2.72","vary_sd",2.72,-0.2,FALSE,217,1.1420513438864,1.13664322700898,0.0876969283158795,0.93,0.15674698791149,-0.00540811687742448,"gamma_bin"
"gamma_bin_7.50_2.72","vary_sd",2.72,-0.2,FALSE,218,0.657956194341687,0.675921708022086,0.06544075810243,0.93,0.119653491076529,0.017965513680399,"gamma_bin"
"gamma_bin_7.50_2.72","vary_sd",2.72,-0.2,FALSE,219,1.37055796530381,1.39497502793391,0.0854132189770492,0.94,0.169430052361985,0.0244170626300986,"gamma_bin"
"gamma_bin_7.50_2.72","vary_sd",2.72,-0.2,FALSE,220,1.1217671045533,1.13035696709343,0.0829740305157003,0.92,0.150041911090925,0.00858986254013239,"gamma_bin"
"gamma_bin_7.50_2.72","vary_sd",2.72,-0.2,FALSE,221,1.82148085595811,1.81344241275764,0.0941635343772647,0.94,0.187936806764115,-0.00803844320046898,"gamma_bin"
"gamma_bin_7.50_2.72","vary_sd",2.72,-0.2,FALSE,222,1.47820728190538,1.46917989640411,0.0838094659094841,0.94,0.168180472652116,-0.00902738550127213,"gamma_bin"
"gamma_bin_7.50_2.72","vary_sd",2.72,-0.2,FALSE,223,1.22912323671868,1.24042255828465,0.0820396950745991,0.92,0.153389428466926,0.0112993215659702,"gamma_bin"
"gamma_bin_7.50_2.72","vary_sd",2.72,-0.2,FALSE,224,1.39166921706407,1.4220087318841,0.076346317640364,0.94,0.161742402605786,0.0303395148200314,"gamma_bin"
"gamma_bin_7.50_2.72","vary_sd",2.72,-0.2,FALSE,225,1.02692395020016,1.06021371844921,0.0647617126509879,0.95,0.136007808056185,0.0332897682490534,"gamma_bin"
"gamma_bin_7.50_2.72","vary_sd",2.72,-0.2,FALSE,226,0.944469227223,0.959808165986187,0.0656415575434344,0.96,0.125358532210875,0.0153389387631874,"gamma_bin"
"gamma_bin_7.50_2.72","vary_sd",2.72,-0.2,FALSE,227,0.882935394281871,0.872255643513547,0.0597300621388642,0.91,0.116242409591677,-0.0106797507683237,"gamma_bin"
"gamma_bin_7.50_2.72","vary_sd",2.72,-0.2,FALSE,228,1.25451332375843,1.24125544516025,0.0650277637589265,0.95,0.136073644326347,-0.0132578785981849,"gamma_bin"
"gamma_bin_7.50_2.72","vary_sd",2.72,-0.2,FALSE,229,1.46482234027448,1.42935685426449,0.0709415358294318,0.93,0.144838804436926,-0.0354654860099946,"gamma_bin"
"gamma_bin_7.50_2.72","vary_sd",2.72,-0.2,FALSE,230,1.51066180760486,1.47287502042613,0.0839040872870176,0.9,0.147160989294595,-0.0377867871787341,"gamma_bin"
"gamma_bin_7.50_2.72","vary_sd",2.72,-0.2,FALSE,231,1.76123960010775,1.7304871723477,0.0823026525099688,0.93,0.160012855462147,-0.0307524277600524,"gamma_bin"
"gamma_bin_7.50_2.72","vary_sd",2.72,-0.2,FALSE,232,1.40610248726795,1.42470099552926,0.0675433327282006,0.98,0.144483776788702,0.018598508261314,"gamma_bin"
"gamma_bin_7.50_2.72","vary_sd",2.72,-0.2,FALSE,233,1.50839208568838,1.57113046684656,0.0657244366909597,0.88,0.148957207146047,0.0627383811581763,"gamma_bin"
"gamma_bin_7.50_2.72","vary_sd",2.72,-0.2,FALSE,234,2.14809922234943,2.23521416381744,0.0826354801463674,0.81,0.172073623842938,0.0871149414680144,"gamma_bin"
"gamma_bin_7.50_2.72","vary_sd",2.72,-0.2,FALSE,235,1.77316147702833,1.81924298457161,0.0805271214075996,0.9,0.149511615949563,0.046081507543285,"gamma_bin"
"gamma_bin_7.50_2.72","vary_sd",2.72,-0.2,FALSE,236,1.73482506410384,1.77397766624546,0.0786643459854676,0.9,0.142077078047955,0.0391526021416195,"gamma_bin"
"gamma_bin_7.50_2.72","vary_sd",2.72,-0.2,FALSE,237,1.62267353351007,1.65130410936784,0.0792389345280687,0.88,0.131604624075895,0.0286305758577732,"gamma_bin"
"gamma_bin_7.50_2.72","vary_sd",2.72,-0.2,FALSE,238,1.18124992154851,1.20067898114968,0.0539407904950064,0.93,0.107427013722829,0.0194290596011664,"gamma_bin"
"gamma_bin_7.50_2.72","vary_sd",2.72,-0.2,FALSE,239,1.18465305674865,1.20300970762942,0.0588109135156981,0.88,0.102851521564453,0.0183566508807691,"gamma_bin"
"gamma_bin_7.50_2.72","vary_sd",2.72,-0.2,FALSE,240,1.4168407618799,1.42486769074139,0.056571872777948,0.95,0.107520619364625,0.00802692886148737,"gamma_bin"
"gamma_bin_7.50_2.72","vary_sd",2.72,-0.2,FALSE,241,1.25636383468336,1.23469231854591,0.0456816973966934,0.95,0.0970104216152348,-0.021671516137455,"gamma_bin"
"gamma_bin_7.50_2.72","vary_sd",2.72,-0.2,FALSE,242,1.12127216596798,1.09961831225415,0.0475990601846368,0.91,0.0896879246323195,-0.0216538537138284,"gamma_bin"
"gamma_bin_7.50_2.72","vary_sd",2.72,-0.2,FALSE,243,1.35468577162437,1.33118101013113,0.0491189328844466,0.96,0.0972899124203825,-0.0235047614932427,"gamma_bin"
"gamma_bin_7.50_2.72","vary_sd",2.72,-0.2,FALSE,244,1.01073025572083,1.01216010079543,0.04374745777045,0.96,0.0838780384170254,0.00142984507459976,"gamma_bin"
"gamma_bin_7.50_2.72","vary_sd",2.72,-0.2,FALSE,245,1.09869262296579,1.10175208872094,0.0422334113619075,0.99,0.0865021204095802,0.00305946575515437,"gamma_bin"
"gamma_bin_7.50_2.72","vary_sd",2.72,-0.2,FALSE,246,1.01867243248783,1.01924419070406,0.0418224553060829,0.94,0.0822168411904728,0.000571758216227236,"gamma_bin"
"gamma_bin_7.50_2.72","vary_sd",2.72,-0.2,FALSE,247,0.933300548697082,0.941220775024897,0.0387614247782525,0.96,0.0781610069112633,0.00792022632781464,"gamma_bin"
"gamma_bin_7.50_2.72","vary_sd",2.72,-0.2,FALSE,248,1.07521131224965,1.06385095187344,0.0406431184227252,0.95,0.0824069069448263,-0.011360360376212,"gamma_bin"
"gamma_bin_7.50_2.72","vary_sd",2.72,-0.2,FALSE,249,1.30368079751671,1.29062417535763,0.0427554892725663,0.97,0.0903507874739352,-0.0130566221590811,"gamma_bin"
"gamma_bin_7.50_2.72","vary_sd",2.72,-0.2,FALSE,250,1.41725036624756,1.40193925292401,0.047890153330783,0.93,0.0940742336181357,-0.0153111133235517,"gamma_bin"
"gamma_bin_7.50_2.72","vary_sd",2.72,-0.2,FALSE,251,1.14473843834061,1.13844914489659,0.0404355058272676,0.96,0.084800896419843,-0.00628929344401796,"gamma_bin"
"gamma_bin_7.50_2.72","vary_sd",2.72,-0.2,FALSE,252,1.28957905264017,1.30065590956758,0.0496685721991557,0.94,0.0902492345626267,0.011076856927408,"gamma_bin"
"gamma_bin_7.50_2.72","vary_sd",2.72,-0.2,FALSE,253,1.41164181175606,1.43737929004969,0.044610996090258,0.95,0.0938047942283354,0.0257374782936259,"gamma_bin"
"gamma_bin_7.50_3.40","vary_sd",3.4,0,TRUE,1,4.64176734711438,4.58029050410014,0.220138749392502,0.96,0.41765314570919,-0.0614768430142423,"gamma_bin"
"gamma_bin_7.50_3.40","vary_sd",3.4,0,TRUE,2,5.74184883880713,5.72357059967853,0.184743370859239,0.98,0.37258944318167,-0.0182782391285956,"gamma_bin"
"gamma_bin_7.50_3.40","vary_sd",3.4,0,TRUE,3,3.25033439563944,3.26060001751913,0.106576851170944,0.98,0.234879864201257,0.0102656218796864,"gamma_bin"
"gamma_bin_7.50_3.40","vary_sd",3.4,0,TRUE,4,6.73935287829888,6.77291852224678,0.166627246177526,0.92,0.293005454757271,0.0335656439478997,"gamma_bin"
"gamma_bin_7.50_3.40","vary_sd",3.4,0,TRUE,5,2.43636854796088,2.42946309499836,0.0876063276085037,0.91,0.155194482755345,-0.00690545296251832,"gamma_bin"
"gamma_bin_7.50_3.40","vary_sd",3.4,0,TRUE,6,1.74494772539268,1.73732363105395,0.0585225119631121,0.95,0.116450357568266,-0.00762409433872779,"gamma_bin"
"gamma_bin_7.50_3.40","vary_sd",3.4,0,TRUE,7,2.62517926045569,2.6358242571178,0.0676460229796823,0.95,0.128594749169132,0.0106449966621054,"gamma_bin"
"gamma_bin_7.50_3.40","vary_sd",3.4,0,TRUE,8,1.22911307977452,1.24543020936544,0.0452220067185967,0.93,0.0809909949290352,0.0163171295909219,"gamma_bin"
"gamma_bin_7.50_3.40","vary_sd",3.4,0,TRUE,9,2.39904651254038,2.40857708165875,0.0545602931918832,0.96,0.105244001834729,0.0095305691183678,"gamma_bin"
"gamma_bin_7.50_3.40","vary_sd",3.4,0,TRUE,10,1.19484574307971,1.1966665053341,0.0354146738180401,0.93,0.0703772125022728,0.00182076225439176,"gamma_bin"
"gamma_bin_7.50_3.40","vary_sd",3.4,0,TRUE,11,1.32897619591253,1.33188181284062,0.0383037984105268,0.95,0.0710038614227536,0.0029056169280921,"gamma_bin"
"gamma_bin_7.50_3.40","vary_sd",3.4,0,TRUE,12,1.45959821408832,1.46374158152397,0.0367809503322221,0.95,0.0716398023657182,0.00414336743565458,"gamma_bin"
"gamma_bin_7.50_3.40","vary_sd",3.4,0,TRUE,13,1.71530804750948,1.7223649479685,0.0405563465741258,0.94,0.0753427779537447,0.00705690045902196,"gamma_bin"
"gamma_bin_7.50_3.40","vary_sd",3.4,0,TRUE,14,1.05182866123244,1.05321181433626,0.0295979962336717,0.95,0.0573953115365909,0.00138315310382375,"gamma_bin"
"gamma_bin_7.50_3.40","vary_sd",3.4,0,TRUE,15,1.02510010675531,1.01984101383046,0.0248409180473347,0.96,0.055069883794119,-0.00525909292485349,"gamma_bin"
"gamma_bin_7.50_3.40","vary_sd",3.4,0,TRUE,16,1.25252014867933,1.25056164746927,0.031098086869555,0.95,0.0595898982833875,-0.00195850121005803,"gamma_bin"
"gamma_bin_7.50_3.40","vary_sd",3.4,0,TRUE,17,1.21525733695915,1.21628229698679,0.0295193379206823,0.95,0.0577406124429725,0.00102496002764241,"gamma_bin"
"gamma_bin_7.50_3.40","vary_sd",3.4,0,TRUE,18,0.979230198394809,0.976160947077217,0.026319122792152,0.97,0.0510668531982544,-0.00306925131759184,"gamma_bin"
"gamma_bin_7.50_3.40","vary_sd",3.4,0,TRUE,19,1.02544833790337,1.03028085330132,0.0240954334664138,0.97,0.0519235318882597,0.00483251539794627,"gamma_bin"
"gamma_bin_7.50_3.40","vary_sd",3.4,0,TRUE,20,1.03933643277786,1.04236922199833,0.0229953695673898,0.98,0.0518071332067767,0.00303278922047134,"gamma_bin"
"gamma_bin_7.50_3.40","vary_sd",3.4,0,TRUE,21,1.31704644033967,1.32135082770768,0.0265079917886568,0.99,0.0580084157495305,0.00430438736800665,"gamma_bin"
"gamma_bin_7.50_3.40","vary_sd",3.4,0,TRUE,22,1.01626238281987,1.0135134799135,0.0243214524887308,0.96,0.0506022602597767,-0.00274890290637475,"gamma_bin"
"gamma_bin_7.50_3.40","vary_sd",3.4,0,TRUE,23,0.750219977978433,0.749939859584491,0.023905979105653,0.9,0.0432994858645644,-0.000280118393942153,"gamma_bin"
"gamma_bin_7.50_3.40","vary_sd",3.4,0,TRUE,24,0.68680573053247,0.685769751435129,0.0206731368490171,0.95,0.0411540604276505,-0.00103597909734054,"gamma_bin"
"gamma_bin_7.50_3.40","vary_sd",3.4,0,TRUE,25,1.09137562864791,1.09297922885116,0.0247963944097381,0.97,0.0518100449970167,0.00160360020324912,"gamma_bin"
"gamma_bin_7.50_3.40","vary_sd",3.4,0,TRUE,26,0.741057834922739,0.741055139719863,0.0204382094800306,0.95,0.04281050494584,-2.69520287643488e-06,"gamma_bin"
"gamma_bin_7.50_3.40","vary_sd",3.4,0,TRUE,27,0.768534353981288,0.767477216059081,0.0198005463887957,0.99,0.0439140414432992,-0.00105713792220685,"gamma_bin"
"gamma_bin_7.50_3.40","vary_sd",3.4,0,TRUE,28,0.752768210408917,0.751444478488791,0.0224030001441555,0.96,0.0439050593923411,-0.00132373192012614,"gamma_bin"
"gamma_bin_7.50_3.40","vary_sd",3.4,0,TRUE,29,0.700189279957523,0.701078590051662,0.0205391718549373,0.95,0.0429456230875168,0.000889310094138729,"gamma_bin"
"gamma_bin_7.50_3.40","vary_sd",3.4,0,TRUE,30,0.555240242382622,0.559728569741301,0.0212024592634451,0.88,0.0389504635765608,0.00448832735867932,"gamma_bin"
"gamma_bin_7.50_3.40","vary_sd",3.4,0,TRUE,31,0.584450640057208,0.582019702918432,0.0179362293906244,0.97,0.040431790114565,-0.00243093713877596,"gamma_bin"
"gamma_bin_7.50_3.40","vary_sd",3.4,0,TRUE,32,0.680297862250013,0.676479214181879,0.0224309152466419,0.95,0.0445442598440282,-0.00381864806813448,"gamma_bin"
"gamma_bin_7.50_3.40","vary_sd",3.4,0,TRUE,33,0.95896579009836,0.956823411381213,0.0288050788106684,0.96,0.05437681861713,-0.00214237871714729,"gamma_bin"
"gamma_bin_7.50_3.40","vary_sd",3.4,0,TRUE,34,1.26713544933213,1.2663384045661,0.0308822548634,0.95,0.0643613728770403,-0.000797044766032373,"gamma_bin"
"gamma_bin_7.50_3.40","vary_sd",3.4,0,TRUE,35,1.32835487275134,1.31740204901183,0.0313686713074244,0.96,0.0673134675293452,-0.0109528237395065,"gamma_bin"
"gamma_bin_7.50_3.40","vary_sd",3.4,0,TRUE,36,0.820532179912435,0.814074780901291,0.0266755953468082,0.97,0.0536702400283004,-0.0064573990111435,"gamma_bin"
"gamma_bin_7.50_3.40","vary_sd",3.4,0,TRUE,37,0.605066948223753,0.605855770067508,0.022601219869172,0.96,0.0463287136346073,0.00078882184375495,"gamma_bin"
"gamma_bin_7.50_3.40","vary_sd",3.4,0,TRUE,38,0.480613317476216,0.484689320754772,0.0240368753840077,0.94,0.041184089604814,0.00407600327855612,"gamma_bin"
"gamma_bin_7.50_3.40","vary_sd",3.4,0,TRUE,39,0.729684595490469,0.740430522826563,0.0243053769210739,0.95,0.0507993058887415,0.0107459273360935,"gamma_bin"
"gamma_bin_7.50_3.40","vary_sd",3.4,0,TRUE,40,0.815117093248404,0.822537208342622,0.0266917200050678,0.96,0.054002789735074,0.00742011509421758,"gamma_bin"
"gamma_bin_7.50_3.40","vary_sd",3.4,0,TRUE,41,0.615435524003123,0.619807802465614,0.0235985650920503,0.96,0.0477597026272819,0.00437227846249122,"gamma_bin"
"gamma_bin_7.50_3.40","vary_sd",3.4,0,TRUE,42,0.771681049543453,0.774756498025751,0.024077539967565,0.98,0.0546837968812324,0.00307544848229779,"gamma_bin"
"gamma_bin_7.50_3.40","vary_sd",3.4,0,TRUE,43,0.638637642797715,0.64071714373187,0.0254865191628248,0.96,0.0510019503575483,0.00207950093415543,"gamma_bin"
"gamma_bin_7.50_3.40","vary_sd",3.4,0,TRUE,44,0.502607638572081,0.496688876223134,0.0234212382365504,0.97,0.0460305436970784,-0.00591876234894717,"gamma_bin"
"gamma_bin_7.50_3.40","vary_sd",3.4,0,TRUE,45,0.419348773276434,0.420810596552644,0.0220780477389205,0.97,0.0434142071423167,0.00146182327621019,"gamma_bin"
"gamma_bin_7.50_3.40","vary_sd",3.4,0,TRUE,46,0.532523289397014,0.530694622384972,0.0263172435045934,0.95,0.0500718611989789,-0.00182866701204243,"gamma_bin"
"gamma_bin_7.50_3.40","vary_sd",3.4,0,TRUE,47,0.748164536979726,0.741745039402261,0.0297322576034112,0.95,0.0610948206081944,-0.00641949757746518,"gamma_bin"
"gamma_bin_7.50_3.40","vary_sd",3.4,0,TRUE,48,0.699597036363356,0.7000729356433,0.0282921876231415,0.98,0.0615677451932322,0.000475899279943515,"gamma_bin"
"gamma_bin_7.50_3.40","vary_sd",3.4,0,TRUE,49,0.840634610500807,0.839823058357461,0.0339136302134694,0.96,0.0700163471701537,-0.000811552143346161,"gamma_bin"
"gamma_bin_7.50_3.40","vary_sd",3.4,0,TRUE,50,0.605572567510499,0.599823402411584,0.0300812761954691,0.95,0.06123618290959,-0.0057491650989151,"gamma_bin"
"gamma_bin_7.50_3.40","vary_sd",3.4,0,TRUE,51,0.551154795645625,0.552349043992148,0.0303662394390468,0.95,0.0604558061407071,0.00119424834652282,"gamma_bin"
"gamma_bin_7.50_3.40","vary_sd",3.4,0,TRUE,52,0.382419782215341,0.381000644016296,0.0297151187597321,0.9,0.0514147534633537,-0.00141913819904466,"gamma_bin"
"gamma_bin_7.50_3.40","vary_sd",3.4,0,TRUE,53,0.67605453850849,0.679417995474154,0.0414020734518544,0.91,0.0703547418574887,0.00336345696566387,"gamma_bin"
"gamma_bin_7.50_3.40","vary_sd",3.4,0,TRUE,54,0.67389745281474,0.677811612768022,0.0365673550093396,0.95,0.0723194690167474,0.00391415995328248,"gamma_bin"
"gamma_bin_7.50_3.40","vary_sd",3.4,0,TRUE,55,0.928654307802489,0.926577267052412,0.0498187931649305,0.9,0.087387488452507,-0.00207704075007697,"gamma_bin"
"gamma_bin_7.50_3.40","vary_sd",3.4,0,TRUE,56,0.750444909156983,0.750532112424013,0.0433943515091306,0.95,0.0813408324693943,8.72032670301559e-05,"gamma_bin"
"gamma_bin_7.50_3.40","vary_sd",3.4,0,TRUE,57,0.713559496047443,0.709025953232372,0.0430983086849272,0.95,0.0814090383684919,-0.0045335428150709,"gamma_bin"
"gamma_bin_7.50_3.40","vary_sd",3.4,0,TRUE,58,0.492127182876667,0.49394353466187,0.0346450173809188,0.95,0.0695288926593758,0.00181635178520334,"gamma_bin"
"gamma_bin_7.50_3.40","vary_sd",3.4,0,TRUE,59,0.488121905081673,0.484943660687401,0.0404164287978822,0.9,0.0702048585753578,-0.00317824439427244,"gamma_bin"
"gamma_bin_7.50_3.40","vary_sd",3.4,0,TRUE,60,0.671861168143052,0.683517569501583,0.0423082919486201,0.97,0.0851083177250276,0.0116564013585307,"gamma_bin"
"gamma_bin_7.50_3.40","vary_sd",3.4,0,TRUE,61,0.791762464983911,0.802951503413052,0.0476196537601553,0.93,0.0946296638387086,0.0111890384291413,"gamma_bin"
"gamma_bin_7.50_3.40","vary_sd",3.4,0,TRUE,62,0.652922492639065,0.6605992917977,0.0481314119709128,0.93,0.088429052952805,0.0076767991586354,"gamma_bin"
"gamma_bin_7.50_3.40","vary_sd",3.4,0,TRUE,63,0.613891069127135,0.612397492326417,0.0447283208278161,0.96,0.0877736117689941,-0.0014935768007176,"gamma_bin"
"gamma_bin_7.50_3.40","vary_sd",3.4,0,TRUE,64,0.747174650317661,0.747109727398397,0.0522588253767199,0.93,0.0997236359366149,-6.49229192641876e-05,"gamma_bin"
"gamma_bin_7.50_3.40","vary_sd",3.4,0,TRUE,65,0.706701130088712,0.713050962048267,0.0466801349095379,0.95,0.100054916373875,0.00634983195955474,"gamma_bin"
"gamma_bin_7.50_3.40","vary_sd",3.4,0,TRUE,66,0.51187393654748,0.513829052133064,0.0408205053556215,0.96,0.0870867882403179,0.00195511558558359,"gamma_bin"
"gamma_bin_7.50_3.40","vary_sd",3.4,0,TRUE,67,0.670601402325688,0.668440671719369,0.0512408703940961,0.95,0.10175134228042,-0.00216073060631905,"gamma_bin"
"gamma_bin_7.50_3.40","vary_sd",3.4,0,TRUE,68,1.17253163081397,1.16924581366209,0.0670026413931364,0.96,0.137999262436734,-0.00328581715187837,"gamma_bin"
"gamma_bin_7.50_3.40","vary_sd",3.4,0,TRUE,69,1.09882955126721,1.08420156343988,0.0698560375596543,0.94,0.136350153401066,-0.0146279878273272,"gamma_bin"
"gamma_bin_7.50_3.40","vary_sd",3.4,0,TRUE,70,0.864010024055233,0.859316854882585,0.0524163013017814,0.98,0.124014916448349,-0.00469316917264828,"gamma_bin"
"gamma_bin_7.50_3.40","vary_sd",3.4,0,TRUE,71,0.715098113998147,0.712940014823053,0.0549206519455718,0.97,0.114304465748051,-0.00215809917509424,"gamma_bin"
"gamma_bin_7.50_3.40","vary_sd",3.4,0,TRUE,72,0.5778146754347,0.588311590959831,0.0568202692429752,0.94,0.104314845234029,0.0104969155251308,"gamma_bin"
"gamma_bin_7.50_3.40","vary_sd",3.4,0,TRUE,73,0.968098548670386,0.981729522227255,0.0716305193035368,0.95,0.135432814749958,0.0136309735568689,"gamma_bin"
"gamma_bin_7.50_3.40","vary_sd",3.4,0,TRUE,74,0.655349167508219,0.666472555458979,0.0578640433414241,0.96,0.112608282313876,0.0111233879507602,"gamma_bin"
"gamma_bin_7.50_3.40","vary_sd",3.4,0,TRUE,75,0.59977224361632,0.591866665634893,0.0636782125357965,0.9,0.107516456718196,-0.00790557798142733,"gamma_bin"
"gamma_bin_7.50_3.40","vary_sd",3.4,0,TRUE,76,0.795810456805532,0.801378659380914,0.0675689942901121,0.91,0.127248251202353,0.00556820257538226,"gamma_bin"
"gamma_bin_7.50_3.40","vary_sd",3.4,0,TRUE,77,0.873668877519834,0.88149579330665,0.0668595440587398,0.96,0.13623958718609,0.00782691578681571,"gamma_bin"
"gamma_bin_7.50_3.40","vary_sd",3.4,0,TRUE,78,0.655524310026793,0.661624077944798,0.060666681487181,0.95,0.120610189150999,0.00609976791800548,"gamma_bin"
"gamma_bin_7.50_3.40","vary_sd",3.4,0,TRUE,79,0.810623636163075,0.806675991606955,0.0578173170501738,1,0.136022848680498,-0.00394764455611951,"gamma_bin"
"gamma_bin_7.50_3.40","vary_sd",3.4,0,TRUE,80,0.610456557383718,0.62667306266881,0.0615317414944158,0.95,0.122185823462549,0.0162165052850918,"gamma_bin"
"gamma_bin_7.50_3.40","vary_sd",3.4,0,TRUE,81,0.859858611274139,0.858163616905148,0.0768819993470399,0.95,0.145695782958355,-0.00169499436899112,"gamma_bin"
"gamma_bin_7.50_3.40","vary_sd",3.4,0,TRUE,82,0.71793472208637,0.71592734660438,0.0683609105612518,0.95,0.13556214015783,-0.00200737548199026,"gamma_bin"
"gamma_bin_7.50_3.40","vary_sd",3.4,0,TRUE,83,0.992203959261976,0.983281768749845,0.0839780740118229,0.93,0.16189537007607,-0.00892219051213083,"gamma_bin"
"gamma_bin_7.50_3.40","vary_sd",3.4,0,TRUE,84,1.12541562776308,1.14334210610676,0.0924613908609796,0.94,0.177865006808405,0.017926478343681,"gamma_bin"
"gamma_bin_7.50_3.40","vary_sd",3.4,0,TRUE,85,0.719081428835968,0.713812132779026,0.0749922482364361,0.94,0.14266286666147,-0.00526929605694171,"gamma_bin"
"gamma_bin_7.50_3.40","vary_sd",3.4,0,TRUE,86,0.84752493125734,0.863583898543278,0.0806757676927602,0.93,0.158497972008294,0.0160589672859376,"gamma_bin"
"gamma_bin_7.50_3.40","vary_sd",3.4,0,TRUE,87,0.855021916180829,0.862743381174615,0.0735880293120628,0.99,0.159422201323628,0.00772146499378601,"gamma_bin"
"gamma_bin_7.50_3.40","vary_sd",3.4,0,TRUE,88,1.05231211723794,1.05984565784001,0.102771388424894,0.94,0.177678698218411,0.0075335406020749,"gamma_bin"
"gamma_bin_7.50_3.40","vary_sd",3.4,0,TRUE,89,0.736245763604483,0.728778989892951,0.0683019158460489,0.99,0.14841722973505,-0.00746677371153215,"gamma_bin"
"gamma_bin_7.50_3.40","vary_sd",3.4,0,TRUE,90,0.910435800275709,0.906197122312457,0.0880393334449392,0.93,0.16670633113421,-0.00423867796325206,"gamma_bin"
"gamma_bin_7.50_3.40","vary_sd",3.4,0,TRUE,91,0.875373992276142,0.880303296851669,0.0701626777406263,0.98,0.16557901606807,0.00492930457552709,"gamma_bin"
"gamma_bin_7.50_3.40","vary_sd",3.4,0,TRUE,92,1.13308580158326,1.13011783252093,0.0889740874012564,0.95,0.189229527242113,-0.00296796906232677,"gamma_bin"
"gamma_bin_7.50_3.40","vary_sd",3.4,0,TRUE,93,0.779622317935819,0.780450408370413,0.0900732366818531,0.9,0.158560900458084,0.000828090434594086,"gamma_bin"
"gamma_bin_7.50_3.40","vary_sd",3.4,0,TRUE,94,0.738590807925372,0.735567196521379,0.0722115331092222,0.97,0.155040073544096,-0.00302361140399277,"gamma_bin"
"gamma_bin_7.50_3.40","vary_sd",3.4,0,TRUE,95,0.736386067431423,0.744183333834729,0.0792371481864648,0.96,0.156798038419965,0.00779726640330625,"gamma_bin"
"gamma_bin_7.50_3.40","vary_sd",3.4,0,TRUE,96,0.940470991453404,0.963210847178423,0.095569288453788,0.95,0.179727738700478,0.0227398557250189,"gamma_bin"
"gamma_bin_7.50_3.40","vary_sd",3.4,0,TRUE,97,0.92681020267862,0.946366740227226,0.0870153753343704,0.97,0.180250616159625,0.019556537548606,"gamma_bin"
"gamma_bin_7.50_3.40","vary_sd",3.4,0,TRUE,98,0.805264800704658,0.793043808891053,0.0881254315804801,0.95,0.167024017214217,-0.0122209918136047,"gamma_bin"
"gamma_bin_7.50_3.40","vary_sd",3.4,0,TRUE,99,0.96897608307621,0.976910512050633,0.0919106057289766,0.94,0.187578666100552,0.00793442897442309,"gamma_bin"
"gamma_bin_7.50_3.40","vary_sd",3.4,0,TRUE,100,0.483332995262756,0.486026219821497,0.0630403445085681,0.99,0.133608328818161,0.00269322455874088,"gamma_bin"
"gamma_bin_7.50_3.40","vary_sd",3.4,0,TRUE,101,0.66077716283239,0.665395783283421,0.0744690859127615,0.96,0.157871888847615,0.00461862045103134,"gamma_bin"
"gamma_bin_7.50_3.40","vary_sd",3.4,0,TRUE,102,0.655745239910364,0.658161697527786,0.0795671139261168,0.97,0.158913059829981,0.00241645761742193,"gamma_bin"
"gamma_bin_7.50_3.40","vary_sd",3.4,0,TRUE,103,1.19599908198214,1.20083909217673,0.0999913096183549,0.96,0.218675594113018,0.00484001019459046,"gamma_bin"
"gamma_bin_7.50_3.40","vary_sd",3.4,0,TRUE,104,1.52020654998133,1.51628230652097,0.132691481800174,0.94,0.251125206508853,-0.00392424346036102,"gamma_bin"
"gamma_bin_7.50_3.40","vary_sd",3.4,0,TRUE,105,1.10303826313934,1.1032310768476,0.13389609025952,0.95,0.218029921239943,0.000192813708262296,"gamma_bin"
"gamma_bin_7.50_3.40","vary_sd",3.4,0,TRUE,106,0.895258886773757,0.909558039620702,0.0954110645090924,0.97,0.199272877210781,0.014299152846945,"gamma_bin"
"gamma_bin_7.50_3.40","vary_sd",3.4,0,TRUE,107,0.603016892421566,0.607310372456873,0.0779664071965752,0.97,0.161753648264735,0.00429348003530738,"gamma_bin"
"gamma_bin_7.50_3.40","vary_sd",3.4,0,TRUE,108,1.07762321196894,1.08831466213581,0.114046445959481,0.94,0.214382737259043,0.0106914501668662,"gamma_bin"
"gamma_bin_7.50_3.40","vary_sd",3.4,0,TRUE,109,1.67936751135944,1.70663728308189,0.129841722824734,0.95,0.267316276674302,0.0272697717224537,"gamma_bin"
"gamma_bin_7.50_3.40","vary_sd",3.4,0,TRUE,110,0.778512854791425,0.796824819959389,0.106142620454706,0.91,0.182484529934117,0.0183119651679639,"gamma_bin"
"gamma_bin_7.50_3.40","vary_sd",3.4,0,TRUE,111,0.992005341124613,0.981172961276445,0.0950445560378037,0.96,0.202113136739322,-0.0108323798481677,"gamma_bin"
"gamma_bin_7.50_3.40","vary_sd",3.4,0,TRUE,112,1.07688074493023,1.08803670483159,0.103089409287079,0.95,0.211470324096426,0.0111559599013629,"gamma_bin"
"gamma_bin_7.50_3.40","vary_sd",3.4,0,TRUE,113,0.702400819858529,0.714301804582061,0.093307723729224,0.89,0.170092391725446,0.0119009847235318,"gamma_bin"
"gamma_bin_7.50_3.40","vary_sd",3.4,0,TRUE,114,0.976066509197994,0.97636644958044,0.11757946794074,0.9,0.198102892653324,0.000299940382445851,"gamma_bin"
"gamma_bin_7.50_3.40","vary_sd",3.4,0,TRUE,115,1.23867756628513,1.25865616907177,0.10980697343777,0.99,0.225146903225114,0.019978602786644,"gamma_bin"
"gamma_bin_7.50_3.40","vary_sd",3.4,0,TRUE,116,1.16180338965973,1.16424318110033,0.117655018650482,0.94,0.217243880656819,0.00243979144060091,"gamma_bin"
"gamma_bin_7.50_3.40","vary_sd",3.4,0,TRUE,117,1.19462029108814,1.18853924749834,0.124528540740411,0.92,0.22011918306322,-0.00608104358980333,"gamma_bin"
"gamma_bin_7.50_3.40","vary_sd",3.4,0,TRUE,118,1.16321995780671,1.17638211415877,0.107432504707484,0.92,0.218508696079528,0.0131621563520588,"gamma_bin"
"gamma_bin_7.50_3.40","vary_sd",3.4,0,TRUE,119,1.07032628214879,1.06017602355535,0.118146434389368,0.93,0.205827761314769,-0.0101502585934392,"gamma_bin"
"gamma_bin_7.50_3.40","vary_sd",3.4,0,TRUE,120,0.877757633134012,0.875572277404064,0.0925222003366827,0.97,0.185204564721746,-0.00218535572994827,"gamma_bin"
"gamma_bin_7.50_3.40","vary_sd",3.4,0,TRUE,121,1.36755731263547,1.35898920850702,0.114933093927017,0.95,0.228445166301168,-0.0085681041284491,"gamma_bin"
"gamma_bin_7.50_3.40","vary_sd",3.4,0,TRUE,122,0.835796444244159,0.843325240804819,0.0969418108335754,0.94,0.1785922269509,0.00752879656066041,"gamma_bin"
"gamma_bin_7.50_3.40","vary_sd",3.4,0,TRUE,123,1.26724551805682,1.28130051173869,0.107995484729331,0.96,0.219169888134273,0.014054993681867,"gamma_bin"
"gamma_bin_7.50_3.40","vary_sd",3.4,0,TRUE,124,0.969129898643769,0.980883072116681,0.0885787180884996,0.97,0.190843137447059,0.0117531734729116,"gamma_bin"
"gamma_bin_7.50_3.40","vary_sd",3.4,0,TRUE,125,0.847338782890042,0.863483187125688,0.0927675166590105,0.92,0.178099494589482,0.0161444042356457,"gamma_bin"
"gamma_bin_7.50_3.40","vary_sd",3.4,0,TRUE,126,0.715564882412269,0.72848812822071,0.0815357228183941,0.94,0.162934580647208,0.0129232458084411,"gamma_bin"
"gamma_bin_7.50_3.40","vary_sd",3.4,0,TRUE,127,0.94782383341486,0.958259219653699,0.100917494007959,0.96,0.186526644963867,0.0104353862388393,"gamma_bin"
"gamma_bin_7.50_3.40","vary_sd",3.4,0,TRUE,128,0.685081694959754,0.699323935906187,0.0739527248396091,0.94,0.160035351965597,0.0142422409464334,"gamma_bin"
"gamma_bin_7.50_3.40","vary_sd",3.4,0,TRUE,129,0.940719567434955,0.949114778214747,0.085705470202642,0.95,0.187755922616155,0.00839521077979166,"gamma_bin"
"gamma_bin_7.50_3.40","vary_sd",3.4,0,TRUE,130,0.882735861931285,0.889270662022713,0.0944399388434228,0.94,0.183785734960643,0.00653480009142771,"gamma_bin"
"gamma_bin_7.50_3.40","vary_sd",3.4,0,TRUE,131,0.908592867608554,0.931678429996227,0.0922969856222854,0.96,0.190601327457432,0.0230855623876728,"gamma_bin"
"gamma_bin_7.50_3.40","vary_sd",3.4,0,TRUE,132,0.919571358645804,0.928231950344401,0.0875696489789658,0.99,0.192504023199392,0.00866059169859723,"gamma_bin"
"gamma_bin_7.50_3.40","vary_sd",3.4,0,TRUE,133,0.772870216905444,0.755678283695307,0.0808447840471955,0.96,0.175387761272244,-0.0171919332101371,"gamma_bin"
"gamma_bin_7.50_3.40","vary_sd",3.4,0,TRUE,134,0.850110615604727,0.865808630320492,0.0931493407615072,0.94,0.18918329917449,0.0156980147157647,"gamma_bin"
"gamma_bin_7.50_3.40","vary_sd",3.4,0,TRUE,135,0.784750966748685,0.796800377685248,0.096649566483557,0.95,0.182848381830399,0.0120494109365631,"gamma_bin"
"gamma_bin_7.50_3.40","vary_sd",3.4,0,TRUE,136,0.974669466757976,0.974666583042304,0.115297340104149,0.92,0.204062458527867,-2.88371567236378e-06,"gamma_bin"
"gamma_bin_7.50_3.40","vary_sd",3.4,0,TRUE,137,0.984151011066472,0.990604982536736,0.102624385985699,0.94,0.208282259855767,0.00645397147026416,"gamma_bin"
"gamma_bin_7.50_3.40","vary_sd",3.4,0,TRUE,138,1.1907508581573,1.17965155423672,0.122739186299129,0.95,0.229455586302544,-0.0110993039205767,"gamma_bin"
"gamma_bin_7.50_3.40","vary_sd",3.4,0,TRUE,139,1.38368582408824,1.39641058105524,0.126741621804038,0.96,0.251729022150476,0.0127247569669977,"gamma_bin"
"gamma_bin_7.50_3.40","vary_sd",3.4,0,TRUE,140,0.815817246340058,0.818688224704367,0.10661904498324,0.95,0.192986647341924,0.00287097836430905,"gamma_bin"
"gamma_bin_7.50_3.40","vary_sd",3.4,0,TRUE,141,0.948708845408202,0.956220937164165,0.100688359715373,0.95,0.207800708118351,0.00751209175596268,"gamma_bin"
"gamma_bin_7.50_3.40","vary_sd",3.4,0,TRUE,142,0.887913521021147,0.901154971226981,0.0971503203357768,0.95,0.200134227839968,0.0132414502058344,"gamma_bin"
"gamma_bin_7.50_3.40","vary_sd",3.4,0,TRUE,143,1.33195215209727,1.35479021138858,0.120278446080382,0.98,0.24391580661142,0.0228380592913053,"gamma_bin"
"gamma_bin_7.50_3.40","vary_sd",3.4,0,TRUE,144,1.33130915175386,1.3258747037694,0.121080379161996,0.95,0.240802783334018,-0.00543444798446346,"gamma_bin"
"gamma_bin_7.50_3.40","vary_sd",3.4,0,TRUE,145,1.36040954450305,1.36648163841267,0.114084652806053,0.96,0.243941629592739,0.00607209390961616,"gamma_bin"
"gamma_bin_7.50_3.40","vary_sd",3.4,0,TRUE,146,1.03071516120352,1.03085914864825,0.0964412775995999,1,0.210308568146716,0.000143987444726879,"gamma_bin"
"gamma_bin_7.50_3.40","vary_sd",3.4,0,TRUE,147,1.01542687773298,1.01717358017056,0.100962414357336,0.95,0.206145373775429,0.00174670243758435,"gamma_bin"
"gamma_bin_7.50_3.40","vary_sd",3.4,0,TRUE,148,0.918038272830281,0.918992263853539,0.0946367003217391,0.96,0.193239267207522,0.000953991023257772,"gamma_bin"
"gamma_bin_7.50_3.40","vary_sd",3.4,0,TRUE,149,0.795403147880171,0.800429527713154,0.0935317333131081,0.97,0.178048414443285,0.00502637983298315,"gamma_bin"
"gamma_bin_7.50_3.40","vary_sd",3.4,0,TRUE,150,0.947076494147123,0.943601011291892,0.103097849081471,0.93,0.19208984016733,-0.00347548285523058,"gamma_bin"
"gamma_bin_7.50_3.40","vary_sd",3.4,0,TRUE,151,0.838902415667924,0.846524989483684,0.090846167083473,0.97,0.18208935146713,0.00762257381576015,"gamma_bin"
"gamma_bin_7.50_3.40","vary_sd",3.4,0,TRUE,152,1.10280245382765,1.12149854453278,0.0963927659332992,0.97,0.210962853731225,0.0186960907051288,"gamma_bin"
"gamma_bin_7.50_3.40","vary_sd",3.4,0,TRUE,153,1.09815440539428,1.088936702099,0.0959477412300032,0.96,0.209571549712451,-0.00921770329527982,"gamma_bin"
"gamma_bin_7.50_3.40","vary_sd",3.4,0,TRUE,154,0.933699509626363,0.920198041102528,0.111500631125562,0.93,0.193982240597439,-0.0135014685238347,"gamma_bin"
"gamma_bin_7.50_3.40","vary_sd",3.4,0,TRUE,155,0.677259462566555,0.676580594294264,0.0784968448121619,0.97,0.166805479387762,-0.000678868272291466,"gamma_bin"
"gamma_bin_7.50_3.40","vary_sd",3.4,0,TRUE,156,0.794318325784725,0.809400476727715,0.0913812615851911,0.95,0.182768432627973,0.0150821509429895,"gamma_bin"
"gamma_bin_7.50_3.40","vary_sd",3.4,0,TRUE,157,0.863129045133472,0.874725464938306,0.0969383004985952,0.97,0.190609108110352,0.0115964198048338,"gamma_bin"
"gamma_bin_7.50_3.40","vary_sd",3.4,0,TRUE,158,1.2121292060572,1.21573699686891,0.128694460603005,0.93,0.22646638404408,0.00360779081170937,"gamma_bin"
"gamma_bin_7.50_3.40","vary_sd",3.4,0,TRUE,159,1.02410099479473,1.01900726345071,0.103303098797412,0.95,0.209596210493942,-0.0050937313440178,"gamma_bin"
"gamma_bin_7.50_3.40","vary_sd",3.4,0,TRUE,160,0.905625417711481,0.904508210721568,0.0995620237563899,0.92,0.199135567108647,-0.0011172069899128,"gamma_bin"
"gamma_bin_7.50_3.40","vary_sd",3.4,0,TRUE,161,0.911623484707899,0.939769245442021,0.099799588677242,0.96,0.203765998739758,0.0281457607341223,"gamma_bin"
"gamma_bin_7.50_3.40","vary_sd",3.4,0,TRUE,162,0.854314364398061,0.865750748986438,0.0940111910884804,0.94,0.195787273768101,0.0114363845883768,"gamma_bin"
"gamma_bin_7.50_3.40","vary_sd",3.4,0,TRUE,163,0.939538506142908,0.956203349484136,0.104571519821107,0.94,0.205902462144928,0.0166648433412283,"gamma_bin"
"gamma_bin_7.50_3.40","vary_sd",3.4,0,TRUE,164,0.804264811038419,0.821012144844567,0.10139503131229,0.97,0.19134442791202,0.0167473338061476,"gamma_bin"
"gamma_bin_7.50_3.40","vary_sd",3.4,0,TRUE,165,1.00142358506205,1.00315562274949,0.102714496118975,0.97,0.212413301217123,0.00173203768744301,"gamma_bin"
"gamma_bin_7.50_3.40","vary_sd",3.4,0,TRUE,166,1.22258511650756,1.24009220427104,0.0991058332770957,0.99,0.2378716244952,0.017507087763476,"gamma_bin"
"gamma_bin_7.50_3.40","vary_sd",3.4,0,TRUE,167,0.797785743145654,0.804451942618158,0.095857810016495,0.96,0.192703242034042,0.00666619947250369,"gamma_bin"
"gamma_bin_7.50_3.40","vary_sd",3.4,0,TRUE,168,1.1498418409574,1.1634590161512,0.117241710518132,0.93,0.232487523768337,0.0136171751938023,"gamma_bin"
"gamma_bin_7.50_3.40","vary_sd",3.4,0,TRUE,169,0.760349335694062,0.745939791907648,0.0936483341234024,0.94,0.186388454492751,-0.0144095437864139,"gamma_bin"
"gamma_bin_7.50_3.40","vary_sd",3.4,0,TRUE,170,1.37423882796411,1.38126204600743,0.113456898016502,0.97,0.253347447374493,0.00702321804331962,"gamma_bin"
"gamma_bin_7.50_3.40","vary_sd",3.4,0,TRUE,171,0.879916177740953,0.882967308415868,0.104572423389619,0.95,0.202623185507001,0.00305113067491469,"gamma_bin"
"gamma_bin_7.50_3.40","vary_sd",3.4,0,TRUE,172,1.40469809778524,1.40246610644263,0.116896813167107,0.99,0.254983035551767,-0.00223199134261143,"gamma_bin"
"gamma_bin_7.50_3.40","vary_sd",3.4,0,TRUE,173,0.919193657171105,0.924313345583782,0.0932058684052315,0.98,0.206397390017834,0.00511968841267696,"gamma_bin"
"gamma_bin_7.50_3.40","vary_sd",3.4,0,TRUE,174,0.923156528563282,0.944441523243679,0.109707677255014,0.94,0.207451395603416,0.0212849946803968,"gamma_bin"
"gamma_bin_7.50_3.40","vary_sd",3.4,0,TRUE,175,1.03837120055872,1.03683038805998,0.121172878230901,0.95,0.215580702869444,-0.00154081249874372,"gamma_bin"
"gamma_bin_7.50_3.40","vary_sd",3.4,0,TRUE,176,0.998550191051843,1.00770810281219,0.120899462507806,0.92,0.211469388777416,0.00915791176034675,"gamma_bin"
"gamma_bin_7.50_3.40","vary_sd",3.4,0,TRUE,177,1.0672490953256,1.06609222208183,0.109483131822001,0.95,0.217014349040009,-0.00115687324376834,"gamma_bin"
"gamma_bin_7.50_3.40","vary_sd",3.4,0,TRUE,178,0.796488943635566,0.789130064696037,0.0965318841455126,0.94,0.186537880922643,-0.00735887893952858,"gamma_bin"
"gamma_bin_7.50_3.40","vary_sd",3.4,0,TRUE,179,1.19853631620291,1.19991430369355,0.116200131265458,0.95,0.230101117513176,0.00137798749064411,"gamma_bin"
"gamma_bin_7.50_3.40","vary_sd",3.4,0,TRUE,180,1.18742234445089,1.20374024228524,0.11726651571408,0.94,0.23080596901099,0.0163178978343479,"gamma_bin"
"gamma_bin_7.50_3.40","vary_sd",3.4,0,TRUE,181,1.49419822100474,1.50463524844263,0.128716829048685,0.95,0.25834485579694,0.0104370274378933,"gamma_bin"
"gamma_bin_7.50_3.40","vary_sd",3.4,0,TRUE,182,1.51569971274724,1.50849588515787,0.136531660263949,0.95,0.257762089612883,-0.00720382758937332,"gamma_bin"
"gamma_bin_7.50_3.40","vary_sd",3.4,0,TRUE,183,0.993078083144793,0.994472345048231,0.115616080573303,0.92,0.206877897644337,0.00139426190343772,"gamma_bin"
"gamma_bin_7.50_3.40","vary_sd",3.4,0,TRUE,184,0.900895179433443,0.925154122761531,0.099111063474455,0.94,0.195935094654037,0.0242589433280879,"gamma_bin"
"gamma_bin_7.50_3.40","vary_sd",3.4,0,TRUE,185,0.823216514722493,0.820121819149005,0.0829917050637503,0.99,0.180825135363926,-0.00309469557348807,"gamma_bin"
"gamma_bin_7.50_3.40","vary_sd",3.4,0,TRUE,186,1.22622352517845,1.23294129474065,0.100339008612127,0.96,0.218834048456163,0.00671776956219916,"gamma_bin"
"gamma_bin_7.50_3.40","vary_sd",3.4,0,TRUE,187,0.917485344129662,0.915769525364115,0.0953783764745546,0.97,0.187398474666858,-0.0017158187655465,"gamma_bin"
"gamma_bin_7.50_3.40","vary_sd",3.4,0,TRUE,188,1.14600718978611,1.15089803612703,0.104587694674729,0.96,0.20986788029299,0.0048908463409234,"gamma_bin"
"gamma_bin_7.50_3.40","vary_sd",3.4,0,TRUE,189,1.15017955401154,1.12946058256825,0.107848427229053,0.94,0.208085734391836,-0.0207189714432878,"gamma_bin"
"gamma_bin_7.50_3.40","vary_sd",3.4,0,TRUE,190,1.13787761403339,1.11908124499503,0.112831956439899,0.93,0.206985549772462,-0.0187963690383632,"gamma_bin"
"gamma_bin_7.50_3.40","vary_sd",3.4,0,TRUE,191,1.77820774658985,1.77452134095266,0.132945306662322,0.94,0.260041332315419,-0.00368640563718947,"gamma_bin"
"gamma_bin_7.50_3.40","vary_sd",3.4,0,TRUE,192,1.12621869533816,1.12766242681627,0.107145835904032,0.95,0.205885797876642,0.00144373147810573,"gamma_bin"
"gamma_bin_7.50_3.40","vary_sd",3.4,0,TRUE,193,1.63142687231341,1.61299455456884,0.115727552721448,0.96,0.242830403872235,-0.0184323177445658,"gamma_bin"
"gamma_bin_7.50_3.40","vary_sd",3.4,0,TRUE,194,1.9613208229511,1.96037701313103,0.148534437150689,0.95,0.262367618274135,-0.000943809820069585,"gamma_bin"
"gamma_bin_7.50_3.40","vary_sd",3.4,0,TRUE,195,1.62644217295684,1.62030889326437,0.139191921675144,0.91,0.232540084624545,-0.00613327969246691,"gamma_bin"
"gamma_bin_7.50_3.40","vary_sd",3.4,0,TRUE,196,1.22114876712024,1.20414329522571,0.0936815574023854,0.95,0.194151124879151,-0.0170054718945332,"gamma_bin"
"gamma_bin_7.50_3.40","vary_sd",3.4,0,TRUE,197,1.08512340553335,1.09934386113635,0.0924893140134952,0.95,0.179114514481817,0.0142204556029955,"gamma_bin"
"gamma_bin_7.50_3.40","vary_sd",3.4,0,TRUE,198,1.22271087570671,1.22490527786201,0.0847606831875963,0.96,0.18291485502667,0.00219440215530486,"gamma_bin"
"gamma_bin_7.50_3.40","vary_sd",3.4,0,TRUE,199,1.2960340351298,1.31540199879403,0.0941160376436481,0.96,0.184831834998208,0.019367963664233,"gamma_bin"
"gamma_bin_7.50_3.40","vary_sd",3.4,0,TRUE,200,1.66920711624072,1.68615625374366,0.107992130237159,0.94,0.205654354539224,0.0169491375029411,"gamma_bin"
"gamma_bin_7.50_3.40","vary_sd",3.4,0,TRUE,201,1.16940768861372,1.1655282878652,0.0837923392701631,0.96,0.168426738147821,-0.00387940074851523,"gamma_bin"
"gamma_bin_7.50_3.40","vary_sd",3.4,0,TRUE,202,1.0787760344722,1.09387081945848,0.0844084977310525,0.96,0.160370833149995,0.0150947849862815,"gamma_bin"
"gamma_bin_7.50_3.40","vary_sd",3.4,0,TRUE,203,0.894614924502778,0.887843220176944,0.0740987272477865,0.97,0.141695665262817,-0.00677170432583407,"gamma_bin"
"gamma_bin_7.50_3.40","vary_sd",3.4,0,TRUE,204,0.818936942727194,0.820456648217763,0.0601048102638773,0.97,0.13382283229543,0.00151970549056857,"gamma_bin"
"gamma_bin_7.50_3.40","vary_sd",3.4,0,TRUE,205,0.966688195947552,0.970570511626259,0.0787695385370467,0.93,0.143926522937383,0.003882315678707,"gamma_bin"
"gamma_bin_7.50_3.40","vary_sd",3.4,0,TRUE,206,0.735602657677609,0.732961257163708,0.0600192718990268,0.98,0.124753218082052,-0.00264140051390149,"gamma_bin"
"gamma_bin_7.50_3.40","vary_sd",3.4,0,TRUE,207,0.854906249805799,0.858601960214273,0.0739276337788592,0.94,0.135481671689385,0.00369571040847416,"gamma_bin"
"gamma_bin_7.50_3.40","vary_sd",3.4,0,TRUE,208,1.18360616945073,1.18237360622156,0.0803428763434348,0.95,0.160464973883811,-0.0012325632291692,"gamma_bin"
"gamma_bin_7.50_3.40","vary_sd",3.4,0,TRUE,209,1.4602885501346,1.44706500721859,0.0912516199210198,0.99,0.179409963216903,-0.0132235429160055,"gamma_bin"
"gamma_bin_7.50_3.40","vary_sd",3.4,0,TRUE,210,0.828346816490767,0.821138785507017,0.0746244907984221,0.94,0.136234902102228,-0.00720803098375034,"gamma_bin"
"gamma_bin_7.50_3.40","vary_sd",3.4,0,TRUE,211,0.945514704257119,0.93912782400637,0.0656254668992742,0.96,0.145716495246938,-0.00638688025074885,"gamma_bin"
"gamma_bin_7.50_3.40","vary_sd",3.4,0,TRUE,212,0.790503634328223,0.794228936170117,0.0688918740850295,0.93,0.133194194441901,0.0037253018418939,"gamma_bin"
"gamma_bin_7.50_3.40","vary_sd",3.4,0,TRUE,213,1.43200091428725,1.4399343082789,0.0828914657910084,0.98,0.178546813102158,0.00793339399164528,"gamma_bin"
"gamma_bin_7.50_3.40","vary_sd",3.4,0,TRUE,214,1.11427471246835,1.10480976101136,0.0685954788403722,0.96,0.156124200014401,-0.00946495145699111,"gamma_bin"
"gamma_bin_7.50_3.40","vary_sd",3.4,0,TRUE,215,1.11570572194133,1.13385320600573,0.0838665976816538,0.95,0.157889615004344,0.018147484064402,"gamma_bin"
"gamma_bin_7.50_3.40","vary_sd",3.4,0,TRUE,216,1.45325455274622,1.45243832355522,0.0915048109401322,0.94,0.177860867783305,-0.000816229191000328,"gamma_bin"
"gamma_bin_7.50_3.40","vary_sd",3.4,0,TRUE,217,1.1420513438864,1.12543590971034,0.0860603308412426,0.93,0.155192434626045,-0.0166154341760572,"gamma_bin"
"gamma_bin_7.50_3.40","vary_sd",3.4,0,TRUE,218,0.657956194341687,0.665831801299094,0.0639659474552308,0.93,0.117862415131242,0.00787560695740752,"gamma_bin"
"gamma_bin_7.50_3.40","vary_sd",3.4,0,TRUE,219,1.37055796530381,1.37738235183654,0.0839633619593495,0.96,0.167288429485557,0.00682438653272954,"gamma_bin"
"gamma_bin_7.50_3.40","vary_sd",3.4,0,TRUE,220,1.1217671045533,1.12991630322917,0.0822782619793164,0.92,0.149987355465463,0.00814919867587149,"gamma_bin"
"gamma_bin_7.50_3.40","vary_sd",3.4,0,TRUE,221,1.82148085595811,1.82961746159667,0.0963229551447261,0.95,0.189612169638504,0.00813660563855945,"gamma_bin"
"gamma_bin_7.50_3.40","vary_sd",3.4,0,TRUE,222,1.47820728190538,1.47693159995662,0.084121671227916,0.96,0.169068213076592,-0.00127568194876271,"gamma_bin"
"gamma_bin_7.50_3.40","vary_sd",3.4,0,TRUE,223,1.22912323671868,1.22638236660114,0.0813330631038695,0.93,0.151649788056138,-0.00274087011753599,"gamma_bin"
"gamma_bin_7.50_3.40","vary_sd",3.4,0,TRUE,224,1.39166921706407,1.38470254454338,0.0734455598052329,0.97,0.157498171954728,-0.00696667252068739,"gamma_bin"
"gamma_bin_7.50_3.40","vary_sd",3.4,0,TRUE,225,1.02692395020016,1.0330131667617,0.0627107360033549,0.96,0.13251957846741,0.0060892165615416,"gamma_bin"
"gamma_bin_7.50_3.40","vary_sd",3.4,0,TRUE,226,0.944469227223,0.947173014589254,0.0647168553996616,0.95,0.123710536156725,0.00270378736625365,"gamma_bin"
"gamma_bin_7.50_3.40","vary_sd",3.4,0,TRUE,227,0.882935394281871,0.875380099427074,0.0597349042153098,0.92,0.116660456302423,-0.00755529485479667,"gamma_bin"
"gamma_bin_7.50_3.40","vary_sd",3.4,0,TRUE,228,1.25451332375843,1.26511575499501,0.0666900467712927,0.96,0.138686896577123,0.0106024312365842,"gamma_bin"
"gamma_bin_7.50_3.40","vary_sd",3.4,0,TRUE,229,1.46482234027448,1.46923333984567,0.0737026743048154,0.96,0.148875419382934,0.00441099957119073,"gamma_bin"
"gamma_bin_7.50_3.40","vary_sd",3.4,0,TRUE,230,1.51066180760486,1.50515519694809,0.0847566858079253,0.91,0.15038779678444,-0.0055066106567716,"gamma_bin"
"gamma_bin_7.50_3.40","vary_sd",3.4,0,TRUE,231,1.76123960010775,1.73330281769208,0.081646485541395,0.93,0.160274211467082,-0.0279367824156693,"gamma_bin"
"gamma_bin_7.50_3.40","vary_sd",3.4,0,TRUE,232,1.40610248726795,1.39421798088609,0.0657827150571703,0.97,0.141393168042017,-0.0118845063818587,"gamma_bin"
"gamma_bin_7.50_3.40","vary_sd",3.4,0,TRUE,233,1.50839208568838,1.51560938025687,0.0638248832596259,0.98,0.14369376843287,0.00721729456849229,"gamma_bin"
"gamma_bin_7.50_3.40","vary_sd",3.4,0,TRUE,234,2.14809922234943,2.15906264606093,0.0800913440977929,0.96,0.166213064270545,0.0109634237115022,"gamma_bin"
"gamma_bin_7.50_3.40","vary_sd",3.4,0,TRUE,235,1.77316147702833,1.77390997295488,0.0793584121764283,0.92,0.145785109583217,0.000748495926546466,"gamma_bin"
"gamma_bin_7.50_3.40","vary_sd",3.4,0,TRUE,236,1.73482506410384,1.73483567140188,0.0776992176731134,0.93,0.13893896648018,1.06072980408101e-05,"gamma_bin"
"gamma_bin_7.50_3.40","vary_sd",3.4,0,TRUE,237,1.62267353351007,1.61213268411879,0.0767160580969199,0.9,0.12848015448865,-0.010540849391276,"gamma_bin"
"gamma_bin_7.50_3.40","vary_sd",3.4,0,TRUE,238,1.18124992154851,1.17513247322679,0.0522885596302795,0.97,0.105138362384642,-0.00611744832171746,"gamma_bin"
"gamma_bin_7.50_3.40","vary_sd",3.4,0,TRUE,239,1.18465305674865,1.18857862914433,0.0581213112578213,0.94,0.101614278917916,0.00392557239568458,"gamma_bin"
"gamma_bin_7.50_3.40","vary_sd",3.4,0,TRUE,240,1.4168407618799,1.42937740799616,0.0566972719203852,0.94,0.107858854381409,0.0125366461162619,"gamma_bin"
"gamma_bin_7.50_3.40","vary_sd",3.4,0,TRUE,241,1.25636383468336,1.2557567554997,0.0462950267292812,0.98,0.0986643046346653,-0.000607079183658543,"gamma_bin"
"gamma_bin_7.50_3.40","vary_sd",3.4,0,TRUE,242,1.12127216596798,1.12236743235032,0.0484835202100359,0.94,0.0915422508091065,0.00109526638234381,"gamma_bin"
"gamma_bin_7.50_3.40","vary_sd",3.4,0,TRUE,243,1.35468577162437,1.35198888630248,0.049891113598668,0.96,0.0988096349707339,-0.00269688532188939,"gamma_bin"
"gamma_bin_7.50_3.40","vary_sd",3.4,0,TRUE,244,1.01073025572083,1.02166258099498,0.04391740736499,0.96,0.084666046601756,0.0109323252741467,"gamma_bin"
"gamma_bin_7.50_3.40","vary_sd",3.4,0,TRUE,245,1.09869262296579,1.10674401078536,0.042507923563367,0.99,0.0868954790198745,0.00805138781956938,"gamma_bin"
"gamma_bin_7.50_3.40","vary_sd",3.4,0,TRUE,246,1.01867243248783,1.02272262991543,0.041801505854431,0.96,0.0824998058879013,0.00405019742759904,"gamma_bin"
"gamma_bin_7.50_3.40","vary_sd",3.4,0,TRUE,247,0.933300548697082,0.946677079200154,0.0391188779388363,0.96,0.0786155676100505,0.0133765305030724,"gamma_bin"
"gamma_bin_7.50_3.40","vary_sd",3.4,0,TRUE,248,1.07521131224965,1.0736450765161,0.0410479485349896,0.96,0.0831665256463042,-0.00156623573355241,"gamma_bin"
"gamma_bin_7.50_3.40","vary_sd",3.4,0,TRUE,249,1.30368079751671,1.30575644209767,0.0429955648398502,0.99,0.0914105678583331,0.00207564458096465,"gamma_bin"
"gamma_bin_7.50_3.40","vary_sd",3.4,0,TRUE,250,1.41725036624756,1.41575862803669,0.0477798454554153,0.95,0.0950014510145648,-0.00149173821086723,"gamma_bin"
"gamma_bin_7.50_3.40","vary_sd",3.4,0,TRUE,251,1.14473843834061,1.13891683647316,0.0398154788746263,0.96,0.0848352537484412,-0.00582160186745284,"gamma_bin"
"gamma_bin_7.50_3.40","vary_sd",3.4,0,TRUE,252,1.28957905264017,1.28440082274841,0.0492125074440465,0.95,0.0891192001979357,-0.00517822989176264,"gamma_bin"
"gamma_bin_7.50_3.40","vary_sd",3.4,0,TRUE,253,1.41164181175606,1.41049893754864,0.0431426000290454,0.96,0.0920487839342045,-0.00114287420741688,"gamma_bin"
"gamma_bin_7.50_3.40","vary_mean",7.5,0,TRUE,1,4.64176734711438,4.58029050410014,0.220138749392502,0.96,0.41765314570919,-0.0614768430142423,"gamma_bin"
"gamma_bin_7.50_3.40","vary_mean",7.5,0,TRUE,2,5.74184883880713,5.72357059967853,0.184743370859239,0.98,0.37258944318167,-0.0182782391285956,"gamma_bin"
"gamma_bin_7.50_3.40","vary_mean",7.5,0,TRUE,3,3.25033439563944,3.26060001751913,0.106576851170944,0.98,0.234879864201257,0.0102656218796864,"gamma_bin"
"gamma_bin_7.50_3.40","vary_mean",7.5,0,TRUE,4,6.73935287829888,6.77291852224678,0.166627246177526,0.92,0.293005454757271,0.0335656439478997,"gamma_bin"
"gamma_bin_7.50_3.40","vary_mean",7.5,0,TRUE,5,2.43636854796088,2.42946309499836,0.0876063276085037,0.91,0.155194482755345,-0.00690545296251832,"gamma_bin"
"gamma_bin_7.50_3.40","vary_mean",7.5,0,TRUE,6,1.74494772539268,1.73732363105395,0.0585225119631121,0.95,0.116450357568266,-0.00762409433872779,"gamma_bin"
"gamma_bin_7.50_3.40","vary_mean",7.5,0,TRUE,7,2.62517926045569,2.6358242571178,0.0676460229796823,0.95,0.128594749169132,0.0106449966621054,"gamma_bin"
"gamma_bin_7.50_3.40","vary_mean",7.5,0,TRUE,8,1.22911307977452,1.24543020936544,0.0452220067185967,0.93,0.0809909949290352,0.0163171295909219,"gamma_bin"
"gamma_bin_7.50_3.40","vary_mean",7.5,0,TRUE,9,2.39904651254038,2.40857708165875,0.0545602931918832,0.96,0.105244001834729,0.0095305691183678,"gamma_bin"
"gamma_bin_7.50_3.40","vary_mean",7.5,0,TRUE,10,1.19484574307971,1.1966665053341,0.0354146738180401,0.93,0.0703772125022728,0.00182076225439176,"gamma_bin"
"gamma_bin_7.50_3.40","vary_mean",7.5,0,TRUE,11,1.32897619591253,1.33188181284062,0.0383037984105268,0.95,0.0710038614227536,0.0029056169280921,"gamma_bin"
"gamma_bin_7.50_3.40","vary_mean",7.5,0,TRUE,12,1.45959821408832,1.46374158152397,0.0367809503322221,0.95,0.0716398023657182,0.00414336743565458,"gamma_bin"
"gamma_bin_7.50_3.40","vary_mean",7.5,0,TRUE,13,1.71530804750948,1.7223649479685,0.0405563465741258,0.94,0.0753427779537447,0.00705690045902196,"gamma_bin"
"gamma_bin_7.50_3.40","vary_mean",7.5,0,TRUE,14,1.05182866123244,1.05321181433626,0.0295979962336717,0.95,0.0573953115365909,0.00138315310382375,"gamma_bin"
"gamma_bin_7.50_3.40","vary_mean",7.5,0,TRUE,15,1.02510010675531,1.01984101383046,0.0248409180473347,0.96,0.055069883794119,-0.00525909292485349,"gamma_bin"
"gamma_bin_7.50_3.40","vary_mean",7.5,0,TRUE,16,1.25252014867933,1.25056164746927,0.031098086869555,0.95,0.0595898982833875,-0.00195850121005803,"gamma_bin"
"gamma_bin_7.50_3.40","vary_mean",7.5,0,TRUE,17,1.21525733695915,1.21628229698679,0.0295193379206823,0.95,0.0577406124429725,0.00102496002764241,"gamma_bin"
"gamma_bin_7.50_3.40","vary_mean",7.5,0,TRUE,18,0.979230198394809,0.976160947077217,0.026319122792152,0.97,0.0510668531982544,-0.00306925131759184,"gamma_bin"
"gamma_bin_7.50_3.40","vary_mean",7.5,0,TRUE,19,1.02544833790337,1.03028085330132,0.0240954334664138,0.97,0.0519235318882597,0.00483251539794627,"gamma_bin"
"gamma_bin_7.50_3.40","vary_mean",7.5,0,TRUE,20,1.03933643277786,1.04236922199833,0.0229953695673898,0.98,0.0518071332067767,0.00303278922047134,"gamma_bin"
"gamma_bin_7.50_3.40","vary_mean",7.5,0,TRUE,21,1.31704644033967,1.32135082770768,0.0265079917886568,0.99,0.0580084157495305,0.00430438736800665,"gamma_bin"
"gamma_bin_7.50_3.40","vary_mean",7.5,0,TRUE,22,1.01626238281987,1.0135134799135,0.0243214524887308,0.96,0.0506022602597767,-0.00274890290637475,"gamma_bin"
"gamma_bin_7.50_3.40","vary_mean",7.5,0,TRUE,23,0.750219977978433,0.749939859584491,0.023905979105653,0.9,0.0432994858645644,-0.000280118393942153,"gamma_bin"
"gamma_bin_7.50_3.40","vary_mean",7.5,0,TRUE,24,0.68680573053247,0.685769751435129,0.0206731368490171,0.95,0.0411540604276505,-0.00103597909734054,"gamma_bin"
"gamma_bin_7.50_3.40","vary_mean",7.5,0,TRUE,25,1.09137562864791,1.09297922885116,0.0247963944097381,0.97,0.0518100449970167,0.00160360020324912,"gamma_bin"
"gamma_bin_7.50_3.40","vary_mean",7.5,0,TRUE,26,0.741057834922739,0.741055139719863,0.0204382094800306,0.95,0.04281050494584,-2.69520287643488e-06,"gamma_bin"
"gamma_bin_7.50_3.40","vary_mean",7.5,0,TRUE,27,0.768534353981288,0.767477216059081,0.0198005463887957,0.99,0.0439140414432992,-0.00105713792220685,"gamma_bin"
"gamma_bin_7.50_3.40","vary_mean",7.5,0,TRUE,28,0.752768210408917,0.751444478488791,0.0224030001441555,0.96,0.0439050593923411,-0.00132373192012614,"gamma_bin"
"gamma_bin_7.50_3.40","vary_mean",7.5,0,TRUE,29,0.700189279957523,0.701078590051662,0.0205391718549373,0.95,0.0429456230875168,0.000889310094138729,"gamma_bin"
"gamma_bin_7.50_3.40","vary_mean",7.5,0,TRUE,30,0.555240242382622,0.559728569741301,0.0212024592634451,0.88,0.0389504635765608,0.00448832735867932,"gamma_bin"
"gamma_bin_7.50_3.40","vary_mean",7.5,0,TRUE,31,0.584450640057208,0.582019702918432,0.0179362293906244,0.97,0.040431790114565,-0.00243093713877596,"gamma_bin"
"gamma_bin_7.50_3.40","vary_mean",7.5,0,TRUE,32,0.680297862250013,0.676479214181879,0.0224309152466419,0.95,0.0445442598440282,-0.00381864806813448,"gamma_bin"
"gamma_bin_7.50_3.40","vary_mean",7.5,0,TRUE,33,0.95896579009836,0.956823411381213,0.0288050788106684,0.96,0.05437681861713,-0.00214237871714729,"gamma_bin"
"gamma_bin_7.50_3.40","vary_mean",7.5,0,TRUE,34,1.26713544933213,1.2663384045661,0.0308822548634,0.95,0.0643613728770403,-0.000797044766032373,"gamma_bin"
"gamma_bin_7.50_3.40","vary_mean",7.5,0,TRUE,35,1.32835487275134,1.31740204901183,0.0313686713074244,0.96,0.0673134675293452,-0.0109528237395065,"gamma_bin"
"gamma_bin_7.50_3.40","vary_mean",7.5,0,TRUE,36,0.820532179912435,0.814074780901291,0.0266755953468082,0.97,0.0536702400283004,-0.0064573990111435,"gamma_bin"
"gamma_bin_7.50_3.40","vary_mean",7.5,0,TRUE,37,0.605066948223753,0.605855770067508,0.022601219869172,0.96,0.0463287136346073,0.00078882184375495,"gamma_bin"
"gamma_bin_7.50_3.40","vary_mean",7.5,0,TRUE,38,0.480613317476216,0.484689320754772,0.0240368753840077,0.94,0.041184089604814,0.00407600327855612,"gamma_bin"
"gamma_bin_7.50_3.40","vary_mean",7.5,0,TRUE,39,0.729684595490469,0.740430522826563,0.0243053769210739,0.95,0.0507993058887415,0.0107459273360935,"gamma_bin"
"gamma_bin_7.50_3.40","vary_mean",7.5,0,TRUE,40,0.815117093248404,0.822537208342622,0.0266917200050678,0.96,0.054002789735074,0.00742011509421758,"gamma_bin"
"gamma_bin_7.50_3.40","vary_mean",7.5,0,TRUE,41,0.615435524003123,0.619807802465614,0.0235985650920503,0.96,0.0477597026272819,0.00437227846249122,"gamma_bin"
"gamma_bin_7.50_3.40","vary_mean",7.5,0,TRUE,42,0.771681049543453,0.774756498025751,0.024077539967565,0.98,0.0546837968812324,0.00307544848229779,"gamma_bin"
"gamma_bin_7.50_3.40","vary_mean",7.5,0,TRUE,43,0.638637642797715,0.64071714373187,0.0254865191628248,0.96,0.0510019503575483,0.00207950093415543,"gamma_bin"
"gamma_bin_7.50_3.40","vary_mean",7.5,0,TRUE,44,0.502607638572081,0.496688876223134,0.0234212382365504,0.97,0.0460305436970784,-0.00591876234894717,"gamma_bin"
"gamma_bin_7.50_3.40","vary_mean",7.5,0,TRUE,45,0.419348773276434,0.420810596552644,0.0220780477389205,0.97,0.0434142071423167,0.00146182327621019,"gamma_bin"
"gamma_bin_7.50_3.40","vary_mean",7.5,0,TRUE,46,0.532523289397014,0.530694622384972,0.0263172435045934,0.95,0.0500718611989789,-0.00182866701204243,"gamma_bin"
"gamma_bin_7.50_3.40","vary_mean",7.5,0,TRUE,47,0.748164536979726,0.741745039402261,0.0297322576034112,0.95,0.0610948206081944,-0.00641949757746518,"gamma_bin"
"gamma_bin_7.50_3.40","vary_mean",7.5,0,TRUE,48,0.699597036363356,0.7000729356433,0.0282921876231415,0.98,0.0615677451932322,0.000475899279943515,"gamma_bin"
"gamma_bin_7.50_3.40","vary_mean",7.5,0,TRUE,49,0.840634610500807,0.839823058357461,0.0339136302134694,0.96,0.0700163471701537,-0.000811552143346161,"gamma_bin"
"gamma_bin_7.50_3.40","vary_mean",7.5,0,TRUE,50,0.605572567510499,0.599823402411584,0.0300812761954691,0.95,0.06123618290959,-0.0057491650989151,"gamma_bin"
"gamma_bin_7.50_3.40","vary_mean",7.5,0,TRUE,51,0.551154795645625,0.552349043992148,0.0303662394390468,0.95,0.0604558061407071,0.00119424834652282,"gamma_bin"
"gamma_bin_7.50_3.40","vary_mean",7.5,0,TRUE,52,0.382419782215341,0.381000644016296,0.0297151187597321,0.9,0.0514147534633537,-0.00141913819904466,"gamma_bin"
"gamma_bin_7.50_3.40","vary_mean",7.5,0,TRUE,53,0.67605453850849,0.679417995474154,0.0414020734518544,0.91,0.0703547418574887,0.00336345696566387,"gamma_bin"
"gamma_bin_7.50_3.40","vary_mean",7.5,0,TRUE,54,0.67389745281474,0.677811612768022,0.0365673550093396,0.95,0.0723194690167474,0.00391415995328248,"gamma_bin"
"gamma_bin_7.50_3.40","vary_mean",7.5,0,TRUE,55,0.928654307802489,0.926577267052412,0.0498187931649305,0.9,0.087387488452507,-0.00207704075007697,"gamma_bin"
"gamma_bin_7.50_3.40","vary_mean",7.5,0,TRUE,56,0.750444909156983,0.750532112424013,0.0433943515091306,0.95,0.0813408324693943,8.72032670301559e-05,"gamma_bin"
"gamma_bin_7.50_3.40","vary_mean",7.5,0,TRUE,57,0.713559496047443,0.709025953232372,0.0430983086849272,0.95,0.0814090383684919,-0.0045335428150709,"gamma_bin"
"gamma_bin_7.50_3.40","vary_mean",7.5,0,TRUE,58,0.492127182876667,0.49394353466187,0.0346450173809188,0.95,0.0695288926593758,0.00181635178520334,"gamma_bin"
"gamma_bin_7.50_3.40","vary_mean",7.5,0,TRUE,59,0.488121905081673,0.484943660687401,0.0404164287978822,0.9,0.0702048585753578,-0.00317824439427244,"gamma_bin"
"gamma_bin_7.50_3.40","vary_mean",7.5,0,TRUE,60,0.671861168143052,0.683517569501583,0.0423082919486201,0.97,0.0851083177250276,0.0116564013585307,"gamma_bin"
"gamma_bin_7.50_3.40","vary_mean",7.5,0,TRUE,61,0.791762464983911,0.802951503413052,0.0476196537601553,0.93,0.0946296638387086,0.0111890384291413,"gamma_bin"
"gamma_bin_7.50_3.40","vary_mean",7.5,0,TRUE,62,0.652922492639065,0.6605992917977,0.0481314119709128,0.93,0.088429052952805,0.0076767991586354,"gamma_bin"
"gamma_bin_7.50_3.40","vary_mean",7.5,0,TRUE,63,0.613891069127135,0.612397492326417,0.0447283208278161,0.96,0.0877736117689941,-0.0014935768007176,"gamma_bin"
"gamma_bin_7.50_3.40","vary_mean",7.5,0,TRUE,64,0.747174650317661,0.747109727398397,0.0522588253767199,0.93,0.0997236359366149,-6.49229192641876e-05,"gamma_bin"
"gamma_bin_7.50_3.40","vary_mean",7.5,0,TRUE,65,0.706701130088712,0.713050962048267,0.0466801349095379,0.95,0.100054916373875,0.00634983195955474,"gamma_bin"
"gamma_bin_7.50_3.40","vary_mean",7.5,0,TRUE,66,0.51187393654748,0.513829052133064,0.0408205053556215,0.96,0.0870867882403179,0.00195511558558359,"gamma_bin"
"gamma_bin_7.50_3.40","vary_mean",7.5,0,TRUE,67,0.670601402325688,0.668440671719369,0.0512408703940961,0.95,0.10175134228042,-0.00216073060631905,"gamma_bin"
"gamma_bin_7.50_3.40","vary_mean",7.5,0,TRUE,68,1.17253163081397,1.16924581366209,0.0670026413931364,0.96,0.137999262436734,-0.00328581715187837,"gamma_bin"
"gamma_bin_7.50_3.40","vary_mean",7.5,0,TRUE,69,1.09882955126721,1.08420156343988,0.0698560375596543,0.94,0.136350153401066,-0.0146279878273272,"gamma_bin"
"gamma_bin_7.50_3.40","vary_mean",7.5,0,TRUE,70,0.864010024055233,0.859316854882585,0.0524163013017814,0.98,0.124014916448349,-0.00469316917264828,"gamma_bin"
"gamma_bin_7.50_3.40","vary_mean",7.5,0,TRUE,71,0.715098113998147,0.712940014823053,0.0549206519455718,0.97,0.114304465748051,-0.00215809917509424,"gamma_bin"
"gamma_bin_7.50_3.40","vary_mean",7.5,0,TRUE,72,0.5778146754347,0.588311590959831,0.0568202692429752,0.94,0.104314845234029,0.0104969155251308,"gamma_bin"
"gamma_bin_7.50_3.40","vary_mean",7.5,0,TRUE,73,0.968098548670386,0.981729522227255,0.0716305193035368,0.95,0.135432814749958,0.0136309735568689,"gamma_bin"
"gamma_bin_7.50_3.40","vary_mean",7.5,0,TRUE,74,0.655349167508219,0.666472555458979,0.0578640433414241,0.96,0.112608282313876,0.0111233879507602,"gamma_bin"
"gamma_bin_7.50_3.40","vary_mean",7.5,0,TRUE,75,0.59977224361632,0.591866665634893,0.0636782125357965,0.9,0.107516456718196,-0.00790557798142733,"gamma_bin"
"gamma_bin_7.50_3.40","vary_mean",7.5,0,TRUE,76,0.795810456805532,0.801378659380914,0.0675689942901121,0.91,0.127248251202353,0.00556820257538226,"gamma_bin"
"gamma_bin_7.50_3.40","vary_mean",7.5,0,TRUE,77,0.873668877519834,0.88149579330665,0.0668595440587398,0.96,0.13623958718609,0.00782691578681571,"gamma_bin"
"gamma_bin_7.50_3.40","vary_mean",7.5,0,TRUE,78,0.655524310026793,0.661624077944798,0.060666681487181,0.95,0.120610189150999,0.00609976791800548,"gamma_bin"
"gamma_bin_7.50_3.40","vary_mean",7.5,0,TRUE,79,0.810623636163075,0.806675991606955,0.0578173170501738,1,0.136022848680498,-0.00394764455611951,"gamma_bin"
"gamma_bin_7.50_3.40","vary_mean",7.5,0,TRUE,80,0.610456557383718,0.62667306266881,0.0615317414944158,0.95,0.122185823462549,0.0162165052850918,"gamma_bin"
"gamma_bin_7.50_3.40","vary_mean",7.5,0,TRUE,81,0.859858611274139,0.858163616905148,0.0768819993470399,0.95,0.145695782958355,-0.00169499436899112,"gamma_bin"
"gamma_bin_7.50_3.40","vary_mean",7.5,0,TRUE,82,0.71793472208637,0.71592734660438,0.0683609105612518,0.95,0.13556214015783,-0.00200737548199026,"gamma_bin"
"gamma_bin_7.50_3.40","vary_mean",7.5,0,TRUE,83,0.992203959261976,0.983281768749845,0.0839780740118229,0.93,0.16189537007607,-0.00892219051213083,"gamma_bin"
"gamma_bin_7.50_3.40","vary_mean",7.5,0,TRUE,84,1.12541562776308,1.14334210610676,0.0924613908609796,0.94,0.177865006808405,0.017926478343681,"gamma_bin"
"gamma_bin_7.50_3.40","vary_mean",7.5,0,TRUE,85,0.719081428835968,0.713812132779026,0.0749922482364361,0.94,0.14266286666147,-0.00526929605694171,"gamma_bin"
"gamma_bin_7.50_3.40","vary_mean",7.5,0,TRUE,86,0.84752493125734,0.863583898543278,0.0806757676927602,0.93,0.158497972008294,0.0160589672859376,"gamma_bin"
"gamma_bin_7.50_3.40","vary_mean",7.5,0,TRUE,87,0.855021916180829,0.862743381174615,0.0735880293120628,0.99,0.159422201323628,0.00772146499378601,"gamma_bin"
"gamma_bin_7.50_3.40","vary_mean",7.5,0,TRUE,88,1.05231211723794,1.05984565784001,0.102771388424894,0.94,0.177678698218411,0.0075335406020749,"gamma_bin"
"gamma_bin_7.50_3.40","vary_mean",7.5,0,TRUE,89,0.736245763604483,0.728778989892951,0.0683019158460489,0.99,0.14841722973505,-0.00746677371153215,"gamma_bin"
"gamma_bin_7.50_3.40","vary_mean",7.5,0,TRUE,90,0.910435800275709,0.906197122312457,0.0880393334449392,0.93,0.16670633113421,-0.00423867796325206,"gamma_bin"
"gamma_bin_7.50_3.40","vary_mean",7.5,0,TRUE,91,0.875373992276142,0.880303296851669,0.0701626777406263,0.98,0.16557901606807,0.00492930457552709,"gamma_bin"
"gamma_bin_7.50_3.40","vary_mean",7.5,0,TRUE,92,1.13308580158326,1.13011783252093,0.0889740874012564,0.95,0.189229527242113,-0.00296796906232677,"gamma_bin"
"gamma_bin_7.50_3.40","vary_mean",7.5,0,TRUE,93,0.779622317935819,0.780450408370413,0.0900732366818531,0.9,0.158560900458084,0.000828090434594086,"gamma_bin"
"gamma_bin_7.50_3.40","vary_mean",7.5,0,TRUE,94,0.738590807925372,0.735567196521379,0.0722115331092222,0.97,0.155040073544096,-0.00302361140399277,"gamma_bin"
"gamma_bin_7.50_3.40","vary_mean",7.5,0,TRUE,95,0.736386067431423,0.744183333834729,0.0792371481864648,0.96,0.156798038419965,0.00779726640330625,"gamma_bin"
"gamma_bin_7.50_3.40","vary_mean",7.5,0,TRUE,96,0.940470991453404,0.963210847178423,0.095569288453788,0.95,0.179727738700478,0.0227398557250189,"gamma_bin"
"gamma_bin_7.50_3.40","vary_mean",7.5,0,TRUE,97,0.92681020267862,0.946366740227226,0.0870153753343704,0.97,0.180250616159625,0.019556537548606,"gamma_bin"
"gamma_bin_7.50_3.40","vary_mean",7.5,0,TRUE,98,0.805264800704658,0.793043808891053,0.0881254315804801,0.95,0.167024017214217,-0.0122209918136047,"gamma_bin"
"gamma_bin_7.50_3.40","vary_mean",7.5,0,TRUE,99,0.96897608307621,0.976910512050633,0.0919106057289766,0.94,0.187578666100552,0.00793442897442309,"gamma_bin"
"gamma_bin_7.50_3.40","vary_mean",7.5,0,TRUE,100,0.483332995262756,0.486026219821497,0.0630403445085681,0.99,0.133608328818161,0.00269322455874088,"gamma_bin"
"gamma_bin_7.50_3.40","vary_mean",7.5,0,TRUE,101,0.66077716283239,0.665395783283421,0.0744690859127615,0.96,0.157871888847615,0.00461862045103134,"gamma_bin"
"gamma_bin_7.50_3.40","vary_mean",7.5,0,TRUE,102,0.655745239910364,0.658161697527786,0.0795671139261168,0.97,0.158913059829981,0.00241645761742193,"gamma_bin"
"gamma_bin_7.50_3.40","vary_mean",7.5,0,TRUE,103,1.19599908198214,1.20083909217673,0.0999913096183549,0.96,0.218675594113018,0.00484001019459046,"gamma_bin"
"gamma_bin_7.50_3.40","vary_mean",7.5,0,TRUE,104,1.52020654998133,1.51628230652097,0.132691481800174,0.94,0.251125206508853,-0.00392424346036102,"gamma_bin"
"gamma_bin_7.50_3.40","vary_mean",7.5,0,TRUE,105,1.10303826313934,1.1032310768476,0.13389609025952,0.95,0.218029921239943,0.000192813708262296,"gamma_bin"
"gamma_bin_7.50_3.40","vary_mean",7.5,0,TRUE,106,0.895258886773757,0.909558039620702,0.0954110645090924,0.97,0.199272877210781,0.014299152846945,"gamma_bin"
"gamma_bin_7.50_3.40","vary_mean",7.5,0,TRUE,107,0.603016892421566,0.607310372456873,0.0779664071965752,0.97,0.161753648264735,0.00429348003530738,"gamma_bin"
"gamma_bin_7.50_3.40","vary_mean",7.5,0,TRUE,108,1.07762321196894,1.08831466213581,0.114046445959481,0.94,0.214382737259043,0.0106914501668662,"gamma_bin"
"gamma_bin_7.50_3.40","vary_mean",7.5,0,TRUE,109,1.67936751135944,1.70663728308189,0.129841722824734,0.95,0.267316276674302,0.0272697717224537,"gamma_bin"
"gamma_bin_7.50_3.40","vary_mean",7.5,0,TRUE,110,0.778512854791425,0.796824819959389,0.106142620454706,0.91,0.182484529934117,0.0183119651679639,"gamma_bin"
"gamma_bin_7.50_3.40","vary_mean",7.5,0,TRUE,111,0.992005341124613,0.981172961276445,0.0950445560378037,0.96,0.202113136739322,-0.0108323798481677,"gamma_bin"
"gamma_bin_7.50_3.40","vary_mean",7.5,0,TRUE,112,1.07688074493023,1.08803670483159,0.103089409287079,0.95,0.211470324096426,0.0111559599013629,"gamma_bin"
"gamma_bin_7.50_3.40","vary_mean",7.5,0,TRUE,113,0.702400819858529,0.714301804582061,0.093307723729224,0.89,0.170092391725446,0.0119009847235318,"gamma_bin"
"gamma_bin_7.50_3.40","vary_mean",7.5,0,TRUE,114,0.976066509197994,0.97636644958044,0.11757946794074,0.9,0.198102892653324,0.000299940382445851,"gamma_bin"
"gamma_bin_7.50_3.40","vary_mean",7.5,0,TRUE,115,1.23867756628513,1.25865616907177,0.10980697343777,0.99,0.225146903225114,0.019978602786644,"gamma_bin"
"gamma_bin_7.50_3.40","vary_mean",7.5,0,TRUE,116,1.16180338965973,1.16424318110033,0.117655018650482,0.94,0.217243880656819,0.00243979144060091,"gamma_bin"
"gamma_bin_7.50_3.40","vary_mean",7.5,0,TRUE,117,1.19462029108814,1.18853924749834,0.124528540740411,0.92,0.22011918306322,-0.00608104358980333,"gamma_bin"
"gamma_bin_7.50_3.40","vary_mean",7.5,0,TRUE,118,1.16321995780671,1.17638211415877,0.107432504707484,0.92,0.218508696079528,0.0131621563520588,"gamma_bin"
"gamma_bin_7.50_3.40","vary_mean",7.5,0,TRUE,119,1.07032628214879,1.06017602355535,0.118146434389368,0.93,0.205827761314769,-0.0101502585934392,"gamma_bin"
"gamma_bin_7.50_3.40","vary_mean",7.5,0,TRUE,120,0.877757633134012,0.875572277404064,0.0925222003366827,0.97,0.185204564721746,-0.00218535572994827,"gamma_bin"
"gamma_bin_7.50_3.40","vary_mean",7.5,0,TRUE,121,1.36755731263547,1.35898920850702,0.114933093927017,0.95,0.228445166301168,-0.0085681041284491,"gamma_bin"
"gamma_bin_7.50_3.40","vary_mean",7.5,0,TRUE,122,0.835796444244159,0.843325240804819,0.0969418108335754,0.94,0.1785922269509,0.00752879656066041,"gamma_bin"
"gamma_bin_7.50_3.40","vary_mean",7.5,0,TRUE,123,1.26724551805682,1.28130051173869,0.107995484729331,0.96,0.219169888134273,0.014054993681867,"gamma_bin"
"gamma_bin_7.50_3.40","vary_mean",7.5,0,TRUE,124,0.969129898643769,0.980883072116681,0.0885787180884996,0.97,0.190843137447059,0.0117531734729116,"gamma_bin"
"gamma_bin_7.50_3.40","vary_mean",7.5,0,TRUE,125,0.847338782890042,0.863483187125688,0.0927675166590105,0.92,0.178099494589482,0.0161444042356457,"gamma_bin"
"gamma_bin_7.50_3.40","vary_mean",7.5,0,TRUE,126,0.715564882412269,0.72848812822071,0.0815357228183941,0.94,0.162934580647208,0.0129232458084411,"gamma_bin"
"gamma_bin_7.50_3.40","vary_mean",7.5,0,TRUE,127,0.94782383341486,0.958259219653699,0.100917494007959,0.96,0.186526644963867,0.0104353862388393,"gamma_bin"
"gamma_bin_7.50_3.40","vary_mean",7.5,0,TRUE,128,0.685081694959754,0.699323935906187,0.0739527248396091,0.94,0.160035351965597,0.0142422409464334,"gamma_bin"
"gamma_bin_7.50_3.40","vary_mean",7.5,0,TRUE,129,0.940719567434955,0.949114778214747,0.085705470202642,0.95,0.187755922616155,0.00839521077979166,"gamma_bin"
"gamma_bin_7.50_3.40","vary_mean",7.5,0,TRUE,130,0.882735861931285,0.889270662022713,0.0944399388434228,0.94,0.183785734960643,0.00653480009142771,"gamma_bin"
"gamma_bin_7.50_3.40","vary_mean",7.5,0,TRUE,131,0.908592867608554,0.931678429996227,0.0922969856222854,0.96,0.190601327457432,0.0230855623876728,"gamma_bin"
"gamma_bin_7.50_3.40","vary_mean",7.5,0,TRUE,132,0.919571358645804,0.928231950344401,0.0875696489789658,0.99,0.192504023199392,0.00866059169859723,"gamma_bin"
"gamma_bin_7.50_3.40","vary_mean",7.5,0,TRUE,133,0.772870216905444,0.755678283695307,0.0808447840471955,0.96,0.175387761272244,-0.0171919332101371,"gamma_bin"
"gamma_bin_7.50_3.40","vary_mean",7.5,0,TRUE,134,0.850110615604727,0.865808630320492,0.0931493407615072,0.94,0.18918329917449,0.0156980147157647,"gamma_bin"
"gamma_bin_7.50_3.40","vary_mean",7.5,0,TRUE,135,0.784750966748685,0.796800377685248,0.096649566483557,0.95,0.182848381830399,0.0120494109365631,"gamma_bin"
"gamma_bin_7.50_3.40","vary_mean",7.5,0,TRUE,136,0.974669466757976,0.974666583042304,0.115297340104149,0.92,0.204062458527867,-2.88371567236378e-06,"gamma_bin"
"gamma_bin_7.50_3.40","vary_mean",7.5,0,TRUE,137,0.984151011066472,0.990604982536736,0.102624385985699,0.94,0.208282259855767,0.00645397147026416,"gamma_bin"
"gamma_bin_7.50_3.40","vary_mean",7.5,0,TRUE,138,1.1907508581573,1.17965155423672,0.122739186299129,0.95,0.229455586302544,-0.0110993039205767,"gamma_bin"
"gamma_bin_7.50_3.40","vary_mean",7.5,0,TRUE,139,1.38368582408824,1.39641058105524,0.126741621804038,0.96,0.251729022150476,0.0127247569669977,"gamma_bin"
"gamma_bin_7.50_3.40","vary_mean",7.5,0,TRUE,140,0.815817246340058,0.818688224704367,0.10661904498324,0.95,0.192986647341924,0.00287097836430905,"gamma_bin"
"gamma_bin_7.50_3.40","vary_mean",7.5,0,TRUE,141,0.948708845408202,0.956220937164165,0.100688359715373,0.95,0.207800708118351,0.00751209175596268,"gamma_bin"
"gamma_bin_7.50_3.40","vary_mean",7.5,0,TRUE,142,0.887913521021147,0.901154971226981,0.0971503203357768,0.95,0.200134227839968,0.0132414502058344,"gamma_bin"
"gamma_bin_7.50_3.40","vary_mean",7.5,0,TRUE,143,1.33195215209727,1.35479021138858,0.120278446080382,0.98,0.24391580661142,0.0228380592913053,"gamma_bin"
"gamma_bin_7.50_3.40","vary_mean",7.5,0,TRUE,144,1.33130915175386,1.3258747037694,0.121080379161996,0.95,0.240802783334018,-0.00543444798446346,"gamma_bin"
"gamma_bin_7.50_3.40","vary_mean",7.5,0,TRUE,145,1.36040954450305,1.36648163841267,0.114084652806053,0.96,0.243941629592739,0.00607209390961616,"gamma_bin"
"gamma_bin_7.50_3.40","vary_mean",7.5,0,TRUE,146,1.03071516120352,1.03085914864825,0.0964412775995999,1,0.210308568146716,0.000143987444726879,"gamma_bin"
"gamma_bin_7.50_3.40","vary_mean",7.5,0,TRUE,147,1.01542687773298,1.01717358017056,0.100962414357336,0.95,0.206145373775429,0.00174670243758435,"gamma_bin"
"gamma_bin_7.50_3.40","vary_mean",7.5,0,TRUE,148,0.918038272830281,0.918992263853539,0.0946367003217391,0.96,0.193239267207522,0.000953991023257772,"gamma_bin"
"gamma_bin_7.50_3.40","vary_mean",7.5,0,TRUE,149,0.795403147880171,0.800429527713154,0.0935317333131081,0.97,0.178048414443285,0.00502637983298315,"gamma_bin"
"gamma_bin_7.50_3.40","vary_mean",7.5,0,TRUE,150,0.947076494147123,0.943601011291892,0.103097849081471,0.93,0.19208984016733,-0.00347548285523058,"gamma_bin"
"gamma_bin_7.50_3.40","vary_mean",7.5,0,TRUE,151,0.838902415667924,0.846524989483684,0.090846167083473,0.97,0.18208935146713,0.00762257381576015,"gamma_bin"
"gamma_bin_7.50_3.40","vary_mean",7.5,0,TRUE,152,1.10280245382765,1.12149854453278,0.0963927659332992,0.97,0.210962853731225,0.0186960907051288,"gamma_bin"
"gamma_bin_7.50_3.40","vary_mean",7.5,0,TRUE,153,1.09815440539428,1.088936702099,0.0959477412300032,0.96,0.209571549712451,-0.00921770329527982,"gamma_bin"
"gamma_bin_7.50_3.40","vary_mean",7.5,0,TRUE,154,0.933699509626363,0.920198041102528,0.111500631125562,0.93,0.193982240597439,-0.0135014685238347,"gamma_bin"
"gamma_bin_7.50_3.40","vary_mean",7.5,0,TRUE,155,0.677259462566555,0.676580594294264,0.0784968448121619,0.97,0.166805479387762,-0.000678868272291466,"gamma_bin"
"gamma_bin_7.50_3.40","vary_mean",7.5,0,TRUE,156,0.794318325784725,0.809400476727715,0.0913812615851911,0.95,0.182768432627973,0.0150821509429895,"gamma_bin"
"gamma_bin_7.50_3.40","vary_mean",7.5,0,TRUE,157,0.863129045133472,0.874725464938306,0.0969383004985952,0.97,0.190609108110352,0.0115964198048338,"gamma_bin"
"gamma_bin_7.50_3.40","vary_mean",7.5,0,TRUE,158,1.2121292060572,1.21573699686891,0.128694460603005,0.93,0.22646638404408,0.00360779081170937,"gamma_bin"
"gamma_bin_7.50_3.40","vary_mean",7.5,0,TRUE,159,1.02410099479473,1.01900726345071,0.103303098797412,0.95,0.209596210493942,-0.0050937313440178,"gamma_bin"
"gamma_bin_7.50_3.40","vary_mean",7.5,0,TRUE,160,0.905625417711481,0.904508210721568,0.0995620237563899,0.92,0.199135567108647,-0.0011172069899128,"gamma_bin"
"gamma_bin_7.50_3.40","vary_mean",7.5,0,TRUE,161,0.911623484707899,0.939769245442021,0.099799588677242,0.96,0.203765998739758,0.0281457607341223,"gamma_bin"
"gamma_bin_7.50_3.40","vary_mean",7.5,0,TRUE,162,0.854314364398061,0.865750748986438,0.0940111910884804,0.94,0.195787273768101,0.0114363845883768,"gamma_bin"
"gamma_bin_7.50_3.40","vary_mean",7.5,0,TRUE,163,0.939538506142908,0.956203349484136,0.104571519821107,0.94,0.205902462144928,0.0166648433412283,"gamma_bin"
"gamma_bin_7.50_3.40","vary_mean",7.5,0,TRUE,164,0.804264811038419,0.821012144844567,0.10139503131229,0.97,0.19134442791202,0.0167473338061476,"gamma_bin"
"gamma_bin_7.50_3.40","vary_mean",7.5,0,TRUE,165,1.00142358506205,1.00315562274949,0.102714496118975,0.97,0.212413301217123,0.00173203768744301,"gamma_bin"
"gamma_bin_7.50_3.40","vary_mean",7.5,0,TRUE,166,1.22258511650756,1.24009220427104,0.0991058332770957,0.99,0.2378716244952,0.017507087763476,"gamma_bin"
"gamma_bin_7.50_3.40","vary_mean",7.5,0,TRUE,167,0.797785743145654,0.804451942618158,0.095857810016495,0.96,0.192703242034042,0.00666619947250369,"gamma_bin"
"gamma_bin_7.50_3.40","vary_mean",7.5,0,TRUE,168,1.1498418409574,1.1634590161512,0.117241710518132,0.93,0.232487523768337,0.0136171751938023,"gamma_bin"
"gamma_bin_7.50_3.40","vary_mean",7.5,0,TRUE,169,0.760349335694062,0.745939791907648,0.0936483341234024,0.94,0.186388454492751,-0.0144095437864139,"gamma_bin"
"gamma_bin_7.50_3.40","vary_mean",7.5,0,TRUE,170,1.37423882796411,1.38126204600743,0.113456898016502,0.97,0.253347447374493,0.00702321804331962,"gamma_bin"
"gamma_bin_7.50_3.40","vary_mean",7.5,0,TRUE,171,0.879916177740953,0.882967308415868,0.104572423389619,0.95,0.202623185507001,0.00305113067491469,"gamma_bin"
"gamma_bin_7.50_3.40","vary_mean",7.5,0,TRUE,172,1.40469809778524,1.40246610644263,0.116896813167107,0.99,0.254983035551767,-0.00223199134261143,"gamma_bin"
"gamma_bin_7.50_3.40","vary_mean",7.5,0,TRUE,173,0.919193657171105,0.924313345583782,0.0932058684052315,0.98,0.206397390017834,0.00511968841267696,"gamma_bin"
"gamma_bin_7.50_3.40","vary_mean",7.5,0,TRUE,174,0.923156528563282,0.944441523243679,0.109707677255014,0.94,0.207451395603416,0.0212849946803968,"gamma_bin"
"gamma_bin_7.50_3.40","vary_mean",7.5,0,TRUE,175,1.03837120055872,1.03683038805998,0.121172878230901,0.95,0.215580702869444,-0.00154081249874372,"gamma_bin"
"gamma_bin_7.50_3.40","vary_mean",7.5,0,TRUE,176,0.998550191051843,1.00770810281219,0.120899462507806,0.92,0.211469388777416,0.00915791176034675,"gamma_bin"
"gamma_bin_7.50_3.40","vary_mean",7.5,0,TRUE,177,1.0672490953256,1.06609222208183,0.109483131822001,0.95,0.217014349040009,-0.00115687324376834,"gamma_bin"
"gamma_bin_7.50_3.40","vary_mean",7.5,0,TRUE,178,0.796488943635566,0.789130064696037,0.0965318841455126,0.94,0.186537880922643,-0.00735887893952858,"gamma_bin"
"gamma_bin_7.50_3.40","vary_mean",7.5,0,TRUE,179,1.19853631620291,1.19991430369355,0.116200131265458,0.95,0.230101117513176,0.00137798749064411,"gamma_bin"
"gamma_bin_7.50_3.40","vary_mean",7.5,0,TRUE,180,1.18742234445089,1.20374024228524,0.11726651571408,0.94,0.23080596901099,0.0163178978343479,"gamma_bin"
"gamma_bin_7.50_3.40","vary_mean",7.5,0,TRUE,181,1.49419822100474,1.50463524844263,0.128716829048685,0.95,0.25834485579694,0.0104370274378933,"gamma_bin"
"gamma_bin_7.50_3.40","vary_mean",7.5,0,TRUE,182,1.51569971274724,1.50849588515787,0.136531660263949,0.95,0.257762089612883,-0.00720382758937332,"gamma_bin"
"gamma_bin_7.50_3.40","vary_mean",7.5,0,TRUE,183,0.993078083144793,0.994472345048231,0.115616080573303,0.92,0.206877897644337,0.00139426190343772,"gamma_bin"
"gamma_bin_7.50_3.40","vary_mean",7.5,0,TRUE,184,0.900895179433443,0.925154122761531,0.099111063474455,0.94,0.195935094654037,0.0242589433280879,"gamma_bin"
"gamma_bin_7.50_3.40","vary_mean",7.5,0,TRUE,185,0.823216514722493,0.820121819149005,0.0829917050637503,0.99,0.180825135363926,-0.00309469557348807,"gamma_bin"
"gamma_bin_7.50_3.40","vary_mean",7.5,0,TRUE,186,1.22622352517845,1.23294129474065,0.100339008612127,0.96,0.218834048456163,0.00671776956219916,"gamma_bin"
"gamma_bin_7.50_3.40","vary_mean",7.5,0,TRUE,187,0.917485344129662,0.915769525364115,0.0953783764745546,0.97,0.187398474666858,-0.0017158187655465,"gamma_bin"
"gamma_bin_7.50_3.40","vary_mean",7.5,0,TRUE,188,1.14600718978611,1.15089803612703,0.104587694674729,0.96,0.20986788029299,0.0048908463409234,"gamma_bin"
"gamma_bin_7.50_3.40","vary_mean",7.5,0,TRUE,189,1.15017955401154,1.12946058256825,0.107848427229053,0.94,0.208085734391836,-0.0207189714432878,"gamma_bin"
"gamma_bin_7.50_3.40","vary_mean",7.5,0,TRUE,190,1.13787761403339,1.11908124499503,0.112831956439899,0.93,0.206985549772462,-0.0187963690383632,"gamma_bin"
"gamma_bin_7.50_3.40","vary_mean",7.5,0,TRUE,191,1.77820774658985,1.77452134095266,0.132945306662322,0.94,0.260041332315419,-0.00368640563718947,"gamma_bin"
"gamma_bin_7.50_3.40","vary_mean",7.5,0,TRUE,192,1.12621869533816,1.12766242681627,0.107145835904032,0.95,0.205885797876642,0.00144373147810573,"gamma_bin"
"gamma_bin_7.50_3.40","vary_mean",7.5,0,TRUE,193,1.63142687231341,1.61299455456884,0.115727552721448,0.96,0.242830403872235,-0.0184323177445658,"gamma_bin"
"gamma_bin_7.50_3.40","vary_mean",7.5,0,TRUE,194,1.9613208229511,1.96037701313103,0.148534437150689,0.95,0.262367618274135,-0.000943809820069585,"gamma_bin"
"gamma_bin_7.50_3.40","vary_mean",7.5,0,TRUE,195,1.62644217295684,1.62030889326437,0.139191921675144,0.91,0.232540084624545,-0.00613327969246691,"gamma_bin"
"gamma_bin_7.50_3.40","vary_mean",7.5,0,TRUE,196,1.22114876712024,1.20414329522571,0.0936815574023854,0.95,0.194151124879151,-0.0170054718945332,"gamma_bin"
"gamma_bin_7.50_3.40","vary_mean",7.5,0,TRUE,197,1.08512340553335,1.09934386113635,0.0924893140134952,0.95,0.179114514481817,0.0142204556029955,"gamma_bin"
"gamma_bin_7.50_3.40","vary_mean",7.5,0,TRUE,198,1.22271087570671,1.22490527786201,0.0847606831875963,0.96,0.18291485502667,0.00219440215530486,"gamma_bin"
"gamma_bin_7.50_3.40","vary_mean",7.5,0,TRUE,199,1.2960340351298,1.31540199879403,0.0941160376436481,0.96,0.184831834998208,0.019367963664233,"gamma_bin"
"gamma_bin_7.50_3.40","vary_mean",7.5,0,TRUE,200,1.66920711624072,1.68615625374366,0.107992130237159,0.94,0.205654354539224,0.0169491375029411,"gamma_bin"
"gamma_bin_7.50_3.40","vary_mean",7.5,0,TRUE,201,1.16940768861372,1.1655282878652,0.0837923392701631,0.96,0.168426738147821,-0.00387940074851523,"gamma_bin"
"gamma_bin_7.50_3.40","vary_mean",7.5,0,TRUE,202,1.0787760344722,1.09387081945848,0.0844084977310525,0.96,0.160370833149995,0.0150947849862815,"gamma_bin"
"gamma_bin_7.50_3.40","vary_mean",7.5,0,TRUE,203,0.894614924502778,0.887843220176944,0.0740987272477865,0.97,0.141695665262817,-0.00677170432583407,"gamma_bin"
"gamma_bin_7.50_3.40","vary_mean",7.5,0,TRUE,204,0.818936942727194,0.820456648217763,0.0601048102638773,0.97,0.13382283229543,0.00151970549056857,"gamma_bin"
"gamma_bin_7.50_3.40","vary_mean",7.5,0,TRUE,205,0.966688195947552,0.970570511626259,0.0787695385370467,0.93,0.143926522937383,0.003882315678707,"gamma_bin"
"gamma_bin_7.50_3.40","vary_mean",7.5,0,TRUE,206,0.735602657677609,0.732961257163708,0.0600192718990268,0.98,0.124753218082052,-0.00264140051390149,"gamma_bin"
"gamma_bin_7.50_3.40","vary_mean",7.5,0,TRUE,207,0.854906249805799,0.858601960214273,0.0739276337788592,0.94,0.135481671689385,0.00369571040847416,"gamma_bin"
"gamma_bin_7.50_3.40","vary_mean",7.5,0,TRUE,208,1.18360616945073,1.18237360622156,0.0803428763434348,0.95,0.160464973883811,-0.0012325632291692,"gamma_bin"
"gamma_bin_7.50_3.40","vary_mean",7.5,0,TRUE,209,1.4602885501346,1.44706500721859,0.0912516199210198,0.99,0.179409963216903,-0.0132235429160055,"gamma_bin"
"gamma_bin_7.50_3.40","vary_mean",7.5,0,TRUE,210,0.828346816490767,0.821138785507017,0.0746244907984221,0.94,0.136234902102228,-0.00720803098375034,"gamma_bin"
"gamma_bin_7.50_3.40","vary_mean",7.5,0,TRUE,211,0.945514704257119,0.93912782400637,0.0656254668992742,0.96,0.145716495246938,-0.00638688025074885,"gamma_bin"
"gamma_bin_7.50_3.40","vary_mean",7.5,0,TRUE,212,0.790503634328223,0.794228936170117,0.0688918740850295,0.93,0.133194194441901,0.0037253018418939,"gamma_bin"
"gamma_bin_7.50_3.40","vary_mean",7.5,0,TRUE,213,1.43200091428725,1.4399343082789,0.0828914657910084,0.98,0.178546813102158,0.00793339399164528,"gamma_bin"
"gamma_bin_7.50_3.40","vary_mean",7.5,0,TRUE,214,1.11427471246835,1.10480976101136,0.0685954788403722,0.96,0.156124200014401,-0.00946495145699111,"gamma_bin"
"gamma_bin_7.50_3.40","vary_mean",7.5,0,TRUE,215,1.11570572194133,1.13385320600573,0.0838665976816538,0.95,0.157889615004344,0.018147484064402,"gamma_bin"
"gamma_bin_7.50_3.40","vary_mean",7.5,0,TRUE,216,1.45325455274622,1.45243832355522,0.0915048109401322,0.94,0.177860867783305,-0.000816229191000328,"gamma_bin"
"gamma_bin_7.50_3.40","vary_mean",7.5,0,TRUE,217,1.1420513438864,1.12543590971034,0.0860603308412426,0.93,0.155192434626045,-0.0166154341760572,"gamma_bin"
"gamma_bin_7.50_3.40","vary_mean",7.5,0,TRUE,218,0.657956194341687,0.665831801299094,0.0639659474552308,0.93,0.117862415131242,0.00787560695740752,"gamma_bin"
"gamma_bin_7.50_3.40","vary_mean",7.5,0,TRUE,219,1.37055796530381,1.37738235183654,0.0839633619593495,0.96,0.167288429485557,0.00682438653272954,"gamma_bin"
"gamma_bin_7.50_3.40","vary_mean",7.5,0,TRUE,220,1.1217671045533,1.12991630322917,0.0822782619793164,0.92,0.149987355465463,0.00814919867587149,"gamma_bin"
"gamma_bin_7.50_3.40","vary_mean",7.5,0,TRUE,221,1.82148085595811,1.82961746159667,0.0963229551447261,0.95,0.189612169638504,0.00813660563855945,"gamma_bin"
"gamma_bin_7.50_3.40","vary_mean",7.5,0,TRUE,222,1.47820728190538,1.47693159995662,0.084121671227916,0.96,0.169068213076592,-0.00127568194876271,"gamma_bin"
"gamma_bin_7.50_3.40","vary_mean",7.5,0,TRUE,223,1.22912323671868,1.22638236660114,0.0813330631038695,0.93,0.151649788056138,-0.00274087011753599,"gamma_bin"
"gamma_bin_7.50_3.40","vary_mean",7.5,0,TRUE,224,1.39166921706407,1.38470254454338,0.0734455598052329,0.97,0.157498171954728,-0.00696667252068739,"gamma_bin"
"gamma_bin_7.50_3.40","vary_mean",7.5,0,TRUE,225,1.02692395020016,1.0330131667617,0.0627107360033549,0.96,0.13251957846741,0.0060892165615416,"gamma_bin"
"gamma_bin_7.50_3.40","vary_mean",7.5,0,TRUE,226,0.944469227223,0.947173014589254,0.0647168553996616,0.95,0.123710536156725,0.00270378736625365,"gamma_bin"
"gamma_bin_7.50_3.40","vary_mean",7.5,0,TRUE,227,0.882935394281871,0.875380099427074,0.0597349042153098,0.92,0.116660456302423,-0.00755529485479667,"gamma_bin"
"gamma_bin_7.50_3.40","vary_mean",7.5,0,TRUE,228,1.25451332375843,1.26511575499501,0.0666900467712927,0.96,0.138686896577123,0.0106024312365842,"gamma_bin"
"gamma_bin_7.50_3.40","vary_mean",7.5,0,TRUE,229,1.46482234027448,1.46923333984567,0.0737026743048154,0.96,0.148875419382934,0.00441099957119073,"gamma_bin"
"gamma_bin_7.50_3.40","vary_mean",7.5,0,TRUE,230,1.51066180760486,1.50515519694809,0.0847566858079253,0.91,0.15038779678444,-0.0055066106567716,"gamma_bin"
"gamma_bin_7.50_3.40","vary_mean",7.5,0,TRUE,231,1.76123960010775,1.73330281769208,0.081646485541395,0.93,0.160274211467082,-0.0279367824156693,"gamma_bin"
"gamma_bin_7.50_3.40","vary_mean",7.5,0,TRUE,232,1.40610248726795,1.39421798088609,0.0657827150571703,0.97,0.141393168042017,-0.0118845063818587,"gamma_bin"
"gamma_bin_7.50_3.40","vary_mean",7.5,0,TRUE,233,1.50839208568838,1.51560938025687,0.0638248832596259,0.98,0.14369376843287,0.00721729456849229,"gamma_bin"
"gamma_bin_7.50_3.40","vary_mean",7.5,0,TRUE,234,2.14809922234943,2.15906264606093,0.0800913440977929,0.96,0.166213064270545,0.0109634237115022,"gamma_bin"
"gamma_bin_7.50_3.40","vary_mean",7.5,0,TRUE,235,1.77316147702833,1.77390997295488,0.0793584121764283,0.92,0.145785109583217,0.000748495926546466,"gamma_bin"
"gamma_bin_7.50_3.40","vary_mean",7.5,0,TRUE,236,1.73482506410384,1.73483567140188,0.0776992176731134,0.93,0.13893896648018,1.06072980408101e-05,"gamma_bin"
"gamma_bin_7.50_3.40","vary_mean",7.5,0,TRUE,237,1.62267353351007,1.61213268411879,0.0767160580969199,0.9,0.12848015448865,-0.010540849391276,"gamma_bin"
"gamma_bin_7.50_3.40","vary_mean",7.5,0,TRUE,238,1.18124992154851,1.17513247322679,0.0522885596302795,0.97,0.105138362384642,-0.00611744832171746,"gamma_bin"
"gamma_bin_7.50_3.40","vary_mean",7.5,0,TRUE,239,1.18465305674865,1.18857862914433,0.0581213112578213,0.94,0.101614278917916,0.00392557239568458,"gamma_bin"
"gamma_bin_7.50_3.40","vary_mean",7.5,0,TRUE,240,1.4168407618799,1.42937740799616,0.0566972719203852,0.94,0.107858854381409,0.0125366461162619,"gamma_bin"
"gamma_bin_7.50_3.40","vary_mean",7.5,0,TRUE,241,1.25636383468336,1.2557567554997,0.0462950267292812,0.98,0.0986643046346653,-0.000607079183658543,"gamma_bin"
"gamma_bin_7.50_3.40","vary_mean",7.5,0,TRUE,242,1.12127216596798,1.12236743235032,0.0484835202100359,0.94,0.0915422508091065,0.00109526638234381,"gamma_bin"
"gamma_bin_7.50_3.40","vary_mean",7.5,0,TRUE,243,1.35468577162437,1.35198888630248,0.049891113598668,0.96,0.0988096349707339,-0.00269688532188939,"gamma_bin"
"gamma_bin_7.50_3.40","vary_mean",7.5,0,TRUE,244,1.01073025572083,1.02166258099498,0.04391740736499,0.96,0.084666046601756,0.0109323252741467,"gamma_bin"
"gamma_bin_7.50_3.40","vary_mean",7.5,0,TRUE,245,1.09869262296579,1.10674401078536,0.042507923563367,0.99,0.0868954790198745,0.00805138781956938,"gamma_bin"
"gamma_bin_7.50_3.40","vary_mean",7.5,0,TRUE,246,1.01867243248783,1.02272262991543,0.041801505854431,0.96,0.0824998058879013,0.00405019742759904,"gamma_bin"
"gamma_bin_7.50_3.40","vary_mean",7.5,0,TRUE,247,0.933300548697082,0.946677079200154,0.0391188779388363,0.96,0.0786155676100505,0.0133765305030724,"gamma_bin"
"gamma_bin_7.50_3.40","vary_mean",7.5,0,TRUE,248,1.07521131224965,1.0736450765161,0.0410479485349896,0.96,0.0831665256463042,-0.00156623573355241,"gamma_bin"
"gamma_bin_7.50_3.40","vary_mean",7.5,0,TRUE,249,1.30368079751671,1.30575644209767,0.0429955648398502,0.99,0.0914105678583331,0.00207564458096465,"gamma_bin"
"gamma_bin_7.50_3.40","vary_mean",7.5,0,TRUE,250,1.41725036624756,1.41575862803669,0.0477798454554153,0.95,0.0950014510145648,-0.00149173821086723,"gamma_bin"
"gamma_bin_7.50_3.40","vary_mean",7.5,0,TRUE,251,1.14473843834061,1.13891683647316,0.0398154788746263,0.96,0.0848352537484412,-0.00582160186745284,"gamma_bin"
"gamma_bin_7.50_3.40","vary_mean",7.5,0,TRUE,252,1.28957905264017,1.28440082274841,0.0492125074440465,0.95,0.0891192001979357,-0.00517822989176264,"gamma_bin"
"gamma_bin_7.50_3.40","vary_mean",7.5,0,TRUE,253,1.41164181175606,1.41049893754864,0.0431426000290454,0.96,0.0920487839342045,-0.00114287420741688,"gamma_bin"
"gamma_bin_7.50_4.08","vary_sd",4.08,0.2,FALSE,1,4.64176734711438,3.62203324820044,0.174082816101542,0,0.330274592543861,-1.01973409891394,"gamma_bin"
"gamma_bin_7.50_4.08","vary_sd",4.08,0.2,FALSE,2,5.74184883880713,4.85440064330301,0.157119643523357,0,0.316008561667704,-0.88744819550412,"gamma_bin"
"gamma_bin_7.50_4.08","vary_sd",4.08,0.2,FALSE,3,3.25033439563944,2.92561156993903,0.0968582082461711,0.11,0.210748052175146,-0.324722825700412,"gamma_bin"
"gamma_bin_7.50_4.08","vary_sd",4.08,0.2,FALSE,4,6.73935287829888,6.3194784154812,0.158909854571706,0.16,0.273388795455378,-0.41987446281768,"gamma_bin"
"gamma_bin_7.50_4.08","vary_sd",4.08,0.2,FALSE,5,2.43636854796088,2.25959018057034,0.0811216889915536,0.38,0.14434401017649,-0.176778367390541,"gamma_bin"
"gamma_bin_7.50_4.08","vary_sd",4.08,0.2,FALSE,6,1.74494772539268,1.61499590739059,0.054217461920558,0.34,0.108251491638715,-0.129951818002088,"gamma_bin"
"gamma_bin_7.50_4.08","vary_sd",4.08,0.2,FALSE,7,2.62517926045569,2.52764650434967,0.0649335159293414,0.67,0.123317543642199,-0.0975327561060242,"gamma_bin"
"gamma_bin_7.50_4.08","vary_sd",4.08,0.2,FALSE,8,1.22911307977452,1.22795551076935,0.0445591846122155,0.96,0.0798549839641764,-0.00115756900517083,"gamma_bin"
"gamma_bin_7.50_4.08","vary_sd",4.08,0.2,FALSE,9,2.39904651254038,2.42120465219706,0.0547802528619757,0.91,0.105796161118485,0.0221581396566775,"gamma_bin"
"gamma_bin_7.50_4.08","vary_sd",4.08,0.2,FALSE,10,1.19484574307971,1.20882696763609,0.0359137927375818,0.92,0.0710924575058634,0.0139812245563762,"gamma_bin"
"gamma_bin_7.50_4.08","vary_sd",4.08,0.2,FALSE,11,1.32897619591253,1.34435597808424,0.0390819800508507,0.91,0.0716687141176749,0.0153797821717072,"gamma_bin"
"gamma_bin_7.50_4.08","vary_sd",4.08,0.2,FALSE,12,1.45959821408832,1.4837305577449,0.037396454335057,0.91,0.0726181222095933,0.0241323436565801,"gamma_bin"
"gamma_bin_7.50_4.08","vary_sd",4.08,0.2,FALSE,13,1.71530804750948,1.75022965462774,0.0412746097085655,0.82,0.0765616361805442,0.0349216071182639,"gamma_bin"
"gamma_bin_7.50_4.08","vary_sd",4.08,0.2,FALSE,14,1.05182866123244,1.06407285565956,0.029892826935161,0.94,0.0579871748659772,0.0122441944271166,"gamma_bin"
"gamma_bin_7.50_4.08","vary_sd",4.08,0.2,FALSE,15,1.02510010675531,1.02605026144622,0.0249807249083223,0.97,0.0554051737009922,0.000950154690911198,"gamma_bin"
"gamma_bin_7.50_4.08","vary_sd",4.08,0.2,FALSE,16,1.25252014867933,1.26369591926403,0.0314428416641879,0.92,0.0602156993900628,0.0111757705846969,"gamma_bin"
"gamma_bin_7.50_4.08","vary_sd",4.08,0.2,FALSE,17,1.21525733695915,1.23457441144775,0.0298379647897063,0.93,0.0586089597109521,0.019317074488604,"gamma_bin"
"gamma_bin_7.50_4.08","vary_sd",4.08,0.2,FALSE,18,0.979230198394809,0.989910619361145,0.0268073725618121,0.94,0.0517859532418186,0.0106804209663357,"gamma_bin"
"gamma_bin_7.50_4.08","vary_sd",4.08,0.2,FALSE,19,1.02544833790337,1.04300637380957,0.0244973748018608,0.94,0.0525646974994018,0.017558035906202,"gamma_bin"
"gamma_bin_7.50_4.08","vary_sd",4.08,0.2,FALSE,20,1.03933643277786,1.05525557760863,0.0233241227408243,0.94,0.0524474864811244,0.0159191448307741,"gamma_bin"
"gamma_bin_7.50_4.08","vary_sd",4.08,0.2,FALSE,21,1.31704644033967,1.33727045420505,0.0270758571873353,0.89,0.0587071049894616,0.0202240138653793,"gamma_bin"
"gamma_bin_7.50_4.08","vary_sd",4.08,0.2,FALSE,22,1.01626238281987,1.02071523174466,0.0246726640254124,0.96,0.0509616702445487,0.00445284892478948,"gamma_bin"
"gamma_bin_7.50_4.08","vary_sd",4.08,0.2,FALSE,23,0.750219977978433,0.75107995130989,0.023928158554174,0.91,0.0433652742998506,0.000859973331457153,"gamma_bin"
"gamma_bin_7.50_4.08","vary_sd",4.08,0.2,FALSE,24,0.68680573053247,0.68823659783129,0.0207013006543833,0.96,0.0413020730503701,0.00143086729882058,"gamma_bin"
"gamma_bin_7.50_4.08","vary_sd",4.08,0.2,FALSE,25,1.09137562864791,1.10689114835615,0.0250759351002197,0.92,0.0524694383600234,0.0155155197082379,"gamma_bin"
"gamma_bin_7.50_4.08","vary_sd",4.08,0.2,FALSE,26,0.741057834922739,0.753908575503245,0.0208466539023527,0.93,0.0435529376544236,0.0128507405805058,"gamma_bin"
"gamma_bin_7.50_4.08","vary_sd",4.08,0.2,FALSE,27,0.768534353981288,0.779726678951263,0.0201697470648602,0.95,0.0446148465431409,0.011192324969975,"gamma_bin"
"gamma_bin_7.50_4.08","vary_sd",4.08,0.2,FALSE,28,0.752768210408917,0.762176724615566,0.0226963458088361,0.94,0.0445320923979006,0.00940851420664945,"gamma_bin"
"gamma_bin_7.50_4.08","vary_sd",4.08,0.2,FALSE,29,0.700189279957523,0.710319926042313,0.020944481002752,0.96,0.0435115380188547,0.0101306460847895,"gamma_bin"
"gamma_bin_7.50_4.08","vary_sd",4.08,0.2,FALSE,30,0.555240242382622,0.566724582482594,0.0215355059850053,0.88,0.0394371734198375,0.0114843400999717,"gamma_bin"
"gamma_bin_7.50_4.08","vary_sd",4.08,0.2,FALSE,31,0.584450640057208,0.589907354452835,0.0181997296885609,0.99,0.0409796564929456,0.00545671439562656,"gamma_bin"
"gamma_bin_7.50_4.08","vary_sd",4.08,0.2,FALSE,32,0.680297862250013,0.687002170111359,0.0227273167633986,0.94,0.0452371500586117,0.00670430786134579,"gamma_bin"
"gamma_bin_7.50_4.08","vary_sd",4.08,0.2,FALSE,33,0.95896579009836,0.971000266562743,0.0292681232988196,0.93,0.0551823496858627,0.0120344764643825,"gamma_bin"
"gamma_bin_7.50_4.08","vary_sd",4.08,0.2,FALSE,34,1.26713544933213,1.27457837418344,0.0312253847091889,0.93,0.0647799469327712,0.00744292485131459,"gamma_bin"
"gamma_bin_7.50_4.08","vary_sd",4.08,0.2,FALSE,35,1.32835487275134,1.30286664182574,0.0311274823066145,0.91,0.0665706255162648,-0.0254882309256004,"gamma_bin"
"gamma_bin_7.50_4.08","vary_sd",4.08,0.2,FALSE,36,0.820532179912435,0.78918629949276,0.0258267797280228,0.79,0.0520293716445063,-0.0313458804196753,"gamma_bin"
"gamma_bin_7.50_4.08","vary_sd",4.08,0.2,FALSE,37,0.605066948223753,0.58373283504997,0.0217752524157739,0.86,0.0446369140883354,-0.0213341131737834,"gamma_bin"
"gamma_bin_7.50_4.08","vary_sd",4.08,0.2,FALSE,38,0.480613317476216,0.473194443148288,0.023425886627238,0.92,0.0402073389914956,-0.00741887432792848,"gamma_bin"
"gamma_bin_7.50_4.08","vary_sd",4.08,0.2,FALSE,39,0.729684595490469,0.739726464887802,0.0243176956117442,0.96,0.0507507736885927,0.0100418693973325,"gamma_bin"
"gamma_bin_7.50_4.08","vary_sd",4.08,0.2,FALSE,40,0.815117093248404,0.836809724028464,0.0273427214104131,0.89,0.0549393977908972,0.02169263078006,"gamma_bin"
"gamma_bin_7.50_4.08","vary_sd",4.08,0.2,FALSE,41,0.615435524003123,0.633303078692439,0.0240549132905732,0.9,0.0487994964191355,0.0178675546893157,"gamma_bin"
"gamma_bin_7.50_4.08","vary_sd",4.08,0.2,FALSE,42,0.771681049543453,0.788235957308702,0.0244197349304731,0.92,0.0556351588994929,0.0165549077652488,"gamma_bin"
"gamma_bin_7.50_4.08","vary_sd",4.08,0.2,FALSE,43,0.638637642797715,0.647271915326537,0.025624625269876,0.96,0.0515238346061955,0.00863427252882165,"gamma_bin"
"gamma_bin_7.50_4.08","vary_sd",4.08,0.2,FALSE,44,0.502607638572081,0.49866650324038,0.0235234230172363,0.97,0.0462136957035105,-0.00394113533170098,"gamma_bin"
"gamma_bin_7.50_4.08","vary_sd",4.08,0.2,FALSE,45,0.419348773276434,0.421970317244152,0.0221794948786013,0.95,0.0435335975086332,0.00262154396771791,"gamma_bin"
"gamma_bin_7.50_4.08","vary_sd",4.08,0.2,FALSE,46,0.532523289397014,0.534322316860896,0.0265784894325782,0.94,0.0504137476868562,0.00179902746388183,"gamma_bin"
"gamma_bin_7.50_4.08","vary_sd",4.08,0.2,FALSE,47,0.748164536979726,0.749878327377689,0.0301915562569302,0.95,0.0617642002078099,0.00171379039796271,"gamma_bin"
"gamma_bin_7.50_4.08","vary_sd",4.08,0.2,FALSE,48,0.699597036363356,0.705608215077562,0.0284578091424422,0.95,0.0620543318877288,0.00601117871420631,"gamma_bin"
"gamma_bin_7.50_4.08","vary_sd",4.08,0.2,FALSE,49,0.840634610500807,0.838079565723447,0.0340115251948793,0.96,0.0698703781595389,-0.00255504477736024,"gamma_bin"
"gamma_bin_7.50_4.08","vary_sd",4.08,0.2,FALSE,50,0.605572567510499,0.591275731190806,0.0296142654832974,0.95,0.0603633611029053,-0.0142968363196935,"gamma_bin"
"gamma_bin_7.50_4.08","vary_sd",4.08,0.2,FALSE,51,0.551154795645625,0.540529937969612,0.0298104465535416,0.93,0.059161673084295,-0.0106248576760126,"gamma_bin"
"gamma_bin_7.50_4.08","vary_sd",4.08,0.2,FALSE,52,0.382419782215341,0.373591921958086,0.0291320300979576,0.9,0.0504148371483841,-0.00882786025725468,"gamma_bin"
"gamma_bin_7.50_4.08","vary_sd",4.08,0.2,FALSE,53,0.67605453850849,0.672588575982371,0.041084732824574,0.92,0.0696469778477605,-0.00346596252611853,"gamma_bin"
"gamma_bin_7.50_4.08","vary_sd",4.08,0.2,FALSE,54,0.67389745281474,0.676591775601487,0.0364728180630112,0.95,0.0721890441513828,0.00269432278674686,"gamma_bin"
"gamma_bin_7.50_4.08","vary_sd",4.08,0.2,FALSE,55,0.928654307802489,0.925357166091691,0.0498477604341209,0.89,0.0872715478978386,-0.00329714171079787,"gamma_bin"
"gamma_bin_7.50_4.08","vary_sd",4.08,0.2,FALSE,56,0.750444909156983,0.743481563194915,0.0428493503757532,0.94,0.0805764216460423,-0.00696334596206827,"gamma_bin"
"gamma_bin_7.50_4.08","vary_sd",4.08,0.2,FALSE,57,0.713559496047443,0.695126867408738,0.0423527878143352,0.89,0.0798121319957243,-0.0184326286387047,"gamma_bin"
"gamma_bin_7.50_4.08","vary_sd",4.08,0.2,FALSE,58,0.492127182876667,0.482218603740182,0.0337364573348394,0.94,0.0678784175646501,-0.0099085791364848,"gamma_bin"
"gamma_bin_7.50_4.08","vary_sd",4.08,0.2,FALSE,59,0.488121905081673,0.475908529933918,0.0395480969233037,0.91,0.0688971037698112,-0.0122133751477554,"gamma_bin"
"gamma_bin_7.50_4.08","vary_sd",4.08,0.2,FALSE,60,0.671861168143052,0.67851347798198,0.0419196012844956,0.97,0.084484672201391,0.00665230983892828,"gamma_bin"
"gamma_bin_7.50_4.08","vary_sd",4.08,0.2,FALSE,61,0.791762464983911,0.80387640512366,0.047803913753266,0.93,0.0947367318366187,0.0121139401397491,"gamma_bin"
"gamma_bin_7.50_4.08","vary_sd",4.08,0.2,FALSE,62,0.652922492639065,0.660837172953374,0.0481440842052443,0.93,0.088459079249328,0.0079146803143092,"gamma_bin"
"gamma_bin_7.50_4.08","vary_sd",4.08,0.2,FALSE,63,0.613891069127135,0.608932955336565,0.0442864610589554,0.96,0.0872762257013521,-0.0049581137905701,"gamma_bin"
"gamma_bin_7.50_4.08","vary_sd",4.08,0.2,FALSE,64,0.747174650317661,0.739998144380798,0.0521556425078988,0.92,0.0987709280467215,-0.00717650593686303,"gamma_bin"
"gamma_bin_7.50_4.08","vary_sd",4.08,0.2,FALSE,65,0.706701130088712,0.705110530106423,0.0459115470165544,0.96,0.0989404740257672,-0.00159059998228939,"gamma_bin"
"gamma_bin_7.50_4.08","vary_sd",4.08,0.2,FALSE,66,0.51187393654748,0.507641139085379,0.0404079345092783,0.96,0.0860365945019352,-0.00423279746210103,"gamma_bin"
"gamma_bin_7.50_4.08","vary_sd",4.08,0.2,FALSE,67,0.670601402325688,0.661771498162583,0.0505218516197888,0.96,0.100736472656472,-0.00882990416310458,"gamma_bin"
"gamma_bin_7.50_4.08","vary_sd",4.08,0.2,FALSE,68,1.17253163081397,1.16214115874276,0.0670760485703123,0.95,0.137157650551407,-0.010390472071206,"gamma_bin"
"gamma_bin_7.50_4.08","vary_sd",4.08,0.2,FALSE,69,1.09882955126721,1.07299518843408,0.0690515518172347,0.95,0.134938972405762,-0.0258343628331343,"gamma_bin"
"gamma_bin_7.50_4.08","vary_sd",4.08,0.2,FALSE,70,0.864010024055233,0.840089833576992,0.051277690202414,0.98,0.121237587306062,-0.023920190478241,"gamma_bin"
"gamma_bin_7.50_4.08","vary_sd",4.08,0.2,FALSE,71,0.715098113998147,0.691946970084077,0.0533964732740586,0.94,0.110935398923421,-0.02315114391407,"gamma_bin"
"gamma_bin_7.50_4.08","vary_sd",4.08,0.2,FALSE,72,0.5778146754347,0.573848036210002,0.0558290306117918,0.93,0.10174440923025,-0.00396663922469764,"gamma_bin"
"gamma_bin_7.50_4.08","vary_sd",4.08,0.2,FALSE,73,0.968098548670386,0.971200753105626,0.0707910171836421,0.95,0.133977242395659,0.0031022044352399,"gamma_bin"
"gamma_bin_7.50_4.08","vary_sd",4.08,0.2,FALSE,74,0.655349167508219,0.666522229682664,0.0576641427282184,0.97,0.112615080451002,0.0111730621744452,"gamma_bin"
"gamma_bin_7.50_4.08","vary_sd",4.08,0.2,FALSE,75,0.59977224361632,0.594462767983922,0.0638674482631906,0.9,0.107985095955454,-0.00530947563239847,"gamma_bin"
"gamma_bin_7.50_4.08","vary_sd",4.08,0.2,FALSE,76,0.795810456805532,0.807542010056127,0.0679933716833134,0.91,0.128224319852608,0.0117315532505948,"gamma_bin"
"gamma_bin_7.50_4.08","vary_sd",4.08,0.2,FALSE,77,0.873668877519834,0.889098282018381,0.0676235686028084,0.96,0.137411931447914,0.0154294044985471,"gamma_bin"
"gamma_bin_7.50_4.08","vary_sd",4.08,0.2,FALSE,78,0.655524310026793,0.664291220036555,0.0613198101434746,0.95,0.121092637190225,0.00876691000976193,"gamma_bin"
"gamma_bin_7.50_4.08","vary_sd",4.08,0.2,FALSE,79,0.810623636163075,0.805708710078313,0.0579004475829902,1,0.135858447946648,-0.00491492608476174,"gamma_bin"
"gamma_bin_7.50_4.08","vary_sd",4.08,0.2,FALSE,80,0.610456557383718,0.624270393645717,0.0615258900268172,0.96,0.121713877031793,0.0138138362619993,"gamma_bin"
"gamma_bin_7.50_4.08","vary_sd",4.08,0.2,FALSE,81,0.859858611274139,0.855167456886496,0.0768054018680564,0.95,0.145183590791399,-0.00469115438764278,"gamma_bin"
"gamma_bin_7.50_4.08","vary_sd",4.08,0.2,FALSE,82,0.71793472208637,0.713821561329976,0.0677990312084837,0.95,0.135162988006934,-0.0041131607563939,"gamma_bin"
"gamma_bin_7.50_4.08","vary_sd",4.08,0.2,FALSE,83,0.992203959261976,0.97991147282096,0.0843829648348772,0.93,0.161329850600455,-0.0122924864410165,"gamma_bin"
"gamma_bin_7.50_4.08","vary_sd",4.08,0.2,FALSE,84,1.12541562776308,1.13599210558023,0.0919488642949894,0.95,0.176715269729558,0.0105764778171524,"gamma_bin"
"gamma_bin_7.50_4.08","vary_sd",4.08,0.2,FALSE,85,0.719081428835968,0.703870408513741,0.0744858202669273,0.94,0.140667882440722,-0.0152110203222267,"gamma_bin"
"gamma_bin_7.50_4.08","vary_sd",4.08,0.2,FALSE,86,0.84752493125734,0.8484290935288,0.079327576758519,0.93,0.15571327092958,0.000904162271460174,"gamma_bin"
"gamma_bin_7.50_4.08","vary_sd",4.08,0.2,FALSE,87,0.855021916180829,0.850987651899219,0.0726366863068398,0.99,0.157246648951052,-0.00403426428161024,"gamma_bin"
"gamma_bin_7.50_4.08","vary_sd",4.08,0.2,FALSE,88,1.05231211723794,1.0519273802906,0.101944946401718,0.95,0.176345895629577,-0.000384736947335762,"gamma_bin"
"gamma_bin_7.50_4.08","vary_sd",4.08,0.2,FALSE,89,0.736245763604483,0.72510758354734,0.0679103102208271,0.99,0.147664407246888,-0.0111381800571426,"gamma_bin"
"gamma_bin_7.50_4.08","vary_sd",4.08,0.2,FALSE,90,0.910435800275709,0.902980720778689,0.0877913449666814,0.93,0.166109382016198,-0.00745507949701985,"gamma_bin"
"gamma_bin_7.50_4.08","vary_sd",4.08,0.2,FALSE,91,0.875373992276142,0.879396810148637,0.0704038718955293,0.98,0.165401810624761,0.00402281787249481,"gamma_bin"
"gamma_bin_7.50_4.08","vary_sd",4.08,0.2,FALSE,92,1.13308580158326,1.13042806099715,0.0896087404611481,0.95,0.189273448575033,-0.00265774058611323,"gamma_bin"
"gamma_bin_7.50_4.08","vary_sd",4.08,0.2,FALSE,93,0.779622317935819,0.778382671147304,0.0897898521875356,0.9,0.158138197526554,-0.00123964678851518,"gamma_bin"
"gamma_bin_7.50_4.08","vary_sd",4.08,0.2,FALSE,94,0.738590807925372,0.731842624785625,0.0721313931191258,0.97,0.154248075673582,-0.00674818313974701,"gamma_bin"
"gamma_bin_7.50_4.08","vary_sd",4.08,0.2,FALSE,95,0.736386067431423,0.742866535071785,0.0792292753265847,0.95,0.156513057076872,0.00648046764036225,"gamma_bin"
"gamma_bin_7.50_4.08","vary_sd",4.08,0.2,FALSE,96,0.940470991453404,0.967624501501876,0.0967957222981795,0.94,0.180537312056306,0.0271535100484716,"gamma_bin"
"gamma_bin_7.50_4.08","vary_sd",4.08,0.2,FALSE,97,0.92681020267862,0.952885529094643,0.088406679333358,0.96,0.18147872594023,0.0260753264160234,"gamma_bin"
"gamma_bin_7.50_4.08","vary_sd",4.08,0.2,FALSE,98,0.805264800704658,0.795542352557675,0.0887062646564917,0.94,0.167542423698481,-0.00972244814698275,"gamma_bin"
"gamma_bin_7.50_4.08","vary_sd",4.08,0.2,FALSE,99,0.96897608307621,0.976176519806646,0.0912575073887056,0.95,0.187439072956726,0.00720043673043569,"gamma_bin"
"gamma_bin_7.50_4.08","vary_sd",4.08,0.2,FALSE,100,0.483332995262756,0.484511441228627,0.0628751137468407,0.99,0.133189749057991,0.00117844596587063,"gamma_bin"
"gamma_bin_7.50_4.08","vary_sd",4.08,0.2,FALSE,101,0.66077716283239,0.665404915476157,0.0743944204455013,0.96,0.157875279860687,0.00462775264376725,"gamma_bin"
"gamma_bin_7.50_4.08","vary_sd",4.08,0.2,FALSE,102,0.655745239910364,0.663451474965402,0.0802718073745694,0.97,0.160189834157676,0.00770623505503798,"gamma_bin"
"gamma_bin_7.50_4.08","vary_sd",4.08,0.2,FALSE,103,1.19599908198214,1.21748286284983,0.1013288079749,0.95,0.221705721927046,0.0214837808676944,"gamma_bin"
"gamma_bin_7.50_4.08","vary_sd",4.08,0.2,FALSE,104,1.52020654998133,1.5287701065056,0.133927875191686,0.94,0.253184466768961,0.00856355652426499,"gamma_bin"
"gamma_bin_7.50_4.08","vary_sd",4.08,0.2,FALSE,105,1.10303826313934,1.08969914471926,0.133073743771526,0.95,0.215333567343623,-0.0133391184200824,"gamma_bin"
"gamma_bin_7.50_4.08","vary_sd",4.08,0.2,FALSE,106,0.895258886773757,0.881685637303107,0.0928019643726546,0.96,0.193148618424648,-0.0135732494706499,"gamma_bin"
"gamma_bin_7.50_4.08","vary_sd",4.08,0.2,FALSE,107,0.603016892421566,0.588060559625207,0.0756306693146558,0.95,0.156615679413518,-0.0149563327963589,"gamma_bin"
"gamma_bin_7.50_4.08","vary_sd",4.08,0.2,FALSE,108,1.07762321196894,1.07074813362722,0.11308493720573,0.98,0.210907387525526,-0.00687507834172107,"gamma_bin"
"gamma_bin_7.50_4.08","vary_sd",4.08,0.2,FALSE,109,1.67936751135944,1.70678954977108,0.130260663500011,0.98,0.267333511565166,0.0274220384116397,"gamma_bin"
"gamma_bin_7.50_4.08","vary_sd",4.08,0.2,FALSE,110,0.778512854791425,0.795267755161884,0.105228924950109,0.92,0.182135618817084,0.0167549003704591,"gamma_bin"
"gamma_bin_7.50_4.08","vary_sd",4.08,0.2,FALSE,111,0.992005341124613,0.972286935502391,0.0948112042077669,0.96,0.200272364022316,-0.0197184056222216,"gamma_bin"
"gamma_bin_7.50_4.08","vary_sd",4.08,0.2,FALSE,112,1.07688074493023,1.07990457275017,0.102080584321466,0.94,0.209886595796739,0.00302382781993971,"gamma_bin"
"gamma_bin_7.50_4.08","vary_sd",4.08,0.2,FALSE,113,0.702400819858529,0.712601739606313,0.093862366979783,0.9,0.169669262763641,0.0102009197477843,"gamma_bin"
"gamma_bin_7.50_4.08","vary_sd",4.08,0.2,FALSE,114,0.976066509197994,0.980865621219442,0.118601938367423,0.89,0.199002092736555,0.00479911202144756,"gamma_bin"
"gamma_bin_7.50_4.08","vary_sd",4.08,0.2,FALSE,115,1.23867756628513,1.27206479249344,0.110979150070654,0.97,0.227537065946222,0.0333872262083148,"gamma_bin"
"gamma_bin_7.50_4.08","vary_sd",4.08,0.2,FALSE,116,1.16180338965973,1.17329729271294,0.118475732160602,0.94,0.218929114624012,0.0114939030532104,"gamma_bin"
"gamma_bin_7.50_4.08","vary_sd",4.08,0.2,FALSE,117,1.19462029108814,1.18672449277067,0.124093844746303,0.92,0.219784891380131,-0.00789579831747322,"gamma_bin"
"gamma_bin_7.50_4.08","vary_sd",4.08,0.2,FALSE,118,1.16321995780671,1.16521422977654,0.106362085645932,0.93,0.216435327240606,0.00199427196983226,"gamma_bin"
"gamma_bin_7.50_4.08","vary_sd",4.08,0.2,FALSE,119,1.07032628214879,1.04661886182497,0.116146150180216,0.94,0.203201302666755,-0.0237074203238199,"gamma_bin"
"gamma_bin_7.50_4.08","vary_sd",4.08,0.2,FALSE,120,0.877757633134012,0.866371225247996,0.0916988608114638,0.98,0.183256540462156,-0.0113864078860155,"gamma_bin"
"gamma_bin_7.50_4.08","vary_sd",4.08,0.2,FALSE,121,1.36755731263547,1.35503621132362,0.114535609219181,0.95,0.227782017745494,-0.01252110131185,"gamma_bin"
"gamma_bin_7.50_4.08","vary_sd",4.08,0.2,FALSE,122,0.835796444244159,0.844215497724306,0.0962511897356642,0.94,0.178790523567776,0.00841905348014726,"gamma_bin"
"gamma_bin_7.50_4.08","vary_sd",4.08,0.2,FALSE,123,1.26724551805682,1.2847041578819,0.109001648537968,0.96,0.219746843785818,0.0174586398250764,"gamma_bin"
"gamma_bin_7.50_4.08","vary_sd",4.08,0.2,FALSE,124,0.969129898643769,0.982959860315398,0.0889455495926626,0.98,0.191241299267564,0.0138299616716285,"gamma_bin"
"gamma_bin_7.50_4.08","vary_sd",4.08,0.2,FALSE,125,0.847338782890042,0.864031422666252,0.0933988895324035,0.92,0.178195348616406,0.0166926397762099,"gamma_bin"
"gamma_bin_7.50_4.08","vary_sd",4.08,0.2,FALSE,126,0.715564882412269,0.730678787351213,0.0819476506354128,0.94,0.163411092767293,0.0151139049389439,"gamma_bin"
"gamma_bin_7.50_4.08","vary_sd",4.08,0.2,FALSE,127,0.94782383341486,0.967730561486839,0.102073586612099,0.96,0.188357156169214,0.0199067280719794,"gamma_bin"
"gamma_bin_7.50_4.08","vary_sd",4.08,0.2,FALSE,128,0.685081694959754,0.709642084992852,0.0747205741202016,0.95,0.162393132129873,0.0245603900330977,"gamma_bin"
"gamma_bin_7.50_4.08","vary_sd",4.08,0.2,FALSE,129,0.940719567434955,0.964768272800843,0.087035114070415,0.96,0.190843795817755,0.0240487053658883,"gamma_bin"
"gamma_bin_7.50_4.08","vary_sd",4.08,0.2,FALSE,130,0.882735861931285,0.902295251849556,0.0959080333336017,0.93,0.186467227522706,0.0195593899182712,"gamma_bin"
"gamma_bin_7.50_4.08","vary_sd",4.08,0.2,FALSE,131,0.908592867608554,0.940051878127217,0.092653085467257,0.96,0.192312034529322,0.0314590105186631,"gamma_bin"
"gamma_bin_7.50_4.08","vary_sd",4.08,0.2,FALSE,132,0.919571358645804,0.930813697709278,0.0883629953869389,0.99,0.193031029784068,0.0112423390634737,"gamma_bin"
"gamma_bin_7.50_4.08","vary_sd",4.08,0.2,FALSE,133,0.772870216905444,0.754151760414702,0.0815742155649145,0.96,0.175020646134035,-0.0187184564907422,"gamma_bin"
"gamma_bin_7.50_4.08","vary_sd",4.08,0.2,FALSE,134,0.850110615604727,0.863574247811271,0.0931205350375501,0.94,0.188691577847238,0.0134636322065437,"gamma_bin"
"gamma_bin_7.50_4.08","vary_sd",4.08,0.2,FALSE,135,0.784750966748685,0.796785723555991,0.0969272288913234,0.95,0.182838391367408,0.0120347568073061,"gamma_bin"
"gamma_bin_7.50_4.08","vary_sd",4.08,0.2,FALSE,136,0.974669466757976,0.977155029129884,0.115754758544292,0.92,0.204577709560994,0.00248556237190833,"gamma_bin"
"gamma_bin_7.50_4.08","vary_sd",4.08,0.2,FALSE,137,0.984151011066472,0.992839958748511,0.103011900053455,0.94,0.208748566895606,0.00868894768203876,"gamma_bin"
"gamma_bin_7.50_4.08","vary_sd",4.08,0.2,FALSE,138,1.1907508581573,1.17762658913375,0.123152151216018,0.95,0.229051246822634,-0.0131242690235478,"gamma_bin"
"gamma_bin_7.50_4.08","vary_sd",4.08,0.2,FALSE,139,1.38368582408824,1.38445863720843,0.126940993284752,0.95,0.249554232533067,0.000772813120190952,"gamma_bin"
"gamma_bin_7.50_4.08","vary_sd",4.08,0.2,FALSE,140,0.815817246340058,0.803901406383015,0.104890525552328,0.96,0.189491539273202,-0.0119158399570428,"gamma_bin"
"gamma_bin_7.50_4.08","vary_sd",4.08,0.2,FALSE,141,0.948708845408202,0.936906460516086,0.0986738033508207,0.94,0.203601351899927,-0.0118023848921157,"gamma_bin"
"gamma_bin_7.50_4.08","vary_sd",4.08,0.2,FALSE,142,0.887913521021147,0.890193832189237,0.0960137406111748,0.95,0.197697739315242,0.00228031116809035,"gamma_bin"
"gamma_bin_7.50_4.08","vary_sd",4.08,0.2,FALSE,143,1.33195215209727,1.35273357564283,0.120257526189848,0.98,0.243540990099841,0.0207814235455579,"gamma_bin"
"gamma_bin_7.50_4.08","vary_sd",4.08,0.2,FALSE,144,1.33130915175386,1.32756131426772,0.121353695161121,0.95,0.24109940888741,-0.00374783748614127,"gamma_bin"
"gamma_bin_7.50_4.08","vary_sd",4.08,0.2,FALSE,145,1.36040954450305,1.35897740084581,0.114141964463598,0.96,0.242586569005523,-0.00143214365724331,"gamma_bin"
"gamma_bin_7.50_4.08","vary_sd",4.08,0.2,FALSE,146,1.03071516120352,1.01622297076791,0.0954253529871236,0.99,0.207311318607314,-0.0144921904356117,"gamma_bin"
"gamma_bin_7.50_4.08","vary_sd",4.08,0.2,FALSE,147,1.01542687773298,1.00138257999397,0.0994987914122646,0.96,0.202938934800302,-0.0140442977390087,"gamma_bin"
"gamma_bin_7.50_4.08","vary_sd",4.08,0.2,FALSE,148,0.918038272830281,0.911501556280909,0.0941322179088308,0.97,0.191657049631237,-0.00653671654937205,"gamma_bin"
"gamma_bin_7.50_4.08","vary_sd",4.08,0.2,FALSE,149,0.795403147880171,0.80231280108862,0.093011308213912,0.96,0.178469913156705,0.0069096532084495,"gamma_bin"
"gamma_bin_7.50_4.08","vary_sd",4.08,0.2,FALSE,150,0.947076494147123,0.955679857523059,0.104652410810301,0.93,0.194532888146304,0.00860336337593615,"gamma_bin"
"gamma_bin_7.50_4.08","vary_sd",4.08,0.2,FALSE,151,0.838902415667924,0.862069120597587,0.0926248993759244,0.93,0.185418596355214,0.0231667049296627,"gamma_bin"
"gamma_bin_7.50_4.08","vary_sd",4.08,0.2,FALSE,152,1.10280245382765,1.14217516063402,0.0984258634406966,0.96,0.214840878701382,0.0393727068063698,"gamma_bin"
"gamma_bin_7.50_4.08","vary_sd",4.08,0.2,FALSE,153,1.09815440539428,1.1024756949826,0.0977724468894683,0.96,0.212167096134999,0.00432128958832423,"gamma_bin"
"gamma_bin_7.50_4.08","vary_sd",4.08,0.2,FALSE,154,0.933699509626363,0.92241404855059,0.111828649412159,0.93,0.194445568775056,-0.0112854610757731,"gamma_bin"
"gamma_bin_7.50_4.08","vary_sd",4.08,0.2,FALSE,155,0.677259462566555,0.673867191203514,0.0782366562630318,0.97,0.166133439659539,-0.00339227136304099,"gamma_bin"
"gamma_bin_7.50_4.08","vary_sd",4.08,0.2,FALSE,156,0.794318325784725,0.808416677785779,0.0911383717443655,0.95,0.182545606427274,0.0140983520010542,"gamma_bin"
"gamma_bin_7.50_4.08","vary_sd",4.08,0.2,FALSE,157,0.863129045133472,0.880426921322721,0.0976515036146993,0.97,0.191850295982987,0.0172978761892489,"gamma_bin"
"gamma_bin_7.50_4.08","vary_sd",4.08,0.2,FALSE,158,1.2121292060572,1.22922861275362,0.13038137147815,0.94,0.228974650536789,0.0170994066964232,"gamma_bin"
"gamma_bin_7.50_4.08","vary_sd",4.08,0.2,FALSE,159,1.02410099479473,1.02530190395184,0.104095221354678,0.95,0.210882937788258,0.00120090915710769,"gamma_bin"
"gamma_bin_7.50_4.08","vary_sd",4.08,0.2,FALSE,160,0.905625417711481,0.901088859899583,0.0990629599516541,0.92,0.198376541841887,-0.00453655781189799,"gamma_bin"
"gamma_bin_7.50_4.08","vary_sd",4.08,0.2,FALSE,161,0.911623484707899,0.931558166232351,0.0988412103507517,0.96,0.201977754327862,0.0199346815244517,"gamma_bin"
"gamma_bin_7.50_4.08","vary_sd",4.08,0.2,FALSE,162,0.854314364398061,0.859475251884023,0.0940077080833327,0.94,0.194354353252219,0.00516088748596166,"gamma_bin"
"gamma_bin_7.50_4.08","vary_sd",4.08,0.2,FALSE,163,0.939538506142908,0.95378453369107,0.104557584807182,0.94,0.205371129105718,0.014246027548162,"gamma_bin"
"gamma_bin_7.50_4.08","vary_sd",4.08,0.2,FALSE,164,0.804264811038419,0.822325325848756,0.10193742580809,0.96,0.191636418716514,0.0180605148103372,"gamma_bin"
"gamma_bin_7.50_4.08","vary_sd",4.08,0.2,FALSE,165,1.00142358506205,1.00745291354266,0.10316977586973,0.97,0.213308396104464,0.00602932848060922,"gamma_bin"
"gamma_bin_7.50_4.08","vary_sd",4.08,0.2,FALSE,166,1.22258511650756,1.24556636566941,0.0996438931003988,0.98,0.238904942485996,0.0229812491618524,"gamma_bin"
"gamma_bin_7.50_4.08","vary_sd",4.08,0.2,FALSE,167,0.797785743145654,0.803168851601228,0.0951539722579562,0.96,0.192393531386854,0.00538310845557377,"gamma_bin"
"gamma_bin_7.50_4.08","vary_sd",4.08,0.2,FALSE,168,1.1498418409574,1.15637027222274,0.116609699133221,0.95,0.23106737358535,0.00652843126534064,"gamma_bin"
"gamma_bin_7.50_4.08","vary_sd",4.08,0.2,FALSE,169,0.760349335694062,0.740592765045278,0.0931637233305597,0.95,0.18505288258734,-0.0197565706487838,"gamma_bin"
"gamma_bin_7.50_4.08","vary_sd",4.08,0.2,FALSE,170,1.37423882796411,1.37550702968598,0.113587872919728,0.97,0.252292204026335,0.00126820172186681,"gamma_bin"
"gamma_bin_7.50_4.08","vary_sd",4.08,0.2,FALSE,171,0.879916177740953,0.879811077653562,0.10481066117009,0.95,0.201894302560956,-0.000105100087391286,"gamma_bin"
"gamma_bin_7.50_4.08","vary_sd",4.08,0.2,FALSE,172,1.40469809778524,1.39535024829326,0.115910737228534,0.96,0.253690256126354,-0.00934784949198475,"gamma_bin"
"gamma_bin_7.50_4.08","vary_sd",4.08,0.2,FALSE,173,0.919193657171105,0.916964143754988,0.0927742637928293,0.97,0.204748518810337,-0.00222951341611655,"gamma_bin"
"gamma_bin_7.50_4.08","vary_sd",4.08,0.2,FALSE,174,0.923156528563282,0.935790873595986,0.108374413712245,0.95,0.205549253612008,0.0126343450327036,"gamma_bin"
"gamma_bin_7.50_4.08","vary_sd",4.08,0.2,FALSE,175,1.03837120055872,1.03228947967648,0.120093016313803,0.95,0.214634436608482,-0.00608172088223613,"gamma_bin"
"gamma_bin_7.50_4.08","vary_sd",4.08,0.2,FALSE,176,0.998550191051843,1.00925829238893,0.121238652353262,0.93,0.211781585506417,0.010708101337091,"gamma_bin"
"gamma_bin_7.50_4.08","vary_sd",4.08,0.2,FALSE,177,1.0672490953256,1.0710239819428,0.110350952987114,0.96,0.218003221606911,0.00377488661720404,"gamma_bin"
"gamma_bin_7.50_4.08","vary_sd",4.08,0.2,FALSE,178,0.796488943635566,0.792651835082051,0.0977851523659544,0.95,0.187352885909081,-0.00383710855351471,"gamma_bin"
"gamma_bin_7.50_4.08","vary_sd",4.08,0.2,FALSE,179,1.19853631620291,1.20609011068203,0.116803828406956,0.95,0.231279250695915,0.00755379447911864,"gamma_bin"
"gamma_bin_7.50_4.08","vary_sd",4.08,0.2,FALSE,180,1.18742234445089,1.20900290893373,0.117853149861455,0.94,0.231807476613891,0.0215805644828357,"gamma_bin"
"gamma_bin_7.50_4.08","vary_sd",4.08,0.2,FALSE,181,1.49419822100474,1.50256617604193,0.128987584959843,0.96,0.257977342324914,0.0083679550371889,"gamma_bin"
"gamma_bin_7.50_4.08","vary_sd",4.08,0.2,FALSE,182,1.51569971274724,1.49110613615016,0.135299644055947,0.94,0.254777766615941,-0.0245935765970786,"gamma_bin"
"gamma_bin_7.50_4.08","vary_sd",4.08,0.2,FALSE,183,0.993078083144793,0.97277130754251,0.114064848421717,0.93,0.202343093117881,-0.0203067756022834,"gamma_bin"
"gamma_bin_7.50_4.08","vary_sd",4.08,0.2,FALSE,184,0.900895179433443,0.905106689027155,0.097632889692993,0.96,0.191673167672003,0.00421150959371208,"gamma_bin"
"gamma_bin_7.50_4.08","vary_sd",4.08,0.2,FALSE,185,0.823216514722493,0.812313759110703,0.0821505160300754,0.97,0.179101135857379,-0.0109027556117903,"gamma_bin"
"gamma_bin_7.50_4.08","vary_sd",4.08,0.2,FALSE,186,1.22622352517845,1.24131915057423,0.10073656838834,0.96,0.220326452196198,0.0150956253957761,"gamma_bin"
"gamma_bin_7.50_4.08","vary_sd",4.08,0.2,FALSE,187,0.917485344129662,0.929456545436184,0.0973708372746832,0.95,0.190196132016927,0.0119712013065215,"gamma_bin"
"gamma_bin_7.50_4.08","vary_sd",4.08,0.2,FALSE,188,1.14600718978611,1.16715481356371,0.105111848659357,0.97,0.212835945500098,0.0211476237775983,"gamma_bin"
"gamma_bin_7.50_4.08","vary_sd",4.08,0.2,FALSE,189,1.15017955401154,1.13998228622701,0.109144836251934,0.94,0.21001346646848,-0.0101972677845319,"gamma_bin"
"gamma_bin_7.50_4.08","vary_sd",4.08,0.2,FALSE,190,1.13787761403339,1.12180703950999,0.113546926215658,0.93,0.207476389489232,-0.0160705745234033,"gamma_bin"
"gamma_bin_7.50_4.08","vary_sd",4.08,0.2,FALSE,191,1.77820774658985,1.76920177913559,0.132832639329249,0.94,0.259255555659008,-0.00900596745425664,"gamma_bin"
"gamma_bin_7.50_4.08","vary_sd",4.08,0.2,FALSE,192,1.12621869533816,1.11335102923046,0.105291328014175,0.95,0.203278702074513,-0.0128676661077021,"gamma_bin"
"gamma_bin_7.50_4.08","vary_sd",4.08,0.2,FALSE,193,1.63142687231341,1.58129139417204,0.114916617986938,0.95,0.238050468795471,-0.0501354781413672,"gamma_bin"
"gamma_bin_7.50_4.08","vary_sd",4.08,0.2,FALSE,194,1.9613208229511,1.91892432103938,0.145265997992601,0.92,0.256818556380934,-0.0423965019117172,"gamma_bin"
"gamma_bin_7.50_4.08","vary_sd",4.08,0.2,FALSE,195,1.62644217295684,1.57871131187787,0.134595422988182,0.88,0.226571374016822,-0.0477308610789684,"gamma_bin"
"gamma_bin_7.50_4.08","vary_sd",4.08,0.2,FALSE,196,1.22114876712024,1.16920145030162,0.0909000742515847,0.93,0.188513143433242,-0.0519473168186231,"gamma_bin"
"gamma_bin_7.50_4.08","vary_sd",4.08,0.2,FALSE,197,1.08512340553335,1.07523526563059,0.0902014703896704,0.95,0.175189830965942,-0.00988813990276083,"gamma_bin"
"gamma_bin_7.50_4.08","vary_sd",4.08,0.2,FALSE,198,1.22271087570671,1.21719592814053,0.0839249546975246,0.96,0.181769621398016,-0.00551494756617532,"gamma_bin"
"gamma_bin_7.50_4.08","vary_sd",4.08,0.2,FALSE,199,1.2960340351298,1.32525632507478,0.0944875250650396,0.95,0.186219792973759,0.0292222899449774,"gamma_bin"
"gamma_bin_7.50_4.08","vary_sd",4.08,0.2,FALSE,200,1.66920711624072,1.70666374546927,0.109025849957382,0.89,0.208152878696144,0.0374566292285519,"gamma_bin"
"gamma_bin_7.50_4.08","vary_sd",4.08,0.2,FALSE,201,1.16940768861372,1.17100791431842,0.0841398234987539,0.96,0.169210836515233,0.00160022570469898,"gamma_bin"
"gamma_bin_7.50_4.08","vary_sd",4.08,0.2,FALSE,202,1.0787760344722,1.08983866407104,0.0833847192316976,0.98,0.159774443836018,0.0110626295988427,"gamma_bin"
"gamma_bin_7.50_4.08","vary_sd",4.08,0.2,FALSE,203,0.894614924502778,0.885289193772292,0.0739504734524905,0.96,0.141282035369,-0.00932573073048615,"gamma_bin"
"gamma_bin_7.50_4.08","vary_sd",4.08,0.2,FALSE,204,0.818936942727194,0.825167198912054,0.0607423528135124,0.97,0.134586241136272,0.00623025618486028,"gamma_bin"
"gamma_bin_7.50_4.08","vary_sd",4.08,0.2,FALSE,205,0.966688195947552,0.987064344522525,0.079728757333173,0.91,0.146371763349275,0.0203761485749732,"gamma_bin"
"gamma_bin_7.50_4.08","vary_sd",4.08,0.2,FALSE,206,0.735602657677609,0.750226628064422,0.0615270712237736,0.99,0.127688954950493,0.0146239703868125,"gamma_bin"
"gamma_bin_7.50_4.08","vary_sd",4.08,0.2,FALSE,207,0.854906249805799,0.880172847445409,0.0759299489384001,0.92,0.138880642526216,0.02526659763961,"gamma_bin"
"gamma_bin_7.50_4.08","vary_sd",4.08,0.2,FALSE,208,1.18360616945073,1.21007139219804,0.0820076408140406,0.94,0.164219251550679,0.0264652227473077,"gamma_bin"
"gamma_bin_7.50_4.08","vary_sd",4.08,0.2,FALSE,209,1.4602885501346,1.46810633752298,0.0925354010479457,0.98,0.182011087585721,0.00781778738837646,"gamma_bin"
"gamma_bin_7.50_4.08","vary_sd",4.08,0.2,FALSE,210,0.828346816490767,0.818795997346556,0.0745776914092247,0.94,0.135840976446976,-0.0095508191442113,"gamma_bin"
"gamma_bin_7.50_4.08","vary_sd",4.08,0.2,FALSE,211,0.945514704257119,0.926115971327434,0.0648116099343346,0.96,0.14369747809441,-0.0193987329296847,"gamma_bin"
"gamma_bin_7.50_4.08","vary_sd",4.08,0.2,FALSE,212,0.790503634328223,0.785181893001257,0.068004124172157,0.93,0.131681313102678,-0.0053217413269665,"gamma_bin"
"gamma_bin_7.50_4.08","vary_sd",4.08,0.2,FALSE,213,1.43200091428725,1.43767279781891,0.082607707713409,0.97,0.178272445514126,0.00567188353166448,"gamma_bin"
"gamma_bin_7.50_4.08","vary_sd",4.08,0.2,FALSE,214,1.11427471246835,1.10638685523756,0.0689929138529218,0.97,0.156347406585188,-0.0078878572307941,"gamma_bin"
"gamma_bin_7.50_4.08","vary_sd",4.08,0.2,FALSE,215,1.11570572194133,1.12958371238734,0.0829518145419513,0.95,0.157294023658959,0.0138779904460091,"gamma_bin"
"gamma_bin_7.50_4.08","vary_sd",4.08,0.2,FALSE,216,1.45325455274622,1.44088434485611,0.0906422728997864,0.95,0.176437571820751,-0.0123702078901102,"gamma_bin"
"gamma_bin_7.50_4.08","vary_sd",4.08,0.2,FALSE,217,1.1420513438864,1.1117165060988,0.0846001344694169,0.91,0.153293822547728,-0.0303348377875963,"gamma_bin"
"gamma_bin_7.50_4.08","vary_sd",4.08,0.2,FALSE,218,0.657956194341687,0.656571674397761,0.0627707804725917,0.95,0.116220754358244,-0.00138451994392619,"gamma_bin"
"gamma_bin_7.50_4.08","vary_sd",4.08,0.2,FALSE,219,1.37055796530381,1.37043658755183,0.0835763134702564,0.96,0.166442594360101,-0.000121377751980623,"gamma_bin"
"gamma_bin_7.50_4.08","vary_sd",4.08,0.2,FALSE,220,1.1217671045533,1.13369764506991,0.0823607795105258,0.92,0.150490847638424,0.0119305405166126,"gamma_bin"
"gamma_bin_7.50_4.08","vary_sd",4.08,0.2,FALSE,221,1.82148085595811,1.83627510859512,0.0976392360854182,0.96,0.190298921836179,0.014794252637012,"gamma_bin"
"gamma_bin_7.50_4.08","vary_sd",4.08,0.2,FALSE,222,1.47820728190538,1.4667627376769,0.0835877488443958,0.96,0.167902089856415,-0.0114445442284774,"gamma_bin"
"gamma_bin_7.50_4.08","vary_sd",4.08,0.2,FALSE,223,1.22912323671868,1.20158233564713,0.0800262788606909,0.91,0.148579268062548,-0.0275409010715546,"gamma_bin"
"gamma_bin_7.50_4.08","vary_sd",4.08,0.2,FALSE,224,1.39166921706407,1.35345802976119,0.0718462874703698,0.94,0.15394349631367,-0.0382111873028788,"gamma_bin"
"gamma_bin_7.50_4.08","vary_sd",4.08,0.2,FALSE,225,1.02692395020016,1.01624466577824,0.0616371696221009,0.96,0.130370789594124,-0.0106792844219179,"gamma_bin"
"gamma_bin_7.50_4.08","vary_sd",4.08,0.2,FALSE,226,0.944469227223,0.941862084825539,0.0645345443074396,0.92,0.123017487527608,-0.00260714239746085,"gamma_bin"
"gamma_bin_7.50_4.08","vary_sd",4.08,0.2,FALSE,227,0.882935394281871,0.881536144929356,0.0601074240557701,0.94,0.117480661228497,-0.00139924935251545,"gamma_bin"
"gamma_bin_7.50_4.08","vary_sd",4.08,0.2,FALSE,228,1.25451332375843,1.28788201693108,0.0681715178517219,0.94,0.141180958384435,0.0333686931726511,"gamma_bin"
"gamma_bin_7.50_4.08","vary_sd",4.08,0.2,FALSE,229,1.46482234027448,1.49800937153025,0.0758161938398961,0.93,0.151789144124692,0.0331870312557743,"gamma_bin"
"gamma_bin_7.50_4.08","vary_sd",4.08,0.2,FALSE,230,1.51066180760486,1.51745829302336,0.0846570782186816,0.91,0.151619273508464,0.00679648541850253,"gamma_bin"
"gamma_bin_7.50_4.08","vary_sd",4.08,0.2,FALSE,231,1.76123960010775,1.71886555058369,0.0807886158386968,0.93,0.158939795691571,-0.0423740495240552,"gamma_bin"
"gamma_bin_7.50_4.08","vary_sd",4.08,0.2,FALSE,232,1.40610248726795,1.36272171387037,0.0644350693486242,0.93,0.138199725593887,-0.0433807733975837,"gamma_bin"
"gamma_bin_7.50_4.08","vary_sd",4.08,0.2,FALSE,233,1.50839208568838,1.47428853269764,0.0625942862881811,0.97,0.139777582234621,-0.0341035529907401,"gamma_bin"
"gamma_bin_7.50_4.08","vary_sd",4.08,0.2,FALSE,234,2.14809922234943,2.10946637728489,0.0783594171868773,0.95,0.1623966331123,-0.038632845064543,"gamma_bin"
"gamma_bin_7.50_4.08","vary_sd",4.08,0.2,FALSE,235,1.77316147702833,1.7330435578887,0.0787112266621695,0.86,0.142424393733205,-0.0401179191396348,"gamma_bin"
"gamma_bin_7.50_4.08","vary_sd",4.08,0.2,FALSE,236,1.73482506410384,1.68867055326255,0.0764186127353242,0.86,0.135238518414484,-0.0461545108412886,"gamma_bin"
"gamma_bin_7.50_4.08","vary_sd",4.08,0.2,FALSE,237,1.62267353351007,1.57061533769738,0.074818983775717,0.82,0.125167884749709,-0.0520581958126942,"gamma_bin"
"gamma_bin_7.50_4.08","vary_sd",4.08,0.2,FALSE,238,1.18124992154851,1.15178294332417,0.0510950374236781,0.88,0.103046659028516,-0.0294669782243377,"gamma_bin"
"gamma_bin_7.50_4.08","vary_sd",4.08,0.2,FALSE,239,1.18465305674865,1.17901748095435,0.0578669258488691,0.95,0.100794316275412,-0.0056355757942983,"gamma_bin"
"gamma_bin_7.50_4.08","vary_sd",4.08,0.2,FALSE,240,1.4168407618799,1.43780098669326,0.0570958219666569,0.94,0.108492673138372,0.0209602248133642,"gamma_bin"
"gamma_bin_7.50_4.08","vary_sd",4.08,0.2,FALSE,241,1.25636383468336,1.27157612000492,0.0469117552438798,0.96,0.0999053562048173,0.0152122853215615,"gamma_bin"
"gamma_bin_7.50_4.08","vary_sd",4.08,0.2,FALSE,242,1.12127216596798,1.13553503805008,0.0491512567891221,0.94,0.0926146957355842,0.0142628720820996,"gamma_bin"
"gamma_bin_7.50_4.08","vary_sd",4.08,0.2,FALSE,243,1.35468577162437,1.36557469622196,0.0503423464131677,0.96,0.0998019723838029,0.0108889245975858,"gamma_bin"
"gamma_bin_7.50_4.08","vary_sd",4.08,0.2,FALSE,244,1.01073025572083,1.02920540496162,0.0442154686924874,0.92,0.085291906106392,0.0184751492407857,"gamma_bin"
"gamma_bin_7.50_4.08","vary_sd",4.08,0.2,FALSE,245,1.09869262296579,1.11345040425543,0.0430025129109005,0.95,0.0874234077022435,0.0147577812896398,"gamma_bin"
"gamma_bin_7.50_4.08","vary_sd",4.08,0.2,FALSE,246,1.01867243248783,1.03027388180606,0.0420537799298804,0.94,0.0831106084694224,0.0116014493182317,"gamma_bin"
"gamma_bin_7.50_4.08","vary_sd",4.08,0.2,FALSE,247,0.933300548697082,0.955581658967254,0.039723144755889,0.92,0.0793559409895048,0.022281110270172,"gamma_bin"
"gamma_bin_7.50_4.08","vary_sd",4.08,0.2,FALSE,248,1.07521131224965,1.08623197249934,0.0416388595048246,0.93,0.0841423129209027,0.0110206602496945,"gamma_bin"
"gamma_bin_7.50_4.08","vary_sd",4.08,0.2,FALSE,249,1.30368079751671,1.3214244520977,0.0434540410606405,0.92,0.0925078001400844,0.0177436545809861,"gamma_bin"
"gamma_bin_7.50_4.08","vary_sd",4.08,0.2,FALSE,250,1.41725036624756,1.42470512532783,0.0477266544475668,0.96,0.0956018433049327,0.00745475908027271,"gamma_bin"
"gamma_bin_7.50_4.08","vary_sd",4.08,0.2,FALSE,251,1.14473843834061,1.13367583288526,0.0393258424984349,0.93,0.0844444102652868,-0.0110626054553506,"gamma_bin"
"gamma_bin_7.50_4.08","vary_sd",4.08,0.2,FALSE,252,1.28957905264017,1.26930595222674,0.0488631289925774,0.91,0.0880698880937602,-0.0202731004134269,"gamma_bin"
"gamma_bin_7.50_4.08","vary_sd",4.08,0.2,FALSE,253,1.41164181175606,1.39302085943764,0.0421902155549738,0.95,0.0909071617750521,-0.0186209523184229,"gamma_bin"
"gamma_bin_7.50_4.76","vary_sd",4.76,0.4,FALSE,1,4.64176734711438,2.99612424134713,0.144000264377182,0,0.273201167745589,-1.64564310576725,"gamma_bin"
"gamma_bin_7.50_4.76","vary_sd",4.76,0.4,FALSE,2,5.74184883880713,4.29428532687983,0.139907658611386,0,0.2795462983577,-1.4475635119273,"gamma_bin"
"gamma_bin_7.50_4.76","vary_sd",4.76,0.4,FALSE,3,3.25033439563944,2.67085300887901,0.089733860416051,0,0.192395918363169,-0.579481386760428,"gamma_bin"
"gamma_bin_7.50_4.76","vary_sd",4.76,0.4,FALSE,4,6.73935287829888,5.94942797324059,0.153280818407902,0,0.257379389655547,-0.789924905058291,"gamma_bin"
"gamma_bin_7.50_4.76","vary_sd",4.76,0.4,FALSE,5,2.43636854796088,2.06860876415882,0.0739617030330348,0,0.132144788782413,-0.367759783802057,"gamma_bin"
"gamma_bin_7.50_4.76","vary_sd",4.76,0.4,FALSE,6,1.74494772539268,1.51098467428607,0.0507732756850013,0,0.101280113321066,-0.233963051106606,"gamma_bin"
"gamma_bin_7.50_4.76","vary_sd",4.76,0.4,FALSE,7,2.62517926045569,2.45977231822563,0.0634627292619436,0.23,0.120006543475969,-0.165406942230065,"gamma_bin"
"gamma_bin_7.50_4.76","vary_sd",4.76,0.4,FALSE,8,1.22911307977452,1.2102040902098,0.0441822485461134,0.87,0.0787006109969738,-0.0189089895647248,"gamma_bin"
"gamma_bin_7.50_4.76","vary_sd",4.76,0.4,FALSE,9,2.39904651254038,2.43101103993266,0.0549879870400158,0.88,0.106225016313496,0.0319645273922768,"gamma_bin"
"gamma_bin_7.50_4.76","vary_sd",4.76,0.4,FALSE,10,1.19484574307971,1.20671979254703,0.0360079287131292,0.93,0.0709686441527383,0.0118740494673155,"gamma_bin"
"gamma_bin_7.50_4.76","vary_sd",4.76,0.4,FALSE,11,1.32897619591253,1.35049653663132,0.0396606024225149,0.88,0.071995965004499,0.0215203407187925,"gamma_bin"
"gamma_bin_7.50_4.76","vary_sd",4.76,0.4,FALSE,12,1.45959821408832,1.50170293930589,0.0379861844464519,0.82,0.0734977363351347,0.0421047252175721,"gamma_bin"
"gamma_bin_7.50_4.76","vary_sd",4.76,0.4,FALSE,13,1.71530804750948,1.77230657298933,0.0419341406792656,0.67,0.0775273474560425,0.0569985254798533,"gamma_bin"
"gamma_bin_7.50_4.76","vary_sd",4.76,0.4,FALSE,14,1.05182866123244,1.06823903081056,0.0301234345235094,0.92,0.0582141857786934,0.0164103695781184,"gamma_bin"
"gamma_bin_7.50_4.76","vary_sd",4.76,0.4,FALSE,15,1.02510010675531,1.03310581232981,0.0251962227638735,0.98,0.0557861794200093,0.00800570557450198,"gamma_bin"
"gamma_bin_7.50_4.76","vary_sd",4.76,0.4,FALSE,16,1.25252014867933,1.28212378156968,0.0320157154193997,0.85,0.0610936997596974,0.0296036328903493,"gamma_bin"
"gamma_bin_7.50_4.76","vary_sd",4.76,0.4,FALSE,17,1.21525733695915,1.25342868274485,0.0302217185420747,0.77,0.059503994902301,0.0381713457857011,"gamma_bin"
"gamma_bin_7.50_4.76","vary_sd",4.76,0.4,FALSE,18,0.979230198394809,1.0017965246118,0.0273055715633905,0.83,0.0524075676601155,0.0225663262169918,"gamma_bin"
"gamma_bin_7.50_4.76","vary_sd",4.76,0.4,FALSE,19,1.02544833790337,1.0562820694463,0.0249089813240751,0.77,0.0532336384855343,0.0308337315429257,"gamma_bin"
"gamma_bin_7.50_4.76","vary_sd",4.76,0.4,FALSE,20,1.03933643277786,1.06949588782951,0.0237502771380358,0.87,0.0531551374618342,0.0301594550516515,"gamma_bin"
"gamma_bin_7.50_4.76","vary_sd",4.76,0.4,FALSE,21,1.31704644033967,1.35413556400972,0.0276536308094643,0.78,0.0594473342028267,0.0370891236700506,"gamma_bin"
"gamma_bin_7.50_4.76","vary_sd",4.76,0.4,FALSE,22,1.01626238281987,1.02586731384464,0.0249913574156438,0.96,0.0512187682793731,0.00960493102477078,"gamma_bin"
"gamma_bin_7.50_4.76","vary_sd",4.76,0.4,FALSE,23,0.750219977978433,0.753183462047516,0.0240372909461632,0.92,0.0434866354844819,0.00296348406908298,"gamma_bin"
"gamma_bin_7.50_4.76","vary_sd",4.76,0.4,FALSE,24,0.68680573053247,0.694613795033383,0.0208730235308586,0.94,0.0416847372239316,0.00780806450091354,"gamma_bin"
"gamma_bin_7.50_4.76","vary_sd",4.76,0.4,FALSE,25,1.09137562864791,1.12696223130437,0.0255218199862831,0.75,0.0534208046231367,0.0355866026564648,"gamma_bin"
"gamma_bin_7.50_4.76","vary_sd",4.76,0.4,FALSE,26,0.741057834922739,0.765468709731695,0.0212010448827147,0.84,0.0442206858603793,0.024410874808956,"gamma_bin"
"gamma_bin_7.50_4.76","vary_sd",4.76,0.4,FALSE,27,0.768534353981288,0.79074773406301,0.0205350431744173,0.84,0.0452453571167395,0.0222133800817224,"gamma_bin"
"gamma_bin_7.50_4.76","vary_sd",4.76,0.4,FALSE,28,0.752768210408917,0.772892788156401,0.023004876016065,0.86,0.0451581736190489,0.0201245777474843,"gamma_bin"
"gamma_bin_7.50_4.76","vary_sd",4.76,0.4,FALSE,29,0.700189279957523,0.720125359270359,0.021371802550014,0.9,0.0441120089191232,0.0199360793128363,"gamma_bin"
"gamma_bin_7.50_4.76","vary_sd",4.76,0.4,FALSE,30,0.555240242382622,0.574497042423264,0.0218943628960532,0.82,0.0399779383372786,0.0192568000406417,"gamma_bin"
"gamma_bin_7.50_4.76","vary_sd",4.76,0.4,FALSE,31,0.584450640057208,0.599382326828175,0.0185343214476414,0.93,0.0416377775719855,0.0149316867709668,"gamma_bin"
"gamma_bin_7.50_4.76","vary_sd",4.76,0.4,FALSE,32,0.680297862250013,0.698964235533766,0.0230624384802285,0.87,0.0460248209725574,0.0186663732837526,"gamma_bin"
"gamma_bin_7.50_4.76","vary_sd",4.76,0.4,FALSE,33,0.95896579009836,0.98512042432934,0.0297887980936688,0.83,0.0559846380946854,0.0261546342309803,"gamma_bin"
"gamma_bin_7.50_4.76","vary_sd",4.76,0.4,FALSE,34,1.26713544933213,1.27892027880956,0.0315216934408416,0.93,0.0650004326205459,0.0117848294774343,"gamma_bin"
"gamma_bin_7.50_4.76","vary_sd",4.76,0.4,FALSE,35,1.32835487275134,1.28450327546174,0.0308621450734897,0.8,0.0656322260733392,-0.0438515972895981,"gamma_bin"
"gamma_bin_7.50_4.76","vary_sd",4.76,0.4,FALSE,36,0.820532179912435,0.766979916198498,0.0251386055997212,0.49,0.0505652659287884,-0.0535522637139371,"gamma_bin"
"gamma_bin_7.50_4.76","vary_sd",4.76,0.4,FALSE,37,0.605066948223753,0.569266361989364,0.0212596419302253,0.64,0.0435305757084848,-0.0358005862343894,"gamma_bin"
"gamma_bin_7.50_4.76","vary_sd",4.76,0.4,FALSE,38,0.480613317476216,0.468547592063682,0.0232133415430261,0.88,0.039812377080044,-0.0120657254125345,"gamma_bin"
"gamma_bin_7.50_4.76","vary_sd",4.76,0.4,FALSE,39,0.729684595490469,0.745192199091886,0.0245492385665331,0.93,0.0511255364603158,0.0155076036014169,"gamma_bin"
"gamma_bin_7.50_4.76","vary_sd",4.76,0.4,FALSE,40,0.815117093248404,0.849025812297276,0.0278921578802572,0.74,0.0557410628789936,0.0339087190488719,"gamma_bin"
"gamma_bin_7.50_4.76","vary_sd",4.76,0.4,FALSE,41,0.615435524003123,0.64059826827346,0.0243215412161889,0.86,0.0493615317070219,0.0251627442703376,"gamma_bin"
"gamma_bin_7.50_4.76","vary_sd",4.76,0.4,FALSE,42,0.771681049543453,0.795412131112106,0.0245724048535812,0.88,0.0561416583168849,0.0237310815686533,"gamma_bin"
"gamma_bin_7.50_4.76","vary_sd",4.76,0.4,FALSE,43,0.638637642797715,0.650387532391261,0.025676726219792,0.95,0.0517718779805399,0.0117498895935457,"gamma_bin"
"gamma_bin_7.50_4.76","vary_sd",4.76,0.4,FALSE,44,0.502607638572081,0.500197578051713,0.0236295054841784,0.96,0.0463553879364179,-0.00241006052036774,"gamma_bin"
"gamma_bin_7.50_4.76","vary_sd",4.76,0.4,FALSE,45,0.419348773276434,0.424399986423379,0.0223575344089008,0.94,0.0437839814404143,0.00505121314694512,"gamma_bin"
"gamma_bin_7.50_4.76","vary_sd",4.76,0.4,FALSE,46,0.532523289397014,0.540066221732969,0.0269429087575242,0.94,0.0509553495772341,0.00754293233595482,"gamma_bin"
"gamma_bin_7.50_4.76","vary_sd",4.76,0.4,FALSE,47,0.748164536979726,0.758758967296944,0.0307354780433137,0.94,0.062495088317799,0.0105944303172185,"gamma_bin"
"gamma_bin_7.50_4.76","vary_sd",4.76,0.4,FALSE,48,0.699597036363356,0.708827819676262,0.0286005341316419,0.95,0.062337262283452,0.00923078331290594,"gamma_bin"
"gamma_bin_7.50_4.76","vary_sd",4.76,0.4,FALSE,49,0.840634610500807,0.834378565166534,0.0340146991092276,0.97,0.0695613208844544,-0.00625604533427293,"gamma_bin"
"gamma_bin_7.50_4.76","vary_sd",4.76,0.4,FALSE,50,0.605572567510499,0.583158636076032,0.0291693501859361,0.9,0.0595345734408954,-0.0224139314344675,"gamma_bin"
"gamma_bin_7.50_4.76","vary_sd",4.76,0.4,FALSE,51,0.551154795645625,0.532223860759039,0.0294659176790469,0.91,0.0582520744466512,-0.0189309348865858,"gamma_bin"
"gamma_bin_7.50_4.76","vary_sd",4.76,0.4,FALSE,52,0.382419782215341,0.369369566870819,0.0288020637775757,0.87,0.0498449061098507,-0.0130502153445219,"gamma_bin"
"gamma_bin_7.50_4.76","vary_sd",4.76,0.4,FALSE,53,0.67605453850849,0.670515387424804,0.0410261363775132,0.92,0.069431859459908,-0.0055391510836863,"gamma_bin"
"gamma_bin_7.50_4.76","vary_sd",4.76,0.4,FALSE,54,0.67389745281474,0.675192705810879,0.0364734256173104,0.95,0.0720392203723802,0.00129525299613942,"gamma_bin"
"gamma_bin_7.50_4.76","vary_sd",4.76,0.4,FALSE,55,0.928654307802489,0.9197299260161,0.0496471858108635,0.93,0.0867400110246232,-0.0089243817863891,"gamma_bin"
"gamma_bin_7.50_4.76","vary_sd",4.76,0.4,FALSE,56,0.750444909156983,0.731885649745284,0.0420665003724952,0.94,0.0793195080975696,-0.0185592594116991,"gamma_bin"
"gamma_bin_7.50_4.76","vary_sd",4.76,0.4,FALSE,57,0.713559496047443,0.680531281874772,0.0415820467154117,0.86,0.0781355011354902,-0.0330282141726708,"gamma_bin"
"gamma_bin_7.50_4.76","vary_sd",4.76,0.4,FALSE,58,0.492127182876667,0.472328054749843,0.0330207086036748,0.92,0.0664860208545617,-0.0197991281268241,"gamma_bin"
"gamma_bin_7.50_4.76","vary_sd",4.76,0.4,FALSE,59,0.488121905081673,0.469694305800138,0.038967757005447,0.9,0.0679974574475081,-0.0184275992815351,"gamma_bin"
"gamma_bin_7.50_4.76","vary_sd",4.76,0.4,FALSE,60,0.671861168143052,0.675587363701091,0.041672334128458,0.97,0.0841198267067152,0.00372619555803877,"gamma_bin"
"gamma_bin_7.50_4.76","vary_sd",4.76,0.4,FALSE,61,0.791762464983911,0.801882224450569,0.0477750407223776,0.94,0.0945000380757605,0.0101197594666581,"gamma_bin"
"gamma_bin_7.50_4.76","vary_sd",4.76,0.4,FALSE,62,0.652922492639065,0.655797684719822,0.0478156097443351,0.93,0.087782818157786,0.00287519208075726,"gamma_bin"
"gamma_bin_7.50_4.76","vary_sd",4.76,0.4,FALSE,63,0.613891069127135,0.602154689461259,0.0437295228536877,0.95,0.08630379547371,-0.0117363796658763,"gamma_bin"
"gamma_bin_7.50_4.76","vary_sd",4.76,0.4,FALSE,64,0.747174650317661,0.732032642270642,0.0518768391210032,0.93,0.0977051997377736,-0.0151420080470187,"gamma_bin"
"gamma_bin_7.50_4.76","vary_sd",4.76,0.4,FALSE,65,0.706701130088712,0.697135967874055,0.0452394123982449,0.97,0.0978211191693809,-0.00956516221465664,"gamma_bin"
"gamma_bin_7.50_4.76","vary_sd",4.76,0.4,FALSE,66,0.51187393654748,0.501754219052768,0.0400013287176777,0.96,0.0850377902712227,-0.0101197174947123,"gamma_bin"
"gamma_bin_7.50_4.76","vary_sd",4.76,0.4,FALSE,67,0.670601402325688,0.656643778584751,0.049983334344072,0.96,0.0999560564662516,-0.0139576237409371,"gamma_bin"
"gamma_bin_7.50_4.76","vary_sd",4.76,0.4,FALSE,68,1.17253163081397,1.15532008034728,0.0671569696151923,0.94,0.136349583655918,-0.0172115504666892,"gamma_bin"
"gamma_bin_7.50_4.76","vary_sd",4.76,0.4,FALSE,69,1.09882955126721,1.05556444534907,0.0678597298898515,0.91,0.132745244018932,-0.0432651059181428,"gamma_bin"
"gamma_bin_7.50_4.76","vary_sd",4.76,0.4,FALSE,70,0.864010024055233,0.818055364575276,0.0500618323483313,0.92,0.118055266785245,-0.0459546594799566,"gamma_bin"
"gamma_bin_7.50_4.76","vary_sd",4.76,0.4,FALSE,71,0.715098113998147,0.673887086962028,0.0520948499119743,0.9,0.108037250070621,-0.0412110270361195,"gamma_bin"
"gamma_bin_7.50_4.76","vary_sd",4.76,0.4,FALSE,72,0.5778146754347,0.563739091096628,0.055190723634885,0.9,0.0999470893301743,-0.0140755843380719,"gamma_bin"
"gamma_bin_7.50_4.76","vary_sd",4.76,0.4,FALSE,73,0.968098548670386,0.966066079918348,0.070187364978064,0.95,0.133267276679756,-0.00203246875203822,"gamma_bin"
"gamma_bin_7.50_4.76","vary_sd",4.76,0.4,FALSE,74,0.655349167508219,0.66449319473894,0.0573593355887833,0.97,0.112270409467297,0.00914402723072072,"gamma_bin"
"gamma_bin_7.50_4.76","vary_sd",4.76,0.4,FALSE,75,0.59977224361632,0.59412792987362,0.0637830499605875,0.9,0.107921454695997,-0.00564431374270002,"gamma_bin"
"gamma_bin_7.50_4.76","vary_sd",4.76,0.4,FALSE,76,0.795810456805532,0.810698348052928,0.0682233238451841,0.9,0.128723184978177,0.0148878912473958,"gamma_bin"
"gamma_bin_7.50_4.76","vary_sd",4.76,0.4,FALSE,77,0.873668877519834,0.892101400851701,0.0682197396863768,0.96,0.137873445371977,0.0184325233318671,"gamma_bin"
"gamma_bin_7.50_4.76","vary_sd",4.76,0.4,FALSE,78,0.655524310026793,0.663238574354782,0.0615942651224068,0.95,0.120897205762809,0.00771426432798905,"gamma_bin"
"gamma_bin_7.50_4.76","vary_sd",4.76,0.4,FALSE,79,0.810623636163075,0.803775459653958,0.057849152792798,1,0.135530968011215,-0.0068481765091174,"gamma_bin"
"gamma_bin_7.50_4.76","vary_sd",4.76,0.4,FALSE,80,0.610456557383718,0.622285799783017,0.0616104154526217,0.96,0.121323096394059,0.0118292423992986,"gamma_bin"
"gamma_bin_7.50_4.76","vary_sd",4.76,0.4,FALSE,81,0.859858611274139,0.854340854970122,0.0769462311111459,0.94,0.145040002919764,-0.00551775630401663,"gamma_bin"
"gamma_bin_7.50_4.76","vary_sd",4.76,0.4,FALSE,82,0.71793472208637,0.712021487332486,0.0675165418965805,0.95,0.134819586974431,-0.00591323475388383,"gamma_bin"
"gamma_bin_7.50_4.76","vary_sd",4.76,0.4,FALSE,83,0.992203959261976,0.976843269243052,0.0847245969652284,0.93,0.16081587070131,-0.0153606900189239,"gamma_bin"
"gamma_bin_7.50_4.76","vary_sd",4.76,0.4,FALSE,84,1.12541562776308,1.12712036221954,0.0914133374210563,0.96,0.175330707276033,0.00170473445646158,"gamma_bin"
"gamma_bin_7.50_4.76","vary_sd",4.76,0.4,FALSE,85,0.719081428835968,0.692650297359425,0.0737786187562028,0.93,0.138419074666593,-0.0264311314765429,"gamma_bin"
"gamma_bin_7.50_4.76","vary_sd",4.76,0.4,FALSE,86,0.84752493125734,0.836838472366253,0.0783172606314109,0.94,0.153583042141887,-0.0106864588910869,"gamma_bin"
"gamma_bin_7.50_4.76","vary_sd",4.76,0.4,FALSE,87,0.855021916180829,0.843232742392742,0.0721036343254021,1,0.155809724240239,-0.0117891737880866,"gamma_bin"
"gamma_bin_7.50_4.76","vary_sd",4.76,0.4,FALSE,88,1.05231211723794,1.0460971342988,0.101552844834706,0.94,0.175361838930257,-0.0062149829391398,"gamma_bin"
"gamma_bin_7.50_4.76","vary_sd",4.76,0.4,FALSE,89,0.736245763604483,0.71976718564965,0.06745720634476,0.99,0.146571843004949,-0.0164785779548333,"gamma_bin"
"gamma_bin_7.50_4.76","vary_sd",4.76,0.4,FALSE,90,0.910435800275709,0.899117049043117,0.0875434732664837,0.92,0.165394267385309,-0.011318751232592,"gamma_bin"
"gamma_bin_7.50_4.76","vary_sd",4.76,0.4,FALSE,91,0.875373992276142,0.877302754631046,0.0705679332492639,0.98,0.165001753823764,0.00192876235490447,"gamma_bin"
"gamma_bin_7.50_4.76","vary_sd",4.76,0.4,FALSE,92,1.13308580158326,1.12855238555909,0.090257826938487,0.95,0.188950931026803,-0.00453341602416901,"gamma_bin"
"gamma_bin_7.50_4.76","vary_sd",4.76,0.4,FALSE,93,0.779622317935819,0.773336094494463,0.0893170571942545,0.91,0.157109113137942,-0.00628622344135565,"gamma_bin"
"gamma_bin_7.50_4.76","vary_sd",4.76,0.4,FALSE,94,0.738590807925372,0.728129249329688,0.0720469472772119,0.97,0.153458574478939,-0.0104615585956844,"gamma_bin"
"gamma_bin_7.50_4.76","vary_sd",4.76,0.4,FALSE,95,0.736386067431423,0.743299701911961,0.0793764279086673,0.95,0.156597732209001,0.00691363448053794,"gamma_bin"
"gamma_bin_7.50_4.76","vary_sd",4.76,0.4,FALSE,96,0.940470991453404,0.973122815775156,0.0979953088342835,0.94,0.18155137028003,0.0326518243217525,"gamma_bin"
"gamma_bin_7.50_4.76","vary_sd",4.76,0.4,FALSE,97,0.92681020267862,0.956412848666716,0.0892613844693415,0.95,0.182140879869099,0.0296026459880958,"gamma_bin"
"gamma_bin_7.50_4.76","vary_sd",4.76,0.4,FALSE,98,0.805264800704658,0.794920779933023,0.0889190046336391,0.93,0.167404682295466,-0.0103440207716349,"gamma_bin"
"gamma_bin_7.50_4.76","vary_sd",4.76,0.4,FALSE,99,0.96897608307621,0.975083166545771,0.0909677467971274,0.95,0.187227688701613,0.00610708346956135,"gamma_bin"
"gamma_bin_7.50_4.76","vary_sd",4.76,0.4,FALSE,100,0.483332995262756,0.483117336435688,0.0626715309451284,0.99,0.132806034746545,-0.000215658827067589,"gamma_bin"
"gamma_bin_7.50_4.76","vary_sd",4.76,0.4,FALSE,101,0.66077716283239,0.668434620998137,0.074807996928243,0.96,0.158593847971069,0.00765745816574748,"gamma_bin"
"gamma_bin_7.50_4.76","vary_sd",4.76,0.4,FALSE,102,0.655745239910364,0.670574828079605,0.0812680347355065,0.97,0.161907535613638,0.014829588169241,"gamma_bin"
"gamma_bin_7.50_4.76","vary_sd",4.76,0.4,FALSE,103,1.19599908198214,1.23313094952518,0.102699169236274,0.94,0.224552522915679,0.0371318675430399,"gamma_bin"
"gamma_bin_7.50_4.76","vary_sd",4.76,0.4,FALSE,104,1.52020654998133,1.52978108938679,0.134231860789979,0.95,0.25334201401282,0.00957453940545583,"gamma_bin"
"gamma_bin_7.50_4.76","vary_sd",4.76,0.4,FALSE,105,1.10303826313934,1.06765215586409,0.131253734779229,0.93,0.210956866142063,-0.0353861072752539,"gamma_bin"
"gamma_bin_7.50_4.76","vary_sd",4.76,0.4,FALSE,106,0.895258886773757,0.857461431563699,0.0906809242340986,0.95,0.187828667601632,-0.0377974552100582,"gamma_bin"
"gamma_bin_7.50_4.76","vary_sd",4.76,0.4,FALSE,107,0.603016892421566,0.575960543394966,0.0741383415684039,0.95,0.153387318810874,-0.0270563490266,"gamma_bin"
"gamma_bin_7.50_4.76","vary_sd",4.76,0.4,FALSE,108,1.07762321196894,1.06627441474233,0.113212398313835,0.97,0.21001683029255,-0.0113487972266122,"gamma_bin"
"gamma_bin_7.50_4.76","vary_sd",4.76,0.4,FALSE,109,1.67936751135944,1.70941422158759,0.130987689030661,0.98,0.267738987852074,0.0300467102281543,"gamma_bin"
"gamma_bin_7.50_4.76","vary_sd",4.76,0.4,FALSE,110,0.778512854791425,0.785326407943334,0.103473102523145,0.92,0.179862790026551,0.00681355315190868,"gamma_bin"
"gamma_bin_7.50_4.76","vary_sd",4.76,0.4,FALSE,111,0.992005341124613,0.960964792008142,0.0943593254832397,0.95,0.197929960845042,-0.031040549116471,"gamma_bin"
"gamma_bin_7.50_4.76","vary_sd",4.76,0.4,FALSE,112,1.07688074493023,1.07388196061023,0.101347693184553,0.95,0.208712352064273,-0.00299878431999678,"gamma_bin"
"gamma_bin_7.50_4.76","vary_sd",4.76,0.4,FALSE,113,0.702400819858529,0.71103111717871,0.0944624366425157,0.91,0.169276758893642,0.00863029732018061,"gamma_bin"
"gamma_bin_7.50_4.76","vary_sd",4.76,0.4,FALSE,114,0.976066509197994,0.986458728541336,0.119650183686341,0.88,0.200126160157326,0.0103922193433424,"gamma_bin"
"gamma_bin_7.50_4.76","vary_sd",4.76,0.4,FALSE,115,1.23867756628513,1.28282867246655,0.112195689904128,0.95,0.229454716394011,0.0441511061814244,"gamma_bin"
"gamma_bin_7.50_4.76","vary_sd",4.76,0.4,FALSE,116,1.16180338965973,1.17461845333409,0.11899852776753,0.94,0.219169303677088,0.0128150636743611,"gamma_bin"
"gamma_bin_7.50_4.76","vary_sd",4.76,0.4,FALSE,117,1.19462029108814,1.1796787465344,0.12336350934216,0.92,0.218481589806072,-0.0149415445537402,"gamma_bin"
"gamma_bin_7.50_4.76","vary_sd",4.76,0.4,FALSE,118,1.16321995780671,1.15397562259137,0.105684679293582,0.92,0.214345146890848,-0.00924433521533796,"gamma_bin"
"gamma_bin_7.50_4.76","vary_sd",4.76,0.4,FALSE,119,1.07032628214879,1.03609044442634,0.114751606300041,0.93,0.201160309181154,-0.0342358377224539,"gamma_bin"
"gamma_bin_7.50_4.76","vary_sd",4.76,0.4,FALSE,120,0.877757633134012,0.860783880230219,0.091455980587254,0.97,0.182072368169617,-0.0169737529037931,"gamma_bin"
"gamma_bin_7.50_4.76","vary_sd",4.76,0.4,FALSE,121,1.36755731263547,1.35680104142233,0.114741557234209,0.95,0.228080648865493,-0.0107562712131419,"gamma_bin"
"gamma_bin_7.50_4.76","vary_sd",4.76,0.4,FALSE,122,0.835796444244159,0.84315686413749,0.0955664993550053,0.94,0.178574594432682,0.00736041989333125,"gamma_bin"
"gamma_bin_7.50_4.76","vary_sd",4.76,0.4,FALSE,123,1.26724551805682,1.28743719268308,0.10994654605428,0.96,0.220210603894452,0.0201916746262627,"gamma_bin"
"gamma_bin_7.50_4.76","vary_sd",4.76,0.4,FALSE,124,0.969129898643769,0.98231409693176,0.0893721214812193,0.98,0.191105694725254,0.0131841982879916,"gamma_bin"
"gamma_bin_7.50_4.76","vary_sd",4.76,0.4,FALSE,125,0.847338782890042,0.863937891152873,0.0940613850440329,0.92,0.178158825408873,0.0165991082628314,"gamma_bin"
"gamma_bin_7.50_4.76","vary_sd",4.76,0.4,FALSE,126,0.715564882412269,0.734096119956586,0.0824519324747978,0.94,0.164166511533974,0.0185312375443165,"gamma_bin"
"gamma_bin_7.50_4.76","vary_sd",4.76,0.4,FALSE,127,0.94782383341486,0.979552143220191,0.103435745681799,0.95,0.190649202816902,0.0317283098053309,"gamma_bin"
"gamma_bin_7.50_4.76","vary_sd",4.76,0.4,FALSE,128,0.685081694959754,0.718875120132484,0.0752722282798116,0.94,0.164505602956363,0.0337934251727295,"gamma_bin"
"gamma_bin_7.50_4.76","vary_sd",4.76,0.4,FALSE,129,0.940719567434955,0.979216801165197,0.0888010028062055,0.96,0.193687961688616,0.0384972337302423,"gamma_bin"
"gamma_bin_7.50_4.76","vary_sd",4.76,0.4,FALSE,130,0.882735861931285,0.912760452775217,0.0973024098283714,0.93,0.188618747944883,0.0300245908439323,"gamma_bin"
"gamma_bin_7.50_4.76","vary_sd",4.76,0.4,FALSE,131,0.908592867608554,0.946575894773901,0.0931514137923195,0.96,0.193643234769961,0.0379830271653466,"gamma_bin"
"gamma_bin_7.50_4.76","vary_sd",4.76,0.4,FALSE,132,0.919571358645804,0.933302749815324,0.0888851653424294,0.99,0.193541674079156,0.0137313911695202,"gamma_bin"
"gamma_bin_7.50_4.76","vary_sd",4.76,0.4,FALSE,133,0.772870216905444,0.75402878622974,0.0823815586461865,0.96,0.174980404237701,-0.018841430675704,"gamma_bin"
"gamma_bin_7.50_4.76","vary_sd",4.76,0.4,FALSE,134,0.850110615604727,0.865144046529731,0.0934278910256838,0.94,0.189031314217069,0.0150334309250036,"gamma_bin"
"gamma_bin_7.50_4.76","vary_sd",4.76,0.4,FALSE,135,0.784750966748685,0.799388215724153,0.0976926479548274,0.95,0.183426620875192,0.0146372489754676,"gamma_bin"
"gamma_bin_7.50_4.76","vary_sd",4.76,0.4,FALSE,136,0.974669466757976,0.981435012697855,0.116366539866322,0.92,0.205469649711996,0.00676554593987899,"gamma_bin"
"gamma_bin_7.50_4.76","vary_sd",4.76,0.4,FALSE,137,0.984151011066472,0.994237203927659,0.103798976039872,0.93,0.20903627213671,0.0100861928611867,"gamma_bin"
"gamma_bin_7.50_4.76","vary_sd",4.76,0.4,FALSE,138,1.1907508581573,1.17387103414241,0.123318291142038,0.95,0.228308577136634,-0.0168798240148897,"gamma_bin"
"gamma_bin_7.50_4.76","vary_sd",4.76,0.4,FALSE,139,1.38368582408824,1.37064091907239,0.126863415385711,0.94,0.247046126580164,-0.0130449050158465,"gamma_bin"
"gamma_bin_7.50_4.76","vary_sd",4.76,0.4,FALSE,140,0.815817246340058,0.788736650996893,0.103031259256295,0.95,0.185912334000832,-0.0270805953431651,"gamma_bin"
"gamma_bin_7.50_4.76","vary_sd",4.76,0.4,FALSE,141,0.948708845408202,0.923647852853666,0.0972432887684248,0.95,0.200722342293836,-0.0250609925545359,"gamma_bin"
"gamma_bin_7.50_4.76","vary_sd",4.76,0.4,FALSE,142,0.887913521021147,0.884716958147882,0.0954181604350261,0.95,0.196480093015389,-0.00319656287326475,"gamma_bin"
"gamma_bin_7.50_4.76","vary_sd",4.76,0.4,FALSE,143,1.33195215209727,1.35383066953418,0.120980852556073,0.97,0.243728292527728,0.0218785174369118,"gamma_bin"
"gamma_bin_7.50_4.76","vary_sd",4.76,0.4,FALSE,144,1.33130915175386,1.32220288819676,0.120917039171856,0.95,0.240117831060936,-0.00910626355710176,"gamma_bin"
"gamma_bin_7.50_4.76","vary_sd",4.76,0.4,FALSE,145,1.36040954450305,1.3432154140672,0.113389571068358,0.96,0.239762129810809,-0.0171941304358516,"gamma_bin"
"gamma_bin_7.50_4.76","vary_sd",4.76,0.4,FALSE,146,1.03071516120352,0.999239312914196,0.0943350890161842,0.96,0.203837357758153,-0.0314758482893241,"gamma_bin"
"gamma_bin_7.50_4.76","vary_sd",4.76,0.4,FALSE,147,1.01542687773298,0.989295509927028,0.098285995773501,0.96,0.200486659848364,-0.0261313678059523,"gamma_bin"
"gamma_bin_7.50_4.76","vary_sd",4.76,0.4,FALSE,148,0.918038272830281,0.90801472781794,0.0939686669624202,0.96,0.190919108716039,-0.0100235450123406,"gamma_bin"
"gamma_bin_7.50_4.76","vary_sd",4.76,0.4,FALSE,149,0.795403147880171,0.805872906072589,0.0928296633693772,0.97,0.17925988802831,0.0104697581924182,"gamma_bin"
"gamma_bin_7.50_4.76","vary_sd",4.76,0.4,FALSE,150,0.947076494147123,0.967511513178847,0.106436720697449,0.94,0.196922628169062,0.0204350190317238,"gamma_bin"
"gamma_bin_7.50_4.76","vary_sd",4.76,0.4,FALSE,151,0.838902415667924,0.874171304422638,0.094275440869598,0.92,0.188008046409644,0.0352688887547136,"gamma_bin"
"gamma_bin_7.50_4.76","vary_sd",4.76,0.4,FALSE,152,1.10280245382765,1.15789552019247,0.100361709405726,0.93,0.217787915187002,0.0550930663648219,"gamma_bin"
"gamma_bin_7.50_4.76","vary_sd",4.76,0.4,FALSE,153,1.09815440539428,1.10997448453984,0.0990613667675307,0.96,0.213601050344287,0.0118200791455598,"gamma_bin"
"gamma_bin_7.50_4.76","vary_sd",4.76,0.4,FALSE,154,0.933699509626363,0.922006166288775,0.111901397870465,0.93,0.194356033413689,-0.0116933433375876,"gamma_bin"
"gamma_bin_7.50_4.76","vary_sd",4.76,0.4,FALSE,155,0.677259462566555,0.672851227164119,0.0782215088366297,0.97,0.165878809541645,-0.00440823540243562,"gamma_bin"
"gamma_bin_7.50_4.76","vary_sd",4.76,0.4,FALSE,156,0.794318325784725,0.812789753155066,0.0916106181733817,0.95,0.183533142506037,0.0184714273703409,"gamma_bin"
"gamma_bin_7.50_4.76","vary_sd",4.76,0.4,FALSE,157,0.863129045133472,0.889750234039239,0.0987714214674211,0.96,0.193880372783874,0.0266211889057668,"gamma_bin"
"gamma_bin_7.50_4.76","vary_sd",4.76,0.4,FALSE,158,1.2121292060572,1.24239970080837,0.132048415647357,0.93,0.23142205951749,0.0302704947511705,"gamma_bin"
"gamma_bin_7.50_4.76","vary_sd",4.76,0.4,FALSE,159,1.02410099479473,1.02638527892343,0.104582363818681,0.95,0.21109596355209,0.00228428412870318,"gamma_bin"
"gamma_bin_7.50_4.76","vary_sd",4.76,0.4,FALSE,160,0.905625417711481,0.89596753336056,0.0985269280514331,0.94,0.197244156503717,-0.0096578843509213,"gamma_bin"
"gamma_bin_7.50_4.76","vary_sd",4.76,0.4,FALSE,161,0.911623484707899,0.926480351436729,0.0983601565060157,0.95,0.200870711245041,0.0148568667288297,"gamma_bin"
"gamma_bin_7.50_4.76","vary_sd",4.76,0.4,FALSE,162,0.854314364398061,0.857026496271413,0.0943934391479771,0.94,0.193789547979118,0.0027121318733524,"gamma_bin"
"gamma_bin_7.50_4.76","vary_sd",4.76,0.4,FALSE,163,0.939538506142908,0.95460212861066,0.105007480094054,0.94,0.20553690103527,0.0150636224677518,"gamma_bin"
"gamma_bin_7.50_4.76","vary_sd",4.76,0.4,FALSE,164,0.804264811038419,0.823981786028498,0.10264764999727,0.96,0.192007571200057,0.0197169749900794,"gamma_bin"
"gamma_bin_7.50_4.76","vary_sd",4.76,0.4,FALSE,165,1.00142358506205,1.01145126976515,0.103749757450373,0.97,0.214139377904585,0.0100276847030976,"gamma_bin"
"gamma_bin_7.50_4.76","vary_sd",4.76,0.4,FALSE,166,1.22258511650756,1.24825437784591,0.100188515055555,0.98,0.239407408373886,0.0256692613383456,"gamma_bin"
"gamma_bin_7.50_4.76","vary_sd",4.76,0.4,FALSE,167,0.797785743145654,0.798524610779884,0.0943756665183352,0.96,0.191278647336297,0.000738867634230367,"gamma_bin"
"gamma_bin_7.50_4.76","vary_sd",4.76,0.4,FALSE,168,1.1498418409574,1.15080853698489,0.116206386753143,0.95,0.229954119949827,0.000966696027493219,"gamma_bin"
"gamma_bin_7.50_4.76","vary_sd",4.76,0.4,FALSE,169,0.760349335694062,0.736114067431504,0.0929484142301763,0.94,0.183932297283737,-0.0242352682625585,"gamma_bin"
"gamma_bin_7.50_4.76","vary_sd",4.76,0.4,FALSE,170,1.37423882796411,1.3746884991692,0.11444868298976,0.96,0.25213673877144,0.000449671205091651,"gamma_bin"
"gamma_bin_7.50_4.76","vary_sd",4.76,0.4,FALSE,171,0.879916177740953,0.874840574581194,0.105033836911402,0.95,0.200747003940606,-0.0050756031597593,"gamma_bin"
"gamma_bin_7.50_4.76","vary_sd",4.76,0.4,FALSE,172,1.40469809778524,1.38848794366404,0.114935913756528,0.96,0.252441897833115,-0.0162101541212043,"gamma_bin"
"gamma_bin_7.50_4.76","vary_sd",4.76,0.4,FALSE,173,0.919193657171105,0.907779648537468,0.0920809791353312,0.97,0.20269237620564,-0.0114140086336375,"gamma_bin"
"gamma_bin_7.50_4.76","vary_sd",4.76,0.4,FALSE,174,0.923156528563282,0.928860395020681,0.107475753964275,0.95,0.204024665907098,0.00570386645739862,"gamma_bin"
"gamma_bin_7.50_4.76","vary_sd",4.76,0.4,FALSE,175,1.03837120055872,1.03084637339381,0.119688272292268,0.95,0.214328582388559,-0.0075248271649142,"gamma_bin"
"gamma_bin_7.50_4.76","vary_sd",4.76,0.4,FALSE,176,0.998550191051843,1.01111367112395,0.121730652275459,0.93,0.212159755648578,0.0125634800721112,"gamma_bin"
"gamma_bin_7.50_4.76","vary_sd",4.76,0.4,FALSE,177,1.0672490953256,1.07412169504205,0.111401747741266,0.96,0.218619412962955,0.00687259971644627,"gamma_bin"
"gamma_bin_7.50_4.76","vary_sd",4.76,0.4,FALSE,178,0.796488943635566,0.793988796865336,0.0987247338288923,0.95,0.187654653013459,-0.00250014677022992,"gamma_bin"
"gamma_bin_7.50_4.76","vary_sd",4.76,0.4,FALSE,179,1.19853631620291,1.21237570578655,0.117501201416244,0.96,0.232479053907583,0.0138393895836395,"gamma_bin"
"gamma_bin_7.50_4.76","vary_sd",4.76,0.4,FALSE,180,1.18742234445089,1.21122461494962,0.118295837729105,0.94,0.232225940639659,0.0238022704987282,"gamma_bin"
"gamma_bin_7.50_4.76","vary_sd",4.76,0.4,FALSE,181,1.49419822100474,1.49610567865577,0.12912266091058,0.95,0.256856816855836,0.00190745765103473,"gamma_bin"
"gamma_bin_7.50_4.76","vary_sd",4.76,0.4,FALSE,182,1.51569971274724,1.46982573357672,0.133864830822493,0.93,0.25112784415487,-0.0458739791705172,"gamma_bin"
"gamma_bin_7.50_4.76","vary_sd",4.76,0.4,FALSE,183,0.993078083144793,0.952060724600481,0.112366328707404,0.88,0.198018995094304,-0.0410173585443117,"gamma_bin"
"gamma_bin_7.50_4.76","vary_sd",4.76,0.4,FALSE,184,0.900895179433443,0.892180108288763,0.0969062459156317,0.96,0.188923529343323,-0.00871507114467995,"gamma_bin"
"gamma_bin_7.50_4.76","vary_sd",4.76,0.4,FALSE,185,0.823216514722493,0.810875952472887,0.0820330987812207,0.97,0.178783637303346,-0.0123405622496057,"gamma_bin"
"gamma_bin_7.50_4.76","vary_sd",4.76,0.4,FALSE,186,1.22622352517845,1.25409114340425,0.101858367581666,0.95,0.22259862009753,0.0278676182258015,"gamma_bin"
"gamma_bin_7.50_4.76","vary_sd",4.76,0.4,FALSE,187,0.917485344129662,0.938164514910976,0.098935391651322,0.94,0.191970451426941,0.0206791707813142,"gamma_bin"
"gamma_bin_7.50_4.76","vary_sd",4.76,0.4,FALSE,188,1.14600718978611,1.17693951180404,0.105262931879099,0.97,0.214618605032798,0.0309323220179287,"gamma_bin"
"gamma_bin_7.50_4.76","vary_sd",4.76,0.4,FALSE,189,1.15017955401154,1.14478998953691,0.110129812749474,0.96,0.210888598319321,-0.00538956447462868,"gamma_bin"
"gamma_bin_7.50_4.76","vary_sd",4.76,0.4,FALSE,190,1.13787761403339,1.12158328734124,0.114137628684251,0.93,0.207424405571095,-0.0162943266921529,"gamma_bin"
"gamma_bin_7.50_4.76","vary_sd",4.76,0.4,FALSE,191,1.77820774658985,1.76444684351524,0.13316806597648,0.94,0.258555892768518,-0.0137609030746086,"gamma_bin"
"gamma_bin_7.50_4.76","vary_sd",4.76,0.4,FALSE,192,1.12621869533816,1.09605365878977,0.10325712349786,0.92,0.200126779237174,-0.0301650365483912,"gamma_bin"
"gamma_bin_7.50_4.76","vary_sd",4.76,0.4,FALSE,193,1.63142687231341,1.55611398623989,0.114556044351858,0.93,0.234252393305107,-0.0753128860735182,"gamma_bin"
"gamma_bin_7.50_4.76","vary_sd",4.76,0.4,FALSE,194,1.9613208229511,1.88465509336633,0.142626927756216,0.88,0.252230100940766,-0.0766657295847708,"gamma_bin"
"gamma_bin_7.50_4.76","vary_sd",4.76,0.4,FALSE,195,1.62644217295684,1.5376262621706,0.130327182248151,0.86,0.220675548407456,-0.0888159107862412,"gamma_bin"
"gamma_bin_7.50_4.76","vary_sd",4.76,0.4,FALSE,196,1.22114876712024,1.13822534307155,0.088898639799533,0.88,0.183515134986278,-0.082923424048688,"gamma_bin"
"gamma_bin_7.50_4.76","vary_sd",4.76,0.4,FALSE,197,1.08512340553335,1.0587895583798,0.0888621563027769,0.93,0.172515273248077,-0.026333847153547,"gamma_bin"
"gamma_bin_7.50_4.76","vary_sd",4.76,0.4,FALSE,198,1.22271087570671,1.21570351233018,0.0838735343340661,0.95,0.181550017698937,-0.00700736337652863,"gamma_bin"
"gamma_bin_7.50_4.76","vary_sd",4.76,0.4,FALSE,199,1.2960340351298,1.33343792808876,0.0949218123621453,0.92,0.187369957193663,0.0374038929589602,"gamma_bin"
"gamma_bin_7.50_4.76","vary_sd",4.76,0.4,FALSE,200,1.66920711624072,1.71637491166114,0.109550679734722,0.89,0.20933304979039,0.0471677954204242,"gamma_bin"
"gamma_bin_7.50_4.76","vary_sd",4.76,0.4,FALSE,201,1.16940768861372,1.16527405971127,0.0836970635527305,0.96,0.168374694108343,-0.00413362890244873,"gamma_bin"
"gamma_bin_7.50_4.76","vary_sd",4.76,0.4,FALSE,202,1.0787760344722,1.08351744027016,0.0824509324058137,0.98,0.158844257231526,0.00474140579795757,"gamma_bin"
"gamma_bin_7.50_4.76","vary_sd",4.76,0.4,FALSE,203,0.894614924502778,0.885478408735251,0.0741676992479856,0.96,0.141308376474623,-0.00913651576752739,"gamma_bin"
"gamma_bin_7.50_4.76","vary_sd",4.76,0.4,FALSE,204,0.818936942727194,0.833465595978638,0.0616547692024723,0.97,0.135935500675008,0.014528653251444,"gamma_bin"
"gamma_bin_7.50_4.76","vary_sd",4.76,0.4,FALSE,205,0.966688195947552,1.00583977352719,0.0812485924754976,0.89,0.149153389987067,0.0391515775796361,"gamma_bin"
"gamma_bin_7.50_4.76","vary_sd",4.76,0.4,FALSE,206,0.735602657677609,0.765667258037307,0.062983868839804,0.94,0.130313103664725,0.030064600359698,"gamma_bin"
"gamma_bin_7.50_4.76","vary_sd",4.76,0.4,FALSE,207,0.854906249805799,0.89974483251238,0.0779318822245436,0.89,0.141962465780394,0.0448385827065808,"gamma_bin"
"gamma_bin_7.50_4.76","vary_sd",4.76,0.4,FALSE,208,1.18360616945073,1.23482372269002,0.0836958995369395,0.91,0.167572716518606,0.0512175532392893,"gamma_bin"
"gamma_bin_7.50_4.76","vary_sd",4.76,0.4,FALSE,209,1.4602885501346,1.48224152962205,0.0936450315346457,0.95,0.183755143750191,0.0219529794874536,"gamma_bin"
"gamma_bin_7.50_4.76","vary_sd",4.76,0.4,FALSE,210,0.828346816490767,0.813029522704486,0.0742323080303151,0.94,0.134881512674218,-0.0153172937862814,"gamma_bin"
"gamma_bin_7.50_4.76","vary_sd",4.76,0.4,FALSE,211,0.945514704257119,0.919114684046165,0.0643954192762752,0.96,0.142612632070783,-0.0264000202109536,"gamma_bin"
"gamma_bin_7.50_4.76","vary_sd",4.76,0.4,FALSE,212,0.790503634328223,0.783639209989805,0.0680765558228701,0.93,0.131424279069251,-0.0068644243384185,"gamma_bin"
"gamma_bin_7.50_4.76","vary_sd",4.76,0.4,FALSE,213,1.43200091428725,1.44613517631255,0.0831179096755282,0.97,0.179325615167875,0.0141342620252991,"gamma_bin"
"gamma_bin_7.50_4.76","vary_sd",4.76,0.4,FALSE,214,1.11427471246835,1.1052665005949,0.0694700145114644,0.97,0.156185656069738,-0.00900821187344669,"gamma_bin"
"gamma_bin_7.50_4.76","vary_sd",4.76,0.4,FALSE,215,1.11570572194133,1.12255079099996,0.0821161850753728,0.94,0.156311515896441,0.00684506905863391,"gamma_bin"
"gamma_bin_7.50_4.76","vary_sd",4.76,0.4,FALSE,216,1.45325455274622,1.42986649969858,0.089772354424232,0.94,0.175081993140289,-0.0233880530476387,"gamma_bin"
"gamma_bin_7.50_4.76","vary_sd",4.76,0.4,FALSE,217,1.1420513438864,1.09752210179912,0.0834595002406997,0.87,0.151330711806583,-0.0445292420872769,"gamma_bin"
"gamma_bin_7.50_4.76","vary_sd",4.76,0.4,FALSE,218,0.657956194341687,0.648979433844133,0.0618759120770515,0.96,0.114875855087319,-0.00897676049755369,"gamma_bin"
"gamma_bin_7.50_4.76","vary_sd",4.76,0.4,FALSE,219,1.37055796530381,1.37267366477655,0.0839700237175086,0.95,0.16671342457977,0.00211569947274026,"gamma_bin"
"gamma_bin_7.50_4.76","vary_sd",4.76,0.4,FALSE,220,1.1217671045533,1.13572960306149,0.0824876556900516,0.91,0.150760619597358,0.0139624985081857,"gamma_bin"
"gamma_bin_7.50_4.76","vary_sd",4.76,0.4,FALSE,221,1.82148085595811,1.83523904770279,0.0982954279155545,0.95,0.190187731163218,0.0137581917446834,"gamma_bin"
"gamma_bin_7.50_4.76","vary_sd",4.76,0.4,FALSE,222,1.47820728190538,1.44488319267388,0.0824055933893428,0.93,0.16539526057466,-0.033324089231501,"gamma_bin"
"gamma_bin_7.50_4.76","vary_sd",4.76,0.4,FALSE,223,1.22912323671868,1.17515307143457,0.0786978006413904,0.86,0.145307311886492,-0.053970165284106,"gamma_bin"
"gamma_bin_7.50_4.76","vary_sd",4.76,0.4,FALSE,224,1.39166921706407,1.33041061535764,0.0711225638256867,0.9,0.151322063243626,-0.0612586017064254,"gamma_bin"
"gamma_bin_7.50_4.76","vary_sd",4.76,0.4,FALSE,225,1.02692395020016,1.00461700995039,0.061012620417523,0.96,0.128881495785384,-0.022306940249772,"gamma_bin"
"gamma_bin_7.50_4.76","vary_sd",4.76,0.4,FALSE,226,0.944469227223,0.940244685288852,0.0647348943131514,0.92,0.12280491092492,-0.0042245419341479,"gamma_bin"
"gamma_bin_7.50_4.76","vary_sd",4.76,0.4,FALSE,227,0.882935394281871,0.888950068812339,0.0606843728317661,0.96,0.118467746440472,0.006014674530468,"gamma_bin"
"gamma_bin_7.50_4.76","vary_sd",4.76,0.4,FALSE,228,1.25451332375843,1.30877293482978,0.0694831879827318,0.91,0.143470488463067,0.0542596110713469,"gamma_bin"
"gamma_bin_7.50_4.76","vary_sd",4.76,0.4,FALSE,229,1.46482234027448,1.5156749840923,0.0773088779525416,0.92,0.153578177830446,0.0508526438178185,"gamma_bin"
"gamma_bin_7.50_4.76","vary_sd",4.76,0.4,FALSE,230,1.51066180760486,1.51558950046367,0.0840372936943527,0.91,0.151434282378709,0.00492769285880912,"gamma_bin"
"gamma_bin_7.50_4.76","vary_sd",4.76,0.4,FALSE,231,1.76123960010775,1.6970478262973,0.0799174829431326,0.86,0.156922863341763,-0.0641917738104496,"gamma_bin"
"gamma_bin_7.50_4.76","vary_sd",4.76,0.4,FALSE,232,1.40610248726795,1.33252984173539,0.0633898509196493,0.81,0.135138633883213,-0.0735726455325627,"gamma_bin"
"gamma_bin_7.50_4.76","vary_sd",4.76,0.4,FALSE,233,1.50839208568838,1.44380517621675,0.0617420259365079,0.87,0.136889479968712,-0.064586909471634,"gamma_bin"
"gamma_bin_7.50_4.76","vary_sd",4.76,0.4,FALSE,234,2.14809922234943,2.07448257140344,0.0770630675132731,0.88,0.159704225203741,-0.0736166509459895,"gamma_bin"
"gamma_bin_7.50_4.76","vary_sd",4.76,0.4,FALSE,235,1.77316147702833,1.69126328390046,0.0781018350845421,0.76,0.138988385081183,-0.0818981931278657,"gamma_bin"
"gamma_bin_7.50_4.76","vary_sd",4.76,0.4,FALSE,236,1.73482506410384,1.64407600407512,0.0750722385729762,0.68,0.131664271399686,-0.0907490600287211,"gamma_bin"
"gamma_bin_7.50_4.76","vary_sd",4.76,0.4,FALSE,237,1.62267353351007,1.53391196043784,0.0735362044742896,0.71,0.122238985744434,-0.0887615730722282,"gamma_bin"
"gamma_bin_7.50_4.76","vary_sd",4.76,0.4,FALSE,238,1.18124992154851,1.13197706363605,0.0502590296496729,0.84,0.101272716372194,-0.0492728579124622,"gamma_bin"
"gamma_bin_7.50_4.76","vary_sd",4.76,0.4,FALSE,239,1.18465305674865,1.17383113075308,0.0579861240799201,0.91,0.100348832575141,-0.010821925995572,"gamma_bin"
"gamma_bin_7.50_4.76","vary_sd",4.76,0.4,FALSE,240,1.4168407618799,1.44698550621752,0.0575922800998558,0.93,0.109183870778348,0.0301447443376155,"gamma_bin"
"gamma_bin_7.50_4.76","vary_sd",4.76,0.4,FALSE,241,1.25636383468336,1.28038158351514,0.0472969630929431,0.93,0.100595163383132,0.0240177488317765,"gamma_bin"
"gamma_bin_7.50_4.76","vary_sd",4.76,0.4,FALSE,242,1.12127216596798,1.14208193159945,0.0496646106344115,0.92,0.093147336102385,0.020809765631469,"gamma_bin"
"gamma_bin_7.50_4.76","vary_sd",4.76,0.4,FALSE,243,1.35468577162437,1.37541098428275,0.0507080567205586,0.94,0.100520424783973,0.0207252126583797,"gamma_bin"
"gamma_bin_7.50_4.76","vary_sd",4.76,0.4,FALSE,244,1.01073025572083,1.03379726183859,0.0445099542587237,0.91,0.0856735154005039,0.0230670061177631,"gamma_bin"
"gamma_bin_7.50_4.76","vary_sd",4.76,0.4,FALSE,245,1.09869262296579,1.12068076071779,0.043596280327688,0.93,0.087992086510717,0.0219881377519975,"gamma_bin"
"gamma_bin_7.50_4.76","vary_sd",4.76,0.4,FALSE,246,1.01867243248783,1.03889078603168,0.0424538711185269,0.95,0.0838067415249663,0.0202183535438465,"gamma_bin"
"gamma_bin_7.50_4.76","vary_sd",4.76,0.4,FALSE,247,0.933300548697082,0.965352492866722,0.0403996177609977,0.89,0.0801680485259868,0.0320519441696396,"gamma_bin"
"gamma_bin_7.50_4.76","vary_sd",4.76,0.4,FALSE,248,1.07521131224965,1.09979456193139,0.0422819761001756,0.91,0.0851934951278322,0.0245832496817429,"gamma_bin"
"gamma_bin_7.50_4.76","vary_sd",4.76,0.4,FALSE,249,1.30368079751671,1.33594500596909,0.044037447599366,0.9,0.0935245346225986,0.0322642084523832,"gamma_bin"
"gamma_bin_7.50_4.76","vary_sd",4.76,0.4,FALSE,250,1.41725036624756,1.42902845945561,0.047693340465993,0.95,0.0958920301030165,0.0117780932080516,"gamma_bin"
"gamma_bin_7.50_4.76","vary_sd",4.76,0.4,FALSE,251,1.14473843834061,1.12569592958916,0.0389616055254225,0.91,0.0838495245456789,-0.019042508751447,"gamma_bin"
"gamma_bin_7.50_4.76","vary_sd",4.76,0.4,FALSE,252,1.28957905264017,1.25853197162961,0.0487015097710218,0.89,0.0873205020239982,-0.0310470810105568,"gamma_bin"
"gamma_bin_7.50_4.76","vary_sd",4.76,0.4,FALSE,253,1.41164181175606,1.38197241003331,0.0415903914012483,0.92,0.0901860904477565,-0.0296694017227537,"gamma_bin"
"gamma_bin_7.50_5.44","vary_sd",5.44,0.6,FALSE,1,4.64176734711438,2.57448319367716,0.12373527619717,0,0.234753888089017,-2.06728415343722,"gamma_bin"
"gamma_bin_7.50_5.44","vary_sd",5.44,0.6,FALSE,2,5.74184883880713,3.92840376159205,0.129331501559601,0,0.255728160004494,-1.81344507721508,"gamma_bin"
"gamma_bin_7.50_5.44","vary_sd",5.44,0.6,FALSE,3,3.25033439563944,2.47457599593286,0.084396929964542,0,0.178256758956282,-0.77575839970658,"gamma_bin"
"gamma_bin_7.50_5.44","vary_sd",5.44,0.6,FALSE,4,6.73935287829888,5.65962731881521,0.149150422762163,0,0.244841659971058,-1.07972555948367,"gamma_bin"
"gamma_bin_7.50_5.44","vary_sd",5.44,0.6,FALSE,5,2.43636854796088,1.89180380559382,0.0675071371359406,0,0.120850923011515,-0.544564742367063,"gamma_bin"
"gamma_bin_7.50_5.44","vary_sd",5.44,0.6,FALSE,6,1.74494772539268,1.43319254348307,0.0483020465502329,0,0.0960660712857286,-0.311755181909608,"gamma_bin"
"gamma_bin_7.50_5.44","vary_sd",5.44,0.6,FALSE,7,2.62517926045569,2.41901830467353,0.0627955655760259,0.06,0.118018572607933,-0.20616095578216,"gamma_bin"
"gamma_bin_7.50_5.44","vary_sd",5.44,0.6,FALSE,8,1.22911307977452,1.19019940530786,0.0438631876660529,0.79,0.0773995150794602,-0.0389136744666603,"gamma_bin"
"gamma_bin_7.50_5.44","vary_sd",5.44,0.6,FALSE,9,2.39904651254038,2.43996134401897,0.0551193102767692,0.86,0.106616475160037,0.040914831478589,"gamma_bin"
"gamma_bin_7.50_5.44","vary_sd",5.44,0.6,FALSE,10,1.19484574307971,1.19470348873111,0.0358349392570821,0.93,0.0702620742823297,-0.000142254348603155,"gamma_bin"
"gamma_bin_7.50_5.44","vary_sd",5.44,0.6,FALSE,11,1.32897619591253,1.35468307801322,0.04014479431999,0.84,0.0722190743640875,0.0257068821006869,"gamma_bin"
"gamma_bin_7.50_5.44","vary_sd",5.44,0.6,FALSE,12,1.45959821408832,1.51665913519154,0.0385222692100507,0.68,0.0742297185589306,0.0570609211032178,"gamma_bin"
"gamma_bin_7.50_5.44","vary_sd",5.44,0.6,FALSE,13,1.71530804750948,1.78723109904253,0.042507078318077,0.59,0.0781802067425346,0.0719230515330462,"gamma_bin"
"gamma_bin_7.50_5.44","vary_sd",5.44,0.6,FALSE,14,1.05182866123244,1.06716244128749,0.0302647708769122,0.93,0.0581554948047567,0.0153337800550548,"gamma_bin"
"gamma_bin_7.50_5.44","vary_sd",5.44,0.6,FALSE,15,1.02510010675531,1.04090737859964,0.0254760742565614,0.95,0.0562074636457497,0.0158072718443338,"gamma_bin"
"gamma_bin_7.50_5.44","vary_sd",5.44,0.6,FALSE,16,1.25252014867933,1.30182795427964,0.0326804758908856,0.64,0.0620324907212286,0.0493078056003111,"gamma_bin"
"gamma_bin_7.50_5.44","vary_sd",5.44,0.6,FALSE,17,1.21525733695915,1.26964087099122,0.0306038885654497,0.54,0.0602736058881909,0.0543835340320653,"gamma_bin"
"gamma_bin_7.50_5.44","vary_sd",5.44,0.6,FALSE,18,0.979230198394809,1.01136673439556,0.0277678058458594,0.72,0.0529080703468542,0.0321365360007556,"gamma_bin"
"gamma_bin_7.50_5.44","vary_sd",5.44,0.6,FALSE,19,1.02544833790337,1.069488853867,0.0253079888153552,0.63,0.0538991441437627,0.0440405159636299,"gamma_bin"
"gamma_bin_7.50_5.44","vary_sd",5.44,0.6,FALSE,20,1.03933643277786,1.08346777487858,0.0242005669977871,0.67,0.0538494648331087,0.0441313421007192,"gamma_bin"
"gamma_bin_7.50_5.44","vary_sd",5.44,0.6,FALSE,21,1.31704644033967,1.37015229025119,0.0281794675022765,0.58,0.0601503582469927,0.0531058499115182,"gamma_bin"
"gamma_bin_7.50_5.44","vary_sd",5.44,0.6,FALSE,22,1.01626238281987,1.02905180533206,0.0252630405373441,0.95,0.0513776593873085,0.0127894225121867,"gamma_bin"
"gamma_bin_7.50_5.44","vary_sd",5.44,0.6,FALSE,23,0.750219977978433,0.756254159694265,0.0242061349651832,0.91,0.0436638144276675,0.00603418171583181,"gamma_bin"
"gamma_bin_7.50_5.44","vary_sd",5.44,0.6,FALSE,24,0.68680573053247,0.703229980125125,0.021138684922055,0.9,0.0422017590111209,0.0164242495926554,"gamma_bin"
"gamma_bin_7.50_5.44","vary_sd",5.44,0.6,FALSE,25,1.09137562864791,1.14920400505066,0.0260574774517141,0.46,0.0544750699318154,0.0578283764027465,"gamma_bin"
"gamma_bin_7.50_5.44","vary_sd",5.44,0.6,FALSE,26,0.741057834922739,0.774700010393926,0.0214729694899288,0.67,0.0447539264159007,0.0336421754711874,"gamma_bin"
"gamma_bin_7.50_5.44","vary_sd",5.44,0.6,FALSE,27,0.768534353981288,0.801062292601615,0.0208870512732904,0.75,0.0458354537449518,0.0325279386203271,"gamma_bin"
"gamma_bin_7.50_5.44","vary_sd",5.44,0.6,FALSE,28,0.752768210408917,0.78334262515015,0.0233193236364054,0.71,0.0457686960786523,0.0305744147412329,"gamma_bin"
"gamma_bin_7.50_5.44","vary_sd",5.44,0.6,FALSE,29,0.700189279957523,0.729752706700225,0.0217844677313671,0.76,0.0447015895070673,0.0295634267427021,"gamma_bin"
"gamma_bin_7.50_5.44","vary_sd",5.44,0.6,FALSE,30,0.555240242382622,0.582267810740849,0.0222513343459482,0.79,0.0405186038009958,0.0270275683582272,"gamma_bin"
"gamma_bin_7.50_5.44","vary_sd",5.44,0.6,FALSE,31,0.584450640057208,0.609339205722949,0.0188984899390816,0.8,0.042329367055786,0.0248885656657409,"gamma_bin"
"gamma_bin_7.50_5.44","vary_sd",5.44,0.6,FALSE,32,0.680297862250013,0.710938263865853,0.0234048633484544,0.76,0.0468132831263113,0.03064040161584,"gamma_bin"
"gamma_bin_7.50_5.44","vary_sd",5.44,0.6,FALSE,33,0.95896579009836,0.998108339133568,0.030309291913979,0.72,0.0567225824248673,0.0391425490352078,"gamma_bin"
"gamma_bin_7.50_5.44","vary_sd",5.44,0.6,FALSE,34,1.26713544933213,1.28056328302413,0.0317511232060876,0.93,0.0650837964380528,0.0134278336919993,"gamma_bin"
"gamma_bin_7.50_5.44","vary_sd",5.44,0.6,FALSE,35,1.32835487275134,1.26615537412439,0.0306280728230131,0.51,0.0646946446001963,-0.062199498626953,"gamma_bin"
"gamma_bin_7.50_5.44","vary_sd",5.44,0.6,FALSE,36,0.820532179912435,0.748796353389455,0.0246137469595843,0.19,0.0493663514844259,-0.0717358265229803,"gamma_bin"
"gamma_bin_7.50_5.44","vary_sd",5.44,0.6,FALSE,37,0.605066948223753,0.560466968648576,0.0209638464721136,0.46,0.04285759758047,-0.044599979575177,"gamma_bin"
"gamma_bin_7.50_5.44","vary_sd",5.44,0.6,FALSE,38,0.480613317476216,0.467813592129506,0.02321771305626,0.85,0.0397498682265422,-0.0127997253467095,"gamma_bin"
"gamma_bin_7.50_5.44","vary_sd",5.44,0.6,FALSE,39,0.729684595490469,0.753341778953,0.0248816222998181,0.87,0.0516844324781739,0.0236571834625309,"gamma_bin"
"gamma_bin_7.50_5.44","vary_sd",5.44,0.6,FALSE,40,0.815117093248404,0.85871659550821,0.0283360405785608,0.65,0.0563769986510571,0.0435995022598064,"gamma_bin"
"gamma_bin_7.50_5.44","vary_sd",5.44,0.6,FALSE,41,0.615435524003123,0.644213136575655,0.02448542242153,0.79,0.0496399769361537,0.0287776125725324,"gamma_bin"
"gamma_bin_7.50_5.44","vary_sd",5.44,0.6,FALSE,42,0.771681049543453,0.799854388290426,0.0246538580082426,0.87,0.0564552032389656,0.0281733387469729,"gamma_bin"
"gamma_bin_7.50_5.44","vary_sd",5.44,0.6,FALSE,43,0.638637642797715,0.651708239838725,0.0256985318190005,0.93,0.0518769883115366,0.0130705970410095,"gamma_bin"
"gamma_bin_7.50_5.44","vary_sd",5.44,0.6,FALSE,44,0.502607638572081,0.501496769326786,0.0237328180000079,0.96,0.0464755752286895,-0.00111086924529502,"gamma_bin"
"gamma_bin_7.50_5.44","vary_sd",5.44,0.6,FALSE,45,0.419348773276434,0.427261499570185,0.0225563187794738,0.93,0.04407894267404,0.00791272629375145,"gamma_bin"
"gamma_bin_7.50_5.44","vary_sd",5.44,0.6,FALSE,46,0.532523289397014,0.546207150572692,0.0273172049260942,0.91,0.0515344740457811,0.0136838611756775,"gamma_bin"
"gamma_bin_7.50_5.44","vary_sd",5.44,0.6,FALSE,47,0.748164536979726,0.766662622068324,0.0312683320421244,0.92,0.0631454939043868,0.0184980850885982,"gamma_bin"
"gamma_bin_7.50_5.44","vary_sd",5.44,0.6,FALSE,48,0.699597036363356,0.710057648408615,0.0287136687153383,0.95,0.062445208332568,0.0104606120452588,"gamma_bin"
"gamma_bin_7.50_5.44","vary_sd",5.44,0.6,FALSE,49,0.840634610500807,0.830322345448922,0.0339790596498496,0.96,0.0692227404409976,-0.010312265051885,"gamma_bin"
"gamma_bin_7.50_5.44","vary_sd",5.44,0.6,FALSE,50,0.605572567510499,0.57613969741272,0.0287787713426851,0.85,0.0588179680814822,-0.0294328700977793,"gamma_bin"
"gamma_bin_7.50_5.44","vary_sd",5.44,0.6,FALSE,51,0.551154795645625,0.52674570807859,0.0292748048829232,0.89,0.0576520659949738,-0.0244090875670351,"gamma_bin"
"gamma_bin_7.50_5.44","vary_sd",5.44,0.6,FALSE,52,0.382419782215341,0.367169559768996,0.0286340212403422,0.86,0.0495478775138515,-0.0152502224463453,"gamma_bin"
"gamma_bin_7.50_5.44","vary_sd",5.44,0.6,FALSE,53,0.67605453850849,0.671249286848168,0.0411145126759754,0.91,0.0695075500523339,-0.00480525166032231,"gamma_bin"
"gamma_bin_7.50_5.44","vary_sd",5.44,0.6,FALSE,54,0.67389745281474,0.673537488101256,0.0365198840542342,0.95,0.0718619566422197,-0.000359964713483762,"gamma_bin"
"gamma_bin_7.50_5.44","vary_sd",5.44,0.6,FALSE,55,0.928654307802489,0.912875418392143,0.0493821863567641,0.92,0.0860928338005186,-0.0157788894103457,"gamma_bin"
"gamma_bin_7.50_5.44","vary_sd",5.44,0.6,FALSE,56,0.750444909156983,0.71969198205005,0.041286133983229,0.89,0.0779979026923668,-0.0307529271069326,"gamma_bin"
"gamma_bin_7.50_5.44","vary_sd",5.44,0.6,FALSE,57,0.713559496047443,0.667894324676998,0.0409230907990816,0.77,0.0766839983971314,-0.0456651713704452,"gamma_bin"
"gamma_bin_7.50_5.44","vary_sd",5.44,0.6,FALSE,58,0.492127182876667,0.464505801028205,0.0324932341993367,0.87,0.0653846544938051,-0.0276213818484621,"gamma_bin"
"gamma_bin_7.50_5.44","vary_sd",5.44,0.6,FALSE,59,0.488121905081673,0.465478895207633,0.0385859644559582,0.87,0.0673870323255323,-0.0226430098740401,"gamma_bin"
"gamma_bin_7.50_5.44","vary_sd",5.44,0.6,FALSE,60,0.671861168143052,0.67359619671799,0.041504623184345,0.97,0.0838714722721852,0.00173502857493812,"gamma_bin"
"gamma_bin_7.50_5.44","vary_sd",5.44,0.6,FALSE,61,0.791762464983911,0.797761367435759,0.047598550258523,0.96,0.0940129967471766,0.00599890245184787,"gamma_bin"
"gamma_bin_7.50_5.44","vary_sd",5.44,0.6,FALSE,62,0.652922492639065,0.648257619999093,0.0473103371364513,0.93,0.0867722061465749,-0.00466487263997162,"gamma_bin"
"gamma_bin_7.50_5.44","vary_sd",5.44,0.6,FALSE,63,0.613891069127135,0.594579094401447,0.0431749938720445,0.94,0.0852172040333024,-0.0193119747256877,"gamma_bin"
"gamma_bin_7.50_5.44","vary_sd",5.44,0.6,FALSE,64,0.747174650317661,0.724361262633204,0.0515353801214838,0.93,0.0966794086279339,-0.0228133876844571,"gamma_bin"
"gamma_bin_7.50_5.44","vary_sd",5.44,0.6,FALSE,65,0.706701130088712,0.689355471930204,0.0446492320538144,0.97,0.0967289710344061,-0.0173456581585082,"gamma_bin"
"gamma_bin_7.50_5.44","vary_sd",5.44,0.6,FALSE,66,0.51187393654748,0.496370741158726,0.0396167395648217,0.95,0.0841246644414229,-0.0155031953887539,"gamma_bin"
"gamma_bin_7.50_5.44","vary_sd",5.44,0.6,FALSE,67,0.670601402325688,0.652822541595087,0.0495938783231584,0.97,0.0993743789277282,-0.0177788607306008,"gamma_bin"
"gamma_bin_7.50_5.44","vary_sd",5.44,0.6,FALSE,68,1.17253163081397,1.14851030143834,0.0672136980269318,0.94,0.13554312706596,-0.0240213293756333,"gamma_bin"
"gamma_bin_7.50_5.44","vary_sd",5.44,0.6,FALSE,69,1.09882955126721,1.03542615481183,0.0665180545083803,0.87,0.130211358447239,-0.0634033964553788,"gamma_bin"
"gamma_bin_7.50_5.44","vary_sd",5.44,0.6,FALSE,70,0.864010024055233,0.797251753745288,0.0489520332467843,0.83,0.115051022029166,-0.0667582703099451,"gamma_bin"
"gamma_bin_7.50_5.44","vary_sd",5.44,0.6,FALSE,71,0.715098113998147,0.65955530313061,0.0510690378072847,0.82,0.105737375153143,-0.0555428108675365,"gamma_bin"
"gamma_bin_7.50_5.44","vary_sd",5.44,0.6,FALSE,72,0.5778146754347,0.55668730735318,0.0547670425401663,0.88,0.0986929138164796,-0.0211273680815198,"gamma_bin"
"gamma_bin_7.50_5.44","vary_sd",5.44,0.6,FALSE,73,0.968098548670386,0.9637521017134,0.0697501463531983,0.96,0.132947243445017,-0.00434644695698627,"gamma_bin"
"gamma_bin_7.50_5.44","vary_sd",5.44,0.6,FALSE,74,0.655349167508219,0.660782497372817,0.0569981236503747,0.98,0.111641461583059,0.00543332986459832,"gamma_bin"
"gamma_bin_7.50_5.44","vary_sd",5.44,0.6,FALSE,75,0.59977224361632,0.592658876186239,0.0636226306560046,0.9,0.10765204399454,-0.00711336743008095,"gamma_bin"
"gamma_bin_7.50_5.44","vary_sd",5.44,0.6,FALSE,76,0.795810456805532,0.812420803270257,0.0683764145346046,0.9,0.128994780947873,0.016610346464725,"gamma_bin"
"gamma_bin_7.50_5.44","vary_sd",5.44,0.6,FALSE,77,0.873668877519834,0.891915803959843,0.0686409997559631,0.96,0.137842565068169,0.0182469264400095,"gamma_bin"
"gamma_bin_7.50_5.44","vary_sd",5.44,0.6,FALSE,78,0.655524310026793,0.66005364707766,0.0616013582828661,0.95,0.120313515023962,0.00452933705086744,"gamma_bin"
"gamma_bin_7.50_5.44","vary_sd",5.44,0.6,FALSE,79,0.810623636163075,0.801737170467913,0.057754314651917,1,0.135185838281599,-0.00888646569516216,"gamma_bin"
"gamma_bin_7.50_5.44","vary_sd",5.44,0.6,FALSE,80,0.610456557383718,0.620362430124116,0.0617040869652796,0.96,0.120944509477587,0.00990587274039822,"gamma_bin"
"gamma_bin_7.50_5.44","vary_sd",5.44,0.6,FALSE,81,0.859858611274139,0.854539381979219,0.0771801000494979,0.94,0.145070722577356,-0.00531922929492046,"gamma_bin"
"gamma_bin_7.50_5.44","vary_sd",5.44,0.6,FALSE,82,0.71793472208637,0.70991463109384,0.0673373825713113,0.96,0.134417125414965,-0.00802009099252987,"gamma_bin"
"gamma_bin_7.50_5.44","vary_sd",5.44,0.6,FALSE,83,0.992203959261976,0.974094570217574,0.0850060706111762,0.94,0.160356315565364,-0.0181093890444017,"gamma_bin"
"gamma_bin_7.50_5.44","vary_sd",5.44,0.6,FALSE,84,1.12541562776308,1.1177118838764,0.090892495007646,0.97,0.173864046251156,-0.00770374388667605,"gamma_bin"
"gamma_bin_7.50_5.44","vary_sd",5.44,0.6,FALSE,85,0.719081428835968,0.681730468936365,0.0729895448167514,0.89,0.136231882223965,-0.0373509598996034,"gamma_bin"
"gamma_bin_7.50_5.44","vary_sd",5.44,0.6,FALSE,86,0.84752493125734,0.828996936365693,0.0776340606735064,0.93,0.152141483071619,-0.0185279948916465,"gamma_bin"
"gamma_bin_7.50_5.44","vary_sd",5.44,0.6,FALSE,87,0.855021916180829,0.838079458664704,0.0717962372718798,0.97,0.154853893772091,-0.0169424575161251,"gamma_bin"
"gamma_bin_7.50_5.44","vary_sd",5.44,0.6,FALSE,88,1.05231211723794,1.04161615352285,0.101418817449377,0.92,0.174603959464422,-0.0106959637150856,"gamma_bin"
"gamma_bin_7.50_5.44","vary_sd",5.44,0.6,FALSE,89,0.736245763604483,0.713832956742901,0.0670095795997167,0.98,0.145359069329233,-0.0224128068615818,"gamma_bin"
"gamma_bin_7.50_5.44","vary_sd",5.44,0.6,FALSE,90,0.910435800275709,0.8960336343101,0.0874150263396036,0.91,0.164823416850188,-0.0144021659656092,"gamma_bin"
"gamma_bin_7.50_5.44","vary_sd",5.44,0.6,FALSE,91,0.875373992276142,0.874722477590445,0.0707022605345938,0.98,0.164510765351355,-0.000651514685696686,"gamma_bin"
"gamma_bin_7.50_5.44","vary_sd",5.44,0.6,FALSE,92,1.13308580158326,1.12568641105831,0.090817086574972,0.95,0.188463619776899,-0.00739939052495409,"gamma_bin"
"gamma_bin_7.50_5.44","vary_sd",5.44,0.6,FALSE,93,0.779622317935819,0.766873666650853,0.0887501797936157,0.9,0.155792219834212,-0.0127486512849657,"gamma_bin"
"gamma_bin_7.50_5.44","vary_sd",5.44,0.6,FALSE,94,0.738590807925372,0.725196067782105,0.0720342036222149,0.96,0.152834040801233,-0.0133947401432672,"gamma_bin"
"gamma_bin_7.50_5.44","vary_sd",5.44,0.6,FALSE,95,0.736386067431423,0.744603817424446,0.0795934099728935,0.95,0.15686699524552,0.00821774999302338,"gamma_bin"
"gamma_bin_7.50_5.44","vary_sd",5.44,0.6,FALSE,96,0.940470991453404,0.978239120177936,0.0990514885543876,0.93,0.182496175298066,0.0377681287245322,"gamma_bin"
"gamma_bin_7.50_5.44","vary_sd",5.44,0.6,FALSE,97,0.92681020267862,0.957194388417274,0.089719045281324,0.95,0.182282941091309,0.0303841857386536,"gamma_bin"
"gamma_bin_7.50_5.44","vary_sd",5.44,0.6,FALSE,98,0.805264800704658,0.792634515704904,0.0888676907925695,0.94,0.166917802495049,-0.0126302849997539,"gamma_bin"
"gamma_bin_7.50_5.44","vary_sd",5.44,0.6,FALSE,99,0.96897608307621,0.974388742931603,0.0909614153078818,0.95,0.187091638586638,0.00541265985539341,"gamma_bin"
"gamma_bin_7.50_5.44","vary_sd",5.44,0.6,FALSE,100,0.483332995262756,0.481758292350242,0.0624508394050411,0.99,0.132432977524063,-0.00157470291251399,"gamma_bin"
"gamma_bin_7.50_5.44","vary_sd",5.44,0.6,FALSE,101,0.66077716283239,0.673354453780792,0.0755334761079273,0.94,0.159759793490202,0.0125772909484017,"gamma_bin"
"gamma_bin_7.50_5.44","vary_sd",5.44,0.6,FALSE,102,0.655745239910364,0.677817936175742,0.0822991893555717,0.98,0.163653340771816,0.0220726962653778,"gamma_bin"
"gamma_bin_7.50_5.44","vary_sd",5.44,0.6,FALSE,103,1.19599908198214,1.2466233167086,0.103985951885112,0.94,0.227005740947273,0.0506242347264609,"gamma_bin"
"gamma_bin_7.50_5.44","vary_sd",5.44,0.6,FALSE,104,1.52020654998133,1.52340587792132,0.133944015626724,0.95,0.252276822594139,0.00319932793998712,"gamma_bin"
"gamma_bin_7.50_5.44","vary_sd",5.44,0.6,FALSE,105,1.10303826313934,1.04382596047943,0.129142115059798,0.9,0.206232354976622,-0.0592123026599116,"gamma_bin"
"gamma_bin_7.50_5.44","vary_sd",5.44,0.6,FALSE,106,0.895258886773757,0.838636429052886,0.0891833337500937,0.94,0.18369499164996,-0.0566224577208708,"gamma_bin"
"gamma_bin_7.50_5.44","vary_sd",5.44,0.6,FALSE,107,0.603016892421566,0.568633373437854,0.0732140523525973,0.95,0.15143310133058,-0.0343835189837121,"gamma_bin"
"gamma_bin_7.50_5.44","vary_sd",5.44,0.6,FALSE,108,1.07762321196894,1.06865084351089,0.113842315458555,0.97,0.210479267857976,-0.00897236845804517,"gamma_bin"
"gamma_bin_7.50_5.44","vary_sd",5.44,0.6,FALSE,109,1.67936751135944,1.7104004253862,0.131749873088025,0.97,0.26788860734829,0.0310329140267622,"gamma_bin"
"gamma_bin_7.50_5.44","vary_sd",5.44,0.6,FALSE,110,0.778512854791425,0.771316054879882,0.101422057520829,0.94,0.176655281140875,-0.00719679991154298,"gamma_bin"
"gamma_bin_7.50_5.44","vary_sd",5.44,0.6,FALSE,111,0.992005341124613,0.951894254929349,0.0940464581651638,0.94,0.196053294596813,-0.0401110861952643,"gamma_bin"
"gamma_bin_7.50_5.44","vary_sd",5.44,0.6,FALSE,112,1.07688074493023,1.06994396059105,0.100847904446101,0.96,0.207943577924856,-0.00693678433918321,"gamma_bin"
"gamma_bin_7.50_5.44","vary_sd",5.44,0.6,FALSE,113,0.702400819858529,0.709156949355369,0.0949871224999583,0.91,0.168813402386739,0.00675612949684046,"gamma_bin"
"gamma_bin_7.50_5.44","vary_sd",5.44,0.6,FALSE,114,0.976066509197994,0.99241790099173,0.120596147838412,0.87,0.201327729193579,0.0163513917937362,"gamma_bin"
"gamma_bin_7.50_5.44","vary_sd",5.44,0.6,FALSE,115,1.23867756628513,1.29040179452712,0.113325501783174,0.93,0.230802467312881,0.0517242282419885,"gamma_bin"
"gamma_bin_7.50_5.44","vary_sd",5.44,0.6,FALSE,116,1.16180338965973,1.17080731509727,0.119256682171502,0.95,0.21845096640099,0.00900392543754247,"gamma_bin"
"gamma_bin_7.50_5.44","vary_sd",5.44,0.6,FALSE,117,1.19462029108814,1.17093490659162,0.122638561159575,0.92,0.21686326269516,-0.0236853844965175,"gamma_bin"
"gamma_bin_7.50_5.44","vary_sd",5.44,0.6,FALSE,118,1.16321995780671,1.14381454218248,0.105288070335984,0.92,0.212453448419465,-0.0194054156242285,"gamma_bin"
"gamma_bin_7.50_5.44","vary_sd",5.44,0.6,FALSE,119,1.07032628214879,1.0277453256009,0.113735054117533,0.92,0.199542356401478,-0.0425809565478938,"gamma_bin"
"gamma_bin_7.50_5.44","vary_sd",5.44,0.6,FALSE,120,0.877757633134012,0.857284421298124,0.0915581358697943,0.96,0.181329709821089,-0.0204732118358883,"gamma_bin"
"gamma_bin_7.50_5.44","vary_sd",5.44,0.6,FALSE,121,1.36755731263547,1.36131148723006,0.115305388061781,0.95,0.228840456671282,-0.00624582540541363,"gamma_bin"
"gamma_bin_7.50_5.44","vary_sd",5.44,0.6,FALSE,122,0.835796444244159,0.840192956751968,0.0948833749216117,0.94,0.177953353088291,0.00439651250780904,"gamma_bin"
"gamma_bin_7.50_5.44","vary_sd",5.44,0.6,FALSE,123,1.26724551805682,1.29085280428263,0.110867717764812,0.95,0.220792748362153,0.023607286225809,"gamma_bin"
"gamma_bin_7.50_5.44","vary_sd",5.44,0.6,FALSE,124,0.969129898643769,0.979884266370115,0.0897376530648252,0.98,0.190621540754951,0.0107543677263457,"gamma_bin"
"gamma_bin_7.50_5.44","vary_sd",5.44,0.6,FALSE,125,0.847338782890042,0.863980065789248,0.0947177986816788,0.92,0.178152558665137,0.0166412828992056,"gamma_bin"
"gamma_bin_7.50_5.44","vary_sd",5.44,0.6,FALSE,126,0.715564882412269,0.738138856253425,0.0830182903761763,0.94,0.165065111452192,0.0225739738411559,"gamma_bin"
"gamma_bin_7.50_5.44","vary_sd",5.44,0.6,FALSE,127,0.94782383341486,0.991842380733999,0.104853352000893,0.92,0.193034813971634,0.0440185473191388,"gamma_bin"
"gamma_bin_7.50_5.44","vary_sd",5.44,0.6,FALSE,128,0.685081694959754,0.726285896031736,0.0755931153871635,0.94,0.16620302981879,0.0412042010719821,"gamma_bin"
"gamma_bin_7.50_5.44","vary_sd",5.44,0.6,FALSE,129,0.940719567434955,0.992369671783059,0.0907468250730414,0.95,0.196273465564485,0.0516501043481041,"gamma_bin"
"gamma_bin_7.50_5.44","vary_sd",5.44,0.6,FALSE,130,0.882735861931285,0.920777554682731,0.0985007532480055,0.94,0.190265716843685,0.0380416927514459,"gamma_bin"
"gamma_bin_7.50_5.44","vary_sd",5.44,0.6,FALSE,131,0.908592867608554,0.951755042889305,0.0938090444129518,0.96,0.194698255695146,0.0431621752807506,"gamma_bin"
"gamma_bin_7.50_5.44","vary_sd",5.44,0.6,FALSE,132,0.919571358645804,0.935580418982972,0.0892541000142777,0.99,0.194010115295107,0.0160090603371681,"gamma_bin"
"gamma_bin_7.50_5.44","vary_sd",5.44,0.6,FALSE,133,0.772870216905444,0.754596998227574,0.083153263287317,0.96,0.17510237641201,-0.0182732186778698,"gamma_bin"
"gamma_bin_7.50_5.44","vary_sd",5.44,0.6,FALSE,134,0.850110615604727,0.868783539347105,0.0938559666418939,0.93,0.189824112528046,0.0186729237423775,"gamma_bin"
"gamma_bin_7.50_5.44","vary_sd",5.44,0.6,FALSE,135,0.784750966748685,0.802969693777578,0.0986653847321049,0.94,0.184238692931046,0.0182187270288928,"gamma_bin"
"gamma_bin_7.50_5.44","vary_sd",5.44,0.6,FALSE,136,0.974669466757976,0.986486008225892,0.117001934013999,0.91,0.206524681586848,0.011816541467916,"gamma_bin"
"gamma_bin_7.50_5.44","vary_sd",5.44,0.6,FALSE,137,0.984151011066472,0.995073065986953,0.104859700687657,0.93,0.209204420340659,0.0109220549204808,"gamma_bin"
"gamma_bin_7.50_5.44","vary_sd",5.44,0.6,FALSE,138,1.1907508581573,1.16998039377823,0.123414415328968,0.95,0.227538516055212,-0.0207704643790656,"gamma_bin"
"gamma_bin_7.50_5.44","vary_sd",5.44,0.6,FALSE,139,1.38368582408824,1.3573538740689,0.126708620659673,0.93,0.244637994672131,-0.0263319500193393,"gamma_bin"
"gamma_bin_7.50_5.44","vary_sd",5.44,0.6,FALSE,140,0.815817246340058,0.774898973314884,0.101291443342691,0.9,0.182649256718751,-0.0409182730251745,"gamma_bin"
"gamma_bin_7.50_5.44","vary_sd",5.44,0.6,FALSE,141,0.948708845408202,0.915741405099646,0.0963965452638909,0.93,0.199007889163313,-0.0329674403085558,"gamma_bin"
"gamma_bin_7.50_5.44","vary_sd",5.44,0.6,FALSE,142,0.887913521021147,0.882270371722922,0.095169907655401,0.95,0.195935041728577,-0.00564314929822451,"gamma_bin"
"gamma_bin_7.50_5.44","vary_sd",5.44,0.6,FALSE,143,1.33195215209727,1.35602005301604,0.122007092447756,0.96,0.244110229310066,0.0240679009187716,"gamma_bin"
"gamma_bin_7.50_5.44","vary_sd",5.44,0.6,FALSE,144,1.33130915175386,1.31249243591282,0.120055613755364,0.96,0.238348469284856,-0.0188167158410388,"gamma_bin"
"gamma_bin_7.50_5.44","vary_sd",5.44,0.6,FALSE,145,1.36040954450305,1.32529852489296,0.112420991496729,0.97,0.236556923853493,-0.0351110196100859,"gamma_bin"
"gamma_bin_7.50_5.44","vary_sd",5.44,0.6,FALSE,146,1.03071516120352,0.983190568106498,0.0933218331997327,0.92,0.200556454367452,-0.047524593097022,"gamma_bin"
"gamma_bin_7.50_5.44","vary_sd",5.44,0.6,FALSE,147,1.01542687773298,0.980721453098407,0.0973169259752011,0.96,0.198748641416007,-0.0347054246345727,"gamma_bin"
"gamma_bin_7.50_5.44","vary_sd",5.44,0.6,FALSE,148,0.918038272830281,0.906511807127068,0.0940015648581967,0.96,0.190599857304571,-0.0115264657032135,"gamma_bin"
"gamma_bin_7.50_5.44","vary_sd",5.44,0.6,FALSE,149,0.795403147880171,0.809629235678357,0.0927825332149329,0.97,0.1800909138519,0.0142260877981865,"gamma_bin"
"gamma_bin_7.50_5.44","vary_sd",5.44,0.6,FALSE,150,0.947076494147123,0.978141116355508,0.108239898328448,0.94,0.19906784456759,0.0310646222083848,"gamma_bin"
"gamma_bin_7.50_5.44","vary_sd",5.44,0.6,FALSE,151,0.838902415667924,0.883040999187659,0.0957059701975487,0.91,0.189903910740887,0.044138583519735,"gamma_bin"
"gamma_bin_7.50_5.44","vary_sd",5.44,0.6,FALSE,152,1.10280245382765,1.16993219764362,0.102185029692772,0.9,0.220042992604959,0.0671297438159677,"gamma_bin"
"gamma_bin_7.50_5.44","vary_sd",5.44,0.6,FALSE,153,1.09815440539428,1.11315338168265,0.0998677544009356,0.96,0.214204805233184,0.0149989762883675,"gamma_bin"
"gamma_bin_7.50_5.44","vary_sd",5.44,0.6,FALSE,154,0.933699509626363,0.920342988406502,0.111834944530425,0.93,0.194002872251252,-0.0133565212198609,"gamma_bin"
"gamma_bin_7.50_5.44","vary_sd",5.44,0.6,FALSE,155,0.677259462566555,0.673012417047954,0.0783854650493743,0.97,0.165913971347061,-0.00424704551860122,"gamma_bin"
"gamma_bin_7.50_5.44","vary_sd",5.44,0.6,FALSE,156,0.794318325784725,0.819800852552986,0.0923801143529221,0.94,0.18511792469212,0.0254825267682607,"gamma_bin"
"gamma_bin_7.50_5.44","vary_sd",5.44,0.6,FALSE,157,0.863129045133472,0.899644243714023,0.0999586514042002,0.94,0.196034390262071,0.0365151985805509,"gamma_bin"
"gamma_bin_7.50_5.44","vary_sd",5.44,0.6,FALSE,158,1.2121292060572,1.25381922166828,0.133521291936145,0.91,0.233543266505728,0.0416900156110807,"gamma_bin"
"gamma_bin_7.50_5.44","vary_sd",5.44,0.6,FALSE,159,1.02410099479473,1.02424810356325,0.104837619810164,0.94,0.210647170361181,0.000147108768524973,"gamma_bin"
"gamma_bin_7.50_5.44","vary_sd",5.44,0.6,FALSE,160,0.905625417711481,0.891322033896025,0.0981095119894657,0.94,0.196218049886516,-0.0143033838154556,"gamma_bin"
"gamma_bin_7.50_5.44","vary_sd",5.44,0.6,FALSE,161,0.911623484707899,0.924180296057238,0.0982175610110759,0.95,0.200367705905697,0.0125568113493393,"gamma_bin"
"gamma_bin_7.50_5.44","vary_sd",5.44,0.6,FALSE,162,0.854314364398061,0.856715228026766,0.0949500419480736,0.94,0.1937104350269,0.0024008636287054,"gamma_bin"
"gamma_bin_7.50_5.44","vary_sd",5.44,0.6,FALSE,163,0.939538506142908,0.957014603627925,0.105693862975611,0.94,0.20604643874517,0.0174760974850171,"gamma_bin"
"gamma_bin_7.50_5.44","vary_sd",5.44,0.6,FALSE,164,0.804264811038419,0.82555489469139,0.103393237130208,0.96,0.192359956394208,0.0212900836529715,"gamma_bin"
"gamma_bin_7.50_5.44","vary_sd",5.44,0.6,FALSE,165,1.00142358506205,1.01543591225577,0.104389875235858,0.97,0.214968530461162,0.0140123271937154,"gamma_bin"
"gamma_bin_7.50_5.44","vary_sd",5.44,0.6,FALSE,166,1.22258511650756,1.2492157337948,0.100733547120817,0.98,0.239582602048413,0.0266306172872388,"gamma_bin"
"gamma_bin_7.50_5.44","vary_sd",5.44,0.6,FALSE,167,0.797785743145654,0.792413119680501,0.0936426898064823,0.96,0.18981217145445,-0.00537262346515333,"gamma_bin"
"gamma_bin_7.50_5.44","vary_sd",5.44,0.6,FALSE,168,1.1498418409574,1.14776378721543,0.116088532947977,0.94,0.229344777447645,-0.00207805374197201,"gamma_bin"
"gamma_bin_7.50_5.44","vary_sd",5.44,0.6,FALSE,169,0.760349335694062,0.732067219118537,0.0928588504013213,0.94,0.182919000527258,-0.0282821165755253,"gamma_bin"
"gamma_bin_7.50_5.44","vary_sd",5.44,0.6,FALSE,170,1.37423882796411,1.37714289265156,0.115687398016142,0.97,0.252578608254883,0.00290406468744608,"gamma_bin"
"gamma_bin_7.50_5.44","vary_sd",5.44,0.6,FALSE,171,0.879916177740953,0.868258284093187,0.105069393452065,0.95,0.199230653304562,-0.0116578936477664,"gamma_bin"
"gamma_bin_7.50_5.44","vary_sd",5.44,0.6,FALSE,172,1.40469809778524,1.38340050218933,0.11413502696318,0.96,0.251514985948997,-0.0212975955959143,"gamma_bin"
"gamma_bin_7.50_5.44","vary_sd",5.44,0.6,FALSE,173,0.919193657171105,0.897887424729458,0.0912683892038276,0.96,0.200480557851038,-0.0213062324416474,"gamma_bin"
"gamma_bin_7.50_5.44","vary_sd",5.44,0.6,FALSE,174,0.923156528563282,0.924102367972587,0.106938025382954,0.94,0.202977324807927,0.000945839409304705,"gamma_bin"
"gamma_bin_7.50_5.44","vary_sd",5.44,0.6,FALSE,175,1.03837120055872,1.03114491529456,0.119665059288421,0.94,0.21438311272068,-0.00722628526415536,"gamma_bin"
"gamma_bin_7.50_5.44","vary_sd",5.44,0.6,FALSE,176,0.998550191051843,1.01250002432698,0.122281896061237,0.94,0.212441648323843,0.0139498332751403,"gamma_bin"
"gamma_bin_7.50_5.44","vary_sd",5.44,0.6,FALSE,177,1.0672490953256,1.07590312177269,0.112534970045628,0.96,0.21896849287409,0.0086540264470889,"gamma_bin"
"gamma_bin_7.50_5.44","vary_sd",5.44,0.6,FALSE,178,0.796488943635566,0.794056700528713,0.0993769289415754,0.95,0.18765987250832,-0.00243224310685253,"gamma_bin"
"gamma_bin_7.50_5.44","vary_sd",5.44,0.6,FALSE,179,1.19853631620291,1.2189807678257,0.118237446220582,0.96,0.233741291317074,0.0204444516227906,"gamma_bin"
"gamma_bin_7.50_5.44","vary_sd",5.44,0.6,FALSE,180,1.18742234445089,1.21067529613779,0.118709384219383,0.94,0.232113076196425,0.0232529516869029,"gamma_bin"
"gamma_bin_7.50_5.44","vary_sd",5.44,0.6,FALSE,181,1.49419822100474,1.48764025632077,0.129085921855315,0.95,0.255394322238742,-0.00655796468397241,"gamma_bin"
"gamma_bin_7.50_5.44","vary_sd",5.44,0.6,FALSE,182,1.51569971274724,1.44802955055668,0.132427359290395,0.9,0.247390787386538,-0.0676701621905642,"gamma_bin"
"gamma_bin_7.50_5.44","vary_sd",5.44,0.6,FALSE,183,0.993078083144793,0.933891378773825,0.110744381831187,0.88,0.194228544354443,-0.0591867043709684,"gamma_bin"
"gamma_bin_7.50_5.44","vary_sd",5.44,0.6,FALSE,184,0.900895179433443,0.88462644485166,0.0966739471065719,0.96,0.187315598313786,-0.0162687345817826,"gamma_bin"
"gamma_bin_7.50_5.44","vary_sd",5.44,0.6,FALSE,185,0.823216514722493,0.812654209840807,0.0823083213478509,0.99,0.179175960519295,-0.0105623048816856,"gamma_bin"
"gamma_bin_7.50_5.44","vary_sd",5.44,0.6,FALSE,186,1.22622352517845,1.26773327564012,0.103224238878244,0.94,0.225025151574094,0.0415097504616735,"gamma_bin"
"gamma_bin_7.50_5.44","vary_sd",5.44,0.6,FALSE,187,0.917485344129662,0.942503402991324,0.100080347683774,0.94,0.192847775309645,0.0250180588616616,"gamma_bin"
"gamma_bin_7.50_5.44","vary_sd",5.44,0.6,FALSE,188,1.14600718978611,1.18346900782208,0.105328631310469,0.97,0.215805403872512,0.0374618180359745,"gamma_bin"
"gamma_bin_7.50_5.44","vary_sd",5.44,0.6,FALSE,189,1.15017955401154,1.14635188387862,0.110965131580578,0.96,0.211167336897182,-0.00382767013291896,"gamma_bin"
"gamma_bin_7.50_5.44","vary_sd",5.44,0.6,FALSE,190,1.13787761403339,1.11999647609955,0.114648794831021,0.92,0.207122591553374,-0.0178811379338384,"gamma_bin"
"gamma_bin_7.50_5.44","vary_sd",5.44,0.6,FALSE,191,1.77820774658985,1.76028710830033,0.133743252882972,0.94,0.257945387947241,-0.017920638289517,"gamma_bin"
"gamma_bin_7.50_5.44","vary_sd",5.44,0.6,FALSE,192,1.12621869533816,1.07743344099447,0.101211685660125,0.9,0.196732579043607,-0.0487852543436902,"gamma_bin"
"gamma_bin_7.50_5.44","vary_sd",5.44,0.6,FALSE,193,1.63142687231341,1.5378110015192,0.114566382986691,0.92,0.231489643525386,-0.0936158707942085,"gamma_bin"
"gamma_bin_7.50_5.44","vary_sd",5.44,0.6,FALSE,194,1.9613208229511,1.85553540396316,0.140447580504176,0.85,0.248331039771597,-0.105785418987944,"gamma_bin"
"gamma_bin_7.50_5.44","vary_sd",5.44,0.6,FALSE,195,1.62644217295684,1.4995060981097,0.126731265021438,0.77,0.215204503539201,-0.126936074847143,"gamma_bin"
"gamma_bin_7.50_5.44","vary_sd",5.44,0.6,FALSE,196,1.22114876712024,1.11279580277051,0.0875466654160575,0.77,0.179412303029381,-0.108352964349727,"gamma_bin"
"gamma_bin_7.50_5.44","vary_sd",5.44,0.6,FALSE,197,1.08512340553335,1.04834745945783,0.0881663104184147,0.92,0.170819405322352,-0.0367759460755248,"gamma_bin"
"gamma_bin_7.50_5.44","vary_sd",5.44,0.6,FALSE,198,1.22271087570671,1.21733778621734,0.0842605978667242,0.95,0.181794815673828,-0.00537308948937043,"gamma_bin"
"gamma_bin_7.50_5.44","vary_sd",5.44,0.6,FALSE,199,1.2960340351298,1.33909762058418,0.095294515378881,0.92,0.188164462918181,0.0430635854543753,"gamma_bin"
"gamma_bin_7.50_5.44","vary_sd",5.44,0.6,FALSE,200,1.66920711624072,1.71893777095436,0.109829281886409,0.91,0.209641035746407,0.0497306547136376,"gamma_bin"
"gamma_bin_7.50_5.44","vary_sd",5.44,0.6,FALSE,201,1.16940768861372,1.15384318108154,0.082912176663835,0.96,0.1667161765627,-0.0155645075321762,"gamma_bin"
"gamma_bin_7.50_5.44","vary_sd",5.44,0.6,FALSE,202,1.0787760344722,1.07783743199981,0.0818208431144959,0.98,0.158009387721995,-0.000938602472385419,"gamma_bin"
"gamma_bin_7.50_5.44","vary_sd",5.44,0.6,FALSE,203,0.894614924502778,0.887163521915608,0.0746351204025636,0.96,0.141574371269022,-0.00745140258717003,"gamma_bin"
"gamma_bin_7.50_5.44","vary_sd",5.44,0.6,FALSE,204,0.818936942727194,0.842760951883904,0.0626212357467384,0.96,0.137447752150703,0.0238240091567105,"gamma_bin"
"gamma_bin_7.50_5.44","vary_sd",5.44,0.6,FALSE,205,0.966688195947552,1.02394477437509,0.0829256582445681,0.87,0.151834819009886,0.0572565784275378,"gamma_bin"
"gamma_bin_7.50_5.44","vary_sd",5.44,0.6,FALSE,206,0.735602657677609,0.778356988453048,0.0642660150688596,0.89,0.132468816147123,0.0427543307754393,"gamma_bin"
"gamma_bin_7.50_5.44","vary_sd",5.44,0.6,FALSE,207,0.854906249805799,0.917191790327158,0.0798373537909403,0.82,0.144708366347348,0.0622855405213587,"gamma_bin"
"gamma_bin_7.50_5.44","vary_sd",5.44,0.6,FALSE,208,1.18360616945073,1.25608796262907,0.0853184654257621,0.88,0.170452639231626,0.0724817931783375,"gamma_bin"
"gamma_bin_7.50_5.44","vary_sd",5.44,0.6,FALSE,209,1.4602885501346,1.4905397991386,0.0946079501299237,0.95,0.184775460736739,0.0302512490039983,"gamma_bin"
"gamma_bin_7.50_5.44","vary_sd",5.44,0.6,FALSE,210,0.828346816490767,0.805763726735725,0.0737244745897035,0.9,0.133675472729701,-0.0225830897550419,"gamma_bin"
"gamma_bin_7.50_5.44","vary_sd",5.44,0.6,FALSE,211,0.945514704257119,0.917029176890532,0.0642979175176804,0.96,0.14229103625557,-0.0284855273665873,"gamma_bin"
"gamma_bin_7.50_5.44","vary_sd",5.44,0.6,FALSE,212,0.790503634328223,0.785894526641068,0.0686163094810978,0.93,0.131802639820592,-0.00460910768715539,"gamma_bin"
"gamma_bin_7.50_5.44","vary_sd",5.44,0.6,FALSE,213,1.43200091428725,1.45926507727052,0.084024639309183,0.96,0.180956149892034,0.0272641629832735,"gamma_bin"
"gamma_bin_7.50_5.44","vary_sd",5.44,0.6,FALSE,214,1.11427471246835,1.10142689271921,0.0698729505198408,0.97,0.155637817991189,-0.0128478197491382,"gamma_bin"
"gamma_bin_7.50_5.44","vary_sd",5.44,0.6,FALSE,215,1.11570572194133,1.11598408456041,0.0815642396093571,0.94,0.155393075894778,0.00027836261907721,"gamma_bin"
"gamma_bin_7.50_5.44","vary_sd",5.44,0.6,FALSE,216,1.45325455274622,1.42138515102249,0.089099200192312,0.94,0.174038673117991,-0.0318694017237253,"gamma_bin"
"gamma_bin_7.50_5.44","vary_sd",5.44,0.6,FALSE,217,1.1420513438864,1.08418937612213,0.082643794215838,0.82,0.149487130100462,-0.0578619677642662,"gamma_bin"
"gamma_bin_7.50_5.44","vary_sd",5.44,0.6,FALSE,218,0.657956194341687,0.643326121128316,0.0612640490625593,0.94,0.113875014711544,-0.0146300732133708,"gamma_bin"
"gamma_bin_7.50_5.44","vary_sd",5.44,0.6,FALSE,219,1.37055796530381,1.38081866933823,0.0848322874019596,0.97,0.167702443270901,0.0102607040344198,"gamma_bin"
"gamma_bin_7.50_5.44","vary_sd",5.44,0.6,FALSE,220,1.1217671045533,1.13481986415395,0.0824690166918331,0.91,0.150639085676462,0.0130527596006524,"gamma_bin"
"gamma_bin_7.50_5.44","vary_sd",5.44,0.6,FALSE,221,1.82148085595811,1.83055665237306,0.0986206754929462,0.95,0.189698945262582,0.00907579641494971,"gamma_bin"
"gamma_bin_7.50_5.44","vary_sd",5.44,0.6,FALSE,222,1.47820728190538,1.41829510410314,0.0809887776927084,0.88,0.162349961560433,-0.0599121778022413,"gamma_bin"
"gamma_bin_7.50_5.44","vary_sd",5.44,0.6,FALSE,223,1.22912323671868,1.15154916764897,0.0775945508032515,0.83,0.142385076738877,-0.0775740690697122,"gamma_bin"
"gamma_bin_7.50_5.44","vary_sd",5.44,0.6,FALSE,224,1.39166921706407,1.31414864499214,0.0709230033913257,0.84,0.149473254842259,-0.0775205720719268,"gamma_bin"
"gamma_bin_7.50_5.44","vary_sd",5.44,0.6,FALSE,225,1.02692395020016,0.995714405423655,0.0606101214285182,0.96,0.127741348959276,-0.031209544776505,"gamma_bin"
"gamma_bin_7.50_5.44","vary_sd",5.44,0.6,FALSE,226,0.944469227223,0.940558204153389,0.0651199661765806,0.92,0.122843352579912,-0.00391102306961089,"gamma_bin"
"gamma_bin_7.50_5.44","vary_sd",5.44,0.6,FALSE,227,0.882935394281871,0.896312114291552,0.0613397794094937,0.97,0.119447794345362,0.0133767200096806,"gamma_bin"
"gamma_bin_7.50_5.44","vary_sd",5.44,0.6,FALSE,228,1.25451332375843,1.32692072448614,0.0706324333279631,0.85,0.145460040912855,0.0724074007277111,"gamma_bin"
"gamma_bin_7.50_5.44","vary_sd",5.44,0.6,FALSE,229,1.46482234027448,1.52458108284068,0.0783405640068381,0.91,0.154480152716166,0.0597587425661974,"gamma_bin"
"gamma_bin_7.50_5.44","vary_sd",5.44,0.6,FALSE,230,1.51066180760486,1.50618274828412,0.0832560876050669,0.92,0.15049550049098,-0.00447905932073889,"gamma_bin"
"gamma_bin_7.50_5.44","vary_sd",5.44,0.6,FALSE,231,1.76123960010775,1.6742024676652,0.0791798856002905,0.78,0.154810985937643,-0.0870371324425492,"gamma_bin"
"gamma_bin_7.50_5.44","vary_sd",5.44,0.6,FALSE,232,1.40610248726795,1.30551855442762,0.0625881822961322,0.68,0.132400105215085,-0.100583932840332,"gamma_bin"
"gamma_bin_7.50_5.44","vary_sd",5.44,0.6,FALSE,233,1.50839208568838,1.42158556573809,0.0611570788371612,0.82,0.134785007084554,-0.0868065199502897,"gamma_bin"
"gamma_bin_7.50_5.44","vary_sd",5.44,0.6,FALSE,234,2.14809922234943,2.04826244931038,0.0760985212653679,0.81,0.157685675931101,-0.0998367730390504,"gamma_bin"
"gamma_bin_7.50_5.44","vary_sd",5.44,0.6,FALSE,235,1.77316147702833,1.65061171809954,0.077487240483068,0.61,0.135645512900366,-0.122549758928788,"gamma_bin"
"gamma_bin_7.50_5.44","vary_sd",5.44,0.6,FALSE,236,1.73482506410384,1.60553840521011,0.0738672176377636,0.49,0.128575576455073,-0.129286658893735,"gamma_bin"
"gamma_bin_7.50_5.44","vary_sd",5.44,0.6,FALSE,237,1.62267353351007,1.50352996201378,0.0727247320631237,0.55,0.119814103677935,-0.119143571496292,"gamma_bin"
"gamma_bin_7.50_5.44","vary_sd",5.44,0.6,FALSE,238,1.18124992154851,1.11570701666929,0.0496897406144733,0.76,0.0998157937047237,-0.0655429048792158,"gamma_bin"
"gamma_bin_7.50_5.44","vary_sd",5.44,0.6,FALSE,239,1.18465305674865,1.17174274488974,0.0583445329124963,0.9,0.100168485964388,-0.012910311858908,"gamma_bin"
"gamma_bin_7.50_5.44","vary_sd",5.44,0.6,FALSE,240,1.4168407618799,1.45529481013562,0.0581072813930257,0.91,0.109809046647989,0.0384540482557167,"gamma_bin"
"gamma_bin_7.50_5.44","vary_sd",5.44,0.6,FALSE,241,1.25636383468336,1.2836019310978,0.0474732527673212,0.93,0.100846347556468,0.0272380964144421,"gamma_bin"
"gamma_bin_7.50_5.44","vary_sd",5.44,0.6,FALSE,242,1.12127216596798,1.14480046236391,0.0500760771124952,0.9,0.0933680873154937,0.0235282963959285,"gamma_bin"
"gamma_bin_7.50_5.44","vary_sd",5.44,0.6,FALSE,243,1.35468577162437,1.38289386227079,0.0510738608952678,0.93,0.101066882654324,0.0282080906464197,"gamma_bin"
"gamma_bin_7.50_5.44","vary_sd",5.44,0.6,FALSE,244,1.01073025572083,1.03572428564883,0.0447563362340522,0.91,0.0858344742652734,0.0249940299280009,"gamma_bin"
"gamma_bin_7.50_5.44","vary_sd",5.44,0.6,FALSE,245,1.09869262296579,1.12777777123603,0.0442060125976723,0.91,0.0885498811167541,0.0290851482702359,"gamma_bin"
"gamma_bin_7.50_5.44","vary_sd",5.44,0.6,FALSE,246,1.01867243248783,1.04686570093727,0.0429077499734133,0.92,0.0844506634805429,0.0281932684494355,"gamma_bin"
"gamma_bin_7.50_5.44","vary_sd",5.44,0.6,FALSE,247,0.933300548697082,0.974518783936832,0.0410613339310798,0.82,0.0809298571972455,0.0412182352397503,"gamma_bin"
"gamma_bin_7.50_5.44","vary_sd",5.44,0.6,FALSE,248,1.07521131224965,1.11274925563456,0.0429066227882093,0.89,0.08619739697256,0.0375379433849052,"gamma_bin"
"gamma_bin_7.50_5.44","vary_sd",5.44,0.6,FALSE,249,1.30368079751671,1.34819755891168,0.0446623068737567,0.85,0.0943823627352647,0.0445167613949666,"gamma_bin"
"gamma_bin_7.50_5.44","vary_sd",5.44,0.6,FALSE,250,1.41725036624756,1.42991458666864,0.0476808988565703,0.95,0.0959515455736666,0.0126642204210814,"gamma_bin"
"gamma_bin_7.50_5.44","vary_sd",5.44,0.6,FALSE,251,1.14473843834061,1.1170690043405,0.0387206354367763,0.9,0.0832064310698847,-0.0276694340001127,"gamma_bin"
"gamma_bin_7.50_5.44","vary_sd",5.44,0.6,FALSE,252,1.28957905264017,1.25185669144868,0.0487013604565702,0.83,0.0868556447508984,-0.0377223611914896,"gamma_bin"
"gamma_bin_7.50_5.44","vary_sd",5.44,0.6,FALSE,253,1.41164181175606,1.37481609818803,0.0412340740612763,0.9,0.089719706015391,-0.0368257135680312,"gamma_bin"
"gamma_bin_9.00_3.40","vary_mean",9,0.2,FALSE,1,4.64176734711438,10.0199176066968,0.481579089575129,0,0.913664778344885,5.37815025958247,"gamma_bin"
"gamma_bin_9.00_3.40","vary_mean",9,0.2,FALSE,2,5.74184883880713,11.2545824374287,0.363029431558477,0,0.73264399856386,5.51273359862162,"gamma_bin"
"gamma_bin_9.00_3.40","vary_mean",9,0.2,FALSE,3,3.25033439563944,5.72422605492804,0.185448734675725,0,0.412350373838898,2.4738916592886,"gamma_bin"
"gamma_bin_9.00_3.40","vary_mean",9,0.2,FALSE,4,6.73935287829888,10.747612751595,0.26150071005083,0,0.464955037842189,4.00825987329615,"gamma_bin"
"gamma_bin_9.00_3.40","vary_mean",9,0.2,FALSE,5,2.43636854796088,3.58398222729065,0.130086138358947,0,0.228942277394793,1.14761367932977,"gamma_bin"
"gamma_bin_9.00_3.40","vary_mean",9,0.2,FALSE,6,1.74494772539268,2.48445121480651,0.0855300455764312,0,0.166525570478052,0.739503489413825,"gamma_bin"
"gamma_bin_9.00_3.40","vary_mean",9,0.2,FALSE,7,2.62517926045569,3.66747215853834,0.0955247955233016,0,0.178923467048666,1.04229289808265,"gamma_bin"
"gamma_bin_9.00_3.40","vary_mean",9,0.2,FALSE,8,1.22911307977452,1.65101678064341,0.0615026937467242,0,0.107363452928951,0.421903700868887,"gamma_bin"
"gamma_bin_9.00_3.40","vary_mean",9,0.2,FALSE,9,2.39904651254038,3.02266902659761,0.071556750152421,0,0.132073838086609,0.623622514057226,"gamma_bin"
"gamma_bin_9.00_3.40","vary_mean",9,0.2,FALSE,10,1.19484574307971,1.42952661807102,0.0423734216611574,0,0.0840708081250484,0.23468087499131,"gamma_bin"
"gamma_bin_9.00_3.40","vary_mean",9,0.2,FALSE,11,1.32897619591253,1.5384718989231,0.0443283064372866,0,0.0820162485688385,0.209495703010566,"gamma_bin"
"gamma_bin_9.00_3.40","vary_mean",9,0.2,FALSE,12,1.45959821408832,1.65141644765031,0.0420491328003878,0,0.080823811295574,0.191818233561987,"gamma_bin"
"gamma_bin_9.00_3.40","vary_mean",9,0.2,FALSE,13,1.71530804750948,1.90199249347213,0.0452202340578811,0,0.0831992215864053,0.18668444596265,"gamma_bin"
"gamma_bin_9.00_3.40","vary_mean",9,0.2,FALSE,14,1.05182866123244,1.143886064151,0.0328141102491585,0.19,0.0623355384361843,0.0920574029185646,"gamma_bin"
"gamma_bin_9.00_3.40","vary_mean",9,0.2,FALSE,15,1.02510010675531,1.09937835326967,0.0264824702231996,0.3,0.0593644625534939,0.0742782465143557,"gamma_bin"
"gamma_bin_9.00_3.40","vary_mean",9,0.2,FALSE,16,1.25252014867933,1.3401635906375,0.0333252321881594,0.2,0.0638589450153847,0.0876434419581742,"gamma_bin"
"gamma_bin_9.00_3.40","vary_mean",9,0.2,FALSE,17,1.21525733695915,1.28828228788477,0.0314159257012858,0.35,0.0611581358581737,0.0730249509256153,"gamma_bin"
"gamma_bin_9.00_3.40","vary_mean",9,0.2,FALSE,18,0.979230198394809,1.01987613513414,0.0271444729878097,0.64,0.0533537027500074,0.0406459367393305,"gamma_bin"
"gamma_bin_9.00_3.40","vary_mean",9,0.2,FALSE,19,1.02544833790337,1.06542470957499,0.0247829906976631,0.66,0.0536945425179785,0.0399763716716177,"gamma_bin"
"gamma_bin_9.00_3.40","vary_mean",9,0.2,FALSE,20,1.03933643277786,1.06946443229355,0.0240282851368512,0.87,0.0531533824770554,0.0301279995156851,"gamma_bin"
"gamma_bin_9.00_3.40","vary_mean",9,0.2,FALSE,21,1.31704644033967,1.34555637834635,0.0270420426614155,0.87,0.0590708529671189,0.0285099380066778,"gamma_bin"
"gamma_bin_9.00_3.40","vary_mean",9,0.2,FALSE,22,1.01626238281987,1.02642638240034,0.0243394707536825,0.97,0.0512469741923282,0.0101639995804688,"gamma_bin"
"gamma_bin_9.00_3.40","vary_mean",9,0.2,FALSE,23,0.750219977978433,0.759793786153535,0.0244051338923771,0.92,0.0438680995830063,0.00957380817510167,"gamma_bin"
"gamma_bin_9.00_3.40","vary_mean",9,0.2,FALSE,24,0.68680573053247,0.696588015691782,0.0210554874231082,0.94,0.0418030811075639,0.00978228515931212,"gamma_bin"
"gamma_bin_9.00_3.40","vary_mean",9,0.2,FALSE,25,1.09137562864791,1.10522871399096,0.0254312545883923,0.93,0.0523903772188652,0.0138530853430543,"gamma_bin"
"gamma_bin_9.00_3.40","vary_mean",9,0.2,FALSE,26,0.741057834922739,0.738919186056912,0.0202449505921309,0.97,0.0426871331744884,-0.00213864886582726,"gamma_bin"
"gamma_bin_9.00_3.40","vary_mean",9,0.2,FALSE,27,0.768534353981288,0.753954962574702,0.0196811635585548,0.93,0.0431400629476234,-0.0145793914065858,"gamma_bin"
"gamma_bin_9.00_3.40","vary_mean",9,0.2,FALSE,28,0.752768210408917,0.730171107659289,0.0219464514222632,0.8,0.0426618428197564,-0.0225971027496276,"gamma_bin"
"gamma_bin_9.00_3.40","vary_mean",9,0.2,FALSE,29,0.700189279957523,0.675675866073318,0.01987068987746,0.81,0.0413893389314198,-0.0245134138842049,"gamma_bin"
"gamma_bin_9.00_3.40","vary_mean",9,0.2,FALSE,30,0.555240242382622,0.535588108203403,0.0203791378569448,0.82,0.0372703231146288,-0.019652134179219,"gamma_bin"
"gamma_bin_9.00_3.40","vary_mean",9,0.2,FALSE,31,0.584450640057208,0.552622594200758,0.0170266243089342,0.66,0.0383894700514259,-0.0318280458564497,"gamma_bin"
"gamma_bin_9.00_3.40","vary_mean",9,0.2,FALSE,32,0.680297862250013,0.635728465800492,0.0210799377402532,0.47,0.0418607408269705,-0.0445693964495206,"gamma_bin"
"gamma_bin_9.00_3.40","vary_mean",9,0.2,FALSE,33,0.95896579009836,0.888039202683101,0.0265688869205035,0.2,0.0504676650384626,-0.0709265874152594,"gamma_bin"
"gamma_bin_9.00_3.40","vary_mean",9,0.2,FALSE,34,1.26713544933213,1.16418264768463,0.0281927033242898,0.07,0.0591691611624283,-0.102952801647498,"gamma_bin"
"gamma_bin_9.00_3.40","vary_mean",9,0.2,FALSE,35,1.32835487275134,1.21465010598349,0.0283545039205887,0.05,0.0620632872275912,-0.113704766767853,"gamma_bin"
"gamma_bin_9.00_3.40","vary_mean",9,0.2,FALSE,36,0.820532179912435,0.768117514075725,0.0251097644602883,0.51,0.0506401038319529,-0.0524146658367098,"gamma_bin"
"gamma_bin_9.00_3.40","vary_mean",9,0.2,FALSE,37,0.605066948223753,0.593489537883342,0.0222112361010323,0.95,0.0453826614734033,-0.0115774103404113,"gamma_bin"
"gamma_bin_9.00_3.40","vary_mean",9,0.2,FALSE,38,0.480613317476216,0.489169542469288,0.0242188206797138,0.93,0.0415645947308995,0.0085562249930719,"gamma_bin"
"gamma_bin_9.00_3.40","vary_mean",9,0.2,FALSE,39,0.729684595490469,0.750365233013954,0.0247425831813804,0.91,0.0514805143087635,0.0206806375234845,"gamma_bin"
"gamma_bin_9.00_3.40","vary_mean",9,0.2,FALSE,40,0.815117093248404,0.816122161946945,0.026677540919322,0.96,0.053581267247556,0.00100506869854067,"gamma_bin"
"gamma_bin_9.00_3.40","vary_mean",9,0.2,FALSE,41,0.615435524003123,0.596356194821432,0.0232054904850977,0.87,0.0459518439657664,-0.0190793291816906,"gamma_bin"
"gamma_bin_9.00_3.40","vary_mean",9,0.2,FALSE,42,0.771681049543453,0.727504748134886,0.0229815443341709,0.65,0.0513482412722441,-0.0441763014085672,"gamma_bin"
"gamma_bin_9.00_3.40","vary_mean",9,0.2,FALSE,43,0.638637642797715,0.593966785247861,0.0237057679609509,0.53,0.0472803293745266,-0.0446708575498536,"gamma_bin"
"gamma_bin_9.00_3.40","vary_mean",9,0.2,FALSE,44,0.502607638572081,0.459056311625303,0.0219325009009967,0.46,0.0425421622092998,-0.0435513269467784,"gamma_bin"
"gamma_bin_9.00_3.40","vary_mean",9,0.2,FALSE,45,0.419348773276434,0.389342428875432,0.0205140390905872,0.72,0.040167251262722,-0.0300063444010019,"gamma_bin"
"gamma_bin_9.00_3.40","vary_mean",9,0.2,FALSE,46,0.532523289397014,0.48980493190983,0.0242309286326854,0.55,0.0462136637144931,-0.0427183574871837,"gamma_bin"
"gamma_bin_9.00_3.40","vary_mean",9,0.2,FALSE,47,0.748164536979726,0.677691396403816,0.0272632428937169,0.32,0.0558184295264636,-0.0704731405759095,"gamma_bin"
"gamma_bin_9.00_3.40","vary_mean",9,0.2,FALSE,48,0.699597036363356,0.630731291717879,0.025619789544948,0.32,0.0554689641181322,-0.0688657446454769,"gamma_bin"
"gamma_bin_9.00_3.40","vary_mean",9,0.2,FALSE,49,0.840634610500807,0.750346356991294,0.0303070745444964,0.22,0.0625562402661779,-0.0902882535095129,"gamma_bin"
"gamma_bin_9.00_3.40","vary_mean",9,0.2,FALSE,50,0.605572567510499,0.537753820173365,0.0268352096175018,0.38,0.054899434791974,-0.0678187473371341,"gamma_bin"
"gamma_bin_9.00_3.40","vary_mean",9,0.2,FALSE,51,0.551154795645625,0.50231098207426,0.0275931400555185,0.61,0.0549786472879063,-0.0488438135713654,"gamma_bin"
"gamma_bin_9.00_3.40","vary_mean",9,0.2,FALSE,52,0.382419782215341,0.352051670471537,0.0275372810577849,0.76,0.0475073059264748,-0.030368111743804,"gamma_bin"
"gamma_bin_9.00_3.40","vary_mean",9,0.2,FALSE,53,0.67605453850849,0.632177993229871,0.0388132781254429,0.69,0.0654611948129699,-0.0438765452786188,"gamma_bin"
"gamma_bin_9.00_3.40","vary_mean",9,0.2,FALSE,54,0.67389745281474,0.626724344109814,0.0339576806644226,0.74,0.0668672538168084,-0.047173108704926,"gamma_bin"
"gamma_bin_9.00_3.40","vary_mean",9,0.2,FALSE,55,0.928654307802489,0.84604825784983,0.0457978689023628,0.54,0.0797905714440046,-0.0826060499526585,"gamma_bin"
"gamma_bin_9.00_3.40","vary_mean",9,0.2,FALSE,56,0.750444909156983,0.680067839355619,0.03947752175743,0.55,0.0737024902996093,-0.0703770698013642,"gamma_bin"
"gamma_bin_9.00_3.40","vary_mean",9,0.2,FALSE,57,0.713559496047443,0.64581124772593,0.0397368225666828,0.6,0.0741480829941496,-0.0677482483215133,"gamma_bin"
"gamma_bin_9.00_3.40","vary_mean",9,0.2,FALSE,58,0.492127182876667,0.456894784230353,0.0321619809882094,0.83,0.0643120778674351,-0.0352323986463138,"gamma_bin"
"gamma_bin_9.00_3.40","vary_mean",9,0.2,FALSE,59,0.488121905081673,0.455341510844335,0.0378288833540782,0.82,0.0659185798971438,-0.0327803942373384,"gamma_bin"
"gamma_bin_9.00_3.40","vary_mean",9,0.2,FALSE,60,0.671861168143052,0.644352416109613,0.0395159831900262,0.89,0.0802306560938484,-0.0275087520334389,"gamma_bin"
"gamma_bin_9.00_3.40","vary_mean",9,0.2,FALSE,61,0.791762464983911,0.750033309837577,0.0442662837291648,0.88,0.0883914477312507,-0.0417291551463338,"gamma_bin"
"gamma_bin_9.00_3.40","vary_mean",9,0.2,FALSE,62,0.652922492639065,0.608714686776628,0.045088501806467,0.75,0.0814781642752735,-0.0442078058624368,"gamma_bin"
"gamma_bin_9.00_3.40","vary_mean",9,0.2,FALSE,63,0.613891069127135,0.560084509096505,0.0415041129887985,0.73,0.0802713344370265,-0.05380656003063,"gamma_bin"
"gamma_bin_9.00_3.40","vary_mean",9,0.2,FALSE,64,0.747174650317661,0.683951871163245,0.047859992686188,0.72,0.0912921386653515,-0.0632227791544158,"gamma_bin"
"gamma_bin_9.00_3.40","vary_mean",9,0.2,FALSE,65,0.706701130088712,0.655994017560807,0.0434404491539694,0.86,0.0920451745812396,-0.0507071125279049,"gamma_bin"
"gamma_bin_9.00_3.40","vary_mean",9,0.2,FALSE,66,0.51187393654748,0.475382436496024,0.0386980698645992,0.88,0.0805625999504788,-0.0364915000514557,"gamma_bin"
"gamma_bin_9.00_3.40","vary_mean",9,0.2,FALSE,67,0.670601402325688,0.621047740441312,0.0473489359925877,0.82,0.0945357935350578,-0.0495536618843758,"gamma_bin"
"gamma_bin_9.00_3.40","vary_mean",9,0.2,FALSE,68,1.17253163081397,1.08654336239449,0.0631234492813814,0.75,0.1282300324571,-0.0859882684194806,"gamma_bin"
"gamma_bin_9.00_3.40","vary_mean",9,0.2,FALSE,69,1.09882955126721,1.00558029241176,0.0647671708659655,0.64,0.126456425656081,-0.0932492588554545,"gamma_bin"
"gamma_bin_9.00_3.40","vary_mean",9,0.2,FALSE,70,0.864010024055233,0.80290545460023,0.0484948418918216,0.86,0.115870128354723,-0.0611045694550031,"gamma_bin"
"gamma_bin_9.00_3.40","vary_mean",9,0.2,FALSE,71,0.715098113998147,0.680287975794409,0.052814247401275,0.94,0.109061694239647,-0.0348101382037377,"gamma_bin"
"gamma_bin_9.00_3.40","vary_mean",9,0.2,FALSE,72,0.5778146754347,0.57451639886998,0.0557358516792576,0.95,0.101861693679161,-0.00329827656472015,"gamma_bin"
"gamma_bin_9.00_3.40","vary_mean",9,0.2,FALSE,73,0.968098548670386,0.968925925056377,0.0701971876384069,0.95,0.133664424725418,0.000827376385990508,"gamma_bin"
"gamma_bin_9.00_3.40","vary_mean",9,0.2,FALSE,74,0.655349167508219,0.654009474775606,0.0567119352756756,0.97,0.110500032829853,-0.0013396927326127,"gamma_bin"
"gamma_bin_9.00_3.40","vary_mean",9,0.2,FALSE,75,0.59977224361632,0.573417973895017,0.0616721529089149,0.87,0.104163746613402,-0.0263542697213025,"gamma_bin"
"gamma_bin_9.00_3.40","vary_mean",9,0.2,FALSE,76,0.795810456805532,0.766637696220539,0.0648584302969235,0.92,0.121729515472498,-0.0291727605849926,"gamma_bin"
"gamma_bin_9.00_3.40","vary_mean",9,0.2,FALSE,77,0.873668877519834,0.83337892918752,0.0637499806714281,0.92,0.128798396775083,-0.040289948332314,"gamma_bin"
"gamma_bin_9.00_3.40","vary_mean",9,0.2,FALSE,78,0.655524310026793,0.620360258974504,0.0566198175234344,0.91,0.11308697493686,-0.0351640510522888,"gamma_bin"
"gamma_bin_9.00_3.40","vary_mean",9,0.2,FALSE,79,0.810623636163075,0.755660062702476,0.0552507808466839,0.87,0.127407565001402,-0.0549635734605993,"gamma_bin"
"gamma_bin_9.00_3.40","vary_mean",9,0.2,FALSE,80,0.610456557383718,0.589068310830173,0.05796499248819,0.95,0.114845843065656,-0.0213882465535448,"gamma_bin"
"gamma_bin_9.00_3.40","vary_mean",9,0.2,FALSE,81,0.859858611274139,0.809879309513651,0.0727692376253702,0.88,0.137487367325931,-0.0499793017604879,"gamma_bin"
"gamma_bin_9.00_3.40","vary_mean",9,0.2,FALSE,82,0.71793472208637,0.676599059577154,0.0650589621824327,0.9,0.128102669539359,-0.0413356625092156,"gamma_bin"
"gamma_bin_9.00_3.40","vary_mean",9,0.2,FALSE,83,0.992203959261976,0.929280947184492,0.0799540672567686,0.89,0.1529914331156,-0.0629230120774837,"gamma_bin"
"gamma_bin_9.00_3.40","vary_mean",9,0.2,FALSE,84,1.12541562776308,1.08172125740348,0.0889023202224735,0.93,0.168261874341952,-0.0436943703595969,"gamma_bin"
"gamma_bin_9.00_3.40","vary_mean",9,0.2,FALSE,85,0.719081428835968,0.679436431850886,0.0710302651481135,0.9,0.135788790644485,-0.0396449969850823,"gamma_bin"
"gamma_bin_9.00_3.40","vary_mean",9,0.2,FALSE,86,0.84752493125734,0.833313482159802,0.0787269570425854,0.93,0.15292640128186,-0.0142114490975384,"gamma_bin"
"gamma_bin_9.00_3.40","vary_mean",9,0.2,FALSE,87,0.855021916180829,0.843410123889588,0.0724565853624086,0.99,0.155835393115031,-0.0116117922912411,"gamma_bin"
"gamma_bin_9.00_3.40","vary_mean",9,0.2,FALSE,88,1.05231211723794,1.04194470196805,0.102475533141372,0.93,0.174653853356104,-0.0103674152698887,"gamma_bin"
"gamma_bin_9.00_3.40","vary_mean",9,0.2,FALSE,89,0.736245763604483,0.715878928052673,0.0671547753146562,0.98,0.145780952823374,-0.0203668355518098,"gamma_bin"
"gamma_bin_9.00_3.40","vary_mean",9,0.2,FALSE,90,0.910435800275709,0.888853070433441,0.0865994430964821,0.9,0.163505245249175,-0.0215827298422683,"gamma_bin"
"gamma_bin_9.00_3.40","vary_mean",9,0.2,FALSE,91,0.875373992276142,0.861801193172196,0.0689770261460445,0.97,0.162089555693107,-0.0135727991039462,"gamma_bin"
"gamma_bin_9.00_3.40","vary_mean",9,0.2,FALSE,92,1.13308580158326,1.10333826524928,0.0873514119460128,0.95,0.18473216555076,-0.0297475363339781,"gamma_bin"
"gamma_bin_9.00_3.40","vary_mean",9,0.2,FALSE,93,0.779622317935819,0.760886458533809,0.0880595577558207,0.89,0.154573045141793,-0.0187358594020104,"gamma_bin"
"gamma_bin_9.00_3.40","vary_mean",9,0.2,FALSE,94,0.738590807925372,0.719316459402732,0.0712146162634715,0.96,0.15159833959976,-0.0192743485226404,"gamma_bin"
"gamma_bin_9.00_3.40","vary_mean",9,0.2,FALSE,95,0.736386067431423,0.730212761208813,0.0767798967158109,0.96,0.153854952571016,-0.0061733062226097,"gamma_bin"
"gamma_bin_9.00_3.40","vary_mean",9,0.2,FALSE,96,0.940470991453404,0.943190354635539,0.093026638333312,0.95,0.175989228980852,0.00271936318213506,"gamma_bin"
"gamma_bin_9.00_3.40","vary_mean",9,0.2,FALSE,97,0.92681020267862,0.919342765058177,0.0829402184979711,0.95,0.175109749347119,-0.00746743762044255,"gamma_bin"
"gamma_bin_9.00_3.40","vary_mean",9,0.2,FALSE,98,0.805264800704658,0.765307802765605,0.0853644566390706,0.93,0.161175820661868,-0.0399569979390529,"gamma_bin"
"gamma_bin_9.00_3.40","vary_mean",9,0.2,FALSE,99,0.96897608307621,0.94199761783279,0.0889017693438623,0.96,0.180866131695937,-0.0269784652434196,"gamma_bin"
"gamma_bin_9.00_3.40","vary_mean",9,0.2,FALSE,100,0.483332995262756,0.470165639787916,0.0611803665952397,0.99,0.129239990423207,-0.0131673554748404,"gamma_bin"
"gamma_bin_9.00_3.40","vary_mean",9,0.2,FALSE,101,0.66077716283239,0.645783776481015,0.072832584070792,0.97,0.153202485815076,-0.0149933863513745,"gamma_bin"
"gamma_bin_9.00_3.40","vary_mean",9,0.2,FALSE,102,0.655745239910364,0.636378656627202,0.0779113143519674,0.94,0.15362641972045,-0.0193665832831624,"gamma_bin"
"gamma_bin_9.00_3.40","vary_mean",9,0.2,FALSE,103,1.19599908198214,1.14649112900057,0.0961664312752408,0.95,0.208747630799702,-0.0495079529815725,"gamma_bin"
"gamma_bin_9.00_3.40","vary_mean",9,0.2,FALSE,104,1.52020654998133,1.42774500960854,0.125974059086456,0.9,0.236421509408826,-0.0924615403727942,"gamma_bin"
"gamma_bin_9.00_3.40","vary_mean",9,0.2,FALSE,105,1.10303826313934,1.03907760619894,0.124750155958423,0.88,0.205340269713153,-0.063960656940399,"gamma_bin"
"gamma_bin_9.00_3.40","vary_mean",9,0.2,FALSE,106,0.895258886773757,0.878302258842922,0.0915598339023725,0.97,0.192418476515285,-0.0169566279308354,"gamma_bin"
"gamma_bin_9.00_3.40","vary_mean",9,0.2,FALSE,107,0.603016892421566,0.60807975637928,0.0779609539332923,0.98,0.161953238608073,0.00506286395771405,"gamma_bin"
"gamma_bin_9.00_3.40","vary_mean",9,0.2,FALSE,108,1.07762321196894,1.11524016296169,0.116466731058182,0.9,0.219684673398726,0.0376169509927455,"gamma_bin"
"gamma_bin_9.00_3.40","vary_mean",9,0.2,FALSE,109,1.67936751135944,1.74676514296745,0.132542011428639,0.93,0.273591908620784,0.0673976316080107,"gamma_bin"
"gamma_bin_9.00_3.40","vary_mean",9,0.2,FALSE,110,0.778512854791425,0.805510497914263,0.106571295058527,0.91,0.184472093558116,0.0269976431228378,"gamma_bin"
"gamma_bin_9.00_3.40","vary_mean",9,0.2,FALSE,111,0.992005341124613,0.990039082395375,0.0957220271467707,0.98,0.203924647955601,-0.00196625872923784,"gamma_bin"
"gamma_bin_9.00_3.40","vary_mean",9,0.2,FALSE,112,1.07688074493023,1.10493715933813,0.106099271615135,0.94,0.214725767058939,0.0280564144079012,"gamma_bin"
"gamma_bin_9.00_3.40","vary_mean",9,0.2,FALSE,113,0.702400819858529,0.727621607318329,0.0950924468941984,0.89,0.173249216886714,0.0252207874598004,"gamma_bin"
"gamma_bin_9.00_3.40","vary_mean",9,0.2,FALSE,114,0.976066509197994,0.99145270695807,0.12141324761146,0.87,0.201130073765294,0.0153861977600763,"gamma_bin"
"gamma_bin_9.00_3.40","vary_mean",9,0.2,FALSE,115,1.23867756628513,1.26514821285606,0.11233353604804,0.97,0.226283142153637,0.0264706465709323,"gamma_bin"
"gamma_bin_9.00_3.40","vary_mean",9,0.2,FALSE,116,1.16180338965973,1.15715438982178,0.118778739218676,0.92,0.215895277542416,-0.00464899983794975,"gamma_bin"
"gamma_bin_9.00_3.40","vary_mean",9,0.2,FALSE,117,1.19462029108814,1.17825981552589,0.125353770195365,0.91,0.218185117196241,-0.0163604755622471,"gamma_bin"
"gamma_bin_9.00_3.40","vary_mean",9,0.2,FALSE,118,1.16321995780671,1.17627172826349,0.109331177224483,0.94,0.218453993994131,0.013051770456781,"gamma_bin"
"gamma_bin_9.00_3.40","vary_mean",9,0.2,FALSE,119,1.07032628214879,1.07533130992197,0.12191217736018,0.9,0.20872443493096,0.00500502777318368,"gamma_bin"
"gamma_bin_9.00_3.40","vary_mean",9,0.2,FALSE,120,0.877757633134012,0.898944526072914,0.0947601602894464,0.95,0.190123138572261,0.0211868929389023,"gamma_bin"
"gamma_bin_9.00_3.40","vary_mean",9,0.2,FALSE,121,1.36755731263547,1.40161798085252,0.118004556481523,0.95,0.235579899010196,0.0340606682170546,"gamma_bin"
"gamma_bin_9.00_3.40","vary_mean",9,0.2,FALSE,122,0.835796444244159,0.866146092669405,0.0998321099246635,0.93,0.183391340991609,0.030349648425246,"gamma_bin"
"gamma_bin_9.00_3.40","vary_mean",9,0.2,FALSE,123,1.26724551805682,1.30812434184237,0.1108487640732,0.93,0.223713801758468,0.0408788237855464,"gamma_bin"
"gamma_bin_9.00_3.40","vary_mean",9,0.2,FALSE,124,0.969129898643769,0.996575404798098,0.0904761240968915,0.97,0.193856699890329,0.0274455061543294,"gamma_bin"
"gamma_bin_9.00_3.40","vary_mean",9,0.2,FALSE,125,0.847338782890042,0.875763548157069,0.0953640289442463,0.92,0.180590818847658,0.0284247652670268,"gamma_bin"
"gamma_bin_9.00_3.40","vary_mean",9,0.2,FALSE,126,0.715564882412269,0.738171504208306,0.0827885178982571,0.93,0.165080851775882,0.022606621796037,"gamma_bin"
"gamma_bin_9.00_3.40","vary_mean",9,0.2,FALSE,127,0.94782383341486,0.965767220290994,0.100110271843287,0.96,0.187994504795229,0.0179433868761343,"gamma_bin"
"gamma_bin_9.00_3.40","vary_mean",9,0.2,FALSE,128,0.685081694959754,0.696554253809546,0.0731173019092416,0.94,0.159404939122514,0.0114725588497925,"gamma_bin"
"gamma_bin_9.00_3.40","vary_mean",9,0.2,FALSE,129,0.940719567434955,0.932234152209596,0.0847428525437054,0.95,0.184408368772204,-0.00848541522535851,"gamma_bin"
"gamma_bin_9.00_3.40","vary_mean",9,0.2,FALSE,130,0.882735861931285,0.862584102379157,0.0927213990559441,0.92,0.17825694621613,-0.020151759552128,"gamma_bin"
"gamma_bin_9.00_3.40","vary_mean",9,0.2,FALSE,131,0.908592867608554,0.896951934017376,0.0896257608342717,0.97,0.18349041376811,-0.0116409335911776,"gamma_bin"
"gamma_bin_9.00_3.40","vary_mean",9,0.2,FALSE,132,0.919571358645804,0.892990705252633,0.0838065760854317,0.98,0.185196154494825,-0.026580653393171,"gamma_bin"
"gamma_bin_9.00_3.40","vary_mean",9,0.2,FALSE,133,0.772870216905444,0.730484153857339,0.0777382402632226,0.96,0.169538130365859,-0.0423860630481047,"gamma_bin"
"gamma_bin_9.00_3.40","vary_mean",9,0.2,FALSE,134,0.850110615604727,0.842414215311658,0.0907994564953641,0.95,0.184056138806799,-0.00769640029306906,"gamma_bin"
"gamma_bin_9.00_3.40","vary_mean",9,0.2,FALSE,135,0.784750966748685,0.77774753481879,0.0954674918603247,0.95,0.178445683645175,-0.00700343192989561,"gamma_bin"
"gamma_bin_9.00_3.40","vary_mean",9,0.2,FALSE,136,0.974669466757976,0.94975167232304,0.113036116665403,0.91,0.198820246138108,-0.0249177944349356,"gamma_bin"
"gamma_bin_9.00_3.40","vary_mean",9,0.2,FALSE,137,0.984151011066472,0.961216612655004,0.0979840482854537,0.94,0.202101293659297,-0.0229343984114675,"gamma_bin"
"gamma_bin_9.00_3.40","vary_mean",9,0.2,FALSE,138,1.1907508581573,1.14291968678511,0.118130845291731,0.93,0.222295102138884,-0.0478311713721857,"gamma_bin"
"gamma_bin_9.00_3.40","vary_mean",9,0.2,FALSE,139,1.38368582408824,1.3593458818845,0.125346420229949,0.95,0.24500669481479,-0.0243399422037434,"gamma_bin"
"gamma_bin_9.00_3.40","vary_mean",9,0.2,FALSE,140,0.815817246340058,0.807336311034398,0.104798529962855,0.95,0.190298079514374,-0.00848093530565974,"gamma_bin"
"gamma_bin_9.00_3.40","vary_mean",9,0.2,FALSE,141,0.948708845408202,0.961791654595644,0.101596156422345,0.95,0.20899398735777,0.013082809187442,"gamma_bin"
"gamma_bin_9.00_3.40","vary_mean",9,0.2,FALSE,142,0.887913521021147,0.919692622770327,0.100360383917539,0.93,0.204216783329024,0.03177910174918,"gamma_bin"
"gamma_bin_9.00_3.40","vary_mean",9,0.2,FALSE,143,1.33195215209727,1.38410142284949,0.123919779733586,0.93,0.249155208414852,0.0521492707522186,"gamma_bin"
"gamma_bin_9.00_3.40","vary_mean",9,0.2,FALSE,144,1.33130915175386,1.34381218979159,0.12344463584576,0.94,0.244026525619739,0.0125030380377289,"gamma_bin"
"gamma_bin_9.00_3.40","vary_mean",9,0.2,FALSE,145,1.36040954450305,1.37924233159846,0.115036275384425,0.96,0.246196327127365,0.0188327870954077,"gamma_bin"
"gamma_bin_9.00_3.40","vary_mean",9,0.2,FALSE,146,1.03071516120352,1.04840600297625,0.0989843022809768,0.99,0.213863845248797,0.0176908417727342,"gamma_bin"
"gamma_bin_9.00_3.40","vary_mean",9,0.2,FALSE,147,1.01542687773298,1.04991761013948,0.104503066266322,0.94,0.212765852488926,0.034490732406496,"gamma_bin"
"gamma_bin_9.00_3.40","vary_mean",9,0.2,FALSE,148,0.918038272830281,0.958242520394472,0.0982483703117379,0.95,0.201482852394913,0.0402042475641914,"gamma_bin"
"gamma_bin_9.00_3.40","vary_mean",9,0.2,FALSE,149,0.795403147880171,0.833254154466637,0.0984885622696723,0.93,0.185322970241326,0.037851006586466,"gamma_bin"
"gamma_bin_9.00_3.40","vary_mean",9,0.2,FALSE,150,0.947076494147123,0.969694406272936,0.108440527528987,0.94,0.197365013318206,0.0226179121258134,"gamma_bin"
"gamma_bin_9.00_3.40","vary_mean",9,0.2,FALSE,151,0.838902415667924,0.853044374245991,0.0911919825276311,0.95,0.183496792198056,0.014141958578067,"gamma_bin"
"gamma_bin_9.00_3.40","vary_mean",9,0.2,FALSE,152,1.10280245382765,1.10957907040592,0.0967262456060628,0.96,0.208717020620488,0.006776616578267,"gamma_bin"
"gamma_bin_9.00_3.40","vary_mean",9,0.2,FALSE,153,1.09815440539428,1.06409907870138,0.0938035967055003,0.96,0.204794242526486,-0.0340553266928989,"gamma_bin"
"gamma_bin_9.00_3.40","vary_mean",9,0.2,FALSE,154,0.933699509626363,0.897668299918511,0.109845130195632,0.91,0.18921827245507,-0.036031209707852,"gamma_bin"
"gamma_bin_9.00_3.40","vary_mean",9,0.2,FALSE,155,0.677259462566555,0.665245610363924,0.0780452760465851,0.93,0.16399273609383,-0.0120138522026314,"gamma_bin"
"gamma_bin_9.00_3.40","vary_mean",9,0.2,FALSE,156,0.794318325784725,0.802709022213792,0.0900738951828896,0.95,0.181257324197984,0.00839069642906687,"gamma_bin"
"gamma_bin_9.00_3.40","vary_mean",9,0.2,FALSE,157,0.863129045133472,0.8675728451297,0.0963717925818351,0.97,0.189037990568226,0.00444379999622813,"gamma_bin"
"gamma_bin_9.00_3.40","vary_mean",9,0.2,FALSE,158,1.2121292060572,1.19489474575579,0.12889702782389,0.89,0.222543829618129,-0.0172344603014112,"gamma_bin"
"gamma_bin_9.00_3.40","vary_mean",9,0.2,FALSE,159,1.02410099479473,0.991406086015444,0.101672162178814,0.92,0.203891843840958,-0.0326949087792863,"gamma_bin"
"gamma_bin_9.00_3.40","vary_mean",9,0.2,FALSE,160,0.905625417711481,0.879573523596754,0.0969381973546859,0.95,0.193632919242633,-0.026051894114727,"gamma_bin"
"gamma_bin_9.00_3.40","vary_mean",9,0.2,FALSE,161,0.911623484707899,0.92271680752765,0.0985771229651323,0.96,0.20005400120163,0.0110933228197505,"gamma_bin"
"gamma_bin_9.00_3.40","vary_mean",9,0.2,FALSE,162,0.854314364398061,0.859150251728739,0.0934321590168311,0.94,0.194281059079627,0.00483588733067797,"gamma_bin"
"gamma_bin_9.00_3.40","vary_mean",9,0.2,FALSE,163,0.939538506142908,0.953533597857854,0.104743630119421,0.93,0.205311810557922,0.0139950917149457,"gamma_bin"
"gamma_bin_9.00_3.40","vary_mean",9,0.2,FALSE,164,0.804264811038419,0.817051135907548,0.100753886795009,0.97,0.190413515797597,0.012786324869129,"gamma_bin"
"gamma_bin_9.00_3.40","vary_mean",9,0.2,FALSE,165,1.00142358506205,0.99278667964113,0.102406054814407,0.97,0.21020506475395,-0.00863690542091966,"gamma_bin"
"gamma_bin_9.00_3.40","vary_mean",9,0.2,FALSE,166,1.22258511650756,1.2195043811023,0.0975553120127655,0.99,0.233926566870838,-0.00308073540526377,"gamma_bin"
"gamma_bin_9.00_3.40","vary_mean",9,0.2,FALSE,167,0.797785743145654,0.789132838405014,0.0948403213018278,0.96,0.189037130326443,-0.00865290474063951,"gamma_bin"
"gamma_bin_9.00_3.40","vary_mean",9,0.2,FALSE,168,1.1498418409574,1.14704482865102,0.115678089268964,0.95,0.229215191917677,-0.00279701230638274,"gamma_bin"
"gamma_bin_9.00_3.40","vary_mean",9,0.2,FALSE,169,0.760349335694062,0.741311278571225,0.0931476222424804,0.94,0.185232074320275,-0.0190380571228367,"gamma_bin"
"gamma_bin_9.00_3.40","vary_mean",9,0.2,FALSE,170,1.37423882796411,1.38108861728088,0.113318120005005,0.97,0.253303816563429,0.00684978931676539,"gamma_bin"
"gamma_bin_9.00_3.40","vary_mean",9,0.2,FALSE,171,0.879916177740953,0.884526546913444,0.106393008410138,0.95,0.202945722069643,0.00461036917249147,"gamma_bin"
"gamma_bin_9.00_3.40","vary_mean",9,0.2,FALSE,172,1.40469809778524,1.40774911369953,0.119479402825605,0.98,0.255896594019692,0.0030510159142898,"gamma_bin"
"gamma_bin_9.00_3.40","vary_mean",9,0.2,FALSE,173,0.919193657171105,0.931556267329049,0.0938015016737468,0.98,0.207992251527709,0.0123626101579437,"gamma_bin"
"gamma_bin_9.00_3.40","vary_mean",9,0.2,FALSE,174,0.923156528563282,0.958589806773528,0.110848535003934,0.94,0.210544045037117,0.035433278210246,"gamma_bin"
"gamma_bin_9.00_3.40","vary_mean",9,0.2,FALSE,175,1.03837120055872,1.05810563075691,0.125076793168116,0.91,0.219970303646585,0.019734430198187,"gamma_bin"
"gamma_bin_9.00_3.40","vary_mean",9,0.2,FALSE,176,0.998550191051843,1.02670041327472,0.123751382060447,0.94,0.215434058019477,0.0281502222228746,"gamma_bin"
"gamma_bin_9.00_3.40","vary_mean",9,0.2,FALSE,177,1.0672490953256,1.07924281442505,0.112122382148505,0.95,0.219674864035389,0.0119937190994492,"gamma_bin"
"gamma_bin_9.00_3.40","vary_mean",9,0.2,FALSE,178,0.796488943635566,0.793403795656439,0.0966682885333558,0.94,0.187549798388485,-0.00308514797912673,"gamma_bin"
"gamma_bin_9.00_3.40","vary_mean",9,0.2,FALSE,179,1.19853631620291,1.20112761956265,0.118512986646894,0.95,0.230310404115071,0.00259130335974178,"gamma_bin"
"gamma_bin_9.00_3.40","vary_mean",9,0.2,FALSE,180,1.18742234445089,1.2002170936465,0.11957147668842,0.94,0.23009844900476,0.0127947491956135,"gamma_bin"
"gamma_bin_9.00_3.40","vary_mean",9,0.2,FALSE,181,1.49419822100474,1.49929816225438,0.128983632520322,0.95,0.257414879689381,0.00509994124963664,"gamma_bin"
"gamma_bin_9.00_3.40","vary_mean",9,0.2,FALSE,182,1.51569971274724,1.51482391709317,0.136396698695615,0.97,0.258838983699103,-0.000875795654069256,"gamma_bin"
"gamma_bin_9.00_3.40","vary_mean",9,0.2,FALSE,183,0.993078083144793,1.01699494152695,0.117453155635339,0.91,0.211565091310366,0.0239168583821563,"gamma_bin"
"gamma_bin_9.00_3.40","vary_mean",9,0.2,FALSE,184,0.900895179433443,0.967754368328885,0.102035654287935,0.89,0.204975073449294,0.0668591888954416,"gamma_bin"
"gamma_bin_9.00_3.40","vary_mean",9,0.2,FALSE,185,0.823216514722493,0.86867490196912,0.0884194039130845,0.95,0.191524578622299,0.0454583872466265,"gamma_bin"
"gamma_bin_9.00_3.40","vary_mean",9,0.2,FALSE,186,1.22622352517845,1.29760442293928,0.108076768703692,0.95,0.230286850163931,0.0713808977608281,"gamma_bin"
"gamma_bin_9.00_3.40","vary_mean",9,0.2,FALSE,187,0.917485344129662,0.944485198556795,0.0976982171890448,0.94,0.193268913119416,0.0269998544271335,"gamma_bin"
"gamma_bin_9.00_3.40","vary_mean",9,0.2,FALSE,188,1.14600718978611,1.16419936180684,0.106818933444341,0.97,0.212265221958174,0.0181921720207305,"gamma_bin"
"gamma_bin_9.00_3.40","vary_mean",9,0.2,FALSE,189,1.15017955401154,1.12931224304462,0.107614713974623,0.94,0.208045460620832,-0.0208673109669242,"gamma_bin"
"gamma_bin_9.00_3.40","vary_mean",9,0.2,FALSE,190,1.13787761403339,1.11682365523504,0.114504313721628,0.93,0.206544451394682,-0.0210539587983505,"gamma_bin"
"gamma_bin_9.00_3.40","vary_mean",9,0.2,FALSE,191,1.77820774658985,1.78024630231143,0.134198694061334,0.94,0.260873817792513,0.00203855572157963,"gamma_bin"
"gamma_bin_9.00_3.40","vary_mean",9,0.2,FALSE,192,1.12621869533816,1.14369771032283,0.109621331385815,0.96,0.208798232574856,0.017479014984674,"gamma_bin"
"gamma_bin_9.00_3.40","vary_mean",9,0.2,FALSE,193,1.63142687231341,1.66624462121619,0.119552116422972,0.95,0.250832245691332,0.034817748902779,"gamma_bin"
"gamma_bin_9.00_3.40","vary_mean",9,0.2,FALSE,194,1.9613208229511,2.06497988113676,0.153934608315845,0.85,0.2763550689184,0.103659058185658,"gamma_bin"
"gamma_bin_9.00_3.40","vary_mean",9,0.2,FALSE,195,1.62644217295684,1.73712208612019,0.150735500322154,0.81,0.249275945418074,0.110679913163352,"gamma_bin"
"gamma_bin_9.00_3.40","vary_mean",9,0.2,FALSE,196,1.22114876712024,1.31536266487788,0.103382442102755,0.86,0.212065936198842,0.094213897757641,"gamma_bin"
"gamma_bin_9.00_3.40","vary_mean",9,0.2,FALSE,197,1.08512340553335,1.21890685027454,0.103878495140479,0.77,0.198575852177475,0.133783444741193,"gamma_bin"
"gamma_bin_9.00_3.40","vary_mean",9,0.2,FALSE,198,1.22271087570671,1.35842473397617,0.0967005340387774,0.76,0.202823059975818,0.135713858269465,"gamma_bin"
"gamma_bin_9.00_3.40","vary_mean",9,0.2,FALSE,199,1.2960340351298,1.43561148238326,0.10559998678552,0.66,0.20168599855914,0.139577447253459,"gamma_bin"
"gamma_bin_9.00_3.40","vary_mean",9,0.2,FALSE,200,1.66920711624072,1.799518657072,0.115903673658803,0.8,0.219453432254979,0.130311540831276,"gamma_bin"
"gamma_bin_9.00_3.40","vary_mean",9,0.2,FALSE,201,1.16940768861372,1.22469383946967,0.0884992713173103,0.91,0.176960621728164,0.0552861508559481,"gamma_bin"
"gamma_bin_9.00_3.40","vary_mean",9,0.2,FALSE,202,1.0787760344722,1.14806266310701,0.0892760319065782,0.82,0.168306989985891,0.0692866286348099,"gamma_bin"
"gamma_bin_9.00_3.40","vary_mean",9,0.2,FALSE,203,0.894614924502778,0.936864326845794,0.077831889290604,0.92,0.149523259292417,0.0422494023430161,"gamma_bin"
"gamma_bin_9.00_3.40","vary_mean",9,0.2,FALSE,204,0.818936942727194,0.865370005559161,0.063913421392817,0.96,0.141147790069741,0.0464330628319672,"gamma_bin"
"gamma_bin_9.00_3.40","vary_mean",9,0.2,FALSE,205,0.966688195947552,1.01116257919169,0.083440735889216,0.89,0.149939495001443,0.0444743832441399,"gamma_bin"
"gamma_bin_9.00_3.40","vary_mean",9,0.2,FALSE,206,0.735602657677609,0.747536795481906,0.0623930062770427,0.98,0.127226094954694,0.011934137804297,"gamma_bin"
"gamma_bin_9.00_3.40","vary_mean",9,0.2,FALSE,207,0.854906249805799,0.856288470146822,0.0731964989643616,0.93,0.13512079737635,0.00138222034102342,"gamma_bin"
"gamma_bin_9.00_3.40","vary_mean",9,0.2,FALSE,208,1.18360616945073,1.15755166562479,0.0795434331399485,0.94,0.157094898843247,-0.0260545038259432,"gamma_bin"
"gamma_bin_9.00_3.40","vary_mean",9,0.2,FALSE,209,1.4602885501346,1.40014579165305,0.0891432178669451,0.91,0.173597029419022,-0.0601427584815464,"gamma_bin"
"gamma_bin_9.00_3.40","vary_mean",9,0.2,FALSE,210,0.828346816490767,0.796144200578242,0.0724505470645556,0.9,0.132095438605291,-0.0322026159125246,"gamma_bin"
"gamma_bin_9.00_3.40","vary_mean",9,0.2,FALSE,211,0.945514704257119,0.927214026940563,0.065475293203663,0.95,0.143872842580765,-0.0183006773165564,"gamma_bin"
"gamma_bin_9.00_3.40","vary_mean",9,0.2,FALSE,212,0.790503634328223,0.800161496995097,0.0709259659507914,0.93,0.13418026546373,0.00965786266687385,"gamma_bin"
"gamma_bin_9.00_3.40","vary_mean",9,0.2,FALSE,213,1.43200091428725,1.46215923616797,0.0856246457107232,0.95,0.181291281479053,0.0301583218807222,"gamma_bin"
"gamma_bin_9.00_3.40","vary_mean",9,0.2,FALSE,214,1.11427471246835,1.11700083661461,0.0698807214402959,0.97,0.157833260271841,0.00272612414625861,"gamma_bin"
"gamma_bin_9.00_3.40","vary_mean",9,0.2,FALSE,215,1.11570572194133,1.14252647817761,0.0859537815464209,0.95,0.159079980159695,0.026820756236281,"gamma_bin"
"gamma_bin_9.00_3.40","vary_mean",9,0.2,FALSE,216,1.45325455274622,1.46932667367931,0.0923872737384022,0.94,0.179925221969095,0.0160721209330872,"gamma_bin"
"gamma_bin_9.00_3.40","vary_mean",9,0.2,FALSE,217,1.1420513438864,1.14879645963104,0.0889543805791343,0.93,0.158412559868255,0.0067451157446361,"gamma_bin"
"gamma_bin_9.00_3.40","vary_mean",9,0.2,FALSE,218,0.657956194341687,0.687602950820097,0.0659891698128004,0.9,0.121725308680575,0.0296467564784096,"gamma_bin"
"gamma_bin_9.00_3.40","vary_mean",9,0.2,FALSE,219,1.37055796530381,1.43328643017224,0.0879546131338803,0.9,0.174087724671357,0.0627284648684308,"gamma_bin"
"gamma_bin_9.00_3.40","vary_mean",9,0.2,FALSE,220,1.1217671045533,1.17062615145577,0.0873006156409459,0.88,0.155387138748804,0.0488590469024679,"gamma_bin"
"gamma_bin_9.00_3.40","vary_mean",9,0.2,FALSE,221,1.82148085595811,1.87775835053362,0.10001193408752,0.9,0.194600970096968,0.0562774945755071,"gamma_bin"
"gamma_bin_9.00_3.40","vary_mean",9,0.2,FALSE,222,1.47820728190538,1.51184725656305,0.0871368868974189,0.94,0.17306242172484,0.0336399746576672,"gamma_bin"
"gamma_bin_9.00_3.40","vary_mean",9,0.2,FALSE,223,1.22912323671868,1.2716433031002,0.084451412650354,0.89,0.157246582593148,0.0425200663815195,"gamma_bin"
"gamma_bin_9.00_3.40","vary_mean",9,0.2,FALSE,224,1.39166921706407,1.46803892634052,0.0785717209732658,0.88,0.166976920846751,0.0763697092764508,"gamma_bin"
"gamma_bin_9.00_3.40","vary_mean",9,0.2,FALSE,225,1.02692395020016,1.11270739965882,0.0675621032891098,0.83,0.142741717477977,0.0857834494586638,"gamma_bin"
"gamma_bin_9.00_3.40","vary_mean",9,0.2,FALSE,226,0.944469227223,1.02299541185048,0.0696020071364553,0.78,0.133610224055483,0.0785261846274845,"gamma_bin"
"gamma_bin_9.00_3.40","vary_mean",9,0.2,FALSE,227,0.882935394281871,0.935549391734507,0.0638163149793788,0.88,0.124673863662003,0.0526139974526358,"gamma_bin"
"gamma_bin_9.00_3.40","vary_mean",9,0.2,FALSE,228,1.25451332375843,1.32460742854234,0.0693056522460188,0.89,0.145205166361508,0.0700941047839143,"gamma_bin"
"gamma_bin_9.00_3.40","vary_mean",9,0.2,FALSE,229,1.46482234027448,1.50285173201735,0.0748876699671756,0.93,0.152278746759964,0.0380293917428669,"gamma_bin"
"gamma_bin_9.00_3.40","vary_mean",9,0.2,FALSE,230,1.51066180760486,1.51827682374318,0.0869363566716683,0.91,0.151690746011153,0.00761501613832305,"gamma_bin"
"gamma_bin_9.00_3.40","vary_mean",9,0.2,FALSE,231,1.76123960010775,1.75628975167226,0.0824615768633116,0.96,0.162394986439509,-0.00494984843548618,"gamma_bin"
"gamma_bin_9.00_3.40","vary_mean",9,0.2,FALSE,232,1.40610248726795,1.44344754630236,0.0675477849189425,0.97,0.146381430478976,0.0373450590344058,"gamma_bin"
"gamma_bin_9.00_3.40","vary_mean",9,0.2,FALSE,233,1.50839208568838,1.61489133790197,0.0684270000851263,0.79,0.153097018087513,0.106499252213587,"gamma_bin"
"gamma_bin_9.00_3.40","vary_mean",9,0.2,FALSE,234,2.14809922234943,2.3518587467932,0.0859419360391403,0.37,0.181044192602617,0.203759524443769,"gamma_bin"
"gamma_bin_9.00_3.40","vary_mean",9,0.2,FALSE,235,1.77316147702833,1.95546434649235,0.0886458145479542,0.4,0.160692179397297,0.182302869464023,"gamma_bin"
"gamma_bin_9.00_3.40","vary_mean",9,0.2,FALSE,236,1.73482506410384,1.93321569632514,0.0864102842221498,0.31,0.154818526114381,0.198390632221303,"gamma_bin"
"gamma_bin_9.00_3.40","vary_mean",9,0.2,FALSE,237,1.62267353351007,1.81751087914589,0.0887167385539337,0.26,0.144839756172173,0.194837345635817,"gamma_bin"
"gamma_bin_9.00_3.40","vary_mean",9,0.2,FALSE,238,1.18124992154851,1.33351551201214,0.0600516798198552,0.26,0.119307725320879,0.152265590463627,"gamma_bin"
"gamma_bin_9.00_3.40","vary_mean",9,0.2,FALSE,239,1.18465305674865,1.34441099774013,0.066399621485735,0.22,0.11493793878832,0.15975794099148,"gamma_bin"
"gamma_bin_9.00_3.40","vary_mean",9,0.2,FALSE,240,1.4168407618799,1.59179666279013,0.0641418989653928,0.21,0.120116597636217,0.17495590091023,"gamma_bin"
"gamma_bin_9.00_3.40","vary_mean",9,0.2,FALSE,241,1.25636383468336,1.36655616668652,0.0508518400416226,0.45,0.107372299955403,0.110192332003158,"gamma_bin"
"gamma_bin_9.00_3.40","vary_mean",9,0.2,FALSE,242,1.12127216596798,1.19711299462462,0.0519622446981795,0.69,0.0976414457630447,0.0758408286566423,"gamma_bin"
"gamma_bin_9.00_3.40","vary_mean",9,0.2,FALSE,243,1.35468577162437,1.42393436477111,0.0527447337265189,0.67,0.104070780651072,0.0692485931467353,"gamma_bin"
"gamma_bin_9.00_3.40","vary_mean",9,0.2,FALSE,244,1.01073025572083,1.06818281580595,0.0465140410916577,0.71,0.0885221554279756,0.0574525600851172,"gamma_bin"
"gamma_bin_9.00_3.40","vary_mean",9,0.2,FALSE,245,1.09869262296579,1.15288196497793,0.044395895105934,0.82,0.0905176286039969,0.05418934201214,"gamma_bin"
"gamma_bin_9.00_3.40","vary_mean",9,0.2,FALSE,246,1.01867243248783,1.06150630953442,0.0436211924867008,0.84,0.0856255676635861,0.0428338770465879,"gamma_bin"
"gamma_bin_9.00_3.40","vary_mean",9,0.2,FALSE,247,0.933300548697082,0.976771724289706,0.040602107831438,0.84,0.0811107031254655,0.0434711755926236,"gamma_bin"
"gamma_bin_9.00_3.40","vary_mean",9,0.2,FALSE,248,1.07521131224965,1.09873345623536,0.0422885865165093,0.9,0.0851048999528855,0.0235221439857078,"gamma_bin"
"gamma_bin_9.00_3.40","vary_mean",9,0.2,FALSE,249,1.30368079751671,1.32375021024801,0.0434475404623096,0.92,0.0926653772512581,0.0200694127312968,"gamma_bin"
"gamma_bin_9.00_3.40","vary_mean",9,0.2,FALSE,250,1.41725036624756,1.42597649716063,0.0485403873350186,0.96,0.0956819096461102,0.00872613091306906,"gamma_bin"
"gamma_bin_9.00_3.40","vary_mean",9,0.2,FALSE,251,1.14473843834061,1.1500695799157,0.0402836014170744,0.96,0.08566262450656,0.00533114157509074,"gamma_bin"
"gamma_bin_9.00_3.40","vary_mean",9,0.2,FALSE,252,1.28957905264017,1.31352815161101,0.0507617608213262,0.9,0.0911375442326853,0.0239490989708386,"gamma_bin"
"gamma_bin_9.00_3.40","vary_mean",9,0.2,FALSE,253,1.41164181175606,1.4637892023896,0.0456842308336043,0.83,0.0955250704864111,0.0521473906335372,"gamma_bin"
