"estimator","arm","day","truth","mean_R","half","bias"
"EpiEstim","Mean +60%",31,0.584450640057208,0.519629423613915,0.0360084441225487,-0.0648212164432931
"EpiEstim","Mean +60%",32,0.680297862250013,0.588277761053486,0.0386118359315541,-0.092020101196527
"EpiEstim","Mean +60%",33,0.95896579009836,0.805353911006047,0.0456760851114943,-0.153611879092313
"EpiEstim","Mean +60%",34,1.26713544933213,1.02920533884234,0.0523570760723969,-0.23793011048979
"EpiEstim","Mean +60%",35,1.32835487275134,1.05904608429095,0.0540126007236549,-0.269308788460386
"EpiEstim","Mean +60%",36,0.820532179912435,0.659779022364621,0.0434896107212619,-0.160753157547814
"EpiEstim","Mean +60%",37,0.605066948223753,0.509027839727413,0.0390911479787473,-0.0960391084963396
"EpiEstim","Mean +60%",38,0.480613317476216,0.434791069324078,0.0370421920605655,-0.0458222481521375
"EpiEstim","Mean +60%",39,0.729684595490469,0.699788405581868,0.0481346297480426,-0.0298961899086008
"EpiEstim","Mean +60%",40,0.815117093248404,0.801926605211338,0.0525108033617219,-0.0131904880370658
"EpiEstim","Mean +60%",41,0.615435524003123,0.588396451902154,0.0454797449272036,-0.0270390721009691
"EpiEstim","Mean +60%",42,0.771681049543453,0.709199564852663,0.0501280234065463,-0.0624814846907903
"EpiEstim","Mean +60%",43,0.638637642797715,0.556267220568829,0.0444454790029818,-0.0823704222288862
"EpiEstim","Mean +60%",44,0.502607638572081,0.418737272673424,0.0386934532408738,-0.083870365898657
"EpiEstim","Mean +60%",45,0.419348773276434,0.339097114167508,0.0351479112785181,-0.0802516591089263
"EpiEstim","Mean +60%",46,0.532523289397014,0.422922791538766,0.0398843896651181,-0.109600497858248
"EpiEstim","Mean +60%",47,0.748164536979726,0.584183828144787,0.0478950719519897,-0.163980708834939
"EpiEstim","Mean +60%",48,0.699597036363356,0.536450823492658,0.0470424590808016,-0.163146212870698
"EpiEstim","Mean +60%",49,0.840634610500807,0.618923942594454,0.0518920834278022,-0.221710667906353
"EpiEstim","Mean +60%",50,0.605572567510499,0.444556358848107,0.0452277561923399,-0.161016208662392
"EpiEstim","Mean +60%",51,0.551154795645625,0.405583458806239,0.0445238819892464,-0.145571336839386
"EpiEstim","Mean +60%",52,0.382419782215341,0.290339819098569,0.0389287373743527,-0.0920799631167717
"EpiEstim","Mean +60%",53,0.67605453850849,0.522845658586457,0.0540908797009781,-0.153208879922033
"EpiEstim","Mean +60%",54,0.67389745281474,0.527435586070499,0.0562296050689342,-0.146461866744241
"EpiEstim","Mean +60%",55,0.928654307802489,0.723209660224041,0.0680277141448194,-0.205444647578448
"EpiEstim","Mean +60%",56,0.750444909156983,0.578221332470122,0.062640329248607,-0.172223576686862
"EpiEstim","Mean +60%",57,0.713559496047443,0.543112189071476,0.0623869626689723,-0.170447306975967
"EpiEstim","Mean +60%",58,0.492127182876667,0.377626676831268,0.0534551379716473,-0.114500506045399
"EpiEstim","Mean +60%",59,0.488121905081673,0.385313272420911,0.0555578164399604,-0.102808632660762
"EpiEstim","Mean +60%",60,0.671861168143052,0.539466012313369,0.0677127635039394,-0.132395155829683
"EpiEstim","Mean +60%",61,0.791762464983911,0.646098906394891,0.0763056104161559,-0.14566355858902
"EpiEstim","Mean +60%",62,0.652922492639065,0.529970150076002,0.0710013069926626,-0.122952342563063
"EpiEstim","Mean +60%",63,0.613891069127135,0.489041629183683,0.069880346499161,-0.124849439943452
"EpiEstim","Mean +60%",64,0.747174650317661,0.586536066975882,0.0782728692333691,-0.160638583341779
"EpiEstim","Mean +60%",65,0.706701130088712,0.549309365649312,0.077546650145089,-0.1573917644394
"EpiEstim","Mean +60%",66,0.51187393654748,0.400961808151399,0.0679462760679231,-0.110912128396081
"EpiEstim","Mean +60%",67,0.670601402325688,0.526233534245508,0.0800161746500548,-0.14436786808018
"EpiEstim","Mean +60%",68,1.17253163081397,0.93211251379442,0.1095731122399,-0.240419117019549
"EpiEstim","Mean +60%",69,1.09882955126721,0.866508569581158,0.108706208730315,-0.232320981686052
"EpiEstim","Mean +60%",70,0.864010024055233,0.689131491453882,0.0996143451758749,-0.174878532601351
"EpiEstim","Mean +60%",71,0.715098113998147,0.592409963588425,0.0947918932401558,-0.122688150409722
"EpiEstim","Mean +60%",72,0.5778146754347,0.49875409607997,0.0892079934330985,-0.07906057935473
"EpiEstim","Mean +60%",73,0.968098548670386,0.87835972023859,0.121224950604657,-0.0897388284317957
"EpiEstim","Mean +60%",74,0.655349167508219,0.610724063776588,0.103238566365257,-0.0446251037316308
"EpiEstim","Mean +60%",75,0.59977224361632,0.562746376538664,0.100771209346367,-0.0370258670776556
"EpiEstim","Mean +60%",76,0.795810456805532,0.72679382925225,0.115898250623371,-0.0690166275532824
"EpiEstim","Mean +60%",77,0.873668877519834,0.780749114032422,0.121041050805949,-0.0929197634874117
"EpiEstim","Mean +60%",78,0.655524310026793,0.572927950595799,0.104496910297727,-0.082596359430994
"EpiEstim","Mean +60%",79,0.810623636163075,0.686690073390264,0.115510080617133,-0.123933562772811
"EpiEstim","Mean +60%",80,0.610456557383718,0.515825162399922,0.101419070390892,-0.0946313949837955
"EpiEstim","Mean +60%",81,0.859858611274139,0.710471243168532,0.12099615470432,-0.149387368105607
"EpiEstim","Mean +60%",82,0.71793472208637,0.597992903105552,0.113169307931799,-0.119941818980818
"EpiEstim","Mean +60%",83,0.992203959261976,0.831069304669177,0.136209957288587,-0.161134654592799
"EpiEstim","Mean +60%",84,1.12541562776308,0.939112679004138,0.147827297671197,-0.186302948758942
"EpiEstim","Mean +60%",85,0.719081428835968,0.599759859396068,0.120491900010311,-0.1193215694399
"EpiEstim","Mean +60%",86,0.84752493125734,0.740234695982864,0.136588013787782,-0.107290235274476
"EpiEstim","Mean +60%",87,0.855021916180829,0.757220178168484,0.140778820880629,-0.0978017380123449
"EpiEstim","Mean +60%",88,1.05231211723794,0.962866342254699,0.161673790707316,-0.0894457749832411
"EpiEstim","Mean +60%",89,0.736245763604483,0.68897131452459,0.138973187542647,-0.0472744490798925
"EpiEstim","Mean +60%",90,0.910435800275709,0.867670566447682,0.158103812700296,-0.0427652338280273
"EpiEstim","Mean +60%",91,0.875373992276142,0.818887373421749,0.155157844309756,-0.0564866188543933
"EpiEstim","Mean +60%",92,1.13308580158326,1.06551064015252,0.178392559955501,-0.067575161430744
"EpiEstim","Mean +60%",93,0.779622317935819,0.725428483187903,0.148281136033758,-0.0541938347479158
"EpiEstim","Mean +60%",94,0.738590807925372,0.698113109845714,0.146422883372255,-0.040477698079658
"EpiEstim","Mean +60%",95,0.736386067431423,0.696096642591865,0.147146805694686,-0.0402894248395582
"EpiEstim","Mean +60%",96,0.940470991453404,0.882412157777389,0.166983277290491,-0.0580588336760153
"EpiEstim","Mean +60%",97,0.92681020267862,0.859094743281672,0.166022517564512,-0.0677154593969483
"EpiEstim","Mean +60%",98,0.805264800704658,0.741547018974369,0.155381397692897,-0.0637177817302887
"EpiEstim","Mean +60%",99,0.96897608307621,0.888310218869808,0.171260183268139,-0.0806658642064023
"EpiEstim","Mean +60%",100,0.483332995262756,0.432704148750339,0.12037141899847,-0.050628846512417
"EpiEstim","Mean +60%",101,0.66077716283239,0.59892883394409,0.142879812311014,-0.0618483288883
"EpiEstim","Mean +60%",102,0.655745239910364,0.593817512239001,0.143774757988051,-0.0619277276713629
"EpiEstim","Mean +60%",103,1.19599908198214,1.07113161660949,0.195466551132538,-0.124867465372647
"EpiEstim","Mean +60%",104,1.52020654998133,1.32437246351757,0.219918861534933,-0.195834086463762
"EpiEstim","Mean +60%",105,1.10303826313934,0.928244570692612,0.18630080284602,-0.174793692446728
"EpiEstim","Mean +60%",106,0.895258886773757,0.774365232228246,0.172325438949219,-0.120893654545511
"EpiEstim","Mean +60%",107,0.603016892421566,0.554183906972026,0.148082402316716,-0.0488329854495402
"EpiEstim","Mean +60%",108,1.07762321196894,1.03770307570322,0.206095847536093,-0.0399201362657202
"EpiEstim","Mean +60%",109,1.67936751135944,1.71023520693173,0.26905416698868,0.0308676955722915
"EpiEstim","Mean +60%",110,0.778512854791425,0.807105257038961,0.186868378259371,0.0285924022475365
"EpiEstim","Mean +60%",111,0.992005341124613,1.02971342736554,0.211950050396503,0.0377080862409231
"EpiEstim","Mean +60%",112,1.07688074493023,1.12312323007502,0.22088468629419,0.04624248514479
"EpiEstim","Mean +60%",113,0.702400819858529,0.768603219552986,0.181996564060913,0.0662023996944573
"EpiEstim","Mean +60%",114,0.976066509197994,1.03214703918428,0.209846865475148,0.0560805299862884
"EpiEstim","Mean +60%",115,1.23867756628513,1.26614672997104,0.231371639911024,0.027469163685907
"EpiEstim","Mean +60%",116,1.16180338965973,1.20360228966595,0.224562441703983,0.0417989000062224
"EpiEstim","Mean +60%",117,1.19462029108814,1.18799656958827,0.221882678955385,-0.00662372149986812
"EpiEstim","Mean +60%",118,1.16321995780671,1.19396761652084,0.221775734350298,0.0307476587141267
"EpiEstim","Mean +60%",119,1.07032628214879,1.08820296940762,0.211203238898876,0.0178766872588272
"EpiEstim","Mean +60%",120,0.877757633134012,0.923306822580237,0.194439873738061,0.0455491894462251
"EpiEstim","Mean +60%",121,1.36755731263547,1.43210932543515,0.242409215928032,0.0645520127996826
"EpiEstim","Mean +60%",122,0.835796444244159,0.906212253991095,0.192555369540305,0.0704158097469363
"EpiEstim","Mean +60%",123,1.26724551805682,1.37487016243749,0.236392429032665,0.107624644380673
"EpiEstim","Mean +60%",124,0.969129898643769,1.03737409471458,0.203969058081826,0.0682441960708079
"EpiEstim","Mean +60%",125,0.847338782890042,0.900471640127701,0.188612430799929,0.053132857237659
"EpiEstim","Mean +60%",126,0.715564882412269,0.77419785079853,0.173317151800326,0.0586329683862615
"EpiEstim","Mean +60%",127,0.94782383341486,1.00457761374765,0.195836559566128,0.0567537803327923
"EpiEstim","Mean +60%",128,0.685081694959754,0.697006156292235,0.16202799571501,0.0119244613324806
"EpiEstim","Mean +60%",129,0.940719567434955,0.935286872589803,0.18655593318534,-0.00543269484515174
"EpiEstim","Mean +60%",130,0.882735861931285,0.858368783899369,0.178174479256131,-0.0243670780319156
"EpiEstim","Mean +60%",131,0.908592867608554,0.844200548966784,0.176240079062349,-0.06439231864177
"EpiEstim","Mean +60%",132,0.919571358645804,0.852805464849713,0.17737459453194,-0.0667658937960905
"EpiEstim","Mean +60%",133,0.772870216905444,0.707815012031443,0.162334298911577,-0.0650552048740014
"EpiEstim","Mean +60%",134,0.850110615604727,0.77192451665726,0.17111055735045,-0.0781860989474666
"EpiEstim","Mean +60%",135,0.784750966748685,0.721934979865098,0.16740234280831,-0.062815986883587
"EpiEstim","Mean +60%",136,0.974669466757976,0.88110417664504,0.18711671872181,-0.0935652901129358
"EpiEstim","Mean +60%",137,0.984151011066472,0.886095228481835,0.189853919039634,-0.0980557825846367
"EpiEstim","Mean +60%",138,1.1907508581573,1.09057595634733,0.21303379660195,-0.100174901809972
"EpiEstim","Mean +60%",139,1.38368582408824,1.26822926321985,0.231813268017392,-0.115456560868394
"EpiEstim","Mean +60%",140,0.815817246340058,0.779313967597038,0.183381532863679,-0.0365032787430196
"EpiEstim","Mean +60%",141,0.948708845408202,0.903672429836707,0.199383714245329,-0.045036415571495
"EpiEstim","Mean +60%",142,0.887913521021147,0.8748548228672,0.197971659561064,-0.0130586981539467
"EpiEstim","Mean +60%",143,1.33195215209727,1.39309683661014,0.251871203529431,0.0611446845128731
"EpiEstim","Mean +60%",144,1.33130915175386,1.38686949475722,0.252487556675223,0.0555603430033578
"EpiEstim","Mean +60%",145,1.36040954450305,1.40610255073866,0.254442763285719,0.0456930062356056
"EpiEstim","Mean +60%",146,1.03071516120352,1.07121994092589,0.221406759792611,0.040504779722367
"EpiEstim","Mean +60%",147,1.01542687773298,1.08432089598704,0.221838287623225,0.0688940182540634
"EpiEstim","Mean +60%",148,0.918038272830281,1.01419566490722,0.213396381462416,0.0961573920769344
"EpiEstim","Mean +60%",149,0.795403147880171,0.867017033233611,0.196168025988989,0.07161388535344
"EpiEstim","Mean +60%",150,0.947076494147123,1.06737575856616,0.216351634800344,0.120299264419041
"EpiEstim","Mean +60%",151,0.838902415667924,0.913650880816066,0.198253711160056,0.0747484651481422
"EpiEstim","Mean +60%",152,1.10280245382765,1.17544391692016,0.222484085070312,0.0726414630925092
"EpiEstim","Mean +60%",153,1.09815440539428,1.09339918472228,0.212100858723592,-0.0047552206720034
"EpiEstim","Mean +60%",154,0.933699509626363,0.89335033728455,0.190015437629964,-0.0403491723418129
"EpiEstim","Mean +60%",155,0.677259462566555,0.646846744967603,0.161080151066709,-0.0304127175989519
"EpiEstim","Mean +60%",156,0.794318325784725,0.736453717235059,0.171975725168187,-0.057864608549666
"EpiEstim","Mean +60%",157,0.863129045133472,0.847230758099038,0.185432911939041,-0.0158982870344342
"EpiEstim","Mean +60%",158,1.2121292060572,1.16113526167848,0.218164978057426,-0.0509939443787184
"EpiEstim","Mean +60%",159,1.02410099479473,0.977185397515057,0.20141558299187,-0.0469155972796732
"EpiEstim","Mean +60%",160,0.905625417711481,0.848369689730448,0.188376774119521,-0.057255727981033
"EpiEstim","Mean +60%",161,0.911623484707899,0.862224504844521,0.190859280569887,-0.0493989798633782
"EpiEstim","Mean +60%",162,0.854314364398061,0.807786291801664,0.185824576909848,-0.0465280725963975
"EpiEstim","Mean +60%",163,0.939538506142908,0.912129791930942,0.199072910151906,-0.0274087142119656
"EpiEstim","Mean +60%",164,0.804264811038419,0.789804793990099,0.186731951916505,-0.0144600170483205
"EpiEstim","Mean +60%",165,1.00142358506205,0.97775042737387,0.20905843011223,-0.0236731576881801
"EpiEstim","Mean +60%",166,1.22258511650756,1.19677579620494,0.23236511861731,-0.0258093203026168
"EpiEstim","Mean +60%",167,0.797785743145654,0.757019728634253,0.185214734091917,-0.0407660145114008
"EpiEstim","Mean +60%",168,1.1498418409574,1.093797862938,0.223383311854231,-0.0560439780193955
"EpiEstim","Mean +60%",169,0.760349335694062,0.736018318214938,0.183741919668133,-0.024331017479124
"EpiEstim","Mean +60%",170,1.37423882796411,1.34013286881607,0.249163041688886,-0.0341059591480426
"EpiEstim","Mean +60%",171,0.879916177740953,0.84934939846285,0.199330077500223,-0.0305667792781029
"EpiEstim","Mean +60%",172,1.40469809778524,1.41930784166576,0.259064661209232,0.0146097438805184
"EpiEstim","Mean +60%",173,0.919193657171105,0.929885581327235,0.210288154252388,0.0106919241561301
"EpiEstim","Mean +60%",174,0.923156528563282,0.959610195220538,0.21383778154777,0.0364536666572557
"EpiEstim","Mean +60%",175,1.03837120055872,1.09441639574588,0.228493961137836,0.0560451951871621
"EpiEstim","Mean +60%",176,0.998550191051843,1.05546765564479,0.224090190714324,0.0569174645929508
"EpiEstim","Mean +60%",177,1.0672490953256,1.11284975848963,0.229703369287357,0.0456006631640284
"EpiEstim","Mean +60%",178,0.796488943635566,0.857765919611767,0.20085615219415,0.0612769759762005
"EpiEstim","Mean +60%",179,1.19853631620291,1.24847885246699,0.240995111109828,0.049942536264084
"EpiEstim","Mean +60%",180,1.18742234445089,1.20513367810485,0.235405801325171,0.01771133365396
"EpiEstim","Mean +60%",181,1.49419822100474,1.50651595178282,0.262338685267124,0.0123177307780753
"EpiEstim","Mean +60%",182,1.51569971274724,1.53875038536959,0.263919901112842,0.0230506726223516
"EpiEstim","Mean +60%",183,0.993078083144793,1.01230295643581,0.213789050555658,0.0192248732910139
"EpiEstim","Mean +60%",184,0.900895179433443,0.969251116806648,0.209258331213405,0.0683559373732047
"EpiEstim","Mean +60%",185,0.823216514722493,0.913144011988517,0.202767777399996,0.089927497266024
"EpiEstim","Mean +60%",186,1.22622352517845,1.37904387170409,0.248742821576156,0.152820346525642
"EpiEstim","Mean +60%",187,0.917485344129662,1.04075420444623,0.214428979262644,0.123268860316564
"EpiEstim","Mean +60%",188,1.14600718978611,1.26234979297079,0.233382185867616,0.116342603184684
"EpiEstim","Mean +60%",189,1.15017955401154,1.23809899330589,0.227727254138155,0.0879194392943505
"EpiEstim","Mean +60%",190,1.13787761403339,1.18632890743337,0.219868329522208,0.0484512933999774
"EpiEstim","Mean +60%",191,1.77820774658985,1.81462943995151,0.268981746965629,0.0364216933616619
"EpiEstim","Mean +60%",192,1.12621869533816,1.14378624530294,0.212043513472416,0.0175675499647769
"EpiEstim","Mean +60%",193,1.63142687231341,1.70468802789377,0.258264890008223,0.0732611555803564
"EpiEstim","Mean +60%",194,1.9613208229511,2.15544335193298,0.290135004832564,0.194122528981876
"EpiEstim","Mean +60%",195,1.62644217295684,1.84765841057692,0.26807423947056,0.221216237620077
"EpiEstim","Mean +60%",196,1.22114876712024,1.47605692704734,0.238211583165674,0.2549081599271
"EpiEstim","Mean +60%",197,1.08512340553335,1.38524001620412,0.22864764165499,0.30011661067077
"EpiEstim","Mean +60%",198,1.22271087570671,1.60950714727818,0.242235692090659,0.386796271571466
"EpiEstim","Mean +60%",199,1.2960340351298,1.71624953440494,0.244415801926782,0.420215499275143
"EpiEstim","Mean +60%",200,1.66920711624072,2.13630673489349,0.265257661680958,0.467099618652766
"EpiEstim","Mean +60%",201,1.16940768861372,1.4681987937283,0.213059051950137,0.298791105114577
"EpiEstim","Mean +60%",202,1.0787760344722,1.30136227765184,0.194257988587252,0.222586243179639
"EpiEstim","Mean +60%",203,0.894614924502778,1.05354052770558,0.169841021454376,0.1589256032028
"EpiEstim","Mean +60%",204,0.818936942727194,0.97272607038735,0.159349263190524,0.153789127660156
"EpiEstim","Mean +60%",205,0.966688195947552,1.13617072659116,0.168676173949382,0.169482530643607
"EpiEstim","Mean +60%",206,0.735602657677609,0.829027649677893,0.141559573645179,0.0934249920002842
"EpiEstim","Mean +60%",207,0.854906249805799,0.918486885747377,0.146574418794097,0.063580635941578
"EpiEstim","Mean +60%",208,1.18360616945073,1.21569642873621,0.166211398493008,0.032090259285483
"EpiEstim","Mean +60%",209,1.4602885501346,1.43094925872841,0.178205913187057,-0.029339291406189
"EpiEstim","Mean +60%",210,0.828346816490767,0.780911300782667,0.130715339130782,-0.0474355157081005
"EpiEstim","Mean +60%",211,0.945514704257119,0.897501324935827,0.139948513396991,-0.0480133793212923
"EpiEstim","Mean +60%",212,0.790503634328223,0.772030660893449,0.130212059797513,-0.0184729734347737
"EpiEstim","Mean +60%",213,1.43200091428725,1.43023756802239,0.178462335561252,-0.00176334626486119
"EpiEstim","Mean +60%",214,1.11427471246835,1.13842748535644,0.160411654835984,0.0241527728880937
"EpiEstim","Mean +60%",215,1.11570572194133,1.13343955051202,0.160803074919594,0.0177338285706867
"EpiEstim","Mean +60%",216,1.45325455274622,1.49552305923637,0.18466076158562,0.042268506490154
"EpiEstim","Mean +60%",217,1.1420513438864,1.18534008415559,0.1639974935802,0.0432887402691853
"EpiEstim","Mean +60%",218,0.657956194341687,0.700875729746338,0.125686648788466,0.0429195354046512
"EpiEstim","Mean +60%",219,1.37055796530381,1.49468177590436,0.182764382766301,0.124123810600551
"EpiEstim","Mean +60%",220,1.1217671045533,1.22400998466543,0.164484713698075,0.102242880112134
"EpiEstim","Mean +60%",221,1.82148085595811,1.98160091780773,0.207892432051085,0.160120061849617
"EpiEstim","Mean +60%",222,1.47820728190538,1.59711443815164,0.184874097445807,0.118907156246257
"EpiEstim","Mean +60%",223,1.22912323671868,1.35536093739477,0.168442792482027,0.126237700676093
"EpiEstim","Mean +60%",224,1.39166921706407,1.56125014927463,0.17892152568647,0.169580932210557
"EpiEstim","Mean +60%",225,1.02692395020016,1.19503406029423,0.154959843640654,0.168110110094071
"EpiEstim","Mean +60%",226,0.944469227223,1.14197640865578,0.149984120360453,0.197507181432778
"EpiEstim","Mean +60%",227,0.882935394281871,1.07954654884913,0.143931491114249,0.19661115456726
"EpiEstim","Mean +60%",228,1.25451332375843,1.50400234691493,0.167049415891166,0.249489023156498
"EpiEstim","Mean +60%",229,1.46482234027448,1.6960004352366,0.173661896428905,0.231178094962123
"EpiEstim","Mean +60%",230,1.51066180760486,1.65569896710515,0.167818769066736,0.145037159500289
"EpiEstim","Mean +60%",231,1.76123960010775,1.90928511000222,0.176644061459385,0.148045509894473
"EpiEstim","Mean +60%",232,1.40610248726795,1.51968814910078,0.154996838929165,0.113585661832831
"EpiEstim","Mean +60%",233,1.50839208568838,1.68970865542767,0.16167738112348,0.181316569739292
"EpiEstim","Mean +60%",234,2.14809922234943,2.51017197431519,0.195499344429157,0.362072751965758
"EpiEstim","Mean +60%",235,1.77316147702833,2.17803582506654,0.180741888441953,0.404874348038205
"EpiEstim","Mean +60%",236,1.73482506410384,2.23861391810629,0.181071842649469,0.503788854002451
"EpiEstim","Mean +60%",237,1.62267353351007,2.20219272068581,0.176312830371307,0.579519187175744
"EpiEstim","Mean +60%",238,1.18124992154851,1.66298581424257,0.14930385494553,0.481735892694065
"EpiEstim","Mean +60%",239,1.18465305674865,1.70099307099999,0.146356908466818,0.516340014251338
"EpiEstim","Mean +60%",240,1.4168407618799,2.02083779757059,0.153978145419894,0.60399703569069
"EpiEstim","Mean +60%",241,1.25636383468336,1.7384456006049,0.137407856873129,0.482081765921536
"EpiEstim","Mean +60%",242,1.12127216596798,1.48168792469183,0.121846956031791,0.360415758723848
"EpiEstim","Mean +60%",243,1.35468577162437,1.70623302645195,0.125682275617055,0.351547254827583
"EpiEstim","Mean +60%",244,1.01073025572083,1.22346753887539,0.102772650741749,0.212737283154563
"EpiEstim","Mean +60%",245,1.09869262296579,1.29601142308904,0.102673833384188,0.197318800123246
"EpiEstim","Mean +60%",246,1.01867243248783,1.1597942614785,0.094802183681799,0.141121828990675
"EpiEstim","Mean +60%",247,0.933300548697082,1.04731957257131,0.0883346153427483,0.114019023874227
"EpiEstim","Mean +60%",248,1.07521131224965,1.18922633197002,0.0925745298934837,0.114015019720368
"EpiEstim","Mean +60%",249,1.30368079751671,1.4154783282957,0.0996064538283901,0.111797530778987
"EpiEstim","Mean +60%",250,1.41725036624756,1.49201271509304,0.101023859811933,0.0747623488454796
"EpiEstim","Mean +60%",251,1.14473843834061,1.18556344989002,0.0891331238617207,0.0408250115494144
"EpiEstim","Mean +60%",252,1.28957905264017,1.34379481093346,0.0941538739296776,0.0542157582932878
"EpiEstim","Mean +60%",253,1.41164181175606,1.51105301592612,0.099340300462573,0.0994112041700599
"EpiEstim","Mean -60%",31,0.584450640057208,0.736060850276207,0.0510063610594524,0.151610210218999
"EpiEstim","Mean -60%",32,0.680297862250013,0.881436543105872,0.0578531002866156,0.201138680855859
"EpiEstim","Mean -60%",33,0.95896579009836,1.21322430308718,0.0688083895672537,0.254258512988816
"EpiEstim","Mean -60%",34,1.26713544933213,1.41273113060087,0.0718677036135267,0.14559568126874
"EpiEstim","Mean -60%",35,1.32835487275134,1.25553593796095,0.0640345770303313,-0.0728189347903849
"EpiEstim","Mean -60%",36,0.820532179912435,0.703130899619623,0.0463477170128996,-0.117401280292812
"EpiEstim","Mean -60%",37,0.605066948223753,0.570746613592282,0.0438326069876858,-0.0343203346314713
"EpiEstim","Mean -60%",38,0.480613317476216,0.528705658707067,0.0450439983764899,0.0480923412308507
"EpiEstim","Mean -60%",39,0.729684595490469,0.931794042257969,0.064095315514046,0.2021094467675
"EpiEstim","Mean -60%",40,0.815117093248404,1.03675096429244,0.0678898805644272,0.221633871044036
"EpiEstim","Mean -60%",41,0.615435524003123,0.732282302839272,0.056602018410003,0.116846778836149
"EpiEstim","Mean -60%",42,0.771681049543453,0.948238399090502,0.0670279231242568,0.17655734954705
"EpiEstim","Mean -60%",43,0.638637642797715,0.74943108514229,0.0598803194469655,0.110793442344575
"EpiEstim","Mean -60%",44,0.502607638572081,0.602728869478495,0.0556956405454144,0.100121230906414
"EpiEstim","Mean -60%",45,0.419348773276434,0.53861406933351,0.0558325678911739,0.119265296057076
"EpiEstim","Mean -60%",46,0.532523289397014,0.744216058708785,0.0701840209550287,0.211692769311772
"EpiEstim","Mean -60%",47,0.748164536979726,1.05057302663316,0.0861405669642992,0.302408489653431
"EpiEstim","Mean -60%",48,0.699597036363356,0.89673350448958,0.0786425342406303,0.197136468126224
"EpiEstim","Mean -60%",49,0.840634610500807,1.00884451702439,0.0845855130067166,0.168209906523583
"EpiEstim","Mean -60%",50,0.605572567510499,0.680999200981372,0.0692897145309301,0.075426633470873
"EpiEstim","Mean -60%",51,0.551154795645625,0.644199814884767,0.0707275340342475,0.093045019239142
"EpiEstim","Mean -60%",52,0.382419782215341,0.478880163313793,0.0642133104992309,0.0964603810984517
"EpiEstim","Mean -60%",53,0.67605453850849,0.940015902746323,0.0972520539900429,0.263961364237833
"EpiEstim","Mean -60%",54,0.67389745281474,0.888775674682488,0.0947536701087621,0.214878221867748
"EpiEstim","Mean -60%",55,0.928654307802489,1.17361227223085,0.110396488248357,0.244957964428361
"EpiEstim","Mean -60%",56,0.750444909156983,0.838423052570635,0.0908407402798368,0.0879781434136518
"EpiEstim","Mean -60%",57,0.713559496047443,0.783614184294292,0.0900229854704834,0.0700546882468487
"EpiEstim","Mean -60%",58,0.492127182876667,0.549637938530054,0.0778064447551319,0.0575107556533868
"EpiEstim","Mean -60%",59,0.488121905081673,0.607155399460184,0.0875455132323345,0.119033494378511
"EpiEstim","Mean -60%",60,0.671861168143052,0.89498447184115,0.112350400512559,0.223123303698098
"EpiEstim","Mean -60%",61,0.791762464983911,1.03207153320966,0.121886038074844,0.240309068225752
"EpiEstim","Mean -60%",62,0.652922492639065,0.790144650870511,0.105861359261092,0.137222158231446
"EpiEstim","Mean -60%",63,0.613891069127135,0.738766263052088,0.105568677921922,0.124875193924953
"EpiEstim","Mean -60%",64,0.747174650317661,0.912599297460003,0.121799286540726,0.165424647142342
"EpiEstim","Mean -60%",65,0.706701130088712,0.832451112766894,0.117534482141762,0.125749982678182
"EpiEstim","Mean -60%",66,0.51187393654748,0.605328628613042,0.102595579803828,0.0934546920655617
"EpiEstim","Mean -60%",67,0.670601402325688,0.846319364672794,0.128722192746427,0.175717962347106
"EpiEstim","Mean -60%",68,1.17253163081397,1.47014300455741,0.172846357047052,0.297611373743437
"EpiEstim","Mean -60%",69,1.09882955126721,1.13021900379781,0.141814586093694,0.0313894525305969
"EpiEstim","Mean -60%",70,0.864010024055233,0.823738672085111,0.119092658801075,-0.040271351970122
"EpiEstim","Mean -60%",71,0.715098113998147,0.711547264942078,0.11387159027088,-0.0035508490560695
"EpiEstim","Mean -60%",72,0.5778146754347,0.621351763139842,0.111165204840343,0.0435370877051416
"EpiEstim","Mean -60%",73,0.968098548670386,1.16690436074934,0.161095783970487,0.198805812078957
"EpiEstim","Mean -60%",74,0.655349167508219,0.736630622241009,0.124528132155336,0.0812814547327899
"EpiEstim","Mean -60%",75,0.59977224361632,0.71128122484051,0.127402282026721,0.11150898122419
"EpiEstim","Mean -60%",76,0.795810456805532,0.976244388844259,0.155692794585914,0.180433932038727
"EpiEstim","Mean -60%",77,0.873668877519834,1.03264454503582,0.16009920297009,0.158975667515981
"EpiEstim","Mean -60%",78,0.655524310026793,0.738074144569695,0.134629665814351,0.082549834542902
"EpiEstim","Mean -60%",79,0.810623636163075,0.93954997866214,0.158102823973657,0.128926342499065
"EpiEstim","Mean -60%",80,0.610456557383718,0.697666597134676,0.137191464176496,0.0872100397509581
"EpiEstim","Mean -60%",81,0.859858611274139,1.01757942897648,0.173347825387835,0.157720817702336
"EpiEstim","Mean -60%",82,0.71793472208637,0.815614291154327,0.15441612836323,0.0976795690679575
"EpiEstim","Mean -60%",83,0.992203959261976,1.14897616077746,0.188366272363622,0.156772201515481
"EpiEstim","Mean -60%",84,1.12541562776308,1.19029921018244,0.18741316877736,0.0648835824193592
"EpiEstim","Mean -60%",85,0.719081428835968,0.692436560919003,0.139183576063971,-0.026644867916965
"EpiEstim","Mean -60%",86,0.84752493125734,0.907195337190772,0.167479705672301,0.059670405933432
"EpiEstim","Mean -60%",87,0.855021916180829,0.915144540852673,0.170230367203415,0.0601226246718439
"EpiEstim","Mean -60%",88,1.05231211723794,1.14853253530665,0.193009078451671,0.096220418068711
"EpiEstim","Mean -60%",89,0.736245763604483,0.762111528060356,0.15380664103745,0.0258657644558727
"EpiEstim","Mean -60%",90,0.910435800275709,1.00662591159084,0.183561978284074,0.096190111315127
"EpiEstim","Mean -60%",91,0.875373992276142,0.927663802069989,0.175800357751001,0.0522898097938468
"EpiEstim","Mean -60%",92,1.13308580158326,1.21263803177434,0.203141709248882,0.0795522301910805
"EpiEstim","Mean -60%",93,0.779622317935819,0.766930420016545,0.156813475191952,-0.0126918979192744
"EpiEstim","Mean -60%",94,0.738590807925372,0.784393557304782,0.16456203382444,0.0458027493794104
"EpiEstim","Mean -60%",95,0.736386067431423,0.82116142026943,0.173672353751715,0.0847753528380075
"EpiEstim","Mean -60%",96,0.940470991453404,1.07794413734145,0.204233735469471,0.137473145888043
"EpiEstim","Mean -60%",97,0.92681020267862,1.01008324776665,0.195281738201428,0.0832730450880264
"EpiEstim","Mean -60%",98,0.805264800704658,0.858635402219498,0.179916941106686,0.0533706015148403
"EpiEstim","Mean -60%",99,0.96897608307621,1.05895834288247,0.204207199751076,0.0899822598062623
"EpiEstim","Mean -60%",100,0.483332995262756,0.498785438648801,0.138815493270931,0.0154524433860448
"EpiEstim","Mean -60%",101,0.66077716283239,0.796387144875289,0.190070349955085,0.135609982042899
"EpiEstim","Mean -60%",102,0.655745239910364,0.815566552303278,0.197553666729668,0.159821312392914
"EpiEstim","Mean -60%",103,1.19599908198214,1.51289841987522,0.276124064096491,0.316899337893082
"EpiEstim","Mean -60%",104,1.52020654998133,1.58213026762716,0.262794510914562,0.0619237176458309
"EpiEstim","Mean -60%",105,1.10303826313934,0.930598562896938,0.186785503653985,-0.172439700242402
"EpiEstim","Mean -60%",106,0.895258886773757,0.780103350469482,0.173635693862507,-0.115155536304275
"EpiEstim","Mean -60%",107,0.603016892421566,0.580717704193063,0.155275300527757,-0.0222991882285032
"EpiEstim","Mean -60%",108,1.07762321196894,1.19816622411387,0.238001701416747,0.120543012144926
"EpiEstim","Mean -60%",109,1.67936751135944,1.79545482077663,0.282721424590836,0.11608730941719
"EpiEstim","Mean -60%",110,0.778512854791425,0.674183498928391,0.156104997522027,-0.104329355863034
"EpiEstim","Mean -60%",111,0.992005341124613,0.954174686182669,0.196456459581142,-0.0378306549419443
"EpiEstim","Mean -60%",112,1.07688074493023,1.05727587833373,0.20811471102781,-0.0196048665965038
"EpiEstim","Mean -60%",113,0.702400819858529,0.719864542275027,0.170506173833946,0.017463722416498
"EpiEstim","Mean -60%",114,0.976066509197994,1.06389220312879,0.216503394046211,0.0878256939307928
"EpiEstim","Mean -60%",115,1.23867756628513,1.29084724601531,0.236036036951708,0.0521696797301825
"EpiEstim","Mean -60%",116,1.16180338965973,1.14330261981291,0.213433800410453,-0.0185007698468176
"EpiEstim","Mean -60%",117,1.19462029108814,1.09969953960579,0.205460203758157,-0.0949207514823518
"EpiEstim","Mean -60%",118,1.16321995780671,1.08822653784138,0.202232898452314,-0.0749934199653277
"EpiEstim","Mean -60%",119,1.07032628214879,0.974599221094774,0.189265741060187,-0.0957270610540156
"EpiEstim","Mean -60%",120,0.877757633134012,0.837714471275334,0.176437975785294,-0.0400431618586784
"EpiEstim","Mean -60%",121,1.36755731263547,1.36560622960457,0.231240237122778,-0.00195108303090419
"EpiEstim","Mean -60%",122,0.835796444244159,0.780656784881872,0.165993466745472,-0.0551396593622869
"EpiEstim","Mean -60%",123,1.26724551805682,1.28385422287467,0.22079119857673,0.0166087048178467
"EpiEstim","Mean -60%",124,0.969129898643769,0.906016468185745,0.178189562314958,-0.0631134304580242
"EpiEstim","Mean -60%",125,0.847338782890042,0.82639847151333,0.173198090566245,-0.0209403113767122
"EpiEstim","Mean -60%",126,0.715564882412269,0.76284080741467,0.170825184586717,0.047275925002401
"EpiEstim","Mean -60%",127,0.94782383341486,1.07943941377502,0.210499209704388,0.131615580360162
"EpiEstim","Mean -60%",128,0.685081694959754,0.739691281069321,0.172023605154551,0.0546095861095673
"EpiEstim","Mean -60%",129,0.940719567434955,1.08761923960792,0.217050934544581,0.146899672172963
"EpiEstim","Mean -60%",130,0.882735861931285,0.979003322883542,0.203292463241525,0.0962674609522566
"EpiEstim","Mean -60%",131,0.908592867608554,0.973399942823253,0.203240972508844,0.0648070752146991
"EpiEstim","Mean -60%",132,0.919571358645804,0.989355926984468,0.205832148920623,0.069784568338664
"EpiEstim","Mean -60%",133,0.772870216905444,0.816959134847606,0.187357497895767,0.0440889179421624
"EpiEstim","Mean -60%",134,0.850110615604727,0.926298753922816,0.205369223499155,0.0761881383180889
"EpiEstim","Mean -60%",135,0.784750966748685,0.86459289357278,0.200504746813369,0.0798419268240949
"EpiEstim","Mean -60%",136,0.974669466757976,1.07075996434465,0.227479644903682,0.0960904975866788
"EpiEstim","Mean -60%",137,0.984151011066472,1.03062109035788,0.220783788309881,0.0464700792914068
"EpiEstim","Mean -60%",138,1.1907508581573,1.2316871999434,0.240663526977026,0.0409363417861017
"EpiEstim","Mean -60%",139,1.38368582408824,1.31879634685151,0.241047119524291,-0.0648894772367297
"EpiEstim","Mean -60%",140,0.815817246340058,0.730990677200827,0.172094028536953,-0.0848265691392315
"EpiEstim","Mean -60%",141,0.948708845408202,0.911114113335823,0.201017246291235,-0.0375947320723788
"EpiEstim","Mean -60%",142,0.887913521021147,0.88804218157066,0.201026101049487,0.000128660549513104
"EpiEstim","Mean -60%",143,1.33195215209727,1.43935201958521,0.260286781730105,0.10739986748794
"EpiEstim","Mean -60%",144,1.33130915175386,1.25649111191768,0.22883549356267,-0.0748180398361775
"EpiEstim","Mean -60%",145,1.36040954450305,1.19041996163771,0.215566717015259,-0.169989582865337
"EpiEstim","Mean -60%",146,1.03071516120352,0.869893399714154,0.17992816700961,-0.160821761489366
"EpiEstim","Mean -60%",147,1.01542687773298,0.930700192624123,0.190476224181063,-0.084726685108857
"EpiEstim","Mean -60%",148,0.918038272830281,0.898296779073236,0.189083688992832,-0.0197414937570446
"EpiEstim","Mean -60%",149,0.795403147880171,0.800189340543561,0.1811676664277,0.00478619266339009
"EpiEstim","Mean -60%",150,0.947076494147123,1.06022375131848,0.215116001943713,0.11314725717136
"EpiEstim","Mean -60%",151,0.838902415667924,0.906867314494677,0.196961317687529,0.0679648988267527
"EpiEstim","Mean -60%",152,1.10280245382765,1.22820602470617,0.232694816594127,0.125403570878521
"EpiEstim","Mean -60%",153,1.09815440539428,1.09580275216089,0.212670070840898,-0.00235165323339359
"EpiEstim","Mean -60%",154,0.933699509626363,0.889935734663487,0.189404001578863,-0.0437637749628762
"EpiEstim","Mean -60%",155,0.677259462566555,0.674353572533965,0.168034476300514,-0.00290589003259012
"EpiEstim","Mean -60%",156,0.794318325784725,0.84839896257418,0.198212316989763,0.0540806367894545
"EpiEstim","Mean -60%",157,0.863129045133472,1.00832950062654,0.220818742616065,0.145200455493063
"EpiEstim","Mean -60%",158,1.2121292060572,1.36036958150511,0.255503724917382,0.148240375447912
"EpiEstim","Mean -60%",159,1.02410099479473,1.0240493574663,0.211130003551406,-5.16373284260574e-05
"EpiEstim","Mean -60%",160,0.905625417711481,0.880919230745483,0.195513449133894,-0.0247061869659984
"EpiEstim","Mean -60%",161,0.911623484707899,0.921415776531687,0.204004251701723,0.00979229182378782
"EpiEstim","Mean -60%",162,0.854314364398061,0.874809105645666,0.201174289041135,0.0204947412476052
"EpiEstim","Mean -60%",163,0.939538506142908,1.010223298408,0.22044250093302,0.0706847922650906
"EpiEstim","Mean -60%",164,0.804264811038419,0.85708544890451,0.202649047435076,0.0528206378660914
"EpiEstim","Mean -60%",165,1.00142358506205,1.09482917677059,0.233958335829926,0.0934055917085415
"EpiEstim","Mean -60%",166,1.22258511650756,1.29051544242136,0.250495394495695,0.067930325913798
"EpiEstim","Mean -60%",167,0.797785743145654,0.750394244468362,0.183492181468743,-0.0473914986772922
"EpiEstim","Mean -60%",168,1.1498418409574,1.17106040593815,0.239098675408618,0.0212185649807519
"EpiEstim","Mean -60%",169,0.760349335694062,0.745604638288463,0.18596339365246,-0.0147446974055994
"EpiEstim","Mean -60%",170,1.37423882796411,1.45637589226559,0.270810653834618,0.0821370643014827
"EpiEstim","Mean -60%",171,0.879916177740953,0.804827369183225,0.188961891200696,-0.0750888085577278
"EpiEstim","Mean -60%",172,1.40469809778524,1.42527589232115,0.260192330788203,0.0205777945359102
"EpiEstim","Mean -60%",173,0.919193657171105,0.824953355423895,0.18662440059401,-0.0942403017472098
"EpiEstim","Mean -60%",174,0.923156528563282,0.900665261043271,0.200869134348423,-0.0224912675200105
"EpiEstim","Mean -60%",175,1.03837120055872,1.05851141780845,0.221231605882606,0.0201402172497318
"EpiEstim","Mean -60%",176,0.998550191051843,1.00536941342635,0.213827681330256,0.00681922237450772
"EpiEstim","Mean -60%",177,1.0672490953256,1.06801057502714,0.220759770233468,0.000761479701538725
"EpiEstim","Mean -60%",178,0.796488943635566,0.815332874344528,0.19115798634289,0.0188439307089618
"EpiEstim","Mean -60%",179,1.19853631620291,1.27275117469467,0.245860158071945,0.0742148584917628
"EpiEstim","Mean -60%",180,1.18742234445089,1.14820805338228,0.224598253915257,-0.0392142910686082
"EpiEstim","Mean -60%",181,1.49419822100474,1.39729507107014,0.243502392868949,-0.0969031499346034
"EpiEstim","Mean -60%",182,1.51569971274724,1.29092547521049,0.22155621820936,-0.224774237536754
"EpiEstim","Mean -60%",183,0.993078083144793,0.792060793819404,0.167410294883837,-0.201017289325389
"EpiEstim","Mean -60%",184,0.900895179433443,0.815209680179755,0.176161081852496,-0.0856854992536878
"EpiEstim","Mean -60%",185,0.823216514722493,0.813662441473425,0.180816422808654,-0.00955407324906832
"EpiEstim","Mean -60%",186,1.22622352517845,1.30672302447085,0.23590398649884,0.0804994992924026
"EpiEstim","Mean -60%",187,0.917485344129662,0.916634207554095,0.188933127037674,-0.000851136575567235
"EpiEstim","Mean -60%",188,1.14600718978611,1.1732524816584,0.216967902917042,0.027245291872291
"EpiEstim","Mean -60%",189,1.15017955401154,1.12831996676896,0.20771420950765,-0.0218595872425833
"EpiEstim","Mean -60%",190,1.13787761403339,1.07703721343144,0.199749503144877,-0.0608404006019456
"EpiEstim","Mean -60%",191,1.77820774658985,1.65332217275687,0.245177542259841,-0.124885573832982
"EpiEstim","Mean -60%",192,1.12621869533816,0.889153705916616,0.164871193338476,-0.237064989421544
"EpiEstim","Mean -60%",193,1.63142687231341,1.39294021185675,0.211083139096754,-0.238486660456658
"EpiEstim","Mean -60%",194,1.9613208229511,1.58747971108904,0.213752668405895,-0.373841111862056
"EpiEstim","Mean -60%",195,1.62644217295684,1.17370081094659,0.170323484597749,-0.452741362010253
"EpiEstim","Mean -60%",196,1.22114876712024,0.911508934306215,0.147126152983719,-0.309639832814025
"EpiEstim","Mean -60%",197,1.08512340553335,0.903798606358871,0.149202350864154,-0.181324799174479
"EpiEstim","Mean -60%",198,1.22271087570671,1.11893075408798,0.168363088184657,-0.103780121618728
"EpiEstim","Mean -60%",199,1.2960340351298,1.20778804093457,0.171939209430562,-0.0882459941952298
"EpiEstim","Mean -60%",200,1.66920711624072,1.50287532471961,0.186646688450637,-0.166331791521114
"EpiEstim","Mean -60%",201,1.16940768861372,0.963493116243098,0.139822464149373,-0.205914572370622
"EpiEstim","Mean -60%",202,1.0787760344722,0.928365655317103,0.138586379658052,-0.150410379155097
"EpiEstim","Mean -60%",203,0.894614924502778,0.815727087235584,0.131543541779983,-0.0788878372671945
"EpiEstim","Mean -60%",204,0.818936942727194,0.836358403078873,0.137057630367989,0.0174214603516794
"EpiEstim","Mean -60%",205,0.966688195947552,1.06628651240806,0.158307425822741,0.0995983164605116
"EpiEstim","Mean -60%",206,0.735602657677609,0.788935516596517,0.134740462801681,0.053332858918908
"EpiEstim","Mean -60%",207,0.854906249805799,0.963290835850527,0.153784498102535,0.108384586044728
"EpiEstim","Mean -60%",208,1.18360616945073,1.32475638634544,0.181174207629829,0.141150216894705
"EpiEstim","Mean -60%",209,1.4602885501346,1.45681965889229,0.181444995390324,-0.00346889124230954
"EpiEstim","Mean -60%",210,0.828346816490767,0.714618552630447,0.119594527189991,-0.11372826386032
"EpiEstim","Mean -60%",211,0.945514704257119,0.90647802315704,0.141339094113848,-0.0390366811000795
"EpiEstim","Mean -60%",212,0.790503634328223,0.794846695917033,0.134039223729008,0.00434306158881048
"EpiEstim","Mean -60%",213,1.43200091428725,1.54361074307526,0.192605707568363,0.111609828788014
"EpiEstim","Mean -60%",214,1.11427471246835,1.04266300798603,0.146952674549438,-0.0716117044823228
"EpiEstim","Mean -60%",215,1.11570572194133,1.02386982616092,0.145242874968142,-0.0918358957804131
"EpiEstim","Mean -60%",216,1.45325455274622,1.34463614283984,0.16597555825431,-0.108618409906385
"EpiEstim","Mean -60%",217,1.1420513438864,0.974335306535153,0.134852647984157,-0.167716037351247
"EpiEstim","Mean -60%",218,0.657956194341687,0.588861619392662,0.105625614377912,-0.0690945749490248
"EpiEstim","Mean -60%",219,1.37055796530381,1.44378598859647,0.176543391376683,0.0732280232926643
"EpiEstim","Mean -60%",220,1.1217671045533,1.05186183835689,0.141381747979867,-0.0699052661964139
"EpiEstim","Mean -60%",221,1.82148085595811,1.71052557701953,0.179493822203473,-0.110955278938577
"EpiEstim","Mean -60%",222,1.47820728190538,1.1659107185493,0.134956726408516,-0.312296563356079
"EpiEstim","Mean -60%",223,1.22912323671868,0.97420309394338,0.121051877721969,-0.2549201427753
"EpiEstim","Mean -60%",224,1.39166921706407,1.16224099277004,0.133214442695264,-0.229428224294032
"EpiEstim","Mean -60%",225,1.02692395020016,0.868599358238935,0.112647389404736,-0.158324591961225
"EpiEstim","Mean -60%",226,0.944469227223,0.885021751489734,0.116256682034736,-0.0594474757332664
"EpiEstim","Mean -60%",227,0.882935394281871,0.888092477886458,0.118427599239722,0.00515708360458733
"EpiEstim","Mean -60%",228,1.25451332375843,1.322379716272,0.146890086899835,0.0678663925135663
"EpiEstim","Mean -60%",229,1.46482234027448,1.41849684357373,0.14525536651567,-0.0463254967007483
"EpiEstim","Mean -60%",230,1.51066180760486,1.29542575217069,0.131331121626297,-0.215236055434175
"EpiEstim","Mean -60%",231,1.76123960010775,1.44268688333315,0.133508449255401,-0.318552716774602
"EpiEstim","Mean -60%",232,1.40610248726795,1.05652471524445,0.107758883195409,-0.3495777720235
"EpiEstim","Mean -60%",233,1.50839208568838,1.19211883647569,0.114073660328707,-0.316273249212685
"EpiEstim","Mean -60%",234,2.14809922234943,1.71006104762668,0.133180974631399,-0.438038174722748
"EpiEstim","Mean -60%",235,1.77316147702833,1.25334133587176,0.104020405371155,-0.519820141156575
"EpiEstim","Mean -60%",236,1.73482506410384,1.2411995622246,0.100395092471705,-0.493625501879237
"EpiEstim","Mean -60%",237,1.62267353351007,1.19229834505711,0.0954436914781578,-0.430375188452957
"EpiEstim","Mean -60%",238,1.18124992154851,0.902359542601181,0.0810013792967332,-0.278890378947329
"EpiEstim","Mean -60%",239,1.18465305674865,1.01750563097329,0.0875406835013742,-0.167147425775364
"EpiEstim","Mean -60%",240,1.4168407618799,1.29299541875694,0.0985368952049828,-0.123845343122956
"EpiEstim","Mean -60%",241,1.25636383468336,1.10850280659856,0.0876375417583895,-0.147861028084803
"EpiEstim","Mean -60%",242,1.12127216596798,0.997475590699131,0.0820228339063823,-0.123796575268849
"EpiEstim","Mean -60%",243,1.35468577162437,1.24722912648523,0.0918604029280979,-0.107456645139143
"EpiEstim","Mean -60%",244,1.01073025572083,0.896285319734348,0.0753020676038942,-0.114444935986482
"EpiEstim","Mean -60%",245,1.09869262296579,1.04410258419067,0.0827372543661098,-0.0545900387751215
"EpiEstim","Mean -60%",246,1.01867243248783,0.968869306136583,0.0792012133993441,-0.0498031263512472
"EpiEstim","Mean -60%",247,0.933300548697082,0.919431761770754,0.0775511898680424,-0.0138687869263284
"EpiEstim","Mean -60%",248,1.07521131224965,1.10511017760371,0.086018370211459,0.0298988653540573
"EpiEstim","Mean -60%",249,1.30368079751671,1.31131776236196,0.0922781459991447,0.00763696484524989
"EpiEstim","Mean -60%",250,1.41725036624756,1.29982873494333,0.0880063930306678,-0.117421631304227
"EpiEstim","Mean -60%",251,1.14473843834061,0.973498651395695,0.0731854820499322,-0.171239786944915
"EpiEstim","Mean -60%",252,1.28957905264017,1.13636770282318,0.0796228522453801,-0.153211349816994
"EpiEstim","Mean -60%",253,1.41164181175606,1.24458801915646,0.0818358350989634,-0.167053792599603
"EpiEstim","SD -60%",31,0.584450640057208,0.59650841237169,0.0413358806476583,0.0120577723144821
"EpiEstim","SD -60%",32,0.680297862250013,0.670640941544976,0.0440177747966511,-0.00965692070503721
"EpiEstim","SD -60%",33,0.95896579009836,0.922779190345091,0.0523359236890779,-0.0361865997532691
"EpiEstim","SD -60%",34,1.26713544933213,1.21413006798628,0.0617644485896613,-0.0530053813458486
"EpiEstim","SD -60%",35,1.32835487275134,1.30027361997013,0.0663154908566651,-0.0280812527812127
"EpiEstim","SD -60%",36,0.820532179912435,0.854908162808869,0.0563517792635456,0.0343759828964336
"EpiEstim","SD -60%",37,0.605066948223753,0.695159734091668,0.0533859304086342,0.0900927858679148
"EpiEstim","SD -60%",38,0.480613317476216,0.590521451378404,0.0503101207854351,0.109908133902188
"EpiEstim","SD -60%",39,0.729684595490469,0.850357701735772,0.0584958633755883,0.120673106245303
"EpiEstim","SD -60%",40,0.815117093248404,0.814841432933665,0.0533603159389441,-0.00027566031473869
"EpiEstim","SD -60%",41,0.615435524003123,0.520909021275815,0.0402655036121307,-0.0945265027273076
"EpiEstim","SD -60%",42,0.771681049543453,0.623115332577468,0.0440446708360275,-0.148565716965985
"EpiEstim","SD -60%",43,0.638637642797715,0.558975930081848,0.0446640451670354,-0.0796617127158674
"EpiEstim","SD -60%",44,0.502607638572081,0.514695876690458,0.0475608885757597,0.0120882381183766
"EpiEstim","SD -60%",45,0.419348773276434,0.473808138657055,0.0491138776363341,0.0544593653806205
"EpiEstim","SD -60%",46,0.532523289397014,0.583175055771084,0.0549989661167921,0.0506517663740703
"EpiEstim","SD -60%",47,0.748164536979726,0.75612268384642,0.0619946482853061,0.00795814686669438
"EpiEstim","SD -60%",48,0.699597036363356,0.669941736648038,0.0587541776611488,-0.0296552997153178
"EpiEstim","SD -60%",49,0.840634610500807,0.776952623563319,0.0651472090520729,-0.0636819869374882
"EpiEstim","SD -60%",50,0.605572567510499,0.590673437601279,0.0600981459558595,-0.0148991299092202
"EpiEstim","SD -60%",51,0.551154795645625,0.593688401416362,0.0651811513453087,0.042533605770737
"EpiEstim","SD -60%",52,0.382419782215341,0.452828442186335,0.0607232208376639,0.0704086599709941
"EpiEstim","SD -60%",53,0.67605453850849,0.778816687592051,0.0805750930955697,0.102762149083561
"EpiEstim","SD -60%",54,0.67389745281474,0.698377446500776,0.0744643772082141,0.0244799936860357
"EpiEstim","SD -60%",55,0.928654307802489,0.868535519799296,0.0817115140055612,-0.0601187880031931
"EpiEstim","SD -60%",56,0.750444909156983,0.678905638342934,0.0735567278968223,-0.0715392708140485
"EpiEstim","SD -60%",57,0.713559496047443,0.680116921246374,0.0781304106070379,-0.0334425748010692
"EpiEstim","SD -60%",58,0.492127182876667,0.528960273639944,0.0748815352888546,0.0368330907632775
"EpiEstim","SD -60%",59,0.488121905081673,0.574584544285065,0.0828556860664566,0.0864626392033918
"EpiEstim","SD -60%",60,0.671861168143052,0.761288257047347,0.0955652061381309,0.0894270889042947
"EpiEstim","SD -60%",61,0.791762464983911,0.806124928130718,0.0952096061089248,0.0143624631468071
"EpiEstim","SD -60%",62,0.652922492639065,0.602178339338586,0.0806791225685843,-0.050744153300479
"EpiEstim","SD -60%",63,0.613891069127135,0.552107160460697,0.0789092378431501,-0.0617839086664379
"EpiEstim","SD -60%",64,0.747174650317661,0.718782059724853,0.0959370094455265,-0.0283925905928077
"EpiEstim","SD -60%",65,0.706701130088712,0.756548769955581,0.106814500627272,0.0498476398668692
"EpiEstim","SD -60%",66,0.51187393654748,0.581793439768777,0.0985921578426888,0.0699195032212965
"EpiEstim","SD -60%",67,0.670601402325688,0.724121820064879,0.110108692290728,0.0535204177391907
"EpiEstim","SD -60%",68,1.17253163081397,1.18985652749933,0.139903384997094,0.0173248966853576
"EpiEstim","SD -60%",69,1.09882955126721,1.07567345617259,0.134971820498679,-0.0231560950946239
"EpiEstim","SD -60%",70,0.864010024055233,0.856032939231936,0.123761981827508,-0.00797708482329662
"EpiEstim","SD -60%",71,0.715098113998147,0.739606712400617,0.118376289667781,0.0245085984024696
"EpiEstim","SD -60%",72,0.5778146754347,0.637292219631573,0.114002813313551,0.0594775441968735
"EpiEstim","SD -60%",73,0.968098548670386,1.12581463522055,0.155422576778629,0.157716086550166
"EpiEstim","SD -60%",74,0.655349167508219,0.711192932214161,0.120239090030014,0.0558437647059419
"EpiEstim","SD -60%",75,0.59977224361632,0.570031688942239,0.102099166898049,-0.029740554674081
"EpiEstim","SD -60%",76,0.795810456805532,0.696549636461987,0.111092133076361,-0.0992608203435452
"EpiEstim","SD -60%",77,0.873668877519834,0.794950478759023,0.123287557828514,-0.0787183987608105
"EpiEstim","SD -60%",78,0.655524310026793,0.654893988957127,0.11946681287355,-0.000630321069666429
"EpiEstim","SD -60%",79,0.810623636163075,0.840130791993762,0.14135910462699,0.0295071558306871
"EpiEstim","SD -60%",80,0.610456557383718,0.636600647960098,0.125193512962648,0.0261440905763801
"EpiEstim","SD -60%",81,0.859858611274139,0.88630670271118,0.150972971887874,0.0264480914370412
"EpiEstim","SD -60%",82,0.71793472208637,0.748857326674256,0.14171477935064,0.0309226045878862
"EpiEstim","SD -60%",83,0.992203959261976,1.00635880729329,0.164979132635341,0.0141548480313152
"EpiEstim","SD -60%",84,1.12541562776308,1.10196763538115,0.173499618463625,-0.023447992381934
"EpiEstim","SD -60%",85,0.719081428835968,0.704131753679253,0.141529187974059,-0.014949675156715
"EpiEstim","SD -60%",86,0.84752493125734,0.887128074490568,0.163748457813674,0.0396031432332277
"EpiEstim","SD -60%",87,0.855021916180829,0.915423171216488,0.170274088266794,0.0604012550356592
"EpiEstim","SD -60%",88,1.05231211723794,1.13911682428323,0.191346549711672,0.0868047070452878
"EpiEstim","SD -60%",89,0.736245763604483,0.768410999905106,0.155076149034758,0.0321652363006231
"EpiEstim","SD -60%",90,0.910435800275709,0.899850817896412,0.164065378380303,-0.0105849823792967
"EpiEstim","SD -60%",91,0.875373992276142,0.829950338825454,0.157335856023653,-0.0454236534506883
"EpiEstim","SD -60%",92,1.13308580158326,1.12090408671331,0.187745722958944,-0.0121817148699506
"EpiEstim","SD -60%",93,0.779622317935819,0.790086249606774,0.161639187485076,0.0104639316709547
"EpiEstim","SD -60%",94,0.738590807925372,0.757512022525838,0.15892561446188,0.0189212146004659
"EpiEstim","SD -60%",95,0.736386067431423,0.745701962368716,0.157737323337306,0.00931589493729301
"EpiEstim","SD -60%",96,0.940470991453404,0.949325849983558,0.179772091076515,0.00885485853015355
"EpiEstim","SD -60%",97,0.92681020267862,0.920865740979353,0.17800701857923,-0.00594446169926743
"EpiEstim","SD -60%",98,0.805264800704658,0.775131010976974,0.162420825348444,-0.0301337897276841
"EpiEstim","SD -60%",99,0.96897608307621,0.92322785522997,0.178027813486895,-0.0457482278462398
"EpiEstim","SD -60%",100,0.483332995262756,0.470861288540278,0.131043390473988,-0.0124717067224781
"EpiEstim","SD -60%",101,0.66077716283239,0.692148141817825,0.16519717696446,0.0313709789854351
"EpiEstim","SD -60%",102,0.655745239910364,0.692900481297403,0.16789240764343,0.0371552413870391
"EpiEstim","SD -60%",103,1.19599908198214,1.203094351985,0.219699726548498,0.00709527000285703
"EpiEstim","SD -60%",104,1.52020654998133,1.43904463317515,0.239066582908033,-0.0811619168061801
"EpiEstim","SD -60%",105,1.10303826313934,1.01042590555004,0.202913624266526,-0.0926123575892994
"EpiEstim","SD -60%",106,0.895258886773757,0.89334375042152,0.198819085766101,-0.0019151363522375
"EpiEstim","SD -60%",107,0.603016892421566,0.700538751904507,0.187295085301837,0.0975218594829411
"EpiEstim","SD -60%",108,1.07762321196894,1.35156032159679,0.268526533178632,0.273937109627852
"EpiEstim","SD -60%",109,1.67936751135944,1.96842435945499,0.309761456746934,0.289056848095548
"EpiEstim","SD -60%",110,0.778512854791425,0.761008392492336,0.176191792831386,-0.0175044622990892
"EpiEstim","SD -60%",111,0.992005341124613,0.867205004282481,0.178531434849186,-0.124800336842132
"EpiEstim","SD -60%",112,1.07688074493023,0.981585811925,0.193188879685029,-0.09529493300523
"EpiEstim","SD -60%",113,0.702400819858529,0.76723599890952,0.181703661197556,0.0648351790509913
"EpiEstim","SD -60%",114,0.976066509197994,1.09962185199115,0.2238113404682,0.123555342793156
"EpiEstim","SD -60%",115,1.23867756628513,1.24433772103383,0.227520519280785,0.00566015474869785
"EpiEstim","SD -60%",116,1.16180338965973,1.0931013617065,0.204043695330076,-0.0687020279532315
"EpiEstim","SD -60%",117,1.19462029108814,1.09893569275228,0.20537100965411,-0.095684598335863
"EpiEstim","SD -60%",118,1.16321995780671,1.17806677665365,0.218880208174951,0.0148468188469386
"EpiEstim","SD -60%",119,1.07032628214879,1.13809814709762,0.220989079962362,0.0677718649488281
"EpiEstim","SD -60%",120,0.877757633134012,0.987642977862978,0.208100293793995,0.109885344728965
"EpiEstim","SD -60%",121,1.36755731263547,1.46303869117173,0.247758430568067,0.0954813785362574
"EpiEstim","SD -60%",122,0.835796444244159,0.85464807601732,0.181706134429722,0.0188516317731607
"EpiEstim","SD -60%",123,1.26724551805682,1.22913600960832,0.211466349625706,-0.0381095084485032
"EpiEstim","SD -60%",124,0.969129898643769,0.918014608903152,0.180576162680562,-0.0511152897406172
"EpiEstim","SD -60%",125,0.847338782890042,0.818172218016656,0.171442735262626,-0.0291665648733858
"EpiEstim","SD -60%",126,0.715564882412269,0.734337243325436,0.164451016607053,0.0187723609131675
"EpiEstim","SD -60%",127,0.94782383341486,0.971977726852737,0.189512004753692,0.0241538934378774
"EpiEstim","SD -60%",128,0.685081694959754,0.672690122360097,0.156389815923376,-0.0123915725996566
"EpiEstim","SD -60%",129,0.940719567434955,0.897564170002398,0.17915736269972,-0.0431553974325566
"EpiEstim","SD -60%",130,0.882735861931285,0.831591016764086,0.172693622533359,-0.0511448451671985
"EpiEstim","SD -60%",131,0.908592867608554,0.856774428150483,0.179005494684884,-0.051818439458071
"EpiEstim","SD -60%",132,0.919571358645804,0.931372709878573,0.193840897691968,0.0118013512327694
"EpiEstim","SD -60%",133,0.772870216905444,0.812841801928296,0.186555309287767,0.0399715850228523
"EpiEstim","SD -60%",134,0.850110615604727,0.899249335076447,0.199410256893404,0.0491387194717198
"EpiEstim","SD -60%",135,0.784750966748685,0.830269786483166,0.192559727051513,0.0455188197344806
"EpiEstim","SD -60%",136,0.974669466757976,0.977907297136284,0.207804777288017,0.00323783037830794
"EpiEstim","SD -60%",137,0.984151011066472,0.95090683050267,0.20375947302395,-0.0332441805638014
"EpiEstim","SD -60%",138,1.1907508581573,1.15282598235563,0.225210778352692,-0.0379248758016686
"EpiEstim","SD -60%",139,1.38368582408824,1.35732183948801,0.248110132214231,-0.0263639846002253
"EpiEstim","SD -60%",140,0.815817246340058,0.857324177440168,0.201894446263666,0.0415069311001095
"EpiEstim","SD -60%",141,0.948708845408202,1.01438273872692,0.22386425190432,0.0656738933187198
"EpiEstim","SD -60%",142,0.887913521021147,0.968569747848872,0.219244129278212,0.0806562268277253
"EpiEstim","SD -60%",143,1.33195215209727,1.46579760083832,0.265078056493482,0.133845448741052
"EpiEstim","SD -60%",144,1.33130915175386,1.34911477273726,0.245689329416475,0.0178056209834003
"EpiEstim","SD -60%",145,1.36040954450305,1.27265637720419,0.230366965479301,-0.0877531672988594
"EpiEstim","SD -60%",146,1.03071516120352,0.963709568258175,0.199249639120168,-0.0670055929453454
"EpiEstim","SD -60%",147,1.01542687773298,1.04096626000897,0.213086882869559,0.0255393822759888
"EpiEstim","SD -60%",148,0.918038272830281,1.03271757885461,0.217431234013745,0.114679306024332
"EpiEstim","SD -60%",149,0.795403147880171,0.856682277928801,0.193981135797282,0.0612791300486296
"EpiEstim","SD -60%",150,0.947076494147123,0.961047824713784,0.194930552109636,0.0139713305666606
"EpiEstim","SD -60%",151,0.838902415667924,0.771518201022274,0.167528213834319,-0.0673842146456499
"EpiEstim","SD -60%",152,1.10280245382765,1.00573908616203,0.190489442947905,-0.0970633676656183
"EpiEstim","SD -60%",153,1.09815440539428,1.00735916789076,0.195482095054093,-0.0907952375035204
"EpiEstim","SD -60%",154,0.933699509626363,0.899522548116842,0.191396752082871,-0.0341769615095205
"EpiEstim","SD -60%",155,0.677259462566555,0.700239313981722,0.174497977945436,0.0229798514151666
"EpiEstim","SD -60%",156,0.794318325784725,0.824866848595082,0.192789355790236,0.0305485228103568
"EpiEstim","SD -60%",157,0.863129045133472,0.936461711563532,0.205150104146703,0.0733326664300603
"EpiEstim","SD -60%",158,1.2121292060572,1.21928999820409,0.22923663137091,0.00716079214688703
"EpiEstim","SD -60%",159,1.02410099479473,0.96948028492987,0.199895633839466,-0.0546207098648603
"EpiEstim","SD -60%",160,0.905625417711481,0.835250858626496,0.185506439235726,-0.0703745590849849
"EpiEstim","SD -60%",161,0.911623484707899,0.90429427074402,0.200267026605141,-0.00732921396387853
"EpiEstim","SD -60%",162,0.854314364398061,0.923770720006754,0.212545865714767,0.0694563556086933
"EpiEstim","SD -60%",163,0.939538506142908,1.06175200259826,0.231734600547723,0.122213496455354
"EpiEstim","SD -60%",164,0.804264811038419,0.851239898171162,0.201206435653382,0.0469750871327435
"EpiEstim","SD -60%",165,1.00142358506205,0.963414164827956,0.206090343335892,-0.038009420234094
"EpiEstim","SD -60%",166,1.22258511650756,1.15350596999647,0.223962718141537,-0.0690791465110911
"EpiEstim","SD -60%",167,0.797785743145654,0.757026558140802,0.185236873681321,-0.0407591850048518
"EpiEstim","SD -60%",168,1.1498418409574,1.15034673834299,0.23491364568119,0.000504897385593006
"EpiEstim","SD -60%",169,0.760349335694062,0.79737094409947,0.199077157465355,0.0370216084054085
"EpiEstim","SD -60%",170,1.37423882796411,1.46193980090009,0.271750161331622,0.0877009729359781
"EpiEstim","SD -60%",171,0.879916177740953,0.90367633971247,0.21202202319758,0.0237601619715166
"EpiEstim","SD -60%",172,1.40469809778524,1.43124368902526,0.261254542286475,0.0265455912400214
"EpiEstim","SD -60%",173,0.919193657171105,0.907265402923625,0.205276616272771,-0.0119282542474803
"EpiEstim","SD -60%",174,0.923156528563282,0.942977907813241,0.210320919509842,0.0198213792499586
"EpiEstim","SD -60%",175,1.03837120055872,1.09493651691826,0.228669651291371,0.0565653163595439
"EpiEstim","SD -60%",176,0.998550191051843,1.0425888061788,0.221526914759364,0.0440386151269555
"EpiEstim","SD -60%",177,1.0672490953256,1.06260229669823,0.219470715260904,-0.00464679862737127
"EpiEstim","SD -60%",178,0.796488943635566,0.793671329424631,0.185935211254536,-0.00281761421093529
"EpiEstim","SD -60%",179,1.19853631620291,1.15160102468595,0.222465477197925,-0.0469352915169583
"EpiEstim","SD -60%",180,1.18742234445089,1.15574996147507,0.226057078837584,-0.0316723829758241
"EpiEstim","SD -60%",181,1.49419822100474,1.50994009363744,0.263214477765253,0.0157418726327028
"EpiEstim","SD -60%",182,1.51569971274724,1.55995012593815,0.268002465519861,0.0442504131909101
"EpiEstim","SD -60%",183,0.993078083144793,1.02299019841275,0.216308608885456,0.0299121152679525
"EpiEstim","SD -60%",184,0.900895179433443,0.980149528687406,0.211825474738145,0.0792543492539629
"EpiEstim","SD -60%",185,0.823216514722493,0.907802777777821,0.201660367653517,0.0845862630553283
"EpiEstim","SD -60%",186,1.22622352517845,1.28881232840329,0.23254842737762,0.0625888032248354
"EpiEstim","SD -60%",187,0.917485344129662,0.893301409493213,0.184010607922283,-0.0241839346364491
"EpiEstim","SD -60%",188,1.14600718978611,1.02064767792724,0.188732110602407,-0.125359511858868
"EpiEstim","SD -60%",189,1.15017955401154,1.02451277975304,0.188580317759024,-0.125666774258498
"EpiEstim","SD -60%",190,1.13787761403339,1.09192204686191,0.202555552523027,-0.045955567171482
"EpiEstim","SD -60%",191,1.77820774658985,1.87140178919271,0.277655798236937,0.0931940426028559
"EpiEstim","SD -60%",192,1.12621869533816,1.22125761715686,0.226557841169813,0.0950389218187022
"EpiEstim","SD -60%",193,1.63142687231341,1.75949487653263,0.266667979873706,0.12806800421922
"EpiEstim","SD -60%",194,1.9613208229511,2.12158537059593,0.2857197877779,0.160264547644832
"EpiEstim","SD -60%",195,1.62644217295684,1.73986008332096,0.252471044397745,0.113417910364125
"EpiEstim","SD -60%",196,1.22114876712024,1.31838939787515,0.21285946689073,0.0972406307549094
"EpiEstim","SD -60%",197,1.08512340553335,1.1569332871774,0.190975227545389,0.0718098816440518
"EpiEstim","SD -60%",198,1.22271087570671,1.2791366000588,0.192559086523165,0.0564257243520903
"EpiEstim","SD -60%",199,1.2960340351298,1.32439500268995,0.188640245168361,0.0283609675601517
"EpiEstim","SD -60%",200,1.66920711624072,1.57610061180432,0.195753391153454,-0.0931065044363997
"EpiEstim","SD -60%",201,1.16940768861372,1.0592999032924,0.153754597373117,-0.110107785321315
"EpiEstim","SD -60%",202,1.0787760344722,0.989918179821422,0.14778026986009,-0.0888578546507783
"EpiEstim","SD -60%",203,0.894614924502778,0.890821556358787,0.14360664823751,-0.00379336814399112
"EpiEstim","SD -60%",204,0.818936942727194,0.89109837962473,0.145944460727021,0.0721614368975364
"EpiEstim","SD -60%",205,0.966688195947552,1.03802431062694,0.154081087256405,0.0713361146793832
"EpiEstim","SD -60%",206,0.735602657677609,0.712941714373078,0.121773827597437,-0.0226609433045311
"EpiEstim","SD -60%",207,0.854906249805799,0.764710107768606,0.122099088135573,-0.0901961420371932
"EpiEstim","SD -60%",208,1.18360616945073,1.0579239597608,0.144708989456734,-0.125682209689935
"EpiEstim","SD -60%",209,1.4602885501346,1.37515107868934,0.171327431208092,-0.0851374714452588
"EpiEstim","SD -60%",210,0.828346816490767,0.82920969713405,0.138822292814512,0.00086288064328266
"EpiEstim","SD -60%",211,0.945514704257119,1.00592093869396,0.156883591646733,0.0604062344368415
"EpiEstim","SD -60%",212,0.790503634328223,0.879534296120578,0.14836424465233,0.0890306617923547
"EpiEstim","SD -60%",213,1.43200091428725,1.60846403280083,0.200747125664513,0.176463118513581
"EpiEstim","SD -60%",214,1.11427471246835,1.18585766477353,0.167125923726171,0.0715829523051805
"EpiEstim","SD -60%",215,1.11570572194133,1.05558942069396,0.149754690866564,-0.0601163012473738
"EpiEstim","SD -60%",216,1.45325455274622,1.33362295350849,0.164653785792436,-0.11963159923773
"EpiEstim","SD -60%",217,1.1420513438864,1.11726155271545,0.154550319483188,-0.0247897911709529
"EpiEstim","SD -60%",218,0.657956194341687,0.709951013063176,0.12730457946758,0.0519948187214893
"EpiEstim","SD -60%",219,1.37055796530381,1.49616162937819,0.182996561234563,0.125603664074376
"EpiEstim","SD -60%",220,1.1217671045533,1.14309736089412,0.153674949782166,0.0213302563408215
"EpiEstim","SD -60%",221,1.82148085595811,1.76431497658525,0.185128824995077,-0.057165879372858
"EpiEstim","SD -60%",222,1.47820728190538,1.39001541863368,0.160932117300375,-0.0881918632717011
"EpiEstim","SD -60%",223,1.22912323671868,1.19274243857187,0.148254800984192,-0.0363807981468147
"EpiEstim","SD -60%",224,1.39166921706407,1.46152919794643,0.167544291910637,0.0698599808823572
"EpiEstim","SD -60%",225,1.02692395020016,1.16946501753251,0.151661176146068,0.142541067332347
"EpiEstim","SD -60%",226,0.944469227223,1.06718836727811,0.140163117400429,0.122719140055115
"EpiEstim","SD -60%",227,0.882935394281871,0.905947305301587,0.120805347406729,0.023011911019716
"EpiEstim","SD -60%",228,1.25451332375843,1.16375827997242,0.129264920873133,-0.0907550437860078
"EpiEstim","SD -60%",229,1.46482234027448,1.31005358837406,0.134155783848318,-0.154768751900421
"EpiEstim","SD -60%",230,1.51066180760486,1.35262103302454,0.137125081791518,-0.158040774580318
"EpiEstim","SD -60%",231,1.76123960010775,1.68944686868931,0.156348131880031,-0.0717927314184355
"EpiEstim","SD -60%",232,1.40610248726795,1.4707668982914,0.150055417095705,0.0646644110234451
"EpiEstim","SD -60%",233,1.50839208568838,1.7424598645148,0.166749749136683,0.234067778826419
"EpiEstim","SD -60%",234,2.14809922234943,2.53060637787671,0.197117376474028,0.382507155527281
"EpiEstim","SD -60%",235,1.77316147702833,1.97540152586236,0.163960023848525,0.202240048834035
"EpiEstim","SD -60%",236,1.73482506410384,1.80718569778953,0.14621182857206,0.072360633685693
"EpiEstim","SD -60%",237,1.62267353351007,1.64862215643904,0.132004073319506,0.025948622928968
"EpiEstim","SD -60%",238,1.18124992154851,1.22220728389771,0.109731153362001,0.0409573623492012
"EpiEstim","SD -60%",239,1.18465305674865,1.2591030925269,0.108327836539813,0.0744500357782458
"EpiEstim","SD -60%",240,1.4168407618799,1.46026561265942,0.11126164427653,0.043424850779525
"EpiEstim","SD -60%",241,1.25636383468336,1.21083102332041,0.0957098044001219,-0.0455328113629483
"EpiEstim","SD -60%",242,1.12127216596798,1.03289289072626,0.0849389932220204,-0.0883792752417163
"EpiEstim","SD -60%",243,1.35468577162437,1.24576041362758,0.0917555695549293,-0.108925357996788
"EpiEstim","SD -60%",244,1.01073025572083,0.969307398298557,0.0814191631614946,-0.0414228574222727
"EpiEstim","SD -60%",245,1.09869262296579,1.11663077651427,0.0884765019690808,0.0179381535484795
"EpiEstim","SD -60%",246,1.01867243248783,1.03613695428635,0.0847181626868332,0.0174645217985177
"EpiEstim","SD -60%",247,0.933300548697082,0.93177190972738,0.0786040207870804,-0.00152863896970257
"EpiEstim","SD -60%",248,1.07521131224965,1.05606672001532,0.0822076028920102,-0.0191445922343298
"EpiEstim","SD -60%",249,1.30368079751671,1.2663099579669,0.0891071554182587,-0.0373708395498127
"EpiEstim","SD -60%",250,1.41725036624756,1.35978343855705,0.0920820945354346,-0.0574669276905122
"EpiEstim","SD -60%",251,1.14473843834061,1.11727675103686,0.0840091197604066,-0.0274616873037483
"EpiEstim","SD -60%",252,1.28957905264017,1.31384123558853,0.0920610594545376,0.0242621829483649
"EpiEstim","SD -60%",253,1.41164181175606,1.51974243350122,0.0999036258800229,0.108100621745156
"EpiEstim","Correct SI",31,0.584450640057208,0.584588280996322,0.0405098585537241,0.000137640939114059
"EpiEstim","Correct SI",32,0.680297862250013,0.680568585720293,0.0446693767952893,0.000270723470280454
"EpiEstim","Correct SI",33,0.95896579009836,0.960441949583355,0.0544720193695482,0.00147615948499524
"EpiEstim","Correct SI",34,1.26713544933213,1.26366721199194,0.0642845769792288,-0.00346823734019375
"EpiEstim","Correct SI",35,1.32835487275134,1.3217119635497,0.0674090259823631,-0.00664290920163579
"EpiEstim","Correct SI",36,0.820532179912435,0.813789108138485,0.0536418653486337,-0.00674307177394984
"EpiEstim","Correct SI",37,0.605066948223753,0.600104825129666,0.0460864928571046,-0.00496212309408739
"EpiEstim","Correct SI",38,0.480613317476216,0.481584157729705,0.0410300833901961,0.00097084025348948
"EpiEstim","Correct SI",39,0.729684595490469,0.735722584235809,0.0506084232300102,0.0060379887453399
"EpiEstim","Correct SI",40,0.815117093248404,0.826042692107699,0.0540924807871003,0.0109255988592946
"EpiEstim","Correct SI",41,0.615435524003123,0.615567732480186,0.0475822108400516,0.000132208477063411
"EpiEstim","Correct SI",42,0.771681049543453,0.772331076237087,0.0545919912556836,0.000650026693634231
"EpiEstim","Correct SI",43,0.638637642797715,0.636085029837557,0.0508245604902491,-0.00255261296015785
"EpiEstim","Correct SI",44,0.502607638572081,0.499914668905975,0.0461954352289807,-0.00269296966610566
"EpiEstim","Correct SI",45,0.419348773276434,0.417381232497692,0.0432644478605566,-0.00196754077874245
"EpiEstim","Correct SI",46,0.532523289397014,0.531908157447204,0.050164283067104,-0.00061513194981011
"EpiEstim","Correct SI",47,0.748164536979726,0.750045405906453,0.0614969143813943,0.00188086892672656
"EpiEstim","Correct SI",48,0.699597036363356,0.705317658043351,0.0618545263613696,0.00572062167999532
"EpiEstim","Correct SI",49,0.840634610500807,0.831967313258864,0.0697570785935532,-0.00866729724194326
"EpiEstim","Correct SI",50,0.605572567510499,0.604791649506791,0.0615335422397171,-0.000780918003708275
"EpiEstim","Correct SI",51,0.551154795645625,0.549421806788575,0.0603186044309095,-0.00173298885704998
"EpiEstim","Correct SI",52,0.382419782215341,0.386273361192913,0.0517958030996311,0.00385357897757205
"EpiEstim","Correct SI",53,0.67605453850849,0.681062973104177,0.070462369346554,0.0050084345956869
"EpiEstim","Correct SI",54,0.67389745281474,0.678707244569265,0.0723626426085178,0.00480979175452501
"EpiEstim","Correct SI",55,0.928654307802489,0.931436756128572,0.0876227262268594,0.00278244832608332
"EpiEstim","Correct SI",56,0.750444909156983,0.750843500508106,0.0813485870312895,0.000398591351122857
"EpiEstim","Correct SI",57,0.713559496047443,0.707886003583231,0.0813191717979519,-0.00567349246421156
"EpiEstim","Correct SI",58,0.492127182876667,0.487896724415693,0.0690702424081945,-0.00423045846097408
"EpiEstim","Correct SI",59,0.488121905081673,0.48851994870688,0.0704425957432783,0.00039804362520679
"EpiEstim","Correct SI",60,0.671861168143052,0.671337409834148,0.0842740305665445,-0.000523758308904054
"EpiEstim","Correct SI",61,0.791762464983911,0.798341141880689,0.0942915798888937,0.00657867689677805
"EpiEstim","Correct SI",62,0.652922492639065,0.659025905419505,0.088293033930747,0.00610341278044035
"EpiEstim","Correct SI",63,0.613891069127135,0.615932308961638,0.0880231574761453,0.00204123983450288
"EpiEstim","Correct SI",64,0.747174650317661,0.747756031410546,0.0997979221879558,0.000581381092884747
"EpiEstim","Correct SI",65,0.706701130088712,0.705327536747643,0.0995830453773947,-0.00137359334106935
"EpiEstim","Correct SI",66,0.51187393654748,0.514773061865554,0.0872415073860549,0.00289912531807446
"EpiEstim","Correct SI",67,0.670601402325688,0.671238541085981,0.102074130015935,0.000637138760292699
"EpiEstim","Correct SI",68,1.17253163081397,1.18060789856432,0.138809264643777,0.00807626775035208
"EpiEstim","Correct SI",69,1.09882955126721,1.09216741322325,0.137030079060012,-0.00666213804395976
"EpiEstim","Correct SI",70,0.864010024055233,0.857622451062068,0.12399679128771,-0.00638757299316539
"EpiEstim","Correct SI",71,0.715098113998147,0.716383933517059,0.11464486451197,0.00128581951891193
"EpiEstim","Correct SI",72,0.5778146754347,0.578750141249062,0.103535282552308,0.000935465814361769
"EpiEstim","Correct SI",73,0.968098548670386,0.979731567243773,0.135247582466983,0.0116330185733873
"EpiEstim","Correct SI",74,0.655349167508219,0.665079350639534,0.112442241154294,0.00973018313131491
"EpiEstim","Correct SI",75,0.59977224361632,0.609187299667322,0.109107583812371,0.00941505605100235
"EpiEstim","Correct SI",76,0.795810456805532,0.795493074579166,0.126866702286483,-0.000317382226366125
"EpiEstim","Correct SI",77,0.873668877519834,0.875010346551645,0.135695945793142,0.00134146903181132
"EpiEstim","Correct SI",78,0.655524310026793,0.66080605920217,0.120538980127122,0.00528174917537705
"EpiEstim","Correct SI",79,0.810623636163075,0.809763643065081,0.136244034199521,-0.000859993097993783
"EpiEstim","Correct SI",80,0.610456557383718,0.616106270515553,0.121153450728878,0.00564971313183527
"EpiEstim","Correct SI",81,0.859858611274139,0.851859508645738,0.145107793595455,-0.00799910262840076
"EpiEstim","Correct SI",82,0.71793472208637,0.716730025018911,0.135661782376391,-0.00120469706745896
"EpiEstim","Correct SI",83,0.992203959261976,0.993510814307708,0.16286534921946,0.00130685504573169
"EpiEstim","Correct SI",84,1.12541562776308,1.11803241030083,0.176037112598685,-0.00738321746224524
"EpiEstim","Correct SI",85,0.719081428835968,0.707240383577077,0.142136051224051,-0.0118410452588913
"EpiEstim","Correct SI",86,0.84752493125734,0.856292597105158,0.158044372341349,0.00876766584781763
"EpiEstim","Correct SI",87,0.855021916180829,0.854028089935161,0.158834782896377,-0.000993826245667684
"EpiEstim","Correct SI",88,1.05231211723794,1.06105460204272,0.178236965980606,0.00874248480477791
"EpiEstim","Correct SI",89,0.736245763604483,0.746476833276908,0.150639479093217,0.0102310696724247
"EpiEstim","Correct SI",90,0.910435800275709,0.929598476475865,0.169467186430681,0.0191626762001557
"EpiEstim","Correct SI",91,0.875373992276142,0.873123015310952,0.165492556823755,-0.0022509769651895
"EpiEstim","Correct SI",92,1.13308580158326,1.13600206247734,0.190281407298814,0.00291626089407537
"EpiEstim","Correct SI",93,0.779622317935819,0.774623747438321,0.158427056945311,-0.0049985704974983
"EpiEstim","Correct SI",94,0.738590807925372,0.74466087359529,0.156228939568525,0.00607006566991752
"EpiEstim","Correct SI",95,0.736386067431423,0.739446177674442,0.156382400183976,0.00306011024301944
"EpiEstim","Correct SI",96,0.940470991453404,0.937098942160095,0.177456015205703,-0.00337204929330892
"EpiEstim","Correct SI",97,0.92681020267862,0.920070242739139,0.177865160400515,-0.00673995993948129
"EpiEstim","Correct SI",98,0.805264800704658,0.80437045336824,0.168563706666018,-0.000894347336418466
"EpiEstim","Correct SI",99,0.96897608307621,0.97429496748269,0.187894398545187,0.0053188844064801
"EpiEstim","Correct SI",100,0.483332995262756,0.477759215393514,0.132993597375668,-0.00557377986924179
"EpiEstim","Correct SI",101,0.66077716283239,0.663257130299995,0.158303782160661,0.00247996746760482
"EpiEstim","Correct SI",102,0.655745239910364,0.660615733796887,0.160020082476002,0.00487049388652316
"EpiEstim","Correct SI",103,1.19599908198214,1.20784288606702,0.220469997283085,0.0118438040848809
"EpiEstim","Correct SI",104,1.52020654998133,1.52428054834222,0.253168033493382,0.00407399836088951
"EpiEstim","Correct SI",105,1.10303826313934,1.08124074225065,0.2171152356931,-0.0217975208886891
"EpiEstim","Correct SI",106,0.895258886773757,0.88889188281196,0.19788076088805,-0.00636700396179724
"EpiEstim","Correct SI",107,0.603016892421566,0.609217303980631,0.162834189375929,0.00620041155906537
"EpiEstim","Correct SI",108,1.07762321196894,1.0816815426081,0.214876775947562,0.00405833063916283
"EpiEstim","Correct SI",109,1.67936751135944,1.71163491214958,0.269357229340205,0.0322674007901371
"EpiEstim","Correct SI",110,0.778512854791425,0.790965970495071,0.183168170729185,0.0124531157036462
"EpiEstim","Correct SI",111,0.992005341124613,0.995644826169322,0.205016908044237,0.0036394850447089
"EpiEstim","Correct SI",112,1.07688074493023,1.07558976190993,0.211683575083025,-0.0012909830202994
"EpiEstim","Correct SI",113,0.702400819858529,0.734023797368119,0.17385796959881,0.03162297750959
"EpiEstim","Correct SI",114,0.976066509197994,0.986252309434672,0.200661537892615,0.0101858002366784
"EpiEstim","Correct SI",115,1.23867756628513,1.22181574213548,0.223379327441943,-0.0168618241496494
"EpiEstim","Correct SI",116,1.16180338965973,1.18077795725248,0.22039030761209,0.0189745675927508
"EpiEstim","Correct SI",117,1.19462029108814,1.18208504096606,0.220884565805294,-0.0125352501220828
"EpiEstim","Correct SI",118,1.16321995780671,1.19293842593613,0.221648435863903,0.0297184681294249
"EpiEstim","Correct SI",119,1.07032628214879,1.07638666617718,0.209003428220774,0.00606038402839237
"EpiEstim","Correct SI",120,0.877757633134012,0.895165177786682,0.188593733751313,0.0174075446526701
"EpiEstim","Correct SI",121,1.36755731263547,1.35876021212202,0.230066868043749,-0.00879710051345173
"EpiEstim","Correct SI",122,0.835796444244159,0.847064400216231,0.180083358223663,0.011267955972072
"EpiEstim","Correct SI",123,1.26724551805682,1.27760707405539,0.219763090480098,0.0103615559985728
"EpiEstim","Correct SI",124,0.969129898643769,0.966494211585317,0.19008172812743,-0.00263568705845241
"EpiEstim","Correct SI",125,0.847338782890042,0.844493531497096,0.176940680580034,-0.00284525139294567
"EpiEstim","Correct SI",126,0.715564882412269,0.732537051263945,0.164030924953228,0.0169721688516761
"EpiEstim","Correct SI",127,0.94782383341486,0.963322127817393,0.187867001969464,0.0154982944025331
"EpiEstim","Correct SI",128,0.685081694959754,0.683081399997907,0.158854515926588,-0.00200029496184662
"EpiEstim","Correct SI",129,0.940719567434955,0.942572952427331,0.188121772233046,0.00185338499237619
"EpiEstim","Correct SI",130,0.882735861931285,0.893786741916562,0.185575593510668,0.0110508799852772
"EpiEstim","Correct SI",131,0.908592867608554,0.905780508748367,0.189159560344929,-0.00281235886018738
"EpiEstim","Correct SI",132,0.919571358645804,0.934912818579131,0.194543966471437,0.0153414599333273
"EpiEstim","Correct SI",133,0.772870216905444,0.783889056371077,0.179864207584717,0.0110188394656326
"EpiEstim","Correct SI",134,0.850110615604727,0.854591063804401,0.189484310746779,0.00448044819967419
"EpiEstim","Correct SI",135,0.784750966748685,0.794506703014386,0.184245015475201,0.00975573626570048
"EpiEstim","Correct SI",136,0.974669466757976,0.963125416134719,0.204619563057501,-0.0115440506232567
"EpiEstim","Correct SI",137,0.984151011066472,0.966777143069048,0.207169251829914,-0.0173738679974237
"EpiEstim","Correct SI",138,1.1907508581573,1.18949866784471,0.232408321066777,-0.0012521903125875
"EpiEstim","Correct SI",139,1.38368582408824,1.37960194258133,0.252210070214797,-0.00408388150691152
"EpiEstim","Correct SI",140,0.815817246340058,0.83670270850119,0.196949671936053,0.0208854621611325
"EpiEstim","Correct SI",141,0.948708845408202,0.94428585275206,0.208358487038337,-0.00442299265614143
"EpiEstim","Correct SI",142,0.887913521021147,0.883640129818303,0.200000330666262,-0.0042733912028442
"EpiEstim","Correct SI",143,1.33195215209727,1.36982903325564,0.24770412338546,0.0378768811583672
"EpiEstim","Correct SI",144,1.33130915175386,1.34506330447114,0.244968209112742,0.0137541527172822
"EpiEstim","Correct SI",145,1.36040954450305,1.35560927691759,0.245407522295697,-0.00480026758546259
"EpiEstim","Correct SI",146,1.03071516120352,1.0233297594795,0.211593254970868,-0.00738540172402269
"EpiEstim","Correct SI",147,1.01542687773298,1.01779205756755,0.208308360428196,0.00236517983456697
"EpiEstim","Correct SI",148,0.918038272830281,0.932691123969057,0.196334775891813,0.0146528511387755
"EpiEstim","Correct SI",149,0.795403147880171,0.786408923704205,0.178046344660119,-0.0089942241759664
"EpiEstim","Correct SI",150,0.947076494147123,0.969662512921042,0.196674634646009,0.0225860187739187
"EpiEstim","Correct SI",151,0.838902415667924,0.847159337256876,0.183909006123053,0.00825692158895219
"EpiEstim","Correct SI",152,1.10280245382765,1.12740722715058,0.213513488952908,0.0246047733229335
"EpiEstim","Correct SI",153,1.09815440539428,1.09005915953134,0.211558574400871,-0.00809524586294419
"EpiEstim","Correct SI",154,0.933699509626363,0.918122376898225,0.19538243816624,-0.0155771327281384
"EpiEstim","Correct SI",155,0.677259462566555,0.674252002516794,0.167975854315157,-0.00300746004976149
"EpiEstim","Correct SI",156,0.794318325784725,0.767997901041187,0.179415783207992,-0.0263204247435377
"EpiEstim","Correct SI",157,0.863129045133472,0.881508787340885,0.193049131155698,0.0183797422074129
"EpiEstim","Correct SI",158,1.2121292060572,1.2149961543204,0.228363702660061,0.00286694826319578
"EpiEstim","Correct SI",159,1.02410099479473,1.03464432914186,0.213349106720902,0.0105433343471306
"EpiEstim","Correct SI",160,0.905625417711481,0.906881270749188,0.20141762303945,0.00125585303770681
"EpiEstim","Correct SI",161,0.911623484707899,0.920726625875513,0.203841370836422,0.0091031411676139
"EpiEstim","Correct SI",162,0.854314364398061,0.853932171862123,0.196436581415304,-0.000382192535937964
"EpiEstim","Correct SI",163,0.939538506142908,0.951196196819586,0.207598137928137,0.0116576906766777
"EpiEstim","Correct SI",164,0.804264811038419,0.81504043243443,0.192733636210343,0.0107756213960111
"EpiEstim","Correct SI",165,1.00142358506205,1.00607117322241,0.215149158342531,0.00464758816036359
"EpiEstim","Correct SI",166,1.22258511650756,1.23828001130738,0.240399084975463,0.0156948947998214
"EpiEstim","Correct SI",167,0.797785743145654,0.789495092460526,0.19313872364452,-0.00829065068512769
"EpiEstim","Correct SI",168,1.1498418409574,1.14296000120285,0.233399154905539,-0.00688183975455092
"EpiEstim","Correct SI",169,0.760349335694062,0.765440866517744,0.191046190731409,0.0050915308236823
"EpiEstim","Correct SI",170,1.37423882796411,1.3793595439094,0.256501892025135,0.00512071594528996
"EpiEstim","Correct SI",171,0.879916177740953,0.865642572286459,0.203163880081925,-0.014273605454494
"EpiEstim","Correct SI",172,1.40469809778524,1.4299447567285,0.261045094550054,0.0252466589432609
"EpiEstim","Correct SI",173,0.919193657171105,0.924742452800559,0.20921187527246,0.00554879562945376
"EpiEstim","Correct SI",174,0.923156528563282,0.9395402070135,0.209482023614654,0.0163836784502183
"EpiEstim","Correct SI",175,1.03837120055872,1.05553890889768,0.220465358398481,0.0171677083389565
"EpiEstim","Correct SI",176,0.998550191051843,1.00811052458568,0.214204345498765,0.0095603335338369
"EpiEstim","Correct SI",177,1.0672490953256,1.06275313049084,0.219495213742298,-0.00449596483476045
"EpiEstim","Correct SI",178,0.796488943635566,0.824262761899262,0.193142073422052,0.0277738182636963
"EpiEstim","Correct SI",179,1.19853631620291,1.21228720682491,0.234171459693638,0.0137508906219961
"EpiEstim","Correct SI",180,1.18742234445089,1.18369576376421,0.231540496883269,-0.00372658068668197
"EpiEstim","Correct SI",181,1.49419822100474,1.49472067920822,0.26053885371348,0.000522458203480625
"EpiEstim","Correct SI",182,1.51569971274724,1.52393465355121,0.261642696695703,0.00823494080396903
"EpiEstim","Correct SI",183,0.993078083144793,0.984271914628836,0.20798830033699,-0.0088061685159565
"EpiEstim","Correct SI",184,0.900895179433443,0.909231021802923,0.196399343148011,0.00833584236948048
"EpiEstim","Correct SI",185,0.823216514722493,0.825201723869084,0.183295924096071,0.00198520914659106
"EpiEstim","Correct SI",186,1.22622352517845,1.21912117548733,0.220007706949887,-0.00710234969112067
"EpiEstim","Correct SI",187,0.917485344129662,0.923494759230957,0.190363587049286,0.00600941510129516
"EpiEstim","Correct SI",188,1.14600718978611,1.14687561388595,0.212110326718358,0.000868424099840226
"EpiEstim","Correct SI",189,1.15017955401154,1.16051897051962,0.213626859098684,0.0103394165080763
"EpiEstim","Correct SI",190,1.13787761403339,1.14473329008675,0.212272839455539,0.0068556760533649
"EpiEstim","Correct SI",191,1.77820774658985,1.77809238089768,0.263712646013997,-0.00011536569217041
"EpiEstim","Correct SI",192,1.12621869533816,1.11804389259276,0.207359394119512,-0.00817480274539695
"EpiEstim","Correct SI",193,1.63142687231341,1.62604297088969,0.246425966432014,-0.00538390142372203
"EpiEstim","Correct SI",194,1.9613208229511,1.97631750610089,0.266113407304144,0.0149966831497945
"EpiEstim","Correct SI",195,1.62644217295684,1.616476980745,0.2345828081884,-0.00996519221183756
"EpiEstim","Correct SI",196,1.22114876712024,1.22401372296229,0.19759729817655,0.00286495584205371
"EpiEstim","Correct SI",197,1.08512340553335,1.09163798320886,0.180206562049496,0.00651457767550689
"EpiEstim","Correct SI",198,1.22271087570671,1.22575625291994,0.184530728411031,0.00304537721322573
"EpiEstim","Correct SI",199,1.2960340351298,1.2999393837728,0.185143949200505,0.00390534864300274
"EpiEstim","Correct SI",200,1.66920711624072,1.65181384846466,0.205107874528365,-0.0173932677760646
"EpiEstim","Correct SI",201,1.16940768861372,1.1747454605391,0.170471608452357,0.00533777192537932
"EpiEstim","Correct SI",202,1.0787760344722,1.07332035792041,0.16020966687795,-0.00545567655179302
"EpiEstim","Correct SI",203,0.894614924502778,0.88607481551254,0.1428582041726,-0.00854010899023816
"EpiEstim","Correct SI",204,0.818936942727194,0.83023292215427,0.136021273940404,0.0112959794270765
"EpiEstim","Correct SI",205,0.966688195947552,0.988458014343729,0.146770350987358,0.0217698183961773
"EpiEstim","Correct SI",206,0.735602657677609,0.74324195965673,0.126943979568566,0.00763930197912044
"EpiEstim","Correct SI",207,0.854906249805799,0.857460688252989,0.136866139262356,0.00255443844718994
"EpiEstim","Correct SI",208,1.18360616945073,1.18887407406761,0.16258889105504,0.00526790461687754
"EpiEstim","Correct SI",209,1.4602885501346,1.4636148903996,0.182322800977885,0.00332634026499656
"EpiEstim","Correct SI",210,0.828346816490767,0.82255540467669,0.137700351004747,-0.00579141181407683
"EpiEstim","Correct SI",211,0.945514704257119,0.946530708716391,0.147614636556408,0.0010160044592723
"EpiEstim","Correct SI",212,0.790503634328223,0.798196944851094,0.134628888725917,0.0076933105228707
"EpiEstim","Correct SI",213,1.43200091428725,1.44195553416728,0.179925468411978,0.00995461988003399
"EpiEstim","Correct SI",214,1.11427471246835,1.1268558696365,0.158788810234282,0.0125811571681498
"EpiEstim","Correct SI",215,1.11570572194133,1.10812817705701,0.157202695970324,-0.00757754488431517
"EpiEstim","Correct SI",216,1.45325455274622,1.44569434570248,0.178505618612711,-0.00756020704373639
"EpiEstim","Correct SI",217,1.1420513438864,1.13169723818862,0.156588749526632,-0.0103541056977765
"EpiEstim","Correct SI",218,0.657956194341687,0.657757747205406,0.1179614498506,-0.000198447136280699
"EpiEstim","Correct SI",219,1.37055796530381,1.37670128314747,0.168359826619637,0.00614331784365874
"EpiEstim","Correct SI",220,1.1217671045533,1.11732922718148,0.150178919214785,-0.00443787737182033
"EpiEstim","Correct SI",221,1.82148085595811,1.81163233620079,0.190102732921443,-0.00984851975731615
"EpiEstim","Correct SI",222,1.47820728190538,1.46603247574343,0.169726415163273,-0.0121748061619498
"EpiEstim","Correct SI",223,1.22912323671868,1.2347103490178,0.153461200244268,0.00558711229912423
"EpiEstim","Correct SI",224,1.39166921706407,1.3877465141033,0.159060624020246,-0.00392270296077291
"EpiEstim","Correct SI",225,1.02692395020016,1.0285378438371,0.133375063494547,0.00161389363694009
"EpiEstim","Correct SI",226,0.944469227223,0.955020128727584,0.125437197883279,0.0105509015045836
"EpiEstim","Correct SI",227,0.882935394281871,0.891250221058886,0.118839706159651,0.00831482677701512
"EpiEstim","Correct SI",228,1.25451332375843,1.25561857554663,0.139477430551994,0.00110525178819509
"EpiEstim","Correct SI",229,1.46482234027448,1.46385298668295,0.149907418953404,-0.000969353591527389
"EpiEstim","Correct SI",230,1.51066180760486,1.48777590657803,0.15082342356549,-0.0228859010268316
"EpiEstim","Correct SI",231,1.76123960010775,1.76269008875888,0.163104840272867,0.00145048865112951
"EpiEstim","Correct SI",232,1.40610248726795,1.40256866920957,0.143085059379409,-0.00353381805837993
"EpiEstim","Correct SI",233,1.50839208568838,1.51399466417841,0.144890298768746,0.00560257849003443
"EpiEstim","Correct SI",234,2.14809922234943,2.14546023460096,0.167112297719478,-0.00263898774846849
"EpiEstim","Correct SI",235,1.77316147702833,1.7690025977518,0.146814410040419,-0.00415887927652525
"EpiEstim","Correct SI",236,1.73482506410384,1.72872031863795,0.139838763346129,-0.00610474546589002
"EpiEstim","Correct SI",237,1.62267353351007,1.62506687367571,0.130109704914512,0.00239334016564419
"EpiEstim","Correct SI",238,1.18124992154851,1.18602389013783,0.106486049221394,0.00477396858932133
"EpiEstim","Correct SI",239,1.18465305674865,1.19274616649825,0.10262084058728,0.00809310974959998
"EpiEstim","Correct SI",240,1.4168407618799,1.42539339286583,0.108602422964448,0.00855263098592518
"EpiEstim","Correct SI",241,1.25636383468336,1.26207080420159,0.0997545207100446,0.0057069695182308
"EpiEstim","Correct SI",242,1.12127216596798,1.12207762717506,0.0922771046294463,0.000805461207080249
"EpiEstim","Correct SI",243,1.35468577162437,1.35141090424542,0.0995541889236303,-0.00327486737894622
"EpiEstim","Correct SI",244,1.01073025572083,1.00940689452958,0.084797524218403,-0.00132336119124576
"EpiEstim","Correct SI",245,1.09869262296579,1.10371465509025,0.0874514452723374,0.00502203212446273
"EpiEstim","Correct SI",246,1.01867243248783,1.01203680349906,0.0827297921282709,-0.00663562898876702
"EpiEstim","Correct SI",247,0.933300548697082,0.932673628833107,0.0786734056512831,-0.00062691986397545
"EpiEstim","Correct SI",248,1.07521131224965,1.08081650059368,0.0841422029527582,0.0056051883440289
"EpiEstim","Correct SI",249,1.30368079751671,1.31563082569671,0.0925835188156425,0.0119500281799978
"EpiEstim","Correct SI",250,1.41725036624756,1.4165337960489,0.0959174404106471,-0.000716570198661781
"EpiEstim","Correct SI",251,1.14473843834061,1.13858945602768,0.0856013404260417,-0.00614898231292882
"EpiEstim","Correct SI",252,1.28957905264017,1.28369408098052,0.0899407870221848,-0.00588497165964652
"EpiEstim","Correct SI",253,1.41164181175606,1.41616950262596,0.0931013264482304,0.00452769086990279
"EpiEstim","Correct SI",31,0.584450640057208,0.584588280996322,0.0405098585537241,0.000137640939114059
"EpiEstim","Correct SI",32,0.680297862250013,0.680568585720293,0.0446693767952893,0.000270723470280454
"EpiEstim","Correct SI",33,0.95896579009836,0.960441949583355,0.0544720193695482,0.00147615948499524
"EpiEstim","Correct SI",34,1.26713544933213,1.26366721199194,0.0642845769792288,-0.00346823734019375
"EpiEstim","Correct SI",35,1.32835487275134,1.3217119635497,0.0674090259823631,-0.00664290920163579
"EpiEstim","Correct SI",36,0.820532179912435,0.813789108138485,0.0536418653486337,-0.00674307177394984
"EpiEstim","Correct SI",37,0.605066948223753,0.600104825129666,0.0460864928571046,-0.00496212309408739
"EpiEstim","Correct SI",38,0.480613317476216,0.481584157729705,0.0410300833901961,0.00097084025348948
"EpiEstim","Correct SI",39,0.729684595490469,0.735722584235809,0.0506084232300102,0.0060379887453399
"EpiEstim","Correct SI",40,0.815117093248404,0.826042692107699,0.0540924807871003,0.0109255988592946
"EpiEstim","Correct SI",41,0.615435524003123,0.615567732480186,0.0475822108400516,0.000132208477063411
"EpiEstim","Correct SI",42,0.771681049543453,0.772331076237087,0.0545919912556836,0.000650026693634231
"EpiEstim","Correct SI",43,0.638637642797715,0.636085029837557,0.0508245604902491,-0.00255261296015785
"EpiEstim","Correct SI",44,0.502607638572081,0.499914668905975,0.0461954352289807,-0.00269296966610566
"EpiEstim","Correct SI",45,0.419348773276434,0.417381232497692,0.0432644478605566,-0.00196754077874245
"EpiEstim","Correct SI",46,0.532523289397014,0.531908157447204,0.050164283067104,-0.00061513194981011
"EpiEstim","Correct SI",47,0.748164536979726,0.750045405906453,0.0614969143813943,0.00188086892672656
"EpiEstim","Correct SI",48,0.699597036363356,0.705317658043351,0.0618545263613696,0.00572062167999532
"EpiEstim","Correct SI",49,0.840634610500807,0.831967313258864,0.0697570785935532,-0.00866729724194326
"EpiEstim","Correct SI",50,0.605572567510499,0.604791649506791,0.0615335422397171,-0.000780918003708275
"EpiEstim","Correct SI",51,0.551154795645625,0.549421806788575,0.0603186044309095,-0.00173298885704998
"EpiEstim","Correct SI",52,0.382419782215341,0.386273361192913,0.0517958030996311,0.00385357897757205
"EpiEstim","Correct SI",53,0.67605453850849,0.681062973104177,0.070462369346554,0.0050084345956869
"EpiEstim","Correct SI",54,0.67389745281474,0.678707244569265,0.0723626426085178,0.00480979175452501
"EpiEstim","Correct SI",55,0.928654307802489,0.931436756128572,0.0876227262268594,0.00278244832608332
"EpiEstim","Correct SI",56,0.750444909156983,0.750843500508106,0.0813485870312895,0.000398591351122857
"EpiEstim","Correct SI",57,0.713559496047443,0.707886003583231,0.0813191717979519,-0.00567349246421156
"EpiEstim","Correct SI",58,0.492127182876667,0.487896724415693,0.0690702424081945,-0.00423045846097408
"EpiEstim","Correct SI",59,0.488121905081673,0.48851994870688,0.0704425957432783,0.00039804362520679
"EpiEstim","Correct SI",60,0.671861168143052,0.671337409834148,0.0842740305665445,-0.000523758308904054
"EpiEstim","Correct SI",61,0.791762464983911,0.798341141880689,0.0942915798888937,0.00657867689677805
"EpiEstim","Correct SI",62,0.652922492639065,0.659025905419505,0.088293033930747,0.00610341278044035
"EpiEstim","Correct SI",63,0.613891069127135,0.615932308961638,0.0880231574761453,0.00204123983450288
"EpiEstim","Correct SI",64,0.747174650317661,0.747756031410546,0.0997979221879558,0.000581381092884747
"EpiEstim","Correct SI",65,0.706701130088712,0.705327536747643,0.0995830453773947,-0.00137359334106935
"EpiEstim","Correct SI",66,0.51187393654748,0.514773061865554,0.0872415073860549,0.00289912531807446
"EpiEstim","Correct SI",67,0.670601402325688,0.671238541085981,0.102074130015935,0.000637138760292699
"EpiEstim","Correct SI",68,1.17253163081397,1.18060789856432,0.138809264643777,0.00807626775035208
"EpiEstim","Correct SI",69,1.09882955126721,1.09216741322325,0.137030079060012,-0.00666213804395976
"EpiEstim","Correct SI",70,0.864010024055233,0.857622451062068,0.12399679128771,-0.00638757299316539
"EpiEstim","Correct SI",71,0.715098113998147,0.716383933517059,0.11464486451197,0.00128581951891193
"EpiEstim","Correct SI",72,0.5778146754347,0.578750141249062,0.103535282552308,0.000935465814361769
"EpiEstim","Correct SI",73,0.968098548670386,0.979731567243773,0.135247582466983,0.0116330185733873
"EpiEstim","Correct SI",74,0.655349167508219,0.665079350639534,0.112442241154294,0.00973018313131491
"EpiEstim","Correct SI",75,0.59977224361632,0.609187299667322,0.109107583812371,0.00941505605100235
"EpiEstim","Correct SI",76,0.795810456805532,0.795493074579166,0.126866702286483,-0.000317382226366125
"EpiEstim","Correct SI",77,0.873668877519834,0.875010346551645,0.135695945793142,0.00134146903181132
"EpiEstim","Correct SI",78,0.655524310026793,0.66080605920217,0.120538980127122,0.00528174917537705
"EpiEstim","Correct SI",79,0.810623636163075,0.809763643065081,0.136244034199521,-0.000859993097993783
"EpiEstim","Correct SI",80,0.610456557383718,0.616106270515553,0.121153450728878,0.00564971313183527
"EpiEstim","Correct SI",81,0.859858611274139,0.851859508645738,0.145107793595455,-0.00799910262840076
"EpiEstim","Correct SI",82,0.71793472208637,0.716730025018911,0.135661782376391,-0.00120469706745896
"EpiEstim","Correct SI",83,0.992203959261976,0.993510814307708,0.16286534921946,0.00130685504573169
"EpiEstim","Correct SI",84,1.12541562776308,1.11803241030083,0.176037112598685,-0.00738321746224524
"EpiEstim","Correct SI",85,0.719081428835968,0.707240383577077,0.142136051224051,-0.0118410452588913
"EpiEstim","Correct SI",86,0.84752493125734,0.856292597105158,0.158044372341349,0.00876766584781763
"EpiEstim","Correct SI",87,0.855021916180829,0.854028089935161,0.158834782896377,-0.000993826245667684
"EpiEstim","Correct SI",88,1.05231211723794,1.06105460204272,0.178236965980606,0.00874248480477791
"EpiEstim","Correct SI",89,0.736245763604483,0.746476833276908,0.150639479093217,0.0102310696724247
"EpiEstim","Correct SI",90,0.910435800275709,0.929598476475865,0.169467186430681,0.0191626762001557
"EpiEstim","Correct SI",91,0.875373992276142,0.873123015310952,0.165492556823755,-0.0022509769651895
"EpiEstim","Correct SI",92,1.13308580158326,1.13600206247734,0.190281407298814,0.00291626089407537
"EpiEstim","Correct SI",93,0.779622317935819,0.774623747438321,0.158427056945311,-0.0049985704974983
"EpiEstim","Correct SI",94,0.738590807925372,0.74466087359529,0.156228939568525,0.00607006566991752
"EpiEstim","Correct SI",95,0.736386067431423,0.739446177674442,0.156382400183976,0.00306011024301944
"EpiEstim","Correct SI",96,0.940470991453404,0.937098942160095,0.177456015205703,-0.00337204929330892
"EpiEstim","Correct SI",97,0.92681020267862,0.920070242739139,0.177865160400515,-0.00673995993948129
"EpiEstim","Correct SI",98,0.805264800704658,0.80437045336824,0.168563706666018,-0.000894347336418466
"EpiEstim","Correct SI",99,0.96897608307621,0.97429496748269,0.187894398545187,0.0053188844064801
"EpiEstim","Correct SI",100,0.483332995262756,0.477759215393514,0.132993597375668,-0.00557377986924179
"EpiEstim","Correct SI",101,0.66077716283239,0.663257130299995,0.158303782160661,0.00247996746760482
"EpiEstim","Correct SI",102,0.655745239910364,0.660615733796887,0.160020082476002,0.00487049388652316
"EpiEstim","Correct SI",103,1.19599908198214,1.20784288606702,0.220469997283085,0.0118438040848809
"EpiEstim","Correct SI",104,1.52020654998133,1.52428054834222,0.253168033493382,0.00407399836088951
"EpiEstim","Correct SI",105,1.10303826313934,1.08124074225065,0.2171152356931,-0.0217975208886891
"EpiEstim","Correct SI",106,0.895258886773757,0.88889188281196,0.19788076088805,-0.00636700396179724
"EpiEstim","Correct SI",107,0.603016892421566,0.609217303980631,0.162834189375929,0.00620041155906537
"EpiEstim","Correct SI",108,1.07762321196894,1.0816815426081,0.214876775947562,0.00405833063916283
"EpiEstim","Correct SI",109,1.67936751135944,1.71163491214958,0.269357229340205,0.0322674007901371
"EpiEstim","Correct SI",110,0.778512854791425,0.790965970495071,0.183168170729185,0.0124531157036462
"EpiEstim","Correct SI",111,0.992005341124613,0.995644826169322,0.205016908044237,0.0036394850447089
"EpiEstim","Correct SI",112,1.07688074493023,1.07558976190993,0.211683575083025,-0.0012909830202994
"EpiEstim","Correct SI",113,0.702400819858529,0.734023797368119,0.17385796959881,0.03162297750959
"EpiEstim","Correct SI",114,0.976066509197994,0.986252309434672,0.200661537892615,0.0101858002366784
"EpiEstim","Correct SI",115,1.23867756628513,1.22181574213548,0.223379327441943,-0.0168618241496494
"EpiEstim","Correct SI",116,1.16180338965973,1.18077795725248,0.22039030761209,0.0189745675927508
"EpiEstim","Correct SI",117,1.19462029108814,1.18208504096606,0.220884565805294,-0.0125352501220828
"EpiEstim","Correct SI",118,1.16321995780671,1.19293842593613,0.221648435863903,0.0297184681294249
"EpiEstim","Correct SI",119,1.07032628214879,1.07638666617718,0.209003428220774,0.00606038402839237
"EpiEstim","Correct SI",120,0.877757633134012,0.895165177786682,0.188593733751313,0.0174075446526701
"EpiEstim","Correct SI",121,1.36755731263547,1.35876021212202,0.230066868043749,-0.00879710051345173
"EpiEstim","Correct SI",122,0.835796444244159,0.847064400216231,0.180083358223663,0.011267955972072
"EpiEstim","Correct SI",123,1.26724551805682,1.27760707405539,0.219763090480098,0.0103615559985728
"EpiEstim","Correct SI",124,0.969129898643769,0.966494211585317,0.19008172812743,-0.00263568705845241
"EpiEstim","Correct SI",125,0.847338782890042,0.844493531497096,0.176940680580034,-0.00284525139294567
"EpiEstim","Correct SI",126,0.715564882412269,0.732537051263945,0.164030924953228,0.0169721688516761
"EpiEstim","Correct SI",127,0.94782383341486,0.963322127817393,0.187867001969464,0.0154982944025331
"EpiEstim","Correct SI",128,0.685081694959754,0.683081399997907,0.158854515926588,-0.00200029496184662
"EpiEstim","Correct SI",129,0.940719567434955,0.942572952427331,0.188121772233046,0.00185338499237619
"EpiEstim","Correct SI",130,0.882735861931285,0.893786741916562,0.185575593510668,0.0110508799852772
"EpiEstim","Correct SI",131,0.908592867608554,0.905780508748367,0.189159560344929,-0.00281235886018738
"EpiEstim","Correct SI",132,0.919571358645804,0.934912818579131,0.194543966471437,0.0153414599333273
"EpiEstim","Correct SI",133,0.772870216905444,0.783889056371077,0.179864207584717,0.0110188394656326
"EpiEstim","Correct SI",134,0.850110615604727,0.854591063804401,0.189484310746779,0.00448044819967419
"EpiEstim","Correct SI",135,0.784750966748685,0.794506703014386,0.184245015475201,0.00975573626570048
"EpiEstim","Correct SI",136,0.974669466757976,0.963125416134719,0.204619563057501,-0.0115440506232567
"EpiEstim","Correct SI",137,0.984151011066472,0.966777143069048,0.207169251829914,-0.0173738679974237
"EpiEstim","Correct SI",138,1.1907508581573,1.18949866784471,0.232408321066777,-0.0012521903125875
"EpiEstim","Correct SI",139,1.38368582408824,1.37960194258133,0.252210070214797,-0.00408388150691152
"EpiEstim","Correct SI",140,0.815817246340058,0.83670270850119,0.196949671936053,0.0208854621611325
"EpiEstim","Correct SI",141,0.948708845408202,0.94428585275206,0.208358487038337,-0.00442299265614143
"EpiEstim","Correct SI",142,0.887913521021147,0.883640129818303,0.200000330666262,-0.0042733912028442
"EpiEstim","Correct SI",143,1.33195215209727,1.36982903325564,0.24770412338546,0.0378768811583672
"EpiEstim","Correct SI",144,1.33130915175386,1.34506330447114,0.244968209112742,0.0137541527172822
"EpiEstim","Correct SI",145,1.36040954450305,1.35560927691759,0.245407522295697,-0.00480026758546259
"EpiEstim","Correct SI",146,1.03071516120352,1.0233297594795,0.211593254970868,-0.00738540172402269
"EpiEstim","Correct SI",147,1.01542687773298,1.01779205756755,0.208308360428196,0.00236517983456697
"EpiEstim","Correct SI",148,0.918038272830281,0.932691123969057,0.196334775891813,0.0146528511387755
"EpiEstim","Correct SI",149,0.795403147880171,0.786408923704205,0.178046344660119,-0.0089942241759664
"EpiEstim","Correct SI",150,0.947076494147123,0.969662512921042,0.196674634646009,0.0225860187739187
"EpiEstim","Correct SI",151,0.838902415667924,0.847159337256876,0.183909006123053,0.00825692158895219
"EpiEstim","Correct SI",152,1.10280245382765,1.12740722715058,0.213513488952908,0.0246047733229335
"EpiEstim","Correct SI",153,1.09815440539428,1.09005915953134,0.211558574400871,-0.00809524586294419
"EpiEstim","Correct SI",154,0.933699509626363,0.918122376898225,0.19538243816624,-0.0155771327281384
"EpiEstim","Correct SI",155,0.677259462566555,0.674252002516794,0.167975854315157,-0.00300746004976149
"EpiEstim","Correct SI",156,0.794318325784725,0.767997901041187,0.179415783207992,-0.0263204247435377
"EpiEstim","Correct SI",157,0.863129045133472,0.881508787340885,0.193049131155698,0.0183797422074129
"EpiEstim","Correct SI",158,1.2121292060572,1.2149961543204,0.228363702660061,0.00286694826319578
"EpiEstim","Correct SI",159,1.02410099479473,1.03464432914186,0.213349106720902,0.0105433343471306
"EpiEstim","Correct SI",160,0.905625417711481,0.906881270749188,0.20141762303945,0.00125585303770681
"EpiEstim","Correct SI",161,0.911623484707899,0.920726625875513,0.203841370836422,0.0091031411676139
"EpiEstim","Correct SI",162,0.854314364398061,0.853932171862123,0.196436581415304,-0.000382192535937964
"EpiEstim","Correct SI",163,0.939538506142908,0.951196196819586,0.207598137928137,0.0116576906766777
"EpiEstim","Correct SI",164,0.804264811038419,0.81504043243443,0.192733636210343,0.0107756213960111
"EpiEstim","Correct SI",165,1.00142358506205,1.00607117322241,0.215149158342531,0.00464758816036359
"EpiEstim","Correct SI",166,1.22258511650756,1.23828001130738,0.240399084975463,0.0156948947998214
"EpiEstim","Correct SI",167,0.797785743145654,0.789495092460526,0.19313872364452,-0.00829065068512769
"EpiEstim","Correct SI",168,1.1498418409574,1.14296000120285,0.233399154905539,-0.00688183975455092
"EpiEstim","Correct SI",169,0.760349335694062,0.765440866517744,0.191046190731409,0.0050915308236823
"EpiEstim","Correct SI",170,1.37423882796411,1.3793595439094,0.256501892025135,0.00512071594528996
"EpiEstim","Correct SI",171,0.879916177740953,0.865642572286459,0.203163880081925,-0.014273605454494
"EpiEstim","Correct SI",172,1.40469809778524,1.4299447567285,0.261045094550054,0.0252466589432609
"EpiEstim","Correct SI",173,0.919193657171105,0.924742452800559,0.20921187527246,0.00554879562945376
"EpiEstim","Correct SI",174,0.923156528563282,0.9395402070135,0.209482023614654,0.0163836784502183
"EpiEstim","Correct SI",175,1.03837120055872,1.05553890889768,0.220465358398481,0.0171677083389565
"EpiEstim","Correct SI",176,0.998550191051843,1.00811052458568,0.214204345498765,0.0095603335338369
"EpiEstim","Correct SI",177,1.0672490953256,1.06275313049084,0.219495213742298,-0.00449596483476045
"EpiEstim","Correct SI",178,0.796488943635566,0.824262761899262,0.193142073422052,0.0277738182636963
"EpiEstim","Correct SI",179,1.19853631620291,1.21228720682491,0.234171459693638,0.0137508906219961
"EpiEstim","Correct SI",180,1.18742234445089,1.18369576376421,0.231540496883269,-0.00372658068668197
"EpiEstim","Correct SI",181,1.49419822100474,1.49472067920822,0.26053885371348,0.000522458203480625
"EpiEstim","Correct SI",182,1.51569971274724,1.52393465355121,0.261642696695703,0.00823494080396903
"EpiEstim","Correct SI",183,0.993078083144793,0.984271914628836,0.20798830033699,-0.0088061685159565
"EpiEstim","Correct SI",184,0.900895179433443,0.909231021802923,0.196399343148011,0.00833584236948048
"EpiEstim","Correct SI",185,0.823216514722493,0.825201723869084,0.183295924096071,0.00198520914659106
"EpiEstim","Correct SI",186,1.22622352517845,1.21912117548733,0.220007706949887,-0.00710234969112067
"EpiEstim","Correct SI",187,0.917485344129662,0.923494759230957,0.190363587049286,0.00600941510129516
"EpiEstim","Correct SI",188,1.14600718978611,1.14687561388595,0.212110326718358,0.000868424099840226
"EpiEstim","Correct SI",189,1.15017955401154,1.16051897051962,0.213626859098684,0.0103394165080763
"EpiEstim","Correct SI",190,1.13787761403339,1.14473329008675,0.212272839455539,0.0068556760533649
"EpiEstim","Correct SI",191,1.77820774658985,1.77809238089768,0.263712646013997,-0.00011536569217041
"EpiEstim","Correct SI",192,1.12621869533816,1.11804389259276,0.207359394119512,-0.00817480274539695
"EpiEstim","Correct SI",193,1.63142687231341,1.62604297088969,0.246425966432014,-0.00538390142372203
"EpiEstim","Correct SI",194,1.9613208229511,1.97631750610089,0.266113407304144,0.0149966831497945
"EpiEstim","Correct SI",195,1.62644217295684,1.616476980745,0.2345828081884,-0.00996519221183756
"EpiEstim","Correct SI",196,1.22114876712024,1.22401372296229,0.19759729817655,0.00286495584205371
"EpiEstim","Correct SI",197,1.08512340553335,1.09163798320886,0.180206562049496,0.00651457767550689
"EpiEstim","Correct SI",198,1.22271087570671,1.22575625291994,0.184530728411031,0.00304537721322573
"EpiEstim","Correct SI",199,1.2960340351298,1.2999393837728,0.185143949200505,0.00390534864300274
"EpiEstim","Correct SI",200,1.66920711624072,1.65181384846466,0.205107874528365,-0.0173932677760646
"EpiEstim","Correct SI",201,1.16940768861372,1.1747454605391,0.170471608452357,0.00533777192537932
"EpiEstim","Correct SI",202,1.0787760344722,1.07332035792041,0.16020966687795,-0.00545567655179302
"EpiEstim","Correct SI",203,0.894614924502778,0.88607481551254,0.1428582041726,-0.00854010899023816
"EpiEstim","Correct SI",204,0.818936942727194,0.83023292215427,0.136021273940404,0.0112959794270765
"EpiEstim","Correct SI",205,0.966688195947552,0.988458014343729,0.146770350987358,0.0217698183961773
"EpiEstim","Correct SI",206,0.735602657677609,0.74324195965673,0.126943979568566,0.00763930197912044
"EpiEstim","Correct SI",207,0.854906249805799,0.857460688252989,0.136866139262356,0.00255443844718994
"EpiEstim","Correct SI",208,1.18360616945073,1.18887407406761,0.16258889105504,0.00526790461687754
"EpiEstim","Correct SI",209,1.4602885501346,1.4636148903996,0.182322800977885,0.00332634026499656
"EpiEstim","Correct SI",210,0.828346816490767,0.82255540467669,0.137700351004747,-0.00579141181407683
"EpiEstim","Correct SI",211,0.945514704257119,0.946530708716391,0.147614636556408,0.0010160044592723
"EpiEstim","Correct SI",212,0.790503634328223,0.798196944851094,0.134628888725917,0.0076933105228707
"EpiEstim","Correct SI",213,1.43200091428725,1.44195553416728,0.179925468411978,0.00995461988003399
"EpiEstim","Correct SI",214,1.11427471246835,1.1268558696365,0.158788810234282,0.0125811571681498
"EpiEstim","Correct SI",215,1.11570572194133,1.10812817705701,0.157202695970324,-0.00757754488431517
"EpiEstim","Correct SI",216,1.45325455274622,1.44569434570248,0.178505618612711,-0.00756020704373639
"EpiEstim","Correct SI",217,1.1420513438864,1.13169723818862,0.156588749526632,-0.0103541056977765
"EpiEstim","Correct SI",218,0.657956194341687,0.657757747205406,0.1179614498506,-0.000198447136280699
"EpiEstim","Correct SI",219,1.37055796530381,1.37670128314747,0.168359826619637,0.00614331784365874
"EpiEstim","Correct SI",220,1.1217671045533,1.11732922718148,0.150178919214785,-0.00443787737182033
"EpiEstim","Correct SI",221,1.82148085595811,1.81163233620079,0.190102732921443,-0.00984851975731615
"EpiEstim","Correct SI",222,1.47820728190538,1.46603247574343,0.169726415163273,-0.0121748061619498
"EpiEstim","Correct SI",223,1.22912323671868,1.2347103490178,0.153461200244268,0.00558711229912423
"EpiEstim","Correct SI",224,1.39166921706407,1.3877465141033,0.159060624020246,-0.00392270296077291
"EpiEstim","Correct SI",225,1.02692395020016,1.0285378438371,0.133375063494547,0.00161389363694009
"EpiEstim","Correct SI",226,0.944469227223,0.955020128727584,0.125437197883279,0.0105509015045836
"EpiEstim","Correct SI",227,0.882935394281871,0.891250221058886,0.118839706159651,0.00831482677701512
"EpiEstim","Correct SI",228,1.25451332375843,1.25561857554663,0.139477430551994,0.00110525178819509
"EpiEstim","Correct SI",229,1.46482234027448,1.46385298668295,0.149907418953404,-0.000969353591527389
"EpiEstim","Correct SI",230,1.51066180760486,1.48777590657803,0.15082342356549,-0.0228859010268316
"EpiEstim","Correct SI",231,1.76123960010775,1.76269008875888,0.163104840272867,0.00145048865112951
"EpiEstim","Correct SI",232,1.40610248726795,1.40256866920957,0.143085059379409,-0.00353381805837993
"EpiEstim","Correct SI",233,1.50839208568838,1.51399466417841,0.144890298768746,0.00560257849003443
"EpiEstim","Correct SI",234,2.14809922234943,2.14546023460096,0.167112297719478,-0.00263898774846849
"EpiEstim","Correct SI",235,1.77316147702833,1.7690025977518,0.146814410040419,-0.00415887927652525
"EpiEstim","Correct SI",236,1.73482506410384,1.72872031863795,0.139838763346129,-0.00610474546589002
"EpiEstim","Correct SI",237,1.62267353351007,1.62506687367571,0.130109704914512,0.00239334016564419
"EpiEstim","Correct SI",238,1.18124992154851,1.18602389013783,0.106486049221394,0.00477396858932133
"EpiEstim","Correct SI",239,1.18465305674865,1.19274616649825,0.10262084058728,0.00809310974959998
"EpiEstim","Correct SI",240,1.4168407618799,1.42539339286583,0.108602422964448,0.00855263098592518
"EpiEstim","Correct SI",241,1.25636383468336,1.26207080420159,0.0997545207100446,0.0057069695182308
"EpiEstim","Correct SI",242,1.12127216596798,1.12207762717506,0.0922771046294463,0.000805461207080249
"EpiEstim","Correct SI",243,1.35468577162437,1.35141090424542,0.0995541889236303,-0.00327486737894622
"EpiEstim","Correct SI",244,1.01073025572083,1.00940689452958,0.084797524218403,-0.00132336119124576
"EpiEstim","Correct SI",245,1.09869262296579,1.10371465509025,0.0874514452723374,0.00502203212446273
"EpiEstim","Correct SI",246,1.01867243248783,1.01203680349906,0.0827297921282709,-0.00663562898876702
"EpiEstim","Correct SI",247,0.933300548697082,0.932673628833107,0.0786734056512831,-0.00062691986397545
"EpiEstim","Correct SI",248,1.07521131224965,1.08081650059368,0.0841422029527582,0.0056051883440289
"EpiEstim","Correct SI",249,1.30368079751671,1.31563082569671,0.0925835188156425,0.0119500281799978
"EpiEstim","Correct SI",250,1.41725036624756,1.4165337960489,0.0959174404106471,-0.000716570198661781
"EpiEstim","Correct SI",251,1.14473843834061,1.13858945602768,0.0856013404260417,-0.00614898231292882
"EpiEstim","Correct SI",252,1.28957905264017,1.28369408098052,0.0899407870221848,-0.00588497165964652
"EpiEstim","Correct SI",253,1.41164181175606,1.41616950262596,0.0931013264482304,0.00452769086990279
"EpiEstim","SD +60%",31,0.584450640057208,0.612269742640761,0.0424280839650604,0.0278191025835532
"EpiEstim","SD +60%",32,0.680297862250013,0.715489880910008,0.0469614087843372,0.0351920186599953
"EpiEstim","SD +60%",33,0.95896579009836,1.00179990507857,0.0568176654218847,0.0428341149802071
"EpiEstim","SD +60%",34,1.26713544933213,1.27721584576004,0.0649738702070055,0.0100803964279088
"EpiEstim","SD +60%",35,1.32835487275134,1.26984455953436,0.0647638622661684,-0.0585103132169797
"EpiEstim","SD +60%",36,0.820532179912435,0.74830611681012,0.0493254829447457,-0.0722260631023145
"EpiEstim","SD +60%",37,0.605066948223753,0.555080092608762,0.0426287385839054,-0.0499868556149913
"EpiEstim","SD +60%",38,0.480613317476216,0.464987470554291,0.0396159244821808,-0.0156258469219247
"EpiEstim","SD +60%",39,0.729684595490469,0.749083565776263,0.0515269475640902,0.0193989702857944
"EpiEstim","SD +60%",40,0.815117093248404,0.86317981166151,0.0565237470808102,0.0480627184131063
"EpiEstim","SD +60%",41,0.615435524003123,0.64015262672548,0.0494816975304927,0.0247171027223568
"EpiEstim","SD +60%",42,0.771681049543453,0.797594140753103,0.0563778744104835,0.0259130912096499
"EpiEstim","SD +60%",43,0.638637642797715,0.647140271596002,0.0517071933643002,0.00850262879828745
"EpiEstim","SD +60%",44,0.502607638572081,0.504877025739806,0.0466536550786655,0.00226938716772529
"EpiEstim","SD +60%",45,0.419348773276434,0.423727464549309,0.0439220511365969,0.00437869127287477
"EpiEstim","SD +60%",46,0.532523289397014,0.547353230218759,0.0516197425773333,0.014829940821745
"EpiEstim","SD +60%",47,0.748164536979726,0.774914409893531,0.0635352959014749,0.0267498729138048
"EpiEstim","SD +60%",48,0.699597036363356,0.714644562958152,0.0626717988592988,0.0150475265947957
"EpiEstim","SD +60%",49,0.840634610500807,0.821362664166387,0.0688661581661462,-0.0192719463344201
"EpiEstim","SD +60%",50,0.605572567510499,0.580448355937843,0.0590563786717648,-0.0251242115726564
"EpiEstim","SD +60%",51,0.551154795645625,0.523718419558731,0.0574954367241089,-0.027436376086894
"EpiEstim","SD +60%",52,0.382419782215341,0.372289338643677,0.0499186563252412,-0.010130443571664
"EpiEstim","SD +60%",53,0.67605453850849,0.672875093032642,0.0696136446843958,-0.00317944547584781
"EpiEstim","SD +60%",54,0.67389745281474,0.674376553586406,0.0718977928903921,0.000479100771665575
"EpiEstim","SD +60%",55,0.928654307802489,0.91760315559683,0.0863166733063427,-0.0110511522056592
"EpiEstim","SD +60%",56,0.750444909156983,0.719835467631513,0.0779874992630904,-0.03060944152547
"EpiEstim","SD +60%",57,0.713559496047443,0.666741638148205,0.0765907983270746,-0.0468178578992378
"EpiEstim","SD +60%",58,0.492127182876667,0.45895273693592,0.0649700580551413,-0.0331744459407472
"EpiEstim","SD +60%",59,0.488121905081673,0.46933765288706,0.0676735880189178,-0.0187842521946125
"EpiEstim","SD +60%",60,0.671861168143052,0.66212970526329,0.0831157267630208,-0.0097314628797619
"EpiEstim","SD +60%",61,0.791762464983911,0.794210585403146,0.0937990006965935,0.00244812041923459
"EpiEstim","SD +60%",62,0.652922492639065,0.647641221240159,0.086765356833185,-0.00528127139890633
"EpiEstim","SD +60%",63,0.613891069127135,0.598730947634111,0.0855595958235044,-0.0151601214930241
"EpiEstim","SD +60%",64,0.747174650317661,0.72515591098402,0.0967757930685526,-0.0220187393336404
"EpiEstim","SD +60%",65,0.706701130088712,0.681612335029322,0.0962311848557205,-0.0250887950593897
"EpiEstim","SD +60%",66,0.51187393654748,0.49709172450533,0.0842422770704224,-0.0147822120421496
"EpiEstim","SD +60%",67,0.670601402325688,0.655307168156491,0.0996516619879526,-0.0152942341691968
"EpiEstim","SD +60%",68,1.17253163081397,1.15897415015493,0.136255491747967,-0.0135574806590413
"EpiEstim","SD +60%",69,1.09882955126721,1.04162962679746,0.130686615200846,-0.0571999244697541
"EpiEstim","SD +60%",70,0.864010024055233,0.794280643633078,0.114831837223465,-0.0697293804221548
"EpiEstim","SD +60%",71,0.715098113998147,0.661883884321678,0.105917082781811,-0.0532142296764689
"EpiEstim","SD +60%",72,0.5778146754347,0.54715577025239,0.0978792103128133,-0.0306589051823104
"EpiEstim","SD +60%",73,0.968098548670386,0.962245739325525,0.132824639613196,-0.0058528093448611
"EpiEstim","SD +60%",74,0.655349167508219,0.660139769689985,0.11159834253768,0.00479060218176608
"EpiEstim","SD +60%",75,0.59977224361632,0.610663064589012,0.109367372042814,0.0108908209726922
"EpiEstim","SD +60%",76,0.795810456805532,0.806260467717193,0.128579734664436,0.0104500109116611
"EpiEstim","SD +60%",77,0.873668877519834,0.884913124712837,0.137217012782739,0.0112442471930032
"EpiEstim","SD +60%",78,0.655524310026793,0.659224791717032,0.120238206736556,0.00370048169023929
"EpiEstim","SD +60%",79,0.810623636163075,0.805153771382321,0.135463765966387,-0.00546986478075406
"EpiEstim","SD +60%",80,0.610456557383718,0.610070248609853,0.119960731261434,-0.000386308773865252
"EpiEstim","SD +60%",81,0.859858611274139,0.848904184167946,0.144597920845941,-0.0109544271061925
"EpiEstim","SD +60%",82,0.71793472208637,0.71146710981948,0.134665107132863,-0.00646761226688952
"EpiEstim","SD +60%",83,0.992203959261976,0.984918562038162,0.161443644575144,-0.0072853972238136
"EpiEstim","SD +60%",84,1.12541562776308,1.09254794958152,0.172013254330531,-0.0328676781815569
"EpiEstim","SD +60%",85,0.719081428835968,0.67561761915147,0.135772372552988,-0.0434638096844977
"EpiEstim","SD +60%",86,0.84752493125734,0.822673499658136,0.151838879006108,-0.0248514315992038
"EpiEstim","SD +60%",87,0.855021916180829,0.830527205948435,0.154452197844315,-0.0244947102323941
"EpiEstim","SD +60%",88,1.05231211723794,1.04362244430051,0.175310376047178,-0.00868967293742773
"EpiEstim","SD +60%",89,0.736245763604483,0.731321107911392,0.147565613629365,-0.00492465569309108
"EpiEstim","SD +60%",90,0.910435800275709,0.917547422928812,0.167267847720801,0.00711162265310272
"EpiEstim","SD +60%",91,0.875373992276142,0.864509471162117,0.163833146605889,-0.0108645211140248
"EpiEstim","SD +60%",92,1.13308580158326,1.12778523528786,0.188890247796213,-0.00530056629539555
"EpiEstim","SD +60%",93,0.779622317935819,0.759746716831854,0.155351421347639,-0.0198756011039651
"EpiEstim","SD +60%",94,0.738590807925372,0.733734514608639,0.15392312088301,-0.00485629331673298
"EpiEstim","SD +60%",95,0.736386067431423,0.739923419913489,0.156459623991318,0.00353735248206566
"EpiEstim","SD +60%",96,0.940470991453404,0.952107281255799,0.180283262158651,0.0116362898023954
"EpiEstim","SD +60%",97,0.92681020267862,0.932659381443727,0.180279622266126,0.00584917876510704
"EpiEstim","SD +60%",98,0.805264800704658,0.807049605572795,0.169113321378846,0.00178480486813681
"EpiEstim","SD +60%",99,0.96897608307621,0.974348721491283,0.187890873747498,0.00537263841507329
"EpiEstim","SD +60%",100,0.483332995262756,0.474036254554967,0.131926874718603,-0.00929674070778858
"EpiEstim","SD +60%",101,0.66077716283239,0.671103435713402,0.160150233964569,0.0103262728810122
"EpiEstim","SD +60%",102,0.655745239910364,0.67976597002626,0.164643250934108,0.0240207301158958
"EpiEstim","SD +60%",103,1.19599908198214,1.25248353363714,0.22858570662824,0.0564844516550036
"EpiEstim","SD +60%",104,1.52020654998133,1.52858343966357,0.253864114270587,0.00837688968224182
"EpiEstim","SD +60%",105,1.10303826313934,1.02082228318215,0.204931811785356,-0.0822159799571875
"EpiEstim","SD +60%",106,0.895258886773757,0.81907940161582,0.182311144356374,-0.0761794851579373
"EpiEstim","SD +60%",107,0.603016892421566,0.57110176268156,0.152636925086158,-0.0319151297400054
"EpiEstim","SD +60%",108,1.07762321196894,1.06364208856618,0.211270529876278,-0.0139811234027649
"EpiEstim","SD +60%",109,1.67936751135944,1.71688280033016,0.270202474704298,0.0375152889707231
"EpiEstim","SD +60%",110,0.778512854791425,0.765779440379098,0.177328051115956,-0.0127334144123266
"EpiEstim","SD +60%",111,0.992005341124613,0.965230432886196,0.198729153396707,-0.0267749082384169
"EpiEstim","SD +60%",112,1.07688074493023,1.05602171395166,0.20781625361397,-0.0208590309785657
"EpiEstim","SD +60%",113,0.702400819858529,0.72767671239735,0.172338964714196,0.025275892538821
"EpiEstim","SD +60%",114,0.976066509197994,1.00066033009071,0.203580397889376,0.0245938208927151
"EpiEstim","SD +60%",115,1.23867756628513,1.25006807705541,0.228522875027331,0.0113905107702812
"EpiEstim","SD +60%",116,1.16180338965973,1.18794000769644,0.221714298204155,0.0261366180367073
"EpiEstim","SD +60%",117,1.19462029108814,1.165602824773,0.217771129799999,-0.0290174663151359
"EpiEstim","SD +60%",118,1.16321995780671,1.16073724427899,0.215653867039571,-0.00248271352771923
"EpiEstim","SD +60%",119,1.07032628214879,1.0430767727061,0.202527524970281,-0.0272495094426899
"EpiEstim","SD +60%",120,0.877757633134012,0.875035103152628,0.18432012474773,-0.00272252998138445
"EpiEstim","SD +60%",121,1.36755731263547,1.35742512712087,0.229817969501957,-0.0101321855145953
"EpiEstim","SD +60%",122,0.835796444244159,0.842369099837264,0.179071405409073,0.00657265559310494
"EpiEstim","SD +60%",123,1.26724551805682,1.28590770943712,0.221153829704024,0.0186621913803016
"EpiEstim","SD +60%",124,0.969129898643769,0.966027040967786,0.189960886692406,-0.00310285767598262
"EpiEstim","SD +60%",125,0.847338782890042,0.846445134192695,0.177350030957745,-0.00089364869734676
"EpiEstim","SD +60%",126,0.715564882412269,0.744641318542248,0.166740033085764,0.0290764361299791
"EpiEstim","SD +60%",127,0.94782383341486,0.999794549838125,0.194964760588332,0.0519707164232648
"EpiEstim","SD +60%",128,0.685081694959754,0.710368699422417,0.165189743641948,0.0252870044626627
"EpiEstim","SD +60%",129,0.940719567434955,0.986445883869672,0.196852076889654,0.0457263164347171
"EpiEstim","SD +60%",130,0.882735861931285,0.926098958245904,0.192276644138751,0.043363096314619
"EpiEstim","SD +60%",131,0.908592867608554,0.925506292284988,0.193252407792609,0.0169134246764339
"EpiEstim","SD +60%",132,0.919571358645804,0.943264215342491,0.196243889773837,0.0236928566966866
"EpiEstim","SD +60%",133,0.772870216905444,0.78315211997749,0.179644156231218,0.0102819030720465
"EpiEstim","SD +60%",134,0.850110615604727,0.855995964137838,0.189774927788642,0.00588534853311129
"EpiEstim","SD +60%",135,0.784750966748685,0.798828353083631,0.185240251940805,0.0140773863349458
"EpiEstim","SD +60%",136,0.974669466757976,0.973374132927743,0.206775217422717,-0.00129533383023306
"EpiEstim","SD +60%",137,0.984151011066472,0.970966461211752,0.208038991133325,-0.0131845498547195
"EpiEstim","SD +60%",138,1.1907508581573,1.18153517210864,0.23084414342521,-0.00921568604866052
"EpiEstim","SD +60%",139,1.38368582408824,1.34241717041608,0.245389795274708,-0.0412686536721647
"EpiEstim","SD +60%",140,0.815817246340058,0.792933379411201,0.186618939746494,-0.0228838669288575
"EpiEstim","SD +60%",141,0.948708845408202,0.903897285879943,0.199432629339742,-0.0448115595282594
"EpiEstim","SD +60%",142,0.887913521021147,0.86443802603218,0.195646008950247,-0.0234754949889665
"EpiEstim","SD +60%",143,1.33195215209727,1.37124819756936,0.247941940932981,0.039296045472089
"EpiEstim","SD +60%",144,1.33130915175386,1.33081587551839,0.242360930512685,-0.000493276235472129
"EpiEstim","SD +60%",145,1.36040954450305,1.31195322484567,0.237505327632456,-0.0484563196573835
"EpiEstim","SD +60%",146,1.03071516120352,0.974386166268716,0.201473884396484,-0.056328994934804
"EpiEstim","SD +60%",147,1.01542687773298,0.981054222636154,0.200777247350787,-0.034372655096826
"EpiEstim","SD +60%",148,0.918038272830281,0.920185896567598,0.193685025535745,0.00214762373731725
"EpiEstim","SD +60%",149,0.795403147880171,0.795355039573225,0.180050913875394,-4.81083069457933e-05
"EpiEstim","SD +60%",150,0.947076494147123,1.0050667150186,0.203847320387973,0.057990220871472
"EpiEstim","SD +60%",151,0.838902415667924,0.882560142955943,0.191595651234802,0.043657727288019
"EpiEstim","SD +60%",152,1.10280245382765,1.17427917308027,0.222389497860714,0.0714767192526236
"EpiEstim","SD +60%",153,1.09815440539428,1.1127681634006,0.215948038999525,0.0146137580063233
"EpiEstim","SD +60%",154,0.933699509626363,0.91765550433158,0.195273283083335,-0.0160440052947826
"EpiEstim","SD +60%",155,0.677259462566555,0.670887728557285,0.167118978287762,-0.00637173400926994
"EpiEstim","SD +60%",156,0.794318325784725,0.778579426211222,0.181869489326934,-0.0157388995735027
"EpiEstim","SD +60%",157,0.863129045133472,0.90966209491561,0.199191994872012,0.0465330497821378
"EpiEstim","SD +60%",158,1.2121292060572,1.25727060385707,0.23623408549066,0.04514139779987
"EpiEstim","SD +60%",159,1.02410099479473,1.04165287891687,0.214756147534597,0.017551884122138
"EpiEstim","SD +60%",160,0.905625417711481,0.89326578954171,0.198337846958583,-0.0123596281697713
"EpiEstim","SD +60%",161,0.911623484707899,0.903613602041271,0.200035509070016,-0.00800988266662817
"EpiEstim","SD +60%",162,0.854314364398061,0.844180784503953,0.194170482304333,-0.0101335798941077
"EpiEstim","SD +60%",163,0.939538506142908,0.952614252360612,0.207883678937455,0.013075746217704
"EpiEstim","SD +60%",164,0.804264811038419,0.820321993577673,0.193975437941548,0.0160571825392543
"EpiEstim","SD +60%",165,1.00142358506205,1.01972825092587,0.218019689823431,0.0183046658638224
"EpiEstim","SD +60%",166,1.22258511650756,1.24769268437773,0.242193666234364,0.0251075678701722
"EpiEstim","SD +60%",167,0.797785743145654,0.77761022530671,0.190186906222808,-0.0201755178389441
"EpiEstim","SD +60%",168,1.1498418409574,1.12756970329026,0.23024055583309,-0.0222721376671395
"EpiEstim","SD +60%",169,0.760349335694062,0.75205984474748,0.18768059469851,-0.0082894909465816
"EpiEstim","SD +60%",170,1.37423882796411,1.37477069187692,0.255643035118778,0.000531863912811348
"EpiEstim","SD +60%",171,0.879916177740953,0.850034308765321,0.199516471695116,-0.0298818689756315
"EpiEstim","SD +60%",172,1.40469809778524,1.41051068931842,0.257475473964123,0.00581259153318259
"EpiEstim","SD +60%",173,0.919193657171105,0.896948831430659,0.202915870608464,-0.0222448257404458
"EpiEstim","SD +60%",174,0.923156528563282,0.917548549253729,0.204586389814624,-0.00560797930955348
"EpiEstim","SD +60%",175,1.03837120055872,1.048417448682,0.218998712032698,0.0100462481232795
"EpiEstim","SD +60%",176,0.998550191051843,1.0111331031938,0.214870993207654,0.0125829121419588
"EpiEstim","SD +60%",177,1.0672490953256,1.07103065236597,0.221236392999813,0.0037815570403652
"EpiEstim","SD +60%",178,0.796488943635566,0.828695598195379,0.19421351057504,0.0322066545598125
"EpiEstim","SD +60%",179,1.19853631620291,1.22964270542204,0.237500838689226,0.0311063892191268
"EpiEstim","SD +60%",180,1.18742234445089,1.18774405725265,0.232291158127007,0.000321712801760077
"EpiEstim","SD +60%",181,1.49419822100474,1.47721411088697,0.257427937085162,-0.0169841101177668
"EpiEstim","SD +60%",182,1.51569971274724,1.46507220994328,0.251464449256903,-0.050627502803956
"EpiEstim","SD +60%",183,0.993078083144793,0.925374684407037,0.195507583296136,-0.0677033987377562
"EpiEstim","SD +60%",184,0.900895179433443,0.870487329048937,0.188018582511955,-0.0304078503845064
"EpiEstim","SD +60%",185,0.823216514722493,0.819235723256478,0.181971369188599,-0.00398079146601515
"EpiEstim","SD +60%",186,1.22622352517845,1.25543560008087,0.226555936019026,0.0292120749024238
"EpiEstim","SD +60%",187,0.917485344129662,0.951580581146554,0.196143115895517,0.0340952370168923
"EpiEstim","SD +60%",188,1.14600718978611,1.18020207019492,0.218242472928455,0.0341948804088088
"EpiEstim","SD +60%",189,1.15017955401154,1.17783547639235,0.216784330532237,0.0276559223808146
"EpiEstim","SD +60%",190,1.13787761403339,1.14321757092773,0.21196697819105,0.00533995689434241
"EpiEstim","SD +60%",191,1.77820774658985,1.75723217135235,0.260580209255994,-0.0209755752375007
"EpiEstim","SD +60%",192,1.12621869533816,1.065047277267,0.197497328150016,-0.0611714180711636
"EpiEstim","SD +60%",193,1.63142687231341,1.54866465844805,0.234661321778491,-0.0827622138653561
"EpiEstim","SD +60%",194,1.9613208229511,1.87101150538611,0.251901749104106,-0.0903093175649885
"EpiEstim","SD +60%",195,1.62644217295684,1.49590509793768,0.21707363324704,-0.130537075019157
"EpiEstim","SD +60%",196,1.22114876712024,1.13138966658697,0.182626156286728,-0.0897591005332654
"EpiEstim","SD +60%",197,1.08512340553335,1.04055858381604,0.171765886889394,-0.0445648217173136
"EpiEstim","SD +60%",198,1.22271087570671,1.21818705347739,0.183363493395441,-0.00452382222932091
"EpiEstim","SD +60%",199,1.2960340351298,1.32398213939001,0.188531387464525,0.0279481042602081
"EpiEstim","SD +60%",200,1.66920711624072,1.68651225061835,0.209398010815174,0.017305134377634
"EpiEstim","SD +60%",201,1.16940768861372,1.16693027259876,0.169336079468632,-0.00247741601496321
"EpiEstim","SD +60%",202,1.0787760344722,1.06037023037867,0.158283079527599,-0.0184058040935275
"EpiEstim","SD +60%",203,0.894614924502778,0.887318227205411,0.143066934624791,-0.00729669729736704
"EpiEstim","SD +60%",204,0.818936942727194,0.853807070966287,0.139895518804466,0.0348701282390929
"EpiEstim","SD +60%",205,0.966688195947552,1.04259475215631,0.154806057379086,0.0759065562087624
"EpiEstim","SD +60%",206,0.735602657677609,0.787703103575739,0.134525332470188,0.05210044589813
"EpiEstim","SD +60%",207,0.854906249805799,0.913122570274249,0.145747672300638,0.0582163204684496
"EpiEstim","SD +60%",208,1.18360616945073,1.26004229285801,0.172312596594253,0.0764361234072817
"EpiEstim","SD +60%",209,1.4602885501346,1.50534000021349,0.187505675317414,0.0450514500788872
"EpiEstim","SD +60%",210,0.828346816490767,0.806078415009917,0.134926981178202,-0.0222684014808502
"EpiEstim","SD +60%",211,0.945514704257119,0.923574272073675,0.144020098825515,-0.0219404321834444
"EpiEstim","SD +60%",212,0.790503634328223,0.789492977393013,0.133147230029398,-0.00101065693520974
"EpiEstim","SD +60%",213,1.43200091428725,1.46125000335381,0.182318242586537,0.0292490890665644
"EpiEstim","SD +60%",214,1.11427471246835,1.12365592764904,0.1583387558385,0.00938121518069179
"EpiEstim","SD +60%",215,1.11570572194133,1.09025502749782,0.154665471452539,-0.0254506944435149
"EpiEstim","SD +60%",216,1.45325455274622,1.41619986991387,0.174851700978661,-0.0370546828323477
"EpiEstim","SD +60%",217,1.1420513438864,1.0922314753745,0.151133480096156,-0.0498198685119025
"EpiEstim","SD +60%",218,0.657956194341687,0.636564370637331,0.114164184793812,-0.0213918237043562
"EpiEstim","SD +60%",219,1.37055796530381,1.38212240637805,0.169017865654436,0.0115644410742448
"EpiEstim","SD +60%",220,1.1217671045533,1.12321837423933,0.150967480521327,0.00145126968602605
"EpiEstim","SD +60%",221,1.82148085595811,1.81441187605213,0.190388798340408,-0.00706897990598421
"EpiEstim","SD +60%",222,1.47820728190538,1.41026935423002,0.163255789769258,-0.0679379276753633
"EpiEstim","SD +60%",223,1.22912323671868,1.16141797206069,0.14433590245328,-0.0677052646579852
"EpiEstim","SD +60%",224,1.39166921706407,1.3177113161838,0.151026895614664,-0.0739579008802678
"EpiEstim","SD +60%",225,1.02692395020016,0.990831758954861,0.128487058791727,-0.0360921912452993
"EpiEstim","SD +60%",226,0.944469227223,0.947616081305707,0.124466079846078,0.00314685408270654
"EpiEstim","SD +60%",227,0.882935394281871,0.911570196286614,0.121550108459572,0.0286348020047433
"EpiEstim","SD +60%",228,1.25451332375843,1.31452787556819,0.146017883113975,0.0600145518097566
"EpiEstim","SD +60%",229,1.46482234027448,1.51729015583298,0.155373171667842,0.0524678155584963
"EpiEstim","SD +60%",230,1.51066180760486,1.48897275331432,0.150940000079547,-0.0216890542905361
"EpiEstim","SD +60%",231,1.76123960010775,1.70503905865959,0.15777063594841,-0.056200541448159
"EpiEstim","SD +60%",232,1.40610248726795,1.31325830331931,0.13396618305498,-0.092844183948638
"EpiEstim","SD +60%",233,1.50839208568838,1.41836336415771,0.135728649057876,-0.0900287215306665
"EpiEstim","SD +60%",234,2.14809922234943,2.03309231273745,0.158348210155378,-0.115006909611982
"EpiEstim","SD +60%",235,1.77316147702833,1.64616762641039,0.136614559850649,-0.126993850617944
"EpiEstim","SD +60%",236,1.73482506410384,1.60134158097514,0.129528943541448,-0.133483483128696
"EpiEstim","SD +60%",237,1.62267353351007,1.51731919112921,0.121476246653509,-0.105354342380856
"EpiEstim","SD +60%",238,1.18124992154851,1.12619540291942,0.101107392457795,-0.0550545186290876
"EpiEstim","SD +60%",239,1.18465305674865,1.17476997938559,0.101069125738709,-0.00988307736306226
"EpiEstim","SD +60%",240,1.4168407618799,1.4494233721177,0.110438077250974,0.0325826102378048
"EpiEstim","SD +60%",241,1.25636383468336,1.28919132785983,0.101906431791552,0.0328274931764743
"EpiEstim","SD +60%",242,1.12127216596798,1.14404832803697,0.094084825615028,0.0227761620689926
"EpiEstim","SD +60%",243,1.35468577162437,1.38218838068787,0.101816843081357,0.0275026090635035
"EpiEstim","SD +60%",244,1.01073025572083,1.02347589721367,0.0859783472580571,0.0127456414928422
"EpiEstim","SD +60%",245,1.09869262296579,1.12576030126536,0.0891994299907961,0.0270676782995698
"EpiEstim","SD +60%",246,1.01867243248783,1.03717712269194,0.0847854924104496,0.0185046902041144
"EpiEstim","SD +60%",247,0.933300548697082,0.961500860322714,0.0811033394174092,0.0282003116256324
"EpiEstim","SD +60%",248,1.07521131224965,1.12225122307094,0.0873632321866472,0.0470399108212858
"EpiEstim","SD +60%",249,1.30368079751671,1.35956266574771,0.0956716643538739,0.0558818682309965
"EpiEstim","SD +60%",250,1.41725036624756,1.42983969650359,0.0968144929989196,0.0125893302560258
"EpiEstim","SD +60%",251,1.14473843834061,1.11532597181713,0.0838505327055922,-0.0294124665234818
"EpiEstim","SD +60%",252,1.28957905264017,1.24971884906011,0.0875601735695194,-0.0398602035800582
"EpiEstim","SD +60%",253,1.41164181175606,1.37947279284833,0.0906926197703623,-0.0321690189077326
"EpiLPS (MAP)","Mean -60%",31,0.83125458603177,0.866707856990951,0.0330446067947878,0.035453270959181
"EpiLPS (MAP)","Mean -60%",32,0.822012955905288,0.860136436106872,0.0328899973018165,0.0381234802015835
"EpiLPS (MAP)","Mean -60%",33,0.811083441801087,0.85394218535876,0.0337819309511521,0.0428587435576733
"EpiLPS (MAP)","Mean -60%",34,0.798410706391415,0.848006363092474,0.0352142227126162,0.0495956567010589
"EpiLPS (MAP)","Mean -60%",35,0.783985284249482,0.842240009775143,0.0365867323941755,0.0582547255256611
"EpiLPS (MAP)","Mean -60%",36,0.767842249776292,0.83657617009921,0.0374146404640003,0.0687339203229184
"EpiLPS (MAP)","Mean -60%",37,0.750320099865667,0.830964427956853,0.0374044972383085,0.0806443280911864
"EpiLPS (MAP)","Mean -60%",38,0.732127511283489,0.825366955690215,0.0364870398758953,0.0932394444067256
"EpiLPS (MAP)","Mean -60%",39,0.713945546467747,0.819767124109188,0.0349086296963373,0.105821577641441
"EpiLPS (MAP)","Mean -60%",40,0.696377644387645,0.8142852088079,0.0334796513698667,0.117907564420255
"EpiLPS (MAP)","Mean -60%",41,0.679931575981829,0.809091851238641,0.032928530603657,0.129160275256812
"EpiLPS (MAP)","Mean -60%",42,0.665012401557135,0.804312544995832,0.0334157884767669,0.139300143438697
"EpiLPS (MAP)","Mean -60%",43,0.65192842067752,0.800040961143855,0.034620290447079,0.148112540466335
"EpiLPS (MAP)","Mean -60%",44,0.640906266957601,0.796348477555579,0.0360064147720656,0.155442210597978
"EpiLPS (MAP)","Mean -60%",45,0.632110069284813,0.793290670202394,0.0370650856313319,0.161180600917581
"EpiLPS (MAP)","Mean -60%",46,0.625656360123327,0.79091189810574,0.0374321687574751,0.165255537982413
"EpiLPS (MAP)","Mean -60%",47,0.621502273809677,0.789248596335165,0.0369362626060657,0.167746322525488
"EpiLPS (MAP)","Mean -60%",48,0.619441171957512,0.788331010214136,0.0356581732218702,0.168889838256624
"EpiLPS (MAP)","Mean -60%",49,0.619256488578844,0.788146386412721,0.034187353159422,0.168889897833877
"EpiLPS (MAP)","Mean -60%",50,0.620736004042686,0.788627095230562,0.0333776789977269,0.167891091187876
"EpiLPS (MAP)","Mean -60%",51,0.623679916186844,0.789717962761018,0.0336252633473139,0.166038046574174
"EpiLPS (MAP)","Mean -60%",52,0.627908213332621,0.791377170398063,0.0347879177221287,0.163468957065442
"EpiLPS (MAP)","Mean -60%",53,0.633265384812971,0.79357282039301,0.0363769247968903,0.160307435580039
"EpiLPS (MAP)","Mean -60%",54,0.639622221613428,0.796280723222891,0.0378294228683251,0.156658501609463
"EpiLPS (MAP)","Mean -60%",55,0.646875295241765,0.79948284533835,0.0386862011708827,0.152607550096585
"EpiLPS (MAP)","Mean -60%",56,0.654940797889892,0.803166160664097,0.0386703605794443,0.148225362774205
"EpiLPS (MAP)","Mean -60%",57,0.663667548235467,0.807321766697336,0.037744604255325,0.143654218461869
"EpiLPS (MAP)","Mean -60%",58,0.67283196893338,0.81191914973216,0.0362976672859131,0.13908718079878
"EpiLPS (MAP)","Mean -60%",59,0.682212593504884,0.816834449759927,0.035252342131744,0.134621856255043
"EpiLPS (MAP)","Mean -60%",60,0.691594549334227,0.821944704104749,0.0352280659197916,0.130350154770522
"EpiLPS (MAP)","Mean -60%",61,0.700774343176902,0.827151200300148,0.0362546615293745,0.126376857123246
"EpiLPS (MAP)","Mean -60%",62,0.709565411363515,0.832373811649066,0.0378958854029783,0.122808400285551
"EpiLPS (MAP)","Mean -60%",63,0.717802382251417,0.837547492320943,0.0395439825192035,0.119745110069526
"EpiLPS (MAP)","Mean -60%",64,0.725343303375917,0.842619768563049,0.040658409719956,0.117276465187132
"EpiLPS (MAP)","Mean -60%",65,0.732069930484564,0.847548778901148,0.0408807017944012,0.115478848416584
"EpiLPS (MAP)","Mean -60%",66,0.737895666769886,0.852301658700773,0.0400959588643839,0.114405991930887
"EpiLPS (MAP)","Mean -60%",67,0.742895958587221,0.85685478183169,0.0385529103129773,0.113958823244469
"EpiLPS (MAP)","Mean -60%",68,0.747278763319657,0.861208987706208,0.0371534120132087,0.113930224386551
"EpiLPS (MAP)","Mean -60%",69,0.751271373438236,0.865375741450602,0.0367395502322414,0.114104368012366
"EpiLPS (MAP)","Mean -60%",70,0.755105697598796,0.869362445920203,0.0375098945503527,0.114256748321407
"EpiLPS (MAP)","Mean -60%",71,0.759004827658807,0.87317388253223,0.0390873277953828,0.114169054873423
"EpiLPS (MAP)","Mean -60%",72,0.76317231106088,0.876813330580073,0.0408325481656441,0.113641019519193
"EpiLPS (MAP)","Mean -60%",73,0.767786202417761,0.880283323894102,0.0421388893876718,0.112497121476341
"EpiLPS (MAP)","Mean -60%",74,0.772997638290372,0.883586162723906,0.0425798627803074,0.110588524433534
"EpiLPS (MAP)","Mean -60%",75,0.77893263784533,0.886724242818896,0.0419712551810921,0.107791604973566
"EpiLPS (MAP)","Mean -60%",76,0.78568141824908,0.889700273223366,0.0404476703584448,0.104018854974286
"EpiLPS (MAP)","Mean -60%",77,0.793148670755028,0.892518430090534,0.0387612154952825,0.0993697593355062
"EpiLPS (MAP)","Mean -60%",78,0.801109464577554,0.895183205847701,0.0379362127782738,0.0940737412701466
"EpiLPS (MAP)","Mean -60%",79,0.809317687520099,0.897696616737036,0.0383765723789058,0.088378929216937
"EpiLPS (MAP)","Mean -60%",80,0.817518562189946,0.900059121450733,0.0398170058800819,0.0825405592607871
"EpiLPS (MAP)","Mean -60%",81,0.825462916255739,0.902270537370377,0.0416213641867074,0.0768076211146377
"EpiLPS (MAP)","Mean -60%",82,0.832920079463184,0.904330693081615,0.0431275631971609,0.0714106136184314
"EpiLPS (MAP)","Mean -60%",83,0.83968668789734,0.906239853842572,0.0438394392128268,0.0665531659452321
"EpiLPS (MAP)","Mean -60%",84,0.845591000049052,0.907998970419543,0.0434990410708508,0.0624079703704906
"EpiLPS (MAP)","Mean -60%",85,0.850493536894317,0.909609799517853,0.04214367515654,0.0591162626235356
"EpiLPS (MAP)","Mean -60%",86,0.854297533108007,0.911089053153349,0.0403139855247806,0.0567915200453415
"EpiLPS (MAP)","Mean -60%",87,0.857044342489846,0.912505919506728,0.0391158329285426,0.0554615770168819
"EpiLPS (MAP)","Mean -60%",88,0.858857822167393,0.913923885006298,0.0391861446821009,0.0550660628389047
"EpiLPS (MAP)","Mean -60%",89,0.859878747666928,0.915389062538591,0.0404269175584559,0.0555103148716629
"EpiLPS (MAP)","Mean -60%",90,0.86025311141159,0.9169356378379,0.0422518546194204,0.05668252642631
"EpiLPS (MAP)","Mean -60%",91,0.860120701023208,0.918589489229655,0.0439623033606474,0.0584687882064467
"EpiLPS (MAP)","Mean -60%",92,0.859606619529194,0.920370718990749,0.044991801127041,0.0607640994615546
"EpiLPS (MAP)","Mean -60%",93,0.8588168361623,0.922295441515504,0.0450008708130124,0.0634786053532042
"EpiLPS (MAP)","Mean -60%",94,0.857837212377275,0.924377047773301,0.0439268448882393,0.0665398353960259
"EpiLPS (MAP)","Mean -60%",95,0.856734852284735,0.926628686840349,0.0421095539458587,0.0698938345556136
"EpiLPS (MAP)","Mean -60%",96,0.855586935925609,0.929079736576454,0.0405817270669576,0.0734928006508448
"EpiLPS (MAP)","Mean -60%",97,0.854642173312711,0.931762707677045,0.0402290420112218,0.0771205343643339
"EpiLPS (MAP)","Mean -60%",98,0.854216899337268,0.934700489228937,0.0411780134809542,0.0804835898916693
"EpiLPS (MAP)","Mean -60%",99,0.854615196085733,0.937909543605448,0.0429440090994165,0.0832943475197152
"EpiLPS (MAP)","Mean -60%",100,0.856123392287051,0.941402218294812,0.044809449182866,0.0852788260077613
"EpiLPS (MAP)","Mean -60%",101,0.859003725920451,0.945188332491047,0.0461311192127356,0.0861846065705958
"EpiLPS (MAP)","Mean -60%",102,0.863491057515902,0.949276260013513,0.0464771715747251,0.0857852024976107
"EpiLPS (MAP)","Mean -60%",103,0.869793786137492,0.953673654521902,0.0456830785352075,0.0838798683844104
"EpiLPS (MAP)","Mean -60%",104,0.878098070350996,0.958386181365523,0.0439346987851512,0.080288111014527
"EpiLPS (MAP)","Mean -60%",105,0.888573897619543,0.963314718597183,0.0420891188888201,0.0747408209776401
"EpiLPS (MAP)","Mean -60%",106,0.901301658370892,0.968222675696394,0.0412610981359968,0.066921017325502
"EpiLPS (MAP)","Mean -60%",107,0.915897849763235,0.972919274874411,0.0418383069165356,0.0570214251111759
"EpiLPS (MAP)","Mean -60%",108,0.931781890770312,0.977259387679243,0.043463696350635,0.0454774969089314
"EpiLPS (MAP)","Mean -60%",109,0.964908287444313,0.981132075460398,0.045402100307829,0.016223788016085
"EpiLPS (MAP)","Mean -60%",110,0.980887218164916,0.984452944258012,0.0469261458258886,0.00356572609309624
"EpiLPS (MAP)","Mean -60%",111,0.995692213942587,0.98715854717459,0.0475149418091542,-0.00853366676799749
"EpiLPS (MAP)","Mean -60%",112,1.00881666031265,0.989202082787237,0.046923342318372,-0.019614577525413
"EpiLPS (MAP)","Mean -60%",113,1.01983605940048,0.990550002595906,0.0452405767165903,-0.0292860568045736
"EpiLPS (MAP)","Mean -60%",114,1.02841129997895,0.991201201018587,0.0431140226733507,-0.0372100989603628
"EpiLPS (MAP)","Mean -60%",115,1.03430371035801,0.991242992595211,0.0417746353583446,-0.0430607177627985
"EpiLPS (MAP)","Mean -60%",116,1.03743175161603,0.990758002750709,0.0418611986765509,-0.0466737488653209
"EpiLPS (MAP)","Mean -60%",117,1.0378022122009,0.989804933935423,0.0431775436502739,-0.0479972782654772
"EpiLPS (MAP)","Mean -60%",118,1.03547276308025,0.988426415531582,0.0450319215878572,-0.0470463475486684
"EpiLPS (MAP)","Mean -60%",119,1.03053550780697,0.986654003953815,0.046667787291427,-0.0438815038531555
"EpiLPS (MAP)","Mean -60%",120,1.02310221069091,0.984511580326381,0.0475101423403961,-0.0385906303645288
"EpiLPS (MAP)","Mean -60%",121,1.01329357541095,0.98201770250913,0.0472457984875582,-0.0312758729018195
"EpiLPS (MAP)","Mean -60%",122,1.00123289414715,0.97918724461065,0.0458631708169079,-0.0220456495365005
"EpiLPS (MAP)","Mean -60%",123,0.987043160294477,0.976050024336347,0.043775489189314,-0.0109931359581297
"EpiLPS (MAP)","Mean -60%",124,0.970846430550826,0.972830732018714,0.0420964166005332,0.00198430146788819
"EpiLPS (MAP)","Mean -60%",125,0.953001568168985,0.969816482691122,0.0417069415172635,0.0168149145221371
"EpiLPS (MAP)","Mean -60%",126,0.934680947695761,0.967213206844046,0.0426564669996347,0.0325322591482847
"EpiLPS (MAP)","Mean -60%",127,0.917145793226913,0.965170947821136,0.0443921102750766,0.0480251545942234
"EpiLPS (MAP)","Mean -60%",128,0.901530406151582,0.963801404117781,0.0461737515064621,0.0622709979661987
"EpiLPS (MAP)","Mean -60%",129,0.888820761331304,0.963189684699886,0.0473696592406856,0.0743689233685816
"EpiLPS (MAP)","Mean -60%",130,0.879849051096058,0.963402426146017,0.0475723015003537,0.0835533750499589
"EpiLPS (MAP)","Mean -60%",131,0.875312502934994,0.964493476341319,0.0466420624169605,0.0891809734063252
"EpiLPS (MAP)","Mean -60%",132,0.875810644994376,0.966505168297979,0.0447865820795175,0.0906945233036028
"EpiLPS (MAP)","Mean -60%",133,0.881891211117993,0.969309635708902,0.0428806385259201,0.0874184245909089
"EpiLPS (MAP)","Mean -60%",134,0.894096753734329,0.972561599960205,0.0420397989851363,0.0784648462258759
"EpiLPS (MAP)","Mean -60%",135,0.912538889585145,0.975986437778159,0.0426367203215839,0.0634475481930136
"EpiLPS (MAP)","Mean -60%",136,0.935968580436848,0.979377813350624,0.0442983256480281,0.043409232913776
"EpiLPS (MAP)","Mean -60%",137,0.962748452443007,0.982578782647481,0.0462793339755002,0.019830330204474
"EpiLPS (MAP)","Mean -60%",138,0.991058087015847,0.98546965066639,0.047846907301393,-0.00558843634945649
"EpiLPS (MAP)","Mean -60%",139,1.01894781256074,0.987959443702235,0.0484769904483636,-0.0309883688585051
"EpiLPS (MAP)","Mean -60%",140,1.04444932027992,0.989979612047055,0.0479231389832037,-0.0544697082328652
"EpiLPS (MAP)","Mean -60%",141,1.0657059122687,0.991479230582006,0.046276136412765,-0.0742266816866944
"EpiLPS (MAP)","Mean -60%",142,1.0810929449843,0.992434834215975,0.0441890771193986,-0.0886581107683253
"EpiLPS (MAP)","Mean -60%",143,1.08930930531451,0.992883006247578,0.0428978952272307,-0.096426299066932
"EpiLPS (MAP)","Mean -60%",144,1.08943317712892,0.992860786408464,0.0430376581422694,-0.0965723907204556
"EpiLPS (MAP)","Mean -60%",145,1.08148967301391,0.9923932346422,0.0444046367002562,-0.0890964383717098
"EpiLPS (MAP)","Mean -60%",146,1.067118056924,0.991497988556918,0.0462992910575941,-0.075620068367082
"EpiLPS (MAP)","Mean -60%",147,1.04828964020928,0.990188052069453,0.0479570774775171,-0.0581015881398275
"EpiLPS (MAP)","Mean -60%",148,1.02693455801449,0.98847359947893,0.048795722630071,-0.03846095853556
"EpiLPS (MAP)","Mean -60%",149,1.00477443375589,0.986363148739539,0.0484974874355523,-0.0184112850163513
"EpiLPS (MAP)","Mean -60%",150,0.983222907766779,0.983864317531305,0.0470510232148276,0.000641409764525647
"EpiLPS (MAP)","Mean -60%",151,0.963363940769346,0.980999791772189,0.0448778208566643,0.0176358510028434
"EpiLPS (MAP)","Mean -60%",152,0.945985514931433,0.977966365355632,0.0431150591897887,0.0319808504241994
"EpiLPS (MAP)","Mean -60%",153,0.931639698450479,0.975016826192359,0.0426652293998695,0.0433771277418796
"EpiLPS (MAP)","Mean -60%",154,0.920706027513323,0.972332042733731,0.0435832354627827,0.0516260152204081
"EpiLPS (MAP)","Mean -60%",155,0.913287949909382,0.970043213579818,0.045307798444935,0.056755263670436
"EpiLPS (MAP)","Mean -60%",156,0.909118262499206,0.968247300055703,0.0470850581688323,0.0591290375564972
"EpiLPS (MAP)","Mean -60%",157,0.90786599524967,0.967017369971461,0.0482723359992719,0.0591513747217906
"EpiLPS (MAP)","Mean -60%",158,0.909191813449816,0.966409750149032,0.048457678980685,0.0572179366992155
"EpiLPS (MAP)","Mean -60%",159,0.9127706498954,0.966469043223732,0.047504159398998,0.0536983933283315
"EpiLPS (MAP)","Mean -60%",160,0.918310343562916,0.967230695161298,0.0456283374951869,0.0489203515983816
"EpiLPS (MAP)","Mean -60%",161,0.925562601543549,0.968665532059056,0.0437203845576763,0.0431029305155066
"EpiLPS (MAP)","Mean -60%",162,0.934326617511047,0.970662943658586,0.0429025096041588,0.0363363261475387
"EpiLPS (MAP)","Mean -60%",163,0.944447396594412,0.973134329939767,0.0435376701758488,0.0286869333453549
"EpiLPS (MAP)","Mean -60%",164,0.955808426255688,0.976013176483262,0.0452454730126919,0.0202047502275737
"EpiLPS (MAP)","Mean -60%",165,0.968171987055275,0.9792490188604,0.0472810429887523,0.0110770318051252
"EpiLPS (MAP)","Mean -60%",166,0.981075418082579,0.982803651508838,0.0489131011537536,0.0017282334262585
"EpiLPS (MAP)","Mean -60%",167,0.99403776313242,0.986648487191103,0.049614764864873,-0.00738927594131744
"EpiLPS (MAP)","Mean -60%",168,1.00658618871785,0.99076260343883,0.0491316392602339,-0.0158235852790202
"EpiLPS (MAP)","Mean -60%",169,1.01827263962082,0.995131239226992,0.0475446928551295,-0.0231414003938276
"EpiLPS (MAP)","Mean -60%",170,1.02869207421039,0.999752975825691,0.0455050325248756,-0.0289390983846985
"EpiLPS (MAP)","Mean -60%",171,1.03749575970787,1.00466065811984,0.0442682144241074,-0.0328351015880279
"EpiLPS (MAP)","Mean -60%",172,1.04439766370686,1.00988523893513,0.0444961840471007,-0.0345124247717297
"EpiLPS (MAP)","Mean -60%",173,1.04917474480308,1.01544865154819,0.0459985906425696,-0.0337260932548911
"EpiLPS (MAP)","Mean -60%",174,1.05167598943045,1.02136711383625,0.0480639737498838,-0.0303088755942023
"EpiLPS (MAP)","Mean -60%",175,1.05228684352057,1.02765325053096,0.0498952494338808,-0.0246335929896149
"EpiLPS (MAP)","Mean -60%",176,1.05205037229906,1.03431751029894,0.0508695015706134,-0.017732862000118
"EpiLPS (MAP)","Mean -60%",177,1.05206304074467,1.0413691063841,0.0506322538333244,-0.0106939343605661
"EpiLPS (MAP)","Mean -60%",178,1.0533911428065,1.04881662773077,0.0491529420826906,-0.00457451507573059
"EpiLPS (MAP)","Mean -60%",179,1.05702523270082,1.05665059843921,0.0468770801781536,-0.000374634261609108
"EpiLPS (MAP)","Mean -60%",180,1.06385390304002,1.06465675740432,0.0450452255292258,0.000802854364298833
"EpiLPS (MAP)","Mean -60%",181,1.07466368846286,1.07254277067941,0.0446588652850029,-0.00212091778344714
"EpiLPS (MAP)","Mean -60%",182,1.09015918537017,1.0800899087533,0.0457672779388629,-0.01006927661687
"EpiLPS (MAP)","Mean -60%",183,1.11099415707904,1.08713382135421,0.0477085701534733,-0.0238603357248273
"EpiLPS (MAP)","Mean -60%",184,1.13776253966062,1.09355110263704,0.0496095804327717,-0.0442114370235771
"EpiLPS (MAP)","Mean -60%",185,1.16994138910722,1.09924994263379,0.0507458723190111,-0.0706914464734327
"EpiLPS (MAP)","Mean -60%",186,1.20568067952197,1.10416314934927,0.0506785524730005,-0.101517530172702
"EpiLPS (MAP)","Mean -60%",187,1.24280592689739,1.1082427523013,0.0493022061282158,-0.134563174596089
"EpiLPS (MAP)","Mean -60%",188,1.27892507759421,1.11145532499787,0.0469333661830651,-0.167469752596342
"EpiLPS (MAP)","Mean -60%",189,1.31157809299846,1.1137524966109,0.0446561310611151,-0.197825596387558
"EpiLPS (MAP)","Mean -60%",190,1.33842575739913,1.11505964782315,0.0437271688663214,-0.223366109575982
"EpiLPS (MAP)","Mean -60%",191,1.35742493987032,1.11532070174534,0.0444187446702969,-0.242104238124979
"EpiLPS (MAP)","Mean -60%",192,1.36695842059754,1.11449674221404,0.0461522388129303,-0.252461678383504
"EpiLPS (MAP)","Mean -60%",193,1.36590703303142,1.11256209231446,0.0480382522200338,-0.253344940716965
"EpiLPS (MAP)","Mean -60%",194,1.35374441935837,1.10950155579072,0.0493066887989194,-0.244242863567645
"EpiLPS (MAP)","Mean -60%",195,1.33179505256341,1.10530830839204,0.0494701495750056,-0.226486744171372
"EpiLPS (MAP)","Mean -60%",196,1.30282908300336,1.09998223784892,0.0483571643932007,-0.20284684515444
"EpiLPS (MAP)","Mean -60%",197,1.26962792749398,1.093528631372,0.0461547362937144,-0.176099296121975
"EpiLPS (MAP)","Mean -60%",198,1.23470197201586,1.08607430709305,0.0436349834691209,-0.148627664922813
"EpiLPS (MAP)","Mean -60%",199,1.20012008532359,1.07817357912891,0.0421192105156794,-0.121946506194679
"EpiLPS (MAP)","Mean -60%",200,1.16745324780638,1.07031271789075,0.042176165998126,-0.097140529915626
"EpiLPS (MAP)","Mean -60%",201,1.13781324493009,1.06282322661787,0.0434754016906814,-0.0749900183122176
"EpiLPS (MAP)","Mean -60%",202,1.11194114249594,1.05593572780044,0.0452428557025575,-0.0560054146954962
"EpiLPS (MAP)","Mean -60%",203,1.09030738318271,1.04981334752832,0.046712534379722,-0.040494035654385
"EpiLPS (MAP)","Mean -60%",204,1.07317842503564,1.04457365243004,0.0473377257382504,-0.0286047726056013
"EpiLPS (MAP)","Mean -60%",205,1.06040347302214,1.04030338256482,0.04684105599574,-0.0201000904573212
"EpiLPS (MAP)","Mean -60%",206,1.05156904168052,1.03706846714048,0.0452447269276842,-0.0145005745400395
"EpiLPS (MAP)","Mean -60%",207,1.04624950999474,1.03492022707742,0.0430033394297219,-0.0113292829173171
"EpiLPS (MAP)","Mean -60%",208,1.04403704329192,1.03389261977265,0.0412892956450843,-0.0101444235192736
"EpiLPS (MAP)","Mean -60%",209,1.0445651521307,1.03400824662014,0.0410034372703715,-0.0105569055105619
"EpiLPS (MAP)","Mean -60%",210,1.04752392002038,1.03528621224052,0.042148567556087,-0.012237707779865
"EpiLPS (MAP)","Mean -60%",211,1.05266551803821,1.03774389695,0.044094970643455,-0.0149216210882053
"EpiLPS (MAP)","Mean -60%",212,1.0598023103751,1.04139821890141,0.0460413662978788,-0.0184040914736867
"EpiLPS (MAP)","Mean -60%",213,1.06880062573221,1.04626649693533,0.0473236720837821,-0.0225341287968821
"EpiLPS (MAP)","Mean -60%",214,1.0795784696348,1.05236699406843,0.0475247696091387,-0.0272114755663733
"EpiLPS (MAP)","Mean -60%",215,1.09215111452811,1.05971922646323,0.0465155328622567,-0.0324318880648835
"EpiLPS (MAP)","Mean -60%",216,1.10660255202503,1.06834070766305,0.0445442154504778,-0.0382618443619787
"EpiLPS (MAP)","Mean -60%",217,1.1230463183655,1.07804513542367,0.0425826168865965,-0.0450011829418271
"EpiLPS (MAP)","Mean -60%",218,1.14161803384419,1.08837938355275,0.0418304805715521,-0.0532386502914366
"EpiLPS (MAP)","Mean -60%",219,1.16246850453014,1.09898475535298,0.042626339428608,-0.0634837491771603
"EpiLPS (MAP)","Mean -60%",220,1.18575867786174,1.10959283525184,0.0444828789481159,-0.0761658426098994
"EpiLPS (MAP)","Mean -60%",221,1.21165701983639,1.12000074442778,0.0465505461548043,-0.0916562754086065
"EpiLPS (MAP)","Mean -60%",222,1.24033898455105,1.13005506300116,0.048045089240392,-0.110283921549892
"EpiLPS (MAP)","Mean -60%",223,1.27198794287079,1.13964037606577,0.0484384693638537,-0.132347566805021
"EpiLPS (MAP)","Mean -60%",224,1.30666523446541,1.14867070032937,0.0475170841081742,-0.157994534136038
"EpiLPS (MAP)","Mean -60%",225,1.3433530482977,1.15708288647807,0.0454472913911318,-0.186270161819628
"EpiLPS (MAP)","Mean -60%",226,1.38038171186225,1.16478765043782,0.043033637858193,-0.215594061424428
"EpiLPS (MAP)","Mean -60%",227,1.41592160258673,1.17154470974297,0.0416876749523825,-0.244376892843764
"EpiLPS (MAP)","Mean -60%",228,1.44808142918806,1.17713946811124,0.0420305847350788,-0.27094196107682
"EpiLPS (MAP)","Mean -60%",229,1.47504730588812,1.18141950793062,0.043672876040983,-0.293627797957503
"EpiLPS (MAP)","Mean -60%",230,1.49521587906308,1.18427770824244,0.045727556555133,-0.31093817082064
"EpiLPS (MAP)","Mean -60%",231,1.50729103953841,1.1856410986714,0.0473445390496024,-0.321649940867005
"EpiLPS (MAP)","Mean -60%",232,1.51033534857617,1.18546273813025,0.0479512473452288,-0.324872610445916
"EpiLPS (MAP)","Mean -60%",233,1.50378097074586,1.18371559099667,0.0473017199390498,-0.320065379749193
"EpiLPS (MAP)","Mean -60%",234,1.48764960471254,1.18038786487647,0.0455031445300699,-0.307261739836073
"EpiLPS (MAP)","Mean -60%",235,1.46373241708909,1.17551226039273,0.0431442771177882,-0.288220156696365
"EpiLPS (MAP)","Mean -60%",236,1.43448143272486,1.1694974350632,0.0414891258432579,-0.264983997661658
"EpiLPS (MAP)","Mean -60%",237,1.40223769952072,1.16285838218828,0.0413216011017091,-0.239379317332437
"EpiLPS (MAP)","Mean -60%",238,1.36905513115977,1.15594260872649,0.0424313235128483,-0.213112522433279
"EpiLPS (MAP)","Mean -60%",239,1.33659069308879,1.14898673261256,0.044080216194525,-0.18760396047623
"EpiLPS (MAP)","Mean -60%",240,1.30608415861083,1.1421538286189,0.0455155900650332,-0.163930329991925
"EpiLPS (MAP)","Mean -60%",241,1.27840456713347,1.13555745802852,0.0462317242919409,-0.142847109104955
"EpiLPS (MAP)","Mean -60%",242,1.25412742548082,1.12927758431453,0.0460461222675566,-0.124849841166289
"EpiLPS (MAP)","Mean -60%",243,1.23361554311767,1.12337126739993,0.0451453469564144,-0.110244275717742
"EpiLPS (MAP)","Mean -60%",244,1.21706403589592,1.11787979833482,0.0441842910829573,-0.0991842375610963
"EpiLPS (MAP)","Mean -60%",245,1.20445667363505,1.11282635400561,0.0444448481262028,-0.091630319629441
"EpiLPS (MAP)","Mean -60%",246,1.19569657050359,1.10821588012348,0.0469704690687392,-0.0874806903801089
"EpiLPS (MAP)","Mean -60%",247,1.19067334691389,1.1040497079309,0.0516929719996887,-0.0866236389829922
"EpiLPS (MAP)","Mean -60%",248,1.1892846905786,1.10032768219513,0.0579373648182912,-0.0889570083834734
"EpiLPS (MAP)","Mean -60%",249,1.1914521017446,1.09704893657381,0.0650386017652174,-0.0944031651707902
"EpiLPS (MAP)","Mean -60%",250,1.19713021020468,1.09421245792645,0.0726090263358269,-0.102917752278231
"EpiLPS (MAP)","Mean -60%",251,1.20631090184647,1.09181744112762,0.0805605597607401,-0.114493460718852
"EpiLPS (MAP)","Mean -60%",252,1.21902415582724,1.08986348957283,0.0890506947239775,-0.129160666254406
"EpiLPS (MAP)","Mean -60%",253,1.23533724681924,1.08835071355299,0.0984172189650885,-0.146986533266248
"EpiLPS (MAP)","Correct SI",31,0.83125458603177,0.768772346421649,0.0580268851264059,-0.0624822396101207
"EpiLPS (MAP)","Correct SI",32,0.822012955905288,0.756431185183268,0.0555189267803752,-0.0655817707220195
"EpiLPS (MAP)","Correct SI",33,0.811083441801087,0.745256262343273,0.0543773843225228,-0.0658271794578142
"EpiLPS (MAP)","Correct SI",34,0.798410706391415,0.734986361969947,0.0546960735453152,-0.0634243444214675
"EpiLPS (MAP)","Correct SI",35,0.783985284249482,0.725391544388026,0.0559882241780197,-0.0585937398614556
"EpiLPS (MAP)","Correct SI",36,0.767842249776292,0.716277215542881,0.0574618064996635,-0.0515650342334113
"EpiLPS (MAP)","Correct SI",37,0.750320099865667,0.707485291364844,0.0583462481350154,-0.0428348085008226
"EpiLPS (MAP)","Correct SI",38,0.732127511283489,0.698892644749941,0.0581029648169507,-0.0332348665335479
"EpiLPS (MAP)","Correct SI",39,0.713945546467747,0.69041742249233,0.05657113365774,-0.0235281239754171
"EpiLPS (MAP)","Correct SI",40,0.696377644387645,0.682116143931565,0.0542934263920059,-0.0142615004560798
"EpiLPS (MAP)","Correct SI",41,0.679931575981829,0.674130154158174,0.0521605293131588,-0.00580142182365528
"EpiLPS (MAP)","Correct SI",42,0.665012401557135,0.666604092069149,0.0509165855966202,0.00159169051201435
"EpiLPS (MAP)","Correct SI",43,0.65192842067752,0.659676874624327,0.0508934011899424,0.00774845394680668
"EpiLPS (MAP)","Correct SI",44,0.640906266957601,0.653474798930525,0.0518970490012818,0.0125685319729235
"EpiLPS (MAP)","Correct SI",45,0.632110069284813,0.648107169373387,0.053351047085882,0.0159971000885741
"EpiLPS (MAP)","Correct SI",46,0.625656360123327,0.643664986778498,0.0545718146210469,0.0180086266551708
"EpiLPS (MAP)","Correct SI",47,0.621502273809677,0.640222222082164,0.0549936782919429,0.018719948272487
"EpiLPS (MAP)","Correct SI",48,0.619441171957512,0.637838235799087,0.0543081909021562,0.0183970638415755
"EpiLPS (MAP)","Correct SI",49,0.619256488578844,0.636530766137227,0.0527407879829827,0.017274277558383
"EpiLPS (MAP)","Correct SI",50,0.620736004042686,0.636261613869301,0.0510512962573935,0.0155256098266151
"EpiLPS (MAP)","Correct SI",51,0.623679916186844,0.636982744247073,0.0500190727170109,0.013302828060229
"EpiLPS (MAP)","Correct SI",52,0.627908213332621,0.63864312051346,0.0501552935373149,0.0107349071808387
"EpiLPS (MAP)","Correct SI",53,0.633265384812971,0.641192117897931,0.0514898895499406,0.00792673308496017
"EpiLPS (MAP)","Correct SI",54,0.639622221613428,0.644583012760144,0.0535804390654829,0.00496079114671555
"EpiLPS (MAP)","Correct SI",55,0.646875295241765,0.648775929376377,0.055736302711618,0.00190063413461161
"EpiLPS (MAP)","Correct SI",56,0.654940797889892,0.653739919010855,0.057277008145087,-0.00120087887903675
"EpiLPS (MAP)","Correct SI",57,0.663667548235467,0.659454132058481,0.0577168658995551,-0.00421341617698645
"EpiLPS (MAP)","Correct SI",58,0.67283196893338,0.665887922259081,0.0569937877648204,-0.00694404667429871
"EpiLPS (MAP)","Correct SI",59,0.682212593504884,0.672936626742989,0.0557550568337967,-0.00927596676189468
"EpiLPS (MAP)","Correct SI",60,0.691594549334227,0.680475633398479,0.054865469189645,-0.0111189159357478
"EpiLPS (MAP)","Correct SI",61,0.700774343176902,0.688379059212343,0.0550312969356175,-0.0123952839645592
"EpiLPS (MAP)","Correct SI",62,0.709565411363515,0.69652147807696,0.0565012525993507,-0.0130439332865555
"EpiLPS (MAP)","Correct SI",63,0.717802382251417,0.704781597891432,0.058954284851438,-0.0130207843599852
"EpiLPS (MAP)","Correct SI",64,0.725343303375917,0.713046554995815,0.0616747523769253,-0.0122967483801019
"EpiLPS (MAP)","Correct SI",65,0.732069930484564,0.721215695323448,0.0638552317918724,-0.0108542351611164
"EpiLPS (MAP)","Correct SI",66,0.737895666769886,0.729203198060465,0.0648472924467097,-0.00869246870942086
"EpiLPS (MAP)","Correct SI",67,0.742895958587221,0.736940853508146,0.0643738980696257,-0.00595510507907526
"EpiLPS (MAP)","Correct SI",68,0.747278763319657,0.744393678659452,0.0629565177673233,-0.00288508466020532
"EpiLPS (MAP)","Correct SI",69,0.751271373438236,0.751551212212981,0.0615939522630642,0.000279838774744912
"EpiLPS (MAP)","Correct SI",70,0.755105697598796,0.758412632565487,0.061204702324345,0.00330693496669099
"EpiLPS (MAP)","Correct SI",71,0.759004827658807,0.764982626304205,0.0622544548942923,0.00597779864539794
"EpiLPS (MAP)","Correct SI",72,0.76317231106088,0.771268083857735,0.0645459562807558,0.00809577279685514
"EpiLPS (MAP)","Correct SI",73,0.767786202417761,0.777275945966356,0.0673537157283653,0.00948974354859511
"EpiLPS (MAP)","Correct SI",74,0.772997638290372,0.783012278562198,0.0697707439299004,0.0100146402718261
"EpiLPS (MAP)","Correct SI",75,0.77893263784533,0.788482305731569,0.0710200813016594,0.00954966788623868
"EpiLPS (MAP)","Correct SI",76,0.78568141824908,0.793691039722576,0.0706664032456065,0.0080096214734956
"EpiLPS (MAP)","Correct SI",77,0.793148670755028,0.798645707714066,0.0690105449851202,0.00549703695903769
"EpiLPS (MAP)","Correct SI",78,0.801109464577554,0.80335526443492,0.0671016449197037,0.0022457998573665
"EpiLPS (MAP)","Correct SI",79,0.809317687520099,0.807825884575549,0.0660229079559193,-0.00149180294454998
"EpiLPS (MAP)","Correct SI",80,0.817518562189946,0.81206015335305,0.0664565979505225,-0.00545840883689575
"EpiLPS (MAP)","Correct SI",81,0.825462916255739,0.816057179965917,0.0683826459783901,-0.00940573628982244
"EpiLPS (MAP)","Correct SI",82,0.832920079463184,0.81981342225084,0.0711318187050496,-0.0131066572123444
"EpiLPS (MAP)","Correct SI",83,0.83968668789734,0.82332405255382,0.0737391103678473,-0.01636263534352
"EpiLPS (MAP)","Correct SI",84,0.845591000049052,0.826584544310292,0.0753116450835454,-0.0190064557387603
"EpiLPS (MAP)","Correct SI",85,0.850493536894317,0.829592169784482,0.0752717590648164,-0.0209013671098348
"EpiLPS (MAP)","Correct SI",86,0.854297533108007,0.832360529499245,0.0736478820607643,-0.021937003608762
"EpiLPS (MAP)","Correct SI",87,0.857044342489846,0.834959044744846,0.0714128621922408,-0.022085297745
"EpiLPS (MAP)","Correct SI",88,0.858857822167393,0.837469880217326,0.0697639116452981,-0.0213879419500674
"EpiLPS (MAP)","Correct SI",89,0.859878747666928,0.839971479470851,0.069587426213515,-0.0199072681960768
"EpiLPS (MAP)","Correct SI",90,0.86025311141159,0.842535446341654,0.0710883629241156,-0.0177176650699364
"EpiLPS (MAP)","Correct SI",91,0.860120701023208,0.845224285955718,0.0737348273997267,-0.0148964150674904
"EpiLPS (MAP)","Correct SI",92,0.859606619529194,0.848090668805174,0.0765700458869723,-0.0115159507240198
"EpiLPS (MAP)","Correct SI",93,0.8588168361623,0.851178185209659,0.0786164753090983,-0.00763865095264127
"EpiLPS (MAP)","Correct SI",94,0.857837212377275,0.85452311613424,0.0791601788608444,-0.00331409624303547
"EpiLPS (MAP)","Correct SI",95,0.856734852284735,0.858158290169971,0.0779725787465463,0.00142343788523602
"EpiLPS (MAP)","Correct SI",96,0.855586935925609,0.862131801259252,0.0757832524274755,0.00654486533364262
"EpiLPS (MAP)","Correct SI",97,0.854642173312711,0.866498739850586,0.0738389950576097,0.0118565665378753
"EpiLPS (MAP)","Correct SI",98,0.854216899337268,0.871307931013003,0.0732140349329142,0.0170910316757349
"EpiLPS (MAP)","Correct SI",99,0.854615196085733,0.87660115987168,0.0743835544602113,0.0219859637859467
"EpiLPS (MAP)","Correct SI",100,0.856123392287051,0.882413201296374,0.0770293428181614,0.026289809009323
"EpiLPS (MAP)","Correct SI",101,0.859003725920451,0.888772761879474,0.0802515973683707,0.0297690359590227
"EpiLPS (MAP)","Correct SI",102,0.863491057515902,0.895704217138802,0.0829871482995906,0.0322131596229003
"EpiLPS (MAP)","Correct SI",103,0.869793786137492,0.903229762782192,0.0843549203090761,0.0334359766447004
"EpiLPS (MAP)","Correct SI",104,0.878098070350996,0.911369944865077,0.0838832856311801,0.033271874514081
"EpiLPS (MAP)","Correct SI",105,0.888573897619543,0.920047274620644,0.0819571834483741,0.0314733770011006
"EpiLPS (MAP)","Correct SI",106,0.901301658370892,0.929024758098945,0.0798243103599663,0.0277230997280528
"EpiLPS (MAP)","Correct SI",107,0.915897849763235,0.938041672443048,0.0787597596800677,0.0221438226798135
"EpiLPS (MAP)","Correct SI",108,0.931781890770312,0.946832317070396,0.0795401890044746,0.0150504263000838
"EpiLPS (MAP)","Correct SI",109,0.964908287444313,0.955136767337212,0.082083211770827,-0.00977152010710114
"EpiLPS (MAP)","Correct SI",110,0.980887218164916,0.962713098034053,0.0855281900813178,-0.0181741201308625
"EpiLPS (MAP)","Correct SI",111,0.995692213942587,0.969347755744845,0.0886780213491466,-0.0263444581977417
"EpiLPS (MAP)","Correct SI",112,1.00881666031265,0.974862286661629,0.090448628854078,-0.0339543736510209
"EpiLPS (MAP)","Correct SI",113,1.01983605940048,0.979116123622919,0.0901638670244943,-0.0407199357775614
"EpiLPS (MAP)","Correct SI",114,1.02841129997895,0.982028620750219,0.0879064773476666,-0.0463826792287307
"EpiLPS (MAP)","Correct SI",115,1.03430371035801,0.983642451868692,0.0849089550156009,-0.050661258489318
"EpiLPS (MAP)","Correct SI",116,1.03743175161603,0.98404678540913,0.0826456755159396,-0.0533849662068996
"EpiLPS (MAP)","Correct SI",117,1.0378022122009,0.983343608310586,0.082153187165263,-0.0544586038903138
"EpiLPS (MAP)","Correct SI",118,1.03547276308025,0.981636689307213,0.0835898861617833,-0.0538360737730373
"EpiLPS (MAP)","Correct SI",119,1.03053550780697,0.979022863733842,0.0862294526430001,-0.0515126440731278
"EpiLPS (MAP)","Correct SI",120,1.02310221069091,0.975587005458997,0.0888965210079524,-0.0475152052319127
"EpiLPS (MAP)","Correct SI",121,1.01329357541095,0.971400557156239,0.0904662647405496,-0.0418930182547114
"EpiLPS (MAP)","Correct SI",122,1.00123289414715,0.966522592055348,0.0901842682874536,-0.0347103020918017
"EpiLPS (MAP)","Correct SI",123,0.987043160294477,0.961019498315984,0.0878957685668404,-0.0260236619784933
"EpiLPS (MAP)","Correct SI",124,0.970846430550826,0.955148566700514,0.0845432349657766,-0.0156978638503122
"EpiLPS (MAP)","Correct SI",125,0.953001568168985,0.949278472121298,0.0815860312213452,-0.00372309604768717
"EpiLPS (MAP)","Correct SI",126,0.934680947695761,0.943754934412521,0.0801857396374455,0.00907398671676041
"EpiLPS (MAP)","Correct SI",127,0.917145793226913,0.938891118401113,0.0807667678249075,0.0217453251741995
"EpiLPS (MAP)","Correct SI",128,0.901530406151582,0.934960656870279,0.082889213587229,0.0334302507186974
"EpiLPS (MAP)","Correct SI",129,0.888820761331304,0.932194640545448,0.0855535767339262,0.0433738792141438
"EpiLPS (MAP)","Correct SI",130,0.879849051096058,0.930783621824681,0.0876640565798282,0.0509345707286228
"EpiLPS (MAP)","Correct SI",131,0.875312502934994,0.930883599043978,0.0883661495218676,0.0555710961089845
"EpiLPS (MAP)","Correct SI",132,0.875810644994376,0.932621569872211,0.0872471086974294,0.056810924877835
"EpiLPS (MAP)","Correct SI",133,0.881891211117993,0.935948634499928,0.0847610317310217,0.0540574233819354
"EpiLPS (MAP)","Correct SI",134,0.894096753734329,0.940553896586365,0.0822038155538358,0.046457142852036
"EpiLPS (MAP)","Correct SI",135,0.912538889585145,0.946087237521559,0.0808588052479681,0.0335483479364138
"EpiLPS (MAP)","Correct SI",136,0.935968580436848,0.952189383103615,0.0814810321148209,0.0162208026667666
"EpiLPS (MAP)","Correct SI",137,0.962748452443007,0.958507548880015,0.0839551864876356,-0.00424090356299156
"EpiLPS (MAP)","Correct SI",138,0.991058087015847,0.964712411932862,0.0873924401697583,-0.0263456750829848
"EpiLPS (MAP)","Correct SI",139,1.01894781256074,0.970511917754944,0.0905768601356563,-0.048435894805796
"EpiLPS (MAP)","Correct SI",140,1.04444932027992,0.975659759758853,0.092411953214699,-0.068789560521067
"EpiLPS (MAP)","Correct SI",141,1.0657059122687,0.979958418857691,0.0922127793819438,-0.0857474934110086
"EpiLPS (MAP)","Correct SI",142,1.0810929449843,0.983271969203306,0.0900578613247378,-0.0978209757809939
"EpiLPS (MAP)","Correct SI",143,1.08930930531451,0.98556251311463,0.0871806431660217,-0.10374679219988
"EpiLPS (MAP)","Correct SI",144,1.08943317712892,0.986837185363808,0.085054315921775,-0.102595991765112
"EpiLPS (MAP)","Correct SI",145,1.08148967301391,0.987123274984354,0.0847095859527008,-0.0943663980295558
"EpiLPS (MAP)","Correct SI",146,1.067118056924,0.986458327681126,0.0862954190940061,-0.0806597292428736
"EpiLPS (MAP)","Correct SI",147,1.04828964020928,0.984882548719802,0.089072498298668,-0.0634070914894783
"EpiLPS (MAP)","Correct SI",148,1.02693455801449,0.98243431875909,0.0918469227474908,-0.0445002392553997
"EpiLPS (MAP)","Correct SI",149,1.00477443375589,0.979148527368047,0.0934715112959996,-0.0256259063878433
"EpiLPS (MAP)","Correct SI",150,0.983222907766779,0.975056831742518,0.0931722894899594,-0.00816607602426067
"EpiLPS (MAP)","Correct SI",151,0.963363940769346,0.970204394555718,0.0907870493568088,0.00684045378637199
"EpiLPS (MAP)","Correct SI",152,0.945985514931433,0.964813720881519,0.0872801794356005,0.0188282059500858
"EpiLPS (MAP)","Correct SI",153,0.931639698450479,0.959212751901646,0.0841524284767082,0.0275730534511669
"EpiLPS (MAP)","Correct SI",154,0.920706027513323,0.953712671266541,0.0826047017687557,0.0330066437532179
"EpiLPS (MAP)","Correct SI",155,0.913287949909382,0.948597241992572,0.0830820954852281,0.0353092920831896
"EpiLPS (MAP)","Correct SI",156,0.909118262499206,0.944114740366279,0.0851376867676109,0.0349964778670726
"EpiLPS (MAP)","Correct SI",157,0.90786599524967,0.940473868007687,0.0877449444489989,0.0326078727580171
"EpiLPS (MAP)","Correct SI",158,0.909191813449816,0.937844614173765,0.0897788398457656,0.0286528007239488
"EpiLPS (MAP)","Correct SI",159,0.9127706498954,0.936363058144493,0.090367921447744,0.0235924082490927
"EpiLPS (MAP)","Correct SI",160,0.918310343562916,0.936137445981341,0.0891012185916767,0.0178271024184253
"EpiLPS (MAP)","Correct SI",161,0.925562601543549,0.937200512865482,0.0864620880043626,0.0116379113219333
"EpiLPS (MAP)","Correct SI",162,0.934326617511047,0.939481774211728,0.0837877904510038,0.00515515670068079
"EpiLPS (MAP)","Correct SI",163,0.944447396594412,0.942888332759546,0.0823789067613068,-0.00155906383486626
"EpiLPS (MAP)","Correct SI",164,0.955808426255688,0.947317377753811,0.0829857979736319,-0.00849104850187721
"EpiLPS (MAP)","Correct SI",165,0.968171987055275,0.952663304396951,0.0854883414335945,-0.0155086826583242
"EpiLPS (MAP)","Correct SI",166,0.981075418082579,0.958825170350476,0.089009359450771,-0.0222502477321026
"EpiLPS (MAP)","Correct SI",167,0.99403776313242,0.965712953695807,0.0923556427947384,-0.0283248094366134
"EpiLPS (MAP)","Correct SI",168,1.00658618871785,0.973251826152199,0.0944472135917127,-0.0333343625656513
"EpiLPS (MAP)","Correct SI",169,1.01827263962082,0.981384362485077,0.0945962351452707,-0.0368882771357429
"EpiLPS (MAP)","Correct SI",170,1.02869207421039,0.990079707438262,0.0928602912737427,-0.0386123667721275
"EpiLPS (MAP)","Correct SI",171,1.03749575970787,0.999357803857203,0.0904601495513773,-0.0381379558506674
"EpiLPS (MAP)","Correct SI",172,1.04439766370686,1.00925886444982,0.0888883813835469,-0.0351387992570424
"EpiLPS (MAP)","Correct SI",173,1.04917474480308,1.01982995324467,0.089233240736196,-0.029344791558414
"EpiLPS (MAP)","Correct SI",174,1.05167598943045,1.03112064521233,0.0917120328153272,-0.0205553442181228
"EpiLPS (MAP)","Correct SI",175,1.05228684352057,1.04317995121935,0.0956139638540222,-0.00910689230122252
"EpiLPS (MAP)","Correct SI",176,1.05205037229906,1.05605499862875,0.099700163154895,0.00400462632969423
"EpiLPS (MAP)","Correct SI",177,1.05206304074467,1.06979128834069,0.102708719911498,0.0177282475960234
"EpiLPS (MAP)","Correct SI",178,1.0533911428065,1.08443398310875,0.103712234164696,0.0310428403022549
"EpiLPS (MAP)","Correct SI",179,1.05702523270082,1.10001133405612,0.102412603137327,0.0429861013552957
"EpiLPS (MAP)","Correct SI",180,1.06385390304002,1.11633605433394,0.0997762455377223,0.0524821512939166
"EpiLPS (MAP)","Correct SI",181,1.07466368846286,1.13306348884695,0.0974858218197226,0.0583998003840898
"EpiLPS (MAP)","Correct SI",182,1.09015918537017,1.14982479437021,0.0970086126346505,0.0596656090000438
"EpiLPS (MAP)","Correct SI",183,1.11099415707904,1.16624166133431,0.0989590595799889,0.0552475042552716
"EpiLPS (MAP)","Correct SI",184,1.13776253966062,1.18194498368548,0.102807301135264,0.0441824440248557
"EpiLPS (MAP)","Correct SI",185,1.16994138910722,1.19659374720445,0.107208466730017,0.0266523580972329
"EpiLPS (MAP)","Correct SI",186,1.20568067952197,1.20988960899842,0.110632786323518,0.00420892947645002
"EpiLPS (MAP)","Correct SI",187,1.24280592689739,1.22158529785499,0.111871149560486,-0.0212206290424035
"EpiLPS (MAP)","Correct SI",188,1.27892507759421,1.23148665361963,0.110356340251351,-0.04743842397458
"EpiLPS (MAP)","Correct SI",189,1.31157809299846,1.23942303611708,0.106772323084972,-0.072155056881382
"EpiLPS (MAP)","Correct SI",190,1.33842575739913,1.24522261535596,0.102991477024115,-0.0932031420431718
"EpiLPS (MAP)","Correct SI",191,1.35742493987032,1.24874165234649,0.100805860968109,-0.108683287523826
"EpiLPS (MAP)","Correct SI",192,1.36695842059754,1.24986354476774,0.101139272356388,-0.117094875829798
"EpiLPS (MAP)","Correct SI",193,1.36590703303142,1.24849771921356,0.103633012353799,-0.117409313817856
"EpiLPS (MAP)","Correct SI",194,1.35374441935837,1.24458070932877,0.106948223094287,-0.109163710029603
"EpiLPS (MAP)","Correct SI",195,1.33179505256341,1.23807778823057,0.109485095543092,-0.0937172643328379
"EpiLPS (MAP)","Correct SI",196,1.30282908300336,1.22898394375033,0.10996769485669,-0.0738451392530297
"EpiLPS (MAP)","Correct SI",197,1.26962792749398,1.21732366025705,0.107750497057488,-0.0523042672369323
"EpiLPS (MAP)","Correct SI",198,1.23470197201586,1.20327989932537,0.103177603209676,-0.0314220726904924
"EpiLPS (MAP)","Correct SI",199,1.20012008532359,1.18756558280352,0.0979618534483577,-0.0125545025200657
"EpiLPS (MAP)","Correct SI",200,1.16745324780638,1.17098936783272,0.0939397139517678,0.00353612002634374
"EpiLPS (MAP)","Correct SI",201,1.13781324493009,1.15429358147686,0.0922416341616574,0.0164803365467661
"EpiLPS (MAP)","Correct SI",202,1.11194114249594,1.13812576282696,0.0928748276876243,0.0261846203310174
"EpiLPS (MAP)","Correct SI",203,1.09030738318271,1.12302051612796,0.0948748787723352,0.0327131329452468
"EpiLPS (MAP)","Correct SI",204,1.07317842503564,1.10939696608962,0.0968962255337117,0.036218541053983
"EpiLPS (MAP)","Correct SI",205,1.06040347302214,1.09756976093468,0.0977556373811488,0.0371662879125354
"EpiLPS (MAP)","Correct SI",206,1.05156904168052,1.08776805572805,0.0967198108312622,0.0361990140475268
"EpiLPS (MAP)","Correct SI",207,1.04624950999474,1.08015658327597,0.093702150219204,0.0339070732812281
"EpiLPS (MAP)","Correct SI",208,1.04403704329192,1.07485018255156,0.0897795693247058,0.0308131392596405
"EpiLPS (MAP)","Correct SI",209,1.0445651521307,1.07192904977864,0.0865665132815956,0.0273638976479447
"EpiLPS (MAP)","Correct SI",210,1.04752392002038,1.07145293059136,0.0853384844085438,0.0239290105709751
"EpiLPS (MAP)","Correct SI",211,1.05266551803821,1.07347042380435,0.0865351189895585,0.0208049057661406
"EpiLPS (MAP)","Correct SI",212,1.0598023103751,1.07802678388809,0.0896099350292381,0.0182244735129864
"EpiLPS (MAP)","Correct SI",213,1.06880062573221,1.08517065368454,0.0933820952292737,0.016370027952326
"EpiLPS (MAP)","Correct SI",214,1.0795784696348,1.09495981375388,0.0965644792671785,0.0153813441190827
"EpiLPS (MAP)","Correct SI",215,1.09215111452811,1.10746594683771,0.0981410273341923,0.0153148323096048
"EpiLPS (MAP)","Correct SI",216,1.10660255202503,1.12277492903019,0.097597166654809,0.0161723770051609
"EpiLPS (MAP)","Correct SI",217,1.1230463183655,1.14077613053437,0.0954378417247696,0.0177298121688698
"EpiLPS (MAP)","Correct SI",218,1.14161803384419,1.16102054068089,0.0932007080289055,0.0194025068366961
"EpiLPS (MAP)","Correct SI",219,1.16246850453014,1.18300510214419,0.0924567434650327,0.0205365976140508
"EpiLPS (MAP)","Correct SI",220,1.18575867786174,1.20620819556253,0.0941413108861786,0.0204495177007891
"EpiLPS (MAP)","Correct SI",221,1.21165701983639,1.23010992102376,0.0980876594819722,0.0184529011873686
"EpiLPS (MAP)","Correct SI",222,1.24033898455105,1.25421674088431,0.103145850772299,0.0138777563332608
"EpiLPS (MAP)","Correct SI",223,1.27198794287079,1.27808270912598,0.10775942896473,0.00609476625519179
"EpiLPS (MAP)","Correct SI",224,1.30666523446541,1.30132317790696,0.110531046655805,-0.00534205655844566
"EpiLPS (MAP)","Correct SI",225,1.3433530482977,1.3236203193293,0.110593361510096,-0.0197327289684044
"EpiLPS (MAP)","Correct SI",226,1.38038171186225,1.34467185637343,0.108078984017427,-0.0357098554888162
"EpiLPS (MAP)","Correct SI",227,1.41592160258673,1.36402615279235,0.104662940618673,-0.0518954497943789
"EpiLPS (MAP)","Correct SI",228,1.44808142918806,1.38121078897775,0.102390687334324,-0.0668706402103127
"EpiLPS (MAP)","Correct SI",229,1.47504730588812,1.39578221429032,0.102677237149386,-0.079265091597799
"EpiLPS (MAP)","Correct SI",230,1.49521587906308,1.40733682466863,0.105610436721244,-0.0878790543944525
"EpiLPS (MAP)","Correct SI",231,1.50729103953841,1.41552611324034,0.109986677278414,-0.0917649262980702
"EpiLPS (MAP)","Correct SI",232,1.51033534857617,1.42006987526269,0.114038803375938,-0.0902654733134824
"EpiLPS (MAP)","Correct SI",233,1.50378097074586,1.4207639390647,0.116190607099725,-0.0830170316811571
"EpiLPS (MAP)","Correct SI",234,1.48764960471254,1.41748174124871,0.115494069794384,-0.070167863463829
"EpiLPS (MAP)","Correct SI",235,1.46373241708909,1.41021074361505,0.111923309258652,-0.0535216734740365
"EpiLPS (MAP)","Correct SI",236,1.43448143272486,1.39946255752319,0.106978682023068,-0.0350188752016707
"EpiLPS (MAP)","Correct SI",237,1.40223769952072,1.38606973919532,0.102750644267088,-0.016167960325399
"EpiLPS (MAP)","Correct SI",238,1.36905513115977,1.37084573628775,0.100700076508306,0.0017906051279839
"EpiLPS (MAP)","Correct SI",239,1.33659069308879,1.35453370422577,0.101091606000591,0.01794301113698
"EpiLPS (MAP)","Correct SI",240,1.30608415861083,1.33777002118421,0.103046776430148,0.0316858625733845
"EpiLPS (MAP)","Correct SI",241,1.27840456713347,1.32106723936412,0.105179832904137,0.0426626722306507
"EpiLPS (MAP)","Correct SI",242,1.25412742548082,1.30481639223777,0.106277163655924,0.0506889667569512
"EpiLPS (MAP)","Correct SI",243,1.23361554311767,1.28930238935795,0.105707383986172,0.0556868462402815
"EpiLPS (MAP)","Correct SI",244,1.21706403589592,1.27472512993988,0.103657980310128,0.0576610940439635
"EpiLPS (MAP)","Correct SI",245,1.20445667363505,1.26121389347573,0.101582085041085,0.0567572198406756
"EpiLPS (MAP)","Correct SI",246,1.19569657050359,1.24883893949736,0.101806348950179,0.05314236899377
"EpiLPS (MAP)","Correct SI",247,1.19067334691389,1.23763272723894,0.106069997172129,0.0469593803250523
"EpiLPS (MAP)","Correct SI",248,1.1892846905786,1.22760101069267,0.114800045234185,0.0383163201140657
"EpiLPS (MAP)","Correct SI",249,1.1914521017446,1.21873142799669,0.127244300762814,0.0272793262520923
"EpiLPS (MAP)","Correct SI",250,1.19713021020468,1.21100069924144,0.142235952939172,0.0138704890367627
"EpiLPS (MAP)","Correct SI",251,1.20631090184647,1.20438039689979,0.15885311049623,-0.00193050494667646
"EpiLPS (MAP)","Correct SI",252,1.21902415582724,1.19884123728528,0.176694019590995,-0.0201829185419615
"EpiLPS (MAP)","Correct SI",253,1.23533724681924,1.19435598235099,0.195901045545393,-0.040981264468249
"EpiLPS (MAP)","Mean +60%",31,0.83125458603177,0.706464931258594,0.0772338229016003,-0.124789654773176
"EpiLPS (MAP)","Mean +60%",32,0.822012955905288,0.684655426704712,0.0735885383747826,-0.137357529200576
"EpiLPS (MAP)","Mean +60%",33,0.811083441801087,0.665129890134563,0.0704162285990803,-0.145953551666524
"EpiLPS (MAP)","Mean +60%",34,0.798410706391415,0.647564158209594,0.0680846420290461,-0.150846548181821
"EpiLPS (MAP)","Mean +60%",35,0.783985284249482,0.631656194777422,0.0667341050122923,-0.15232908947206
"EpiLPS (MAP)","Mean +60%",36,0.767842249776292,0.617124818961739,0.0662122006653732,-0.150717430814553
"EpiLPS (MAP)","Mean +60%",37,0.750320099865667,0.603710324814502,0.0661075554117891,-0.146609775051165
"EpiLPS (MAP)","Mean +60%",38,0.732127511283489,0.591176942984578,0.0658771072340605,-0.14095056829891
"EpiLPS (MAP)","Mean +60%",39,0.713945546467747,0.579324771999687,0.0650400718394378,-0.13462077446806
"EpiLPS (MAP)","Mean +60%",40,0.696377644387645,0.568078700920301,0.0635721569046409,-0.128298943467344
"EpiLPS (MAP)","Mean +60%",41,0.679931575981829,0.557447001343873,0.0617804951297914,-0.122484574637956
"EpiLPS (MAP)","Mean +60%",42,0.665012401557135,0.547457600895753,0.0600352373367716,-0.117554800661382
"EpiLPS (MAP)","Mean +60%",43,0.65192842067752,0.538155625538479,0.0586770036265599,-0.113772795139041
"EpiLPS (MAP)","Mean +60%",44,0.640906266957601,0.529600608316913,0.0579201163375452,-0.111305658640688
"EpiLPS (MAP)","Mean +60%",45,0.632110069284813,0.521862880383822,0.0577757398413399,-0.110247188900991
"EpiLPS (MAP)","Mean +60%",46,0.625656360123327,0.515019584672028,0.0580361473045272,-0.110636775451299
"EpiLPS (MAP)","Mean +60%",47,0.621502273809677,0.509150682796875,0.0583364445210547,-0.112351591012802
"EpiLPS (MAP)","Mean +60%",48,0.619441171957512,0.504335010063778,0.0582734358240772,-0.115106161893734
"EpiLPS (MAP)","Mean +60%",49,0.619256488578844,0.500624148874374,0.0576852219436507,-0.11863233970447
"EpiLPS (MAP)","Mean +60%",50,0.620736004042686,0.498027901559688,0.0567801081948663,-0.122708102482998
"EpiLPS (MAP)","Mean +60%",51,0.623679916186844,0.496546941748747,0.0558688497996893,-0.127132974438097
"EpiLPS (MAP)","Mean +60%",52,0.627908213332621,0.496175332682008,0.0552772277208674,-0.131732880650613
"EpiLPS (MAP)","Mean +60%",53,0.633265384812971,0.496900914302875,0.0552628056956581,-0.136364470510096
"EpiLPS (MAP)","Mean +60%",54,0.639622221613428,0.498706443079924,0.0559264887675113,-0.140915778533504
"EpiLPS (MAP)","Mean +60%",55,0.646875295241765,0.501571291304525,0.0571568734930614,-0.14530400393724
"EpiLPS (MAP)","Mean +60%",56,0.654940797889892,0.505473659720119,0.058642903787221,-0.149467138169773
"EpiLPS (MAP)","Mean +60%",57,0.663667548235467,0.510393289014801,0.0599568797627085,-0.153274259220666
"EpiLPS (MAP)","Mean +60%",58,0.67283196893338,0.516299110601484,0.0607547659773934,-0.156532858331896
"EpiLPS (MAP)","Mean +60%",59,0.682212593504884,0.523103296489409,0.0611008511438791,-0.159109297015475
"EpiLPS (MAP)","Mean +60%",60,0.691594549334227,0.530703960612232,0.0612553520943841,-0.160890588721995
"EpiLPS (MAP)","Mean +60%",61,0.700774343176902,0.538999011873978,0.0615474158710197,-0.161775331302924
"EpiLPS (MAP)","Mean +60%",62,0.709565411363515,0.547884780254311,0.0622923050247845,-0.161680631109204
"EpiLPS (MAP)","Mean +60%",63,0.717802382251417,0.55725452327492,0.0636831828002658,-0.160547858976497
"EpiLPS (MAP)","Mean +60%",64,0.725343303375917,0.566997275540947,0.0656931528222491,-0.15834602783497
"EpiLPS (MAP)","Mean +60%",65,0.732069930484564,0.576997723700049,0.068041271875491,-0.155072206784515
"EpiLPS (MAP)","Mean +60%",66,0.737895666769886,0.587137721277014,0.0702510039955824,-0.150757945492872
"EpiLPS (MAP)","Mean +60%",67,0.742895958587221,0.59730092195359,0.0718139048940167,-0.145595036633631
"EpiLPS (MAP)","Mean +60%",68,0.747278763319657,0.607391228643842,0.0726286019542261,-0.139887534675815
"EpiLPS (MAP)","Mean +60%",69,0.751271373438236,0.617332266512862,0.0729593249148334,-0.133939106925374
"EpiLPS (MAP)","Mean +60%",70,0.755105697598796,0.627060622551074,0.073196457174525,-0.128045075047722
"EpiLPS (MAP)","Mean +60%",71,0.759004827658807,0.636526788435742,0.0737585833991473,-0.122478039223065
"EpiLPS (MAP)","Mean +60%",72,0.76317231106088,0.645694844705006,0.074958843385264,-0.117477466355874
"EpiLPS (MAP)","Mean +60%",73,0.767786202417761,0.654540924347085,0.0768676641660503,-0.113245278070676
"EpiLPS (MAP)","Mean +60%",74,0.772997638290372,0.663050900091082,0.0792420510534004,-0.10994673819929
"EpiLPS (MAP)","Mean +60%",75,0.77893263784533,0.671217852953345,0.0815713734502612,-0.107714784891984
"EpiLPS (MAP)","Mean +60%",76,0.78568141824908,0.679039922989086,0.0832337155613063,-0.106641495259994
"EpiLPS (MAP)","Mean +60%",77,0.793148670755028,0.686521237067563,0.0839225742120901,-0.106627433687465
"EpiLPS (MAP)","Mean +60%",78,0.801109464577554,0.69367075700366,0.0838884959502703,-0.107438707573894
"EpiLPS (MAP)","Mean +60%",79,0.809317687520099,0.700496163289463,0.083578533164631,-0.108821524230636
"EpiLPS (MAP)","Mean +60%",80,0.817518562189946,0.707002472766291,0.0835022779401605,-0.110516089423655
"EpiLPS (MAP)","Mean +60%",81,0.825462916255739,0.71319161140116,0.0840848409070389,-0.112271304854579
"EpiLPS (MAP)","Mean +60%",82,0.832920079463184,0.719062377870758,0.0855034128512314,-0.113857701592426
"EpiLPS (MAP)","Mean +60%",83,0.83968668789734,0.724610731669184,0.0875822610895122,-0.115075956228156
"EpiLPS (MAP)","Mean +60%",84,0.845591000049052,0.72983046577307,0.089815041403389,-0.115760534275982
"EpiLPS (MAP)","Mean +60%",85,0.850493536894317,0.734714379551237,0.0915163254356897,-0.11577915734308
"EpiLPS (MAP)","Mean +60%",86,0.854297533108007,0.739268352534486,0.0921614006551436,-0.115029180573521
"EpiLPS (MAP)","Mean +60%",87,0.857044342489846,0.74354972016268,0.0918989078293177,-0.113494622327166
"EpiLPS (MAP)","Mean +60%",88,0.858857822167393,0.747629702987487,0.0911956232882838,-0.111228119179906
"EpiLPS (MAP)","Mean +60%",89,0.859878747666928,0.751580309112437,0.0906169899554531,-0.10829843855449
"EpiLPS (MAP)","Mean +60%",90,0.86025311141159,0.755473697713799,0.0906784771988786,-0.104779413697791
"EpiLPS (MAP)","Mean +60%",91,0.860120701023208,0.759381521727343,0.0916697926620707,-0.100739179295865
"EpiLPS (MAP)","Mean +60%",92,0.859606619529194,0.763374180251033,0.0935199829945226,-0.0962324392781607
"EpiLPS (MAP)","Mean +60%",93,0.8588168361623,0.767519982595484,0.0957842316811574,-0.0912968535668162
"EpiLPS (MAP)","Mean +60%",94,0.857837212377275,0.77188438409885,0.097772765350502,-0.0859528282784251
"EpiLPS (MAP)","Mean +60%",95,0.856734852284735,0.77653128330048,0.0988095639794491,-0.0802035689842548
"EpiLPS (MAP)","Mean +60%",96,0.855586935925609,0.781540443662427,0.0988271581229185,-0.0740464922631815
"EpiLPS (MAP)","Mean +60%",97,0.854642173312711,0.786998443619372,0.0982596337688544,-0.067643729693339
"EpiLPS (MAP)","Mean +60%",98,0.854216899337268,0.792984933023365,0.0976876136793817,-0.061231966313903
"EpiLPS (MAP)","Mean +60%",99,0.854615196085733,0.799572256822633,0.0976955415589773,-0.0550429392630997
"EpiLPS (MAP)","Mean +60%",100,0.856123392287051,0.806825895118003,0.0986936832532614,-0.0492974971690479
"EpiLPS (MAP)","Mean +60%",101,0.859003725920451,0.814805271371976,0.100750593334855,-0.0441984545484755
"EpiLPS (MAP)","Mean +60%",102,0.863491057515902,0.823564804564915,0.103523539138666,-0.0399262529509866
"EpiLPS (MAP)","Mean +60%",103,0.869793786137492,0.833155245354228,0.106338105912902,-0.0366385407832641
"EpiLPS (MAP)","Mean +60%",104,0.878098070350996,0.843623955857206,0.10839671516642,-0.03447411449379
"EpiLPS (MAP)","Mean +60%",105,0.888573897619543,0.854926862571315,0.109310111244195,-0.033647035048228
"EpiLPS (MAP)","Mean +60%",106,0.901301658370892,0.866870931274754,0.109389796297429,-0.0344307270961381
"EpiLPS (MAP)","Mean +60%",107,0.915897849763235,0.879235146896833,0.109199705955945,-0.0366627028664023
"EpiLPS (MAP)","Mean +60%",108,0.931781890770312,0.891780369016353,0.109389122503288,-0.0400015217539587
"EpiLPS (MAP)","Mean +60%",109,0.964908287444313,0.904248250959423,0.110499586828547,-0.0606600364848904
"EpiLPS (MAP)","Mean +60%",110,0.980887218164916,0.916361678171073,0.112742665085483,-0.0645255399938434
"EpiLPS (MAP)","Mean +60%",111,0.995692213942587,0.927827901729617,0.115851955474135,-0.0678643122129697
"EpiLPS (MAP)","Mean +60%",112,1.00881666031265,0.938345620642837,0.119108499854158,-0.0704710396698126
"EpiLPS (MAP)","Mean +60%",113,1.01983605940048,0.947616397449657,0.121547580885837,-0.0722196619508234
"EpiLPS (MAP)","Mean +60%",114,1.02841129997895,0.955382154012343,0.122425234693638,-0.0730291459666073
"EpiLPS (MAP)","Mean +60%",115,1.03430371035801,0.961509058439443,0.12191578048308,-0.0727946519185666
"EpiLPS (MAP)","Mean +60%",116,1.03743175161603,0.965928851303479,0.120642648176057,-0.0715029003125511
"EpiLPS (MAP)","Mean +60%",117,1.0378022122009,0.96861852722103,0.11937634825272,-0.0691836849798697
"EpiLPS (MAP)","Mean +60%",118,1.03547276308025,0.96959807789015,0.118816090068692,-0.0658746851901004
"EpiLPS (MAP)","Mean +60%",119,1.03053550780697,0.968924489703564,0.119336196118567,-0.0616110181034059
"EpiLPS (MAP)","Mean +60%",120,1.02310221069091,0.96668322658026,0.120805043042479,-0.0564189841106498
"EpiLPS (MAP)","Mean +60%",121,1.01329357541095,0.962978540149697,0.122592184985432,-0.0503150352612534
"EpiLPS (MAP)","Mean +60%",122,1.00123289414715,0.957923990548874,0.123777619449005,-0.0433089035982763
"EpiLPS (MAP)","Mean +60%",123,0.987043160294477,0.951651762984157,0.123520076607155,-0.0353913973103197
"EpiLPS (MAP)","Mean +60%",124,0.970846430550826,0.944487371782645,0.121818006629462,-0.0263590587681812
"EpiLPS (MAP)","Mean +60%",125,0.953001568168985,0.936863502203939,0.119312784376877,-0.0161380659650455
"EpiLPS (MAP)","Mean +60%",126,0.934680947695761,0.929185564484934,0.116791987742116,-0.00549538321082743
"EpiLPS (MAP)","Mean +60%",127,0.917145793226913,0.921828998497634,0.114991749497737,0.00468320527072141
"EpiLPS (MAP)","Mean +60%",128,0.901530406151582,0.915141516243036,0.114381988493528,0.0136111100914535
"EpiLPS (MAP)","Mean +60%",129,0.888820761331304,0.909446489254142,0.114996901325829,0.0206257279228376
"EpiLPS (MAP)","Mean +60%",130,0.879849051096058,0.905045962447433,0.116404177430384,0.0251969113513753
"EpiLPS (MAP)","Mean +60%",131,0.875312502934994,0.902222531019243,0.117843660737151,0.0269100280842488
"EpiLPS (MAP)","Mean +60%",132,0.875810644994376,0.901237965890399,0.118483003220037,0.0254273208960228
"EpiLPS (MAP)","Mean +60%",133,0.881891211117993,0.902186121230147,0.117977264742296,0.020294910112154
"EpiLPS (MAP)","Mean +60%",134,0.894096753734329,0.904907409467675,0.116728931028953,0.0108106557333456
"EpiLPS (MAP)","Mean +60%",135,0.912538889585145,0.909195277443396,0.115377748759757,-0.00334361214174939
"EpiLPS (MAP)","Mean +60%",136,0.935968580436848,0.914810753687341,0.114617658920581,-0.0211578267495069
"EpiLPS (MAP)","Mean +60%",137,0.962748452443007,0.921479430839826,0.115000028284958,-0.0412690216031815
"EpiLPS (MAP)","Mean +60%",138,0.991058087015847,0.928891310680294,0.11671773832977,-0.0621667763355531
"EpiLPS (MAP)","Mean +60%",139,1.01894781256074,0.936704617461988,0.119471373007225,-0.0822431950987524
"EpiLPS (MAP)","Mean +60%",140,1.04444932027992,0.944554914971829,0.122509385142401,-0.0998944053080912
"EpiLPS (MAP)","Mean +60%",141,1.0657059122687,0.952069852987288,0.124842727161142,-0.113636059281412
"EpiLPS (MAP)","Mean +60%",142,1.0810929449843,0.958902713334084,0.125712470133451,-0.122190231650216
"EpiLPS (MAP)","Mean +60%",143,1.08930930531451,0.964795156642619,0.125284001659542,-0.124514148671891
"EpiLPS (MAP)","Mean +60%",144,1.08943317712892,0.969546110388711,0.124167168423491,-0.119887066740209
"EpiLPS (MAP)","Mean +60%",145,1.08148967301391,0.973004140829191,0.12311368187256,-0.108485532184719
"EpiLPS (MAP)","Mean +60%",146,1.067118056924,0.975068593925105,0.12280108662542,-0.0920494629988946
"EpiLPS (MAP)","Mean +60%",147,1.04828964020928,0.975685562622187,0.123581521664329,-0.0726040775870931
"EpiLPS (MAP)","Mean +60%",148,1.02693455801449,0.97484032197786,0.125301346964516,-0.0520942360366297
"EpiLPS (MAP)","Mean +60%",149,1.00477443375589,0.972548128559266,0.127306027320874,-0.0322263051966243
"EpiLPS (MAP)","Mean +60%",150,0.983222907766779,0.968845185275404,0.128646781658856,-0.0143777224913748
"EpiLPS (MAP)","Mean +60%",151,0.963363940769346,0.963796833154403,0.128452196498306,0.000432892385057504
"EpiLPS (MAP)","Mean +60%",152,0.945985514931433,0.957656131750989,0.126711265057135,0.0116706168195559
"EpiLPS (MAP)","Mean +60%",153,0.931639698450479,0.950787037670033,0.124079047431876,0.0191473392195541
"EpiLPS (MAP)","Mean +60%",154,0.920706027513323,0.943541398622949,0.121369886605997,0.0228353711096256
"EpiLPS (MAP)","Mean +60%",155,0.913287949909382,0.936253932331571,0.119353023732586,0.0229659824221893
"EpiLPS (MAP)","Mean +60%",156,0.909118262499206,0.929241295474216,0.118526784437805,0.0201230329750102
"EpiLPS (MAP)","Mean +60%",157,0.90786599524967,0.92280202846624,0.118937524926569,0.0149360332165699
"EpiLPS (MAP)","Mean +60%",158,0.909191813449816,0.917216197991138,0.120144018222795,0.00802438454132159
"EpiLPS (MAP)","Mean +60%",159,0.9127706498954,0.912744219453828,0.121362620764799,-2.6430441572356e-05
"EpiLPS (MAP)","Mean +60%",160,0.918310343562916,0.909624492538734,0.12173788401244,-0.00868585102418162
"EpiLPS (MAP)","Mean +60%",161,0.925562601543549,0.908020677741268,0.120932304454556,-0.0175419238022807
"EpiLPS (MAP)","Mean +60%",162,0.934326617511047,0.907990718017634,0.119391327419794,-0.0263358994934125
"EpiLPS (MAP)","Mean +60%",163,0.944447396594412,0.909558877525888,0.117794938543725,-0.0348885190685237
"EpiLPS (MAP)","Mean +60%",164,0.955808426255688,0.912722338362895,0.116863947695929,-0.0430860878927933
"EpiLPS (MAP)","Mean +60%",165,0.968171987055275,0.91745261268071,0.117162754357864,-0.0507193743745648
"EpiLPS (MAP)","Mean +60%",166,0.981075418082579,0.923698282587454,0.118892197830877,-0.0573771354951251
"EpiLPS (MAP)","Mean +60%",167,0.99403776313242,0.931388985317634,0.121768438881849,-0.0626487778147855
"EpiLPS (MAP)","Mean +60%",168,1.00658618871785,0.940440901720959,0.125068959597772,-0.066145286996891
"EpiLPS (MAP)","Mean +60%",169,1.01827263962082,0.950763894272114,0.127839515623828,-0.0675087453487061
"EpiLPS (MAP)","Mean +60%",170,1.02869207421039,0.962278823648051,0.129346245030318,-0.066413250562339
"EpiLPS (MAP)","Mean +60%",171,1.03749575970787,0.974952434824053,0.129766414486513,-0.0625433248838174
"EpiLPS (MAP)","Mean +60%",172,1.04439766370686,0.988776229197952,0.129716810421044,-0.0556214345089078
"EpiLPS (MAP)","Mean +60%",173,1.04917474480308,1.00376067569761,0.129966973442923,-0.0454140691054687
"EpiLPS (MAP)","Mean +60%",174,1.05167598943045,1.0199362729809,0.131238296209026,-0.0317397164495499
"EpiLPS (MAP)","Mean +60%",175,1.05228684352057,1.03735282412792,0.133952184702107,-0.014934019392649
"EpiLPS (MAP)","Mean +60%",176,1.05205037229906,1.05607747697428,0.138021780567462,0.00402710467521583
"EpiLPS (MAP)","Mean +60%",177,1.05206304074467,1.07619224087815,0.142807580340461,0.024129200133477
"EpiLPS (MAP)","Mean +60%",178,1.0533911428065,1.09779176946634,0.147279145296353,0.0444006266598351
"EpiLPS (MAP)","Mean +60%",179,1.05702523270082,1.12096383591161,0.150379952623934,0.0639386032107905
"EpiLPS (MAP)","Mean +60%",180,1.06385390304002,1.145587054257,0.15191045424915,0.0817331512169834
"EpiLPS (MAP)","Mean +60%",181,1.07466368846286,1.17137952526541,0.152439239973887,0.0967158368025516
"EpiLPS (MAP)","Mean +60%",182,1.09015918537017,1.19801989453937,0.152825972340834,0.107860709169196
"EpiLPS (MAP)","Mean +60%",183,1.11099415707904,1.22514382612872,0.154005791350517,0.114149669049682
"EpiLPS (MAP)","Mean +60%",184,1.13776253966062,1.25234047732617,0.156675396734756,0.114577937665546
"EpiLPS (MAP)","Mean +60%",185,1.16994138910722,1.27915273086407,0.160961680820333,0.109211341756855
"EpiLPS (MAP)","Mean +60%",186,1.20568067952197,1.3050836558214,0.166252027023783,0.0994029762994297
"EpiLPS (MAP)","Mean +60%",187,1.24280592689739,1.32961127170622,0.171313895949718,0.0868053448088322
"EpiLPS (MAP)","Mean +60%",188,1.27892507759421,1.35221105393599,0.174681534124873,0.0732859763417755
"EpiLPS (MAP)","Mean +60%",189,1.31157809299846,1.37235585992355,0.175617469871275,0.0607777669250924
"EpiLPS (MAP)","Mean +60%",190,1.33842575739913,1.38952253931479,0.174649503059874,0.0510967819156605
"EpiLPS (MAP)","Mean +60%",191,1.35742493987032,1.40324767252672,0.172799286603208,0.0458227326563976
"EpiLPS (MAP)","Mean +60%",192,1.36695842059754,1.41314232308845,0.171249358743052,0.0461839024909081
"EpiLPS (MAP)","Mean +60%",193,1.36590703303142,1.41889582894698,0.170948790954068,0.0529887959155606
"EpiLPS (MAP)","Mean +60%",194,1.35374441935837,1.42027415378875,0.172198413678953,0.066529734430383
"EpiLPS (MAP)","Mean +60%",195,1.33179505256341,1.41711581348541,0.174439997967548,0.085320760921999
"EpiLPS (MAP)","Mean +60%",196,1.30282908300336,1.40932826236617,0.176409813362619,0.106499179362806
"EpiLPS (MAP)","Mean +60%",197,1.26962792749398,1.39688639784655,0.176592330216451,0.127258470352574
"EpiLPS (MAP)","Mean +60%",198,1.23470197201586,1.3799837275882,0.174004488243427,0.145281755572335
"EpiLPS (MAP)","Mean +60%",199,1.20012008532359,1.35946358925417,0.169189476617462,0.159343503930582
"EpiLPS (MAP)","Mean +60%",200,1.16745324780638,1.33631695134319,0.163332337587158,0.168863703536815
"EpiLPS (MAP)","Mean +60%",201,1.13781324493009,1.31150298674677,0.157722775619221,0.173689741816683
"EpiLPS (MAP)","Mean +60%",202,1.11194114249594,1.28593041092252,0.15341220327312,0.17398926842658
"EpiLPS (MAP)","Mean +60%",203,1.09030738318271,1.26044407627398,0.150886967655605,0.170136693091268
"EpiLPS (MAP)","Mean +60%",204,1.07317842503564,1.23581468865843,0.149904777896217,0.162636263622792
"EpiLPS (MAP)","Mean +60%",205,1.06040347302214,1.21272981207407,0.149607034009635,0.152326339051929
"EpiLPS (MAP)","Mean +60%",206,1.05156904168052,1.19178642194207,0.148856715049394,0.140217380261553
"EpiLPS (MAP)","Mean +60%",207,1.04624950999474,1.17348722824817,0.146699890418269,0.127237718253433
"EpiLPS (MAP)","Mean +60%",208,1.04403704329192,1.15824092071958,0.14322334729565,0.114203877427661
"EpiLPS (MAP)","Mean +60%",209,1.0445651521307,1.14636949596951,0.139257261159367,0.101804343838805
"EpiLPS (MAP)","Mean +60%",210,1.04752392002038,1.13812240566397,0.135776891948421,0.0905984856435882
"EpiLPS (MAP)","Mean +60%",211,1.05266551803821,1.1336941184403,0.133676872095797,0.0810286004020877
"EpiLPS (MAP)","Mean +60%",212,1.0598023103751,1.13324323959586,0.133517898204407,0.0734409292207601
"EpiLPS (MAP)","Mean +60%",213,1.06880062573221,1.13691101328034,0.135316673804827,0.0681103875481284
"EpiLPS (MAP)","Mean +60%",214,1.0795784696348,1.14483810108655,0.13849902024184,0.0652596314517542
"EpiLPS (MAP)","Mean +60%",215,1.09215111452811,1.15717952637924,0.14206027742991,0.0650284118511297
"EpiLPS (MAP)","Mean +60%",216,1.10660255202503,1.17411459078249,0.144872430205003,0.0675120387574626
"EpiLPS (MAP)","Mean +60%",217,1.1230463183655,1.19563758099965,0.146393053680973,0.0725912626341527
"EpiLPS (MAP)","Mean +60%",218,1.14161803384419,1.22141396448733,0.147042339330352,0.0797959306431426
"EpiLPS (MAP)","Mean +60%",219,1.16246850453014,1.25106618411883,0.14760311804241,0.0885976795886891
"EpiLPS (MAP)","Mean +60%",220,1.18575867786174,1.28418619560418,0.14900510863224,0.098427517742437
"EpiLPS (MAP)","Mean +60%",221,1.21165701983639,1.32031970048071,0.152053839175693,0.108662680644322
"EpiLPS (MAP)","Mean +60%",222,1.24033898455105,1.35895306335431,0.157090844821255,0.118614078803261
"EpiLPS (MAP)","Mean +60%",223,1.27198794287079,1.39950686364136,0.16373978053599,0.127518920770572
"EpiLPS (MAP)","Mean +60%",224,1.30666523446541,1.44134061808976,0.170903986301039,0.134675383624354
"EpiLPS (MAP)","Mean +60%",225,1.3433530482977,1.48377106403924,0.177048397815652,0.140418015741544
"EpiLPS (MAP)","Mean +60%",226,1.38038171186225,1.52604644681611,0.180899536959727,0.145664734953864
"EpiLPS (MAP)","Mean +60%",227,1.41592160258673,1.56719892258662,0.182557595235836,0.151277319999886
"EpiLPS (MAP)","Mean +60%",228,1.44808142918806,1.60621557100351,0.182908493221698,0.158134141815447
"EpiLPS (MAP)","Mean +60%",229,1.47504730588812,1.64211455108562,0.183205047442202,0.167067245197501
"EpiLPS (MAP)","Mean +60%",230,1.49521587906308,1.67396291563263,0.184682206839007,0.178747036569552
"EpiLPS (MAP)","Mean +60%",231,1.50729103953841,1.70088923350438,0.188033487724627,0.193598193965966
"EpiLPS (MAP)","Mean +60%",232,1.51033534857617,1.72209514427326,0.192988573856191,0.211759795697089
"EpiLPS (MAP)","Mean +60%",233,1.50378097074586,1.73687072601064,0.198284308166552,0.23308975526478
"EpiLPS (MAP)","Mean +60%",234,1.48764960471254,1.7446162484101,0.202087939670322,0.256966643697557
"EpiLPS (MAP)","Mean +60%",235,1.46373241708909,1.74491866960075,0.202749793798052,0.281186252511664
"EpiLPS (MAP)","Mean +60%",236,1.43448143272486,1.73810439127226,0.200200802211364,0.303622958547405
"EpiLPS (MAP)","Mean +60%",237,1.40223769952072,1.72502104662527,0.195604933924099,0.322783347104548
"EpiLPS (MAP)","Mean +60%",238,1.36905513115977,1.70663097388424,0.190437113976121,0.337575842724473
"EpiLPS (MAP)","Mean +60%",239,1.33659069308879,1.68396259661175,0.186052543659128,0.347371903522957
"EpiLPS (MAP)","Mean +60%",240,1.30608415861083,1.65806759535939,0.183253578965719,0.35198343674856
"EpiLPS (MAP)","Mean +60%",241,1.27840456713347,1.62997928493907,0.182020858487887,0.351574717805595
"EpiLPS (MAP)","Mean +60%",242,1.25412742548082,1.60067291673535,0.181584172954032,0.34654549125453
"EpiLPS (MAP)","Mean +60%",243,1.23361554311767,1.57102997704059,0.180828345106114,0.337414433922921
"EpiLPS (MAP)","Mean +60%",244,1.21706403589592,1.5418107012483,0.178868995912641,0.32474666535238
"EpiLPS (MAP)","Mean +60%",245,1.20445667363505,1.51363291174406,0.175996990323436,0.309176238109006
"EpiLPS (MAP)","Mean +60%",246,1.19569657050359,1.48696454220011,0.173903164104204,0.291267971696517
"EpiLPS (MAP)","Mean +60%",247,1.19067334691389,1.46213951981844,0.174631398151842,0.271466172904552
"EpiLPS (MAP)","Mean +60%",248,1.1892846905786,1.43937556045564,0.179994700628958,0.250090869877038
"EpiLPS (MAP)","Mean +60%",249,1.1914521017446,1.41879561122595,0.191039021031826,0.22734350948135
"EpiLPS (MAP)","Mean +60%",250,1.19713021020468,1.40044962212534,0.207825740830471,0.203319411920657
"EpiLPS (MAP)","Mean +60%",251,1.20631090184647,1.38433421008484,0.22969726019126,0.178023308238367
"EpiLPS (MAP)","Mean +60%",252,1.21902415582724,1.37040936094533,0.255793722691033,0.151385205118091
"EpiLPS (MAP)","Mean +60%",253,1.23533724681924,1.35861227352897,0.285503657305837,0.123275026709725
"EpiLPS (MAP)","SD -60%",31,0.83125458603177,0.758323721135512,0.0606689604860797,-0.0729308648962584
"EpiLPS (MAP)","SD -60%",32,0.822012955905288,0.747737808888533,0.0574901452696064,-0.0742751470167548
"EpiLPS (MAP)","SD -60%",33,0.811083441801087,0.738316526912078,0.05622022381009,-0.0727669148890087
"EpiLPS (MAP)","SD -60%",34,0.798410706391415,0.729753050478953,0.0570350188922046,-0.0686576559124622
"EpiLPS (MAP)","SD -60%",35,0.783985284249482,0.721757445471878,0.0592087440548189,-0.0622278387776035
"EpiLPS (MAP)","SD -60%",36,0.767842249776292,0.71406789645626,0.0615214539765452,-0.0537743533200323
"EpiLPS (MAP)","SD -60%",37,0.750320099865667,0.706477314505845,0.0628255623584098,-0.0438427853598218
"EpiLPS (MAP)","SD -60%",38,0.732127511283489,0.698854932614726,0.0624228030026347,-0.0332725786687627
"EpiLPS (MAP)","SD -60%",39,0.713945546467747,0.691149986345247,0.0602341096321642,-0.0227955601224997
"EpiLPS (MAP)","SD -60%",40,0.696377644387645,0.683467870065322,0.05706210944522,-0.012909774322323
"EpiLPS (MAP)","SD -60%",41,0.679931575981829,0.675998564459797,0.0541413238058758,-0.0039330115220324
"EpiLPS (MAP)","SD -60%",42,0.665012401557135,0.668929049252553,0.0525430357275395,0.00391664769541777
"EpiLPS (MAP)","SD -60%",43,0.65192842067752,0.662437576587779,0.0527568384405449,0.0105091559102586
"EpiLPS (MAP)","SD -60%",44,0.640906266957601,0.656692674317351,0.0544568388225612,0.0157864073597501
"EpiLPS (MAP)","SD -60%",45,0.632110069284813,0.65184922841174,0.0567100624119896,0.0197391591269268
"EpiLPS (MAP)","SD -60%",46,0.625656360123327,0.648035623932863,0.058455725373823,0.0223792638095359
"EpiLPS (MAP)","SD -60%",47,0.621502273809677,0.645339065682568,0.0589089763378704,0.0238367918728911
"EpiLPS (MAP)","SD -60%",48,0.619441171957512,0.643804703569508,0.0577632635544009,0.0243635316119963
"EpiLPS (MAP)","SD -60%",49,0.619256488578844,0.643419701119692,0.0554388886401598,0.0241632125408482
"EpiLPS (MAP)","SD -60%",50,0.620736004042686,0.644111952963364,0.053011376065949,0.0233759489206783
"EpiLPS (MAP)","SD -60%",51,0.623679916186844,0.645803363060439,0.0516067890927762,0.0221234468735952
"EpiLPS (MAP)","SD -60%",52,0.627908213332621,0.648416793038664,0.0519730682316202,0.0205085797060434
"EpiLPS (MAP)","SD -60%",53,0.633265384812971,0.65187621187189,0.0541016673814516,0.0186108270589189
"EpiLPS (MAP)","SD -60%",54,0.639622221613428,0.65610766577028,0.057226815501636,0.0164854441568519
"EpiLPS (MAP)","SD -60%",55,0.646875295241765,0.661045103546632,0.0602300759815781,0.0141698083048666
"EpiLPS (MAP)","SD -60%",56,0.654940797889892,0.666641084499353,0.0621126552066715,0.0117002866094611
"EpiLPS (MAP)","SD -60%",57,0.663667548235467,0.67287412549132,0.062299505144535,0.00920657725585328
"EpiLPS (MAP)","SD -60%",58,0.67283196893338,0.679725679961406,0.0608730530119804,0.00689371102802561
"EpiLPS (MAP)","SD -60%",59,0.682212593504884,0.68710667228121,0.058798140665792,0.00489407877632642
"EpiLPS (MAP)","SD -60%",60,0.691594549334227,0.694906228348818,0.0573289921633463,0.0033116790145914
"EpiLPS (MAP)","SD -60%",61,0.700774343176902,0.703006306629929,0.0575031004524003,0.00223196345302712
"EpiLPS (MAP)","SD -60%",62,0.709565411363515,0.711279265741707,0.0596523064152764,0.00171385437819183
"EpiLPS (MAP)","SD -60%",63,0.717802382251417,0.719588480487838,0.0632000772976907,0.00178609823642117
"EpiLPS (MAP)","SD -60%",64,0.725343303375917,0.727795946946705,0.0669714736045806,0.00245264357078789
"EpiLPS (MAP)","SD -60%",65,0.732069930484564,0.735779995772893,0.0697405331707488,0.0037100652883294
"EpiLPS (MAP)","SD -60%",66,0.737895666769886,0.743452882476164,0.0706644156218751,0.00555721570627821
"EpiLPS (MAP)","SD -60%",67,0.742895958587221,0.750765283436485,0.069540638385725,0.00786932484926361
"EpiLPS (MAP)","SD -60%",68,0.747278763319657,0.757712111194236,0.0671846856903399,0.0104333478745791
"EpiLPS (MAP)","SD -60%",69,0.751271373438236,0.764312924647326,0.0650021550518709,0.0130415512090903
"EpiLPS (MAP)","SD -60%",70,0.755105697598796,0.770591864574881,0.0643105004197281,0.015486166976085
"EpiLPS (MAP)","SD -60%",71,0.759004827658807,0.776573248397859,0.065780154685149,0.017568420739052
"EpiLPS (MAP)","SD -60%",72,0.76317231106088,0.782279670279629,0.069066319283907,0.0191073592187486
"EpiLPS (MAP)","SD -60%",73,0.767786202417761,0.787730634114986,0.0730060163364048,0.0199444316972255
"EpiLPS (MAP)","SD -60%",74,0.772997638290372,0.792940746203156,0.0762089687490072,0.0199431079127838
"EpiLPS (MAP)","SD -60%",75,0.77893263784533,0.797918597028937,0.077602468381765,0.0189859591836067
"EpiLPS (MAP)","SD -60%",76,0.78568141824908,0.802668139868815,0.0767360200583341,0.0169867216197347
"EpiLPS (MAP)","SD -60%",77,0.793148670755028,0.807193304998496,0.0741435292991367,0.0140446342434679
"EpiLPS (MAP)","SD -60%",78,0.801109464577554,0.811499281118721,0.0712615411248592,0.010389816541167
"EpiLPS (MAP)","SD -60%",79,0.809317687520099,0.815588989383583,0.0696053893227114,0.00627130186348435
"EpiLPS (MAP)","SD -60%",80,0.817518562189946,0.819462439737957,0.0701712262635824,0.00194387754801106
"EpiLPS (MAP)","SD -60%",81,0.825462916255739,0.823116511392887,0.072929113700443,-0.00234640486285242
"EpiLPS (MAP)","SD -60%",82,0.832920079463184,0.826545226683155,0.0768417012560749,-0.0063748527800287
"EpiLPS (MAP)","SD -60%",83,0.83968668789734,0.829740893553786,0.0804246478923057,-0.00994579434355403
"EpiLPS (MAP)","SD -60%",84,0.845591000049052,0.832696324067579,0.0823874720953987,-0.0128946759814732
"EpiLPS (MAP)","SD -60%",85,0.850493536894317,0.835407356782009,0.0820336493009866,-0.0150861801123084
"EpiLPS (MAP)","SD -60%",86,0.854297533108007,0.837887822359834,0.0795499825887889,-0.0164097107481735
"EpiLPS (MAP)","SD -60%",87,0.857044342489846,0.84020861348301,0.076262787231286,-0.0168357290068364
"EpiLPS (MAP)","SD -60%",88,0.858857822167393,0.84245392140247,0.0738087665657038,-0.0164039007649226
"EpiLPS (MAP)","SD -60%",89,0.859878747666928,0.844705748246071,0.073464568542078,-0.0151729994208571
"EpiLPS (MAP)","SD -60%",90,0.86025311141159,0.847042823654414,0.0755623196549991,-0.013210287757176
"EpiLPS (MAP)","SD -60%",91,0.860120701023208,0.849539625907833,0.0793134846201692,-0.0105810751153754
"EpiLPS (MAP)","SD -60%",92,0.859606619529194,0.852263334858971,0.0832560740018052,-0.00734328467022272
"EpiLPS (MAP)","SD -60%",93,0.8588168361623,0.855267797670001,0.0859386568189932,-0.00354903849229904
"EpiLPS (MAP)","SD -60%",94,0.857837212377275,0.858589743881975,0.0864203040480932,0.000752531504700116
"EpiLPS (MAP)","SD -60%",95,0.856734852284735,0.862253887327883,0.0845390777281678,0.00551903504314832
"EpiLPS (MAP)","SD -60%",96,0.855586935925609,0.866296976222823,0.0813227957000419,0.0107100402972136
"EpiLPS (MAP)","SD -60%",97,0.854642173312711,0.870763702352478,0.0784455821346878,0.0161215290397673
"EpiLPS (MAP)","SD -60%",98,0.854216899337268,0.875695481890465,0.0774244052398112,0.0214785825531972
"EpiLPS (MAP)","SD -60%",99,0.854615196085733,0.881130376858994,0.0789937275132857,0.0265151807732614
"EpiLPS (MAP)","SD -60%",100,0.856123392287051,0.887102994463144,0.082717717823888,0.0309796021760932
"EpiLPS (MAP)","SD -60%",101,0.859003725920451,0.893644225220772,0.0872380129256811,0.0346404993003212
"EpiLPS (MAP)","SD -60%",102,0.863491057515902,0.900780585976551,0.0909502453245416,0.0372895284606493
"EpiLPS (MAP)","SD -60%",103,0.869793786137492,0.908534415451448,0.0926209661844017,0.0387406293139562
"EpiLPS (MAP)","SD -60%",104,0.878098070350996,0.916924632865093,0.0917312986044282,0.0388265625140966
"EpiLPS (MAP)","SD -60%",105,0.888573897619543,0.925871387932793,0.0888924135110917,0.0372974903132502
"EpiLPS (MAP)","SD -60%",106,0.901301658370892,0.93513467853869,0.0857597499337076,0.0338330201677975
"EpiLPS (MAP)","SD -60%",107,0.915897849763235,0.944448242684238,0.084094411348511,0.0285503929210035
"EpiLPS (MAP)","SD -60%",108,0.931781890770312,0.953530802053003,0.0850621311210065,0.0217489112826914
"EpiLPS (MAP)","SD -60%",109,0.964908287444313,0.962086184881601,0.0886200962556152,-0.00282210256271243
"EpiLPS (MAP)","SD -60%",110,0.980887218164916,0.969810770399618,0.0935146982696876,-0.0110764477652979
"EpiLPS (MAP)","SD -60%",111,0.995692213942587,0.976419316198033,0.0979375903165673,-0.0192728977445539
"EpiLPS (MAP)","SD -60%",112,1.00881666031265,0.98168579356492,0.100307874387165,-0.0271308667477297
"EpiLPS (MAP)","SD -60%",113,1.01983605940048,0.985468377157482,0.0997756898488869,-0.0343676822429981
"EpiLPS (MAP)","SD -60%",114,1.02841129997895,0.987722592719493,0.0965792364466245,-0.0406887072594574
"EpiLPS (MAP)","SD -60%",115,1.03430371035801,0.98854132199637,0.092340097078842,-0.0457623883616403
"EpiLPS (MAP)","SD -60%",116,1.03743175161603,0.988060757388444,0.0890334389341809,-0.049370994227586
"EpiLPS (MAP)","SD -60%",117,1.0378022122009,0.986423328179411,0.0881633832252953,-0.0513788840214889
"EpiLPS (MAP)","SD -60%",118,1.03547276308025,0.983770981186134,0.090076103076675,-0.0517017818941161
"EpiLPS (MAP)","SD -60%",119,1.03053550780697,0.980240732938139,0.0937898669862824,-0.0502947748688315
"EpiLPS (MAP)","SD -60%",120,1.02310221069091,0.975956941831251,0.0975662150804535,-0.0471452688596589
"EpiLPS (MAP)","SD -60%",121,1.01329357541095,0.971018679057609,0.099738118360544,-0.0422748963533409
"EpiLPS (MAP)","SD -60%",122,1.00123289414715,0.965492101110668,0.09928839372153,-0.035740793036482
"EpiLPS (MAP)","SD -60%",123,0.987043160294477,0.95943360466852,0.096128023578187,-0.027609555625957
"EpiLPS (MAP)","SD -60%",124,0.970846430550826,0.95308324747793,0.0915137839285125,-0.017763183072896
"EpiLPS (MAP)","SD -60%",125,0.953001568168985,0.946793851107183,0.0873545351633654,-0.00620771706180168
"EpiLPS (MAP)","SD -60%",126,0.934680947695761,0.940904882319619,0.0852812713998404,0.00622393462385784
"EpiLPS (MAP)","SD -60%",127,0.917145793226913,0.935742388464855,0.0860054274833009,0.0185965952379417
"EpiLPS (MAP)","SD -60%",128,0.901530406151582,0.931620030298001,0.0889875284468648,0.0300896241464195
"EpiLPS (MAP)","SD -60%",129,0.888820761331304,0.928831944850795,0.0927733038604634,0.0400111835194905
"EpiLPS (MAP)","SD -60%",130,0.879849051096058,0.92762813972063,0.0957242693035251,0.0477790886245725
"EpiLPS (MAP)","SD -60%",131,0.875312502934994,0.928187556469806,0.0966339259273483,0.0528750535348118
"EpiLPS (MAP)","SD -60%",132,0.875810644994376,0.930616121723535,0.0950399527027319,0.054805476729159
"EpiLPS (MAP)","SD -60%",133,0.881891211117993,0.934819832839561,0.0916104060412479,0.052928621721568
"EpiLPS (MAP)","SD -60%",134,0.894096753734329,0.940439970569481,0.0880332566226256,0.0463432168351516
"EpiLPS (MAP)","SD -60%",135,0.912538889585145,0.947081748554915,0.086072587628148,0.0345428589697698
"EpiLPS (MAP)","SD -60%",136,0.935968580436848,0.954334944814557,0.0868799393895655,0.0183663643777087
"EpiLPS (MAP)","SD -60%",137,0.962748452443007,0.961772083057799,0.0903907800171525,-0.000976369385208176
"EpiLPS (MAP)","SD -60%",138,0.991058087015847,0.968956339840889,0.0953255547865406,-0.0221017471749583
"EpiLPS (MAP)","SD -60%",139,1.01894781256074,0.975477349034663,0.0998468048353227,-0.0434704635260773
"EpiLPS (MAP)","SD -60%",140,1.04444932027992,0.981010308773363,0.102345810028202,-0.0634390115065573
"EpiLPS (MAP)","SD -60%",141,1.0657059122687,0.985351726362297,0.101952510647727,-0.080354185906403
"EpiLPS (MAP)","SD -60%",142,1.0810929449843,0.988417629265244,0.0988970210328083,-0.0926753157190561
"EpiLPS (MAP)","SD -60%",143,1.08930930531451,0.99024336873783,0.094804340215052,-0.0990659365766795
"EpiLPS (MAP)","SD -60%",144,1.08943317712892,0.990904327231645,0.0916548602266697,-0.0985288498972755
"EpiLPS (MAP)","SD -60%",145,1.08148967301391,0.990483294905045,0.0909538049419484,-0.0910063781088649
"EpiLPS (MAP)","SD -60%",146,1.067118056924,0.989063111274367,0.0930436245559772,-0.0780549456496326
"EpiLPS (MAP)","SD -60%",147,1.04828964020928,0.986723208408121,0.0969313344050641,-0.0615664318011591
"EpiLPS (MAP)","SD -60%",148,1.02693455801449,0.983535194444572,0.100853433824951,-0.0433993635699179
"EpiLPS (MAP)","SD -60%",149,1.00477443375589,0.979556224481336,0.10310785770782,-0.0252182092745536
"EpiLPS (MAP)","SD -60%",150,0.983222907766779,0.974825819365453,0.102647463694794,-0.00839708840132602
"EpiLPS (MAP)","SD -60%",151,0.963363940769346,0.969386016175854,0.0993734398592915,0.00602207540650801
"EpiLPS (MAP)","SD -60%",152,0.945985514931433,0.963451729897743,0.0945705801071514,0.01746621496631
"EpiLPS (MAP)","SD -60%",153,0.931639698450479,0.957344139425447,0.0902004353321425,0.0257044409749677
"EpiLPS (MAP)","SD -60%",154,0.920706027513323,0.951374861204345,0.0879468947649932,0.0306688336910224
"EpiLPS (MAP)","SD -60%",155,0.913287949909382,0.94584397845696,0.0885529734351522,0.0325560285475779
"EpiLPS (MAP)","SD -60%",156,0.909118262499206,0.941039443102968,0.0914722786421551,0.0319211806037618
"EpiLPS (MAP)","SD -60%",157,0.90786599524967,0.937229222560264,0.095210762728797,0.0293632273105943
"EpiLPS (MAP)","SD -60%",158,0.909191813449816,0.934637948875334,0.0980842121892123,0.0254461354255179
"EpiLPS (MAP)","SD -60%",159,0.9127706498954,0.933422149450716,0.098859928077656,0.0206514995553162
"EpiLPS (MAP)","SD -60%",160,0.918310343562916,0.933670073653397,0.0970785956753192,0.015359730090481
"EpiLPS (MAP)","SD -60%",161,0.925562601543549,0.935372347238983,0.093445643070544,0.00980974569543425
"EpiLPS (MAP)","SD -60%",162,0.934326617511047,0.938414418729123,0.0896985416196909,0.00408780121807573
"EpiLPS (MAP)","SD -60%",163,0.944447396594412,0.942665758680064,0.0876208042684064,-0.00178163791434804
"EpiLPS (MAP)","SD -60%",164,0.955808426255688,0.947990073323755,0.0883570787557741,-0.00781835293193256
"EpiLPS (MAP)","SD -60%",165,0.968171987055275,0.954244921368683,0.0918404614615219,-0.0139270656865917
"EpiLPS (MAP)","SD -60%",166,0.981075418082579,0.961284095767255,0.0968168099799803,-0.0197913223153238
"EpiLPS (MAP)","SD -60%",167,0.99403776313242,0.968970311244176,0.101490893515279,-0.0250674518882439
"EpiLPS (MAP)","SD -60%",168,1.00658618871785,0.977197195763092,0.104283175430447,-0.0293889929547577
"EpiLPS (MAP)","SD -60%",169,1.01827263962082,0.985903588284078,0.104318721051395,-0.0323690513367421
"EpiLPS (MAP)","SD -60%",170,1.02869207421039,0.995077711025407,0.101793558405915,-0.033614363184983
"EpiLPS (MAP)","SD -60%",171,1.03749575970787,1.00476794797548,0.0983078340910087,-0.0327278117323913
"EpiLPS (MAP)","SD -60%",172,1.04439766370686,1.01504220969419,0.0958633732071612,-0.0293554540126664
"EpiLPS (MAP)","SD -60%",173,1.04917474480308,1.02597168927089,0.096046208638654,-0.0232030555321898
"EpiLPS (MAP)","SD -60%",174,1.05167598943045,1.03762783554038,0.0993041305139409,-0.0140481538900727
"EpiLPS (MAP)","SD -60%",175,1.05228684352057,1.0500810167283,0.104696776535493,-0.00220582679227266
"EpiLPS (MAP)","SD -60%",176,1.05205037229906,1.06339859538166,0.110400145052206,0.0113482230826005
"EpiLPS (MAP)","SD -60%",177,1.05206304074467,1.07764181057148,0.114542394406809,0.0255787698268053
"EpiLPS (MAP)","SD -60%",178,1.0533911428065,1.09286478268307,0.115854555161465,0.0394736398765678
"EpiLPS (MAP)","SD -60%",179,1.05702523270082,1.10909968049365,0.114048172128132,0.0520744477928319
"EpiLPS (MAP)","SD -60%",180,1.06385390304002,1.12616000735381,0.110393132477707,0.0623061043137902
"EpiLPS (MAP)","SD -60%",181,1.07466368846286,1.14369969367985,0.107072495217593,0.0690360052169927
"EpiLPS (MAP)","SD -60%",182,1.09015918537017,1.16134102718509,0.10614510782714,0.0711818418149164
"EpiLPS (MAP)","SD -60%",183,1.11099415707904,1.17867473924481,0.108663431630191,0.0676805821657669
"EpiLPS (MAP)","SD -60%",184,1.13776253966062,1.19526209424008,0.114060895992681,0.0574995545794563
"EpiLPS (MAP)","SD -60%",185,1.16994138910722,1.21065342866075,0.120430404413465,0.0407120395535254
"EpiLPS (MAP)","SD -60%",186,1.20568067952197,1.22443807318431,0.125477873476806,0.0187573936623358
"EpiLPS (MAP)","SD -60%",187,1.24280592689739,1.23630380924148,0.127440947119647,-0.00650211765590725
"EpiLPS (MAP)","SD -60%",188,1.27892507759421,1.24605689703334,0.125605265773903,-0.0328681805608697
"EpiLPS (MAP)","SD -60%",189,1.31157809299846,1.25356903249086,0.120880216352194,-0.058009060507604
"EpiLPS (MAP)","SD -60%",190,1.33842575739913,1.25872044089166,0.115626555955442,-0.0797053165074726
"EpiLPS (MAP)","SD -60%",191,1.35742493987032,1.26141076914366,0.112274381140912,-0.0960141707266635
"EpiLPS (MAP)","SD -60%",192,1.36695842059754,1.2615517484204,0.112332170653424,-0.105406672177138
"EpiLPS (MAP)","SD -60%",193,1.36590703303142,1.25906450831081,0.115608942861371,-0.106842524720608
"EpiLPS (MAP)","SD -60%",194,1.35374441935837,1.25388230223177,0.120336629850312,-0.099862117126603
"EpiLPS (MAP)","SD -60%",195,1.33179505256341,1.24596040906932,0.124149361028757,-0.0858346434940915
"EpiLPS (MAP)","SD -60%",196,1.30282908300336,1.23529099730871,0.125127739552194,-0.0675380856946504
"EpiLPS (MAP)","SD -60%",197,1.26962792749398,1.22191197941612,0.122382819862378,-0.0477159480778639
"EpiLPS (MAP)","SD -60%",198,1.23470197201586,1.2060344099467,0.116408529638218,-0.028667562069155
"EpiLPS (MAP)","SD -60%",199,1.20012008532359,1.18840651942198,0.109345328866799,-0.011713565901615
"EpiLPS (MAP)","SD -60%",200,1.16745324780638,1.16987495344499,0.1036047277556,0.00242170563861022
"EpiLPS (MAP)","SD -60%",201,1.13781324493009,1.15123621734664,0.10089355860004,0.0134229724165533
"EpiLPS (MAP)","SD -60%",202,1.11194114249594,1.13323086203152,0.101508439091766,0.021289719535577
"EpiLPS (MAP)","SD -60%",203,1.09030738318271,1.11653682868214,0.104264852649806,0.0262294454994254
"EpiLPS (MAP)","SD -60%",204,1.07317842503564,1.10173901420151,0.107223925460877,0.0285605891658669
"EpiLPS (MAP)","SD -60%",205,1.06040347302214,1.08926865932556,0.108611897743489,0.0288651863034182
"EpiLPS (MAP)","SD -60%",206,1.05156904168052,1.07936872125368,0.107392510426254,0.0277996795731577
"EpiLPS (MAP)","SD -60%",207,1.04624950999474,1.07213113535348,0.103507781867987,0.0258816253587353
"EpiLPS (MAP)","SD -60%",208,1.04403704329192,1.06756610716476,0.0983136423678251,0.0235290638728389
"EpiLPS (MAP)","SD -60%",209,1.0445651521307,1.06565837309878,0.0938701773229682,0.0210932209680754
"EpiLPS (MAP)","SD -60%",210,1.04752392002038,1.06639593991184,0.0919748333235366,0.018872019891462
"EpiLPS (MAP)","SD -60%",211,1.05266551803821,1.06977837821508,0.0934407912902104,0.0171128601768673
"EpiLPS (MAP)","SD -60%",212,1.0598023103751,1.07581864226711,0.0976714535026689,0.0160163318920141
"EpiLPS (MAP)","SD -60%",213,1.06880062573221,1.08454437793619,0.102998410289584,0.0157437522039769
"EpiLPS (MAP)","SD -60%",214,1.0795784696348,1.09600154246773,0.107500917923705,0.0164230728329264
"EpiLPS (MAP)","SD -60%",215,1.09215111452811,1.11026019013101,0.109716214732013,0.0181090756028974
"EpiLPS (MAP)","SD -60%",216,1.10660255202503,1.12741578261906,0.109015976182197,0.0208132305940281
"EpiLPS (MAP)","SD -60%",217,1.1230463183655,1.14737627622256,0.106094248613191,0.024329957857059
"EpiLPS (MAP)","SD -60%",218,1.14161803384419,1.16971415107293,0.10290493505783,0.0280961172287364
"EpiLPS (MAP)","SD -60%",219,1.16246850453014,1.19394147653471,0.101587907182184,0.0314729720045668
"EpiLPS (MAP)","SD -60%",220,1.18575867786174,1.21952499338617,0.103622103719973,0.0337663155244312
"EpiLPS (MAP)","SD -60%",221,1.21165701983639,1.24587817602337,0.109018053877372,0.0342211561869843
"EpiLPS (MAP)","SD -60%",222,1.24033898455105,1.27237096872105,0.116239519374969,0.032031984169997
"EpiLPS (MAP)","SD -60%",223,1.27198794287079,1.29838457922172,0.122981258048075,0.0263966363509325
"EpiLPS (MAP)","SD -60%",224,1.30666523446541,1.32340470947445,0.127158025990825,0.0167394750090357
"EpiLPS (MAP)","SD -60%",225,1.3433530482977,1.34708102904293,0.127574621472241,0.00372798074522929
"EpiLPS (MAP)","SD -60%",226,1.38038171186225,1.36915779283524,0.124434709063921,-0.0112239190270054
"EpiLPS (MAP)","SD -60%",227,1.41592160258673,1.38925480035804,0.119809960511043,-0.0266668022286893
"EpiLPS (MAP)","SD -60%",228,1.44808142918806,1.40695908378819,0.116370283621388,-0.0411223453998653
"EpiLPS (MAP)","SD -60%",229,1.47504730588812,1.42185462841121,0.116243940245443,-0.0531926774769063
"EpiLPS (MAP)","SD -60%",230,1.49521587906308,1.43352053360257,0.11994909903997,-0.061695345460512
"EpiLPS (MAP)","SD -60%",231,1.50729103953841,1.44154129971243,0.126062155935811,-0.0657497398259825
"EpiLPS (MAP)","SD -60%",232,1.51033534857617,1.44553757439053,0.132039641151674,-0.0647977741856387
"EpiLPS (MAP)","SD -60%",233,1.50378097074586,1.44521984476194,0.13546201453972,-0.0585611259839212
"EpiLPS (MAP)","SD -60%",234,1.48764960471254,1.44043091649385,0.134899971484824,-0.0472186882186858
"EpiLPS (MAP)","SD -60%",235,1.46373241708909,1.43118472988212,0.130308369496035,-0.0325476872069659
"EpiLPS (MAP)","SD -60%",236,1.43448143272486,1.41805809259945,0.123548200760562,-0.0164233401254108
"EpiLPS (MAP)","SD -60%",237,1.40223769952072,1.40196189078925,0.117314731862925,-0.000275808731469818
"EpiLPS (MAP)","SD -60%",238,1.36905513115977,1.38379915524339,0.113773438185593,0.0147440240836194
"EpiLPS (MAP)","SD -60%",239,1.33659069308879,1.36443693568071,0.113703408974945,0.0278462425919188
"EpiLPS (MAP)","SD -60%",240,1.30608415861083,1.34468961840588,0.11620345067536,0.0386054597950458
"EpiLPS (MAP)","SD -60%",241,1.27840456713347,1.3252859514333,0.119324199056388,0.0468813842998319
"EpiLPS (MAP)","SD -60%",242,1.25412742548082,1.30680086923215,0.121133403490408,0.0526734437513323
"EpiLPS (MAP)","SD -60%",243,1.23361554311767,1.28959680301395,0.120537588038182,0.055981259896281
"EpiLPS (MAP)","SD -60%",244,1.21706403589592,1.27383981718571,0.117669072031922,0.0567757812897909
"EpiLPS (MAP)","SD -60%",245,1.20445667363505,1.25956821861859,0.1142805756758,0.0551115449835384
"EpiLPS (MAP)","SD -60%",246,1.19569657050359,1.24675669204196,0.113256540887642,0.0510601215383675
"EpiLPS (MAP)","SD -60%",247,1.19067334691389,1.23536047482251,0.116970416540979,0.0446871279086172
"EpiLPS (MAP)","SD -60%",248,1.1892846905786,1.22532837275557,0.126234015570745,0.0360436821769672
"EpiLPS (MAP)","SD -60%",249,1.1914521017446,1.21660524973726,0.140182451032315,0.0251531479926639
"EpiLPS (MAP)","SD -60%",250,1.19713021020468,1.20913280511518,0.157149877945334,0.0120025949104958
"EpiLPS (MAP)","SD -60%",251,1.20631090184647,1.20285256653495,0.175652593822954,-0.00345833531152251
"EpiLPS (MAP)","SD -60%",252,1.21902415582724,1.19771167660295,0.194955572632331,-0.02131247922429
"EpiLPS (MAP)","SD -60%",253,1.23533724681924,1.19366770395775,0.215205139066286,-0.0416695428614895
"EpiLPS (MAP)","Correct SI",31,0.83125458603177,0.768772346421649,0.0580268851264059,-0.0624822396101207
"EpiLPS (MAP)","Correct SI",32,0.822012955905288,0.756431185183268,0.0555189267803752,-0.0655817707220195
"EpiLPS (MAP)","Correct SI",33,0.811083441801087,0.745256262343273,0.0543773843225228,-0.0658271794578142
"EpiLPS (MAP)","Correct SI",34,0.798410706391415,0.734986361969947,0.0546960735453152,-0.0634243444214675
"EpiLPS (MAP)","Correct SI",35,0.783985284249482,0.725391544388026,0.0559882241780197,-0.0585937398614556
"EpiLPS (MAP)","Correct SI",36,0.767842249776292,0.716277215542881,0.0574618064996635,-0.0515650342334113
"EpiLPS (MAP)","Correct SI",37,0.750320099865667,0.707485291364844,0.0583462481350154,-0.0428348085008226
"EpiLPS (MAP)","Correct SI",38,0.732127511283489,0.698892644749941,0.0581029648169507,-0.0332348665335479
"EpiLPS (MAP)","Correct SI",39,0.713945546467747,0.69041742249233,0.05657113365774,-0.0235281239754171
"EpiLPS (MAP)","Correct SI",40,0.696377644387645,0.682116143931565,0.0542934263920059,-0.0142615004560798
"EpiLPS (MAP)","Correct SI",41,0.679931575981829,0.674130154158174,0.0521605293131588,-0.00580142182365528
"EpiLPS (MAP)","Correct SI",42,0.665012401557135,0.666604092069149,0.0509165855966202,0.00159169051201435
"EpiLPS (MAP)","Correct SI",43,0.65192842067752,0.659676874624327,0.0508934011899424,0.00774845394680668
"EpiLPS (MAP)","Correct SI",44,0.640906266957601,0.653474798930525,0.0518970490012818,0.0125685319729235
"EpiLPS (MAP)","Correct SI",45,0.632110069284813,0.648107169373387,0.053351047085882,0.0159971000885741
"EpiLPS (MAP)","Correct SI",46,0.625656360123327,0.643664986778498,0.0545718146210469,0.0180086266551708
"EpiLPS (MAP)","Correct SI",47,0.621502273809677,0.640222222082164,0.0549936782919429,0.018719948272487
"EpiLPS (MAP)","Correct SI",48,0.619441171957512,0.637838235799087,0.0543081909021562,0.0183970638415755
"EpiLPS (MAP)","Correct SI",49,0.619256488578844,0.636530766137227,0.0527407879829827,0.017274277558383
"EpiLPS (MAP)","Correct SI",50,0.620736004042686,0.636261613869301,0.0510512962573935,0.0155256098266151
"EpiLPS (MAP)","Correct SI",51,0.623679916186844,0.636982744247073,0.0500190727170109,0.013302828060229
"EpiLPS (MAP)","Correct SI",52,0.627908213332621,0.63864312051346,0.0501552935373149,0.0107349071808387
"EpiLPS (MAP)","Correct SI",53,0.633265384812971,0.641192117897931,0.0514898895499406,0.00792673308496017
"EpiLPS (MAP)","Correct SI",54,0.639622221613428,0.644583012760144,0.0535804390654829,0.00496079114671555
"EpiLPS (MAP)","Correct SI",55,0.646875295241765,0.648775929376377,0.055736302711618,0.00190063413461161
"EpiLPS (MAP)","Correct SI",56,0.654940797889892,0.653739919010855,0.057277008145087,-0.00120087887903675
"EpiLPS (MAP)","Correct SI",57,0.663667548235467,0.659454132058481,0.0577168658995551,-0.00421341617698645
"EpiLPS (MAP)","Correct SI",58,0.67283196893338,0.665887922259081,0.0569937877648204,-0.00694404667429871
"EpiLPS (MAP)","Correct SI",59,0.682212593504884,0.672936626742989,0.0557550568337967,-0.00927596676189468
"EpiLPS (MAP)","Correct SI",60,0.691594549334227,0.680475633398479,0.054865469189645,-0.0111189159357478
"EpiLPS (MAP)","Correct SI",61,0.700774343176902,0.688379059212343,0.0550312969356175,-0.0123952839645592
"EpiLPS (MAP)","Correct SI",62,0.709565411363515,0.69652147807696,0.0565012525993507,-0.0130439332865555
"EpiLPS (MAP)","Correct SI",63,0.717802382251417,0.704781597891432,0.058954284851438,-0.0130207843599852
"EpiLPS (MAP)","Correct SI",64,0.725343303375917,0.713046554995815,0.0616747523769253,-0.0122967483801019
"EpiLPS (MAP)","Correct SI",65,0.732069930484564,0.721215695323448,0.0638552317918724,-0.0108542351611164
"EpiLPS (MAP)","Correct SI",66,0.737895666769886,0.729203198060465,0.0648472924467097,-0.00869246870942086
"EpiLPS (MAP)","Correct SI",67,0.742895958587221,0.736940853508146,0.0643738980696257,-0.00595510507907526
"EpiLPS (MAP)","Correct SI",68,0.747278763319657,0.744393678659452,0.0629565177673233,-0.00288508466020532
"EpiLPS (MAP)","Correct SI",69,0.751271373438236,0.751551212212981,0.0615939522630642,0.000279838774744912
"EpiLPS (MAP)","Correct SI",70,0.755105697598796,0.758412632565487,0.061204702324345,0.00330693496669099
"EpiLPS (MAP)","Correct SI",71,0.759004827658807,0.764982626304205,0.0622544548942923,0.00597779864539794
"EpiLPS (MAP)","Correct SI",72,0.76317231106088,0.771268083857735,0.0645459562807558,0.00809577279685514
"EpiLPS (MAP)","Correct SI",73,0.767786202417761,0.777275945966356,0.0673537157283653,0.00948974354859511
"EpiLPS (MAP)","Correct SI",74,0.772997638290372,0.783012278562198,0.0697707439299004,0.0100146402718261
"EpiLPS (MAP)","Correct SI",75,0.77893263784533,0.788482305731569,0.0710200813016594,0.00954966788623868
"EpiLPS (MAP)","Correct SI",76,0.78568141824908,0.793691039722576,0.0706664032456065,0.0080096214734956
"EpiLPS (MAP)","Correct SI",77,0.793148670755028,0.798645707714066,0.0690105449851202,0.00549703695903769
"EpiLPS (MAP)","Correct SI",78,0.801109464577554,0.80335526443492,0.0671016449197037,0.0022457998573665
"EpiLPS (MAP)","Correct SI",79,0.809317687520099,0.807825884575549,0.0660229079559193,-0.00149180294454998
"EpiLPS (MAP)","Correct SI",80,0.817518562189946,0.81206015335305,0.0664565979505225,-0.00545840883689575
"EpiLPS (MAP)","Correct SI",81,0.825462916255739,0.816057179965917,0.0683826459783901,-0.00940573628982244
"EpiLPS (MAP)","Correct SI",82,0.832920079463184,0.81981342225084,0.0711318187050496,-0.0131066572123444
"EpiLPS (MAP)","Correct SI",83,0.83968668789734,0.82332405255382,0.0737391103678473,-0.01636263534352
"EpiLPS (MAP)","Correct SI",84,0.845591000049052,0.826584544310292,0.0753116450835454,-0.0190064557387603
"EpiLPS (MAP)","Correct SI",85,0.850493536894317,0.829592169784482,0.0752717590648164,-0.0209013671098348
"EpiLPS (MAP)","Correct SI",86,0.854297533108007,0.832360529499245,0.0736478820607643,-0.021937003608762
"EpiLPS (MAP)","Correct SI",87,0.857044342489846,0.834959044744846,0.0714128621922408,-0.022085297745
"EpiLPS (MAP)","Correct SI",88,0.858857822167393,0.837469880217326,0.0697639116452981,-0.0213879419500674
"EpiLPS (MAP)","Correct SI",89,0.859878747666928,0.839971479470851,0.069587426213515,-0.0199072681960768
"EpiLPS (MAP)","Correct SI",90,0.86025311141159,0.842535446341654,0.0710883629241156,-0.0177176650699364
"EpiLPS (MAP)","Correct SI",91,0.860120701023208,0.845224285955718,0.0737348273997267,-0.0148964150674904
"EpiLPS (MAP)","Correct SI",92,0.859606619529194,0.848090668805174,0.0765700458869723,-0.0115159507240198
"EpiLPS (MAP)","Correct SI",93,0.8588168361623,0.851178185209659,0.0786164753090983,-0.00763865095264127
"EpiLPS (MAP)","Correct SI",94,0.857837212377275,0.85452311613424,0.0791601788608444,-0.00331409624303547
"EpiLPS (MAP)","Correct SI",95,0.856734852284735,0.858158290169971,0.0779725787465463,0.00142343788523602
"EpiLPS (MAP)","Correct SI",96,0.855586935925609,0.862131801259252,0.0757832524274755,0.00654486533364262
"EpiLPS (MAP)","Correct SI",97,0.854642173312711,0.866498739850586,0.0738389950576097,0.0118565665378753
"EpiLPS (MAP)","Correct SI",98,0.854216899337268,0.871307931013003,0.0732140349329142,0.0170910316757349
"EpiLPS (MAP)","Correct SI",99,0.854615196085733,0.87660115987168,0.0743835544602113,0.0219859637859467
"EpiLPS (MAP)","Correct SI",100,0.856123392287051,0.882413201296374,0.0770293428181614,0.026289809009323
"EpiLPS (MAP)","Correct SI",101,0.859003725920451,0.888772761879474,0.0802515973683707,0.0297690359590227
"EpiLPS (MAP)","Correct SI",102,0.863491057515902,0.895704217138802,0.0829871482995906,0.0322131596229003
"EpiLPS (MAP)","Correct SI",103,0.869793786137492,0.903229762782192,0.0843549203090761,0.0334359766447004
"EpiLPS (MAP)","Correct SI",104,0.878098070350996,0.911369944865077,0.0838832856311801,0.033271874514081
"EpiLPS (MAP)","Correct SI",105,0.888573897619543,0.920047274620644,0.0819571834483741,0.0314733770011006
"EpiLPS (MAP)","Correct SI",106,0.901301658370892,0.929024758098945,0.0798243103599663,0.0277230997280528
"EpiLPS (MAP)","Correct SI",107,0.915897849763235,0.938041672443048,0.0787597596800677,0.0221438226798135
"EpiLPS (MAP)","Correct SI",108,0.931781890770312,0.946832317070396,0.0795401890044746,0.0150504263000838
"EpiLPS (MAP)","Correct SI",109,0.964908287444313,0.955136767337212,0.082083211770827,-0.00977152010710114
"EpiLPS (MAP)","Correct SI",110,0.980887218164916,0.962713098034053,0.0855281900813178,-0.0181741201308625
"EpiLPS (MAP)","Correct SI",111,0.995692213942587,0.969347755744845,0.0886780213491466,-0.0263444581977417
"EpiLPS (MAP)","Correct SI",112,1.00881666031265,0.974862286661629,0.090448628854078,-0.0339543736510209
"EpiLPS (MAP)","Correct SI",113,1.01983605940048,0.979116123622919,0.0901638670244943,-0.0407199357775614
"EpiLPS (MAP)","Correct SI",114,1.02841129997895,0.982028620750219,0.0879064773476666,-0.0463826792287307
"EpiLPS (MAP)","Correct SI",115,1.03430371035801,0.983642451868692,0.0849089550156009,-0.050661258489318
"EpiLPS (MAP)","Correct SI",116,1.03743175161603,0.98404678540913,0.0826456755159396,-0.0533849662068996
"EpiLPS (MAP)","Correct SI",117,1.0378022122009,0.983343608310586,0.082153187165263,-0.0544586038903138
"EpiLPS (MAP)","Correct SI",118,1.03547276308025,0.981636689307213,0.0835898861617833,-0.0538360737730373
"EpiLPS (MAP)","Correct SI",119,1.03053550780697,0.979022863733842,0.0862294526430001,-0.0515126440731278
"EpiLPS (MAP)","Correct SI",120,1.02310221069091,0.975587005458997,0.0888965210079524,-0.0475152052319127
"EpiLPS (MAP)","Correct SI",121,1.01329357541095,0.971400557156239,0.0904662647405496,-0.0418930182547114
"EpiLPS (MAP)","Correct SI",122,1.00123289414715,0.966522592055348,0.0901842682874536,-0.0347103020918017
"EpiLPS (MAP)","Correct SI",123,0.987043160294477,0.961019498315984,0.0878957685668404,-0.0260236619784933
"EpiLPS (MAP)","Correct SI",124,0.970846430550826,0.955148566700514,0.0845432349657766,-0.0156978638503122
"EpiLPS (MAP)","Correct SI",125,0.953001568168985,0.949278472121298,0.0815860312213452,-0.00372309604768717
"EpiLPS (MAP)","Correct SI",126,0.934680947695761,0.943754934412521,0.0801857396374455,0.00907398671676041
"EpiLPS (MAP)","Correct SI",127,0.917145793226913,0.938891118401113,0.0807667678249075,0.0217453251741995
"EpiLPS (MAP)","Correct SI",128,0.901530406151582,0.934960656870279,0.082889213587229,0.0334302507186974
"EpiLPS (MAP)","Correct SI",129,0.888820761331304,0.932194640545448,0.0855535767339262,0.0433738792141438
"EpiLPS (MAP)","Correct SI",130,0.879849051096058,0.930783621824681,0.0876640565798282,0.0509345707286228
"EpiLPS (MAP)","Correct SI",131,0.875312502934994,0.930883599043978,0.0883661495218676,0.0555710961089845
"EpiLPS (MAP)","Correct SI",132,0.875810644994376,0.932621569872211,0.0872471086974294,0.056810924877835
"EpiLPS (MAP)","Correct SI",133,0.881891211117993,0.935948634499928,0.0847610317310217,0.0540574233819354
"EpiLPS (MAP)","Correct SI",134,0.894096753734329,0.940553896586365,0.0822038155538358,0.046457142852036
"EpiLPS (MAP)","Correct SI",135,0.912538889585145,0.946087237521559,0.0808588052479681,0.0335483479364138
"EpiLPS (MAP)","Correct SI",136,0.935968580436848,0.952189383103615,0.0814810321148209,0.0162208026667666
"EpiLPS (MAP)","Correct SI",137,0.962748452443007,0.958507548880015,0.0839551864876356,-0.00424090356299156
"EpiLPS (MAP)","Correct SI",138,0.991058087015847,0.964712411932862,0.0873924401697583,-0.0263456750829848
"EpiLPS (MAP)","Correct SI",139,1.01894781256074,0.970511917754944,0.0905768601356563,-0.048435894805796
"EpiLPS (MAP)","Correct SI",140,1.04444932027992,0.975659759758853,0.092411953214699,-0.068789560521067
"EpiLPS (MAP)","Correct SI",141,1.0657059122687,0.979958418857691,0.0922127793819438,-0.0857474934110086
"EpiLPS (MAP)","Correct SI",142,1.0810929449843,0.983271969203306,0.0900578613247378,-0.0978209757809939
"EpiLPS (MAP)","Correct SI",143,1.08930930531451,0.98556251311463,0.0871806431660217,-0.10374679219988
"EpiLPS (MAP)","Correct SI",144,1.08943317712892,0.986837185363808,0.085054315921775,-0.102595991765112
"EpiLPS (MAP)","Correct SI",145,1.08148967301391,0.987123274984354,0.0847095859527008,-0.0943663980295558
"EpiLPS (MAP)","Correct SI",146,1.067118056924,0.986458327681126,0.0862954190940061,-0.0806597292428736
"EpiLPS (MAP)","Correct SI",147,1.04828964020928,0.984882548719802,0.089072498298668,-0.0634070914894783
"EpiLPS (MAP)","Correct SI",148,1.02693455801449,0.98243431875909,0.0918469227474908,-0.0445002392553997
"EpiLPS (MAP)","Correct SI",149,1.00477443375589,0.979148527368047,0.0934715112959996,-0.0256259063878433
"EpiLPS (MAP)","Correct SI",150,0.983222907766779,0.975056831742518,0.0931722894899594,-0.00816607602426067
"EpiLPS (MAP)","Correct SI",151,0.963363940769346,0.970204394555718,0.0907870493568088,0.00684045378637199
"EpiLPS (MAP)","Correct SI",152,0.945985514931433,0.964813720881519,0.0872801794356005,0.0188282059500858
"EpiLPS (MAP)","Correct SI",153,0.931639698450479,0.959212751901646,0.0841524284767082,0.0275730534511669
"EpiLPS (MAP)","Correct SI",154,0.920706027513323,0.953712671266541,0.0826047017687557,0.0330066437532179
"EpiLPS (MAP)","Correct SI",155,0.913287949909382,0.948597241992572,0.0830820954852281,0.0353092920831896
"EpiLPS (MAP)","Correct SI",156,0.909118262499206,0.944114740366279,0.0851376867676109,0.0349964778670726
"EpiLPS (MAP)","Correct SI",157,0.90786599524967,0.940473868007687,0.0877449444489989,0.0326078727580171
"EpiLPS (MAP)","Correct SI",158,0.909191813449816,0.937844614173765,0.0897788398457656,0.0286528007239488
"EpiLPS (MAP)","Correct SI",159,0.9127706498954,0.936363058144493,0.090367921447744,0.0235924082490927
"EpiLPS (MAP)","Correct SI",160,0.918310343562916,0.936137445981341,0.0891012185916767,0.0178271024184253
"EpiLPS (MAP)","Correct SI",161,0.925562601543549,0.937200512865482,0.0864620880043626,0.0116379113219333
"EpiLPS (MAP)","Correct SI",162,0.934326617511047,0.939481774211728,0.0837877904510038,0.00515515670068079
"EpiLPS (MAP)","Correct SI",163,0.944447396594412,0.942888332759546,0.0823789067613068,-0.00155906383486626
"EpiLPS (MAP)","Correct SI",164,0.955808426255688,0.947317377753811,0.0829857979736319,-0.00849104850187721
"EpiLPS (MAP)","Correct SI",165,0.968171987055275,0.952663304396951,0.0854883414335945,-0.0155086826583242
"EpiLPS (MAP)","Correct SI",166,0.981075418082579,0.958825170350476,0.089009359450771,-0.0222502477321026
"EpiLPS (MAP)","Correct SI",167,0.99403776313242,0.965712953695807,0.0923556427947384,-0.0283248094366134
"EpiLPS (MAP)","Correct SI",168,1.00658618871785,0.973251826152199,0.0944472135917127,-0.0333343625656513
"EpiLPS (MAP)","Correct SI",169,1.01827263962082,0.981384362485077,0.0945962351452707,-0.0368882771357429
"EpiLPS (MAP)","Correct SI",170,1.02869207421039,0.990079707438262,0.0928602912737427,-0.0386123667721275
"EpiLPS (MAP)","Correct SI",171,1.03749575970787,0.999357803857203,0.0904601495513773,-0.0381379558506674
"EpiLPS (MAP)","Correct SI",172,1.04439766370686,1.00925886444982,0.0888883813835469,-0.0351387992570424
"EpiLPS (MAP)","Correct SI",173,1.04917474480308,1.01982995324467,0.089233240736196,-0.029344791558414
"EpiLPS (MAP)","Correct SI",174,1.05167598943045,1.03112064521233,0.0917120328153272,-0.0205553442181228
"EpiLPS (MAP)","Correct SI",175,1.05228684352057,1.04317995121935,0.0956139638540222,-0.00910689230122252
"EpiLPS (MAP)","Correct SI",176,1.05205037229906,1.05605499862875,0.099700163154895,0.00400462632969423
"EpiLPS (MAP)","Correct SI",177,1.05206304074467,1.06979128834069,0.102708719911498,0.0177282475960234
"EpiLPS (MAP)","Correct SI",178,1.0533911428065,1.08443398310875,0.103712234164696,0.0310428403022549
"EpiLPS (MAP)","Correct SI",179,1.05702523270082,1.10001133405612,0.102412603137327,0.0429861013552957
"EpiLPS (MAP)","Correct SI",180,1.06385390304002,1.11633605433394,0.0997762455377223,0.0524821512939166
"EpiLPS (MAP)","Correct SI",181,1.07466368846286,1.13306348884695,0.0974858218197226,0.0583998003840898
"EpiLPS (MAP)","Correct SI",182,1.09015918537017,1.14982479437021,0.0970086126346505,0.0596656090000438
"EpiLPS (MAP)","Correct SI",183,1.11099415707904,1.16624166133431,0.0989590595799889,0.0552475042552716
"EpiLPS (MAP)","Correct SI",184,1.13776253966062,1.18194498368548,0.102807301135264,0.0441824440248557
"EpiLPS (MAP)","Correct SI",185,1.16994138910722,1.19659374720445,0.107208466730017,0.0266523580972329
"EpiLPS (MAP)","Correct SI",186,1.20568067952197,1.20988960899842,0.110632786323518,0.00420892947645002
"EpiLPS (MAP)","Correct SI",187,1.24280592689739,1.22158529785499,0.111871149560486,-0.0212206290424035
"EpiLPS (MAP)","Correct SI",188,1.27892507759421,1.23148665361963,0.110356340251351,-0.04743842397458
"EpiLPS (MAP)","Correct SI",189,1.31157809299846,1.23942303611708,0.106772323084972,-0.072155056881382
"EpiLPS (MAP)","Correct SI",190,1.33842575739913,1.24522261535596,0.102991477024115,-0.0932031420431718
"EpiLPS (MAP)","Correct SI",191,1.35742493987032,1.24874165234649,0.100805860968109,-0.108683287523826
"EpiLPS (MAP)","Correct SI",192,1.36695842059754,1.24986354476774,0.101139272356388,-0.117094875829798
"EpiLPS (MAP)","Correct SI",193,1.36590703303142,1.24849771921356,0.103633012353799,-0.117409313817856
"EpiLPS (MAP)","Correct SI",194,1.35374441935837,1.24458070932877,0.106948223094287,-0.109163710029603
"EpiLPS (MAP)","Correct SI",195,1.33179505256341,1.23807778823057,0.109485095543092,-0.0937172643328379
"EpiLPS (MAP)","Correct SI",196,1.30282908300336,1.22898394375033,0.10996769485669,-0.0738451392530297
"EpiLPS (MAP)","Correct SI",197,1.26962792749398,1.21732366025705,0.107750497057488,-0.0523042672369323
"EpiLPS (MAP)","Correct SI",198,1.23470197201586,1.20327989932537,0.103177603209676,-0.0314220726904924
"EpiLPS (MAP)","Correct SI",199,1.20012008532359,1.18756558280352,0.0979618534483577,-0.0125545025200657
"EpiLPS (MAP)","Correct SI",200,1.16745324780638,1.17098936783272,0.0939397139517678,0.00353612002634374
"EpiLPS (MAP)","Correct SI",201,1.13781324493009,1.15429358147686,0.0922416341616574,0.0164803365467661
"EpiLPS (MAP)","Correct SI",202,1.11194114249594,1.13812576282696,0.0928748276876243,0.0261846203310174
"EpiLPS (MAP)","Correct SI",203,1.09030738318271,1.12302051612796,0.0948748787723352,0.0327131329452468
"EpiLPS (MAP)","Correct SI",204,1.07317842503564,1.10939696608962,0.0968962255337117,0.036218541053983
"EpiLPS (MAP)","Correct SI",205,1.06040347302214,1.09756976093468,0.0977556373811488,0.0371662879125354
"EpiLPS (MAP)","Correct SI",206,1.05156904168052,1.08776805572805,0.0967198108312622,0.0361990140475268
"EpiLPS (MAP)","Correct SI",207,1.04624950999474,1.08015658327597,0.093702150219204,0.0339070732812281
"EpiLPS (MAP)","Correct SI",208,1.04403704329192,1.07485018255156,0.0897795693247058,0.0308131392596405
"EpiLPS (MAP)","Correct SI",209,1.0445651521307,1.07192904977864,0.0865665132815956,0.0273638976479447
"EpiLPS (MAP)","Correct SI",210,1.04752392002038,1.07145293059136,0.0853384844085438,0.0239290105709751
"EpiLPS (MAP)","Correct SI",211,1.05266551803821,1.07347042380435,0.0865351189895585,0.0208049057661406
"EpiLPS (MAP)","Correct SI",212,1.0598023103751,1.07802678388809,0.0896099350292381,0.0182244735129864
"EpiLPS (MAP)","Correct SI",213,1.06880062573221,1.08517065368454,0.0933820952292737,0.016370027952326
"EpiLPS (MAP)","Correct SI",214,1.0795784696348,1.09495981375388,0.0965644792671785,0.0153813441190827
"EpiLPS (MAP)","Correct SI",215,1.09215111452811,1.10746594683771,0.0981410273341923,0.0153148323096048
"EpiLPS (MAP)","Correct SI",216,1.10660255202503,1.12277492903019,0.097597166654809,0.0161723770051609
"EpiLPS (MAP)","Correct SI",217,1.1230463183655,1.14077613053437,0.0954378417247696,0.0177298121688698
"EpiLPS (MAP)","Correct SI",218,1.14161803384419,1.16102054068089,0.0932007080289055,0.0194025068366961
"EpiLPS (MAP)","Correct SI",219,1.16246850453014,1.18300510214419,0.0924567434650327,0.0205365976140508
"EpiLPS (MAP)","Correct SI",220,1.18575867786174,1.20620819556253,0.0941413108861786,0.0204495177007891
"EpiLPS (MAP)","Correct SI",221,1.21165701983639,1.23010992102376,0.0980876594819722,0.0184529011873686
"EpiLPS (MAP)","Correct SI",222,1.24033898455105,1.25421674088431,0.103145850772299,0.0138777563332608
"EpiLPS (MAP)","Correct SI",223,1.27198794287079,1.27808270912598,0.10775942896473,0.00609476625519179
"EpiLPS (MAP)","Correct SI",224,1.30666523446541,1.30132317790696,0.110531046655805,-0.00534205655844566
"EpiLPS (MAP)","Correct SI",225,1.3433530482977,1.3236203193293,0.110593361510096,-0.0197327289684044
"EpiLPS (MAP)","Correct SI",226,1.38038171186225,1.34467185637343,0.108078984017427,-0.0357098554888162
"EpiLPS (MAP)","Correct SI",227,1.41592160258673,1.36402615279235,0.104662940618673,-0.0518954497943789
"EpiLPS (MAP)","Correct SI",228,1.44808142918806,1.38121078897775,0.102390687334324,-0.0668706402103127
"EpiLPS (MAP)","Correct SI",229,1.47504730588812,1.39578221429032,0.102677237149386,-0.079265091597799
"EpiLPS (MAP)","Correct SI",230,1.49521587906308,1.40733682466863,0.105610436721244,-0.0878790543944525
"EpiLPS (MAP)","Correct SI",231,1.50729103953841,1.41552611324034,0.109986677278414,-0.0917649262980702
"EpiLPS (MAP)","Correct SI",232,1.51033534857617,1.42006987526269,0.114038803375938,-0.0902654733134824
"EpiLPS (MAP)","Correct SI",233,1.50378097074586,1.4207639390647,0.116190607099725,-0.0830170316811571
"EpiLPS (MAP)","Correct SI",234,1.48764960471254,1.41748174124871,0.115494069794384,-0.070167863463829
"EpiLPS (MAP)","Correct SI",235,1.46373241708909,1.41021074361505,0.111923309258652,-0.0535216734740365
"EpiLPS (MAP)","Correct SI",236,1.43448143272486,1.39946255752319,0.106978682023068,-0.0350188752016707
"EpiLPS (MAP)","Correct SI",237,1.40223769952072,1.38606973919532,0.102750644267088,-0.016167960325399
"EpiLPS (MAP)","Correct SI",238,1.36905513115977,1.37084573628775,0.100700076508306,0.0017906051279839
"EpiLPS (MAP)","Correct SI",239,1.33659069308879,1.35453370422577,0.101091606000591,0.01794301113698
"EpiLPS (MAP)","Correct SI",240,1.30608415861083,1.33777002118421,0.103046776430148,0.0316858625733845
"EpiLPS (MAP)","Correct SI",241,1.27840456713347,1.32106723936412,0.105179832904137,0.0426626722306507
"EpiLPS (MAP)","Correct SI",242,1.25412742548082,1.30481639223777,0.106277163655924,0.0506889667569512
"EpiLPS (MAP)","Correct SI",243,1.23361554311767,1.28930238935795,0.105707383986172,0.0556868462402815
"EpiLPS (MAP)","Correct SI",244,1.21706403589592,1.27472512993988,0.103657980310128,0.0576610940439635
"EpiLPS (MAP)","Correct SI",245,1.20445667363505,1.26121389347573,0.101582085041085,0.0567572198406756
"EpiLPS (MAP)","Correct SI",246,1.19569657050359,1.24883893949736,0.101806348950179,0.05314236899377
"EpiLPS (MAP)","Correct SI",247,1.19067334691389,1.23763272723894,0.106069997172129,0.0469593803250523
"EpiLPS (MAP)","Correct SI",248,1.1892846905786,1.22760101069267,0.114800045234185,0.0383163201140657
"EpiLPS (MAP)","Correct SI",249,1.1914521017446,1.21873142799669,0.127244300762814,0.0272793262520923
"EpiLPS (MAP)","Correct SI",250,1.19713021020468,1.21100069924144,0.142235952939172,0.0138704890367627
"EpiLPS (MAP)","Correct SI",251,1.20631090184647,1.20438039689979,0.15885311049623,-0.00193050494667646
"EpiLPS (MAP)","Correct SI",252,1.21902415582724,1.19884123728528,0.176694019590995,-0.0201829185419615
"EpiLPS (MAP)","Correct SI",253,1.23533724681924,1.19435598235099,0.195901045545393,-0.040981264468249
"EpiLPS (MAP)","SD +60%",31,0.83125458603177,0.789020465619594,0.0537664699703134,-0.0422341204121762
"EpiLPS (MAP)","SD +60%",32,0.822012955905288,0.774589920075545,0.0518409963770608,-0.0474230358297427
"EpiLPS (MAP)","SD +60%",33,0.811083441801087,0.761232477829745,0.050988368660606,-0.0498509639713425
"EpiLPS (MAP)","SD +60%",34,0.798410706391415,0.748750157907403,0.0512020029340415,-0.0496605484840118
"EpiLPS (MAP)","SD +60%",35,0.783985284249482,0.736974029277153,0.0520893636292012,-0.0470112549723287
"EpiLPS (MAP)","SD +60%",36,0.767842249776292,0.725761338931497,0.0530733942091572,-0.0420809108447954
"EpiLPS (MAP)","SD +60%",37,0.750320099865667,0.714992595184243,0.0535979961793523,-0.0353275046814241
"EpiLPS (MAP)","SD +60%",38,0.732127511283489,0.704568808799845,0.0532649605398355,-0.027558702483644
"EpiLPS (MAP)","SD +60%",39,0.713945546467747,0.69441882859173,0.0519536281669778,-0.0195267178760165
"EpiLPS (MAP)","SD +60%",40,0.696377644387645,0.684598715227509,0.0501316551487592,-0.0117789291601365
"EpiLPS (MAP)","SD +60%",41,0.679931575981829,0.675235592092144,0.0485090656380803,-0.00469598388968451
"EpiLPS (MAP)","SD +60%",42,0.665012401557135,0.666445866988997,0.0476041442723459,0.00143346543186174
"EpiLPS (MAP)","SD +60%",43,0.65192842067752,0.65833179371201,0.0475977637716832,0.00640337303449001
"EpiLPS (MAP)","SD +60%",44,0.640906266957601,0.650981638716374,0.0483135801670194,0.0100753717587732
"EpiLPS (MAP)","SD +60%",45,0.632110069284813,0.644471047112117,0.0493349713069351,0.0123609778273038
"EpiLPS (MAP)","SD +60%",46,0.625656360123327,0.638865077810153,0.050176262269484,0.0132087176868257
"EpiLPS (MAP)","SD +60%",47,0.621502273809677,0.634220496077069,0.0504232522151686,0.0127182222673923
"EpiLPS (MAP)","SD +60%",48,0.619441171957512,0.630587568595221,0.0498351680473822,0.0111463966377086
"EpiLPS (MAP)","SD +60%",49,0.619256488578844,0.62798207798977,0.0485983788636361,0.00872558941092605
"EpiLPS (MAP)","SD +60%",50,0.620736004042686,0.626371156174218,0.0473239825487105,0.00563515213153232
"EpiLPS (MAP)","SD +60%",51,0.623679916186844,0.625719402883776,0.0465754164080832,0.0020394866969321
"EpiLPS (MAP)","SD +60%",52,0.627908213332621,0.625994421854644,0.0466773102981534,-0.0019137914779771
"EpiLPS (MAP)","SD +60%",53,0.633265384812971,0.627167796369399,0.0476196608184981,-0.00609758844357222
"EpiLPS (MAP)","SD +60%",54,0.639622221613428,0.629215657656238,0.0490917502549165,-0.0104065639571898
"EpiLPS (MAP)","SD +60%",55,0.646875295241765,0.632119092225918,0.0506200738729281,-0.0147562030158473
"EpiLPS (MAP)","SD +60%",56,0.654940797889892,0.635864462933035,0.0517230514181616,-0.019076334956857
"EpiLPS (MAP)","SD +60%",57,0.663667548235467,0.640443675134721,0.0520354666872056,-0.0232238731007457
"EpiLPS (MAP)","SD +60%",58,0.67283196893338,0.645834765682914,0.0515032730495975,-0.0269972032504661
"EpiLPS (MAP)","SD +60%",59,0.682212593504884,0.651941223184167,0.0506445750420977,-0.030271370320717
"EpiLPS (MAP)","SD +60%",60,0.691594549334227,0.65864873988102,0.050095843266622,-0.0329458094532072
"EpiLPS (MAP)","SD +60%",61,0.700774343176902,0.665845359229344,0.0503224517246906,-0.0349289839475583
"EpiLPS (MAP)","SD +60%",62,0.709565411363515,0.673422060852935,0.051458485573924,-0.0361433505105798
"EpiLPS (MAP)","SD +60%",63,0.717802382251417,0.681273701400167,0.0532716072645075,-0.0365286808512498
"EpiLPS (MAP)","SD +60%",64,0.725343303375917,0.689300158746898,0.0552754392495251,-0.0360431446290191
"EpiLPS (MAP)","SD +60%",65,0.732069930484564,0.697407537185806,0.0569069961072077,-0.0346623932987579
"EpiLPS (MAP)","SD +60%",66,0.737895666769886,0.705509356086999,0.0576878695748493,-0.0323863106828873
"EpiLPS (MAP)","SD +60%",67,0.742895958587221,0.713529072042734,0.0573925960921668,-0.0293668865444874
"EpiLPS (MAP)","SD +60%",68,0.747278763319657,0.721415987807754,0.0564388555254969,-0.0258627755119035
"EpiLPS (MAP)","SD +60%",69,0.751271373438236,0.729138053380048,0.0555907447680702,-0.0221333200581876
"EpiLPS (MAP)","SD +60%",70,0.755105697598796,0.736669096673562,0.0554823871151581,-0.0184366009252336
"EpiLPS (MAP)","SD +60%",71,0.759004827658807,0.743987352752172,0.0563930741846722,-0.0150174749066352
"EpiLPS (MAP)","SD +60%",72,0.76317231106088,0.75107465745946,0.0581581829681426,-0.0120976536014202
"EpiLPS (MAP)","SD +60%",73,0.767786202417761,0.757915921200931,0.0602719165435312,-0.0098702812168302
"EpiLPS (MAP)","SD +60%",74,0.772997638290372,0.764498943016873,0.0620974498769912,-0.00849869527349856
"EpiLPS (MAP)","SD +60%",75,0.77893263784533,0.770814440252001,0.0630650918388023,-0.00811819759332855
"EpiLPS (MAP)","SD +60%",76,0.78568141824908,0.776856224899877,0.0628320179861,-0.00882519334920262
"EpiLPS (MAP)","SD +60%",77,0.793148670755028,0.782623132817731,0.0616446044314092,-0.0105255379372974
"EpiLPS (MAP)","SD +60%",78,0.801109464577554,0.788118181831846,0.0603475445271387,-0.0129912827457084
"EpiLPS (MAP)","SD +60%",79,0.809317687520099,0.793343609844138,0.0597288967004894,-0.0159740776759615
"EpiLPS (MAP)","SD +60%",80,0.817518562189946,0.798299927366722,0.0602200299887368,-0.0192186348232241
"EpiLPS (MAP)","SD +60%",81,0.825462916255739,0.802985917227917,0.0617534272806796,-0.0224769990278215
"EpiLPS (MAP)","SD +60%",82,0.832920079463184,0.807399195446769,0.0638390423790436,-0.0255208840164151
"EpiLPS (MAP)","SD +60%",83,0.83968668789734,0.81153702547159,0.0657924489337412,-0.0281496624257496
"EpiLPS (MAP)","SD +60%",84,0.845591000049052,0.815397220615341,0.0669660874451245,-0.030193779433711
"EpiLPS (MAP)","SD +60%",85,0.850493536894317,0.818979022863513,0.0669211906207147,-0.0315145140308039
"EpiLPS (MAP)","SD +60%",86,0.854297533108007,0.82229706471421,0.0656876658501773,-0.0320004683937972
"EpiLPS (MAP)","SD +60%",87,0.857044342489846,0.825419928967426,0.0640808994005256,-0.0316244135224203
"EpiLPS (MAP)","SD +60%",88,0.858857822167393,0.828425574568414,0.0630152702406598,-0.030432247598979
"EpiLPS (MAP)","SD +60%",89,0.859878747666928,0.8313848734755,0.0630798673673554,-0.0284938741914278
"EpiLPS (MAP)","SD +60%",90,0.86025311141159,0.834360326283819,0.0643452974369729,-0.0258927851277709
"EpiLPS (MAP)","SD +60%",91,0.860120701023208,0.837406178595847,0.0663916136948726,-0.0227145224273608
"EpiLPS (MAP)","SD +60%",92,0.859606619529194,0.84056933891886,0.0685287275128121,-0.0190372806103337
"EpiLPS (MAP)","SD +60%",93,0.8588168361623,0.843890691699023,0.0700506125030448,-0.0149261444632767
"EpiLPS (MAP)","SD +60%",94,0.857837212377275,0.847406553822268,0.0704256348822578,-0.0104306585550071
"EpiLPS (MAP)","SD +60%",95,0.856734852284735,0.851151739849755,0.0694808051347677,-0.00558311243498044
"EpiLPS (MAP)","SD +60%",96,0.855586935925609,0.855177364501323,0.067845346379751,-0.000409571424286215
"EpiLPS (MAP)","SD +60%",97,0.854642173312711,0.859541355790355,0.06651499227408,0.00489918247764409
"EpiLPS (MAP)","SD +60%",98,0.854216899337268,0.86429447583642,0.0662405751210925,0.0100775764991523
"EpiLPS (MAP)","SD +60%",99,0.854615196085733,0.869480036851491,0.0672760529301897,0.0148648407657578
"EpiLPS (MAP)","SD +60%",100,0.856123392287051,0.875134736494633,0.0693276355284684,0.0190113442075819
"EpiLPS (MAP)","SD +60%",101,0.859003725920451,0.881289992779079,0.0717318106047898,0.0222862668586279
"EpiLPS (MAP)","SD +60%",102,0.863491057515902,0.887973506040629,0.0737232793768437,0.0244824485247273
"EpiLPS (MAP)","SD +60%",103,0.869793786137492,0.895210849174019,0.0746569813466794,0.0254170630365271
"EpiLPS (MAP)","SD +60%",104,0.878098070350996,0.903025335164436,0.0741788021784462,0.0249272648134399
"EpiLPS (MAP)","SD +60%",105,0.888573897619543,0.911342028355371,0.0726380985374472,0.0227681307358278
"EpiLPS (MAP)","SD +60%",106,0.901301658370892,0.91993214868408,0.0710732305701683,0.0186304903131884
"EpiLPS (MAP)","SD +60%",107,0.915897849763235,0.928557382628024,0.0704211401694053,0.0126595328647889
"EpiLPS (MAP)","SD +60%",108,0.931781890770312,0.936989448915194,0.0711528225161473,0.00520755814488161
"EpiLPS (MAP)","SD +60%",109,0.964908287444313,0.945014803868123,0.0731152693072331,-0.0198934835761903
"EpiLPS (MAP)","SD +60%",110,0.980887218164916,0.952438105548291,0.075653102479228,-0.0284491126166247
"EpiLPS (MAP)","SD +60%",111,0.995692213942587,0.959084732229853,0.0779064237469789,-0.0366074817127341
"EpiLPS (MAP)","SD +60%",112,1.00881666031265,0.964802468177722,0.0790953190610452,-0.044014192134928
"EpiLPS (MAP)","SD +60%",113,1.01983605940048,0.969462415762746,0.0787248920168394,-0.0503736436377339
"EpiLPS (MAP)","SD +60%",114,1.02841129997895,0.972981450493888,0.0768963213011424,-0.0554298494850626
"EpiLPS (MAP)","SD +60%",115,1.03430371035801,0.97538629522016,0.0746656071691575,-0.05891741513785
"EpiLPS (MAP)","SD +60%",116,1.03743175161603,0.976736509861909,0.0731645282399675,-0.060695241754121
"EpiLPS (MAP)","SD +60%",117,1.0378022122009,0.977093879917628,0.0730623784130924,-0.0607083322832721
"EpiLPS (MAP)","SD +60%",118,1.03547276308025,0.976517798816814,0.074350890400105,-0.0589549642634356
"EpiLPS (MAP)","SD +60%",119,1.03053550780697,0.975063067068487,0.0764365003005832,-0.0554724407384826
"EpiLPS (MAP)","SD +60%",120,1.02310221069091,0.97277926783106,0.0784570202933711,-0.0503229428598501
"EpiLPS (MAP)","SD +60%",121,1.01329357541095,0.969711082855652,0.0795989493153698,-0.0435824925552981
"EpiLPS (MAP)","SD +60%",122,1.00123289414715,0.965899089210834,0.0793095682045109,-0.0353338049363163
"EpiLPS (MAP)","SD +60%",123,0.987043160294477,0.961398042226186,0.0774902006394929,-0.025645118068291
"EpiLPS (MAP)","SD +60%",124,0.970846430550826,0.956458336308455,0.0749692170841941,-0.0143880942423711
"EpiLPS (MAP)","SD +60%",125,0.953001568168985,0.951435353746813,0.0729238530222797,-0.00156621442217164
"EpiLPS (MAP)","SD +60%",126,0.934680947695761,0.946647141698221,0.0721567986255583,0.0119661940024602
"EpiLPS (MAP)","SD +60%",127,0.917145793226913,0.94236913214925,0.0728536747313283,0.0252233389223367
"EpiLPS (MAP)","SD +60%",128,0.901530406151582,0.938836486794964,0.074602199930003,0.0373060806433821
"EpiLPS (MAP)","SD +60%",129,0.888820761331304,0.936249217022073,0.0766462731766012,0.0474284556907693
"EpiLPS (MAP)","SD +60%",130,0.879849051096058,0.93477844977785,0.0781869710623882,0.0549293986817924
"EpiLPS (MAP)","SD +60%",131,0.875312502934994,0.934572870719617,0.0785982941098681,0.059260367784623
"EpiLPS (MAP)","SD +60%",132,0.875810644994376,0.935762190719748,0.0775788033437969,0.0599515457253721
"EpiLPS (MAP)","SD +60%",133,0.881891211117993,0.938306648934125,0.0755519682008905,0.0564154378161323
"EpiLPS (MAP)","SD +60%",134,0.894096753734329,0.941916994932633,0.073616101034376,0.0478202411983042
"EpiLPS (MAP)","SD +60%",135,0.912538889585145,0.946291556130453,0.0727215533272912,0.0337526665453078
"EpiLPS (MAP)","SD +60%",136,0.935968580436848,0.951145387053912,0.0733156844442146,0.0151768066170639
"EpiLPS (MAP)","SD +60%",137,0.962748452443007,0.956214643218524,0.0752071538271982,-0.0065338092244831
"EpiLPS (MAP)","SD +60%",138,0.991058087015847,0.961259150662496,0.0777086973965825,-0.029798936353351
"EpiLPS (MAP)","SD +60%",139,1.01894781256074,0.966063867809227,0.0799430723228948,-0.0528839447515133
"EpiLPS (MAP)","SD +60%",140,1.04444932027992,0.970439596642828,0.0811248299306474,-0.0740097236370919
"EpiLPS (MAP)","SD +60%",141,1.0657059122687,0.974223110833888,0.080760389620555,-0.091482801434812
"EpiLPS (MAP)","SD +60%",142,1.0810929449843,0.9772908315333,0.0789576129645395,-0.103802113451
"EpiLPS (MAP)","SD +60%",143,1.08930930531451,0.979597874035302,0.0767818611232463,-0.109711431279208
"EpiLPS (MAP)","SD +60%",144,1.08943317712892,0.981127309376866,0.0753645740972269,-0.108305867752054
"EpiLPS (MAP)","SD +60%",145,1.08148967301391,0.98187011079576,0.0753648520227357,-0.0996195622181496
"EpiLPS (MAP)","SD +60%",146,1.067118056924,0.981821958045369,0.0767597308488173,-0.085296098878631
"EpiLPS (MAP)","SD +60%",147,1.04828964020928,0.980981661882442,0.0789402994767962,-0.0673079783268381
"EpiLPS (MAP)","SD +60%",148,1.02693455801449,0.979350617317487,0.0810286705136139,-0.0475839406970032
"EpiLPS (MAP)","SD +60%",149,1.00477443375589,0.976932842130611,0.0821957304011526,-0.0278415916252788
"EpiLPS (MAP)","SD +60%",150,0.983222907766779,0.973735280439803,0.081876098903554,-0.00948762732697628
"EpiLPS (MAP)","SD +60%",151,0.963363940769346,0.969783651590069,0.0799671364029414,0.00641971082072279
"EpiLPS (MAP)","SD +60%",152,0.945985514931433,0.965284468496707,0.0773163229728214,0.0192989535652739
"EpiLPS (MAP)","SD +60%",153,0.931639698450479,0.960543625221268,0.0751329707772741,0.0289039267707886
"EpiLPS (MAP)","SD +60%",154,0.920706027513323,0.95583764436603,0.074246857679867,0.0351316168527072
"EpiLPS (MAP)","SD +60%",155,0.913287949909382,0.951407510601897,0.074855984157762,0.0381195606925148
"EpiLPS (MAP)","SD +60%",156,0.909118262499206,0.947459501318724,0.0765422497788558,0.0383412388195185
"EpiLPS (MAP)","SD +60%",157,0.90786599524967,0.944168671458137,0.0785316650683368,0.0363026762084668
"EpiLPS (MAP)","SD +60%",158,0.909191813449816,0.941683614107504,0.0800064530754042,0.0324918006576876
"EpiLPS (MAP)","SD +60%",159,0.9127706498954,0.940131579744528,0.0803299336466415,0.0273609298491277
"EpiLPS (MAP)","SD +60%",160,0.918310343562916,0.93962249965922,0.0792030394827025,0.0213121560963042
"EpiLPS (MAP)","SD +60%",161,0.925562601543549,0.940198029404875,0.0770737633773466,0.0146354278613261
"EpiLPS (MAP)","SD +60%",162,0.934326617511047,0.941804172139255,0.075074142452319,0.00747755462820854
"EpiLPS (MAP)","SD +60%",163,0.944447396594412,0.944375836810869,0.0741663423898087,-7.1559783542785e-05
"EpiLPS (MAP)","SD +60%",164,0.955808426255688,0.94784796939638,0.0747917790413772,-0.00796045685930769
"EpiLPS (MAP)","SD +60%",165,0.968171987055275,0.952157928700401,0.0767520336391842,-0.0160140583548739
"EpiLPS (MAP)","SD +60%",166,0.981075418082579,0.957247354637627,0.0793625430926608,-0.0238280634449524
"EpiLPS (MAP)","SD +60%",167,0.99403776313242,0.963063602574819,0.0817554186494077,-0.0309741605576007
"EpiLPS (MAP)","SD +60%",168,1.00658618871785,0.969560846799672,0.083151016452584,-0.0370253419181775
"EpiLPS (MAP)","SD +60%",169,1.01827263962082,0.976700914850501,0.083050192580475,-0.0415717247703187
"EpiLPS (MAP)","SD +60%",170,1.02869207421039,0.98446247241684,0.0815460787000596,-0.0442296017935504
"EpiLPS (MAP)","SD +60%",171,1.03749575970787,0.992865787809975,0.0797004201973623,-0.0446299718978954
"EpiLPS (MAP)","SD +60%",172,1.04439766370686,1.00194257907541,0.0786640037072632,-0.0424550846314484
"EpiLPS (MAP)","SD +60%",173,1.04917474480308,1.01172452657025,0.0791362631697405,-0.0374502182328336
"EpiLPS (MAP)","SD +60%",174,1.05167598943045,1.0222421400414,0.0811345579994745,-0.0294338493890478
"EpiLPS (MAP)","SD +60%",175,1.05228684352057,1.03352464699553,0.0840600164923515,-0.0187621965250395
"EpiLPS (MAP)","SD +60%",176,1.05205037229906,1.04560051541389,0.0869969410508745,-0.0064498568851663
"EpiLPS (MAP)","SD +60%",177,1.05206304074467,1.05849831792812,0.0890345185639882,0.00643527718344816
"EpiLPS (MAP)","SD +60%",178,1.0533911428065,1.07224772224976,0.0895026805886379,0.0188565794432594
"EpiLPS (MAP)","SD +60%",179,1.05702523270082,1.08686235848208,0.0882128919139184,0.0298371257812609
"EpiLPS (MAP)","SD +60%",180,1.06385390304002,1.1021441248103,0.0860411177708049,0.0382902217702759
"EpiLPS (MAP)","SD +60%",181,1.07466368846286,1.11775461771441,0.0843510554511584,0.0430909292515529
"EpiLPS (MAP)","SD +60%",182,1.09015918537017,1.13335872208856,0.0841515547447927,0.0431995367183908
"EpiLPS (MAP)","SD +60%",183,1.11099415707904,1.14863680984278,0.0857167742920312,0.0376426527637426
"EpiLPS (MAP)","SD +60%",184,1.13776253966062,1.16329194242102,0.0885287010246421,0.0255294027603974
"EpiLPS (MAP)","SD +60%",185,1.16994138910722,1.1770550753575,0.0915773632088007,0.00711368625028475
"EpiLPS (MAP)","SD +60%",186,1.20568067952197,1.18968866660059,0.0937751797633483,-0.0159920129213835
"EpiLPS (MAP)","SD +60%",187,1.24280592689739,1.20098881148724,0.0942771864840176,-0.041817115410147
"EpiLPS (MAP)","SD +60%",188,1.27892507759421,1.21078556126175,0.0927150576672949,-0.0681395163324605
"EpiLPS (MAP)","SD +60%",189,1.31157809299846,1.21891512945682,0.0897512791186637,-0.092662963541644
"EpiLPS (MAP)","SD +60%",190,1.33842575739913,1.22520097507624,0.0869645804722449,-0.113224782322885
"EpiLPS (MAP)","SD +60%",191,1.35742493987032,1.22949067947992,0.085642475112695,-0.127934260390403
"EpiLPS (MAP)","SD +60%",192,1.36695842059754,1.23165917097102,0.0862519942564849,-0.135299249626525
"EpiLPS (MAP)","SD +60%",193,1.36590703303142,1.23160823267985,0.0883323502281507,-0.134298800351572
"EpiLPS (MAP)","SD +60%",194,1.35374441935837,1.2292659658272,0.0908339153534281,-0.124478453531175
"EpiLPS (MAP)","SD +60%",195,1.33179505256341,1.22458605737044,0.0926090732345727,-0.107208995192973
"EpiLPS (MAP)","SD +60%",196,1.30282908300336,1.21754677485772,0.0927687056293109,-0.0852823081456424
"EpiLPS (MAP)","SD +60%",197,1.26962792749398,1.208149676518,0.0908837080666998,-0.0614782509759844
"EpiLPS (MAP)","SD +60%",198,1.23470197201586,1.1965476607503,0.087311752276068,-0.0381543112655645
"EpiLPS (MAP)","SD +60%",199,1.20012008532359,1.18340908753616,0.0835360523013471,-0.016710997787434
"EpiLPS (MAP)","SD +60%",200,1.16745324780638,1.16946022581419,0.0809496197471126,0.00200697800781335
"EpiLPS (MAP)","SD +60%",201,1.13781324493009,1.15532438254356,0.0802150701332278,0.0175111376134729
"EpiLPS (MAP)","SD +60%",202,1.11194114249594,1.14151797750609,0.0811291544091112,0.0295768350101497
"EpiLPS (MAP)","SD +60%",203,1.09030738318271,1.12845927585362,0.0828757207950226,0.0381518926709083
"EpiLPS (MAP)","SD +60%",204,1.07317842503564,1.11648270509442,0.0844561375604748,0.0433042800587811
"EpiLPS (MAP)","SD +60%",205,1.06040347302214,1.10585465612382,0.0850232123470757,0.0454511831016831
"EpiLPS (MAP)","SD +60%",206,1.05156904168052,1.09678858850316,0.0840616766349043,0.0452195468226353
"EpiLPS (MAP)","SD +60%",207,1.04624950999474,1.08945795200026,0.0815600599489852,0.0432084420055203
"EpiLPS (MAP)","SD +60%",208,1.04403704329192,1.08400153175746,0.0785047750867255,0.0399644884655379
"EpiLPS (MAP)","SD +60%",209,1.0445651521307,1.08053186340456,0.0762236229339949,0.0359667112738551
"EpiLPS (MAP)","SD +60%",210,1.04752392002038,1.07914466219124,0.0755875272529561,0.0316207421708605
"EpiLPS (MAP)","SD +60%",211,1.05266551803821,1.07992452783743,0.0767428728792947,0.0272590097992236
"EpiLPS (MAP)","SD +60%",212,1.0598023103751,1.08295004016359,0.0791525236003538,0.0231477297884881
"EpiLPS (MAP)","SD +60%",213,1.06880062573221,1.08829825721429,0.0819073490672084,0.0194976314820834
"EpiLPS (MAP)","SD +60%",214,1.0795784696348,1.09604855656141,0.0840722923400327,0.0164700869266121
"EpiLPS (MAP)","SD +60%",215,1.09215111452811,1.10628586383666,0.0849219535785375,0.0141347493085493
"EpiLPS (MAP)","SD +60%",216,1.10660255202503,1.11909979633055,0.0841104122957676,0.0124972443055191
"EpiLPS (MAP)","SD +60%",217,1.1230463183655,1.13437454649553,0.0821493899774181,0.011328228130032
"EpiLPS (MAP)","SD +60%",218,1.14161803384419,1.15166415543855,0.0803618122952526,0.010046121594363
"EpiLPS (MAP)","SD +60%",219,1.16246850453014,1.1705036587965,0.0798967482999759,0.0080351542663597
"EpiLPS (MAP)","SD +60%",220,1.18575867786174,1.19044871279564,0.0812638146227349,0.00469003493390008
"EpiLPS (MAP)","SD +60%",221,1.21165701983639,1.2110827052324,0.0841563655240274,-0.000574314603986048
"EpiLPS (MAP)","SD +60%",222,1.24033898455105,1.23202160855939,0.0876569653317304,-0.00831737599165661
"EpiLPS (MAP)","SD +60%",223,1.27198794287079,1.25291739030969,0.0906441543843573,-0.0190705525611037
"EpiLPS (MAP)","SD +60%",224,1.30666523446541,1.2734602320443,0.0921460556031433,-0.0332050024211092
"EpiLPS (MAP)","SD +60%",225,1.3433530482977,1.29337960951162,0.091588422352892,-0.0499734387860753
"EpiLPS (MAP)","SD +60%",226,1.38038171186225,1.31239535121927,0.0891986982307569,-0.0679863606429778
"EpiLPS (MAP)","SD +60%",227,1.41592160258673,1.33006528617846,0.0864610792801315,-0.0858563164082731
"EpiLPS (MAP)","SD +60%",228,1.44808142918806,1.34593319490697,0.084933785455499,-0.102148234281086
"EpiLPS (MAP)","SD +60%",229,1.47504730588812,1.3595886939446,0.0854521948738385,-0.11545861194352
"EpiLPS (MAP)","SD +60%",230,1.49521587906308,1.37067556786341,0.0878159211845053,-0.124540311199667
"EpiLPS (MAP)","SD +60%",231,1.50729103953841,1.37889637406505,0.0910156401083184,-0.128394665473362
"EpiLPS (MAP)","SD +60%",232,1.51033534857617,1.38401410705917,0.0937786230977152,-0.126321241517
"EpiLPS (MAP)","SD +60%",233,1.50378097074586,1.38585147710774,0.0950315613891699,-0.117929493638117
"EpiLPS (MAP)","SD +60%",234,1.48764960471254,1.3842883035154,0.0941663392615592,-0.103361301197141
"EpiLPS (MAP)","SD +60%",235,1.46373241708909,1.37929642158189,0.0912750879879376,-0.084435995507196
"EpiLPS (MAP)","SD +60%",236,1.43448143272486,1.37133995147126,0.0876895269529729,-0.0631414812536049
"EpiLPS (MAP)","SD +60%",237,1.40223769952072,1.36115266388795,0.0850340271303912,-0.0410850356327725
"EpiLPS (MAP)","SD +60%",238,1.36905513115977,1.34939477199299,0.0841877712744869,-0.0196603591667781
"EpiLPS (MAP)","SD +60%",239,1.33659069308879,1.33662787732944,0.0850600280123716,3.71842406470257e-05
"EpiLPS (MAP)","SD +60%",240,1.30608415861083,1.32331419615246,0.0868444978287264,0.0172300375416288
"EpiLPS (MAP)","SD +60%",241,1.27840456713347,1.30982565243136,0.08852278819939,0.0314210852978938
"EpiLPS (MAP)","SD +60%",242,1.25412742548082,1.29645703816057,0.0892834713016009,0.0423296126797541
"EpiLPS (MAP)","SD +60%",243,1.23361554311767,1.28343993131971,0.0887687283433557,0.0498243882020397
"EpiLPS (MAP)","SD +60%",244,1.21706403589592,1.27095555031712,0.0872580445461583,0.0538915144211971
"EpiLPS (MAP)","SD +60%",245,1.20445667363505,1.25913864839026,0.0860771190166808,0.0546819747552061
"EpiLPS (MAP)","SD +60%",246,1.19569657050359,1.24808048610642,0.0871556937395167,0.0523839156028305
"EpiLPS (MAP)","SD +60%",247,1.19067334691389,1.23784464009675,0.0917025934056649,0.0471712931828621
"EpiLPS (MAP)","SD +60%",248,1.1892846905786,1.2284737435186,0.0998259768664721,0.0391890529400007
"EpiLPS (MAP)","SD +60%",249,1.1914521017446,1.21999458459648,0.110859081673161,0.0285424828518768
"EpiLPS (MAP)","SD +60%",250,1.19713021020468,1.21242251767071,0.123968545895814,0.0152923074660312
"EpiLPS (MAP)","SD +60%",251,1.20631090184647,1.20576507923341,0.138566747847088,-0.00054582261305991
"EpiLPS (MAP)","SD +60%",252,1.21902415582724,1.20002485458693,0.154453913837774,-0.018999301240314
"EpiLPS (MAP)","SD +60%",253,1.23533724681924,1.19520168885407,0.17181385367388,-0.040135557965173
"EpiLPS (MALA)","Mean -60%",31,0.83125458603177,0.867274256123023,0.0407427035882345,0.0360196700912531
"EpiLPS (MALA)","Mean -60%",32,0.822012955905288,0.860531304282683,0.0404981090135603,0.0385183483773948
"EpiLPS (MALA)","Mean -60%",33,0.811083441801087,0.854189410838909,0.0417405304354972,0.0431059690378218
"EpiLPS (MALA)","Mean -60%",34,0.798410706391415,0.848156173940497,0.0437414119550771,0.0497454675490818
"EpiLPS (MALA)","Mean -60%",35,0.783985284249482,0.84233775885639,0.0456356947820492,0.0583524746069083
"EpiLPS (MALA)","Mean -60%",36,0.767842249776292,0.836611422023756,0.0469561097380451,0.0687691722474638
"EpiLPS (MALA)","Mean -60%",37,0.750320099865667,0.830917661934371,0.047179954862612,0.0805975620687037
"EpiLPS (MALA)","Mean -60%",38,0.732127511283489,0.825229402864874,0.0460824449078804,0.0931018915813846
"EpiLPS (MALA)","Mean -60%",39,0.713945546467747,0.819467279233237,0.0439944107818351,0.10552173276549
"EpiLPS (MALA)","Mean -60%",40,0.696377644387645,0.813822786890305,0.0419438480660592,0.11744514250266
"EpiLPS (MALA)","Mean -60%",41,0.679931575981829,0.808590874125149,0.0408318432027289,0.12865929814332
"EpiLPS (MALA)","Mean -60%",42,0.665012401557135,0.803869785387424,0.0407202100293835,0.138857383830289
"EpiLPS (MALA)","Mean -60%",43,0.65192842067752,0.799595378444673,0.0416806647365895,0.147666957767153
"EpiLPS (MALA)","Mean -60%",44,0.640906266957601,0.795894729875353,0.042905681203365,0.154988462917752
"EpiLPS (MALA)","Mean -60%",45,0.632110069284813,0.792874304719074,0.0437706111291408,0.160764235434261
"EpiLPS (MALA)","Mean -60%",46,0.625656360123327,0.79046948362463,0.0439013304658274,0.164813123501303
"EpiLPS (MALA)","Mean -60%",47,0.621502273809677,0.788726382432796,0.0430385635018161,0.167224108623119
"EpiLPS (MALA)","Mean -60%",48,0.619441171957512,0.787661872768937,0.0413254644743836,0.168220700811425
"EpiLPS (MALA)","Mean -60%",49,0.619256488578844,0.787345674312577,0.0394576331437229,0.168089185733733
"EpiLPS (MALA)","Mean -60%",50,0.620736004042686,0.787819029512719,0.0384952790013697,0.167083025470033
"EpiLPS (MALA)","Mean -60%",51,0.623679916186844,0.788858441506619,0.0391549115191768,0.165178525319775
"EpiLPS (MALA)","Mean -60%",52,0.627908213332621,0.790518496907491,0.0409289692052226,0.16261028357487
"EpiLPS (MALA)","Mean -60%",53,0.633265384812971,0.792683037625633,0.043170206054084,0.159417652812662
"EpiLPS (MALA)","Mean -60%",54,0.639622221613428,0.795265286858866,0.0449759174656793,0.155643065245438
"EpiLPS (MALA)","Mean -60%",55,0.646875295241765,0.798458574627489,0.0461263729942328,0.151583279385724
"EpiLPS (MALA)","Mean -60%",56,0.654940797889892,0.802186286293133,0.0460932711524946,0.147245488403241
"EpiLPS (MALA)","Mean -60%",57,0.663667548235467,0.80629885219074,0.0447660862603422,0.142631303955273
"EpiLPS (MALA)","Mean -60%",58,0.67283196893338,0.810915097241257,0.0426051616849528,0.138083128307877
"EpiLPS (MALA)","Mean -60%",59,0.682212593504884,0.815993476511844,0.0408789425478006,0.13378088300696
"EpiLPS (MALA)","Mean -60%",60,0.691594549334227,0.821223278452088,0.0404467446246856,0.129628729117861
"EpiLPS (MALA)","Mean -60%",61,0.700774343176902,0.826587542854405,0.0415537756215144,0.125813199677502
"EpiLPS (MALA)","Mean -60%",62,0.709565411363515,0.831785617477592,0.0436250763545693,0.122220206114077
"EpiLPS (MALA)","Mean -60%",63,0.717802382251417,0.836829752395815,0.0456638279787778,0.119027370144398
"EpiLPS (MALA)","Mean -60%",64,0.725343303375917,0.841775350101473,0.0470392001815203,0.116432046725556
"EpiLPS (MALA)","Mean -60%",65,0.732069930484564,0.846604611366185,0.0474015902508911,0.114534680881621
"EpiLPS (MALA)","Mean -60%",66,0.737895666769886,0.851317283909205,0.0467010286018533,0.113421617139319
"EpiLPS (MALA)","Mean -60%",67,0.742895958587221,0.855806306402285,0.0451745897330612,0.112910347815063
"EpiLPS (MALA)","Mean -60%",68,0.747278763319657,0.860082616985245,0.0438487021075718,0.112803853665588
"EpiLPS (MALA)","Mean -60%",69,0.751271373438236,0.864371259408571,0.0434606957187896,0.113099885970335
"EpiLPS (MALA)","Mean -60%",70,0.755105697598796,0.868507240431043,0.0441330466660508,0.113401542832247
"EpiLPS (MALA)","Mean -60%",71,0.759004827658807,0.872533363267243,0.0456916258339748,0.113528535608436
"EpiLPS (MALA)","Mean -60%",72,0.76317231106088,0.876321523181616,0.0475233439229866,0.113149212120736
"EpiLPS (MALA)","Mean -60%",73,0.767786202417761,0.879925665151143,0.0490018395091248,0.112139462733382
"EpiLPS (MALA)","Mean -60%",74,0.772997638290372,0.88336728710031,0.0493600891358614,0.110369648809938
"EpiLPS (MALA)","Mean -60%",75,0.77893263784533,0.886693972644793,0.0483357989051219,0.107761334799463
"EpiLPS (MALA)","Mean -60%",76,0.78568141824908,0.889861992614368,0.0463243528486837,0.104180574365288
"EpiLPS (MALA)","Mean -60%",77,0.793148670755028,0.892965696620624,0.0442406302313044,0.0998170258655955
"EpiLPS (MALA)","Mean -60%",78,0.801109464577554,0.89589780336247,0.043431391836553,0.094788338784916
"EpiLPS (MALA)","Mean -60%",79,0.809317687520099,0.898581416408107,0.0439424598039752,0.0892637288880077
"EpiLPS (MALA)","Mean -60%",80,0.817518562189946,0.901047543300921,0.0456367201864998,0.0835289811109753
"EpiLPS (MALA)","Mean -60%",81,0.825462916255739,0.903438629184199,0.0475968389271071,0.0779757129284602
"EpiLPS (MALA)","Mean -60%",82,0.832920079463184,0.905558079825443,0.0493330002690927,0.0726380003622592
"EpiLPS (MALA)","Mean -60%",83,0.83968668789734,0.907511486483545,0.0501955130637055,0.0678247985862049
"EpiLPS (MALA)","Mean -60%",84,0.845591000049052,0.909232065605228,0.0497263562096821,0.0636410655561762
"EpiLPS (MALA)","Mean -60%",85,0.850493536894317,0.910753959344329,0.0482635553028922,0.0602604224500123
"EpiLPS (MALA)","Mean -60%",86,0.854297533108007,0.912043110290642,0.0464872605204741,0.0577455771826354
"EpiLPS (MALA)","Mean -60%",87,0.857044342489846,0.913152671845798,0.0451978222975832,0.0561083293559523
"EpiLPS (MALA)","Mean -60%",88,0.858857822167393,0.914367564613611,0.0456253791715633,0.0555097424462179
"EpiLPS (MALA)","Mean -60%",89,0.859878747666928,0.915620651238837,0.0472803342517058,0.0557419035719094
"EpiLPS (MALA)","Mean -60%",90,0.86025311141159,0.916978136169099,0.049386890304242,0.056725024757509
"EpiLPS (MALA)","Mean -60%",91,0.860120701023208,0.918432135478299,0.0513447232267292,0.058311434455091
"EpiLPS (MALA)","Mean -60%",92,0.859606619529194,0.920036356954046,0.0523854983424635,0.0604297374248524
"EpiLPS (MALA)","Mean -60%",93,0.8588168361623,0.921871566767023,0.0522275089636294,0.0630547306047234
"EpiLPS (MALA)","Mean -60%",94,0.857837212377275,0.923834048839232,0.0508037726660114,0.0659968364619572
"EpiLPS (MALA)","Mean -60%",95,0.856734852284735,0.926129629446791,0.0487519091050767,0.069394777162056
"EpiLPS (MALA)","Mean -60%",96,0.855586935925609,0.928640085875328,0.0468771405936467,0.0730531499497187
"EpiLPS (MALA)","Mean -60%",97,0.854642173312711,0.931366614717256,0.046393613484498,0.0767244414045449
"EpiLPS (MALA)","Mean -60%",98,0.854216899337268,0.934398151680151,0.0475773804240941,0.0801812523428826
"EpiLPS (MALA)","Mean -60%",99,0.854615196085733,0.937667524792022,0.0498092550777869,0.0830523287062891
"EpiLPS (MALA)","Mean -60%",100,0.856123392287051,0.941294307572066,0.0520339795733027,0.0851709152850152
"EpiLPS (MALA)","Mean -60%",101,0.859003725920451,0.945111704860448,0.0534633663559164,0.0861079789399974
"EpiLPS (MALA)","Mean -60%",102,0.863491057515902,0.949259058748913,0.0535593503313591,0.0857680012330106
"EpiLPS (MALA)","Mean -60%",103,0.869793786137492,0.95367451039173,0.0523780497150069,0.0838807242542384
"EpiLPS (MALA)","Mean -60%",104,0.878098070350996,0.958470855042513,0.0502511667455951,0.0803727846915165
"EpiLPS (MALA)","Mean -60%",105,0.888573897619543,0.963378412354939,0.0478513172458954,0.0748045147353963
"EpiLPS (MALA)","Mean -60%",106,0.901301658370892,0.968233036313137,0.0466965694022706,0.0669313779422449
"EpiLPS (MALA)","Mean -60%",107,0.915897849763235,0.97285311058384,0.0472290489010756,0.0569552608206048
"EpiLPS (MALA)","Mean -60%",108,0.931781890770312,0.977086533228356,0.0490542513672497,0.0453046424580439
"EpiLPS (MALA)","Mean -60%",109,0.964908287444313,0.980792780563079,0.0512597953584658,0.0158844931187663
"EpiLPS (MALA)","Mean -60%",110,0.980887218164916,0.984002996469222,0.053147194927422,0.00311577830430554
"EpiLPS (MALA)","Mean -60%",111,0.995692213942587,0.986640858289398,0.0539277427962217,-0.00905135565318882
"EpiLPS (MALA)","Mean -60%",112,1.00881666031265,0.988700321697482,0.053260415469624,-0.0201163386151685
"EpiLPS (MALA)","Mean -60%",113,1.01983605940048,0.990233830877913,0.051029195539297,-0.0296022285225676
"EpiLPS (MALA)","Mean -60%",114,1.02841129997895,0.991197010113456,0.0481962661108088,-0.0372142898654946
"EpiLPS (MALA)","Mean -60%",115,1.03430371035801,0.991550351076905,0.0464559610517973,-0.0427533592811051
"EpiLPS (MALA)","Mean -60%",116,1.03743175161603,0.991418150667557,0.0465593272942199,-0.0460136009484735
"EpiLPS (MALA)","Mean -60%",117,1.0378022122009,0.990655512208164,0.047927722174834,-0.0471466999927358
"EpiLPS (MALA)","Mean -60%",118,1.03547276308025,0.989357131232952,0.0501690415809593,-0.0461156318472985
"EpiLPS (MALA)","Mean -60%",119,1.03053550780697,0.987577552297496,0.0522319640386501,-0.0429579555094742
"EpiLPS (MALA)","Mean -60%",120,1.02310221069091,0.985386842059899,0.0534567707902119,-0.0377153686310108
"EpiLPS (MALA)","Mean -60%",121,1.01329357541095,0.982787325133411,0.0532522902107717,-0.0305062502775393
"EpiLPS (MALA)","Mean -60%",122,1.00123289414715,0.97983966371243,0.0516972569739969,-0.0213932304347199
"EpiLPS (MALA)","Mean -60%",123,0.987043160294477,0.976486520774594,0.0493430834161613,-0.0105566395198828
"EpiLPS (MALA)","Mean -60%",124,0.970846430550826,0.972977836574987,0.0473164156178242,0.00213140602416129
"EpiLPS (MALA)","Mean -60%",125,0.953001568168985,0.969636315689702,0.0465956425466155,0.0166347475207168
"EpiLPS (MALA)","Mean -60%",126,0.934680947695761,0.96666445045462,0.0473276476988083,0.0319835027588584
"EpiLPS (MALA)","Mean -60%",127,0.917145793226913,0.964425324662067,0.0491701270177805,0.0472795314351544
"EpiLPS (MALA)","Mean -60%",128,0.901530406151582,0.962781621614806,0.0509248355556045,0.0612512154632239
"EpiLPS (MALA)","Mean -60%",129,0.888820761331304,0.962104887471842,0.051899936456623,0.0732841261405384
"EpiLPS (MALA)","Mean -60%",130,0.879849051096058,0.962256234271185,0.0517549306212367,0.0824071831751274
"EpiLPS (MALA)","Mean -60%",131,0.875312502934994,0.963202020754684,0.0506499331610251,0.0878895178196899
"EpiLPS (MALA)","Mean -60%",132,0.875810644994376,0.965142155084014,0.048585380091162,0.0893315100896377
"EpiLPS (MALA)","Mean -60%",133,0.881891211117993,0.967800428241049,0.0465419836924161,0.0859092171230564
"EpiLPS (MALA)","Mean -60%",134,0.894096753734329,0.971034879694645,0.0457973982517713,0.0769381259603157
"EpiLPS (MALA)","Mean -60%",135,0.912538889585145,0.974569304590277,0.0465779798671604,0.062030415005132
"EpiLPS (MALA)","Mean -60%",136,0.935968580436848,0.978191934012763,0.0486393290153618,0.0422233535759154
"EpiLPS (MALA)","Mean -60%",137,0.962748452443007,0.98154369805206,0.0509342421259956,0.0187952456090533
"EpiLPS (MALA)","Mean -60%",138,0.991058087015847,0.98473356042174,0.0528435926222544,-0.00632452659410732
"EpiLPS (MALA)","Mean -60%",139,1.01894781256074,0.98742749214273,0.0534168635676451,-0.0315203204180106
"EpiLPS (MALA)","Mean -60%",140,1.04444932027992,0.989767789257847,0.052642836895793,-0.0546815310220728
"EpiLPS (MALA)","Mean -60%",141,1.0657059122687,0.991661551488278,0.0505458682720212,-0.0740443607804216
"EpiLPS (MALA)","Mean -60%",142,1.0810929449843,0.992985744857054,0.0481548573242974,-0.0881072001272458
"EpiLPS (MALA)","Mean -60%",143,1.08930930531451,0.993535606580758,0.046919623827934,-0.0957736987337516
"EpiLPS (MALA)","Mean -60%",144,1.08943317712892,0.993640374391782,0.0474805824804641,-0.0957928027371384
"EpiLPS (MALA)","Mean -60%",145,1.08148967301391,0.993156843680278,0.0493505934116377,-0.088332829333632
"EpiLPS (MALA)","Mean -60%",146,1.067118056924,0.992306994548402,0.0518783187291718,-0.0748110623755975
"EpiLPS (MALA)","Mean -60%",147,1.04828964020928,0.991151247215229,0.0540529611926997,-0.057138392994051
"EpiLPS (MALA)","Mean -60%",148,1.02693455801449,0.989570870294058,0.0552184361796959,-0.0373636877204315
"EpiLPS (MALA)","Mean -60%",149,1.00477443375589,0.987555978759692,0.0549318559602722,-0.0172184549961975
"EpiLPS (MALA)","Mean -60%",150,0.983222907766779,0.984905266710974,0.0532186283032448,0.00168235894419455
"EpiLPS (MALA)","Mean -60%",151,0.963363940769346,0.981796264354117,0.0503765717622854,0.0184323235847712
"EpiLPS (MALA)","Mean -60%",152,0.945985514931433,0.97837096415247,0.0481478057622502,0.0323854492210367
"EpiLPS (MALA)","Mean -60%",153,0.931639698450479,0.975052895247008,0.0472873568400764,0.043413196796529
"EpiLPS (MALA)","Mean -60%",154,0.920706027513323,0.971904202359512,0.0482116243749021,0.0511981748461888
"EpiLPS (MALA)","Mean -60%",155,0.913287949909382,0.96929351235076,0.0502554432077084,0.056005562441378
"EpiLPS (MALA)","Mean -60%",156,0.909118262499206,0.967270563632395,0.0523242594335866,0.0581523011331887
"EpiLPS (MALA)","Mean -60%",157,0.90786599524967,0.965929702995024,0.0536435190159923,0.0580637077453544
"EpiLPS (MALA)","Mean -60%",158,0.909191813449816,0.965377300471112,0.0538403532769604,0.0561854870212961
"EpiLPS (MALA)","Mean -60%",159,0.9127706498954,0.965575906622566,0.0526241336284429,0.0528052567271664
"EpiLPS (MALA)","Mean -60%",160,0.918310343562916,0.966482750994902,0.0503244562694496,0.0481724074319857
"EpiLPS (MALA)","Mean -60%",161,0.925562601543549,0.967970982695909,0.0479966861559532,0.0424083811523602
"EpiLPS (MALA)","Mean -60%",162,0.934326617511047,0.97001184397187,0.0469760841885645,0.0356852264608234
"EpiLPS (MALA)","Mean -60%",163,0.944447396594412,0.972586352776736,0.0475333296556427,0.0281389561823238
"EpiLPS (MALA)","Mean -60%",164,0.955808426255688,0.975799013396183,0.04942357149497,0.0199905871404951
"EpiLPS (MALA)","Mean -60%",165,0.968171987055275,0.979459160065329,0.0517079950668366,0.0112871730100541
"EpiLPS (MALA)","Mean -60%",166,0.981075418082579,0.983348950964057,0.0537257997995354,0.00227353288147847
"EpiLPS (MALA)","Mean -60%",167,0.99403776313242,0.98737788519576,0.0547860391699236,-0.00665987793666023
"EpiLPS (MALA)","Mean -60%",168,1.00658618871785,0.991603971132643,0.0543841390586066,-0.0149822175852066
"EpiLPS (MALA)","Mean -60%",169,1.01827263962082,0.996139552490204,0.0527894154262269,-0.0221330871306162
"EpiLPS (MALA)","Mean -60%",170,1.02869207421039,1.00096883657222,0.0507768511997953,-0.027723237638174
"EpiLPS (MALA)","Mean -60%",171,1.03749575970787,1.00604986104856,0.0492551341192426,-0.0314458986593102
"EpiLPS (MALA)","Mean -60%",172,1.04439766370686,1.0114055766649,0.0494712289500636,-0.0329920870419562
"EpiLPS (MALA)","Mean -60%",173,1.04917474480308,1.01706019861374,0.0514676335151365,-0.03211454618934
"EpiLPS (MALA)","Mean -60%",174,1.05167598943045,1.02294238327354,0.0536419843223556,-0.0287336061569148
"EpiLPS (MALA)","Mean -60%",175,1.05228684352057,1.02905985905524,0.0555646483077019,-0.0232269844653339
"EpiLPS (MALA)","Mean -60%",176,1.05205037229906,1.03557201956601,0.056490146824068,-0.0164783527330541
"EpiLPS (MALA)","Mean -60%",177,1.05206304074467,1.04251582138188,0.0560034689960477,-0.0095472193627888
"EpiLPS (MALA)","Mean -60%",178,1.0533911428065,1.05003589169665,0.054027928321795,-0.0033552511098498
"EpiLPS (MALA)","Mean -60%",179,1.05702523270082,1.05778581220774,0.0516203965880562,0.00076057950691677
"EpiLPS (MALA)","Mean -60%",180,1.06385390304002,1.06567990951762,0.0497358579122659,0.0018260064775959
"EpiLPS (MALA)","Mean -60%",181,1.07466368846286,1.07339525318755,0.0497233683520834,-0.0012684352753134
"EpiLPS (MALA)","Mean -60%",182,1.09015918537017,1.08070336103155,0.0515114876307978,-0.00945582433862047
"EpiLPS (MALA)","Mean -60%",183,1.11099415707904,1.08746021529756,0.0544661460928233,-0.0235339417814786
"EpiLPS (MALA)","Mean -60%",184,1.13776253966062,1.09361252424448,0.0571496740917978,-0.0441500154161436
"EpiLPS (MALA)","Mean -60%",185,1.16994138910722,1.09907516892538,0.0588878449657278,-0.0708662201818409
"EpiLPS (MALA)","Mean -60%",186,1.20568067952197,1.10378679367458,0.059076151765208,-0.101893885847393
"EpiLPS (MALA)","Mean -60%",187,1.24280592689739,1.10776593436613,0.0574811584893559,-0.135039992531256
"EpiLPS (MALA)","Mean -60%",188,1.27892507759421,1.11100502936953,0.0546913650820045,-0.167920048224683
"EpiLPS (MALA)","Mean -60%",189,1.31157809299846,1.11319885731784,0.0518484951250339,-0.198379235680616
"EpiLPS (MALA)","Mean -60%",190,1.33842575739913,1.11430807282354,0.0506645090386091,-0.224117684575589
"EpiLPS (MALA)","Mean -60%",191,1.35742493987032,1.11416417126907,0.0516824655088189,-0.243260768601254
"EpiLPS (MALA)","Mean -60%",192,1.36695842059754,1.1130394955807,0.05395336141497,-0.253918925016843
"EpiLPS (MALA)","Mean -60%",193,1.36590703303142,1.11081327089299,0.0563709871319596,-0.255093762138427
"EpiLPS (MALA)","Mean -60%",194,1.35374441935837,1.10757471273524,0.0580325394566452,-0.246169706623135
"EpiLPS (MALA)","Mean -60%",195,1.33179505256341,1.1033104197514,0.0581858676872383,-0.228484632812012
"EpiLPS (MALA)","Mean -60%",196,1.30282908300336,1.09795886865818,0.0566471785058706,-0.204870214345182
"EpiLPS (MALA)","Mean -60%",197,1.26962792749398,1.09148672267887,0.0536751868945911,-0.178141204815105
"EpiLPS (MALA)","Mean -60%",198,1.23470197201586,1.08402412243861,0.0503212331628127,-0.150677849577248
"EpiLPS (MALA)","Mean -60%",199,1.20012008532359,1.07621126409765,0.0479890379830956,-0.123908821225936
"EpiLPS (MALA)","Mean -60%",200,1.16745324780638,1.06850350647559,0.0477177526258958,-0.0989497413307856
"EpiLPS (MALA)","Mean -60%",201,1.13781324493009,1.06116271492509,0.0490556813090061,-0.076650530005
"EpiLPS (MALA)","Mean -60%",202,1.11194114249594,1.05440109295231,0.0510541391931037,-0.0575400495436287
"EpiLPS (MALA)","Mean -60%",203,1.09030738318271,1.04849471851076,0.0528797018952492,-0.0418126646719486
"EpiLPS (MALA)","Mean -60%",204,1.07317842503564,1.04349444114596,0.0538158452488511,-0.0296839838896763
"EpiLPS (MALA)","Mean -60%",205,1.06040347302214,1.03945295757894,0.0532988207815333,-0.0209505154432026
"EpiLPS (MALA)","Mean -60%",206,1.05156904168052,1.03646487341041,0.0514926163665938,-0.0151041682701138
"EpiLPS (MALA)","Mean -60%",207,1.04624950999474,1.03460139450225,0.048999053741529,-0.0116481154924917
"EpiLPS (MALA)","Mean -60%",208,1.04403704329192,1.03384712010636,0.0475007610572444,-0.0101899231855562
"EpiLPS (MALA)","Mean -60%",209,1.0445651521307,1.03428516382049,0.0476147041143708,-0.0102799883102136
"EpiLPS (MALA)","Mean -60%",210,1.04752392002038,1.03594867128169,0.0489057593272295,-0.0115752487386915
"EpiLPS (MALA)","Mean -60%",211,1.05266551803821,1.03873588786246,0.0511492225774084,-0.0139296301757532
"EpiLPS (MALA)","Mean -60%",212,1.0598023103751,1.04263428456737,0.0534243764773222,-0.0171680258077311
"EpiLPS (MALA)","Mean -60%",213,1.06880062573221,1.047746169666,0.055181699080127,-0.0210544560662116
"EpiLPS (MALA)","Mean -60%",214,1.0795784696348,1.05387299419825,0.0554605253477523,-0.0257054754365518
"EpiLPS (MALA)","Mean -60%",215,1.09215111452811,1.06118425692443,0.0541332471508122,-0.0309668576036772
"EpiLPS (MALA)","Mean -60%",216,1.10660255202503,1.06972037384329,0.0516713147199785,-0.0368821781817434
"EpiLPS (MALA)","Mean -60%",217,1.1230463183655,1.07908383078918,0.0491523980662447,-0.0439624875763234
"EpiLPS (MALA)","Mean -60%",218,1.14161803384419,1.08909734695344,0.0479333983727912,-0.0525206868907517
"EpiLPS (MALA)","Mean -60%",219,1.16246850453014,1.09952560686894,0.048498476112177,-0.0629428976612019
"EpiLPS (MALA)","Mean -60%",220,1.18575867786174,1.1099939560135,0.0505400452788565,-0.0757647218482362
"EpiLPS (MALA)","Mean -60%",221,1.21165701983639,1.12037491640004,0.0529405461261311,-0.0912821034363462
"EpiLPS (MALA)","Mean -60%",222,1.24033898455105,1.13035922895529,0.0547865078997434,-0.109979755595762
"EpiLPS (MALA)","Mean -60%",223,1.27198794287079,1.13984758104793,0.0553572430412094,-0.132140361822856
"EpiLPS (MALA)","Mean -60%",224,1.30666523446541,1.14878278979298,0.0546098073380223,-0.157882444672433
"EpiLPS (MALA)","Mean -60%",225,1.3433530482977,1.15713189220798,0.0523977523298405,-0.186221156089718
"EpiLPS (MALA)","Mean -60%",226,1.38038171186225,1.16475217905706,0.0497746495343048,-0.215629532805186
"EpiLPS (MALA)","Mean -60%",227,1.41592160258673,1.17149407836845,0.048150778565644,-0.244427524218277
"EpiLPS (MALA)","Mean -60%",228,1.44808142918806,1.17701466120726,0.0486741260836265,-0.271066767980801
"EpiLPS (MALA)","Mean -60%",229,1.47504730588812,1.18131335601713,0.0508920503720015,-0.293733949870995
"EpiLPS (MALA)","Mean -60%",230,1.49521587906308,1.18410317092065,0.0536844592629619,-0.31111270814243
"EpiLPS (MALA)","Mean -60%",231,1.50729103953841,1.18549559055701,0.0559005873304227,-0.321795448981405
"EpiLPS (MALA)","Mean -60%",232,1.51033534857617,1.18528668381589,0.0567939130508813,-0.325048664760275
"EpiLPS (MALA)","Mean -60%",233,1.50378097074586,1.18352693902137,0.056126593762669,-0.320254031724491
"EpiLPS (MALA)","Mean -60%",234,1.48764960471254,1.18010203049066,0.0541227800621375,-0.307547574221884
"EpiLPS (MALA)","Mean -60%",235,1.46373241708909,1.17480433007356,0.0515900501922416,-0.288928087015527
"EpiLPS (MALA)","Mean -60%",236,1.43448143272486,1.16851515600385,0.0496778623618744,-0.265966276721013
"EpiLPS (MALA)","Mean -60%",237,1.40223769952072,1.16170759543073,0.0495573276198162,-0.240530104089991
"EpiLPS (MALA)","Mean -60%",238,1.36905513115977,1.15459989501578,0.0509262286585726,-0.214455236143991
"EpiLPS (MALA)","Mean -60%",239,1.33659069308879,1.14760866365382,0.0529292958295814,-0.188982029434966
"EpiLPS (MALA)","Mean -60%",240,1.30608415861083,1.14079296253783,0.0545794897550698,-0.165291196072997
"EpiLPS (MALA)","Mean -60%",241,1.27840456713347,1.1342142577701,0.0553788907164844,-0.144190309363372
"EpiLPS (MALA)","Mean -60%",242,1.25412742548082,1.12807009424507,0.0550962801135437,-0.126057331235749
"EpiLPS (MALA)","Mean -60%",243,1.23361554311767,1.12226679222299,0.0540014287411035,-0.111348750894683
"EpiLPS (MALA)","Mean -60%",244,1.21706403589592,1.11694807245825,0.0527273897484256,-0.100115963437674
"EpiLPS (MALA)","Mean -60%",245,1.20445667363505,1.11202793570007,0.0529346291018498,-0.0924287379349831
"EpiLPS (MALA)","Mean -60%",246,1.19569657050359,1.10735438279851,0.0559390471763856,-0.0883421877050796
"EpiLPS (MALA)","Mean -60%",247,1.19067334691389,1.10314529602517,0.0619746119270033,-0.0875280508887242
"EpiLPS (MALA)","Mean -60%",248,1.1892846905786,1.09969510569605,0.0697484980842652,-0.0895895848825539
"EpiLPS (MALA)","Mean -60%",249,1.1914521017446,1.09673357604036,0.078563984220981,-0.0947185257042431
"EpiLPS (MALA)","Mean -60%",250,1.19713021020468,1.09417108254919,0.0878779916102167,-0.102959127655489
"EpiLPS (MALA)","Mean -60%",251,1.20631090184647,1.09195078861136,0.0975097989044257,-0.114360113235114
"EpiLPS (MALA)","Mean -60%",252,1.21902415582724,1.08992627344804,0.107840192330758,-0.129097882379205
"EpiLPS (MALA)","Mean -60%",253,1.23533724681924,1.08827225452435,0.119449414445463,-0.147064992294891
"EpiLPS (MALA)","Correct SI",31,0.83125458603177,0.771039398804243,0.0728276701963952,-0.0602151872275267
"EpiLPS (MALA)","Correct SI",32,0.822012955905288,0.75842273625807,0.0684195331550732,-0.0635902196472176
"EpiLPS (MALA)","Correct SI",33,0.811083441801087,0.746609295796406,0.0659881039434406,-0.0644741460046814
"EpiLPS (MALA)","Correct SI",34,0.798410706391415,0.735911701032701,0.065860130800023,-0.0624990053587136
"EpiLPS (MALA)","Correct SI",35,0.783985284249482,0.725936945129986,0.0675420647036779,-0.0580483391194961
"EpiLPS (MALA)","Correct SI",36,0.767842249776292,0.71647684907502,0.069666038624609,-0.0513654007012725
"EpiLPS (MALA)","Correct SI",37,0.750320099865667,0.707475518649232,0.0712547841164851,-0.0428445812164345
"EpiLPS (MALA)","Correct SI",38,0.732127511283489,0.69886378522278,0.0711865067375544,-0.0332637260607089
"EpiLPS (MALA)","Correct SI",39,0.713945546467747,0.690404654079796,0.0695224869824947,-0.023540892387951
"EpiLPS (MALA)","Correct SI",40,0.696377644387645,0.682166477022393,0.0670300628235042,-0.0142111673652519
"EpiLPS (MALA)","Correct SI",41,0.679931575981829,0.674218931732022,0.064705537757038,-0.00571264424980678
"EpiLPS (MALA)","Correct SI",42,0.665012401557135,0.666724588460865,0.0632407148671417,0.00171218690372965
"EpiLPS (MALA)","Correct SI",43,0.65192842067752,0.659882037284902,0.0631854395529739,0.00795361660738181
"EpiLPS (MALA)","Correct SI",44,0.640906266957601,0.653684078233667,0.0645182227310322,0.0127778112760658
"EpiLPS (MALA)","Correct SI",45,0.632110069284813,0.648320473631017,0.0662688173995409,0.0162104043462037
"EpiLPS (MALA)","Correct SI",46,0.625656360123327,0.643914259069971,0.0676341340506953,0.0182578989466442
"EpiLPS (MALA)","Correct SI",47,0.621502273809677,0.640477374773821,0.0679559218574428,0.0189751009641441
"EpiLPS (MALA)","Correct SI",48,0.619441171957512,0.638114357376816,0.0669234450458636,0.0186731854193041
"EpiLPS (MALA)","Correct SI",49,0.619256488578844,0.636708863268983,0.0647145602310885,0.0174523746901392
"EpiLPS (MALA)","Correct SI",50,0.620736004042686,0.636395269836139,0.0622536132773429,0.0156592657934532
"EpiLPS (MALA)","Correct SI",51,0.623679916186844,0.637078195329468,0.0608460553349683,0.0133982791426243
"EpiLPS (MALA)","Correct SI",52,0.627908213332621,0.638959771511244,0.0608642255231467,0.0110515581786227
"EpiLPS (MALA)","Correct SI",53,0.633265384812971,0.641451469790959,0.062445284230487,0.00818608497798812
"EpiLPS (MALA)","Correct SI",54,0.639622221613428,0.644739118289467,0.0651438708178494,0.00511689667603932
"EpiLPS (MALA)","Correct SI",55,0.646875295241765,0.64885979695399,0.0678624974738261,0.00198450171222531
"EpiLPS (MALA)","Correct SI",56,0.654940797889892,0.653760843405342,0.0698771144264357,-0.00117995448454955
"EpiLPS (MALA)","Correct SI",57,0.663667548235467,0.65924806498962,0.0702463672683894,-0.00441948324584662
"EpiLPS (MALA)","Correct SI",58,0.67283196893338,0.66520648439031,0.068801803508996,-0.00762548454307055
"EpiLPS (MALA)","Correct SI",59,0.682212593504884,0.671638788259229,0.0669315631363828,-0.0105738052456545
"EpiLPS (MALA)","Correct SI",60,0.691594549334227,0.678675777387626,0.0658631333065133,-0.0129187719466008
"EpiLPS (MALA)","Correct SI",61,0.700774343176902,0.685976394585144,0.0665001244066314,-0.0147979485917582
"EpiLPS (MALA)","Correct SI",62,0.709565411363515,0.693736607481792,0.068946452444233,-0.0158288038817231
"EpiLPS (MALA)","Correct SI",63,0.717802382251417,0.70184168876112,0.072272640030184,-0.015960693490297
"EpiLPS (MALA)","Correct SI",64,0.725343303375917,0.709906561254112,0.0756948047554198,-0.0154367421218049
"EpiLPS (MALA)","Correct SI",65,0.732069930484564,0.718043867263788,0.078218241662253,-0.0140260632207757
"EpiLPS (MALA)","Correct SI",66,0.737895666769886,0.72613079310082,0.0790424911852849,-0.0117648736690661
"EpiLPS (MALA)","Correct SI",67,0.742895958587221,0.734371531018498,0.0780394673752195,-0.0085244275687234
"EpiLPS (MALA)","Correct SI",68,0.747278763319657,0.742324084231959,0.0754632768967282,-0.00495467908769809
"EpiLPS (MALA)","Correct SI",69,0.751271373438236,0.749958663714275,0.0729990823945853,-0.00131270972396136
"EpiLPS (MALA)","Correct SI",70,0.755105697598796,0.757164578547535,0.0717751797723499,0.00205888094873918
"EpiLPS (MALA)","Correct SI",71,0.759004827658807,0.764040017109631,0.0727213265554926,0.00503518945082393
"EpiLPS (MALA)","Correct SI",72,0.76317231106088,0.770752420534958,0.0754574786563623,0.0075801094740775
"EpiLPS (MALA)","Correct SI",73,0.767786202417761,0.777079559485728,0.07870009664705,0.0092933570679673
"EpiLPS (MALA)","Correct SI",74,0.772997638290372,0.783302609842696,0.0816823787089404,0.0103049715523237
"EpiLPS (MALA)","Correct SI",75,0.77893263784533,0.789265209184123,0.0834349170578728,0.0103325713387934
"EpiLPS (MALA)","Correct SI",76,0.78568141824908,0.794707240174246,0.0833470318025566,0.00902582192516632
"EpiLPS (MALA)","Correct SI",77,0.793148670755028,0.799793867633424,0.0820890267558311,0.00664519687839626
"EpiLPS (MALA)","Correct SI",78,0.801109464577554,0.804676201326198,0.0800949855144019,0.00356673674864405
"EpiLPS (MALA)","Correct SI",79,0.809317687520099,0.80939532765693,0.0786826718165429,7.7640136831425e-05
"EpiLPS (MALA)","Correct SI",80,0.817518562189946,0.81364096943328,0.0786185159086427,-0.00387759275666621
"EpiLPS (MALA)","Correct SI",81,0.825462916255739,0.817496186599733,0.0801971414842628,-0.00796672965600587
"EpiLPS (MALA)","Correct SI",82,0.832920079463184,0.821015795063564,0.0829001055879693,-0.0119042843996203
"EpiLPS (MALA)","Correct SI",83,0.83968668789734,0.824316176102088,0.0855117592923497,-0.0153705117952517
"EpiLPS (MALA)","Correct SI",84,0.845591000049052,0.82748017836335,0.0870075005776642,-0.0181108216857018
"EpiLPS (MALA)","Correct SI",85,0.850493536894317,0.830534548659475,0.0868351069979581,-0.0199589882348418
"EpiLPS (MALA)","Correct SI",86,0.854297533108007,0.833398271959185,0.0846011887181991,-0.0208992611488225
"EpiLPS (MALA)","Correct SI",87,0.857044342489846,0.83625594096616,0.0816624403756858,-0.0207884015236861
"EpiLPS (MALA)","Correct SI",88,0.858857822167393,0.838836350412904,0.0793169323811639,-0.0200214717544888
"EpiLPS (MALA)","Correct SI",89,0.859878747666928,0.841043840759606,0.0789230416559916,-0.0188349069073218
"EpiLPS (MALA)","Correct SI",90,0.86025311141159,0.843619272847389,0.0808239277668052,-0.016633838564201
"EpiLPS (MALA)","Correct SI",91,0.860120701023208,0.846409088086669,0.0839519622148127,-0.013711612936539
"EpiLPS (MALA)","Correct SI",92,0.859606619529194,0.84932957528372,0.0874133363005022,-0.0102770442454742
"EpiLPS (MALA)","Correct SI",93,0.8588168361623,0.85271132588477,0.089936377641278,-0.00610551027753037
"EpiLPS (MALA)","Correct SI",94,0.857837212377275,0.856353879947535,0.0906422641437484,-0.00148333242973953
"EpiLPS (MALA)","Correct SI",95,0.856734852284735,0.860147011414932,0.089284848063784,0.00341215913019677
"EpiLPS (MALA)","Correct SI",96,0.855586935925609,0.864333633856713,0.0865208015352855,0.00874669793110427
"EpiLPS (MALA)","Correct SI",97,0.854642173312711,0.86852670478044,0.0840378811028118,0.0138845314677288
"EpiLPS (MALA)","Correct SI",98,0.854216899337268,0.873288861394653,0.0832855557731023,0.0190719620573852
"EpiLPS (MALA)","Correct SI",99,0.854615196085733,0.878534097076251,0.0846572549905564,0.0239189009905183
"EpiLPS (MALA)","Correct SI",100,0.856123392287051,0.883977579746272,0.0877926448003872,0.0278541874592206
"EpiLPS (MALA)","Correct SI",101,0.859003725920451,0.890016210656935,0.0911653797334185,0.0310124847364837
"EpiLPS (MALA)","Correct SI",102,0.863491057515902,0.896849184014017,0.09425635347568,0.0333581264981145
"EpiLPS (MALA)","Correct SI",103,0.869793786137492,0.904358172245979,0.0955847286932644,0.0345643861084868
"EpiLPS (MALA)","Correct SI",104,0.878098070350996,0.91245500894372,0.0948306152073555,0.0343569385927246
"EpiLPS (MALA)","Correct SI",105,0.888573897619543,0.920941216835736,0.0923489794501645,0.0323673192161927
"EpiLPS (MALA)","Correct SI",106,0.901301658370892,0.929641211792705,0.089648865195956,0.0283395534218125
"EpiLPS (MALA)","Correct SI",107,0.915897849763235,0.938357278867526,0.0880162356593666,0.0224594291042914
"EpiLPS (MALA)","Correct SI",108,0.931781890770312,0.947036965343889,0.0884332760150922,0.0152550745735766
"EpiLPS (MALA)","Correct SI",109,0.964908287444313,0.955415384309325,0.0907702129376663,-0.00949290313498785
"EpiLPS (MALA)","Correct SI",110,0.980887218164916,0.962814826686256,0.0943113255783697,-0.0180723914786596
"EpiLPS (MALA)","Correct SI",111,0.995692213942587,0.969154126803276,0.0975301896152819,-0.0265380871393106
"EpiLPS (MALA)","Correct SI",112,1.00881666031265,0.974424249530561,0.0996500146952101,-0.0343924107820889
"EpiLPS (MALA)","Correct SI",113,1.01983605940048,0.978386815852241,0.0995360960009613,-0.0414492435482386
"EpiLPS (MALA)","Correct SI",114,1.02841129997895,0.981160960007366,0.0972102941254643,-0.0472503399715839
"EpiLPS (MALA)","Correct SI",115,1.03430371035801,0.982538825752087,0.0940367340536636,-0.0517648846059234
"EpiLPS (MALA)","Correct SI",116,1.03743175161603,0.982686211425397,0.0917178397343763,-0.0547455401906328
"EpiLPS (MALA)","Correct SI",117,1.0378022122009,0.981496921286829,0.0914296547968085,-0.0563052909140711
"EpiLPS (MALA)","Correct SI",118,1.03547276308025,0.979606202481873,0.0931381230900676,-0.0558665605983775
"EpiLPS (MALA)","Correct SI",119,1.03053550780697,0.976944987073624,0.0960620839404978,-0.0535905207333461
"EpiLPS (MALA)","Correct SI",120,1.02310221069091,0.973533822678784,0.0992849295794017,-0.0495683880121264
"EpiLPS (MALA)","Correct SI",121,1.01329357541095,0.96953232212996,0.101064103699235,-0.0437612532809899
"EpiLPS (MALA)","Correct SI",122,1.00123289414715,0.965160075792842,0.100404619148256,-0.0360728183543083
"EpiLPS (MALA)","Correct SI",123,0.987043160294477,0.960154954703633,0.0976002632544979,-0.0268882055908443
"EpiLPS (MALA)","Correct SI",124,0.970846430550826,0.95459144864287,0.0938300526591324,-0.0162549819079557
"EpiLPS (MALA)","Correct SI",125,0.953001568168985,0.94908081885619,0.0907159013512367,-0.00392074931279507
"EpiLPS (MALA)","Correct SI",126,0.934680947695761,0.943683521856178,0.0890922083322681,0.00900257416041728
"EpiLPS (MALA)","Correct SI",127,0.917145793226913,0.938980062607772,0.0896091029285826,0.0218342693808585
"EpiLPS (MALA)","Correct SI",128,0.901530406151582,0.935267251044253,0.0920726258590085,0.033736844892671
"EpiLPS (MALA)","Correct SI",129,0.888820761331304,0.93283849985836,0.0947897560276116,0.0440177385270564
"EpiLPS (MALA)","Correct SI",130,0.879849051096058,0.931620555587906,0.0967557859118884,0.0517715044918481
"EpiLPS (MALA)","Correct SI",131,0.875312502934994,0.931846685982502,0.097269824277297,0.0565341830475076
"EpiLPS (MALA)","Correct SI",132,0.875810644994376,0.933513290566159,0.0958225050841417,0.0577026455717825
"EpiLPS (MALA)","Correct SI",133,0.881891211117993,0.936963868600253,0.0930743706871579,0.0550726574822603
"EpiLPS (MALA)","Correct SI",134,0.894096753734329,0.941338589208306,0.0905973608260721,0.0472418354739766
"EpiLPS (MALA)","Correct SI",135,0.912538889585145,0.946649012679392,0.0896772711316125,0.0341101230942472
"EpiLPS (MALA)","Correct SI",136,0.935968580436848,0.952581008770507,0.0910605244413773,0.0166124283336593
"EpiLPS (MALA)","Correct SI",137,0.962748452443007,0.958953111410687,0.094799453375581,-0.00379534103232015
"EpiLPS (MALA)","Correct SI",138,0.991058087015847,0.964868922525199,0.0996200388137562,-0.0261891644906479
"EpiLPS (MALA)","Correct SI",139,1.01894781256074,0.970605423135136,0.103325132411228,-0.0483423894256044
"EpiLPS (MALA)","Correct SI",140,1.04444932027992,0.97560742745806,0.105320705135719,-0.0688418928218602
"EpiLPS (MALA)","Correct SI",141,1.0657059122687,0.980117431820305,0.105075617680739,-0.0855884804483955
"EpiLPS (MALA)","Correct SI",142,1.0810929449843,0.983606237729365,0.102644986929498,-0.097486707254935
"EpiLPS (MALA)","Correct SI",143,1.08930930531451,0.985892027683716,0.0986645146366418,-0.103417277630794
"EpiLPS (MALA)","Correct SI",144,1.08943317712892,0.986898401589127,0.0955364545889295,-0.102534775539793
"EpiLPS (MALA)","Correct SI",145,1.08148967301391,0.987225524623908,0.0944189158631698,-0.0942641483900025
"EpiLPS (MALA)","Correct SI",146,1.067118056924,0.986751678527179,0.0954427172182693,-0.0803663783968209
"EpiLPS (MALA)","Correct SI",147,1.04828964020928,0.985278537997797,0.0984188890328421,-0.0630111022114834
"EpiLPS (MALA)","Correct SI",148,1.02693455801449,0.982813393362904,0.101293213188199,-0.0441211646515862
"EpiLPS (MALA)","Correct SI",149,1.00477443375589,0.979624336045039,0.103234737144293,-0.0251500977108513
"EpiLPS (MALA)","Correct SI",150,0.983222907766779,0.975718766327047,0.102962763291739,-0.00750414143973177
"EpiLPS (MALA)","Correct SI",151,0.963363940769346,0.971022997334084,0.100424774897787,0.00765905656473809
"EpiLPS (MALA)","Correct SI",152,0.945985514931433,0.965330706255566,0.0967215703484003,0.0193451913241326
"EpiLPS (MALA)","Correct SI",153,0.931639698450479,0.959388527700242,0.0935312282996434,0.0277488292497629
"EpiLPS (MALA)","Correct SI",154,0.920706027513323,0.953343322032826,0.0923096933502526,0.0326372945195033
"EpiLPS (MALA)","Correct SI",155,0.913287949909382,0.947960557545873,0.0931250293106894,0.0346726076364906
"EpiLPS (MALA)","Correct SI",156,0.909118262499206,0.943337931000172,0.0958457611479834,0.0342196685009659
"EpiLPS (MALA)","Correct SI",157,0.90786599524967,0.939423473693324,0.0992412751337464,0.0315574784436542
"EpiLPS (MALA)","Correct SI",158,0.909191813449816,0.936406666820178,0.101479326296865,0.0272148533703618
"EpiLPS (MALA)","Correct SI",159,0.9127706498954,0.934608822881881,0.101928447402176,0.0218381729864812
"EpiLPS (MALA)","Correct SI",160,0.918310343562916,0.934219316281079,0.0999200247732502,0.0159089727181633
"EpiLPS (MALA)","Correct SI",161,0.925562601543549,0.935379320751572,0.0962838200823213,0.00981671920802274
"EpiLPS (MALA)","Correct SI",162,0.934326617511047,0.937816202508432,0.0923184721765224,0.0034895849973855
"EpiLPS (MALA)","Correct SI",163,0.944447396594412,0.941219888895712,0.0894736552505598,-0.00322750769870006
"EpiLPS (MALA)","Correct SI",164,0.955808426255688,0.945933937608745,0.0892980999046701,-0.00987448864694329
"EpiLPS (MALA)","Correct SI",165,0.968171987055275,0.951742835397807,0.091235976966743,-0.0164291516574682
"EpiLPS (MALA)","Correct SI",166,0.981075418082579,0.958340325708917,0.0947532892082344,-0.022735092373662
"EpiLPS (MALA)","Correct SI",167,0.99403776313242,0.965798548001251,0.0985315492231047,-0.0282392151311693
"EpiLPS (MALA)","Correct SI",168,1.00658618871785,0.973702919946935,0.100944173119091,-0.0328832687709153
"EpiLPS (MALA)","Correct SI",169,1.01827263962082,0.981953229521422,0.101310221351295,-0.0363194100993983
"EpiLPS (MALA)","Correct SI",170,1.02869207421039,0.990644956719964,0.100168398145421,-0.0380471174904259
"EpiLPS (MALA)","Correct SI",171,1.03749575970787,0.999600881697927,0.0982551063454124,-0.0378948780099427
"EpiLPS (MALA)","Correct SI",172,1.04439766370686,1.00943985323037,0.0970388508172029,-0.0349578104764947
"EpiLPS (MALA)","Correct SI",173,1.04917474480308,1.0198953170388,0.0977840012868181,-0.0292794277642798
"EpiLPS (MALA)","Correct SI",174,1.05167598943045,1.03097749929775,0.100288529003994,-0.0206984901327005
"EpiLPS (MALA)","Correct SI",175,1.05228684352057,1.04262237691447,0.104233940422774,-0.00966446660610365
"EpiLPS (MALA)","Correct SI",176,1.05205037229906,1.05506016078436,0.108395361665456,0.00300978848529976
"EpiLPS (MALA)","Correct SI",177,1.05206304074467,1.06843214914627,0.111394072149637,0.0163691084016044
"EpiLPS (MALA)","Correct SI",178,1.0533911428065,1.08301902622958,0.11185610227694,0.0296278834230836
"EpiLPS (MALA)","Correct SI",179,1.05702523270082,1.09846261287298,0.11013955699356,0.0414373801721595
"EpiLPS (MALA)","Correct SI",180,1.06385390304002,1.11482032942149,0.106836272075281,0.0509664263814702
"EpiLPS (MALA)","Correct SI",181,1.07466368846286,1.13158386800589,0.10374810706549,0.0569201795430294
"EpiLPS (MALA)","Correct SI",182,1.09015918537017,1.14855054716909,0.103269593952347,0.058391361798924
"EpiLPS (MALA)","Correct SI",183,1.11099415707904,1.16510969212004,0.106033652348378,0.0541155350410019
"EpiLPS (MALA)","Correct SI",184,1.13776253966062,1.18111839745864,0.111062679119021,0.0433558577980244
"EpiLPS (MALA)","Correct SI",185,1.16994138910722,1.19584046036286,0.116625700825038,0.0258990712556437
"EpiLPS (MALA)","Correct SI",186,1.20568067952197,1.20940568652909,0.120781432811865,0.00372500700712175
"EpiLPS (MALA)","Correct SI",187,1.24280592689739,1.22144506989212,0.122767048684215,-0.0213608570052664
"EpiLPS (MALA)","Correct SI",188,1.27892507759421,1.23152754341289,0.121784450429059,-0.0473975341813184
"EpiLPS (MALA)","Correct SI",189,1.31157809299846,1.23966253149676,0.118314662828996,-0.0719155615017022
"EpiLPS (MALA)","Correct SI",190,1.33842575739913,1.24586755586552,0.114921497548562,-0.0925582015336062
"EpiLPS (MALA)","Correct SI",191,1.35742493987032,1.24964862102133,0.113292532737143,-0.107776318848987
"EpiLPS (MALA)","Correct SI",192,1.36695842059754,1.25088154337284,0.114873210178321,-0.116076877224696
"EpiLPS (MALA)","Correct SI",193,1.36590703303142,1.24957026289453,0.118352052081366,-0.116336770136891
"EpiLPS (MALA)","Correct SI",194,1.35374441935837,1.24540178268,0.122539254482867,-0.108342636678373
"EpiLPS (MALA)","Correct SI",195,1.33179505256341,1.2386443300718,0.125584913235557,-0.0931507224916093
"EpiLPS (MALA)","Correct SI",196,1.30282908300336,1.2292946632679,0.126695976387491,-0.0735344197354553
"EpiLPS (MALA)","Correct SI",197,1.26962792749398,1.21741177515395,0.124393107780253,-0.0522161523400253
"EpiLPS (MALA)","Correct SI",198,1.23470197201586,1.20305758689445,0.118990580176312,-0.0316443851214059
"EpiLPS (MALA)","Correct SI",199,1.20012008532359,1.18711282836415,0.112251576290613,-0.0130072569594413
"EpiLPS (MALA)","Correct SI",200,1.16745324780638,1.16997692940713,0.106913384006853,0.00252368160075367
"EpiLPS (MALA)","Correct SI",201,1.13781324493009,1.15282509935305,0.104673761725285,0.0150118544229627
"EpiLPS (MALA)","Correct SI",202,1.11194114249594,1.1364707595649,0.104972824632822,0.024529617068956
"EpiLPS (MALA)","Correct SI",203,1.09030738318271,1.12137911418583,0.107437986995934,0.0310717310031199
"EpiLPS (MALA)","Correct SI",204,1.07317842503564,1.10763870132318,0.110068111511892,0.0344602762875446
"EpiLPS (MALA)","Correct SI",205,1.06040347302214,1.0958395672311,0.111159749727528,0.0354360942089593
"EpiLPS (MALA)","Correct SI",206,1.05156904168052,1.08616496550209,0.110204291780898,0.0345959238215654
"EpiLPS (MALA)","Correct SI",207,1.04624950999474,1.0789317862632,0.107186834846535,0.0326822762684642
"EpiLPS (MALA)","Correct SI",208,1.04403704329192,1.07384677913508,0.103158959241061,0.0298097358431593
"EpiLPS (MALA)","Correct SI",209,1.0445651521307,1.07154819226123,0.0994102321862289,0.0269830401305262
"EpiLPS (MALA)","Correct SI",210,1.04752392002038,1.07128658358345,0.0983563529803988,0.023762663563065
"EpiLPS (MALA)","Correct SI",211,1.05266551803821,1.0734533131076,0.100473649522736,0.0207877950693878
"EpiLPS (MALA)","Correct SI",212,1.0598023103751,1.07855442201658,0.104830146391331,0.0187521116414848
"EpiLPS (MALA)","Correct SI",213,1.06880062573221,1.08593149098683,0.109812961620912,0.0171308652546163
"EpiLPS (MALA)","Correct SI",214,1.0795784696348,1.09603333488335,0.113551952245963,0.0164548652485508
"EpiLPS (MALA)","Correct SI",215,1.09215111452811,1.10885096848095,0.114955414610876,0.0166998539528402
"EpiLPS (MALA)","Correct SI",216,1.10660255202503,1.12432356851275,0.113824598859871,0.0177210164877164
"EpiLPS (MALA)","Correct SI",217,1.1230463183655,1.14231461138012,0.110883515536359,0.0192682930146184
"EpiLPS (MALA)","Correct SI",218,1.14161803384419,1.16225705315789,0.107889366580124,0.0206390193136967
"EpiLPS (MALA)","Correct SI",219,1.16246850453014,1.18404317045775,0.106268311390278,0.0215746659276066
"EpiLPS (MALA)","Correct SI",220,1.18575867786174,1.20674452448035,0.108083352215151,0.0209858466186081
"EpiLPS (MALA)","Correct SI",221,1.21165701983639,1.23017686779436,0.113447010555269,0.0185198479579698
"EpiLPS (MALA)","Correct SI",222,1.24033898455105,1.25411868166743,0.120234132399495,0.0137796971163791
"EpiLPS (MALA)","Correct SI",223,1.27198794287079,1.27782484299902,0.126394038040168,0.00583690012823235
"EpiLPS (MALA)","Correct SI",224,1.30666523446541,1.30125870147744,0.130407181537439,-0.00540653298796712
"EpiLPS (MALA)","Correct SI",225,1.3433530482977,1.32351665255179,0.131122623717974,-0.0198363957459069
"EpiLPS (MALA)","Correct SI",226,1.38038171186225,1.34477390999913,0.128741336830563,-0.0356078018631172
"EpiLPS (MALA)","Correct SI",227,1.41592160258673,1.36433379149345,0.125592895297872,-0.0515878110932784
"EpiLPS (MALA)","Correct SI",228,1.44808142918806,1.38190392653633,0.123732185605489,-0.0661775026517284
"EpiLPS (MALA)","Correct SI",229,1.47504730588812,1.39642874198469,0.125196831488426,-0.0786185639034331
"EpiLPS (MALA)","Correct SI",230,1.49521587906308,1.40787878720003,0.130015912624398,-0.0873370918630487
"EpiLPS (MALA)","Correct SI",231,1.50729103953841,1.41588262408964,0.136003463469455,-0.0914084154487669
"EpiLPS (MALA)","Correct SI",232,1.51033534857617,1.42070009888308,0.141118499952065,-0.0896352496930883
"EpiLPS (MALA)","Correct SI",233,1.50378097074586,1.42156073322982,0.144038728816004,-0.0822202375160372
"EpiLPS (MALA)","Correct SI",234,1.48764960471254,1.41815158706348,0.142664202605978,-0.0694980176490638
"EpiLPS (MALA)","Correct SI",235,1.46373241708909,1.41076239046997,0.137719959103855,-0.0529700266191244
"EpiLPS (MALA)","Correct SI",236,1.43448143272486,1.40045959732302,0.130495381389408,-0.0340218354018369
"EpiLPS (MALA)","Correct SI",237,1.40223769952072,1.38733923569291,0.123934899821475,-0.0148984638278102
"EpiLPS (MALA)","Correct SI",238,1.36905513115977,1.37183071552945,0.120324485849685,0.00277558436968084
"EpiLPS (MALA)","Correct SI",239,1.33659069308879,1.35511834058103,0.120087851462629,0.0185276474922371
"EpiLPS (MALA)","Correct SI",240,1.30608415861083,1.33766872041115,0.12220127527764,0.0315845618003188
"EpiLPS (MALA)","Correct SI",241,1.27840456713347,1.32047634872048,0.125214556404448,0.042071781587014
"EpiLPS (MALA)","Correct SI",242,1.25412742548082,1.30413553715538,0.127454393663692,0.0500081116745568
"EpiLPS (MALA)","Correct SI",243,1.23361554311767,1.28867827044012,0.127416992102988,0.0550627273224513
"EpiLPS (MALA)","Correct SI",244,1.21706403589592,1.27423839802447,0.125827798471282,0.0571743621285474
"EpiLPS (MALA)","Correct SI",245,1.20445667363505,1.26083086458073,0.123804074600592,0.0563741909456827
"EpiLPS (MALA)","Correct SI",246,1.19569657050359,1.24822709309037,0.124179821451545,0.0525305225867816
"EpiLPS (MALA)","Correct SI",247,1.19067334691389,1.23724162114368,0.129956252227432,0.0465682742297913
"EpiLPS (MALA)","Correct SI",248,1.1892846905786,1.22780454065117,0.140483990749749,0.0385198500725683
"EpiLPS (MALA)","Correct SI",249,1.1914521017446,1.21950687099818,0.155181800924311,0.0280547692535809
"EpiLPS (MALA)","Correct SI",250,1.19713021020468,1.21227428614861,0.173666790330345,0.0151440759439292
"EpiLPS (MALA)","Correct SI",251,1.20631090184647,1.2061038334239,0.194292688250029,-0.000207068422572787
"EpiLPS (MALA)","Correct SI",252,1.21902415582724,1.20134844793029,0.21641643259256,-0.0176757078969498
"EpiLPS (MALA)","Correct SI",253,1.23533724681924,1.19757439126513,0.241283183417937,-0.0377628555541063
"EpiLPS (MALA)","Mean +60%",31,0.83125458603177,0.707927835321128,0.0984046548409365,-0.123326750710642
"EpiLPS (MALA)","Mean +60%",32,0.822012955905288,0.686543324745618,0.093308186455543,-0.13546963115967
"EpiLPS (MALA)","Mean +60%",33,0.811083441801087,0.667414577083732,0.0884285070465758,-0.143668864717355
"EpiLPS (MALA)","Mean +60%",34,0.798410706391415,0.649960357821826,0.0847302474623696,-0.148450348569589
"EpiLPS (MALA)","Mean +60%",35,0.783985284249482,0.634031275888791,0.0826322719869319,-0.14995400836069
"EpiLPS (MALA)","Mean +60%",36,0.767842249776292,0.619464782276562,0.0817765144981457,-0.14837746749973
"EpiLPS (MALA)","Mean +60%",37,0.750320099865667,0.6059702421845,0.0814938427003964,-0.144349857681167
"EpiLPS (MALA)","Mean +60%",38,0.732127511283489,0.593337068148536,0.0809094877477507,-0.138790443134953
"EpiLPS (MALA)","Mean +60%",39,0.713945546467747,0.581255722135818,0.0796321284144885,-0.132689824331929
"EpiLPS (MALA)","Mean +60%",40,0.696377644387645,0.569731352210647,0.0774498127185082,-0.126646292176998
"EpiLPS (MALA)","Mean +60%",41,0.679931575981829,0.558858979845755,0.0750625810551996,-0.121072596136074
"EpiLPS (MALA)","Mean +60%",42,0.665012401557135,0.548643242849454,0.0726365237949755,-0.116369158707681
"EpiLPS (MALA)","Mean +60%",43,0.65192842067752,0.539061331844419,0.0708734250189857,-0.112867088833101
"EpiLPS (MALA)","Mean +60%",44,0.640906266957601,0.530082317782909,0.0700424453391677,-0.110823949174692
"EpiLPS (MALA)","Mean +60%",45,0.632110069284813,0.521943380747544,0.0697473286132134,-0.110166688537269
"EpiLPS (MALA)","Mean +60%",46,0.625656360123327,0.514726550435532,0.0698615389426624,-0.110929809687795
"EpiLPS (MALA)","Mean +60%",47,0.621502273809677,0.508411538656438,0.0701366263043761,-0.113090735153239
"EpiLPS (MALA)","Mean +60%",48,0.619441171957512,0.503231285670833,0.0701511878357178,-0.116209886286679
"EpiLPS (MALA)","Mean +60%",49,0.619256488578844,0.499491552671729,0.0697649891879489,-0.119764935907115
"EpiLPS (MALA)","Mean +60%",50,0.620736004042686,0.496785088864181,0.0688383082585139,-0.123950915178505
"EpiLPS (MALA)","Mean +60%",51,0.623679916186844,0.49524155086012,0.0679592648011647,-0.128438365326724
"EpiLPS (MALA)","Mean +60%",52,0.627908213332621,0.494826758497972,0.067392849698636,-0.133081454834649
"EpiLPS (MALA)","Mean +60%",53,0.633265384812971,0.495554486271204,0.0671019760285129,-0.137710898541767
"EpiLPS (MALA)","Mean +60%",54,0.639622221613428,0.497307852816276,0.0675847064278749,-0.142314368797152
"EpiLPS (MALA)","Mean +60%",55,0.646875295241765,0.500439450929771,0.0685749901293121,-0.146435844311994
"EpiLPS (MALA)","Mean +60%",56,0.654940797889892,0.504698773633927,0.0698573832968074,-0.150242024255965
"EpiLPS (MALA)","Mean +60%",57,0.663667548235467,0.509722366836262,0.0710149817982726,-0.153945181399205
"EpiLPS (MALA)","Mean +60%",58,0.67283196893338,0.515737213331534,0.0713761565479561,-0.157094755601846
"EpiLPS (MALA)","Mean +60%",59,0.682212593504884,0.52258292534788,0.0713766274763987,-0.159629668157004
"EpiLPS (MALA)","Mean +60%",60,0.691594549334227,0.530296663646241,0.0711890399479556,-0.161297885687986
"EpiLPS (MALA)","Mean +60%",61,0.700774343176902,0.538503712525439,0.0715587844330591,-0.162270630651463
"EpiLPS (MALA)","Mean +60%",62,0.709565411363515,0.547394093646006,0.0726024270033605,-0.162171317717509
"EpiLPS (MALA)","Mean +60%",63,0.717802382251417,0.55687308013026,0.0747166831657782,-0.160929302121157
"EpiLPS (MALA)","Mean +60%",64,0.725343303375917,0.566763913511174,0.0775982003734331,-0.158579389864743
"EpiLPS (MALA)","Mean +60%",65,0.732069930484564,0.576986805487479,0.0810084578493844,-0.155083124997085
"EpiLPS (MALA)","Mean +60%",66,0.737895666769886,0.587318011070413,0.084123910593539,-0.150577655699473
"EpiLPS (MALA)","Mean +60%",67,0.742895958587221,0.597466040839001,0.0859015066554361,-0.14542991774822
"EpiLPS (MALA)","Mean +60%",68,0.747278763319657,0.607538545528194,0.0867935715246206,-0.139740217791463
"EpiLPS (MALA)","Mean +60%",69,0.751271373438236,0.617596170311401,0.0867682464734942,-0.133675203126835
"EpiLPS (MALA)","Mean +60%",70,0.755105697598796,0.627474949167141,0.0864445253569933,-0.127630748431655
"EpiLPS (MALA)","Mean +60%",71,0.759004827658807,0.637186659012029,0.0863733909806895,-0.121818168646778
"EpiLPS (MALA)","Mean +60%",72,0.76317231106088,0.646668047147532,0.087465562871739,-0.116504263913348
"EpiLPS (MALA)","Mean +60%",73,0.767786202417761,0.655790557190068,0.0897046183028159,-0.111995645227693
"EpiLPS (MALA)","Mean +60%",74,0.772997638290372,0.664529137015394,0.0924319741889829,-0.108468501274978
"EpiLPS (MALA)","Mean +60%",75,0.77893263784533,0.672629357265127,0.0947935376525967,-0.106303280580203
"EpiLPS (MALA)","Mean +60%",76,0.78568141824908,0.680357998263147,0.0968437330204563,-0.105323419985933
"EpiLPS (MALA)","Mean +60%",77,0.793148670755028,0.687658864929519,0.0978390819213112,-0.105489805825509
"EpiLPS (MALA)","Mean +60%",78,0.801109464577554,0.694753267718592,0.0976339084706321,-0.106356196858962
"EpiLPS (MALA)","Mean +60%",79,0.809317687520099,0.701348800600432,0.0969290174646118,-0.107968886919667
"EpiLPS (MALA)","Mean +60%",80,0.817518562189946,0.707513413917123,0.0967021304257527,-0.110005148272823
"EpiLPS (MALA)","Mean +60%",81,0.825462916255739,0.713447694718671,0.0970311675255155,-0.112015221537068
"EpiLPS (MALA)","Mean +60%",82,0.832920079463184,0.718979865424536,0.0985650634714868,-0.113940214038648
"EpiLPS (MALA)","Mean +60%",83,0.83968668789734,0.72403112859249,0.100677265212354,-0.11565555930485
"EpiLPS (MALA)","Mean +60%",84,0.845591000049052,0.729028229600848,0.102647688781467,-0.116562770448204
"EpiLPS (MALA)","Mean +60%",85,0.850493536894317,0.733784293244265,0.104105783231276,-0.116709243650052
"EpiLPS (MALA)","Mean +60%",86,0.854297533108007,0.738145484510459,0.104171995778934,-0.116152048597548
"EpiLPS (MALA)","Mean +60%",87,0.857044342489846,0.742588751587458,0.103238307254836,-0.114455590902388
"EpiLPS (MALA)","Mean +60%",88,0.858857822167393,0.746802294123431,0.102302134326699,-0.112055528043962
"EpiLPS (MALA)","Mean +60%",89,0.859878747666928,0.750816614685299,0.101656576933049,-0.109062132981629
"EpiLPS (MALA)","Mean +60%",90,0.86025311141159,0.75471104919728,0.101837472423443,-0.10554206221431
"EpiLPS (MALA)","Mean +60%",91,0.860120701023208,0.758766226098234,0.102852108602936,-0.101354474924974
"EpiLPS (MALA)","Mean +60%",92,0.859606619529194,0.762833281413447,0.105186620348852,-0.0967733381157475
"EpiLPS (MALA)","Mean +60%",93,0.8588168361623,0.767142269147648,0.108157191734629,-0.0916745670146516
"EpiLPS (MALA)","Mean +60%",94,0.857837212377275,0.771488179324364,0.110062433008833,-0.0863490330529114
"EpiLPS (MALA)","Mean +60%",95,0.856734852284735,0.776303985463097,0.110625750687818,-0.0804308668216381
"EpiLPS (MALA)","Mean +60%",96,0.855586935925609,0.78160861019882,0.110309540597041,-0.0739783257267893
"EpiLPS (MALA)","Mean +60%",97,0.854642173312711,0.787172479316221,0.109576830850168,-0.0674696939964897
"EpiLPS (MALA)","Mean +60%",98,0.854216899337268,0.793185901185701,0.1090059186637,-0.0610309981515671
"EpiLPS (MALA)","Mean +60%",99,0.854615196085733,0.799805123615234,0.108929300847093,-0.0548100724704986
"EpiLPS (MALA)","Mean +60%",100,0.856123392287051,0.8070558933867,0.11003291196684,-0.0490674989003506
"EpiLPS (MALA)","Mean +60%",101,0.859003725920451,0.81477027682622,0.112416415153019,-0.0442334490942307
"EpiLPS (MALA)","Mean +60%",102,0.863491057515902,0.823202546661056,0.116166961008643,-0.0402885108548457
"EpiLPS (MALA)","Mean +60%",103,0.869793786137492,0.83247165006127,0.119883228366914,-0.0373221360762218
"EpiLPS (MALA)","Mean +60%",104,0.878098070350996,0.842974905276935,0.123007356351981,-0.0351231650740605
"EpiLPS (MALA)","Mean +60%",105,0.888573897619543,0.854126682193355,0.124396188666775,-0.0344472154261881
"EpiLPS (MALA)","Mean +60%",106,0.901301658370892,0.865976626450049,0.124798688519326,-0.0353250319208427
"EpiLPS (MALA)","Mean +60%",107,0.915897849763235,0.878366319442068,0.124653378782839,-0.0375315303211671
"EpiLPS (MALA)","Mean +60%",108,0.931781890770312,0.890768861122281,0.124560487995102,-0.0410130296480312
"EpiLPS (MALA)","Mean +60%",109,0.964908287444313,0.903363097044656,0.125269355324907,-0.0615451903996566
"EpiLPS (MALA)","Mean +60%",110,0.980887218164916,0.91595558410471,0.127355444981424,-0.0649316340602055
"EpiLPS (MALA)","Mean +60%",111,0.995692213942587,0.927584782493963,0.130705239891152,-0.0681074314486235
"EpiLPS (MALA)","Mean +60%",112,1.00881666031265,0.938512987280129,0.134716656642078,-0.0703036730325214
"EpiLPS (MALA)","Mean +60%",113,1.01983605940048,0.947989819391165,0.137786121259498,-0.0718462400093155
"EpiLPS (MALA)","Mean +60%",114,1.02841129997895,0.955683821511339,0.138830705199858,-0.072727478467611
"EpiLPS (MALA)","Mean +60%",115,1.03430371035801,0.961746703303382,0.138050718429927,-0.0725570070546275
"EpiLPS (MALA)","Mean +60%",116,1.03743175161603,0.966096663810639,0.136468643521278,-0.0713350878053909
"EpiLPS (MALA)","Mean +60%",117,1.0378022122009,0.968406820807957,0.134870380067144,-0.0693953913929426
"EpiLPS (MALA)","Mean +60%",118,1.03547276308025,0.968954089902781,0.134489320755705,-0.0665186731774692
"EpiLPS (MALA)","Mean +60%",119,1.03053550780697,0.967730925912499,0.135106444417333,-0.0628045818944715
"EpiLPS (MALA)","Mean +60%",120,1.02310221069091,0.965233361404178,0.137069051447493,-0.0578688492867317
"EpiLPS (MALA)","Mean +60%",121,1.01329357541095,0.961556719449447,0.13933873836902,-0.051736855961503
"EpiLPS (MALA)","Mean +60%",122,1.00123289414715,0.956588063529402,0.140504150076378,-0.0446448306177479
"EpiLPS (MALA)","Mean +60%",123,0.987043160294477,0.950453948585426,0.139163366235443,-0.0365892117090508
"EpiLPS (MALA)","Mean +60%",124,0.970846430550826,0.943025293907541,0.13618542780461,-0.0278211366432851
"EpiLPS (MALA)","Mean +60%",125,0.953001568168985,0.935367482268249,0.132178000683968,-0.0176340859007356
"EpiLPS (MALA)","Mean +60%",126,0.934680947695761,0.927519120001258,0.129136894545743,-0.0071618276945028
"EpiLPS (MALA)","Mean +60%",127,0.917145793226913,0.92007428829,0.127303836697018,0.00292849506308646
"EpiLPS (MALA)","Mean +60%",128,0.901530406151582,0.913274349740768,0.127080464455888,0.0117439435891863
"EpiLPS (MALA)","Mean +60%",129,0.888820761331304,0.907277388287778,0.128578053996657,0.0184566269564742
"EpiLPS (MALA)","Mean +60%",130,0.879849051096058,0.902364030646932,0.130712040760306,0.0225149795508738
"EpiLPS (MALA)","Mean +60%",131,0.875312502934994,0.899222285632754,0.13261233796794,0.0239097826977603
"EpiLPS (MALA)","Mean +60%",132,0.875810644994376,0.897703203192173,0.133658215748178,0.0218925581977968
"EpiLPS (MALA)","Mean +60%",133,0.881891211117993,0.898518159918976,0.133659885548178,0.016626948800983
"EpiLPS (MALA)","Mean +60%",134,0.894096753734329,0.901442315696566,0.131817210667299,0.0073455619622369
"EpiLPS (MALA)","Mean +60%",135,0.912538889585145,0.905671022209114,0.129600785126622,-0.00686786737603073
"EpiLPS (MALA)","Mean +60%",136,0.935968580436848,0.911430704166106,0.127885816476872,-0.0245378762707418
"EpiLPS (MALA)","Mean +60%",137,0.962748452443007,0.917997205646557,0.127927700203973,-0.04475124679645
"EpiLPS (MALA)","Mean +60%",138,0.991058087015847,0.925909334779286,0.129204748829643,-0.0651487522365609
"EpiLPS (MALA)","Mean +60%",139,1.01894781256074,0.933960113552187,0.13160394417452,-0.0849876990085534
"EpiLPS (MALA)","Mean +60%",140,1.04444932027992,0.942324222634235,0.134258356089697,-0.102125097645685
"EpiLPS (MALA)","Mean +60%",141,1.0657059122687,0.950265530182121,0.136355151514057,-0.115440382086579
"EpiLPS (MALA)","Mean +60%",142,1.0810929449843,0.958020421506898,0.136863985243228,-0.123072523477402
"EpiLPS (MALA)","Mean +60%",143,1.08930930531451,0.964688138251237,0.136898026713384,-0.124621167063273
"EpiLPS (MALA)","Mean +60%",144,1.08943317712892,0.970276449238345,0.136260413153522,-0.119156727890575
"EpiLPS (MALA)","Mean +60%",145,1.08148967301391,0.974142034903584,0.135255637126888,-0.107347638110326
"EpiLPS (MALA)","Mean +60%",146,1.067118056924,0.976524715650496,0.135406538839633,-0.0905933412735038
"EpiLPS (MALA)","Mean +60%",147,1.04828964020928,0.977019419607741,0.137255950199189,-0.0712702206015394
"EpiLPS (MALA)","Mean +60%",148,1.02693455801449,0.976375299889619,0.140322223682495,-0.0505592581248714
"EpiLPS (MALA)","Mean +60%",149,1.00477443375589,0.97421684743629,0.142872503868097,-0.0305575863196
"EpiLPS (MALA)","Mean +60%",150,0.983222907766779,0.970311746761897,0.144406031134925,-0.0129111610048821
"EpiLPS (MALA)","Mean +60%",151,0.963363940769346,0.96499566276584,0.143933096257645,0.00163172199649442
"EpiLPS (MALA)","Mean +60%",152,0.945985514931433,0.958835345629346,0.141868674671764,0.0128498306979127
"EpiLPS (MALA)","Mean +60%",153,0.931639698450479,0.951765307904574,0.138907523757379,0.0201256094540946
"EpiLPS (MALA)","Mean +60%",154,0.920706027513323,0.944099507109486,0.135133130858454,0.0233934795961632
"EpiLPS (MALA)","Mean +60%",155,0.913287949909382,0.935951121807671,0.132168773831275,0.022663171898289
"EpiLPS (MALA)","Mean +60%",156,0.909118262499206,0.928122359612066,0.129571194691024,0.0190040971128597
"EpiLPS (MALA)","Mean +60%",157,0.90786599524967,0.921312480255693,0.129622845022609,0.0134464850060229
"EpiLPS (MALA)","Mean +60%",158,0.909191813449816,0.915269334775389,0.130673294567925,0.00607752132557282
"EpiLPS (MALA)","Mean +60%",159,0.9127706498954,0.9103886794485,0.131863494271238,-0.00238197044689992
"EpiLPS (MALA)","Mean +60%",160,0.918310343562916,0.906999177007938,0.132174811727601,-0.0113111665549784
"EpiLPS (MALA)","Mean +60%",161,0.925562601543549,0.905175406857721,0.130770933840244,-0.0203871946858279
"EpiLPS (MALA)","Mean +60%",162,0.934326617511047,0.905033036443276,0.129199605872393,-0.0292935810677708
"EpiLPS (MALA)","Mean +60%",163,0.944447396594412,0.906636206695539,0.127844885051909,-0.0378111898988727
"EpiLPS (MALA)","Mean +60%",164,0.955808426255688,0.909847947370066,0.126746684410814,-0.0459604788856222
"EpiLPS (MALA)","Mean +60%",165,0.968171987055275,0.915138699894347,0.127197889421831,-0.0530332871609281
"EpiLPS (MALA)","Mean +60%",166,0.981075418082579,0.922232639964629,0.129006887032855,-0.0588427781179498
"EpiLPS (MALA)","Mean +60%",167,0.99403776313242,0.930573199113392,0.132507840018595,-0.0634645640190281
"EpiLPS (MALA)","Mean +60%",168,1.00658618871785,0.939998698083152,0.136493937993328,-0.0665874906346977
"EpiLPS (MALA)","Mean +60%",169,1.01827263962082,0.950571054243145,0.139907951274435,-0.0677015853776751
"EpiLPS (MALA)","Mean +60%",170,1.02869207421039,0.96207966877047,0.142374047249364,-0.06661240543992
"EpiLPS (MALA)","Mean +60%",171,1.03749575970787,0.974530047097036,0.14310389554724,-0.0629657126108343
"EpiLPS (MALA)","Mean +60%",172,1.04439766370686,0.988233547163829,0.143235750112558,-0.0561641165430309
"EpiLPS (MALA)","Mean +60%",173,1.04917474480308,1.00323474315488,0.143769111523005,-0.045940001648201
"EpiLPS (MALA)","Mean +60%",174,1.05167598943045,1.01939473285567,0.145893358670724,-0.0322812565747841
"EpiLPS (MALA)","Mean +60%",175,1.05228684352057,1.03678778271544,0.149695417804009,-0.0154990608051344
"EpiLPS (MALA)","Mean +60%",176,1.05205037229906,1.05591315425063,0.154249420736173,0.00386278195156975
"EpiLPS (MALA)","Mean +60%",177,1.05206304074467,1.07627400921572,0.159075928011784,0.0242109684710472
"EpiLPS (MALA)","Mean +60%",178,1.0533911428065,1.09853522876764,0.163890165128214,0.0451440859611374
"EpiLPS (MALA)","Mean +60%",179,1.05702523270082,1.12237023285676,0.166756368743869,0.0653450001559397
"EpiLPS (MALA)","Mean +60%",180,1.06385390304002,1.14757905469819,0.168220663543396,0.0837251516581714
"EpiLPS (MALA)","Mean +60%",181,1.07466368846286,1.17356596500149,0.168474079875026,0.0989022765386289
"EpiLPS (MALA)","Mean +60%",182,1.09015918537017,1.20071266805118,0.168883303120821,0.11055348268101
"EpiLPS (MALA)","Mean +60%",183,1.11099415707904,1.22802520178485,0.170106235502262,0.117031044705809
"EpiLPS (MALA)","Mean +60%",184,1.13776253966062,1.2553232858859,0.173333799223597,0.117560746225282
"EpiLPS (MALA)","Mean +60%",185,1.16994138910722,1.28206396702827,0.178110988162291,0.112122577921052
"EpiLPS (MALA)","Mean +60%",186,1.20568067952197,1.30812239564711,0.184461947991715,0.102441716125143
"EpiLPS (MALA)","Mean +60%",187,1.24280592689739,1.33236648607737,0.190253760132144,0.0895605591799777
"EpiLPS (MALA)","Mean +60%",188,1.27892507759421,1.35452255955166,0.195006131561999,0.0755974819574485
"EpiLPS (MALA)","Mean +60%",189,1.31157809299846,1.37439655896294,0.197145044653666,0.0628184659644762
"EpiLPS (MALA)","Mean +60%",190,1.33842575739913,1.390689602987,0.197088464636999,0.0522638455878697
"EpiLPS (MALA)","Mean +60%",191,1.35742493987032,1.40349290685363,0.195481453896685,0.0460679669833088
"EpiLPS (MALA)","Mean +60%",192,1.36695842059754,1.41309576742495,0.193964152943565,0.0461373468274127
"EpiLPS (MALA)","Mean +60%",193,1.36590703303142,1.41870746160295,0.194230317907257,0.0528004285715329
"EpiLPS (MALA)","Mean +60%",194,1.35374441935837,1.41991866905033,0.196308480139368,0.0661742496919593
"EpiLPS (MALA)","Mean +60%",195,1.33179505256341,1.41623600318709,0.199424335203481,0.0844409506236765
"EpiLPS (MALA)","Mean +60%",196,1.30282908300336,1.40757829946234,0.201867751953659,0.104749216458982
"EpiLPS (MALA)","Mean +60%",197,1.26962792749398,1.39404015553015,0.202230676843347,0.124412228036171
"EpiLPS (MALA)","Mean +60%",198,1.23470197201586,1.37662440845959,0.199660712861202,0.141922436443725
"EpiLPS (MALA)","Mean +60%",199,1.20012008532359,1.35650324031445,0.194517098020688,0.156383154990863
"EpiLPS (MALA)","Mean +60%",200,1.16745324780638,1.3334821920177,0.188312185267898,0.166028944211322
"EpiLPS (MALA)","Mean +60%",201,1.13781324493009,1.30865324913612,0.181630290151368,0.170840004206027
"EpiLPS (MALA)","Mean +60%",202,1.11194114249594,1.28325486397277,0.176518175237371,0.171313721476833
"EpiLPS (MALA)","Mean +60%",203,1.09030738318271,1.25826351866569,0.173044372968758,0.167956135482976
"EpiLPS (MALA)","Mean +60%",204,1.07317842503564,1.23421787191578,0.17126651206073,0.16103944688014
"EpiLPS (MALA)","Mean +60%",205,1.06040347302214,1.21184235189948,0.170819964004277,0.151438878877338
"EpiLPS (MALA)","Mean +60%",206,1.05156904168052,1.19236196813264,0.170144877384396,0.140792926452122
"EpiLPS (MALA)","Mean +60%",207,1.04624950999474,1.17453134817391,0.16780218319526,0.128281838179175
"EpiLPS (MALA)","Mean +60%",208,1.04403704329192,1.15965289207446,0.164072242592078,0.11561584878254
"EpiLPS (MALA)","Mean +60%",209,1.0445651521307,1.14808357452703,0.159590157104974,0.103518422396334
"EpiLPS (MALA)","Mean +60%",210,1.04752392002038,1.14026533454129,0.156492675014266,0.0927414145209118
"EpiLPS (MALA)","Mean +60%",211,1.05266551803821,1.13629530329082,0.154279108837676,0.0836297852526136
"EpiLPS (MALA)","Mean +60%",212,1.0598023103751,1.13578711555384,0.153608267299973,0.0759848051787424
"EpiLPS (MALA)","Mean +60%",213,1.06880062573221,1.13962178858596,0.154995844619553,0.0708211628537472
"EpiLPS (MALA)","Mean +60%",214,1.0795784696348,1.14760551861872,0.158811450232823,0.0680270489839179
"EpiLPS (MALA)","Mean +60%",215,1.09215111452811,1.16026068795649,0.163091962534942,0.0681095734283776
"EpiLPS (MALA)","Mean +60%",216,1.10660255202503,1.17708093215149,0.16667265749451,0.070478380126455
"EpiLPS (MALA)","Mean +60%",217,1.1230463183655,1.19870218869,0.168502045611576,0.0756558703244998
"EpiLPS (MALA)","Mean +60%",218,1.14161803384419,1.22443727600701,0.169245405521834,0.0828192421628153
"EpiLPS (MALA)","Mean +60%",219,1.16246850453014,1.25413408912198,0.169730076040368,0.0916655845918355
"EpiLPS (MALA)","Mean +60%",220,1.18575867786174,1.2874509264725,0.171150956575899,0.101692248610756
"EpiLPS (MALA)","Mean +60%",221,1.21165701983639,1.32362323214654,0.174779358493961,0.111966212310149
"EpiLPS (MALA)","Mean +60%",222,1.24033898455105,1.36207837806213,0.181273191773586,0.12173939351108
"EpiLPS (MALA)","Mean +60%",223,1.27198794287079,1.40266212737153,0.189463307740043,0.130674184500741
"EpiLPS (MALA)","Mean +60%",224,1.30666523446541,1.44417816671019,0.198655370398617,0.137512932244776
"EpiLPS (MALA)","Mean +60%",225,1.3433530482977,1.48594119612276,0.206773192622577,0.142588147825059
"EpiLPS (MALA)","Mean +60%",226,1.38038171186225,1.52740572123695,0.211542288009982,0.147024009374701
"EpiLPS (MALA)","Mean +60%",227,1.41592160258673,1.56734710312662,0.214093587035675,0.151425500539894
"EpiLPS (MALA)","Mean +60%",228,1.44808142918806,1.6052287283087,0.21529058629558,0.157147299120635
"EpiLPS (MALA)","Mean +60%",229,1.47504730588812,1.64014858860874,0.215135052541611,0.165101282720619
"EpiLPS (MALA)","Mean +60%",230,1.49521587906308,1.67077455795256,0.217269029942661,0.175558678889481
"EpiLPS (MALA)","Mean +60%",231,1.50729103953841,1.69661996246535,0.222648407218549,0.189328922926939
"EpiLPS (MALA)","Mean +60%",232,1.51033534857617,1.71689353479403,0.229042490845014,0.206558186217858
"EpiLPS (MALA)","Mean +60%",233,1.50378097074586,1.73155359151811,0.234198796262101,0.227772620772246
"EpiLPS (MALA)","Mean +60%",234,1.48764960471254,1.7389736541247,0.236616355759379,0.251324049412162
"EpiLPS (MALA)","Mean +60%",235,1.46373241708909,1.73904782634002,0.23665529769582,0.275315409250935
"EpiLPS (MALA)","Mean +60%",236,1.43448143272486,1.73236050682795,0.23261786683057,0.297879074103093
"EpiLPS (MALA)","Mean +60%",237,1.40223769952072,1.71967167329689,0.227389126421811,0.317433973776167
"EpiLPS (MALA)","Mean +60%",238,1.36905513115977,1.7012525656495,0.221729976099613,0.332197434489734
"EpiLPS (MALA)","Mean +60%",239,1.33659069308879,1.67863406452241,0.217413868220058,0.342043371433622
"EpiLPS (MALA)","Mean +60%",240,1.30608415861083,1.65326106914233,0.216633792545095,0.347176910531501
"EpiLPS (MALA)","Mean +60%",241,1.27840456713347,1.62551735347009,0.21696324025636,0.347112786336618
"EpiLPS (MALA)","Mean +60%",242,1.25412742548082,1.59672369979442,0.218123519960191,0.342596274313604
"EpiLPS (MALA)","Mean +60%",243,1.23361554311767,1.56776123909161,0.218625358561831,0.334145695973942
"EpiLPS (MALA)","Mean +60%",244,1.21706403589592,1.53962586509425,0.217496151000026,0.322561829198329
"EpiLPS (MALA)","Mean +60%",245,1.20445667363505,1.51216520755915,0.21362798491408,0.307708533924099
"EpiLPS (MALA)","Mean +60%",246,1.19569657050359,1.48637981171099,0.209671926644158,0.290683241207401
"EpiLPS (MALA)","Mean +60%",247,1.19067334691389,1.46244657084479,0.208802165078609,0.271773223930905
"EpiLPS (MALA)","Mean +60%",248,1.1892846905786,1.43989977389925,0.213986834942367,0.250615083320645
"EpiLPS (MALA)","Mean +60%",249,1.1914521017446,1.4195232479249,0.226237929537476,0.228071146180297
"EpiLPS (MALA)","Mean +60%",250,1.19713021020468,1.40132779646876,0.245945153992885,0.204197586264083
"EpiLPS (MALA)","Mean +60%",251,1.20631090184647,1.38567167602827,0.272279597827551,0.179360774181799
"EpiLPS (MALA)","Mean +60%",252,1.21902415582724,1.37305107903864,0.304839283294262,0.154026923211397
"EpiLPS (MALA)","Mean +60%",253,1.23533724681924,1.3624841916029,0.342520625663913,0.127146944783664
"EpiLPS (MALA)","SD -60%",31,0.83125458603177,0.758081550528335,0.0739774075353359,-0.0731730355034349
"EpiLPS (MALA)","SD -60%",32,0.822012955905288,0.747247437971671,0.0699244706100778,-0.0747655179336166
"EpiLPS (MALA)","SD -60%",33,0.811083441801087,0.737902088718106,0.068844678646686,-0.0731813530829807
"EpiLPS (MALA)","SD -60%",34,0.798410706391415,0.729678453508368,0.0704406659809718,-0.0687322528830466
"EpiLPS (MALA)","SD -60%",35,0.783985284249482,0.721779852073322,0.0737774614101776,-0.06220543217616
"EpiLPS (MALA)","SD -60%",36,0.767842249776292,0.713962098495081,0.0768715599880362,-0.0538801512812109
"EpiLPS (MALA)","SD -60%",37,0.750320099865667,0.706230658592164,0.0785454973743835,-0.0440894412735032
"EpiLPS (MALA)","SD -60%",38,0.732127511283489,0.698381570958237,0.0780816077074991,-0.0337459403252524
"EpiLPS (MALA)","SD -60%",39,0.713945546467747,0.690694068006913,0.0753009136955277,-0.0232514784608339
"EpiLPS (MALA)","SD -60%",40,0.696377644387645,0.683070555421065,0.0709302247286696,-0.0133070889665796
"EpiLPS (MALA)","SD -60%",41,0.679931575981829,0.675629064280369,0.0665734205344359,-0.00430251170146012
"EpiLPS (MALA)","SD -60%",42,0.665012401557135,0.668495773653669,0.0638405890180997,0.00348337209653382
"EpiLPS (MALA)","SD -60%",43,0.65192842067752,0.661823519315656,0.0636160992359739,0.0098950986381362
"EpiLPS (MALA)","SD -60%",44,0.640906266957601,0.656023504711387,0.0656851544200048,0.0151172377537859
"EpiLPS (MALA)","SD -60%",45,0.632110069284813,0.651129084840249,0.0685452337952542,0.0190190155554363
"EpiLPS (MALA)","SD -60%",46,0.625656360123327,0.647311098281736,0.0710301870880817,0.0216547381584087
"EpiLPS (MALA)","SD -60%",47,0.621502273809677,0.644760126497498,0.0715684189324609,0.0232578526878209
"EpiLPS (MALA)","SD -60%",48,0.619441171957512,0.643454234393635,0.0702726302708418,0.0240130624361227
"EpiLPS (MALA)","SD -60%",49,0.619256488578844,0.64333740693962,0.0673895237093302,0.0240809183607761
"EpiLPS (MALA)","SD -60%",50,0.620736004042686,0.644002644418676,0.0644045508692704,0.0232666403759904
"EpiLPS (MALA)","SD -60%",51,0.623679916186844,0.645856831798145,0.0626984603322713,0.0221769156113013
"EpiLPS (MALA)","SD -60%",52,0.627908213332621,0.64882700837484,0.0632165773846792,0.0209187950422185
"EpiLPS (MALA)","SD -60%",53,0.633265384812971,0.652538110825326,0.0658523436302042,0.0192727260123553
"EpiLPS (MALA)","SD -60%",54,0.639622221613428,0.657023635976481,0.0696308947810499,0.0174014143630534
"EpiLPS (MALA)","SD -60%",55,0.646875295241765,0.662167700378814,0.0731957281849313,0.0152924051370489
"EpiLPS (MALA)","SD -60%",56,0.654940797889892,0.667976133372978,0.0752588777208423,0.013035335483086
"EpiLPS (MALA)","SD -60%",57,0.663667548235467,0.674151631250258,0.0749618003178313,0.0104840830147905
"EpiLPS (MALA)","SD -60%",58,0.67283196893338,0.68093068158284,0.0726337610713803,0.00809871264946027
"EpiLPS (MALA)","SD -60%",59,0.682212593504884,0.688244134206938,0.0694947726966173,0.00603154070205381
"EpiLPS (MALA)","SD -60%",60,0.691594549334227,0.695930979340348,0.0674233410618854,0.00433643000612138
"EpiLPS (MALA)","SD -60%",61,0.700774343176902,0.704221929327975,0.0676066368714917,0.00344758615107288
"EpiLPS (MALA)","SD -60%",62,0.709565411363515,0.712538861239396,0.070140879962612,0.00297344987588111
"EpiLPS (MALA)","SD -60%",63,0.717802382251417,0.720331874065732,0.0746701961889435,0.00252949181431517
"EpiLPS (MALA)","SD -60%",64,0.725343303375917,0.728241337639491,0.0791278258178054,0.00289803426357405
"EpiLPS (MALA)","SD -60%",65,0.732069930484564,0.735896107762888,0.0822748208076463,0.00382617727832357
"EpiLPS (MALA)","SD -60%",66,0.737895666769886,0.74333731838098,0.0831950747646688,0.00544165161109411
"EpiLPS (MALA)","SD -60%",67,0.742895958587221,0.750333829779774,0.0816868669024399,0.00743787119255312
"EpiLPS (MALA)","SD -60%",68,0.747278763319657,0.757274640333537,0.0783933091751818,0.00999587701388038
"EpiLPS (MALA)","SD -60%",69,0.751271373438236,0.763824142692858,0.0756385588517533,0.0125527692546223
"EpiLPS (MALA)","SD -60%",70,0.755105697598796,0.770062378271902,0.074939542353172,0.0149566806731057
"EpiLPS (MALA)","SD -60%",71,0.759004827658807,0.775987847114577,0.0770987209975481,0.0169830194557704
"EpiLPS (MALA)","SD -60%",72,0.76317231106088,0.781700171849874,0.0806334197921719,0.0185278607889944
"EpiLPS (MALA)","SD -60%",73,0.767786202417761,0.787073851701898,0.0849486269507824,0.0192876492841368
"EpiLPS (MALA)","SD -60%",74,0.772997638290372,0.792091358093004,0.08837328036891,0.0190937198026323
"EpiLPS (MALA)","SD -60%",75,0.77893263784533,0.796999915007633,0.0898847656127519,0.0180672771623034
"EpiLPS (MALA)","SD -60%",76,0.78568141824908,0.80178038540349,0.0886055111966706,0.0160989671544098
"EpiLPS (MALA)","SD -60%",77,0.793148670755028,0.806427236797182,0.0854564497169216,0.0132785660421539
"EpiLPS (MALA)","SD -60%",78,0.801109464577554,0.810909293091462,0.081810190867751,0.00979982851390804
"EpiLPS (MALA)","SD -60%",79,0.809317687520099,0.815241868045188,0.0798452691573299,0.00592418052508903
"EpiLPS (MALA)","SD -60%",80,0.817518562189946,0.819287967502635,0.0804231971051231,0.00176940531268932
"EpiLPS (MALA)","SD -60%",81,0.825462916255739,0.82295037227211,0.083499628558303,-0.00251254398362888
"EpiLPS (MALA)","SD -60%",82,0.832920079463184,0.826560794545974,0.0876797233106964,-0.00635928491721038
"EpiLPS (MALA)","SD -60%",83,0.83968668789734,0.829845665862949,0.091526208464565,-0.00984102203439152
"EpiLPS (MALA)","SD -60%",84,0.845591000049052,0.832825047006445,0.0932005811492681,-0.0127659530426069
"EpiLPS (MALA)","SD -60%",85,0.850493536894317,0.835426293599906,0.0923907503807731,-0.0150672432944106
"EpiLPS (MALA)","SD -60%",86,0.854297533108007,0.837731266079228,0.0892691721942264,-0.0165662670287793
"EpiLPS (MALA)","SD -60%",87,0.857044342489846,0.840081162394302,0.0851281547100989,-0.0169631800955439
"EpiLPS (MALA)","SD -60%",88,0.858857822167393,0.842384723954376,0.082058448893642,-0.0164730982130172
"EpiLPS (MALA)","SD -60%",89,0.859878747666928,0.84511659658109,0.0815969222952651,-0.0147621510858384
"EpiLPS (MALA)","SD -60%",90,0.86025311141159,0.847712251792904,0.0844726674314387,-0.0125408596186861
"EpiLPS (MALA)","SD -60%",91,0.860120701023208,0.850307512801865,0.0895662339738573,-0.0098131882213427
"EpiLPS (MALA)","SD -60%",92,0.859606619529194,0.853171735885727,0.0948353494963608,-0.00643488364346734
"EpiLPS (MALA)","SD -60%",93,0.8588168361623,0.856272152438953,0.0982800675825151,-0.00254468372334693
"EpiLPS (MALA)","SD -60%",94,0.857837212377275,0.859780945671556,0.0989042215880579,0.00194373329428144
"EpiLPS (MALA)","SD -60%",95,0.856734852284735,0.86357122020973,0.0968408776085725,0.00683636792499553
"EpiLPS (MALA)","SD -60%",96,0.855586935925609,0.867859829737673,0.0929337344461799,0.0122728938120643
"EpiLPS (MALA)","SD -60%",97,0.854642173312711,0.872735435325535,0.0894039860016341,0.0180932620128239
"EpiLPS (MALA)","SD -60%",98,0.854216899337268,0.877947395523852,0.0882695964149704,0.0237304961865845
"EpiLPS (MALA)","SD -60%",99,0.854615196085733,0.883451383050872,0.0897438630721113,0.0288361869651389
"EpiLPS (MALA)","SD -60%",100,0.856123392287051,0.88944705084476,0.0934561931709744,0.0333236585577094
"EpiLPS (MALA)","SD -60%",101,0.859003725920451,0.896088769431424,0.0977751958536078,0.0370850435109734
"EpiLPS (MALA)","SD -60%",102,0.863491057515902,0.903046672189782,0.101230623040181,0.03955561467388
"EpiLPS (MALA)","SD -60%",103,0.869793786137492,0.910333825990438,0.102493076226573,0.0405400398529457
"EpiLPS (MALA)","SD -60%",104,0.878098070350996,0.918457727238119,0.100950163865979,0.0403596568871234
"EpiLPS (MALA)","SD -60%",105,0.888573897619543,0.927025431938942,0.097457040902343,0.0384515343193994
"EpiLPS (MALA)","SD -60%",106,0.901301658370892,0.935808696830614,0.0939122152393418,0.034507038459722
"EpiLPS (MALA)","SD -60%",107,0.915897849763235,0.944654277735174,0.0919470593459946,0.0287564279719387
"EpiLPS (MALA)","SD -60%",108,0.931781890770312,0.953121065192768,0.0933502696465089,0.0213391744224563
"EpiLPS (MALA)","SD -60%",109,0.964908287444313,0.961164957213019,0.0978695876513313,-0.00374333023129403
"EpiLPS (MALA)","SD -60%",110,0.980887218164916,0.968285421778669,0.103775013124496,-0.0126017963862471
"EpiLPS (MALA)","SD -60%",111,0.995692213942587,0.974298235057624,0.109297183044022,-0.0213939788849625
"EpiLPS (MALA)","SD -60%",112,1.00881666031265,0.979098792861382,0.112649840388811,-0.0297178674512677
"EpiLPS (MALA)","SD -60%",113,1.01983605940048,0.982669689296439,0.11250017315478,-0.037166370104041
"EpiLPS (MALA)","SD -60%",114,1.02841129997895,0.985022771282984,0.109477469630179,-0.0433885286959665
"EpiLPS (MALA)","SD -60%",115,1.03430371035801,0.985850617556723,0.105121478626674,-0.048453092801287
"EpiLPS (MALA)","SD -60%",116,1.03743175161603,0.98550567419231,0.102117260659608,-0.0519260774237198
"EpiLPS (MALA)","SD -60%",117,1.0378022122009,0.98389764761779,0.102028223375118,-0.0539045645831102
"EpiLPS (MALA)","SD -60%",118,1.03547276308025,0.981242033436192,0.104626862402385,-0.0542307296440582
"EpiLPS (MALA)","SD -60%",119,1.03053550780697,0.977929390331277,0.109181919833089,-0.0526061174756933
"EpiLPS (MALA)","SD -60%",120,1.02310221069091,0.973725916991957,0.113592236130445,-0.049376293698953
"EpiLPS (MALA)","SD -60%",121,1.01329357541095,0.969072197590036,0.116255866997315,-0.0442213778209135
"EpiLPS (MALA)","SD -60%",122,1.00123289414715,0.963737310885574,0.115619471477532,-0.0374955832615763
"EpiLPS (MALA)","SD -60%",123,0.987043160294477,0.95782461516738,0.111214776610725,-0.0292185451270965
"EpiLPS (MALA)","SD -60%",124,0.970846430550826,0.951805340185096,0.105193480806609,-0.0190410903657297
"EpiLPS (MALA)","SD -60%",125,0.953001568168985,0.945716866696682,0.099705464446964,-0.00728470147230298
"EpiLPS (MALA)","SD -60%",126,0.934680947695761,0.939891011248075,0.0967700557149877,0.00521006355231413
"EpiLPS (MALA)","SD -60%",127,0.917145793226913,0.93478125754457,0.0972286333322699,0.0176354643176569
"EpiLPS (MALA)","SD -60%",128,0.901530406151582,0.930774414386506,0.100677744050793,0.0292440082349241
"EpiLPS (MALA)","SD -60%",129,0.888820761331304,0.92798711330107,0.10554686502587,0.0391663519697656
"EpiLPS (MALA)","SD -60%",130,0.879849051096058,0.926459992689346,0.108950765698512,0.0466109415932877
"EpiLPS (MALA)","SD -60%",131,0.875312502934994,0.927044966462624,0.109981943255312,0.0517324635276301
"EpiLPS (MALA)","SD -60%",132,0.875810644994376,0.929654686581497,0.107983240126458,0.0538440415871211
"EpiLPS (MALA)","SD -60%",133,0.881891211117993,0.934095893875465,0.103904888070493,0.052204682757472
"EpiLPS (MALA)","SD -60%",134,0.894096753734329,0.939965885030558,0.0992913098692843,0.0458691312962288
"EpiLPS (MALA)","SD -60%",135,0.912538889585145,0.946960562265894,0.0965488435929465,0.0344216726807494
"EpiLPS (MALA)","SD -60%",136,0.935968580436848,0.954806234047429,0.0970236163466128,0.0188376536105811
"EpiLPS (MALA)","SD -60%",137,0.962748452443007,0.96274615895824,0.100677279166279,-2.29348476687985e-06
"EpiLPS (MALA)","SD -60%",138,0.991058087015847,0.970396973092546,0.106436124059612,-0.0206611139233007
"EpiLPS (MALA)","SD -60%",139,1.01894781256074,0.977354686454249,0.111998249349142,-0.041593126106491
"EpiLPS (MALA)","SD -60%",140,1.04444932027992,0.983154046840059,0.114960490503011,-0.0612952734398613
"EpiLPS (MALA)","SD -60%",141,1.0657059122687,0.9875648574722,0.114792823553676,-0.0781410547964997
"EpiLPS (MALA)","SD -60%",142,1.0810929449843,0.990950117958854,0.111827416926055,-0.0901428270254465
"EpiLPS (MALA)","SD -60%",143,1.08930930531451,0.993096171810002,0.107514155053566,-0.0962131335045081
"EpiLPS (MALA)","SD -60%",144,1.08943317712892,0.99387440878547,0.104310482685771,-0.0955587683434502
"EpiLPS (MALA)","SD -60%",145,1.08148967301391,0.993498759938986,0.103365682385059,-0.0879909130749239
"EpiLPS (MALA)","SD -60%",146,1.067118056924,0.99202253581287,0.105285158776161,-0.0750955211111295
"EpiLPS (MALA)","SD -60%",147,1.04828964020928,0.989557833393874,0.109717640846953,-0.0587318068154058
"EpiLPS (MALA)","SD -60%",148,1.02693455801449,0.986118640218253,0.11412574834383,-0.0408159177962369
"EpiLPS (MALA)","SD -60%",149,1.00477443375589,0.981783674048975,0.116621781122521,-0.0229907597069148
"EpiLPS (MALA)","SD -60%",150,0.983222907766779,0.976739446762584,0.115530374826885,-0.00648346100419517
"EpiLPS (MALA)","SD -60%",151,0.963363940769346,0.970748811129084,0.111528212323581,0.00738487035973789
"EpiLPS (MALA)","SD -60%",152,0.945985514931433,0.964405156397671,0.105338859986273,0.0184196414662381
"EpiLPS (MALA)","SD -60%",153,0.931639698450479,0.957718226831205,0.099619214989949,0.0260785283807257
"EpiLPS (MALA)","SD -60%",154,0.920706027513323,0.951549952486671,0.0968165087654043,0.030843924973348
"EpiLPS (MALA)","SD -60%",155,0.913287949909382,0.94573117754392,0.0979470987495037,0.0324432276345374
"EpiLPS (MALA)","SD -60%",156,0.909118262499206,0.940719654888158,0.101408262568375,0.031601392388952
"EpiLPS (MALA)","SD -60%",157,0.90786599524967,0.936589740559926,0.105700863598342,0.0287237453102561
"EpiLPS (MALA)","SD -60%",158,0.909191813449816,0.933766278224021,0.108879929159395,0.0245744647742047
"EpiLPS (MALA)","SD -60%",159,0.9127706498954,0.932439315411337,0.10942924290206,0.0196686655159366
"EpiLPS (MALA)","SD -60%",160,0.918310343562916,0.932782610429169,0.107287166880007,0.0144722668662527
"EpiLPS (MALA)","SD -60%",161,0.925562601543549,0.934447717968817,0.102664636407082,0.00888511642526846
"EpiLPS (MALA)","SD -60%",162,0.934326617511047,0.937672683753592,0.0978095135555603,0.00334606624254508
"EpiLPS (MALA)","SD -60%",163,0.944447396594412,0.942452989253526,0.095095689048847,-0.00199440734088574
"EpiLPS (MALA)","SD -60%",164,0.955808426255688,0.948224981813479,0.095829828285554,-0.00758344444220915
"EpiLPS (MALA)","SD -60%",165,0.968171987055275,0.954935352004382,0.0999632934653125,-0.0132366350508928
"EpiLPS (MALA)","SD -60%",166,0.981075418082579,0.962241420306691,0.105707267688021,-0.018833997775888
"EpiLPS (MALA)","SD -60%",167,0.99403776313242,0.970224680490658,0.111072299133546,-0.0238130826417623
"EpiLPS (MALA)","SD -60%",168,1.00658618871785,0.97857283175537,0.114464533430117,-0.0280133569624796
"EpiLPS (MALA)","SD -60%",169,1.01827263962082,0.987270208860016,0.114751987242127,-0.0310024307608042
"EpiLPS (MALA)","SD -60%",170,1.02869207421039,0.995993383444036,0.112183616709223,-0.0326986907663541
"EpiLPS (MALA)","SD -60%",171,1.03749575970787,1.00524192908543,0.108813513871877,-0.0322538306224358
"EpiLPS (MALA)","SD -60%",172,1.04439766370686,1.01505333170169,0.106073783925854,-0.0293443320051696
"EpiLPS (MALA)","SD -60%",173,1.04917474480308,1.02573987608797,0.106236039722896,-0.0234348687151078
"EpiLPS (MALA)","SD -60%",174,1.05167598943045,1.0373558913503,0.109557836901826,-0.0143200980801503
"EpiLPS (MALA)","SD -60%",175,1.05228684352057,1.04985404291627,0.11534589711715,-0.00243280060430218
"EpiLPS (MALA)","SD -60%",176,1.05205037229906,1.06319528424991,0.121700691127897,0.0111449119508522
"EpiLPS (MALA)","SD -60%",177,1.05206304074467,1.07721099093506,0.126772650286435,0.0251479501903897
"EpiLPS (MALA)","SD -60%",178,1.0533911428065,1.0920559459064,0.128382563946603,0.0386648030998962
"EpiLPS (MALA)","SD -60%",179,1.05702523270082,1.10802250048088,0.126577234851632,0.0509972677800636
"EpiLPS (MALA)","SD -60%",180,1.06385390304002,1.1248409086428,0.122556481842314,0.0609870056027755
"EpiLPS (MALA)","SD -60%",181,1.07466368846286,1.14234045687804,0.118609093928043,0.0676767684151822
"EpiLPS (MALA)","SD -60%",182,1.09015918537017,1.15993585311244,0.117247564361261,0.069776667742268
"EpiLPS (MALA)","SD -60%",183,1.11099415707904,1.17717577891825,0.120505743456513,0.0661816218392086
"EpiLPS (MALA)","SD -60%",184,1.13776253966062,1.19391099796271,0.127015223716523,0.0561484583020873
"EpiLPS (MALA)","SD -60%",185,1.16994138910722,1.20962951824743,0.13490849788272,0.0396881291402116
"EpiLPS (MALA)","SD -60%",186,1.20568067952197,1.22357762802382,0.141152045995947,0.0178969485018476
"EpiLPS (MALA)","SD -60%",187,1.24280592689739,1.23573550511119,0.143527317289958,-0.00707042178619788
"EpiLPS (MALA)","SD -60%",188,1.27892507759421,1.24557271091013,0.142058731926336,-0.0333523666840776
"EpiLPS (MALA)","SD -60%",189,1.31157809299846,1.25316695046362,0.137386555836184,-0.0584111425348428
"EpiLPS (MALA)","SD -60%",190,1.33842575739913,1.25866669212272,0.132507014638865,-0.0797590652764066
"EpiLPS (MALA)","SD -60%",191,1.35742493987032,1.26171270100552,0.129255110902254,-0.095712238864796
"EpiLPS (MALA)","SD -60%",192,1.36695842059754,1.26207147296312,0.128861194098521,-0.104886947634418
"EpiLPS (MALA)","SD -60%",193,1.36590703303142,1.25974496772324,0.133255786303235,-0.106162065308185
"EpiLPS (MALA)","SD -60%",194,1.35374441935837,1.25469656622837,0.139367647214714,-0.0990478531300025
"EpiLPS (MALA)","SD -60%",195,1.33179505256341,1.2469842041474,0.144582143015174,-0.0848108484160146
"EpiLPS (MALA)","SD -60%",196,1.30282908300336,1.23642086011762,0.14623101328671,-0.0664082228857363
"EpiLPS (MALA)","SD -60%",197,1.26962792749398,1.2231454423317,0.143413080326606,-0.0464824851622845
"EpiLPS (MALA)","SD -60%",198,1.23470197201586,1.20750151325593,0.13643566875211,-0.0272004587599339
"EpiLPS (MALA)","SD -60%",199,1.20012008532359,1.18966642404002,0.127875896893665,-0.0104536612835731
"EpiLPS (MALA)","SD -60%",200,1.16745324780638,1.17085077919149,0.119537940418137,0.00339753138511245
"EpiLPS (MALA)","SD -60%",201,1.13781324493009,1.151824358868,0.114317517814709,0.0140111139379129
"EpiLPS (MALA)","SD -60%",202,1.11194114249594,1.13318778174209,0.112883539925804,0.021246639246145
"EpiLPS (MALA)","SD -60%",203,1.09030738318271,1.11607349619137,0.114799424870957,0.0257661130086635
"EpiLPS (MALA)","SD -60%",204,1.07317842503564,1.10108971166333,0.117946787956598,0.0279112866276876
"EpiLPS (MALA)","SD -60%",205,1.06040347302214,1.08839949588213,0.119779357292595,0.0279960228599889
"EpiLPS (MALA)","SD -60%",206,1.05156904168052,1.07834715734157,0.119381606733408,0.0267781156610507
"EpiLPS (MALA)","SD -60%",207,1.04624950999474,1.07111683849974,0.116249516626202,0.0248673285049978
"EpiLPS (MALA)","SD -60%",208,1.04403704329192,1.06656215770337,0.112312904779151,0.0225251144114476
"EpiLPS (MALA)","SD -60%",209,1.0445651521307,1.06506814540845,0.109277594017017,0.0205029932777532
"EpiLPS (MALA)","SD -60%",210,1.04752392002038,1.06644913052225,0.109293400427237,0.0189252105018696
"EpiLPS (MALA)","SD -60%",211,1.05266551803821,1.0698273673895,0.112040110167739,0.0171618493512948
"EpiLPS (MALA)","SD -60%",212,1.0598023103751,1.07574874429191,0.117441165793064,0.015946433916814
"EpiLPS (MALA)","SD -60%",213,1.06880062573221,1.08439364511076,0.123555094243815,0.0155930193785503
"EpiLPS (MALA)","SD -60%",214,1.0795784696348,1.0958570644414,0.128370801452823,0.0162785948066013
"EpiLPS (MALA)","SD -60%",215,1.09215111452811,1.11019360027171,0.130209776333355,0.0180424857435961
"EpiLPS (MALA)","SD -60%",216,1.10660255202503,1.1269729839182,0.128611907952748,0.0203704318931734
"EpiLPS (MALA)","SD -60%",217,1.1230463183655,1.14708348539793,0.124613251377601,0.0240371670324251
"EpiLPS (MALA)","SD -60%",218,1.14161803384419,1.16946797079767,0.120506662509281,0.0278499369534755
"EpiLPS (MALA)","SD -60%",219,1.16246850453014,1.19343835405934,0.118605721922608,0.0309698495291997
"EpiLPS (MALA)","SD -60%",220,1.18575867786174,1.21888137340325,0.12109779211322,0.0331226955415054
"EpiLPS (MALA)","SD -60%",221,1.21165701983639,1.24526723341949,0.127919852746639,0.0336102135830991
"EpiLPS (MALA)","SD -60%",222,1.24033898455105,1.27200770689853,0.137212563279686,0.0316687223474768
"EpiLPS (MALA)","SD -60%",223,1.27198794287079,1.2976811810978,0.145955692390965,0.0256932382270114
"EpiLPS (MALA)","SD -60%",224,1.30666523446541,1.32219836268553,0.151569967632447,0.0155331282201185
"EpiLPS (MALA)","SD -60%",225,1.3433530482977,1.34591592362477,0.152638989269807,0.00256287532707145
"EpiLPS (MALA)","SD -60%",226,1.38038171186225,1.36790641441202,0.149859803328613,-0.0124752974502289
"EpiLPS (MALA)","SD -60%",227,1.41592160258673,1.38768278434023,0.145721259660101,-0.0282388182465048
"EpiLPS (MALA)","SD -60%",228,1.44808142918806,1.4054078959214,0.143246728497325,-0.042673533266663
"EpiLPS (MALA)","SD -60%",229,1.47504730588812,1.42025549183593,0.144165932442947,-0.0547918140521895
"EpiLPS (MALA)","SD -60%",230,1.49521587906308,1.43174512467162,0.149609626052387,-0.0634707543914621
"EpiLPS (MALA)","SD -60%",231,1.50729103953841,1.4398877928434,0.157005830623397,-0.0674032466950107
"EpiLPS (MALA)","SD -60%",232,1.51033534857617,1.44409552707438,0.163865921334454,-0.0662398215017905
"EpiLPS (MALA)","SD -60%",233,1.50378097074586,1.44392837923145,0.167517711318142,-0.0598525915144081
"EpiLPS (MALA)","SD -60%",234,1.48764960471254,1.43923314805958,0.16608626383994,-0.0484164566529612
"EpiLPS (MALA)","SD -60%",235,1.46373241708909,1.43057884005203,0.159663750054239,-0.0331535770370641
"EpiLPS (MALA)","SD -60%",236,1.43448143272486,1.41795111838227,0.150508383357332,-0.0165303143425912
"EpiLPS (MALA)","SD -60%",237,1.40223769952072,1.40226581454418,0.141665474813695,2.81150234557881e-05
"EpiLPS (MALA)","SD -60%",238,1.36905513115977,1.38442394005311,0.136946184928401,0.0153688088933448
"EpiLPS (MALA)","SD -60%",239,1.33659069308879,1.36534619561211,0.136469062512017,0.0287555025233222
"EpiLPS (MALA)","SD -60%",240,1.30608415861083,1.34554427417027,0.139859485645866,0.0394601155594407
"EpiLPS (MALA)","SD -60%",241,1.27840456713347,1.32666500700354,0.144200091082636,0.0482604398700737
"EpiLPS (MALA)","SD -60%",242,1.25412742548082,1.30882187418269,0.147156627381685,0.0546944487018701
"EpiLPS (MALA)","SD -60%",243,1.23361554311767,1.29204730921078,0.147093783631308,0.0584317660931089
"EpiLPS (MALA)","SD -60%",244,1.21706403589592,1.27660244119948,0.144126278144747,0.0595384053035555
"EpiLPS (MALA)","SD -60%",245,1.20445667363505,1.26277021277953,0.140587100787211,0.0583135391444771
"EpiLPS (MALA)","SD -60%",246,1.19569657050359,1.25057465655029,0.139206807274575,0.0548780860467046
"EpiLPS (MALA)","SD -60%",247,1.19067334691389,1.23982165368337,0.143884971240424,0.0491483067694849
"EpiLPS (MALA)","SD -60%",248,1.1892846905786,1.23036591484833,0.15520442761174,0.041081224269734
"EpiLPS (MALA)","SD -60%",249,1.1914521017446,1.22220929837746,0.172282703344831,0.0307571966328564
"EpiLPS (MALA)","SD -60%",250,1.19713021020468,1.21495119356177,0.193636671846271,0.0178209833570944
"EpiLPS (MALA)","SD -60%",251,1.20631090184647,1.20903879460123,0.217048296180346,0.00272789275475671
"EpiLPS (MALA)","SD -60%",252,1.21902415582724,1.20401494201481,0.2423049030984,-0.0150092138124303
"EpiLPS (MALA)","SD -60%",253,1.23533724681924,1.2003907561006,0.26838266610856,-0.0349464907186419
"EpiLPS (MALA)","Correct SI",31,0.83125458603177,0.771039398804243,0.0728276701963952,-0.0602151872275267
"EpiLPS (MALA)","Correct SI",32,0.822012955905288,0.75842273625807,0.0684195331550732,-0.0635902196472176
"EpiLPS (MALA)","Correct SI",33,0.811083441801087,0.746609295796406,0.0659881039434406,-0.0644741460046814
"EpiLPS (MALA)","Correct SI",34,0.798410706391415,0.735911701032701,0.065860130800023,-0.0624990053587136
"EpiLPS (MALA)","Correct SI",35,0.783985284249482,0.725936945129986,0.0675420647036779,-0.0580483391194961
"EpiLPS (MALA)","Correct SI",36,0.767842249776292,0.71647684907502,0.069666038624609,-0.0513654007012725
"EpiLPS (MALA)","Correct SI",37,0.750320099865667,0.707475518649232,0.0712547841164851,-0.0428445812164345
"EpiLPS (MALA)","Correct SI",38,0.732127511283489,0.69886378522278,0.0711865067375544,-0.0332637260607089
"EpiLPS (MALA)","Correct SI",39,0.713945546467747,0.690404654079796,0.0695224869824947,-0.023540892387951
"EpiLPS (MALA)","Correct SI",40,0.696377644387645,0.682166477022393,0.0670300628235042,-0.0142111673652519
"EpiLPS (MALA)","Correct SI",41,0.679931575981829,0.674218931732022,0.064705537757038,-0.00571264424980678
"EpiLPS (MALA)","Correct SI",42,0.665012401557135,0.666724588460865,0.0632407148671417,0.00171218690372965
"EpiLPS (MALA)","Correct SI",43,0.65192842067752,0.659882037284902,0.0631854395529739,0.00795361660738181
"EpiLPS (MALA)","Correct SI",44,0.640906266957601,0.653684078233667,0.0645182227310322,0.0127778112760658
"EpiLPS (MALA)","Correct SI",45,0.632110069284813,0.648320473631017,0.0662688173995409,0.0162104043462037
"EpiLPS (MALA)","Correct SI",46,0.625656360123327,0.643914259069971,0.0676341340506953,0.0182578989466442
"EpiLPS (MALA)","Correct SI",47,0.621502273809677,0.640477374773821,0.0679559218574428,0.0189751009641441
"EpiLPS (MALA)","Correct SI",48,0.619441171957512,0.638114357376816,0.0669234450458636,0.0186731854193041
"EpiLPS (MALA)","Correct SI",49,0.619256488578844,0.636708863268983,0.0647145602310885,0.0174523746901392
"EpiLPS (MALA)","Correct SI",50,0.620736004042686,0.636395269836139,0.0622536132773429,0.0156592657934532
"EpiLPS (MALA)","Correct SI",51,0.623679916186844,0.637078195329468,0.0608460553349683,0.0133982791426243
"EpiLPS (MALA)","Correct SI",52,0.627908213332621,0.638959771511244,0.0608642255231467,0.0110515581786227
"EpiLPS (MALA)","Correct SI",53,0.633265384812971,0.641451469790959,0.062445284230487,0.00818608497798812
"EpiLPS (MALA)","Correct SI",54,0.639622221613428,0.644739118289467,0.0651438708178494,0.00511689667603932
"EpiLPS (MALA)","Correct SI",55,0.646875295241765,0.64885979695399,0.0678624974738261,0.00198450171222531
"EpiLPS (MALA)","Correct SI",56,0.654940797889892,0.653760843405342,0.0698771144264357,-0.00117995448454955
"EpiLPS (MALA)","Correct SI",57,0.663667548235467,0.65924806498962,0.0702463672683894,-0.00441948324584662
"EpiLPS (MALA)","Correct SI",58,0.67283196893338,0.66520648439031,0.068801803508996,-0.00762548454307055
"EpiLPS (MALA)","Correct SI",59,0.682212593504884,0.671638788259229,0.0669315631363828,-0.0105738052456545
"EpiLPS (MALA)","Correct SI",60,0.691594549334227,0.678675777387626,0.0658631333065133,-0.0129187719466008
"EpiLPS (MALA)","Correct SI",61,0.700774343176902,0.685976394585144,0.0665001244066314,-0.0147979485917582
"EpiLPS (MALA)","Correct SI",62,0.709565411363515,0.693736607481792,0.068946452444233,-0.0158288038817231
"EpiLPS (MALA)","Correct SI",63,0.717802382251417,0.70184168876112,0.072272640030184,-0.015960693490297
"EpiLPS (MALA)","Correct SI",64,0.725343303375917,0.709906561254112,0.0756948047554198,-0.0154367421218049
"EpiLPS (MALA)","Correct SI",65,0.732069930484564,0.718043867263788,0.078218241662253,-0.0140260632207757
"EpiLPS (MALA)","Correct SI",66,0.737895666769886,0.72613079310082,0.0790424911852849,-0.0117648736690661
"EpiLPS (MALA)","Correct SI",67,0.742895958587221,0.734371531018498,0.0780394673752195,-0.0085244275687234
"EpiLPS (MALA)","Correct SI",68,0.747278763319657,0.742324084231959,0.0754632768967282,-0.00495467908769809
"EpiLPS (MALA)","Correct SI",69,0.751271373438236,0.749958663714275,0.0729990823945853,-0.00131270972396136
"EpiLPS (MALA)","Correct SI",70,0.755105697598796,0.757164578547535,0.0717751797723499,0.00205888094873918
"EpiLPS (MALA)","Correct SI",71,0.759004827658807,0.764040017109631,0.0727213265554926,0.00503518945082393
"EpiLPS (MALA)","Correct SI",72,0.76317231106088,0.770752420534958,0.0754574786563623,0.0075801094740775
"EpiLPS (MALA)","Correct SI",73,0.767786202417761,0.777079559485728,0.07870009664705,0.0092933570679673
"EpiLPS (MALA)","Correct SI",74,0.772997638290372,0.783302609842696,0.0816823787089404,0.0103049715523237
"EpiLPS (MALA)","Correct SI",75,0.77893263784533,0.789265209184123,0.0834349170578728,0.0103325713387934
"EpiLPS (MALA)","Correct SI",76,0.78568141824908,0.794707240174246,0.0833470318025566,0.00902582192516632
"EpiLPS (MALA)","Correct SI",77,0.793148670755028,0.799793867633424,0.0820890267558311,0.00664519687839626
"EpiLPS (MALA)","Correct SI",78,0.801109464577554,0.804676201326198,0.0800949855144019,0.00356673674864405
"EpiLPS (MALA)","Correct SI",79,0.809317687520099,0.80939532765693,0.0786826718165429,7.7640136831425e-05
"EpiLPS (MALA)","Correct SI",80,0.817518562189946,0.81364096943328,0.0786185159086427,-0.00387759275666621
"EpiLPS (MALA)","Correct SI",81,0.825462916255739,0.817496186599733,0.0801971414842628,-0.00796672965600587
"EpiLPS (MALA)","Correct SI",82,0.832920079463184,0.821015795063564,0.0829001055879693,-0.0119042843996203
"EpiLPS (MALA)","Correct SI",83,0.83968668789734,0.824316176102088,0.0855117592923497,-0.0153705117952517
"EpiLPS (MALA)","Correct SI",84,0.845591000049052,0.82748017836335,0.0870075005776642,-0.0181108216857018
"EpiLPS (MALA)","Correct SI",85,0.850493536894317,0.830534548659475,0.0868351069979581,-0.0199589882348418
"EpiLPS (MALA)","Correct SI",86,0.854297533108007,0.833398271959185,0.0846011887181991,-0.0208992611488225
"EpiLPS (MALA)","Correct SI",87,0.857044342489846,0.83625594096616,0.0816624403756858,-0.0207884015236861
"EpiLPS (MALA)","Correct SI",88,0.858857822167393,0.838836350412904,0.0793169323811639,-0.0200214717544888
"EpiLPS (MALA)","Correct SI",89,0.859878747666928,0.841043840759606,0.0789230416559916,-0.0188349069073218
"EpiLPS (MALA)","Correct SI",90,0.86025311141159,0.843619272847389,0.0808239277668052,-0.016633838564201
"EpiLPS (MALA)","Correct SI",91,0.860120701023208,0.846409088086669,0.0839519622148127,-0.013711612936539
"EpiLPS (MALA)","Correct SI",92,0.859606619529194,0.84932957528372,0.0874133363005022,-0.0102770442454742
"EpiLPS (MALA)","Correct SI",93,0.8588168361623,0.85271132588477,0.089936377641278,-0.00610551027753037
"EpiLPS (MALA)","Correct SI",94,0.857837212377275,0.856353879947535,0.0906422641437484,-0.00148333242973953
"EpiLPS (MALA)","Correct SI",95,0.856734852284735,0.860147011414932,0.089284848063784,0.00341215913019677
"EpiLPS (MALA)","Correct SI",96,0.855586935925609,0.864333633856713,0.0865208015352855,0.00874669793110427
"EpiLPS (MALA)","Correct SI",97,0.854642173312711,0.86852670478044,0.0840378811028118,0.0138845314677288
"EpiLPS (MALA)","Correct SI",98,0.854216899337268,0.873288861394653,0.0832855557731023,0.0190719620573852
"EpiLPS (MALA)","Correct SI",99,0.854615196085733,0.878534097076251,0.0846572549905564,0.0239189009905183
"EpiLPS (MALA)","Correct SI",100,0.856123392287051,0.883977579746272,0.0877926448003872,0.0278541874592206
"EpiLPS (MALA)","Correct SI",101,0.859003725920451,0.890016210656935,0.0911653797334185,0.0310124847364837
"EpiLPS (MALA)","Correct SI",102,0.863491057515902,0.896849184014017,0.09425635347568,0.0333581264981145
"EpiLPS (MALA)","Correct SI",103,0.869793786137492,0.904358172245979,0.0955847286932644,0.0345643861084868
"EpiLPS (MALA)","Correct SI",104,0.878098070350996,0.91245500894372,0.0948306152073555,0.0343569385927246
"EpiLPS (MALA)","Correct SI",105,0.888573897619543,0.920941216835736,0.0923489794501645,0.0323673192161927
"EpiLPS (MALA)","Correct SI",106,0.901301658370892,0.929641211792705,0.089648865195956,0.0283395534218125
"EpiLPS (MALA)","Correct SI",107,0.915897849763235,0.938357278867526,0.0880162356593666,0.0224594291042914
"EpiLPS (MALA)","Correct SI",108,0.931781890770312,0.947036965343889,0.0884332760150922,0.0152550745735766
"EpiLPS (MALA)","Correct SI",109,0.964908287444313,0.955415384309325,0.0907702129376663,-0.00949290313498785
"EpiLPS (MALA)","Correct SI",110,0.980887218164916,0.962814826686256,0.0943113255783697,-0.0180723914786596
"EpiLPS (MALA)","Correct SI",111,0.995692213942587,0.969154126803276,0.0975301896152819,-0.0265380871393106
"EpiLPS (MALA)","Correct SI",112,1.00881666031265,0.974424249530561,0.0996500146952101,-0.0343924107820889
"EpiLPS (MALA)","Correct SI",113,1.01983605940048,0.978386815852241,0.0995360960009613,-0.0414492435482386
"EpiLPS (MALA)","Correct SI",114,1.02841129997895,0.981160960007366,0.0972102941254643,-0.0472503399715839
"EpiLPS (MALA)","Correct SI",115,1.03430371035801,0.982538825752087,0.0940367340536636,-0.0517648846059234
"EpiLPS (MALA)","Correct SI",116,1.03743175161603,0.982686211425397,0.0917178397343763,-0.0547455401906328
"EpiLPS (MALA)","Correct SI",117,1.0378022122009,0.981496921286829,0.0914296547968085,-0.0563052909140711
"EpiLPS (MALA)","Correct SI",118,1.03547276308025,0.979606202481873,0.0931381230900676,-0.0558665605983775
"EpiLPS (MALA)","Correct SI",119,1.03053550780697,0.976944987073624,0.0960620839404978,-0.0535905207333461
"EpiLPS (MALA)","Correct SI",120,1.02310221069091,0.973533822678784,0.0992849295794017,-0.0495683880121264
"EpiLPS (MALA)","Correct SI",121,1.01329357541095,0.96953232212996,0.101064103699235,-0.0437612532809899
"EpiLPS (MALA)","Correct SI",122,1.00123289414715,0.965160075792842,0.100404619148256,-0.0360728183543083
"EpiLPS (MALA)","Correct SI",123,0.987043160294477,0.960154954703633,0.0976002632544979,-0.0268882055908443
"EpiLPS (MALA)","Correct SI",124,0.970846430550826,0.95459144864287,0.0938300526591324,-0.0162549819079557
"EpiLPS (MALA)","Correct SI",125,0.953001568168985,0.94908081885619,0.0907159013512367,-0.00392074931279507
"EpiLPS (MALA)","Correct SI",126,0.934680947695761,0.943683521856178,0.0890922083322681,0.00900257416041728
"EpiLPS (MALA)","Correct SI",127,0.917145793226913,0.938980062607772,0.0896091029285826,0.0218342693808585
"EpiLPS (MALA)","Correct SI",128,0.901530406151582,0.935267251044253,0.0920726258590085,0.033736844892671
"EpiLPS (MALA)","Correct SI",129,0.888820761331304,0.93283849985836,0.0947897560276116,0.0440177385270564
"EpiLPS (MALA)","Correct SI",130,0.879849051096058,0.931620555587906,0.0967557859118884,0.0517715044918481
"EpiLPS (MALA)","Correct SI",131,0.875312502934994,0.931846685982502,0.097269824277297,0.0565341830475076
"EpiLPS (MALA)","Correct SI",132,0.875810644994376,0.933513290566159,0.0958225050841417,0.0577026455717825
"EpiLPS (MALA)","Correct SI",133,0.881891211117993,0.936963868600253,0.0930743706871579,0.0550726574822603
"EpiLPS (MALA)","Correct SI",134,0.894096753734329,0.941338589208306,0.0905973608260721,0.0472418354739766
"EpiLPS (MALA)","Correct SI",135,0.912538889585145,0.946649012679392,0.0896772711316125,0.0341101230942472
"EpiLPS (MALA)","Correct SI",136,0.935968580436848,0.952581008770507,0.0910605244413773,0.0166124283336593
"EpiLPS (MALA)","Correct SI",137,0.962748452443007,0.958953111410687,0.094799453375581,-0.00379534103232015
"EpiLPS (MALA)","Correct SI",138,0.991058087015847,0.964868922525199,0.0996200388137562,-0.0261891644906479
"EpiLPS (MALA)","Correct SI",139,1.01894781256074,0.970605423135136,0.103325132411228,-0.0483423894256044
"EpiLPS (MALA)","Correct SI",140,1.04444932027992,0.97560742745806,0.105320705135719,-0.0688418928218602
"EpiLPS (MALA)","Correct SI",141,1.0657059122687,0.980117431820305,0.105075617680739,-0.0855884804483955
"EpiLPS (MALA)","Correct SI",142,1.0810929449843,0.983606237729365,0.102644986929498,-0.097486707254935
"EpiLPS (MALA)","Correct SI",143,1.08930930531451,0.985892027683716,0.0986645146366418,-0.103417277630794
"EpiLPS (MALA)","Correct SI",144,1.08943317712892,0.986898401589127,0.0955364545889295,-0.102534775539793
"EpiLPS (MALA)","Correct SI",145,1.08148967301391,0.987225524623908,0.0944189158631698,-0.0942641483900025
"EpiLPS (MALA)","Correct SI",146,1.067118056924,0.986751678527179,0.0954427172182693,-0.0803663783968209
"EpiLPS (MALA)","Correct SI",147,1.04828964020928,0.985278537997797,0.0984188890328421,-0.0630111022114834
"EpiLPS (MALA)","Correct SI",148,1.02693455801449,0.982813393362904,0.101293213188199,-0.0441211646515862
"EpiLPS (MALA)","Correct SI",149,1.00477443375589,0.979624336045039,0.103234737144293,-0.0251500977108513
"EpiLPS (MALA)","Correct SI",150,0.983222907766779,0.975718766327047,0.102962763291739,-0.00750414143973177
"EpiLPS (MALA)","Correct SI",151,0.963363940769346,0.971022997334084,0.100424774897787,0.00765905656473809
"EpiLPS (MALA)","Correct SI",152,0.945985514931433,0.965330706255566,0.0967215703484003,0.0193451913241326
"EpiLPS (MALA)","Correct SI",153,0.931639698450479,0.959388527700242,0.0935312282996434,0.0277488292497629
"EpiLPS (MALA)","Correct SI",154,0.920706027513323,0.953343322032826,0.0923096933502526,0.0326372945195033
"EpiLPS (MALA)","Correct SI",155,0.913287949909382,0.947960557545873,0.0931250293106894,0.0346726076364906
"EpiLPS (MALA)","Correct SI",156,0.909118262499206,0.943337931000172,0.0958457611479834,0.0342196685009659
"EpiLPS (MALA)","Correct SI",157,0.90786599524967,0.939423473693324,0.0992412751337464,0.0315574784436542
"EpiLPS (MALA)","Correct SI",158,0.909191813449816,0.936406666820178,0.101479326296865,0.0272148533703618
"EpiLPS (MALA)","Correct SI",159,0.9127706498954,0.934608822881881,0.101928447402176,0.0218381729864812
"EpiLPS (MALA)","Correct SI",160,0.918310343562916,0.934219316281079,0.0999200247732502,0.0159089727181633
"EpiLPS (MALA)","Correct SI",161,0.925562601543549,0.935379320751572,0.0962838200823213,0.00981671920802274
"EpiLPS (MALA)","Correct SI",162,0.934326617511047,0.937816202508432,0.0923184721765224,0.0034895849973855
"EpiLPS (MALA)","Correct SI",163,0.944447396594412,0.941219888895712,0.0894736552505598,-0.00322750769870006
"EpiLPS (MALA)","Correct SI",164,0.955808426255688,0.945933937608745,0.0892980999046701,-0.00987448864694329
"EpiLPS (MALA)","Correct SI",165,0.968171987055275,0.951742835397807,0.091235976966743,-0.0164291516574682
"EpiLPS (MALA)","Correct SI",166,0.981075418082579,0.958340325708917,0.0947532892082344,-0.022735092373662
"EpiLPS (MALA)","Correct SI",167,0.99403776313242,0.965798548001251,0.0985315492231047,-0.0282392151311693
"EpiLPS (MALA)","Correct SI",168,1.00658618871785,0.973702919946935,0.100944173119091,-0.0328832687709153
"EpiLPS (MALA)","Correct SI",169,1.01827263962082,0.981953229521422,0.101310221351295,-0.0363194100993983
"EpiLPS (MALA)","Correct SI",170,1.02869207421039,0.990644956719964,0.100168398145421,-0.0380471174904259
"EpiLPS (MALA)","Correct SI",171,1.03749575970787,0.999600881697927,0.0982551063454124,-0.0378948780099427
"EpiLPS (MALA)","Correct SI",172,1.04439766370686,1.00943985323037,0.0970388508172029,-0.0349578104764947
"EpiLPS (MALA)","Correct SI",173,1.04917474480308,1.0198953170388,0.0977840012868181,-0.0292794277642798
"EpiLPS (MALA)","Correct SI",174,1.05167598943045,1.03097749929775,0.100288529003994,-0.0206984901327005
"EpiLPS (MALA)","Correct SI",175,1.05228684352057,1.04262237691447,0.104233940422774,-0.00966446660610365
"EpiLPS (MALA)","Correct SI",176,1.05205037229906,1.05506016078436,0.108395361665456,0.00300978848529976
"EpiLPS (MALA)","Correct SI",177,1.05206304074467,1.06843214914627,0.111394072149637,0.0163691084016044
"EpiLPS (MALA)","Correct SI",178,1.0533911428065,1.08301902622958,0.11185610227694,0.0296278834230836
"EpiLPS (MALA)","Correct SI",179,1.05702523270082,1.09846261287298,0.11013955699356,0.0414373801721595
"EpiLPS (MALA)","Correct SI",180,1.06385390304002,1.11482032942149,0.106836272075281,0.0509664263814702
"EpiLPS (MALA)","Correct SI",181,1.07466368846286,1.13158386800589,0.10374810706549,0.0569201795430294
"EpiLPS (MALA)","Correct SI",182,1.09015918537017,1.14855054716909,0.103269593952347,0.058391361798924
"EpiLPS (MALA)","Correct SI",183,1.11099415707904,1.16510969212004,0.106033652348378,0.0541155350410019
"EpiLPS (MALA)","Correct SI",184,1.13776253966062,1.18111839745864,0.111062679119021,0.0433558577980244
"EpiLPS (MALA)","Correct SI",185,1.16994138910722,1.19584046036286,0.116625700825038,0.0258990712556437
"EpiLPS (MALA)","Correct SI",186,1.20568067952197,1.20940568652909,0.120781432811865,0.00372500700712175
"EpiLPS (MALA)","Correct SI",187,1.24280592689739,1.22144506989212,0.122767048684215,-0.0213608570052664
"EpiLPS (MALA)","Correct SI",188,1.27892507759421,1.23152754341289,0.121784450429059,-0.0473975341813184
"EpiLPS (MALA)","Correct SI",189,1.31157809299846,1.23966253149676,0.118314662828996,-0.0719155615017022
"EpiLPS (MALA)","Correct SI",190,1.33842575739913,1.24586755586552,0.114921497548562,-0.0925582015336062
"EpiLPS (MALA)","Correct SI",191,1.35742493987032,1.24964862102133,0.113292532737143,-0.107776318848987
"EpiLPS (MALA)","Correct SI",192,1.36695842059754,1.25088154337284,0.114873210178321,-0.116076877224696
"EpiLPS (MALA)","Correct SI",193,1.36590703303142,1.24957026289453,0.118352052081366,-0.116336770136891
"EpiLPS (MALA)","Correct SI",194,1.35374441935837,1.24540178268,0.122539254482867,-0.108342636678373
"EpiLPS (MALA)","Correct SI",195,1.33179505256341,1.2386443300718,0.125584913235557,-0.0931507224916093
"EpiLPS (MALA)","Correct SI",196,1.30282908300336,1.2292946632679,0.126695976387491,-0.0735344197354553
"EpiLPS (MALA)","Correct SI",197,1.26962792749398,1.21741177515395,0.124393107780253,-0.0522161523400253
"EpiLPS (MALA)","Correct SI",198,1.23470197201586,1.20305758689445,0.118990580176312,-0.0316443851214059
"EpiLPS (MALA)","Correct SI",199,1.20012008532359,1.18711282836415,0.112251576290613,-0.0130072569594413
"EpiLPS (MALA)","Correct SI",200,1.16745324780638,1.16997692940713,0.106913384006853,0.00252368160075367
"EpiLPS (MALA)","Correct SI",201,1.13781324493009,1.15282509935305,0.104673761725285,0.0150118544229627
"EpiLPS (MALA)","Correct SI",202,1.11194114249594,1.1364707595649,0.104972824632822,0.024529617068956
"EpiLPS (MALA)","Correct SI",203,1.09030738318271,1.12137911418583,0.107437986995934,0.0310717310031199
"EpiLPS (MALA)","Correct SI",204,1.07317842503564,1.10763870132318,0.110068111511892,0.0344602762875446
"EpiLPS (MALA)","Correct SI",205,1.06040347302214,1.0958395672311,0.111159749727528,0.0354360942089593
"EpiLPS (MALA)","Correct SI",206,1.05156904168052,1.08616496550209,0.110204291780898,0.0345959238215654
"EpiLPS (MALA)","Correct SI",207,1.04624950999474,1.0789317862632,0.107186834846535,0.0326822762684642
"EpiLPS (MALA)","Correct SI",208,1.04403704329192,1.07384677913508,0.103158959241061,0.0298097358431593
"EpiLPS (MALA)","Correct SI",209,1.0445651521307,1.07154819226123,0.0994102321862289,0.0269830401305262
"EpiLPS (MALA)","Correct SI",210,1.04752392002038,1.07128658358345,0.0983563529803988,0.023762663563065
"EpiLPS (MALA)","Correct SI",211,1.05266551803821,1.0734533131076,0.100473649522736,0.0207877950693878
"EpiLPS (MALA)","Correct SI",212,1.0598023103751,1.07855442201658,0.104830146391331,0.0187521116414848
"EpiLPS (MALA)","Correct SI",213,1.06880062573221,1.08593149098683,0.109812961620912,0.0171308652546163
"EpiLPS (MALA)","Correct SI",214,1.0795784696348,1.09603333488335,0.113551952245963,0.0164548652485508
"EpiLPS (MALA)","Correct SI",215,1.09215111452811,1.10885096848095,0.114955414610876,0.0166998539528402
"EpiLPS (MALA)","Correct SI",216,1.10660255202503,1.12432356851275,0.113824598859871,0.0177210164877164
"EpiLPS (MALA)","Correct SI",217,1.1230463183655,1.14231461138012,0.110883515536359,0.0192682930146184
"EpiLPS (MALA)","Correct SI",218,1.14161803384419,1.16225705315789,0.107889366580124,0.0206390193136967
"EpiLPS (MALA)","Correct SI",219,1.16246850453014,1.18404317045775,0.106268311390278,0.0215746659276066
"EpiLPS (MALA)","Correct SI",220,1.18575867786174,1.20674452448035,0.108083352215151,0.0209858466186081
"EpiLPS (MALA)","Correct SI",221,1.21165701983639,1.23017686779436,0.113447010555269,0.0185198479579698
"EpiLPS (MALA)","Correct SI",222,1.24033898455105,1.25411868166743,0.120234132399495,0.0137796971163791
"EpiLPS (MALA)","Correct SI",223,1.27198794287079,1.27782484299902,0.126394038040168,0.00583690012823235
"EpiLPS (MALA)","Correct SI",224,1.30666523446541,1.30125870147744,0.130407181537439,-0.00540653298796712
"EpiLPS (MALA)","Correct SI",225,1.3433530482977,1.32351665255179,0.131122623717974,-0.0198363957459069
"EpiLPS (MALA)","Correct SI",226,1.38038171186225,1.34477390999913,0.128741336830563,-0.0356078018631172
"EpiLPS (MALA)","Correct SI",227,1.41592160258673,1.36433379149345,0.125592895297872,-0.0515878110932784
"EpiLPS (MALA)","Correct SI",228,1.44808142918806,1.38190392653633,0.123732185605489,-0.0661775026517284
"EpiLPS (MALA)","Correct SI",229,1.47504730588812,1.39642874198469,0.125196831488426,-0.0786185639034331
"EpiLPS (MALA)","Correct SI",230,1.49521587906308,1.40787878720003,0.130015912624398,-0.0873370918630487
"EpiLPS (MALA)","Correct SI",231,1.50729103953841,1.41588262408964,0.136003463469455,-0.0914084154487669
"EpiLPS (MALA)","Correct SI",232,1.51033534857617,1.42070009888308,0.141118499952065,-0.0896352496930883
"EpiLPS (MALA)","Correct SI",233,1.50378097074586,1.42156073322982,0.144038728816004,-0.0822202375160372
"EpiLPS (MALA)","Correct SI",234,1.48764960471254,1.41815158706348,0.142664202605978,-0.0694980176490638
"EpiLPS (MALA)","Correct SI",235,1.46373241708909,1.41076239046997,0.137719959103855,-0.0529700266191244
"EpiLPS (MALA)","Correct SI",236,1.43448143272486,1.40045959732302,0.130495381389408,-0.0340218354018369
"EpiLPS (MALA)","Correct SI",237,1.40223769952072,1.38733923569291,0.123934899821475,-0.0148984638278102
"EpiLPS (MALA)","Correct SI",238,1.36905513115977,1.37183071552945,0.120324485849685,0.00277558436968084
"EpiLPS (MALA)","Correct SI",239,1.33659069308879,1.35511834058103,0.120087851462629,0.0185276474922371
"EpiLPS (MALA)","Correct SI",240,1.30608415861083,1.33766872041115,0.12220127527764,0.0315845618003188
"EpiLPS (MALA)","Correct SI",241,1.27840456713347,1.32047634872048,0.125214556404448,0.042071781587014
"EpiLPS (MALA)","Correct SI",242,1.25412742548082,1.30413553715538,0.127454393663692,0.0500081116745568
"EpiLPS (MALA)","Correct SI",243,1.23361554311767,1.28867827044012,0.127416992102988,0.0550627273224513
"EpiLPS (MALA)","Correct SI",244,1.21706403589592,1.27423839802447,0.125827798471282,0.0571743621285474
"EpiLPS (MALA)","Correct SI",245,1.20445667363505,1.26083086458073,0.123804074600592,0.0563741909456827
"EpiLPS (MALA)","Correct SI",246,1.19569657050359,1.24822709309037,0.124179821451545,0.0525305225867816
"EpiLPS (MALA)","Correct SI",247,1.19067334691389,1.23724162114368,0.129956252227432,0.0465682742297913
"EpiLPS (MALA)","Correct SI",248,1.1892846905786,1.22780454065117,0.140483990749749,0.0385198500725683
"EpiLPS (MALA)","Correct SI",249,1.1914521017446,1.21950687099818,0.155181800924311,0.0280547692535809
"EpiLPS (MALA)","Correct SI",250,1.19713021020468,1.21227428614861,0.173666790330345,0.0151440759439292
"EpiLPS (MALA)","Correct SI",251,1.20631090184647,1.2061038334239,0.194292688250029,-0.000207068422572787
"EpiLPS (MALA)","Correct SI",252,1.21902415582724,1.20134844793029,0.21641643259256,-0.0176757078969498
"EpiLPS (MALA)","Correct SI",253,1.23533724681924,1.19757439126513,0.241283183417937,-0.0377628555541063
"EpiLPS (MALA)","SD +60%",31,0.83125458603177,0.788676430807244,0.064795862018815,-0.0425781552245256
"EpiLPS (MALA)","SD +60%",32,0.822012955905288,0.77431535565145,0.0620021590539333,-0.0476976002538382
"EpiLPS (MALA)","SD +60%",33,0.811083441801087,0.760969345157701,0.0608285859043406,-0.0501140966433856
"EpiLPS (MALA)","SD +60%",34,0.798410706391415,0.748485014344612,0.0611624981283829,-0.049925692046803
"EpiLPS (MALA)","SD +60%",35,0.783985284249482,0.736772013592939,0.0627700126165847,-0.0472132706565428
"EpiLPS (MALA)","SD +60%",36,0.767842249776292,0.725849876202872,0.0646419220876262,-0.0419923735734199
"EpiLPS (MALA)","SD +60%",37,0.750320099865667,0.715239710573606,0.0658440643431345,-0.0350803892920614
"EpiLPS (MALA)","SD +60%",38,0.732127511283489,0.704964336630927,0.065766148278522,-0.0271631746525621
"EpiLPS (MALA)","SD +60%",39,0.713945546467747,0.694778197212314,0.0643593773611997,-0.0191673492554327
"EpiLPS (MALA)","SD +60%",40,0.696377644387645,0.684895683090511,0.0620517955477084,-0.0114819612971339
"EpiLPS (MALA)","SD +60%",41,0.679931575981829,0.675222458583159,0.0596773282863842,-0.0047091173986703
"EpiLPS (MALA)","SD +60%",42,0.665012401557135,0.666000838582569,0.0584881127556529,0.000988437025433719
"EpiLPS (MALA)","SD +60%",43,0.65192842067752,0.657597382345322,0.0583849222806868,0.00566896166780162
"EpiLPS (MALA)","SD +60%",44,0.640906266957601,0.65011087829072,0.0591067032520187,0.00920461133311878
"EpiLPS (MALA)","SD +60%",45,0.632110069284813,0.64367678659839,0.060243403073852,0.0115667173135766
"EpiLPS (MALA)","SD +60%",46,0.625656360123327,0.638151788882493,0.0609039639299596,0.0124954287591662
"EpiLPS (MALA)","SD +60%",47,0.621502273809677,0.633669085003397,0.0609454134363659,0.0121668111937198
"EpiLPS (MALA)","SD +60%",48,0.619441171957512,0.630302985881779,0.059869165070367,0.0108618139242672
"EpiLPS (MALA)","SD +60%",49,0.619256488578844,0.627845285420199,0.0580620916478724,0.00858879684135483
"EpiLPS (MALA)","SD +60%",50,0.620736004042686,0.626399468617964,0.0560557406357823,0.00566346457527833
"EpiLPS (MALA)","SD +60%",51,0.623679916186844,0.625916108678737,0.0549058516360931,0.00223619249189311
"EpiLPS (MALA)","SD +60%",52,0.627908213332621,0.626371892413008,0.0546817235372033,-0.00153632091961264
"EpiLPS (MALA)","SD +60%",53,0.633265384812971,0.627639759971685,0.0557432544977715,-0.00562562484128648
"EpiLPS (MALA)","SD +60%",54,0.639622221613428,0.629682970611366,0.0576501641092338,-0.00993925100206183
"EpiLPS (MALA)","SD +60%",55,0.646875295241765,0.632730098129001,0.0594991009457146,-0.0141451971127642
"EpiLPS (MALA)","SD +60%",56,0.654940797889892,0.636663719488108,0.0608853556682568,-0.0182770784017845
"EpiLPS (MALA)","SD +60%",57,0.663667548235467,0.641444931333276,0.061283262528731,-0.0222226169021907
"EpiLPS (MALA)","SD +60%",58,0.67283196893338,0.646847492040112,0.0607453175913484,-0.0259844768932679
"EpiLPS (MALA)","SD +60%",59,0.682212593504884,0.652880157651125,0.0598585033557458,-0.0293324358537588
"EpiLPS (MALA)","SD +60%",60,0.691594549334227,0.659490767994682,0.0591995623325318,-0.0321037813395448
"EpiLPS (MALA)","SD +60%",61,0.700774343176902,0.666604503502491,0.0594212568999573,-0.0341698396744108
"EpiLPS (MALA)","SD +60%",62,0.709565411363515,0.674078933165346,0.0608956480318599,-0.0354864781981687
"EpiLPS (MALA)","SD +60%",63,0.717802382251417,0.681867934215727,0.0632600543574406,-0.0359344480356902
"EpiLPS (MALA)","SD +60%",64,0.725343303375917,0.68986138904768,0.0656381598223282,-0.0354819143282373
"EpiLPS (MALA)","SD +60%",65,0.732069930484564,0.697773059205928,0.067604191378412,-0.0342968712786357
"EpiLPS (MALA)","SD +60%",66,0.737895666769886,0.7056258164605,0.0685130960933469,-0.0322698503093862
"EpiLPS (MALA)","SD +60%",67,0.742895958587221,0.71341087635162,0.0680544072102319,-0.0294850822356012
"EpiLPS (MALA)","SD +60%",68,0.747278763319657,0.720984576465852,0.0667841458481426,-0.0262941868538051
"EpiLPS (MALA)","SD +60%",69,0.751271373438236,0.728549099171942,0.0653981783098699,-0.0227222742662936
"EpiLPS (MALA)","SD +60%",70,0.755105697598796,0.735923627968241,0.0648039064006414,-0.0191820696305552
"EpiLPS (MALA)","SD +60%",71,0.759004827658807,0.742931726653864,0.0656982973407234,-0.0160731010049433
"EpiLPS (MALA)","SD +60%",72,0.76317231106088,0.749811014056464,0.0678580864981855,-0.0133612970044159
"EpiLPS (MALA)","SD +60%",73,0.767786202417761,0.756507064877665,0.0704951628764076,-0.0112791375400962
"EpiLPS (MALA)","SD +60%",74,0.772997638290372,0.763047724441188,0.0727275551517147,-0.00994991384918398
"EpiLPS (MALA)","SD +60%",75,0.77893263784533,0.769221135684688,0.0739076705280104,-0.00971150216064165
"EpiLPS (MALA)","SD +60%",76,0.78568141824908,0.775304433558595,0.0736270143625385,-0.0103769846904852
"EpiLPS (MALA)","SD +60%",77,0.793148670755028,0.781246084869612,0.0720243808602535,-0.0119025858854157
"EpiLPS (MALA)","SD +60%",78,0.801109464577554,0.786928983702645,0.0699546894988413,-0.0141804808749093
"EpiLPS (MALA)","SD +60%",79,0.809317687520099,0.792461831552453,0.068550578272356,-0.0168558559676457
"EpiLPS (MALA)","SD +60%",80,0.817518562189946,0.797973020760946,0.068814805823604,-0.0195455414289997
"EpiLPS (MALA)","SD +60%",81,0.825462916255739,0.803267513419363,0.0706313719518683,-0.0221954028363761
"EpiLPS (MALA)","SD +60%",82,0.832920079463184,0.808194644058627,0.0733186076360486,-0.0247254354045569
"EpiLPS (MALA)","SD +60%",83,0.83968668789734,0.812555147327629,0.0759002764357142,-0.0271315405697112
"EpiLPS (MALA)","SD +60%",84,0.845591000049052,0.816572796918761,0.0771323252223154,-0.0290182031302907
"EpiLPS (MALA)","SD +60%",85,0.850493536894317,0.820157167735662,0.0770971595766832,-0.030336369158655
"EpiLPS (MALA)","SD +60%",86,0.854297533108007,0.823407712174327,0.0756495620281398,-0.03088982093368
"EpiLPS (MALA)","SD +60%",87,0.857044342489846,0.826189229027437,0.0737645492051279,-0.0308551134624092
"EpiLPS (MALA)","SD +60%",88,0.858857822167393,0.828968600861168,0.0724816428008437,-0.029889221306225
"EpiLPS (MALA)","SD +60%",89,0.859878747666928,0.83170103422321,0.0726257508386366,-0.0281777134437183
"EpiLPS (MALA)","SD +60%",90,0.86025311141159,0.834348074686451,0.0740053843276021,-0.0259050367251388
"EpiLPS (MALA)","SD +60%",91,0.860120701023208,0.837099546610175,0.0763987138190322,-0.0230211544130327
"EpiLPS (MALA)","SD +60%",92,0.859606619529194,0.840063408792337,0.0786662638996115,-0.0195432107368566
"EpiLPS (MALA)","SD +60%",93,0.8588168361623,0.843354132109405,0.0802373944779413,-0.0154627040528954
"EpiLPS (MALA)","SD +60%",94,0.857837212377275,0.846883927748251,0.0801544809383544,-0.0109532846290238
"EpiLPS (MALA)","SD +60%",95,0.856734852284735,0.850583145677862,0.0784835117221455,-0.00615170660687303
"EpiLPS (MALA)","SD +60%",96,0.855586935925609,0.854640824534741,0.0762561768852703,-0.000946111390867532
"EpiLPS (MALA)","SD +60%",97,0.854642173312711,0.859102780669709,0.0746739711751552,0.00446060735699794
"EpiLPS (MALA)","SD +60%",98,0.854216899337268,0.863753316997476,0.0746674137826555,0.00953641766020763
"EpiLPS (MALA)","SD +60%",99,0.854615196085733,0.869072994337177,0.0761925284350922,0.0144577982514437
"EpiLPS (MALA)","SD +60%",100,0.856123392287051,0.87480540082131,0.0791089722375344,0.0186820085342595
"EpiLPS (MALA)","SD +60%",101,0.859003725920451,0.881093407190854,0.0823787732663177,0.0220896812704032
"EpiLPS (MALA)","SD +60%",102,0.863491057515902,0.887788663069429,0.0847983845490105,0.0242976055535268
"EpiLPS (MALA)","SD +60%",103,0.869793786137492,0.895163609584774,0.0860388081192255,0.025369823447282
"EpiLPS (MALA)","SD +60%",104,0.878098070350996,0.902942096359824,0.0854858801000673,0.0248440260088284
"EpiLPS (MALA)","SD +60%",105,0.888573897619543,0.911035873290676,0.0835226260292495,0.0224619756711328
"EpiLPS (MALA)","SD +60%",106,0.901301658370892,0.919183111689294,0.0811874912172338,0.0178814533184023
"EpiLPS (MALA)","SD +60%",107,0.915897849763235,0.927373223101096,0.0798340997006078,0.011475373337861
"EpiLPS (MALA)","SD +60%",108,0.931781890770312,0.935563211666896,0.080161136619721,0.00378132089658423
"EpiLPS (MALA)","SD +60%",109,0.964908287444313,0.943385815993178,0.0822861026789635,-0.0215224714511354
"EpiLPS (MALA)","SD +60%",110,0.980887218164916,0.950594916762038,0.0850610383684401,-0.0302923014028778
"EpiLPS (MALA)","SD +60%",111,0.995692213942587,0.957076305835712,0.0876886375049688,-0.0386159081068753
"EpiLPS (MALA)","SD +60%",112,1.00881666031265,0.962902651502724,0.0890304893015327,-0.045914008809926
"EpiLPS (MALA)","SD +60%",113,1.01983605940048,0.967884265277919,0.088628235182882,-0.0519517941225607
"EpiLPS (MALA)","SD +60%",114,1.02841129997895,0.971840464382762,0.0865369947261748,-0.0565708355961881
"EpiLPS (MALA)","SD +60%",115,1.03430371035801,0.974799954254853,0.0835534377869171,-0.0595037561031573
"EpiLPS (MALA)","SD +60%",116,1.03743175161603,0.976704382367191,0.0814247305568611,-0.0607273692488388
"EpiLPS (MALA)","SD +60%",117,1.0378022122009,0.977169020392478,0.0812328943765381,-0.0606331918084216
"EpiLPS (MALA)","SD +60%",118,1.03547276308025,0.976768441131674,0.0829338202749766,-0.0587043219485764
"EpiLPS (MALA)","SD +60%",119,1.03053550780697,0.975389009219922,0.0854621551184827,-0.0551464985870485
"EpiLPS (MALA)","SD +60%",120,1.02310221069091,0.973212507772139,0.0876398094694356,-0.0498897029187713
"EpiLPS (MALA)","SD +60%",121,1.01329357541095,0.970363848613776,0.0888846187055606,-0.042929726797174
"EpiLPS (MALA)","SD +60%",122,1.00123289414715,0.966769880521207,0.0883436874971679,-0.0344630136259434
"EpiLPS (MALA)","SD +60%",123,0.987043160294477,0.962493629173965,0.0858292490673497,-0.0245495311205116
"EpiLPS (MALA)","SD +60%",124,0.970846430550826,0.957807965051828,0.0821653881952459,-0.0130384654989982
"EpiLPS (MALA)","SD +60%",125,0.953001568168985,0.952560311294298,0.0794650024611699,-0.000441256874687213
"EpiLPS (MALA)","SD +60%",126,0.934680947695761,0.947711458847143,0.0784512447670132,0.0130305111513822
"EpiLPS (MALA)","SD +60%",127,0.917145793226913,0.943268722478558,0.0793734705839928,0.0261229292516454
"EpiLPS (MALA)","SD +60%",128,0.901530406151582,0.93967890214599,0.0818854551684773,0.0381484959944085
"EpiLPS (MALA)","SD +60%",129,0.888820761331304,0.936960980633561,0.0843960230396789,0.0481402193022566
"EpiLPS (MALA)","SD +60%",130,0.879849051096058,0.935188374438423,0.0860685410227367,0.055339323342365
"EpiLPS (MALA)","SD +60%",131,0.875312502934994,0.934942179426853,0.0866350643811551,0.0596296764918595
"EpiLPS (MALA)","SD +60%",132,0.875810644994376,0.936188907028593,0.0857131861300773,0.0603782620342167
"EpiLPS (MALA)","SD +60%",133,0.881891211117993,0.938801433079396,0.0836329562166467,0.0569102219614029
"EpiLPS (MALA)","SD +60%",134,0.894096753734329,0.942454450106934,0.0817726375342212,0.0483576963726047
"EpiLPS (MALA)","SD +60%",135,0.912538889585145,0.947124630293748,0.0808172776942882,0.0345857407086035
"EpiLPS (MALA)","SD +60%",136,0.935968580436848,0.952245944588652,0.081861046663876,0.0162773641518035
"EpiLPS (MALA)","SD +60%",137,0.962748452443007,0.957460034069048,0.0839789993693258,-0.00528841837395932
"EpiLPS (MALA)","SD +60%",138,0.991058087015847,0.962165244261834,0.0867706433919369,-0.0288928427540126
"EpiLPS (MALA)","SD +60%",139,1.01894781256074,0.966829249687677,0.089126266473395,-0.0521185628730634
"EpiLPS (MALA)","SD +60%",140,1.04444932027992,0.970945057885886,0.0903664287176538,-0.0735042623940341
"EpiLPS (MALA)","SD +60%",141,1.0657059122687,0.97469030371674,0.0898175302891052,-0.0910156085519597
"EpiLPS (MALA)","SD +60%",142,1.0810929449843,0.977483612718472,0.0874473481072572,-0.103609332265828
"EpiLPS (MALA)","SD +60%",143,1.08930930531451,0.979718350747415,0.0845566958355037,-0.109590954567095
"EpiLPS (MALA)","SD +60%",144,1.08943317712892,0.980905929729892,0.082511777350471,-0.108527247399028
"EpiLPS (MALA)","SD +60%",145,1.08148967301391,0.981385905027798,0.0825151837555647,-0.100103767986112
"EpiLPS (MALA)","SD +60%",146,1.067118056924,0.981137900343632,0.0843780420347578,-0.0859801565803675
"EpiLPS (MALA)","SD +60%",147,1.04828964020928,0.980029618533678,0.0869268749090245,-0.0682600216756024
"EpiLPS (MALA)","SD +60%",148,1.02693455801449,0.978165289160362,0.0893529099703467,-0.0487692688541276
"EpiLPS (MALA)","SD +60%",149,1.00477443375589,0.975577650093864,0.0909328948288212,-0.0291967836620256
"EpiLPS (MALA)","SD +60%",150,0.983222907766779,0.972206613532819,0.0909112973031668,-0.01101629423396
"EpiLPS (MALA)","SD +60%",151,0.963363940769346,0.968262764792585,0.0887322800289895,0.00489882402323871
"EpiLPS (MALA)","SD +60%",152,0.945985514931433,0.963846673613411,0.0861822584638579,0.0178611586819781
"EpiLPS (MALA)","SD +60%",153,0.931639698450479,0.959340902359396,0.0840368408131265,0.027701203908917
"EpiLPS (MALA)","SD +60%",154,0.920706027513323,0.954847315571034,0.0838519803405913,0.0341412880577109
"EpiLPS (MALA)","SD +60%",155,0.913287949909382,0.950399593305737,0.0853216777157884,0.0371116433963548
"EpiLPS (MALA)","SD +60%",156,0.909118262499206,0.946499217563645,0.0871710149899952,0.0373809550644387
"EpiLPS (MALA)","SD +60%",157,0.90786599524967,0.943270335286347,0.0890922581082503,0.0354043400366771
"EpiLPS (MALA)","SD +60%",158,0.909191813449816,0.940935806522838,0.0902357208192783,0.0317439930730221
"EpiLPS (MALA)","SD +60%",159,0.9127706498954,0.939589630077952,0.0895928013280811,0.0268189801825519
"EpiLPS (MALA)","SD +60%",160,0.918310343562916,0.939425726557083,0.0876133065316452,0.0211153829941674
"EpiLPS (MALA)","SD +60%",161,0.925562601543549,0.940021159641896,0.0844510963534117,0.0144585580983467
"EpiLPS (MALA)","SD +60%",162,0.934326617511047,0.941631433229284,0.0817702974625789,0.00730481571823693
"EpiLPS (MALA)","SD +60%",163,0.944447396594412,0.944177291595068,0.0805970499004037,-0.000270104999344101
"EpiLPS (MALA)","SD +60%",164,0.955808426255688,0.947581571684074,0.0812613116480534,-0.00822685457161421
"EpiLPS (MALA)","SD +60%",165,0.968171987055275,0.951719596970379,0.0838737482813638,-0.0164523900848962
"EpiLPS (MALA)","SD +60%",166,0.981075418082579,0.956907705262888,0.0868951924442768,-0.0241677128196909
"EpiLPS (MALA)","SD +60%",167,0.99403776313242,0.962855505336228,0.089642000471759,-0.0311822577961919
"EpiLPS (MALA)","SD +60%",168,1.00658618871785,0.969785221689558,0.091138406081705,-0.0368009670282915
"EpiLPS (MALA)","SD +60%",169,1.01827263962082,0.977297109466107,0.0908825465268712,-0.0409755301547124
"EpiLPS (MALA)","SD +60%",170,1.02869207421039,0.985205168114031,0.0889781539656492,-0.0434869060963589
"EpiLPS (MALA)","SD +60%",171,1.03749575970787,0.993979329296858,0.0867698578923611,-0.0435164304110118
"EpiLPS (MALA)","SD +60%",172,1.04439766370686,1.00339408150467,0.0857212269750971,-0.041003582202191
"EpiLPS (MALA)","SD +60%",173,1.04917474480308,1.0135653904492,0.0864921413271297,-0.0356093543538811
"EpiLPS (MALA)","SD +60%",174,1.05167598943045,1.02428921696623,0.0888445949711446,-0.0273867724642241
"EpiLPS (MALA)","SD +60%",175,1.05228684352057,1.03570490713903,0.0922099674249147,-0.0165819363815383
"EpiLPS (MALA)","SD +60%",176,1.05205037229906,1.04780752505466,0.0956472369937059,-0.00424284724440183
"EpiLPS (MALA)","SD +60%",177,1.05206304074467,1.06090011816264,0.0980007221511362,0.00883707741797313
"EpiLPS (MALA)","SD +60%",178,1.0533911428065,1.07466517735082,0.0987076326390587,0.0212740345443223
"EpiLPS (MALA)","SD +60%",179,1.05702523270082,1.08920308455837,0.0970747307407278,0.0321778518575517
"EpiLPS (MALA)","SD +60%",180,1.06385390304002,1.10417615723153,0.0942180584322394,0.0403222541915098
"EpiLPS (MALA)","SD +60%",181,1.07466368846286,1.11926561610393,0.0919398914684192,0.0446019276410736
"EpiLPS (MALA)","SD +60%",182,1.09015918537017,1.1338919793931,0.0913164248649302,0.0437327940229328
"EpiLPS (MALA)","SD +60%",183,1.11099415707904,1.14812536533608,0.0927972970908847,0.0371312082570399
"EpiLPS (MALA)","SD +60%",184,1.13776253966062,1.16192944151969,0.0959292885195868,0.0241669018590682
"EpiLPS (MALA)","SD +60%",185,1.16994138910722,1.17505559614157,0.0998547063144949,0.00511420703435306
"EpiLPS (MALA)","SD +60%",186,1.20568067952197,1.18718869049862,0.103060091382768,-0.0184919890233486
"EpiLPS (MALA)","SD +60%",187,1.24280592689739,1.19813335345205,0.10423811932098,-0.0446725734453379
"EpiLPS (MALA)","SD +60%",188,1.27892507759421,1.20754351470297,0.103227847393565,-0.07138156289124
"EpiLPS (MALA)","SD +60%",189,1.31157809299846,1.21545386475879,0.100737706165627,-0.0961242282396699
"EpiLPS (MALA)","SD +60%",190,1.33842575739913,1.22163452868656,0.0983948752486172,-0.116791228712575
"EpiLPS (MALA)","SD +60%",191,1.35742493987032,1.22603345009539,0.0977833138029264,-0.131391489774928
"EpiLPS (MALA)","SD +60%",192,1.36695842059754,1.22842875656885,0.0991939644463459,-0.138529664028688
"EpiLPS (MALA)","SD +60%",193,1.36590703303142,1.2284674629441,0.101746437573801,-0.137439570087316
"EpiLPS (MALA)","SD +60%",194,1.35374441935837,1.2263809303203,0.104403878755464,-0.127363489038067
"EpiLPS (MALA)","SD +60%",195,1.33179505256341,1.2222077733168,0.105951207900469,-0.109587279246615
"EpiLPS (MALA)","SD +60%",196,1.30282908300336,1.2156880848036,0.105402563778846,-0.0871409981997584
"EpiLPS (MALA)","SD +60%",197,1.26962792749398,1.20664216288218,0.102669573370508,-0.062985764611801
"EpiLPS (MALA)","SD +60%",198,1.23470197201586,1.19511033500557,0.0980585101697759,-0.0395916370102902
"EpiLPS (MALA)","SD +60%",199,1.20012008532359,1.18191261365609,0.0929239564560083,-0.0182074716674951
"EpiLPS (MALA)","SD +60%",200,1.16745324780638,1.16784479920079,0.0895777604361315,0.000391551394413936
"EpiLPS (MALA)","SD +60%",201,1.13781324493009,1.15357914920374,0.0886183321782682,0.0157659042736527
"EpiLPS (MALA)","SD +60%",202,1.11194114249594,1.13985000873101,0.0898942667350737,0.0279088662350722
"EpiLPS (MALA)","SD +60%",203,1.09030738318271,1.12695876037517,0.0922945624173581,0.0366513771924639
"EpiLPS (MALA)","SD +60%",204,1.07317842503564,1.11551320490275,0.0949013157289138,0.0423347798671103
"EpiLPS (MALA)","SD +60%",205,1.06040347302214,1.10556776690647,0.0960964004626188,0.04516429388433
"EpiLPS (MALA)","SD +60%",206,1.05156904168052,1.09701934054329,0.0955661890354573,0.0454502988627656
"EpiLPS (MALA)","SD +60%",207,1.04624950999474,1.09010833654939,0.0934208680011266,0.0438588265546482
"EpiLPS (MALA)","SD +60%",208,1.04403704329192,1.08500696723235,0.0902699970333979,0.0409699239404306
"EpiLPS (MALA)","SD +60%",209,1.0445651521307,1.08176059949337,0.0880815376759018,0.0371954473626692
"EpiLPS (MALA)","SD +60%",210,1.04752392002038,1.08049539102685,0.087208213470036,0.0329714710064735
"EpiLPS (MALA)","SD +60%",211,1.05266551803821,1.08167028147197,0.0881276017411674,0.0290047634337627
"EpiLPS (MALA)","SD +60%",212,1.0598023103751,1.08500047778806,0.0909370614084329,0.0251981674129589
"EpiLPS (MALA)","SD +60%",213,1.06880062573221,1.09049723660487,0.0942111930975592,0.0216966108726588
"EpiLPS (MALA)","SD +60%",214,1.0795784696348,1.09851363679775,0.0966921197234625,0.0189351671629483
"EpiLPS (MALA)","SD +60%",215,1.09215111452811,1.10883726897392,0.0976283703912253,0.016686154445815
"EpiLPS (MALA)","SD +60%",216,1.10660255202503,1.12145573486313,0.0961982255840036,0.0148531828380973
"EpiLPS (MALA)","SD +60%",217,1.1230463183655,1.13638909461385,0.093299561657984,0.0133427762483478
"EpiLPS (MALA)","SD +60%",218,1.14161803384419,1.15312949734779,0.0911835061985293,0.0115114635036047
"EpiLPS (MALA)","SD +60%",219,1.16246850453014,1.17119279616822,0.0904225051405812,0.00872429163807631
"EpiLPS (MALA)","SD +60%",220,1.18575867786174,1.19060872170483,0.0922194085504712,0.00485004384308829
"EpiLPS (MALA)","SD +60%",221,1.21165701983639,1.21070149815578,0.0959983808072362,-0.000955521680611637
"EpiLPS (MALA)","SD +60%",222,1.24033898455105,1.23114273741274,0.100518870096956,-0.00919624713830536
"EpiLPS (MALA)","SD +60%",223,1.27198794287079,1.25168880501137,0.104976864573488,-0.0202991378594246
"EpiLPS (MALA)","SD +60%",224,1.30666523446541,1.27200356243342,0.107610748349836,-0.0346616720319883
"EpiLPS (MALA)","SD +60%",225,1.3433530482977,1.29191799086131,0.107910596915215,-0.051435057436392
"EpiLPS (MALA)","SD +60%",226,1.38038171186225,1.31091028027051,0.105832163520137,-0.0694714315917389
"EpiLPS (MALA)","SD +60%",227,1.41592160258673,1.32895888256395,0.103250030843048,-0.0869627200227785
"EpiLPS (MALA)","SD +60%",228,1.44808142918806,1.34511924362261,0.102111693271501,-0.102962185565446
"EpiLPS (MALA)","SD +60%",229,1.47504730588812,1.35917212245594,0.103254705961505,-0.115875183432177
"EpiLPS (MALA)","SD +60%",230,1.49521587906308,1.37032744232445,0.106524769303428,-0.124888436738632
"EpiLPS (MALA)","SD +60%",231,1.50729103953841,1.37832770776102,0.110475435551334,-0.128963331777389
"EpiLPS (MALA)","SD +60%",232,1.51033534857617,1.38335588557068,0.113422126070674,-0.126979463005486
"EpiLPS (MALA)","SD +60%",233,1.50378097074586,1.38502757606389,0.114458038879762,-0.118753394681969
"EpiLPS (MALA)","SD +60%",234,1.48764960471254,1.38313609594363,0.113164438549733,-0.10451350876891
"EpiLPS (MALA)","SD +60%",235,1.46373241708909,1.37784810165217,0.109317809580472,-0.0858843154369175
"EpiLPS (MALA)","SD +60%",236,1.43448143272486,1.3695942542968,0.104743354151462,-0.0648871784280574
"EpiLPS (MALA)","SD +60%",237,1.40223769952072,1.35940493595247,0.100740819678306,-0.0428327635682524
"EpiLPS (MALA)","SD +60%",238,1.36905513115977,1.34733674038133,0.0989131166136765,-0.0217183907784375
"EpiLPS (MALA)","SD +60%",239,1.33659069308879,1.33427028163523,0.0992933254575341,-0.00232041145356066
"EpiLPS (MALA)","SD +60%",240,1.30608415861083,1.32065256307644,0.100968321613479,0.0145684044656123
"EpiLPS (MALA)","SD +60%",241,1.27840456713347,1.30713909931386,0.102839539492927,0.0287345321803918
"EpiLPS (MALA)","SD +60%",242,1.25412742548082,1.29400802026183,0.103916613387186,0.0398805947810099
"EpiLPS (MALA)","SD +60%",243,1.23361554311767,1.28135979730512,0.104059977874494,0.0477442541874518
"EpiLPS (MALA)","SD +60%",244,1.21706403589592,1.26955697325479,0.103935436830689,0.0524929373588674
"EpiLPS (MALA)","SD +60%",245,1.20445667363505,1.25834610627171,0.10382576603298,0.0538894326366628
"EpiLPS (MALA)","SD +60%",246,1.19569657050359,1.24784643640231,0.105871792142343,0.0521498658987232
"EpiLPS (MALA)","SD +60%",247,1.19067334691389,1.23818422032535,0.111897191395315,0.047510873411462
"EpiLPS (MALA)","SD +60%",248,1.1892846905786,1.22960884326027,0.121577938333679,0.0403241526816651
"EpiLPS (MALA)","SD +60%",249,1.1914521017446,1.22185408925423,0.135402942132475,0.030401987509626
"EpiLPS (MALA)","SD +60%",250,1.19713021020468,1.21471918448451,0.151665937470518,0.0175889742798296
"EpiLPS (MALA)","SD +60%",251,1.20631090184647,1.20889186893377,0.170143665380029,0.0025809670873036
"EpiLPS (MALA)","SD +60%",252,1.21902415582724,1.20384397310061,0.189745173726906,-0.0151801827266322
"EpiLPS (MALA)","SD +60%",253,1.23533724681924,1.19963931586375,0.210793476124563,-0.0356979309554941
"EpiFilter","Mean -60%",31,0.59,0.7529,0.0473499999999999,0.1629
"EpiFilter","Mean -60%",32,0.7,0.9172,0.05395,0.2172
"EpiFilter","Mean -60%",33,0.96,1.1956,0.0623499999999999,0.2356
"EpiFilter","Mean -60%",34,1.25,1.358,0.065,0.108
"EpiFilter","Mean -60%",35,1.29,1.2078,0.05815,-0.0822
"EpiFilter","Mean -60%",36,0.85,0.7654,0.04445,-0.0845999999999998
"EpiFilter","Mean -60%",37,0.62,0.6033,0.04095,-0.0166999999999996
"EpiFilter","Mean -60%",38,0.51,0.5924,0.04245,0.0824000000000003
"EpiFilter","Mean -60%",39,0.72,0.8816,0.0568499999999999,0.1616
"EpiFilter","Mean -60%",40,0.79,0.9637,0.0597499999999999,0.1737
"EpiFilter","Mean -60%",41,0.64,0.8023,0.05325,0.1623
"EpiFilter","Mean -60%",42,0.75,0.8892,0.0586499999999999,0.1392
"EpiFilter","Mean -60%",43,0.64,0.7563,0.05405,0.1163
"EpiFilter","Mean -60%",44,0.51,0.6294,0.0505999999999999,0.1194
"EpiFilter","Mean -60%",45,0.44,0.5952,0.0511499999999999,0.1552
"EpiFilter","Mean -60%",46,0.54,0.7563,0.0612,0.2163
"EpiFilter","Mean -60%",47,0.72,0.9566,0.0716000000000001,0.2366
"EpiFilter","Mean -60%",48,0.71,0.917,0.0694000000000001,0.207
"EpiFilter","Mean -60%",49,0.8,0.933,0.0714500000000001,0.133
"EpiFilter","Mean -60%",50,0.62,0.7341,0.062,0.1141
"EpiFilter","Mean -60%",51,0.55,0.6542,0.06065,0.1042
"EpiFilter","Mean -60%",52,0.44,0.6163,0.0604499999999999,0.1763
"EpiFilter","Mean -60%",53,0.65,0.8492,0.0772500000000001,0.1992
"EpiFilter","Mean -60%",54,0.7,0.922099999999999,0.08025,0.222099999999999
"EpiFilter","Mean -60%",55,0.87,1.0159,0.0857,0.1459
"EpiFilter","Mean -60%",56,0.76,0.8696,0.0776500000000001,0.1096
"EpiFilter","Mean -60%",57,0.69,0.7664,0.0740000000000001,0.0763999999999999
"EpiFilter","Mean -60%",58,0.53,0.6508,0.0692000000000001,0.1208
"EpiFilter","Mean -60%",59,0.53,0.6942,0.0751000000000001,0.1642
"EpiFilter","Mean -60%",60,0.66,0.8384,0.08645,0.1784
"EpiFilter","Mean -60%",61,0.75,0.9051,0.0906,0.1551
"EpiFilter","Mean -60%",62,0.67,0.8326,0.08655,0.1626
"EpiFilter","Mean -60%",63,0.64,0.7963,0.08555,0.1563
"EpiFilter","Mean -60%",64,0.71,0.8357,0.0908,0.1257
"EpiFilter","Mean -60%",65,0.69,0.823,0.0910499999999999,0.133
"EpiFilter","Mean -60%",66,0.6,0.7899,0.0897,0.1899
"EpiFilter","Mean -60%",67,0.74,0.9372,0.1015,0.1972
"EpiFilter","Mean -60%",68,1.05,1.129,0.11335,0.079
"EpiFilter","Mean -60%",69,1.03,1.0479,0.1059,0.0179000000000002
"EpiFilter","Mean -60%",70,0.88,0.8981,0.0967499999999999,0.0181
"EpiFilter","Mean -60%",71,0.75,0.7949,0.0915499999999999,0.0448999999999999
"EpiFilter","Mean -60%",72,0.68,0.7854,0.0934499999999999,0.1054
"EpiFilter","Mean -60%",73,0.83,0.8785,0.1028,0.0485000000000003
"EpiFilter","Mean -60%",74,0.7,0.8225,0.0986999999999999,0.1225
"EpiFilter","Mean -60%",75,0.67,0.8223,0.10065,0.1523
"EpiFilter","Mean -60%",76,0.76,0.8926,0.1076,0.1326
"EpiFilter","Mean -60%",77,0.81,0.9059,0.1093,0.0959000000000001
"EpiFilter","Mean -60%",78,0.72,0.8582,0.10555,0.1382
"EpiFilter","Mean -60%",79,0.76,0.8676,0.1086,0.1076
"EpiFilter","Mean -60%",80,0.7,0.8517,0.108,0.1517
"EpiFilter","Mean -60%",81,0.8,0.9134,0.11465,0.1134
"EpiFilter","Mean -60%",82,0.8,0.9371,0.1164,0.1371
"EpiFilter","Mean -60%",83,0.93,0.9974,0.1211,0.0673999999999999
"EpiFilter","Mean -60%",84,0.98,0.9866,0.1205,0.00659999999999983
"EpiFilter","Mean -60%",85,0.84,0.908500000000001,0.11435,0.0685000000000006
"EpiFilter","Mean -60%",86,0.85,0.9134,0.1163,0.0633999999999999
"EpiFilter","Mean -60%",87,0.88,0.943,0.1195,0.063
"EpiFilter","Mean -60%",88,0.94,0.9617,0.1212,0.0217000000000001
"EpiFilter","Mean -60%",89,0.84,0.9282,0.1192,0.0882000000000004
"EpiFilter","Mean -60%",90,0.89,0.9443,0.1214,0.0543000000000005
"EpiFilter","Mean -60%",91,0.91,0.9636,0.1231,0.0536000000000002
"EpiFilter","Mean -60%",92,0.97,0.9648,0.1233,-0.0052000000000002
"EpiFilter","Mean -60%",93,0.84,0.9029,0.1192,0.0629000000000002
"EpiFilter","Mean -60%",94,0.79,0.8769,0.1186,0.0868999999999998
"EpiFilter","Mean -60%",95,0.8,0.899000000000001,0.122,0.0990000000000005
"EpiFilter","Mean -60%",96,0.87,0.9371,0.12575,0.0671000000000004
"EpiFilter","Mean -60%",97,0.88,0.939,0.1265,0.0590000000000002
"EpiFilter","Mean -60%",98,0.84,0.9089,0.1245,0.0689000000000002
"EpiFilter","Mean -60%",99,0.83,0.8836,0.12385,0.0536000000000001
"EpiFilter","Mean -60%",100,0.67,0.8328,0.12055,0.1628
"EpiFilter","Mean -60%",101,0.72,0.8829,0.1269,0.1629
"EpiFilter","Mean -60%",102,0.82,0.9889,0.1368,0.1689
"EpiFilter","Mean -60%",103,1.08,1.1131,0.14565,0.0331000000000001
"EpiFilter","Mean -60%",104,1.22,1.1366,0.1449,-0.0833999999999999
"EpiFilter","Mean -60%",105,1.1,1.0378,0.1354,-0.0622
"EpiFilter","Mean -60%",106,0.96,0.9629,0.13,0.00290000000000012
"EpiFilter","Mean -60%",107,0.89,0.9566,0.1308,0.0665999999999998
"EpiFilter","Mean -60%",108,1.06,1.03,0.1376,-0.0300000000000002
"EpiFilter","Mean -60%",109,1.22,1.0708,0.13965,-0.1492
"EpiFilter","Mean -60%",110,0.98,0.9806,0.1316,0.000599999999999601
"EpiFilter","Mean -60%",111,0.93,0.9403,0.1294,0.0103000000000001
"EpiFilter","Mean -60%",112,0.9,0.9248,0.1289,0.0248000000000002
"EpiFilter","Mean -60%",113,0.8,0.9134,0.12855,0.1134
"EpiFilter","Mean -60%",114,0.89,0.9716,0.13505,0.0816000000000002
"EpiFilter","Mean -60%",115,1,1.0279,0.1397,0.0278999999999996
"EpiFilter","Mean -60%",116,1.03,1.0516,0.1404,0.0215999999999998
"EpiFilter","Mean -60%",117,1.06,1.0521,0.13955,-0.00790000000000024
"EpiFilter","Mean -60%",118,1.05,1.0326,0.1368,-0.0173999999999996
"EpiFilter","Mean -60%",119,1.02,1.0047,0.1352,-0.0152999999999996
"EpiFilter","Mean -60%",120,0.99,0.9929,0.1345,0.00290000000000046
"EpiFilter","Mean -60%",121,1.1,1.0268,0.13735,-0.0731999999999997
"EpiFilter","Mean -60%",122,1,1.0073,0.1352,0.00729999999999986
"EpiFilter","Mean -60%",123,1.07,1.0129,0.1357,-0.0571000000000004
"EpiFilter","Mean -60%",124,0.97,0.9574,0.13135,-0.0126000000000003
"EpiFilter","Mean -60%",125,0.88,0.9119,0.1289,0.0319000000000004
"EpiFilter","Mean -60%",126,0.82,0.8915,0.12855,0.0715000000000002
"EpiFilter","Mean -60%",127,0.85,0.9053,0.13115,0.0553
"EpiFilter","Mean -60%",128,0.81,0.9087,0.1323,0.0986999999999999
"EpiFilter","Mean -60%",129,0.87,0.9415,0.1361,0.0715
"EpiFilter","Mean -60%",130,0.88,0.9505,0.1369,0.0704999999999995
"EpiFilter","Mean -60%",131,0.89,0.947299999999999,0.13735,0.0572999999999994
"EpiFilter","Mean -60%",132,0.88,0.9331,0.13655,0.0531
"EpiFilter","Mean -60%",133,0.84,0.932,0.1375,0.0920000000000001
"EpiFilter","Mean -60%",134,0.85,0.9405,0.13865,0.0905
"EpiFilter","Mean -60%",135,0.87,0.973,0.1422,0.103
"EpiFilter","Mean -60%",136,0.95,1.016,0.146,0.066
"EpiFilter","Mean -60%",137,1.02,1.0463,0.14775,0.0263000000000002
"EpiFilter","Mean -60%",138,1.11,1.066,0.14845,-0.0440000000000005
"EpiFilter","Mean -60%",139,1.14,1.0512,0.1462,-0.0888
"EpiFilter","Mean -60%",140,1,1.0063,0.1414,0.00630000000000019
"EpiFilter","Mean -60%",141,1,1.0185,0.1435,0.0185000000000002
"EpiFilter","Mean -60%",142,1.04,1.0576,0.14635,0.0176000000000001
"EpiFilter","Mean -60%",143,1.19,1.1078,0.14975,-0.0821999999999996
"EpiFilter","Mean -60%",144,1.24,1.1121,0.148,-0.1279
"EpiFilter","Mean -60%",145,1.22,1.0698,0.1435,-0.150199999999999
"EpiFilter","Mean -60%",146,1.09,1.0044,0.13765,-0.0855999999999999
"EpiFilter","Mean -60%",147,1.02,0.9699,0.13575,-0.0501000000000003
"EpiFilter","Mean -60%",148,0.94,0.9426,0.13425,0.00260000000000005
"EpiFilter","Mean -60%",149,0.89,0.9414,0.1356,0.0514
"EpiFilter","Mean -60%",150,0.92,0.9628,0.138,0.0427999999999998
"EpiFilter","Mean -60%",151,0.92,0.9794,0.1394,0.0594000000000002
"EpiFilter","Mean -60%",152,1,1.009,0.14195,0.00899999999999945
"EpiFilter","Mean -60%",153,1,0.9929,0.1408,-0.00709999999999988
"EpiFilter","Mean -60%",154,0.92,0.9502,0.13705,0.0301999999999998
"EpiFilter","Mean -60%",155,0.82,0.9147,0.1355,0.0946999999999999
"EpiFilter","Mean -60%",156,0.85,0.9358,0.1383,0.0857999999999998
"EpiFilter","Mean -60%",157,0.92,0.9877,0.14315,0.0676999999999999
"EpiFilter","Mean -60%",158,1.02,1.0205,0.14595,0.000499999999999279
"EpiFilter","Mean -60%",159,0.99,1.0049,0.1439,0.0148999999999995
"EpiFilter","Mean -60%",160,0.94,0.9735,0.14145,0.0335000000000002
"EpiFilter","Mean -60%",161,0.92,0.9523,0.1401,0.0323000000000003
"EpiFilter","Mean -60%",162,0.9,0.9504,0.1405,0.0503999999999999
"EpiFilter","Mean -60%",163,0.91,0.9647,0.14255,0.0547000000000004
"EpiFilter","Mean -60%",164,0.91,0.9821,0.144,0.0721
"EpiFilter","Mean -60%",165,0.98,1.0084,0.14645,0.0284000000000006
"EpiFilter","Mean -60%",166,1.04,1.0178,0.14735,-0.0222000000000004
"EpiFilter","Mean -60%",167,0.97,1.0052,0.14595,0.0351999999999999
"EpiFilter","Mean -60%",168,1.02,1.0069,0.1459,-0.0130999999999999
"EpiFilter","Mean -60%",169,0.99,1.015,0.1464,0.0249999999999997
"EpiFilter","Mean -60%",170,1.11,1.0528,0.14965,-0.0572000000000006
"EpiFilter","Mean -60%",171,1.06,1.0456,0.148,-0.0144
"EpiFilter","Mean -60%",172,1.13,1.046,0.14735,-0.0840000000000001
"EpiFilter","Mean -60%",173,1.03,1.009,0.14385,-0.0209999999999999
"EpiFilter","Mean -60%",174,0.99,0.989699999999999,0.14235,-0.000300000000000855
"EpiFilter","Mean -60%",175,1.01,1.0012,0.14425,-0.00879999999999992
"EpiFilter","Mean -60%",176,1.01,1.0121,0.14505,0.00209999999999977
"EpiFilter","Mean -60%",177,1.02,1.0329,0.14655,0.0128999999999999
"EpiFilter","Mean -60%",178,1,1.0527,0.1478,0.0527000000000002
"EpiFilter","Mean -60%",179,1.13,1.1036,0.15065,-0.0263999999999998
"EpiFilter","Mean -60%",180,1.21,1.1406,0.15245,-0.0693999999999999
"EpiFilter","Mean -60%",181,1.31,1.1423,0.1501,-0.1677
"EpiFilter","Mean -60%",182,1.29,1.0961,0.1446,-0.1939
"EpiFilter","Mean -60%",183,1.1,1.0156,0.13815,-0.0844000000000003
"EpiFilter","Mean -60%",184,1,0.9795,0.1355,-0.0205000000000005
"EpiFilter","Mean -60%",185,0.98,0.9954,0.13785,0.0154000000000004
"EpiFilter","Mean -60%",186,1.07,1.0405,0.14125,-0.0294999999999999
"EpiFilter","Mean -60%",187,1.04,1.0662,0.143,0.0262000000000004
"EpiFilter","Mean -60%",188,1.12,1.1075,0.14475,-0.0125000000000002
"EpiFilter","Mean -60%",189,1.18,1.1453,0.1461,-0.0346999999999997
"EpiFilter","Mean -60%",190,1.27,1.1837,0.14665,-0.0862999999999998
"EpiFilter","Mean -60%",191,1.46,1.2377,0.14795,-0.2223
"EpiFilter","Mean -60%",192,1.4,1.2291,0.14415,-0.1709
"EpiFilter","Mean -60%",193,1.57,1.2746,0.14495,-0.2954
"EpiFilter","Mean -60%",194,1.68,1.2655,0.1411,-0.4145
"EpiFilter","Mean -60%",195,1.54,1.1752,0.1322,-0.3648
"EpiFilter","Mean -60%",196,1.33,1.0879,0.1252,-0.2421
"EpiFilter","Mean -60%",197,1.22,1.0683,0.12355,-0.1517
"EpiFilter","Mean -60%",198,1.25,1.1106,0.12615,-0.1394
"EpiFilter","Mean -60%",199,1.32,1.1618,0.1282,-0.1582
"EpiFilter","Mean -60%",200,1.42,1.172,0.1273,-0.248
"EpiFilter","Mean -60%",201,1.22,1.0665,0.11835,-0.1535
"EpiFilter","Mean -60%",202,1.08,0.9802,0.11255,-0.0998000000000002
"EpiFilter","Mean -60%",203,0.95,0.909,0.1088,-0.0409999999999998
"EpiFilter","Mean -60%",204,0.88,0.9045,0.1102,0.0245000000000002
"EpiFilter","Mean -60%",205,0.9,0.937,0.1137,0.0369999999999997
"EpiFilter","Mean -60%",206,0.84,0.954,0.11495,0.114
"EpiFilter","Mean -60%",207,0.93,1.0259,0.1202,0.0958999999999998
"EpiFilter","Mean -60%",208,1.12,1.1286,0.1265,0.00860000000000016
"EpiFilter","Mean -60%",209,1.22,1.1221,0.1242,-0.0978999999999997
"EpiFilter","Mean -60%",210,0.99,0.9953,0.11385,0.00529999999999997
"EpiFilter","Mean -60%",211,0.96,0.9668,0.113,0.00679999999999981
"EpiFilter","Mean -60%",212,0.97,1.0088,0.11625,0.0388000000000002
"EpiFilter","Mean -60%",213,1.22,1.1274,0.12425,-0.0926
"EpiFilter","Mean -60%",214,1.16,1.1101,0.1207,-0.0499000000000001
"EpiFilter","Mean -60%",215,1.18,1.1064,0.1192,-0.0735999999999999
"EpiFilter","Mean -60%",216,1.28,1.1215,0.1195,-0.158500000000001
"EpiFilter","Mean -60%",217,1.13,1.0401,0.113,-0.0899000000000005
"EpiFilter","Mean -60%",218,0.96,0.9925,0.10905,0.0325000000000001
"EpiFilter","Mean -60%",219,1.23,1.1511,0.12075,-0.0788999999999997
"EpiFilter","Mean -60%",220,1.28,1.2154,0.1213,-0.0646000000000002
"EpiFilter","Mean -60%",221,1.57,1.3118,0.12465,-0.2582
"EpiFilter","Mean -60%",222,1.46,1.2042,0.1152,-0.2558
"EpiFilter","Mean -60%",223,1.31,1.0898,0.10695,-0.2202
"EpiFilter","Mean -60%",224,1.29,1.0638,0.1058,-0.2262
"EpiFilter","Mean -60%",225,1.09,0.9742,0.0996,-0.1158
"EpiFilter","Mean -60%",226,1,0.9615,0.0995499999999999,-0.0385000000000004
"EpiFilter","Mean -60%",227,1,1.0303,0.10365,0.0303000000000002
"EpiFilter","Mean -60%",228,1.24,1.2116,0.1137,-0.0283999999999991
"EpiFilter","Mean -60%",229,1.42,1.3117,0.11575,-0.108299999999999
"EpiFilter","Mean -60%",230,1.52,1.3249,0.1125,-0.1951
"EpiFilter","Mean -60%",231,1.64,1.3135,0.1084,-0.3265
"EpiFilter","Mean -60%",232,1.51,1.2177,0.10035,-0.292300000000001
"EpiFilter","Mean -60%",233,1.62,1.288,0.10195,-0.332
"EpiFilter","Mean -60%",234,1.95,1.4305,0.1063,-0.5195
"EpiFilter","Mean -60%",235,1.8,1.3161,0.09625,-0.4839
"EpiFilter","Mean -60%",236,1.71,1.2333,0.09055,-0.4767
"EpiFilter","Mean -60%",237,1.57,1.1547,0.08605,-0.4153
"EpiFilter","Mean -60%",238,1.27,1.0223,0.0788000000000001,-0.2477
"EpiFilter","Mean -60%",239,1.23,1.06,0.08135,-0.17
"EpiFilter","Mean -60%",240,1.36,1.1788,0.08595,-0.1812
"EpiFilter","Mean -60%",241,1.26,1.1177,0.0811,-0.1423
"EpiFilter","Mean -60%",242,1.17,1.0659,0.0778000000000001,-0.1041
"EpiFilter","Mean -60%",243,1.28,1.1281,0.0809,-0.1519
"EpiFilter","Mean -60%",244,1.07,0.9935,0.0733500000000001,-0.0765000000000001
"EpiFilter","Mean -60%",245,1.08,1.0023,0.0747500000000001,-0.0776999999999997
"EpiFilter","Mean -60%",246,1.02,0.9825,0.0734500000000001,-0.0375
"EpiFilter","Mean -60%",247,0.97,0.9795,0.0735000000000001,0.00949999999999973
"EpiFilter","Mean -60%",248,1.09,1.1108,0.07925,0.0208000000000002
"EpiFilter","Mean -60%",249,1.28,1.2351,0.08285,-0.0449000000000002
"EpiFilter","Mean -60%",250,1.37,1.2321,0.08035,-0.1379
"EpiFilter","Mean -60%",251,1.2,1.0793,0.0723500000000001,-0.1207
"EpiFilter","Mean -60%",252,1.29,1.1307,0.0743000000000001,-0.1593
"EpiFilter","Mean -60%",253,1.39,1.2139,0.08105,-0.1761
"EpiFilter","Correct SI",31,0.59,0.597000000000001,0.0374,0.00700000000000078
"EpiFilter","Correct SI",32,0.7,0.7121,0.0423,0.0121
"EpiFilter","Correct SI",33,0.96,0.966,0.0507499999999999,0.006
"EpiFilter","Correct SI",34,1.25,1.228,0.0589,-0.0220000000000002
"EpiFilter","Correct SI",35,1.29,1.2539,0.0608500000000001,-0.0360999999999998
"EpiFilter","Correct SI",36,0.85,0.864,0.0502499999999999,0.0139999999999998
"EpiFilter","Correct SI",37,0.62,0.6345,0.04295,0.0144999999999998
"EpiFilter","Correct SI",38,0.51,0.5391,0.03925,0.0291
"EpiFilter","Correct SI",39,0.72,0.714,0.0457499999999999,-0.00599999999999989
"EpiFilter","Correct SI",40,0.79,0.7775,0.0481999999999999,-0.0125000000000001
"EpiFilter","Correct SI",41,0.64,0.6615,0.04465,0.0214999999999999
"EpiFilter","Correct SI",42,0.75,0.7312,0.0481999999999999,-0.0187999999999999
"EpiFilter","Correct SI",43,0.64,0.6339,0.0459999999999999,-0.0061000000000001
"EpiFilter","Correct SI",44,0.51,0.516,0.04225,0.00600000000000045
"EpiFilter","Correct SI",45,0.44,0.4557,0.04015,0.0156999999999999
"EpiFilter","Correct SI",46,0.54,0.5477,0.0454,0.00769999999999993
"EpiFilter","Correct SI",47,0.72,0.7012,0.05355,-0.0187999999999996
"EpiFilter","Correct SI",48,0.71,0.7142,0.05525,0.00420000000000009
"EpiFilter","Correct SI",49,0.8,0.7694,0.0597999999999999,-0.0306000000000004
"EpiFilter","Correct SI",50,0.62,0.631,0.0548999999999999,0.0109999999999998
"EpiFilter","Correct SI",51,0.55,0.5515,0.0525999999999999,0.00149999999999995
"EpiFilter","Correct SI",52,0.44,0.4868,0.0494499999999999,0.0467999999999998
"EpiFilter","Correct SI",53,0.65,0.6427,0.0597499999999999,-0.00730000000000031
"EpiFilter","Correct SI",54,0.7,0.7135,0.0640500000000001,0.0134999999999996
"EpiFilter","Correct SI",55,0.87,0.8273,0.0715000000000001,-0.0427
"EpiFilter","Correct SI",56,0.76,0.7542,0.0692000000000001,-0.0057999999999998
"EpiFilter","Correct SI",57,0.69,0.6771,0.0668000000000001,-0.0129000000000006
"EpiFilter","Correct SI",58,0.53,0.5596,0.0607499999999999,0.0296
"EpiFilter","Correct SI",59,0.53,0.5598,0.0625,0.0297999999999998
"EpiFilter","Correct SI",60,0.66,0.6559,0.0695000000000001,-0.00409999999999999
"EpiFilter","Correct SI",61,0.75,0.7199,0.0740000000000001,-0.0301
"EpiFilter","Correct SI",62,0.67,0.6803,0.0732500000000001,0.0102999999999999
"EpiFilter","Correct SI",63,0.64,0.6575,0.0726000000000001,0.0174999999999998
"EpiFilter","Correct SI",64,0.71,0.6927,0.0774000000000001,-0.0173000000000002
"EpiFilter","Correct SI",65,0.69,0.6872,0.0782500000000001,-0.00279999999999991
"EpiFilter","Correct SI",66,0.6,0.6545,0.0764500000000001,0.0544999999999999
"EpiFilter","Correct SI",67,0.74,0.7767,0.0859,0.0367000000000001
"EpiFilter","Correct SI",68,1.05,0.9775,0.09955,-0.0725000000000002
"EpiFilter","Correct SI",69,1.03,0.9796,0.1004,-0.0504000000000002
"EpiFilter","Correct SI",70,0.88,0.8803,0.09625,0.000299999999999856
"EpiFilter","Correct SI",71,0.75,0.7742,0.09015,0.0242000000000001
"EpiFilter","Correct SI",72,0.68,0.7304,0.0878,0.0503999999999999
"EpiFilter","Correct SI",73,0.83,0.783,0.0930499999999999,-0.0469999999999999
"EpiFilter","Correct SI",74,0.7,0.7211,0.08865,0.0211000000000002
"EpiFilter","Correct SI",75,0.67,0.7026,0.0881999999999999,0.0325999999999999
"EpiFilter","Correct SI",76,0.76,0.7546,0.0930499999999999,-0.00539999999999974
"EpiFilter","Correct SI",77,0.81,0.7754,0.0953999999999999,-0.0345999999999999
"EpiFilter","Correct SI",78,0.72,0.7429,0.09465,0.0228999999999999
"EpiFilter","Correct SI",79,0.76,0.7526,0.0968499999999999,-0.00740000000000041
"EpiFilter","Correct SI",80,0.7,0.7388,0.0964999999999999,0.0388000000000002
"EpiFilter","Correct SI",81,0.8,0.7935,0.1018,-0.00649999999999984
"EpiFilter","Correct SI",82,0.8,0.8271,0.1048,0.0270999999999999
"EpiFilter","Correct SI",83,0.93,0.8997,0.1115,-0.0302999999999999
"EpiFilter","Correct SI",84,0.98,0.9202,0.11355,-0.0597999999999997
"EpiFilter","Correct SI",85,0.84,0.8655,0.11085,0.0255000000000003
"EpiFilter","Correct SI",86,0.85,0.8659,0.1116,0.0159
"EpiFilter","Correct SI",87,0.88,0.8891,0.11355,0.00909999999999977
"EpiFilter","Correct SI",88,0.94,0.908,0.11595,-0.0319999999999998
"EpiFilter","Correct SI",89,0.84,0.8801,0.1139,0.0401000000000001
"EpiFilter","Correct SI",90,0.89,0.8906,0.1152,0.000599999999999823
"EpiFilter","Correct SI",91,0.91,0.9097,0.1175,-0.000300000000000522
"EpiFilter","Correct SI",92,0.97,0.9166,0.11855,-0.0534000000000001
"EpiFilter","Correct SI",93,0.84,0.8603,0.1151,0.0202999999999995
"EpiFilter","Correct SI",94,0.79,0.8242,0.11315,0.0341999999999996
"EpiFilter","Correct SI",95,0.8,0.8281,0.1139,0.0281000000000001
"EpiFilter","Correct SI",96,0.87,0.8545,0.1166,-0.0154999999999995
"EpiFilter","Correct SI",97,0.88,0.8607,0.11765,-0.0193000000000002
"EpiFilter","Correct SI",98,0.84,0.8356,0.1167,-0.00440000000000018
"EpiFilter","Correct SI",99,0.83,0.8099,0.1157,-0.0201000000000005
"EpiFilter","Correct SI",100,0.67,0.7505,0.11155,0.0805000000000001
"EpiFilter","Correct SI",101,0.72,0.777,0.11435,0.0570000000000005
"EpiFilter","Correct SI",102,0.82,0.8701,0.12225,0.0500999999999997
"EpiFilter","Correct SI",103,1.08,1.014,0.1339,-0.0660000000000005
"EpiFilter","Correct SI",104,1.22,1.0968,0.14105,-0.1232
"EpiFilter","Correct SI",105,1.1,1.0597,0.13945,-0.0403000000000004
"EpiFilter","Correct SI",106,0.96,1.0043,0.13525,0.0442999999999997
"EpiFilter","Correct SI",107,0.89,0.9859,0.13415,0.0959000000000004
"EpiFilter","Correct SI",108,1.06,1.0408,0.1378,-0.0192000000000001
"EpiFilter","Correct SI",109,1.22,1.0845,0.141,-0.1355
"EpiFilter","Correct SI",110,0.98,1.0091,0.1352,0.0290999999999999
"EpiFilter","Correct SI",111,0.93,0.9558,0.13135,0.0258000000000003
"EpiFilter","Correct SI",112,0.9,0.9181,0.1283,0.0181000000000003
"EpiFilter","Correct SI",113,0.8,0.8838,0.1256,0.0838000000000001
"EpiFilter","Correct SI",114,0.89,0.919200000000001,0.12825,0.0292000000000007
"EpiFilter","Correct SI",115,1,0.9727,0.132,-0.0272999999999998
"EpiFilter","Correct SI",116,1.03,1.0146,0.1359,-0.0153999999999999
"EpiFilter","Correct SI",117,1.06,1.0417,0.13805,-0.0182999999999998
"EpiFilter","Correct SI",118,1.05,1.0432,0.13935,-0.0067999999999997
"EpiFilter","Correct SI",119,1.02,1.0277,0.1379,0.00770000000000048
"EpiFilter","Correct SI",120,0.99,1.0154,0.13725,0.0253999999999996
"EpiFilter","Correct SI",121,1.1,1.0418,0.1388,-0.0581999999999996
"EpiFilter","Correct SI",122,1,1.0251,0.1372,0.0251000000000003
"EpiFilter","Correct SI",123,1.07,1.0259,0.13755,-0.0441
"EpiFilter","Correct SI",124,0.97,0.9689,0.13325,-0.0011000000000001
"EpiFilter","Correct SI",125,0.88,0.9069,0.1285,0.0269000000000004
"EpiFilter","Correct SI",126,0.82,0.862,0.1247,0.0420000000000001
"EpiFilter","Correct SI",127,0.85,0.8499,0.12435,-9.9999999999878e-05
"EpiFilter","Correct SI",128,0.81,0.8369,0.1234,0.0269000000000003
"EpiFilter","Correct SI",129,0.87,0.8582,0.12585,-0.0118
"EpiFilter","Correct SI",130,0.88,0.8694,0.12745,-0.0106000000000003
"EpiFilter","Correct SI",131,0.89,0.8733,0.12885,-0.0166999999999999
"EpiFilter","Correct SI",132,0.88,0.8662,0.12915,-0.0137999999999999
"EpiFilter","Correct SI",133,0.84,0.8667,0.13,0.0266999999999999
"EpiFilter","Correct SI",134,0.85,0.876,0.1313,0.0260000000000004
"EpiFilter","Correct SI",135,0.87,0.9092,0.1344,0.0392
"EpiFilter","Correct SI",136,0.95,0.9617,0.13915,0.0116999999999998
"EpiFilter","Correct SI",137,1.02,1.0121,0.1438,-0.00790000000000046
"EpiFilter","Correct SI",138,1.11,1.0592,0.14725,-0.0508000000000002
"EpiFilter","Correct SI",139,1.14,1.0714,0.14845,-0.0686000000000004
"EpiFilter","Correct SI",140,1,1.043,0.14685,0.0429999999999999
"EpiFilter","Correct SI",141,1,1.0533,0.1474,0.0532999999999999
"EpiFilter","Correct SI",142,1.04,1.091,0.14945,0.0509999999999997
"EpiFilter","Correct SI",143,1.19,1.15,0.15355,-0.0399999999999996
"EpiFilter","Correct SI",144,1.24,1.1757,0.15485,-0.0643
"EpiFilter","Correct SI",145,1.22,1.1534,0.1533,-0.0666
"EpiFilter","Correct SI",146,1.09,1.0871,0.14785,-0.0028999999999999
"EpiFilter","Correct SI",147,1.02,1.0313,0.14305,0.0113000000000001
"EpiFilter","Correct SI",148,0.94,0.9739,0.13825,0.0338999999999999
"EpiFilter","Correct SI",149,0.89,0.9409,0.1347,0.0509000000000001
"EpiFilter","Correct SI",150,0.92,0.9367,0.1345,0.0166999999999997
"EpiFilter","Correct SI",151,0.92,0.9408,0.13455,0.0208
"EpiFilter","Correct SI",152,1,0.9684,0.13685,-0.0315999999999999
"EpiFilter","Correct SI",153,1,0.9618,0.13735,-0.0381999999999998
"EpiFilter","Correct SI",154,0.92,0.9256,0.1349,0.00560000000000027
"EpiFilter","Correct SI",155,0.82,0.8849,0.1316,0.0649000000000001
"EpiFilter","Correct SI",156,0.85,0.889,0.13265,0.039
"EpiFilter","Correct SI",157,0.92,0.9309,0.13595,0.0109000000000002
"EpiFilter","Correct SI",158,1.02,0.972,0.13975,-0.048
"EpiFilter","Correct SI",159,0.99,0.9736,0.14025,-0.0164000000000002
"EpiFilter","Correct SI",160,0.94,0.9551,0.14,0.0150999999999999
"EpiFilter","Correct SI",161,0.92,0.9341,0.1388,0.0140999999999997
"EpiFilter","Correct SI",162,0.9,0.9249,0.13765,0.0249000000000005
"EpiFilter","Correct SI",163,0.91,0.9316,0.13835,0.0216000000000002
"EpiFilter","Correct SI",164,0.91,0.9461,0.14,0.0360999999999998
"EpiFilter","Correct SI",165,0.98,0.974200000000001,0.1423,-0.00579999999999936
"EpiFilter","Correct SI",166,1.04,0.9951,0.1443,-0.0448999999999997
"EpiFilter","Correct SI",167,0.97,0.9953,0.1445,0.0253000000000002
"EpiFilter","Correct SI",168,1.02,1.0034,0.1455,-0.0165999999999999
"EpiFilter","Correct SI",169,0.99,1.0173,0.14635,0.0272999999999999
"EpiFilter","Correct SI",170,1.11,1.0591,0.14995,-0.0508999999999999
"EpiFilter","Correct SI",171,1.06,1.0672,0.15015,0.00719999999999987
"EpiFilter","Correct SI",172,1.13,1.0768,0.1513,-0.0532000000000004
"EpiFilter","Correct SI",173,1.03,1.0462,0.14855,0.0161999999999998
"EpiFilter","Correct SI",174,0.99,1.0201,0.1464,0.0301000000000002
"EpiFilter","Correct SI",175,1.01,1.0197,0.1458,0.00970000000000004
"EpiFilter","Correct SI",176,1.01,1.0224,0.1461,0.0124000000000002
"EpiFilter","Correct SI",177,1.02,1.0401,0.14725,0.0201000000000005
"EpiFilter","Correct SI",178,1,1.0655,0.1483,0.0655000000000006
"EpiFilter","Correct SI",179,1.13,1.1287,0.15305,-0.00130000000000008
"EpiFilter","Correct SI",180,1.21,1.1937,0.1573,-0.0163
"EpiFilter","Correct SI",181,1.31,1.2293,0.15965,-0.0807000000000007
"EpiFilter","Correct SI",182,1.29,1.2097,0.15775,-0.0803000000000003
"EpiFilter","Correct SI",183,1.1,1.1302,0.15155,0.0302
"EpiFilter","Correct SI",184,1,1.067,0.14535,0.0670000000000004
"EpiFilter","Correct SI",185,0.98,1.0488,0.14315,0.0688000000000002
"EpiFilter","Correct SI",186,1.07,1.0706,0.144,0.000600000000000156
"EpiFilter","Correct SI",187,1.04,1.0918,0.14455,0.0517999999999998
"EpiFilter","Correct SI",188,1.12,1.143,0.1477,0.0230000000000004
"EpiFilter","Correct SI",189,1.18,1.206,0.1514,0.0260000000000002
"EpiFilter","Correct SI",190,1.27,1.2832,0.15585,0.0132000000000001
"EpiFilter","Correct SI",191,1.46,1.3854,0.16215,-0.0745999999999991
"EpiFilter","Correct SI",192,1.4,1.4357,0.16355,0.0356999999999998
"EpiFilter","Correct SI",193,1.57,1.5256,0.1675,-0.0443999999999989
"EpiFilter","Correct SI",194,1.68,1.5581,0.1677,-0.1219
"EpiFilter","Correct SI",195,1.54,1.4842,0.16085,-0.0557999999999996
"EpiFilter","Correct SI",196,1.33,1.3676,0.151,0.0375999999999996
"EpiFilter","Correct SI",197,1.22,1.2942,0.14455,0.0742000000000005
"EpiFilter","Correct SI",198,1.25,1.2873,0.14125,0.0373000000000001
"EpiFilter","Correct SI",199,1.32,1.3138,0.141,-0.0062000000000002
"EpiFilter","Correct SI",200,1.42,1.3225,0.1401,-0.0974999999999999
"EpiFilter","Correct SI",201,1.22,1.2179,0.13245,-0.00209999999999955
"EpiFilter","Correct SI",202,1.08,1.101,0.12485,0.0209999999999999
"EpiFilter","Correct SI",203,0.95,0.9809,0.1159,0.0308999999999998
"EpiFilter","Correct SI",204,0.88,0.920499999999999,0.1109,0.0404999999999994
"EpiFilter","Correct SI",205,0.9,0.908,0.10965,0.00800000000000023
"EpiFilter","Correct SI",206,0.84,0.9001,0.1091,0.0600999999999999
"EpiFilter","Correct SI",207,0.93,0.9589,0.11265,0.0288999999999999
"EpiFilter","Correct SI",208,1.12,1.0761,0.12075,-0.0439000000000003
"EpiFilter","Correct SI",209,1.22,1.1191,0.1238,-0.1009
"EpiFilter","Correct SI",210,0.99,1.035,0.11845,0.0449999999999995
"EpiFilter","Correct SI",211,0.96,1.0031,0.11655,0.0430999999999994
"EpiFilter","Correct SI",212,0.97,1.0301,0.1176,0.0600999999999996
"EpiFilter","Correct SI",213,1.22,1.1439,0.12455,-0.0760999999999996
"EpiFilter","Correct SI",214,1.16,1.1599,0.125,-0.000100000000000655
"EpiFilter","Correct SI",215,1.18,1.1812,0.12565,0.00119999999999987
"EpiFilter","Correct SI",216,1.28,1.2148,0.1278,-0.0652000000000006
"EpiFilter","Correct SI",217,1.13,1.1469,0.12295,0.0168999999999997
"EpiFilter","Correct SI",218,0.96,1.0849,0.1176,0.1249
"EpiFilter","Correct SI",219,1.23,1.2189,0.12515,-0.011100000000001
"EpiFilter","Correct SI",220,1.28,1.3152,0.1285,0.0351999999999999
"EpiFilter","Correct SI",221,1.57,1.4637,0.13595,-0.106299999999999
"EpiFilter","Correct SI",222,1.46,1.4253,0.13275,-0.0347
"EpiFilter","Correct SI",223,1.31,1.3231,0.1264,0.0130999999999997
"EpiFilter","Correct SI",224,1.29,1.2629,0.12205,-0.0270999999999999
"EpiFilter","Correct SI",225,1.09,1.1268,0.11285,0.0367999999999999
"EpiFilter","Correct SI",226,1,1.0527,0.10685,0.0527000000000002
"EpiFilter","Correct SI",227,1,1.0719,0.1065,0.0719000000000005
"EpiFilter","Correct SI",228,1.24,1.2391,0.1142,-0.000899999999999901
"EpiFilter","Correct SI",229,1.42,1.3983,0.12145,-0.0217000000000003
"EpiFilter","Correct SI",230,1.52,1.5126,0.1253,-0.00740000000000007
"EpiFilter","Correct SI",231,1.64,1.594,0.12835,-0.0459999999999992
"EpiFilter","Correct SI",232,1.51,1.5605,0.12465,0.0505000000000002
"EpiFilter","Correct SI",233,1.62,1.6567,0.12645,0.0367000000000006
"EpiFilter","Correct SI",234,1.95,1.8465,0.13205,-0.1035
"EpiFilter","Correct SI",235,1.8,1.7854,0.12635,-0.0145999999999995
"EpiFilter","Correct SI",236,1.71,1.6882,0.1195,-0.0217999999999998
"EpiFilter","Correct SI",237,1.57,1.5509,0.1114,-0.0190999999999995
"EpiFilter","Correct SI",238,1.27,1.3256,0.0990499999999999,0.0556000000000003
"EpiFilter","Correct SI",239,1.23,1.2697,0.09455,0.0397000000000003
"EpiFilter","Correct SI",240,1.36,1.3362,0.0953999999999999,-0.0238000000000007
"EpiFilter","Correct SI",241,1.26,1.2671,0.0908,0.00710000000000055
"EpiFilter","Correct SI",242,1.17,1.1971,0.08645,0.0271000000000008
"EpiFilter","Correct SI",243,1.28,1.2381,0.08765,-0.0419
"EpiFilter","Correct SI",244,1.07,1.0981,0.08085,0.0281
"EpiFilter","Correct SI",245,1.08,1.0704,0.0794,-0.00960000000000005
"EpiFilter","Correct SI",246,1.02,1.0241,0.0766500000000001,0.00409999999999999
"EpiFilter","Correct SI",247,0.97,0.9961,0.0746000000000001,0.0261000000000005
"EpiFilter","Correct SI",248,1.09,1.1081,0.07825,0.0181000000000004
"EpiFilter","Correct SI",249,1.28,1.2623,0.08435,-0.0177000000000003
"EpiFilter","Correct SI",250,1.37,1.3314,0.08645,-0.0386
"EpiFilter","Correct SI",251,1.2,1.2313,0.08165,0.0313000000000001
"EpiFilter","Correct SI",252,1.29,1.2858,0.08365,-0.00419999999999954
"EpiFilter","Correct SI",253,1.39,1.3825,0.0917499999999999,-0.00750000000000006
"EpiFilter","Mean +60%",31,0.59,0.5298,0.0338000000000001,-0.0601999999999997
"EpiFilter","Mean +60%",32,0.7,0.6128,0.0367,-0.0872
"EpiFilter","Mean +60%",33,0.96,0.808099999999999,0.04295,-0.151900000000001
"EpiFilter","Mean +60%",34,1.25,1.0037,0.0484999999999999,-0.2463
"EpiFilter","Mean +60%",35,1.29,1.0127,0.0498499999999999,-0.2773
"EpiFilter","Mean +60%",36,0.85,0.6998,0.0412,-0.1502
"EpiFilter","Mean +60%",37,0.62,0.5353,0.0367500000000001,-0.0847000000000001
"EpiFilter","Mean +60%",38,0.51,0.4848,0.0355,-0.0252000000000002
"EpiFilter","Mean +60%",39,0.72,0.6791,0.0435,-0.0409
"EpiFilter","Mean +60%",40,0.79,0.7533,0.0468999999999999,-0.0367000000000001
"EpiFilter","Mean +60%",41,0.64,0.6312,0.0428,-0.00879999999999992
"EpiFilter","Mean +60%",42,0.75,0.6744,0.0454,-0.0756
"EpiFilter","Mean +60%",43,0.64,0.5582,0.0408,-0.0817999999999998
"EpiFilter","Mean +60%",44,0.51,0.4338,0.03555,-0.0761999999999998
"EpiFilter","Mean +60%",45,0.44,0.3683,0.0326,-0.0716999999999998
"EpiFilter","Mean +60%",46,0.54,0.4331,0.0366,-0.1069
"EpiFilter","Mean +60%",47,0.72,0.5477,0.042,-0.1723
"EpiFilter","Mean +60%",48,0.71,0.5429,0.0423,-0.1671
"EpiFilter","Mean +60%",49,0.8,0.5773,0.0455499999999999,-0.2227
"EpiFilter","Mean +60%",50,0.62,0.4641,0.04125,-0.1559
"EpiFilter","Mean +60%",51,0.55,0.4058,0.03965,-0.1442
"EpiFilter","Mean +60%",52,0.44,0.359,0.03725,-0.0809999999999998
"EpiFilter","Mean +60%",53,0.65,0.4931,0.04665,-0.1569
"EpiFilter","Mean +60%",54,0.7,0.5513,0.0501999999999999,-0.1487
"EpiFilter","Mean +60%",55,0.87,0.6466,0.05675,-0.2234
"EpiFilter","Mean +60%",56,0.76,0.5835,0.0548,-0.1765
"EpiFilter","Mean +60%",57,0.69,0.5227,0.0529,-0.1673
"EpiFilter","Mean +60%",58,0.53,0.4306,0.0485499999999999,-0.0993999999999998
"EpiFilter","Mean +60%",59,0.53,0.4386,0.0500499999999999,-0.0913999999999998
"EpiFilter","Mean +60%",60,0.66,0.5262,0.0567499999999999,-0.1338
"EpiFilter","Mean +60%",61,0.75,0.583,0.06155,-0.167
"EpiFilter","Mean +60%",62,0.67,0.5457,0.0601999999999999,-0.1243
"EpiFilter","Mean +60%",63,0.64,0.5203,0.0596999999999999,-0.1197
"EpiFilter","Mean +60%",64,0.71,0.5466,0.0631,-0.1634
"EpiFilter","Mean +60%",65,0.69,0.538,0.06325,-0.152
"EpiFilter","Mean +60%",66,0.6,0.506,0.06125,-0.0939999999999999
"EpiFilter","Mean +60%",67,0.74,0.6081,0.0695500000000001,-0.1319
"EpiFilter","Mean +60%",68,1.05,0.7818,0.08215,-0.2682
"EpiFilter","Mean +60%",69,1.03,0.7871,0.0836,-0.242900000000001
"EpiFilter","Mean +60%",70,0.88,0.7129,0.0798500000000001,-0.1671
"EpiFilter","Mean +60%",71,0.75,0.641,0.0773500000000001,-0.109
"EpiFilter","Mean +60%",72,0.68,0.6254,0.0773500000000001,-0.0546
"EpiFilter","Mean +60%",73,0.83,0.6985,0.08445,-0.1315
"EpiFilter","Mean +60%",74,0.7,0.6532,0.08155,-0.0468000000000003
"EpiFilter","Mean +60%",75,0.67,0.6401,0.08185,-0.0299000000000003
"EpiFilter","Mean +60%",76,0.76,0.6843,0.08545,-0.0757000000000001
"EpiFilter","Mean +60%",77,0.81,0.6915,0.08675,-0.1185
"EpiFilter","Mean +60%",78,0.72,0.6453,0.0838,-0.0747000000000001
"EpiFilter","Mean +60%",79,0.76,0.6417,0.08455,-0.1183
"EpiFilter","Mean +60%",80,0.7,0.6185,0.08305,-0.0814999999999999
"EpiFilter","Mean +60%",81,0.8,0.6628,0.0878,-0.1372
"EpiFilter","Mean +60%",82,0.8,0.6897,0.09025,-0.1103
"EpiFilter","Mean +60%",83,0.93,0.7576,0.0963999999999999,-0.1724
"EpiFilter","Mean +60%",84,0.98,0.7802,0.0986999999999999,-0.1998
"EpiFilter","Mean +60%",85,0.84,0.7383,0.0969999999999999,-0.1017
"EpiFilter","Mean +60%",86,0.85,0.7527,0.09945,-0.0973000000000002
"EpiFilter","Mean +60%",87,0.88,0.7886,0.1034,-0.0914
"EpiFilter","Mean +60%",88,0.94,0.8214,0.10685,-0.1186
"EpiFilter","Mean +60%",89,0.84,0.8067,0.1063,-0.0333000000000003
"EpiFilter","Mean +60%",90,0.89,0.825,0.1087,-0.0649999999999997
"EpiFilter","Mean +60%",91,0.91,0.8482,0.1111,-0.0618000000000001
"EpiFilter","Mean +60%",92,0.97,0.857699999999999,0.1122,-0.112300000000001
"EpiFilter","Mean +60%",93,0.84,0.8049,0.109,-0.0351
"EpiFilter","Mean +60%",94,0.79,0.7706,0.107,-0.0193999999999998
"EpiFilter","Mean +60%",95,0.8,0.7739,0.10785,-0.0261000000000002
"EpiFilter","Mean +60%",96,0.87,0.7989,0.1102,-0.0711000000000003
"EpiFilter","Mean +60%",97,0.88,0.8,0.1111,-0.0799999999999998
"EpiFilter","Mean +60%",98,0.84,0.7715,0.1096,-0.0685000000000001
"EpiFilter","Mean +60%",99,0.83,0.7407,0.10785,-0.0893
"EpiFilter","Mean +60%",100,0.67,0.6792,0.10295,0.00919999999999999
"EpiFilter","Mean +60%",101,0.72,0.698,0.105,-0.0219999999999999
"EpiFilter","Mean +60%",102,0.82,0.7792,0.11155,-0.0408000000000005
"EpiFilter","Mean +60%",103,1.08,0.9055,0.1223,-0.1745
"EpiFilter","Mean +60%",104,1.22,0.9774,0.12795,-0.242599999999999
"EpiFilter","Mean +60%",105,1.1,0.9416,0.12595,-0.1584
"EpiFilter","Mean +60%",106,0.96,0.9012,0.124,-0.0587999999999997
"EpiFilter","Mean +60%",107,0.89,0.908,0.1255,0.0179999999999996
"EpiFilter","Mean +60%",108,1.06,0.9921,0.13275,-0.0679
"EpiFilter","Mean +60%",109,1.22,1.0641,0.1389,-0.1559
"EpiFilter","Mean +60%",110,0.98,1.0116,0.13565,0.0316000000000005
"EpiFilter","Mean +60%",111,0.93,0.9722,0.13315,0.0421999999999997
"EpiFilter","Mean +60%",112,0.9,0.9412,0.13135,0.0412
"EpiFilter","Mean +60%",113,0.8,0.9052,0.1285,0.1052
"EpiFilter","Mean +60%",114,0.89,0.9339,0.1301,0.0439000000000003
"EpiFilter","Mean +60%",115,1,0.9754,0.133,-0.0246
"EpiFilter","Mean +60%",116,1.03,1.001,0.1345,-0.0289999999999999
"EpiFilter","Mean +60%",117,1.06,1.0126,0.13515,-0.0473999999999999
"EpiFilter","Mean +60%",118,1.05,1.0064,0.1345,-0.0436000000000003
"EpiFilter","Mean +60%",119,1.02,0.99,0.1335,-0.03
"EpiFilter","Mean +60%",120,0.99,0.9856,0.13335,-0.00439999999999985
"EpiFilter","Mean +60%",121,1.1,1.0247,0.1369,-0.0752999999999999
"EpiFilter","Mean +60%",122,1,1.0216,0.1368,0.0216000000000001
"EpiFilter","Mean +60%",123,1.07,1.0341,0.13815,-0.0359000000000005
"EpiFilter","Mean +60%",124,0.97,0.9841,0.13475,0.0140999999999999
"EpiFilter","Mean +60%",125,0.88,0.9251,0.1311,0.0450999999999998
"EpiFilter","Mean +60%",126,0.82,0.8784,0.12695,0.0584
"EpiFilter","Mean +60%",127,0.85,0.8601,0.12545,0.0101000000000002
"EpiFilter","Mean +60%",128,0.81,0.8359,0.1239,0.0259000000000001
"EpiFilter","Mean +60%",129,0.87,0.8426,0.1241,-0.0274000000000001
"EpiFilter","Mean +60%",130,0.88,0.8353,0.1237,-0.0447000000000002
"EpiFilter","Mean +60%",131,0.89,0.8216,0.12225,-0.0684000000000003
"EpiFilter","Mean +60%",132,0.88,0.8007,0.1205,-0.0792999999999998
"EpiFilter","Mean +60%",133,0.84,0.7907,0.1204,-0.0492999999999997
"EpiFilter","Mean +60%",134,0.85,0.793900000000001,0.12155,-0.0560999999999994
"EpiFilter","Mean +60%",135,0.87,0.8243,0.12415,-0.0457000000000001
"EpiFilter","Mean +60%",136,0.95,0.8755,0.1291,-0.0744999999999996
"EpiFilter","Mean +60%",137,1.02,0.9261,0.1338,-0.0938999999999998
"EpiFilter","Mean +60%",138,1.11,0.9776,0.1384,-0.1324
"EpiFilter","Mean +60%",139,1.14,1.0006,0.14095,-0.139400000000001
"EpiFilter","Mean +60%",140,1,0.9886,0.14055,-0.0113999999999999
"EpiFilter","Mean +60%",141,1,1.0185,0.14375,0.0185000000000004
"EpiFilter","Mean +60%",142,1.04,1.0777,0.1479,0.0376999999999998
"EpiFilter","Mean +60%",143,1.19,1.1581,0.15445,-0.0318999999999994
"EpiFilter","Mean +60%",144,1.24,1.2013,0.15785,-0.0386999999999997
"EpiFilter","Mean +60%",145,1.22,1.1921,0.15725,-0.0279
"EpiFilter","Mean +60%",146,1.09,1.1373,0.15315,0.0473000000000003
"EpiFilter","Mean +60%",147,1.02,1.0914,0.1498,0.0714000000000004
"EpiFilter","Mean +60%",148,0.94,1.041,0.14565,0.101
"EpiFilter","Mean +60%",149,0.89,1.0096,0.14325,0.1196
"EpiFilter","Mean +60%",150,0.92,1,0.14195,0.08
"EpiFilter","Mean +60%",151,0.92,0.9919,0.14045,0.0718999999999995
"EpiFilter","Mean +60%",152,1,1.0005,0.1405,0.000499999999999501
"EpiFilter","Mean +60%",153,1,0.9726,0.13785,-0.0274
"EpiFilter","Mean +60%",154,0.92,0.917,0.1332,-0.00299999999999989
"EpiFilter","Mean +60%",155,0.82,0.862,0.12875,0.0419999999999999
"EpiFilter","Mean +60%",156,0.85,0.8586,0.1287,0.00859999999999972
"EpiFilter","Mean +60%",157,0.92,0.8941,0.13195,-0.0258999999999999
"EpiFilter","Mean +60%",158,1.02,0.9294,0.13465,-0.0905999999999999
"EpiFilter","Mean +60%",159,0.99,0.9269,0.1347,-0.0630999999999998
"EpiFilter","Mean +60%",160,0.94,0.9063,0.13375,-0.0337
"EpiFilter","Mean +60%",161,0.92,0.8886,0.1328,-0.0314000000000004
"EpiFilter","Mean +60%",162,0.9,0.8819,0.1327,-0.0181000000000003
"EpiFilter","Mean +60%",163,0.91,0.8934,0.1341,-0.0166000000000003
"EpiFilter","Mean +60%",164,0.91,0.9111,0.1357,0.00110000000000021
"EpiFilter","Mean +60%",165,0.98,0.9406,0.1384,-0.0394000000000001
"EpiFilter","Mean +60%",166,1.04,0.961,0.14035,-0.079
"EpiFilter","Mean +60%",167,0.97,0.9603,0.1405,-0.00969999999999971
"EpiFilter","Mean +60%",168,1.02,0.969400000000001,0.14155,-0.0505999999999994
"EpiFilter","Mean +60%",169,0.99,0.9866,0.1432,-0.00339999999999985
"EpiFilter","Mean +60%",170,1.11,1.0341,0.14695,-0.0758999999999996
"EpiFilter","Mean +60%",171,1.06,1.0491,0.14825,-0.0108999999999999
"EpiFilter","Mean +60%",172,1.13,1.0683,0.1499,-0.0617000000000003
"EpiFilter","Mean +60%",173,1.03,1.0478,0.14885,0.0177999999999998
"EpiFilter","Mean +60%",174,0.99,1.0329,0.1478,0.0429000000000006
"EpiFilter","Mean +60%",175,1.01,1.0417,0.1483,0.0317000000000001
"EpiFilter","Mean +60%",176,1.01,1.0512,0.14895,0.0412000000000006
"EpiFilter","Mean +60%",177,1.02,1.0721,0.1506,0.0521000000000007
"EpiFilter","Mean +60%",178,1,1.0962,0.15195,0.0962000000000003
"EpiFilter","Mean +60%",179,1.13,1.1565,0.1557,0.0265000000000002
"EpiFilter","Mean +60%",180,1.21,1.2186,0.15955,0.00860000000000039
"EpiFilter","Mean +60%",181,1.31,1.2558,0.1618,-0.0542
"EpiFilter","Mean +60%",182,1.29,1.2441,0.1606,-0.0458999999999998
"EpiFilter","Mean +60%",183,1.1,1.1795,0.15635,0.0794999999999997
"EpiFilter","Mean +60%",184,1,1.1358,0.153,0.1358
"EpiFilter","Mean +60%",185,0.98,1.1368,0.1532,0.1568
"EpiFilter","Mean +60%",186,1.07,1.1714,0.1553,0.1014
"EpiFilter","Mean +60%",187,1.04,1.1968,0.15595,0.1568
"EpiFilter","Mean +60%",188,1.12,1.2416,0.1579,0.1216
"EpiFilter","Mean +60%",189,1.18,1.2943,0.16025,0.1143
"EpiFilter","Mean +60%",190,1.27,1.3612,0.16315,0.0912
"EpiFilter","Mean +60%",191,1.46,1.4628,0.16795,0.00279999999999969
"EpiFilter","Mean +60%",192,1.4,1.5264,0.171,0.126400000000001
"EpiFilter","Mean +60%",193,1.57,1.6468,0.1773,0.0767999999999991
"EpiFilter","Mean +60%",194,1.68,1.7242,0.1814,0.0442000000000007
"EpiFilter","Mean +60%",195,1.54,1.6998,0.17925,0.1598
"EpiFilter","Mean +60%",196,1.33,1.6325,0.1745,0.3025
"EpiFilter","Mean +60%",197,1.22,1.6027,0.17155,0.3827
"EpiFilter","Mean +60%",198,1.25,1.6286,0.1713,0.378599999999999
"EpiFilter","Mean +60%",199,1.32,1.6676,0.1718,0.347600000000001
"EpiFilter","Mean +60%",200,1.42,1.6603,0.16925,0.240299999999999
"EpiFilter","Mean +60%",201,1.22,1.5127,0.15835,0.2927
"EpiFilter","Mean +60%",202,1.08,1.3455,0.14655,0.2655
"EpiFilter","Mean +60%",203,0.95,1.1799,0.1347,0.2299
"EpiFilter","Mean +60%",204,0.88,1.0831,0.1271,0.2031
"EpiFilter","Mean +60%",205,0.9,1.0408,0.1233,0.140799999999999
"EpiFilter","Mean +60%",206,0.84,1.0004,0.11885,0.1604
"EpiFilter","Mean +60%",207,0.93,1.0253,0.11925,0.0953000000000003
"EpiFilter","Mean +60%",208,1.12,1.105,0.1236,-0.0150000000000003
"EpiFilter","Mean +60%",209,1.22,1.1147,0.12285,-0.105300000000001
"EpiFilter","Mean +60%",210,0.99,1.0083,0.1158,0.0183000000000002
"EpiFilter","Mean +60%",211,0.96,0.9701,0.11345,0.0101000000000001
"EpiFilter","Mean +60%",212,0.97,1.005,0.1154,0.0350000000000004
"EpiFilter","Mean +60%",213,1.22,1.1333,0.12385,-0.0866999999999998
"EpiFilter","Mean +60%",214,1.16,1.1668,0.1258,0.0067999999999997
"EpiFilter","Mean +60%",215,1.18,1.2048,0.12825,0.0248000000000002
"EpiFilter","Mean +60%",216,1.28,1.2549,0.13115,-0.0251000000000003
"EpiFilter","Mean +60%",217,1.13,1.202,0.1278,0.0719999999999998
"EpiFilter","Mean +60%",218,0.96,1.1576,0.1243,0.1976
"EpiFilter","Mean +60%",219,1.23,1.3157,0.13305,0.0856999999999999
"EpiFilter","Mean +60%",220,1.28,1.4328,0.13855,0.1528
"EpiFilter","Mean +60%",221,1.57,1.5976,0.14645,0.0276000000000001
"EpiFilter","Mean +60%",222,1.46,1.5688,0.14385,0.1088
"EpiFilter","Mean +60%",223,1.31,1.476,0.138,0.166
"EpiFilter","Mean +60%",224,1.29,1.4348,0.13555,0.1448
"EpiFilter","Mean +60%",225,1.09,1.3153,0.12795,0.2253
"EpiFilter","Mean +60%",226,1,1.2553,0.1241,0.2553
"EpiFilter","Mean +60%",227,1,1.2877,0.1247,0.2877
"EpiFilter","Mean +60%",228,1.24,1.4632,0.13185,0.223199999999999
"EpiFilter","Mean +60%",229,1.42,1.6118,0.13695,0.1918
"EpiFilter","Mean +60%",230,1.52,1.6994,0.1385,0.1794
"EpiFilter","Mean +60%",231,1.64,1.7635,0.13935,0.1235
"EpiFilter","Mean +60%",232,1.51,1.7389,0.1362,0.2289
"EpiFilter","Mean +60%",233,1.62,1.8905,0.14085,0.2705
"EpiFilter","Mean +60%",234,1.95,2.1741,0.15165,0.2241
"EpiFilter","Mean +60%",235,1.8,2.1994,0.1506,0.399400000000001
"EpiFilter","Mean +60%",236,1.71,2.1738,0.1482,0.4638
"EpiFilter","Mean +60%",237,1.57,2.0754,0.14335,0.5054
"EpiFilter","Mean +60%",238,1.27,1.8483,0.1319,0.5783
"EpiFilter","Mean +60%",239,1.23,1.7958,0.12745,0.5658
"EpiFilter","Mean +60%",240,1.36,1.8608,0.1276,0.500800000000001
"EpiFilter","Mean +60%",241,1.26,1.7314,0.11935,0.4714
"EpiFilter","Mean +60%",242,1.17,1.5834,0.1105,0.413400000000001
"EpiFilter","Mean +60%",243,1.28,1.5626,0.10745,0.2826
"EpiFilter","Mean +60%",244,1.07,1.3442,0.0962999999999999,0.2742
"EpiFilter","Mean +60%",245,1.08,1.2653,0.09135,0.1853
"EpiFilter","Mean +60%",246,1.02,1.1803,0.0868,0.1603
"EpiFilter","Mean +60%",247,0.97,1.1233,0.0829,0.1533
"EpiFilter","Mean +60%",248,1.09,1.2199,0.08575,0.129899999999999
"EpiFilter","Mean +60%",249,1.28,1.3576,0.09035,0.0776000000000001
"EpiFilter","Mean +60%",250,1.37,1.4071,0.0904999999999999,0.0370999999999999
"EpiFilter","Mean +60%",251,1.2,1.2917,0.0852,0.0916999999999999
"EpiFilter","Mean +60%",252,1.29,1.3527,0.08755,0.0626999999999995
"EpiFilter","Mean +60%",253,1.39,1.472,0.0974499999999999,0.0819999999999999
"EpiFilter","SD -60%",31,0.59,0.6069,0.0384,0.0169000000000001
"EpiFilter","SD -60%",32,0.7,0.7002,0.0417,0.000199999999999756
"EpiFilter","SD -60%",33,0.96,0.9296,0.0486999999999999,-0.0303999999999999
"EpiFilter","SD -60%",34,1.25,1.183,0.0568499999999998,-0.067
"EpiFilter","SD -60%",35,1.29,1.2378,0.0604000000000001,-0.0522000000000002
"EpiFilter","SD -60%",36,0.85,0.9059,0.05285,0.0559000000000004
"EpiFilter","SD -60%",37,0.62,0.7289,0.0493499999999999,0.1089
"EpiFilter","SD -60%",38,0.51,0.6518,0.0468499999999999,0.1418
"EpiFilter","SD -60%",39,0.72,0.8094,0.05205,0.0894
"EpiFilter","SD -60%",40,0.79,0.7695,0.0474499999999999,-0.0204999999999997
"EpiFilter","SD -60%",41,0.64,0.5696,0.0382,-0.0704
"EpiFilter","SD -60%",42,0.75,0.6023,0.0402,-0.1477
"EpiFilter","SD -60%",43,0.64,0.5587,0.0409,-0.0813000000000001
"EpiFilter","SD -60%",44,0.51,0.5201,0.0424,0.0101000000000003
"EpiFilter","SD -60%",45,0.44,0.5035,0.0444,0.0635000000000002
"EpiFilter","SD -60%",46,0.54,0.5925,0.0491999999999999,0.0525000000000003
"EpiFilter","SD -60%",47,0.72,0.7108,0.0539999999999999,-0.00919999999999987
"EpiFilter","SD -60%",48,0.71,0.686,0.05295,-0.0240000000000001
"EpiFilter","SD -60%",49,0.8,0.7288,0.05615,-0.0712000000000005
"EpiFilter","SD -60%",50,0.62,0.6203,0.05385,0.0003000000000003
"EpiFilter","SD -60%",51,0.55,0.5885,0.056,0.0385000000000004
"EpiFilter","SD -60%",52,0.44,0.5559,0.0561,0.1159
"EpiFilter","SD -60%",53,0.65,0.7156,0.0662000000000001,0.0655999999999998
"EpiFilter","SD -60%",54,0.7,0.7351,0.0655500000000001,0.0351000000000001
"EpiFilter","SD -60%",55,0.87,0.7898,0.0684000000000001,-0.0802000000000004
"EpiFilter","SD -60%",56,0.76,0.7019,0.0641500000000001,-0.0581000000000002
"EpiFilter","SD -60%",57,0.69,0.6586,0.0651500000000001,-0.0314000000000003
"EpiFilter","SD -60%",58,0.53,0.594,0.0647500000000001,0.0640000000000004
"EpiFilter","SD -60%",59,0.53,0.6304,0.0697000000000001,0.1004
"EpiFilter","SD -60%",60,0.66,0.7174,0.0752500000000001,0.0573999999999998
"EpiFilter","SD -60%",61,0.75,0.7295,0.0746000000000001,-0.0205000000000001
"EpiFilter","SD -60%",62,0.67,0.6435,0.0689000000000001,-0.0265000000000001
"EpiFilter","SD -60%",63,0.64,0.6126,0.0680000000000001,-0.0273999999999996
"EpiFilter","SD -60%",64,0.71,0.6777,0.0756000000000001,-0.0322999999999999
"EpiFilter","SD -60%",65,0.69,0.7179,0.0818,0.0278999999999998
"EpiFilter","SD -60%",66,0.6,0.7085,0.08225,0.1085
"EpiFilter","SD -60%",67,0.74,0.821,0.09035,0.0809999999999998
"EpiFilter","SD -60%",68,1.05,0.9955,0.1012,-0.0545000000000003
"EpiFilter","SD -60%",69,1.03,0.9839,0.10055,-0.0461000000000003
"EpiFilter","SD -60%",70,0.88,0.893,0.09725,0.013
"EpiFilter","SD -60%",71,0.75,0.8071,0.0933499999999999,0.0571000000000003
"EpiFilter","SD -60%",72,0.68,0.7867,0.0941499999999999,0.1067
"EpiFilter","SD -60%",73,0.83,0.8479,0.1001,0.0179
"EpiFilter","SD -60%",74,0.7,0.749,0.0918999999999999,0.0489999999999996
"EpiFilter","SD -60%",75,0.67,0.6781,0.08485,0.00810000000000011
"EpiFilter","SD -60%",76,0.76,0.6979,0.08625,-0.0621000000000003
"EpiFilter","SD -60%",77,0.81,0.7261,0.0897999999999999,-0.0839000000000003
"EpiFilter","SD -60%",78,0.72,0.7239,0.09235,0.00390000000000013
"EpiFilter","SD -60%",79,0.76,0.7603,0.0976499999999999,0.000299999999999856
"EpiFilter","SD -60%",80,0.7,0.7592,0.0987,0.0592000000000001
"EpiFilter","SD -60%",81,0.8,0.8195,0.1044,0.0194999999999997
"EpiFilter","SD -60%",82,0.8,0.8524,0.10785,0.0524000000000003
"EpiFilter","SD -60%",83,0.93,0.9155,0.1126,-0.0145
"EpiFilter","SD -60%",84,0.98,0.9278,0.11455,-0.0522
"EpiFilter","SD -60%",85,0.84,0.8776,0.11175,0.0375999999999996
"EpiFilter","SD -60%",86,0.85,0.8925,0.1143,0.0425
"EpiFilter","SD -60%",87,0.88,0.9259,0.1179,0.0458999999999999
"EpiFilter","SD -60%",88,0.94,0.9417,0.1194,0.00169999999999992
"EpiFilter","SD -60%",89,0.84,0.8957,0.1158,0.0557000000000003
"EpiFilter","SD -60%",90,0.89,0.8856,0.11455,-0.00440000000000029
"EpiFilter","SD -60%",91,0.91,0.8966,0.11575,-0.0133999999999995
"EpiFilter","SD -60%",92,0.97,0.9099,0.11765,-0.0600999999999996
"EpiFilter","SD -60%",93,0.84,0.8627,0.1155,0.0227000000000001
"EpiFilter","SD -60%",94,0.79,0.8288,0.1134,0.0388000000000002
"EpiFilter","SD -60%",95,0.8,0.8314,0.1144,0.0313999999999999
"EpiFilter","SD -60%",96,0.87,0.8556,0.1171,-0.0143999999999999
"EpiFilter","SD -60%",97,0.88,0.8552,0.1173,-0.0248
"EpiFilter","SD -60%",98,0.84,0.8232,0.11515,-0.0168000000000003
"EpiFilter","SD -60%",99,0.83,0.7955,0.11375,-0.0345000000000001
"EpiFilter","SD -60%",100,0.67,0.746,0.1108,0.0760000000000002
"EpiFilter","SD -60%",101,0.72,0.7822,0.11535,0.0622
"EpiFilter","SD -60%",102,0.82,0.8769,0.12305,0.0568999999999997
"EpiFilter","SD -60%",103,1.08,1.0098,0.1333,-0.0702000000000003
"EpiFilter","SD -60%",104,1.22,1.083,0.1384,-0.137
"EpiFilter","SD -60%",105,1.1,1.0562,0.138,-0.0438000000000005
"EpiFilter","SD -60%",106,0.96,1.0353,0.13885,0.0753
"EpiFilter","SD -60%",107,0.89,1.059,0.14315,0.169
"EpiFilter","SD -60%",108,1.06,1.1332,0.14915,0.0731999999999999
"EpiFilter","SD -60%",109,1.22,1.1503,0.14865,-0.0697000000000003
"EpiFilter","SD -60%",110,0.98,1.0206,0.13595,0.0406
"EpiFilter","SD -60%",111,0.93,0.9302,0.12755,0.000200000000000089
"EpiFilter","SD -60%",112,0.9,0.8904,0.12485,-0.00960000000000027
"EpiFilter","SD -60%",113,0.8,0.873700000000001,0.12465,0.0737000000000005
"EpiFilter","SD -60%",114,0.89,0.9178,0.1292,0.0277999999999998
"EpiFilter","SD -60%",115,1,0.9597,0.13115,-0.0403000000000001
"EpiFilter","SD -60%",116,1.03,0.9846,0.1324,-0.0454000000000001
"EpiFilter","SD -60%",117,1.06,1.012,0.13445,-0.0479999999999998
"EpiFilter","SD -60%",118,1.05,1.0357,0.1376,-0.0142999999999998
"EpiFilter","SD -60%",119,1.02,1.0494,0.14085,0.0293999999999999
"EpiFilter","SD -60%",120,0.99,1.0588,0.1418,0.0688000000000006
"EpiFilter","SD -60%",121,1.1,1.0864,0.1441,-0.0135999999999992
"EpiFilter","SD -60%",122,1,1.0512,0.1403,0.0512000000000006
"EpiFilter","SD -60%",123,1.07,1.0299,0.13715,-0.0400999999999998
"EpiFilter","SD -60%",124,0.97,0.9594,0.1312,-0.0106000000000002
"EpiFilter","SD -60%",125,0.88,0.8961,0.12715,0.0160999999999997
"EpiFilter","SD -60%",126,0.82,0.854,0.1242,0.0340000000000005
"EpiFilter","SD -60%",127,0.85,0.8432,0.12405,-0.00679999999999958
"EpiFilter","SD -60%",128,0.81,0.8231,0.1216,0.0130999999999998
"EpiFilter","SD -60%",129,0.87,0.8333,0.1227,-0.0367000000000002
"EpiFilter","SD -60%",130,0.88,0.8379,0.1237,-0.0420999999999997
"EpiFilter","SD -60%",131,0.89,0.8472,0.1252,-0.0428000000000001
"EpiFilter","SD -60%",132,0.88,0.8554,0.1274,-0.0246000000000002
"EpiFilter","SD -60%",133,0.84,0.8732,0.1307,0.0331999999999999
"EpiFilter","SD -60%",134,0.85,0.8933,0.1338,0.0432999999999997
"EpiFilter","SD -60%",135,0.87,0.9285,0.13695,0.0585000000000001
"EpiFilter","SD -60%",136,0.95,0.9752,0.1408,0.0252
"EpiFilter","SD -60%",137,1.02,1.0186,0.1444,-0.00139999999999985
"EpiFilter","SD -60%",138,1.11,1.0646,0.1477,-0.0454000000000001
"EpiFilter","SD -60%",139,1.14,1.0866,0.1503,-0.0533999999999997
"EpiFilter","SD -60%",140,1,1.0728,0.1505,0.0728
"EpiFilter","SD -60%",141,1,1.0937,0.1523,0.0937000000000003
"EpiFilter","SD -60%",142,1.04,1.1324,0.15465,0.0924
"EpiFilter","SD -60%",143,1.19,1.1791,0.1571,-0.0109000000000001
"EpiFilter","SD -60%",144,1.24,1.185,0.1559,-0.0550000000000004
"EpiFilter","SD -60%",145,1.22,1.1485,0.1526,-0.0715000000000001
"EpiFilter","SD -60%",146,1.09,1.0865,0.1475,-0.00349999999999984
"EpiFilter","SD -60%",147,1.02,1.0454,0.14495,0.0253999999999999
"EpiFilter","SD -60%",148,0.94,0.9965,0.14115,0.0565000000000001
"EpiFilter","SD -60%",149,0.89,0.9528,0.1371,0.0628000000000002
"EpiFilter","SD -60%",150,0.92,0.9248,0.13305,0.00480000000000003
"EpiFilter","SD -60%",151,0.92,0.9059,0.13005,-0.0141
"EpiFilter","SD -60%",152,1,0.9228,0.1311,-0.0772000000000002
"EpiFilter","SD -60%",153,1,0.9242,0.1323,-0.0758
"EpiFilter","SD -60%",154,0.92,0.9061,0.13275,-0.0139000000000004
"EpiFilter","SD -60%",155,0.82,0.884699999999999,0.13195,0.0646999999999993
"EpiFilter","SD -60%",156,0.85,0.9029,0.13475,0.0529000000000003
"EpiFilter","SD -60%",157,0.92,0.9457,0.13845,0.0257000000000001
"EpiFilter","SD -60%",158,1.02,0.975,0.1399,-0.0450000000000002
"EpiFilter","SD -60%",159,0.99,0.9627,0.13885,-0.0272999999999998
"EpiFilter","SD -60%",160,0.94,0.9408,0.13705,0.000800000000000356
"EpiFilter","SD -60%",161,0.92,0.933,0.13775,0.0130000000000002
"EpiFilter","SD -60%",162,0.9,0.9413,0.1401,0.0412999999999998
"EpiFilter","SD -60%",163,0.91,0.9547,0.1424,0.0447000000000004
"EpiFilter","SD -60%",164,0.91,0.9588,0.14155,0.0488
"EpiFilter","SD -60%",165,0.98,0.970400000000001,0.14195,-0.00959999999999939
"EpiFilter","SD -60%",166,1.04,0.9812,0.1421,-0.0588000000000005
"EpiFilter","SD -60%",167,0.97,0.9844,0.1433,0.0144000000000003
"EpiFilter","SD -60%",168,1.02,1.0055,0.14615,-0.0145
"EpiFilter","SD -60%",169,0.99,1.0316,0.1483,0.0416000000000001
"EpiFilter","SD -60%",170,1.11,1.0801,0.15265,-0.0299000000000003
"EpiFilter","SD -60%",171,1.06,1.0861,0.1527,0.0261
"EpiFilter","SD -60%",172,1.13,1.0896,0.15255,-0.0404000000000002
"EpiFilter","SD -60%",173,1.03,1.055,0.1493,0.0250000000000001
"EpiFilter","SD -60%",174,0.99,1.0305,0.14705,0.0405
"EpiFilter","SD -60%",175,1.01,1.0319,0.14785,0.0218999999999994
"EpiFilter","SD -60%",176,1.01,1.0309,0.1471,0.0208999999999999
"EpiFilter","SD -60%",177,1.02,1.0382,0.14695,0.0181999999999995
"EpiFilter","SD -60%",178,1,1.0523,0.1473,0.0523
"EpiFilter","SD -60%",179,1.13,1.1124,0.15085,-0.0176000000000005
"EpiFilter","SD -60%",180,1.21,1.185,0.1562,-0.0249999999999999
"EpiFilter","SD -60%",181,1.31,1.2383,0.16005,-0.0716999999999999
"EpiFilter","SD -60%",182,1.29,1.2351,0.1602,-0.0549000000000002
"EpiFilter","SD -60%",183,1.1,1.1682,0.15595,0.0682000000000003
"EpiFilter","SD -60%",184,1,1.1108,0.1513,0.1108
"EpiFilter","SD -60%",185,0.98,1.0857,0.1481,0.1057
"EpiFilter","SD -60%",186,1.07,1.0836,0.146,0.0135999999999996
"EpiFilter","SD -60%",187,1.04,1.0721,0.1425,0.0321
"EpiFilter","SD -60%",188,1.12,1.097,0.1424,-0.0230000000000001
"EpiFilter","SD -60%",189,1.18,1.1596,0.1457,-0.0203999999999995
"EpiFilter","SD -60%",190,1.27,1.2633,0.1533,-0.00669999999999971
"EpiFilter","SD -60%",191,1.46,1.4078,0.1638,-0.0521999999999991
"EpiFilter","SD -60%",192,1.4,1.4946,0.16915,0.0945999999999996
"EpiFilter","SD -60%",193,1.57,1.6076,0.1749,0.0376000000000001
"EpiFilter","SD -60%",194,1.68,1.6489,0.1748,-0.0311000000000003
"EpiFilter","SD -60%",195,1.54,1.5747,0.16905,0.0346999999999993
"EpiFilter","SD -60%",196,1.33,1.4493,0.1587,0.1193
"EpiFilter","SD -60%",197,1.22,1.3582,0.1504,0.1382
"EpiFilter","SD -60%",198,1.25,1.3259,0.145,0.0758999999999999
"EpiFilter","SD -60%",199,1.32,1.3181,0.14135,-0.00190000000000001
"EpiFilter","SD -60%",200,1.42,1.2887,0.1369,-0.1313
"EpiFilter","SD -60%",201,1.22,1.1652,0.12715,-0.0548
"EpiFilter","SD -60%",202,1.08,1.061,0.1204,-0.0190000000000003
"EpiFilter","SD -60%",203,0.95,0.9688,0.1146,0.0187999999999995
"EpiFilter","SD -60%",204,0.88,0.9264,0.113,0.0463999999999997
"EpiFilter","SD -60%",205,0.9,0.9047,0.11035,0.00469999999999982
"EpiFilter","SD -60%",206,0.84,0.867,0.1054,0.0269999999999998
"EpiFilter","SD -60%",207,0.93,0.8967,0.10595,-0.0333
"EpiFilter","SD -60%",208,1.12,1.0038,0.113,-0.116200000000001
"EpiFilter","SD -60%",209,1.22,1.0707,0.1189,-0.1493
"EpiFilter","SD -60%",210,0.99,1.0288,0.11795,0.0388000000000006
"EpiFilter","SD -60%",211,0.96,1.0404,0.1207,0.0803999999999999
"EpiFilter","SD -60%",212,0.97,1.0954,0.12455,0.1254
"EpiFilter","SD -60%",213,1.22,1.2129,0.13205,-0.00710000000000011
"EpiFilter","SD -60%",214,1.16,1.1963,0.1288,0.0363
"EpiFilter","SD -60%",215,1.18,1.1741,0.12455,-0.00589999999999979
"EpiFilter","SD -60%",216,1.28,1.1909,0.12485,-0.0890999999999997
"EpiFilter","SD -60%",217,1.13,1.1462,0.12275,0.0162
"EpiFilter","SD -60%",218,0.96,1.1173,0.1211,0.157300000000001
"EpiFilter","SD -60%",219,1.23,1.2648,0.12975,0.0348000000000002
"EpiFilter","SD -60%",220,1.28,1.3419,0.13095,0.0618999999999998
"EpiFilter","SD -60%",221,1.57,1.4607,0.13555,-0.109300000000001
"EpiFilter","SD -60%",222,1.46,1.4091,0.1309,-0.0508999999999999
"EpiFilter","SD -60%",223,1.31,1.3244,0.12545,0.0144
"EpiFilter","SD -60%",224,1.29,1.3097,0.12595,0.0197
"EpiFilter","SD -60%",225,1.09,1.2034,0.12035,0.1134
"EpiFilter","SD -60%",226,1,1.1126,0.11295,0.1126
"EpiFilter","SD -60%",227,1,1.0771,0.10755,0.0771000000000002
"EpiFilter","SD -60%",228,1.24,1.1809,0.10965,-0.0591000000000002
"EpiFilter","SD -60%",229,1.42,1.3028,0.1134,-0.1172
"EpiFilter","SD -60%",230,1.52,1.4249,0.11915,-0.0951000000000004
"EpiFilter","SD -60%",231,1.64,1.5651,0.1257,-0.0749
"EpiFilter","SD -60%",232,1.51,1.6324,0.12925,0.1224
"EpiFilter","SD -60%",233,1.62,1.8341,0.1383,0.2141
"EpiFilter","SD -60%",234,1.95,2.0751,0.1466,0.1251
"EpiFilter","SD -60%",235,1.8,1.966,0.137,0.165999999999999
"EpiFilter","SD -60%",236,1.71,1.7899,0.1253,0.0798999999999992
"EpiFilter","SD -60%",237,1.57,1.6045,0.1144,0.0344999999999998
"EpiFilter","SD -60%",238,1.27,1.3704,0.1021,0.1004
"EpiFilter","SD -60%",239,1.23,1.3137,0.09745,0.0836999999999999
"EpiFilter","SD -60%",240,1.36,1.3505,0.0965499999999999,-0.00950000000000029
"EpiFilter","SD -60%",241,1.26,1.2279,0.08775,-0.0320999999999996
"EpiFilter","SD -60%",242,1.17,1.1242,0.08135,-0.0457999999999994
"EpiFilter","SD -60%",243,1.28,1.1619,0.08285,-0.118099999999999
"EpiFilter","SD -60%",244,1.07,1.0566,0.0776500000000001,-0.0134000000000001
"EpiFilter","SD -60%",245,1.08,1.0669,0.0793500000000001,-0.0131000000000001
"EpiFilter","SD -60%",246,1.02,1.0335,0.0775500000000001,0.0134999999999998
"EpiFilter","SD -60%",247,0.97,0.9915,0.0743500000000001,0.0214999999999995
"EpiFilter","SD -60%",248,1.09,1.0847,0.0773500000000001,-0.00529999999999986
"EpiFilter","SD -60%",249,1.28,1.2209,0.0814,-0.0590999999999997
"EpiFilter","SD -60%",250,1.37,1.2895,0.08375,-0.0805000000000002
"EpiFilter","SD -60%",251,1.2,1.2156,0.081,0.0156000000000005
"EpiFilter","SD -60%",252,1.29,1.3173,0.0857,0.0273000000000001
"EpiFilter","SD -60%",253,1.39,1.4656,0.0973,0.0755999999999997
"EpiFilter","Correct SI",31,0.59,0.597000000000001,0.0374,0.00700000000000078
"EpiFilter","Correct SI",32,0.7,0.7121,0.0423,0.0121
"EpiFilter","Correct SI",33,0.96,0.966,0.0507499999999999,0.006
"EpiFilter","Correct SI",34,1.25,1.228,0.0589,-0.0220000000000002
"EpiFilter","Correct SI",35,1.29,1.2539,0.0608500000000001,-0.0360999999999998
"EpiFilter","Correct SI",36,0.85,0.864,0.0502499999999999,0.0139999999999998
"EpiFilter","Correct SI",37,0.62,0.6345,0.04295,0.0144999999999998
"EpiFilter","Correct SI",38,0.51,0.5391,0.03925,0.0291
"EpiFilter","Correct SI",39,0.72,0.714,0.0457499999999999,-0.00599999999999989
"EpiFilter","Correct SI",40,0.79,0.7775,0.0481999999999999,-0.0125000000000001
"EpiFilter","Correct SI",41,0.64,0.6615,0.04465,0.0214999999999999
"EpiFilter","Correct SI",42,0.75,0.7312,0.0481999999999999,-0.0187999999999999
"EpiFilter","Correct SI",43,0.64,0.6339,0.0459999999999999,-0.0061000000000001
"EpiFilter","Correct SI",44,0.51,0.516,0.04225,0.00600000000000045
"EpiFilter","Correct SI",45,0.44,0.4557,0.04015,0.0156999999999999
"EpiFilter","Correct SI",46,0.54,0.5477,0.0454,0.00769999999999993
"EpiFilter","Correct SI",47,0.72,0.7012,0.05355,-0.0187999999999996
"EpiFilter","Correct SI",48,0.71,0.7142,0.05525,0.00420000000000009
"EpiFilter","Correct SI",49,0.8,0.7694,0.0597999999999999,-0.0306000000000004
"EpiFilter","Correct SI",50,0.62,0.631,0.0548999999999999,0.0109999999999998
"EpiFilter","Correct SI",51,0.55,0.5515,0.0525999999999999,0.00149999999999995
"EpiFilter","Correct SI",52,0.44,0.4868,0.0494499999999999,0.0467999999999998
"EpiFilter","Correct SI",53,0.65,0.6427,0.0597499999999999,-0.00730000000000031
"EpiFilter","Correct SI",54,0.7,0.7135,0.0640500000000001,0.0134999999999996
"EpiFilter","Correct SI",55,0.87,0.8273,0.0715000000000001,-0.0427
"EpiFilter","Correct SI",56,0.76,0.7542,0.0692000000000001,-0.0057999999999998
"EpiFilter","Correct SI",57,0.69,0.6771,0.0668000000000001,-0.0129000000000006
"EpiFilter","Correct SI",58,0.53,0.5596,0.0607499999999999,0.0296
"EpiFilter","Correct SI",59,0.53,0.5598,0.0625,0.0297999999999998
"EpiFilter","Correct SI",60,0.66,0.6559,0.0695000000000001,-0.00409999999999999
"EpiFilter","Correct SI",61,0.75,0.7199,0.0740000000000001,-0.0301
"EpiFilter","Correct SI",62,0.67,0.6803,0.0732500000000001,0.0102999999999999
"EpiFilter","Correct SI",63,0.64,0.6575,0.0726000000000001,0.0174999999999998
"EpiFilter","Correct SI",64,0.71,0.6927,0.0774000000000001,-0.0173000000000002
"EpiFilter","Correct SI",65,0.69,0.6872,0.0782500000000001,-0.00279999999999991
"EpiFilter","Correct SI",66,0.6,0.6545,0.0764500000000001,0.0544999999999999
"EpiFilter","Correct SI",67,0.74,0.7767,0.0859,0.0367000000000001
"EpiFilter","Correct SI",68,1.05,0.9775,0.09955,-0.0725000000000002
"EpiFilter","Correct SI",69,1.03,0.9796,0.1004,-0.0504000000000002
"EpiFilter","Correct SI",70,0.88,0.8803,0.09625,0.000299999999999856
"EpiFilter","Correct SI",71,0.75,0.7742,0.09015,0.0242000000000001
"EpiFilter","Correct SI",72,0.68,0.7304,0.0878,0.0503999999999999
"EpiFilter","Correct SI",73,0.83,0.783,0.0930499999999999,-0.0469999999999999
"EpiFilter","Correct SI",74,0.7,0.7211,0.08865,0.0211000000000002
"EpiFilter","Correct SI",75,0.67,0.7026,0.0881999999999999,0.0325999999999999
"EpiFilter","Correct SI",76,0.76,0.7546,0.0930499999999999,-0.00539999999999974
"EpiFilter","Correct SI",77,0.81,0.7754,0.0953999999999999,-0.0345999999999999
"EpiFilter","Correct SI",78,0.72,0.7429,0.09465,0.0228999999999999
"EpiFilter","Correct SI",79,0.76,0.7526,0.0968499999999999,-0.00740000000000041
"EpiFilter","Correct SI",80,0.7,0.7388,0.0964999999999999,0.0388000000000002
"EpiFilter","Correct SI",81,0.8,0.7935,0.1018,-0.00649999999999984
"EpiFilter","Correct SI",82,0.8,0.8271,0.1048,0.0270999999999999
"EpiFilter","Correct SI",83,0.93,0.8997,0.1115,-0.0302999999999999
"EpiFilter","Correct SI",84,0.98,0.9202,0.11355,-0.0597999999999997
"EpiFilter","Correct SI",85,0.84,0.8655,0.11085,0.0255000000000003
"EpiFilter","Correct SI",86,0.85,0.8659,0.1116,0.0159
"EpiFilter","Correct SI",87,0.88,0.8891,0.11355,0.00909999999999977
"EpiFilter","Correct SI",88,0.94,0.908,0.11595,-0.0319999999999998
"EpiFilter","Correct SI",89,0.84,0.8801,0.1139,0.0401000000000001
"EpiFilter","Correct SI",90,0.89,0.8906,0.1152,0.000599999999999823
"EpiFilter","Correct SI",91,0.91,0.9097,0.1175,-0.000300000000000522
"EpiFilter","Correct SI",92,0.97,0.9166,0.11855,-0.0534000000000001
"EpiFilter","Correct SI",93,0.84,0.8603,0.1151,0.0202999999999995
"EpiFilter","Correct SI",94,0.79,0.8242,0.11315,0.0341999999999996
"EpiFilter","Correct SI",95,0.8,0.8281,0.1139,0.0281000000000001
"EpiFilter","Correct SI",96,0.87,0.8545,0.1166,-0.0154999999999995
"EpiFilter","Correct SI",97,0.88,0.8607,0.11765,-0.0193000000000002
"EpiFilter","Correct SI",98,0.84,0.8356,0.1167,-0.00440000000000018
"EpiFilter","Correct SI",99,0.83,0.8099,0.1157,-0.0201000000000005
"EpiFilter","Correct SI",100,0.67,0.7505,0.11155,0.0805000000000001
"EpiFilter","Correct SI",101,0.72,0.777,0.11435,0.0570000000000005
"EpiFilter","Correct SI",102,0.82,0.8701,0.12225,0.0500999999999997
"EpiFilter","Correct SI",103,1.08,1.014,0.1339,-0.0660000000000005
"EpiFilter","Correct SI",104,1.22,1.0968,0.14105,-0.1232
"EpiFilter","Correct SI",105,1.1,1.0597,0.13945,-0.0403000000000004
"EpiFilter","Correct SI",106,0.96,1.0043,0.13525,0.0442999999999997
"EpiFilter","Correct SI",107,0.89,0.9859,0.13415,0.0959000000000004
"EpiFilter","Correct SI",108,1.06,1.0408,0.1378,-0.0192000000000001
"EpiFilter","Correct SI",109,1.22,1.0845,0.141,-0.1355
"EpiFilter","Correct SI",110,0.98,1.0091,0.1352,0.0290999999999999
"EpiFilter","Correct SI",111,0.93,0.9558,0.13135,0.0258000000000003
"EpiFilter","Correct SI",112,0.9,0.9181,0.1283,0.0181000000000003
"EpiFilter","Correct SI",113,0.8,0.8838,0.1256,0.0838000000000001
"EpiFilter","Correct SI",114,0.89,0.919200000000001,0.12825,0.0292000000000007
"EpiFilter","Correct SI",115,1,0.9727,0.132,-0.0272999999999998
"EpiFilter","Correct SI",116,1.03,1.0146,0.1359,-0.0153999999999999
"EpiFilter","Correct SI",117,1.06,1.0417,0.13805,-0.0182999999999998
"EpiFilter","Correct SI",118,1.05,1.0432,0.13935,-0.0067999999999997
"EpiFilter","Correct SI",119,1.02,1.0277,0.1379,0.00770000000000048
"EpiFilter","Correct SI",120,0.99,1.0154,0.13725,0.0253999999999996
"EpiFilter","Correct SI",121,1.1,1.0418,0.1388,-0.0581999999999996
"EpiFilter","Correct SI",122,1,1.0251,0.1372,0.0251000000000003
"EpiFilter","Correct SI",123,1.07,1.0259,0.13755,-0.0441
"EpiFilter","Correct SI",124,0.97,0.9689,0.13325,-0.0011000000000001
"EpiFilter","Correct SI",125,0.88,0.9069,0.1285,0.0269000000000004
"EpiFilter","Correct SI",126,0.82,0.862,0.1247,0.0420000000000001
"EpiFilter","Correct SI",127,0.85,0.8499,0.12435,-9.9999999999878e-05
"EpiFilter","Correct SI",128,0.81,0.8369,0.1234,0.0269000000000003
"EpiFilter","Correct SI",129,0.87,0.8582,0.12585,-0.0118
"EpiFilter","Correct SI",130,0.88,0.8694,0.12745,-0.0106000000000003
"EpiFilter","Correct SI",131,0.89,0.8733,0.12885,-0.0166999999999999
"EpiFilter","Correct SI",132,0.88,0.8662,0.12915,-0.0137999999999999
"EpiFilter","Correct SI",133,0.84,0.8667,0.13,0.0266999999999999
"EpiFilter","Correct SI",134,0.85,0.876,0.1313,0.0260000000000004
"EpiFilter","Correct SI",135,0.87,0.9092,0.1344,0.0392
"EpiFilter","Correct SI",136,0.95,0.9617,0.13915,0.0116999999999998
"EpiFilter","Correct SI",137,1.02,1.0121,0.1438,-0.00790000000000046
"EpiFilter","Correct SI",138,1.11,1.0592,0.14725,-0.0508000000000002
"EpiFilter","Correct SI",139,1.14,1.0714,0.14845,-0.0686000000000004
"EpiFilter","Correct SI",140,1,1.043,0.14685,0.0429999999999999
"EpiFilter","Correct SI",141,1,1.0533,0.1474,0.0532999999999999
"EpiFilter","Correct SI",142,1.04,1.091,0.14945,0.0509999999999997
"EpiFilter","Correct SI",143,1.19,1.15,0.15355,-0.0399999999999996
"EpiFilter","Correct SI",144,1.24,1.1757,0.15485,-0.0643
"EpiFilter","Correct SI",145,1.22,1.1534,0.1533,-0.0666
"EpiFilter","Correct SI",146,1.09,1.0871,0.14785,-0.0028999999999999
"EpiFilter","Correct SI",147,1.02,1.0313,0.14305,0.0113000000000001
"EpiFilter","Correct SI",148,0.94,0.9739,0.13825,0.0338999999999999
"EpiFilter","Correct SI",149,0.89,0.9409,0.1347,0.0509000000000001
"EpiFilter","Correct SI",150,0.92,0.9367,0.1345,0.0166999999999997
"EpiFilter","Correct SI",151,0.92,0.9408,0.13455,0.0208
"EpiFilter","Correct SI",152,1,0.9684,0.13685,-0.0315999999999999
"EpiFilter","Correct SI",153,1,0.9618,0.13735,-0.0381999999999998
"EpiFilter","Correct SI",154,0.92,0.9256,0.1349,0.00560000000000027
"EpiFilter","Correct SI",155,0.82,0.8849,0.1316,0.0649000000000001
"EpiFilter","Correct SI",156,0.85,0.889,0.13265,0.039
"EpiFilter","Correct SI",157,0.92,0.9309,0.13595,0.0109000000000002
"EpiFilter","Correct SI",158,1.02,0.972,0.13975,-0.048
"EpiFilter","Correct SI",159,0.99,0.9736,0.14025,-0.0164000000000002
"EpiFilter","Correct SI",160,0.94,0.9551,0.14,0.0150999999999999
"EpiFilter","Correct SI",161,0.92,0.9341,0.1388,0.0140999999999997
"EpiFilter","Correct SI",162,0.9,0.9249,0.13765,0.0249000000000005
"EpiFilter","Correct SI",163,0.91,0.9316,0.13835,0.0216000000000002
"EpiFilter","Correct SI",164,0.91,0.9461,0.14,0.0360999999999998
"EpiFilter","Correct SI",165,0.98,0.974200000000001,0.1423,-0.00579999999999936
"EpiFilter","Correct SI",166,1.04,0.9951,0.1443,-0.0448999999999997
"EpiFilter","Correct SI",167,0.97,0.9953,0.1445,0.0253000000000002
"EpiFilter","Correct SI",168,1.02,1.0034,0.1455,-0.0165999999999999
"EpiFilter","Correct SI",169,0.99,1.0173,0.14635,0.0272999999999999
"EpiFilter","Correct SI",170,1.11,1.0591,0.14995,-0.0508999999999999
"EpiFilter","Correct SI",171,1.06,1.0672,0.15015,0.00719999999999987
"EpiFilter","Correct SI",172,1.13,1.0768,0.1513,-0.0532000000000004
"EpiFilter","Correct SI",173,1.03,1.0462,0.14855,0.0161999999999998
"EpiFilter","Correct SI",174,0.99,1.0201,0.1464,0.0301000000000002
"EpiFilter","Correct SI",175,1.01,1.0197,0.1458,0.00970000000000004
"EpiFilter","Correct SI",176,1.01,1.0224,0.1461,0.0124000000000002
"EpiFilter","Correct SI",177,1.02,1.0401,0.14725,0.0201000000000005
"EpiFilter","Correct SI",178,1,1.0655,0.1483,0.0655000000000006
"EpiFilter","Correct SI",179,1.13,1.1287,0.15305,-0.00130000000000008
"EpiFilter","Correct SI",180,1.21,1.1937,0.1573,-0.0163
"EpiFilter","Correct SI",181,1.31,1.2293,0.15965,-0.0807000000000007
"EpiFilter","Correct SI",182,1.29,1.2097,0.15775,-0.0803000000000003
"EpiFilter","Correct SI",183,1.1,1.1302,0.15155,0.0302
"EpiFilter","Correct SI",184,1,1.067,0.14535,0.0670000000000004
"EpiFilter","Correct SI",185,0.98,1.0488,0.14315,0.0688000000000002
"EpiFilter","Correct SI",186,1.07,1.0706,0.144,0.000600000000000156
"EpiFilter","Correct SI",187,1.04,1.0918,0.14455,0.0517999999999998
"EpiFilter","Correct SI",188,1.12,1.143,0.1477,0.0230000000000004
"EpiFilter","Correct SI",189,1.18,1.206,0.1514,0.0260000000000002
"EpiFilter","Correct SI",190,1.27,1.2832,0.15585,0.0132000000000001
"EpiFilter","Correct SI",191,1.46,1.3854,0.16215,-0.0745999999999991
"EpiFilter","Correct SI",192,1.4,1.4357,0.16355,0.0356999999999998
"EpiFilter","Correct SI",193,1.57,1.5256,0.1675,-0.0443999999999989
"EpiFilter","Correct SI",194,1.68,1.5581,0.1677,-0.1219
"EpiFilter","Correct SI",195,1.54,1.4842,0.16085,-0.0557999999999996
"EpiFilter","Correct SI",196,1.33,1.3676,0.151,0.0375999999999996
"EpiFilter","Correct SI",197,1.22,1.2942,0.14455,0.0742000000000005
"EpiFilter","Correct SI",198,1.25,1.2873,0.14125,0.0373000000000001
"EpiFilter","Correct SI",199,1.32,1.3138,0.141,-0.0062000000000002
"EpiFilter","Correct SI",200,1.42,1.3225,0.1401,-0.0974999999999999
"EpiFilter","Correct SI",201,1.22,1.2179,0.13245,-0.00209999999999955
"EpiFilter","Correct SI",202,1.08,1.101,0.12485,0.0209999999999999
"EpiFilter","Correct SI",203,0.95,0.9809,0.1159,0.0308999999999998
"EpiFilter","Correct SI",204,0.88,0.920499999999999,0.1109,0.0404999999999994
"EpiFilter","Correct SI",205,0.9,0.908,0.10965,0.00800000000000023
"EpiFilter","Correct SI",206,0.84,0.9001,0.1091,0.0600999999999999
"EpiFilter","Correct SI",207,0.93,0.9589,0.11265,0.0288999999999999
"EpiFilter","Correct SI",208,1.12,1.0761,0.12075,-0.0439000000000003
"EpiFilter","Correct SI",209,1.22,1.1191,0.1238,-0.1009
"EpiFilter","Correct SI",210,0.99,1.035,0.11845,0.0449999999999995
"EpiFilter","Correct SI",211,0.96,1.0031,0.11655,0.0430999999999994
"EpiFilter","Correct SI",212,0.97,1.0301,0.1176,0.0600999999999996
"EpiFilter","Correct SI",213,1.22,1.1439,0.12455,-0.0760999999999996
"EpiFilter","Correct SI",214,1.16,1.1599,0.125,-0.000100000000000655
"EpiFilter","Correct SI",215,1.18,1.1812,0.12565,0.00119999999999987
"EpiFilter","Correct SI",216,1.28,1.2148,0.1278,-0.0652000000000006
"EpiFilter","Correct SI",217,1.13,1.1469,0.12295,0.0168999999999997
"EpiFilter","Correct SI",218,0.96,1.0849,0.1176,0.1249
"EpiFilter","Correct SI",219,1.23,1.2189,0.12515,-0.011100000000001
"EpiFilter","Correct SI",220,1.28,1.3152,0.1285,0.0351999999999999
"EpiFilter","Correct SI",221,1.57,1.4637,0.13595,-0.106299999999999
"EpiFilter","Correct SI",222,1.46,1.4253,0.13275,-0.0347
"EpiFilter","Correct SI",223,1.31,1.3231,0.1264,0.0130999999999997
"EpiFilter","Correct SI",224,1.29,1.2629,0.12205,-0.0270999999999999
"EpiFilter","Correct SI",225,1.09,1.1268,0.11285,0.0367999999999999
"EpiFilter","Correct SI",226,1,1.0527,0.10685,0.0527000000000002
"EpiFilter","Correct SI",227,1,1.0719,0.1065,0.0719000000000005
"EpiFilter","Correct SI",228,1.24,1.2391,0.1142,-0.000899999999999901
"EpiFilter","Correct SI",229,1.42,1.3983,0.12145,-0.0217000000000003
"EpiFilter","Correct SI",230,1.52,1.5126,0.1253,-0.00740000000000007
"EpiFilter","Correct SI",231,1.64,1.594,0.12835,-0.0459999999999992
"EpiFilter","Correct SI",232,1.51,1.5605,0.12465,0.0505000000000002
"EpiFilter","Correct SI",233,1.62,1.6567,0.12645,0.0367000000000006
"EpiFilter","Correct SI",234,1.95,1.8465,0.13205,-0.1035
"EpiFilter","Correct SI",235,1.8,1.7854,0.12635,-0.0145999999999995
"EpiFilter","Correct SI",236,1.71,1.6882,0.1195,-0.0217999999999998
"EpiFilter","Correct SI",237,1.57,1.5509,0.1114,-0.0190999999999995
"EpiFilter","Correct SI",238,1.27,1.3256,0.0990499999999999,0.0556000000000003
"EpiFilter","Correct SI",239,1.23,1.2697,0.09455,0.0397000000000003
"EpiFilter","Correct SI",240,1.36,1.3362,0.0953999999999999,-0.0238000000000007
"EpiFilter","Correct SI",241,1.26,1.2671,0.0908,0.00710000000000055
"EpiFilter","Correct SI",242,1.17,1.1971,0.08645,0.0271000000000008
"EpiFilter","Correct SI",243,1.28,1.2381,0.08765,-0.0419
"EpiFilter","Correct SI",244,1.07,1.0981,0.08085,0.0281
"EpiFilter","Correct SI",245,1.08,1.0704,0.0794,-0.00960000000000005
"EpiFilter","Correct SI",246,1.02,1.0241,0.0766500000000001,0.00409999999999999
"EpiFilter","Correct SI",247,0.97,0.9961,0.0746000000000001,0.0261000000000005
"EpiFilter","Correct SI",248,1.09,1.1081,0.07825,0.0181000000000004
"EpiFilter","Correct SI",249,1.28,1.2623,0.08435,-0.0177000000000003
"EpiFilter","Correct SI",250,1.37,1.3314,0.08645,-0.0386
"EpiFilter","Correct SI",251,1.2,1.2313,0.08165,0.0313000000000001
"EpiFilter","Correct SI",252,1.29,1.2858,0.08365,-0.00419999999999954
"EpiFilter","Correct SI",253,1.39,1.3825,0.0917499999999999,-0.00750000000000006
"EpiFilter","SD +60%",31,0.59,0.6256,0.0396,0.0355999999999999
"EpiFilter","SD +60%",32,0.7,0.7479,0.0441,0.0478999999999997
"EpiFilter","SD +60%",33,0.96,1.0031,0.0526499999999999,0.0430999999999998
"EpiFilter","SD +60%",34,1.25,1.2361,0.0590000000000001,-0.0139000000000002
"EpiFilter","SD +60%",35,1.29,1.209,0.0592,-0.0809999999999995
"EpiFilter","SD +60%",36,0.85,0.8004,0.0461499999999999,-0.0496000000000002
"EpiFilter","SD +60%",37,0.62,0.5885,0.04,-0.0314999999999996
"EpiFilter","SD +60%",38,0.51,0.5212,0.03805,0.0112000000000001
"EpiFilter","SD +60%",39,0.72,0.725,0.0464999999999999,0.00499999999999956
"EpiFilter","SD +60%",40,0.79,0.8079,0.05035,0.0179000000000001
"EpiFilter","SD +60%",41,0.64,0.6884,0.0463499999999999,0.0484
"EpiFilter","SD +60%",42,0.75,0.7557,0.0499999999999999,0.00569999999999993
"EpiFilter","SD +60%",43,0.64,0.647,0.0470499999999999,0.0069999999999999
"EpiFilter","SD +60%",44,0.51,0.5232,0.04255,0.0132000000000001
"EpiFilter","SD +60%",45,0.44,0.4637,0.0406,0.0237
"EpiFilter","SD +60%",46,0.54,0.5623,0.0461499999999999,0.0223000000000003
"EpiFilter","SD +60%",47,0.72,0.7211,0.05505,0.00110000000000021
"EpiFilter","SD +60%",48,0.71,0.7231,0.05585,0.0130999999999997
"EpiFilter","SD +60%",49,0.8,0.7605,0.0589499999999999,-0.0395000000000001
"EpiFilter","SD +60%",50,0.62,0.6099,0.0532,-0.0100999999999997
"EpiFilter","SD +60%",51,0.55,0.5289,0.0503999999999999,-0.0211000000000001
"EpiFilter","SD +60%",52,0.44,0.4693,0.0476999999999999,0.0293
"EpiFilter","SD +60%",53,0.65,0.6315,0.0584999999999999,-0.0185000000000002
"EpiFilter","SD +60%",54,0.7,0.7048,0.06315,0.0047999999999998
"EpiFilter","SD +60%",55,0.87,0.8113,0.0698500000000001,-0.0586999999999999
"EpiFilter","SD +60%",56,0.76,0.7262,0.0665500000000001,-0.0338
"EpiFilter","SD +60%",57,0.69,0.643,0.0638500000000001,-0.047
"EpiFilter","SD +60%",58,0.53,0.5297,0.0578999999999999,-0.000299999999999967
"EpiFilter","SD +60%",59,0.53,0.5385,0.0597499999999999,0.00850000000000029
"EpiFilter","SD +60%",60,0.66,0.6437,0.0681000000000001,-0.0163000000000003
"EpiFilter","SD +60%",61,0.75,0.7104,0.0735500000000001,-0.0396000000000001
"EpiFilter","SD +60%",62,0.67,0.6674,0.0717000000000001,-0.00260000000000005
"EpiFilter","SD +60%",63,0.64,0.6401,0.0717000000000001,0.000100000000000211
"EpiFilter","SD +60%",64,0.71,0.673,0.0753000000000001,-0.0370000000000001
"EpiFilter","SD +60%",65,0.69,0.6656,0.0762000000000001,-0.0244000000000003
"EpiFilter","SD +60%",66,0.6,0.6337,0.0745000000000001,0.0337000000000002
"EpiFilter","SD +60%",67,0.74,0.7549,0.08375,0.0148999999999998
"EpiFilter","SD +60%",68,1.05,0.9486,0.09735,-0.1014
"EpiFilter","SD +60%",69,1.03,0.9364,0.0966999999999999,-0.0936000000000001
"EpiFilter","SD +60%",70,0.88,0.8268,0.0911,-0.0532000000000002
"EpiFilter","SD +60%",71,0.75,0.7246,0.085,-0.0254000000000002
"EpiFilter","SD +60%",72,0.68,0.6935,0.08415,0.0134999999999998
"EpiFilter","SD +60%",73,0.83,0.7624,0.09095,-0.0675999999999997
"EpiFilter","SD +60%",74,0.7,0.7126,0.08815,0.0125999999999997
"EpiFilter","SD +60%",75,0.67,0.7032,0.0883,0.0331999999999996
"EpiFilter","SD +60%",76,0.76,0.7599,0.0941999999999999,-9.9999999999878e-05
"EpiFilter","SD +60%",77,0.81,0.7807,0.0964,-0.0293
"EpiFilter","SD +60%",78,0.72,0.7439,0.09445,0.0239
"EpiFilter","SD +60%",79,0.76,0.7496,0.09625,-0.0104000000000002
"EpiFilter","SD +60%",80,0.7,0.7335,0.0957999999999999,0.0334999999999999
"EpiFilter","SD +60%",81,0.8,0.7872,0.1013,-0.0127999999999996
"EpiFilter","SD +60%",82,0.8,0.8175,0.10425,0.0174999999999996
"EpiFilter","SD +60%",83,0.93,0.8849,0.10975,-0.0451000000000001
"EpiFilter","SD +60%",84,0.98,0.897999999999999,0.11135,-0.0820000000000006
"EpiFilter","SD +60%",85,0.84,0.8384,0.10775,-0.00159999999999993
"EpiFilter","SD +60%",86,0.85,0.8389,0.1087,-0.0111000000000001
"EpiFilter","SD +60%",87,0.88,0.8658,0.1108,-0.0142000000000004
"EpiFilter","SD +60%",88,0.94,0.8885,0.11395,-0.0514999999999999
"EpiFilter","SD +60%",89,0.84,0.8637,0.1127,0.0236999999999998
"EpiFilter","SD +60%",90,0.89,0.8773,0.11395,-0.0127000000000002
"EpiFilter","SD +60%",91,0.91,0.8987,0.11585,-0.0112999999999999
"EpiFilter","SD +60%",92,0.97,0.9064,0.1179,-0.0635999999999997
"EpiFilter","SD +60%",93,0.84,0.8516,0.1137,0.0116000000000002
"EpiFilter","SD +60%",94,0.79,0.8184,0.11225,0.0283999999999998
"EpiFilter","SD +60%",95,0.8,0.8269,0.1136,0.0268999999999999
"EpiFilter","SD +60%",96,0.87,0.8583,0.11745,-0.0117000000000002
"EpiFilter","SD +60%",97,0.88,0.8649,0.11805,-0.0151000000000002
"EpiFilter","SD +60%",98,0.84,0.8394,0.11725,-0.000600000000000489
"EpiFilter","SD +60%",99,0.83,0.8119,0.11595,-0.0181000000000002
"EpiFilter","SD +60%",100,0.67,0.7539,0.1118,0.0839000000000001
"EpiFilter","SD +60%",101,0.72,0.7839,0.11555,0.0639000000000001
"EpiFilter","SD +60%",102,0.82,0.8796,0.12385,0.0595999999999995
"EpiFilter","SD +60%",103,1.08,1.0185,0.13495,-0.0615000000000003
"EpiFilter","SD +60%",104,1.22,1.086,0.13995,-0.134
"EpiFilter","SD +60%",105,1.1,1.0287,0.13545,-0.0712999999999999
"EpiFilter","SD +60%",106,0.96,0.9633,0.1304,0.00329999999999964
"EpiFilter","SD +60%",107,0.89,0.9461,0.1295,0.0560999999999999
"EpiFilter","SD +60%",108,1.06,1.0106,0.13435,-0.0494000000000001
"EpiFilter","SD +60%",109,1.22,1.062,0.1383,-0.158
"EpiFilter","SD +60%",110,0.98,0.9893,0.13305,0.0093000000000002
"EpiFilter","SD +60%",111,0.93,0.9418,0.12985,0.0118000000000003
"EpiFilter","SD +60%",112,0.9,0.9128,0.12785,0.0127999999999996
"EpiFilter","SD +60%",113,0.8,0.8869,0.1265,0.0869000000000001
"EpiFilter","SD +60%",114,0.89,0.9303,0.12995,0.0403000000000004
"EpiFilter","SD +60%",115,1,0.9876,0.1342,-0.0123999999999999
"EpiFilter","SD +60%",116,1.03,1.0265,0.1375,-0.00349999999999984
"EpiFilter","SD +60%",117,1.06,1.044,0.13845,-0.016
"EpiFilter","SD +60%",118,1.05,1.0364,0.13825,-0.0135999999999998
"EpiFilter","SD +60%",119,1.02,1.0148,0.13655,-0.00519999999999987
"EpiFilter","SD +60%",120,0.99,1.0007,0.1353,0.0107000000000002
"EpiFilter","SD +60%",121,1.1,1.0304,0.1377,-0.0696000000000001
"EpiFilter","SD +60%",122,1,1.0157,0.13635,0.0156999999999998
"EpiFilter","SD +60%",123,1.07,1.0198,0.137,-0.0502000000000002
"EpiFilter","SD +60%",124,0.97,0.965,0.13265,-0.005
"EpiFilter","SD +60%",125,0.88,0.9078,0.12815,0.0278000000000004
"EpiFilter","SD +60%",126,0.82,0.8691,0.1261,0.0490999999999999
"EpiFilter","SD +60%",127,0.85,0.8652,0.12605,0.0152000000000004
"EpiFilter","SD +60%",128,0.81,0.8571,0.12635,0.0470999999999999
"EpiFilter","SD +60%",129,0.87,0.8812,0.1289,0.0111999999999999
"EpiFilter","SD +60%",130,0.88,0.8902,0.1306,0.0102000000000001
"EpiFilter","SD +60%",131,0.89,0.8887,0.1305,-0.00129999999999952
"EpiFilter","SD +60%",132,0.88,0.877,0.13015,-0.003
"EpiFilter","SD +60%",133,0.84,0.8728,0.1301,0.0327999999999999
"EpiFilter","SD +60%",134,0.85,0.8788,0.1313,0.0288000000000003
"EpiFilter","SD +60%",135,0.87,0.9096,0.13445,0.0395999999999996
"EpiFilter","SD +60%",136,0.95,0.9587,0.13885,0.00869999999999971
"EpiFilter","SD +60%",137,1.02,1.0036,0.14285,-0.0164000000000002
"EpiFilter","SD +60%",138,1.11,1.0421,0.14575,-0.0678999999999996
"EpiFilter","SD +60%",139,1.14,1.0467,0.14595,-0.0933000000000006
"EpiFilter","SD +60%",140,1,1.0134,0.1437,0.0133999999999999
"EpiFilter","SD +60%",141,1,1.0245,0.14415,0.0245000000000002
"EpiFilter","SD +60%",142,1.04,1.0654,0.14715,0.0253999999999994
"EpiFilter","SD +60%",143,1.19,1.1276,0.1513,-0.0624
"EpiFilter","SD +60%",144,1.24,1.1521,0.1521,-0.0878999999999999
"EpiFilter","SD +60%",145,1.22,1.1261,0.14965,-0.0938999999999997
"EpiFilter","SD +60%",146,1.09,1.0601,0.14475,-0.0298999999999996
"EpiFilter","SD +60%",147,1.02,1.0124,0.14105,-0.00759999999999961
"EpiFilter","SD +60%",148,0.94,0.9662,0.13705,0.0261999999999997
"EpiFilter","SD +60%",149,0.89,0.9458,0.13565,0.0558000000000001
"EpiFilter","SD +60%",150,0.92,0.9525,0.1363,0.0324999999999999
"EpiFilter","SD +60%",151,0.92,0.9631,0.13745,0.0430999999999998
"EpiFilter","SD +60%",152,1,0.9912,0.1402,-0.00879999999999981
"EpiFilter","SD +60%",153,1,0.9809,0.13925,-0.0191
"EpiFilter","SD +60%",154,0.92,0.9388,0.13635,0.0187999999999995
"EpiFilter","SD +60%",155,0.82,0.8942,0.13275,0.0742
"EpiFilter","SD +60%",156,0.85,0.9009,0.13375,0.0509000000000001
"EpiFilter","SD +60%",157,0.92,0.9443,0.13765,0.0242999999999997
"EpiFilter","SD +60%",158,1.02,0.9833,0.14125,-0.0367000000000001
"EpiFilter","SD +60%",159,0.99,0.9794,0.1411,-0.0105999999999996
"EpiFilter","SD +60%",160,0.94,0.9547,0.1392,0.0147
"EpiFilter","SD +60%",161,0.92,0.9303,0.13735,0.0102999999999999
"EpiFilter","SD +60%",162,0.9,0.921,0.13745,0.0209999999999999
"EpiFilter","SD +60%",163,0.91,0.9309,0.13835,0.0209
"EpiFilter","SD +60%",164,0.91,0.9468,0.13985,0.0368000000000002
"EpiFilter","SD +60%",165,0.98,0.9751,0.14275,-0.00489999999999946
"EpiFilter","SD +60%",166,1.04,0.993700000000001,0.14435,-0.0462999999999995
"EpiFilter","SD +60%",167,0.97,0.9891,0.1442,0.0191000000000004
"EpiFilter","SD +60%",168,1.02,0.995,0.14435,-0.0250000000000004
"EpiFilter","SD +60%",169,0.99,1.0063,0.1456,0.0163000000000004
"EpiFilter","SD +60%",170,1.11,1.0479,0.14875,-0.0621000000000003
"EpiFilter","SD +60%",171,1.06,1.0532,0.14875,-0.00680000000000014
"EpiFilter","SD +60%",172,1.13,1.062,0.1491,-0.0679999999999998
"EpiFilter","SD +60%",173,1.03,1.0303,0.14685,0.000300000000000189
"EpiFilter","SD +60%",174,0.99,1.007,0.14455,0.0170000000000001
"EpiFilter","SD +60%",175,1.01,1.011,0.14455,0.00100000000000078
"EpiFilter","SD +60%",176,1.01,1.0198,0.14565,0.00980000000000025
"EpiFilter","SD +60%",177,1.02,1.0402,0.14705,0.0202000000000004
"EpiFilter","SD +60%",178,1,1.0659,0.149,0.0659000000000001
"EpiFilter","SD +60%",179,1.13,1.1265,0.153,-0.00350000000000006
"EpiFilter","SD +60%",180,1.21,1.1841,0.1566,-0.0258999999999998
"EpiFilter","SD +60%",181,1.31,1.2101,0.15745,-0.0999000000000001
"EpiFilter","SD +60%",182,1.29,1.1807,0.15445,-0.1093
"EpiFilter","SD +60%",183,1.1,1.1002,0.1478,0.0002000000000002
"EpiFilter","SD +60%",184,1,1.0435,0.14315,0.0434999999999999
"EpiFilter","SD +60%",185,0.98,1.0395,0.1422,0.0595000000000001
"EpiFilter","SD +60%",186,1.07,1.0728,0.1446,0.00279999999999947
"EpiFilter","SD +60%",187,1.04,1.1024,0.14615,0.0623999999999998
"EpiFilter","SD +60%",188,1.12,1.1529,0.1489,0.0329000000000002
"EpiFilter","SD +60%",189,1.18,1.2083,0.1522,0.0283
"EpiFilter","SD +60%",190,1.27,1.2728,0.15495,0.00280000000000036
"EpiFilter","SD +60%",191,1.46,1.3585,0.1596,-0.1015
"EpiFilter","SD +60%",192,1.4,1.3891,0.1591,-0.0109000000000001
"EpiFilter","SD +60%",193,1.57,1.4629,0.16175,-0.1071
"EpiFilter","SD +60%",194,1.68,1.4832,0.1604,-0.196800000000001
"EpiFilter","SD +60%",195,1.54,1.4048,0.15355,-0.135200000000001
"EpiFilter","SD +60%",196,1.33,1.298,0.1446,-0.0320000000000003
"EpiFilter","SD +60%",197,1.22,1.2461,0.13965,0.0261000000000002
"EpiFilter","SD +60%",198,1.25,1.2641,0.1397,0.0141000000000002
"EpiFilter","SD +60%",199,1.32,1.3091,0.14055,-0.0109000000000006
"EpiFilter","SD +60%",200,1.42,1.3254,0.1405,-0.0945999999999994
"EpiFilter","SD +60%",201,1.22,1.2186,0.1324,-0.00140000000000051
"EpiFilter","SD +60%",202,1.08,1.103,0.12445,0.0229999999999997
"EpiFilter","SD +60%",203,0.95,0.9907,0.11715,0.0406999999999998
"EpiFilter","SD +60%",204,0.88,0.9445,0.1135,0.0645
"EpiFilter","SD +60%",205,0.9,0.9459,0.11355,0.0459000000000003
"EpiFilter","SD +60%",206,0.84,0.947,0.11375,0.107
"EpiFilter","SD +60%",207,0.93,1.0084,0.11795,0.078399999999999
"EpiFilter","SD +60%",208,1.12,1.1195,0.12505,-0.000499999999999945
"EpiFilter","SD +60%",209,1.22,1.1448,0.12615,-0.0751999999999999
"EpiFilter","SD +60%",210,0.99,1.039,0.11865,0.0490000000000002
"EpiFilter","SD +60%",211,0.96,0.9962,0.1157,0.0361999999999997
"EpiFilter","SD +60%",212,0.97,1.0238,0.11715,0.0537999999999994
"EpiFilter","SD +60%",213,1.22,1.1413,0.1248,-0.0786999999999998
"EpiFilter","SD +60%",214,1.16,1.1523,0.1242,-0.00770000000000004
"EpiFilter","SD +60%",215,1.18,1.1654,0.1251,-0.0146000000000002
"EpiFilter","SD +60%",216,1.28,1.1929,0.12585,-0.0870999999999993
"EpiFilter","SD +60%",217,1.13,1.1208,0.1201,-0.0092000000000001
"EpiFilter","SD +60%",218,0.96,1.0611,0.1153,0.101099999999999
"EpiFilter","SD +60%",219,1.23,1.205,0.1241,-0.0249999999999999
"EpiFilter","SD +60%",220,1.28,1.3019,0.12825,0.0219000000000003
"EpiFilter","SD +60%",221,1.57,1.4396,0.1344,-0.130400000000001
"EpiFilter","SD +60%",222,1.46,1.3818,0.12945,-0.0781999999999994
"EpiFilter","SD +60%",223,1.31,1.267,0.12145,-0.0430000000000004
"EpiFilter","SD +60%",224,1.29,1.2136,0.1178,-0.0763999999999996
"EpiFilter","SD +60%",225,1.09,1.0945,0.11015,0.00450000000000017
"EpiFilter","SD +60%",226,1,1.0443,0.10655,0.0443
"EpiFilter","SD +60%",227,1,1.0879,0.1078,0.0878999999999996
"EpiFilter","SD +60%",228,1.24,1.2704,0.11765,0.0304000000000002
"EpiFilter","SD +60%",229,1.42,1.4242,0.1237,0.00419999999999976
"EpiFilter","SD +60%",230,1.52,1.5067,0.12535,-0.013300000000001
"EpiFilter","SD +60%",231,1.64,1.5474,0.12525,-0.0925999999999998
"EpiFilter","SD +60%",232,1.51,1.4807,0.119,-0.0293000000000003
"EpiFilter","SD +60%",233,1.62,1.561,0.1204,-0.0590000000000004
"EpiFilter","SD +60%",234,1.95,1.7413,0.1257,-0.208699999999999
"EpiFilter","SD +60%",235,1.8,1.6713,0.11895,-0.128700000000001
"EpiFilter","SD +60%",236,1.71,1.5766,0.11205,-0.1334
"EpiFilter","SD +60%",237,1.57,1.4579,0.1058,-0.1121
"EpiFilter","SD +60%",238,1.27,1.2655,0.09525,-0.00450000000000039
"EpiFilter","SD +60%",239,1.23,1.2478,0.0931,0.0178
"EpiFilter","SD +60%",240,1.36,1.346,0.0960499999999999,-0.0140000000000002
"EpiFilter","SD +60%",241,1.26,1.2879,0.09215,0.0278999999999998
"EpiFilter","SD +60%",242,1.17,1.2194,0.0877999999999999,0.0494000000000006
"EpiFilter","SD +60%",243,1.28,1.262,0.08915,-0.0180000000000002
"EpiFilter","SD +60%",244,1.07,1.1174,0.0821,0.0473999999999999
"EpiFilter","SD +60%",245,1.08,1.0922,0.0806,0.0121999999999998
"EpiFilter","SD +60%",246,1.02,1.0505,0.0783000000000001,0.0304999999999997
"EpiFilter","SD +60%",247,0.97,1.0267,0.0765000000000001,0.0567000000000006
"EpiFilter","SD +60%",248,1.09,1.1456,0.0812,0.0555999999999999
"EpiFilter","SD +60%",249,1.28,1.2962,0.086,0.0162
"EpiFilter","SD +60%",250,1.37,1.3426,0.08715,-0.0274000000000001
"EpiFilter","SD +60%",251,1.2,1.2145,0.08095,0.0145000000000002
"EpiFilter","SD +60%",252,1.29,1.2557,0.08185,-0.0343
"EpiFilter","SD +60%",253,1.39,1.3474,0.08945,-0.0426000000000006
