"key","family","scenario","grid_value","correct","day","truth","mean_R","coverage","half","hpd_coverage","hpd_half","bias"
"gamma_bin_3.00_3.40","gamma_bin","vary_mean",3,FALSE,2,6.47633271060018,3.45546668279128,0,0.150839791271984,0,0.149869022782554,-3.0208660278089
"gamma_bin_3.00_3.40","gamma_bin","vary_mean",3,FALSE,3,5.39748004467528,2.09944703073882,0,0.119713537635614,0,0.11901132689474,-3.29803301393646
"gamma_bin_3.00_3.40","gamma_bin","vary_mean",3,FALSE,4,4.52153259075373,1.6495012984519,0,0.110411873959523,0,0.109765234231342,-2.87203129230183
"gamma_bin_3.00_3.40","gamma_bin","vary_mean",3,FALSE,5,3.81075688710478,1.43023999374927,0,0.105770388080542,0,0.105091180178091,-2.38051689335551
"gamma_bin_3.00_3.40","gamma_bin","vary_mean",3,FALSE,6,3.23384975678135,1.30403899161381,0,0.102177658856556,0,0.101619901895939,-1.92981076516754
"gamma_bin_3.00_3.40","gamma_bin","vary_mean",3,FALSE,7,2.76512519694591,1.2241516913752,0,0.0986676162337013,0,0.0980687814512019,-1.54097350557071
"gamma_bin_3.00_3.40","gamma_bin","vary_mean",3,FALSE,8,2.38350063829982,1.17031126226179,0,0.0946395862099806,0,0.0940475213074657,-1.21318937603803
"gamma_bin_3.00_3.40","gamma_bin","vary_mean",3,FALSE,9,2.07220990816182,1.13220050114762,0,0.08982480172409,0,0.0892792272896635,-0.940009407014197
"gamma_bin_3.00_3.40","gamma_bin","vary_mean",3,FALSE,10,1.8180094782711,1.10405952783385,0,0.0841246220517926,0,0.083651287727017,-0.713949950437251
"gamma_bin_3.00_3.40","gamma_bin","vary_mean",3,FALSE,11,1.61045019265924,1.08232563105741,0,0.0778591878666954,0,0.0774145700066263,-0.528124561601832
"gamma_bin_3.00_3.40","gamma_bin","vary_mean",3,FALSE,12,1.44129331371926,1.06482342104893,0,0.0720758883973365,0,0.0716558504602035,-0.376469892670328
"gamma_bin_3.00_3.40","gamma_bin","vary_mean",3,FALSE,13,1.30405110997497,1.05027872291593,0,0.0677060511288115,0,0.0673308214187726,-0.253772387059037
"gamma_bin_3.00_3.40","gamma_bin","vary_mean",3,FALSE,14,1.1936337473603,1.037744320776,0,0.0648839241287447,0,0.0644803621890061,-0.155889426584298
"gamma_bin_3.00_3.40","gamma_bin","vary_mean",3,FALSE,15,1.10608275580624,1.02660143587348,0.27,0.0634312892136509,0.28,0.0630273713457201,-0.0794813199327591
"gamma_bin_3.00_3.40","gamma_bin","vary_mean",3,FALSE,16,1.03836845094092,1.01642683996708,0.91,0.06258987413282,0.91,0.0622115705497883,-0.02194161097384
"gamma_bin_3.00_3.40","gamma_bin","vary_mean",3,FALSE,17,0.987514418464918,1.00686882491248,0.94,0.0616562481652175,0.94,0.061288522929777,0.0193544064475601
"gamma_bin_3.00_3.40","gamma_bin","vary_mean",3,FALSE,18,0.94985341422689,0.997722969836195,0.65,0.0602775917381026,0.66,0.0599141052032529,0.0478695556093046
"gamma_bin_3.00_3.40","gamma_bin","vary_mean",3,FALSE,19,0.922342058412537,0.988799176073207,0.34,0.0579773691823406,0.33,0.0576542431221682,0.0664571176606703
"gamma_bin_3.00_3.40","gamma_bin","vary_mean",3,FALSE,20,0.902533145800087,0.980011586576614,0.16,0.055004649827638,0.18,0.054687286848054,0.0774784407765274
"gamma_bin_3.00_3.40","gamma_bin","vary_mean",3,FALSE,21,0.888443579660898,0.971383125125694,0.11,0.052348613313474,0.13,0.0520547281530212,0.0829395454647961
"gamma_bin_3.00_3.40","gamma_bin","vary_mean",3,FALSE,22,0.878474950045775,0.962817168141175,0.11,0.0509640585752387,0.11,0.0506376937717603,0.0843422180954003
"gamma_bin_3.00_3.40","gamma_bin","vary_mean",3,FALSE,23,0.871353706634507,0.954332211816758,0.1,0.0511389957923404,0.12,0.0507896667166503,0.0829785051822508
"gamma_bin_3.00_3.40","gamma_bin","vary_mean",3,FALSE,24,0.866079695774009,0.945848972586809,0.14,0.052394685694175,0.13,0.0520648391200101,0.0797692768128001
"gamma_bin_3.00_3.40","gamma_bin","vary_mean",3,FALSE,25,0.861880113955128,0.937392946492389,0.17,0.0540599063516155,0.18,0.0537744228747818,0.0755128325372606
"gamma_bin_3.00_3.40","gamma_bin","vary_mean",3,FALSE,26,0.858167576978305,0.928990986982413,0.29,0.0553794142599206,0.27,0.0550655628165321,0.0708234100041083
"gamma_bin_3.00_3.40","gamma_bin","vary_mean",3,FALSE,27,0.854446587171991,0.920640814823727,0.37,0.0557512695284572,0.37,0.0554376431327866,0.066194227651736
"gamma_bin_3.00_3.40","gamma_bin","vary_mean",3,FALSE,28,0.850242530612154,0.912347138537735,0.43,0.0549419371031517,0.42,0.0546521463178166,0.062104607925581
"gamma_bin_3.00_3.40","gamma_bin","vary_mean",3,FALSE,29,0.845168044117022,0.904092287435594,0.42,0.053011834811504,0.43,0.0527373481733235,0.0589242433185723
"gamma_bin_3.00_3.40","gamma_bin","vary_mean",3,FALSE,30,0.838916821827613,0.895897199973887,0.41,0.0506136818686071,0.41,0.0503712783419562,0.0569803781462742
"gamma_bin_3.00_3.40","gamma_bin","vary_mean",3,FALSE,31,0.83125458603177,0.887683163615864,0.39,0.0489396280475784,0.41,0.0486901020724414,0.0564285775840935
"gamma_bin_3.00_3.40","gamma_bin","vary_mean",3,FALSE,32,0.822012955905288,0.879570141500356,0.36,0.0487263159671166,0.38,0.0484667697860253,0.0575571855950681
"gamma_bin_3.00_3.40","gamma_bin","vary_mean",3,FALSE,33,0.811083441801087,0.871580278124153,0.32,0.0496741603329163,0.32,0.0494109537128967,0.0604968363230657
"gamma_bin_3.00_3.40","gamma_bin","vary_mean",3,FALSE,34,0.798410706391415,0.863745173998252,0.28,0.0512817139765306,0.27,0.0509821609810215,0.0653344676068374
"gamma_bin_3.00_3.40","gamma_bin","vary_mean",3,FALSE,35,0.783985284249482,0.8560776530412,0.19,0.0528105013206258,0.2,0.0524758851103281,0.072092368791718
"gamma_bin_3.00_3.40","gamma_bin","vary_mean",3,FALSE,36,0.767842249776292,0.848596930578348,0.12,0.0536771796496195,0.12,0.0533506384611725,0.0807546808020562
"gamma_bin_3.00_3.40","gamma_bin","vary_mean",3,FALSE,37,0.750320099865667,0.841305996719606,0.09,0.0535479859114775,0.08,0.0532276745769363,0.0909858968539393
"gamma_bin_3.00_3.40","gamma_bin","vary_mean",3,FALSE,38,0.732127511283489,0.834167919897768,0.01,0.0523505904987489,0.01,0.0519841243887096,0.102040408614279
"gamma_bin_3.00_3.40","gamma_bin","vary_mean",3,FALSE,39,0.713945546467747,0.82719463880062,0,0.0503796452026635,0,0.0500293736031277,0.113249092332874
"gamma_bin_3.00_3.40","gamma_bin","vary_mean",3,FALSE,40,0.696377644387645,0.820462434833538,0,0.0486193894235505,0,0.0482925080894091,0.124084790445893
"gamma_bin_3.00_3.40","gamma_bin","vary_mean",3,FALSE,41,0.679931575981829,0.814170361665602,0,0.0478481822615224,0,0.0475222131372906,0.134238785683773
"gamma_bin_3.00_3.40","gamma_bin","vary_mean",3,FALSE,42,0.665012401557135,0.808431034710134,0,0.048198169344595,0,0.0479547660515212,0.143418633152999
"gamma_bin_3.00_3.40","gamma_bin","vary_mean",3,FALSE,43,0.65192842067752,0.803345991794602,0,0.049436979052586,0,0.0491865752335787,0.151417571117082
"gamma_bin_3.00_3.40","gamma_bin","vary_mean",3,FALSE,44,0.640906266957601,0.798938710734446,0,0.0508557338758986,0,0.0506032175226383,0.158032443776845
"gamma_bin_3.00_3.40","gamma_bin","vary_mean",3,FALSE,45,0.632110069284813,0.795297383222941,0,0.0518975035989977,0,0.0516497332809031,0.163187313938128
"gamma_bin_3.00_3.40","gamma_bin","vary_mean",3,FALSE,46,0.625656360123327,0.792423122690085,0,0.0521605555180894,0,0.0518685632122251,0.166766762566758
"gamma_bin_3.00_3.40","gamma_bin","vary_mean",3,FALSE,47,0.621502273809677,0.790291879651108,0,0.0514183247729089,0,0.0511316312596234,0.168789605841431
"gamma_bin_3.00_3.40","gamma_bin","vary_mean",3,FALSE,48,0.619441171957512,0.788927630654213,0,0.0498313356182738,0,0.0495421934376094,0.169486458696701
"gamma_bin_3.00_3.40","gamma_bin","vary_mean",3,FALSE,49,0.619256488578844,0.788329866422728,0,0.0480625639072116,0,0.0477851740422925,0.169073377843884
"gamma_bin_3.00_3.40","gamma_bin","vary_mean",3,FALSE,50,0.620736004042686,0.788465282595085,0,0.0470752943831837,0,0.0468049958533222,0.167729278552399
"gamma_bin_3.00_3.40","gamma_bin","vary_mean",3,FALSE,51,0.623679916186844,0.789285303218496,0,0.0472687505903144,0,0.0470099887834837,0.165605387031652
"gamma_bin_3.00_3.40","gamma_bin","vary_mean",3,FALSE,52,0.627908213332621,0.790720484617009,0,0.0485137259918671,0,0.0481991833778388,0.162812271284388
"gamma_bin_3.00_3.40","gamma_bin","vary_mean",3,FALSE,53,0.633265384812971,0.792682147856017,0,0.0502465090311237,0,0.0499265494490459,0.159416763043046
"gamma_bin_3.00_3.40","gamma_bin","vary_mean",3,FALSE,54,0.639622221613428,0.795133296504131,0,0.0518294214473947,0,0.0515125711920754,0.155511074890703
"gamma_bin_3.00_3.40","gamma_bin","vary_mean",3,FALSE,55,0.646875295241765,0.798044269530238,0,0.0527123437824869,0,0.0524210651990631,0.151168974288473
"gamma_bin_3.00_3.40","gamma_bin","vary_mean",3,FALSE,56,0.654940797889892,0.801377295475781,0,0.052655549040123,0,0.0523516393754121,0.146436497585889
"gamma_bin_3.00_3.40","gamma_bin","vary_mean",3,FALSE,57,0.663667548235467,0.805172563684097,0,0.051610329821767,0,0.0513290302130924,0.14150501544863
"gamma_bin_3.00_3.40","gamma_bin","vary_mean",3,FALSE,58,0.67283196893338,0.809414056651411,0,0.0499789824529975,0,0.0496769864033274,0.136582087718031
"gamma_bin_3.00_3.40","gamma_bin","vary_mean",3,FALSE,59,0.682212593504884,0.814004519360267,0,0.0488066015691857,0,0.0484747422189308,0.131791925855383
"gamma_bin_3.00_3.40","gamma_bin","vary_mean",3,FALSE,60,0.691594549334227,0.818732731070964,0,0.0487989540613833,0,0.0485038415794335,0.127138181736737
"gamma_bin_3.00_3.40","gamma_bin","vary_mean",3,FALSE,61,0.700774343176902,0.823555225288727,0,0.0499311525872414,0,0.0496601097814724,0.122780882111825
"gamma_bin_3.00_3.40","gamma_bin","vary_mean",3,FALSE,62,0.709565411363515,0.828464917348813,0.01,0.0517814282823293,0.01,0.051485470848721,0.118899505985298
"gamma_bin_3.00_3.40","gamma_bin","vary_mean",3,FALSE,63,0.717802382251417,0.833406511855719,0.01,0.0535710006101091,0.01,0.0532373567863783,0.115604129604302
"gamma_bin_3.00_3.40","gamma_bin","vary_mean",3,FALSE,64,0.725343303375917,0.838354590836928,0.01,0.0546514522855339,0.01,0.0543561626549724,0.113011287461011
"gamma_bin_3.00_3.40","gamma_bin","vary_mean",3,FALSE,65,0.732069930484564,0.843247207003896,0.02,0.0547753720883367,0.01,0.0544493878449119,0.111177276519332
"gamma_bin_3.00_3.40","gamma_bin","vary_mean",3,FALSE,66,0.737895666769886,0.848067353554131,0.01,0.0537655498683101,0.01,0.053425458536975,0.110171686784245
"gamma_bin_3.00_3.40","gamma_bin","vary_mean",3,FALSE,67,0.742895958587221,0.852753022440514,0.01,0.0519453911463637,0.01,0.0516616192105574,0.109857063853293
"gamma_bin_3.00_3.40","gamma_bin","vary_mean",3,FALSE,68,0.747278763319657,0.857308185306881,0.01,0.0504021064993371,0.01,0.0500979550486808,0.110029421987224
"gamma_bin_3.00_3.40","gamma_bin","vary_mean",3,FALSE,69,0.751271373438236,0.86171335829949,0.01,0.0499368715523525,0.01,0.0496336721805303,0.110441984861254
"gamma_bin_3.00_3.40","gamma_bin","vary_mean",3,FALSE,70,0.755105697598796,0.86600888802773,0.01,0.050723388963564,0.01,0.0504065635260663,0.110903190428934
"gamma_bin_3.00_3.40","gamma_bin","vary_mean",3,FALSE,71,0.759004827658807,0.870183976053967,0.01,0.0524914142806465,0.01,0.0521175927666113,0.11117914839516
"gamma_bin_3.00_3.40","gamma_bin","vary_mean",3,FALSE,72,0.76317231106088,0.874213122182252,0.01,0.0544143950743624,0.01,0.0539928493883116,0.111040811121372
"gamma_bin_3.00_3.40","gamma_bin","vary_mean",3,FALSE,73,0.767786202417761,0.878100519558644,0.01,0.055842551883017,0.01,0.0554557143495838,0.110314317140883
"gamma_bin_3.00_3.40","gamma_bin","vary_mean",3,FALSE,74,0.772997638290372,0.88187901759492,0.01,0.056317873166396,0.01,0.0559902734517327,0.108881379304548
"gamma_bin_3.00_3.40","gamma_bin","vary_mean",3,FALSE,75,0.77893263784533,0.885465275735776,0.01,0.0556626428937697,0.01,0.055302095171646,0.106532637890446
"gamma_bin_3.00_3.40","gamma_bin","vary_mean",3,FALSE,76,0.78568141824908,0.888884140248708,0.02,0.0539657905313768,0.03,0.0536094703800175,0.103202721999628
"gamma_bin_3.00_3.40","gamma_bin","vary_mean",3,FALSE,77,0.793148670755028,0.892118267450715,0.03,0.052141811648315,0.03,0.0517877305544182,0.0989695966956866
"gamma_bin_3.00_3.40","gamma_bin","vary_mean",3,FALSE,78,0.801109464577554,0.895149408049552,0.05,0.0512384526548626,0.04,0.0508839174057189,0.0940399434719977
"gamma_bin_3.00_3.40","gamma_bin","vary_mean",3,FALSE,79,0.809317687520099,0.898012456838578,0.06,0.051744550296295,0.05,0.0513851343613974,0.0886947693184786
"gamma_bin_3.00_3.40","gamma_bin","vary_mean",3,FALSE,80,0.817518562189946,0.900748240660308,0.08,0.0532712231234445,0.1,0.0529703983361963,0.0832296784703616
"gamma_bin_3.00_3.40","gamma_bin","vary_mean",3,FALSE,81,0.825462916255739,0.903360611007284,0.19,0.055102427445376,0.15,0.0547946819635565,0.0778976947515453
"gamma_bin_3.00_3.40","gamma_bin","vary_mean",3,FALSE,82,0.832920079463184,0.905846733645494,0.25,0.0566089222992636,0.26,0.056249227354553,0.0729266541823098
"gamma_bin_3.00_3.40","gamma_bin","vary_mean",3,FALSE,83,0.83968668789734,0.908190392666158,0.3,0.0572279321533636,0.31,0.0568648167361764,0.0685037047688183
"gamma_bin_3.00_3.40","gamma_bin","vary_mean",3,FALSE,84,0.845591000049052,0.910324999077665,0.35,0.0567899603206838,0.35,0.0564429341313708,0.0647339990286134
"gamma_bin_3.00_3.40","gamma_bin","vary_mean",3,FALSE,85,0.850493536894317,0.912283664934333,0.39,0.0553115595769543,0.39,0.0549616400429725,0.0617901280400156
"gamma_bin_3.00_3.40","gamma_bin","vary_mean",3,FALSE,86,0.854297533108007,0.91407819629393,0.38,0.0534333370385773,0.38,0.0530863472001272,0.0597806631859231
"gamma_bin_3.00_3.40","gamma_bin","vary_mean",3,FALSE,87,0.857044342489846,0.915759791888159,0.37,0.0522168493504232,0.38,0.0518685809305339,0.0587154493983126
"gamma_bin_3.00_3.40","gamma_bin","vary_mean",3,FALSE,88,0.858857822167393,0.917399256464711,0.37,0.0524381975826713,0.37,0.0521366583663796,0.0585414342973181
"gamma_bin_3.00_3.40","gamma_bin","vary_mean",3,FALSE,89,0.859878747666928,0.919102882438365,0.39,0.0539067111971449,0.39,0.0535697239172929,0.0592241347714374
"gamma_bin_3.00_3.40","gamma_bin","vary_mean",3,FALSE,90,0.86025311141159,0.920884802038812,0.39,0.0558844630851807,0.38,0.0555072075880268,0.0606316906272222
"gamma_bin_3.00_3.40","gamma_bin","vary_mean",3,FALSE,91,0.860120701023208,0.922756472902617,0.37,0.0575983409220106,0.36,0.0572567450817555,0.0626357718794092
"gamma_bin_3.00_3.40","gamma_bin","vary_mean",3,FALSE,92,0.859606619529194,0.924690137378371,0.37,0.0585645055232475,0.35,0.0582534912776068,0.0650835178491773
"gamma_bin_3.00_3.40","gamma_bin","vary_mean",3,FALSE,93,0.8588168361623,0.926652483228673,0.36,0.0584366159348892,0.34,0.0580952211842757,0.0678356470663735
"gamma_bin_3.00_3.40","gamma_bin","vary_mean",3,FALSE,94,0.857837212377275,0.928705921246506,0.3,0.0571451362559356,0.31,0.0568026532447261,0.0708687088692311
"gamma_bin_3.00_3.40","gamma_bin","vary_mean",3,FALSE,95,0.856734852284735,0.93086782570045,0.27,0.0551798391111376,0.27,0.0548541519335916,0.0741329734157145
"gamma_bin_3.00_3.40","gamma_bin","vary_mean",3,FALSE,96,0.855586935925609,0.933131708956074,0.24,0.0535391860019702,0.25,0.0531830316415346,0.0775447730304655
"gamma_bin_3.00_3.40","gamma_bin","vary_mean",3,FALSE,97,0.854642173312711,0.935589729379365,0.19,0.0531000746715548,0.18,0.0527923747581626,0.0809475560666544
"gamma_bin_3.00_3.40","gamma_bin","vary_mean",3,FALSE,98,0.854216899337268,0.938311355393414,0.18,0.0540590200524468,0.18,0.0537752981339137,0.0840944560561464
"gamma_bin_3.00_3.40","gamma_bin","vary_mean",3,FALSE,99,0.854615196085733,0.94117797789612,0.17,0.0558823050799829,0.17,0.0555722995406193,0.0865627818103867
"gamma_bin_3.00_3.40","gamma_bin","vary_mean",3,FALSE,100,0.856123392287051,0.944230366951022,0.17,0.0577461131332964,0.18,0.0574184621580807,0.088106974663971
"gamma_bin_3.00_3.40","gamma_bin","vary_mean",3,FALSE,101,0.859003725920451,0.94746051687382,0.18,0.0590235016768154,0.19,0.0586512539331373,0.0884567909533684
"gamma_bin_3.00_3.40","gamma_bin","vary_mean",3,FALSE,102,0.863491057515902,0.950906495396623,0.21,0.0593486440670516,0.22,0.058944017107469,0.0874154378807207
"gamma_bin_3.00_3.40","gamma_bin","vary_mean",3,FALSE,103,0.869793786137492,0.9545341108536,0.25,0.0584115934008207,0.24,0.0580012400160078,0.0847403247161083
"gamma_bin_3.00_3.40","gamma_bin","vary_mean",3,FALSE,104,0.878098070350996,0.95834877077529,0.27,0.0565395682586282,0.24,0.0561593695781511,0.0802507004242943
"gamma_bin_3.00_3.40","gamma_bin","vary_mean",3,FALSE,105,0.888573897619543,0.962315346274214,0.3,0.0545663509105341,0.3,0.0542436194279683,0.0737414486546708
"gamma_bin_3.00_3.40","gamma_bin","vary_mean",3,FALSE,106,0.901301658370892,0.96639304555077,0.37,0.053675450542992,0.38,0.0533580249503957,0.0650913871798782
"gamma_bin_3.00_3.40","gamma_bin","vary_mean",3,FALSE,107,0.915897849763235,0.970322475341227,0.5,0.0543198166651221,0.48,0.0539875897951046,0.0544246255779915
"gamma_bin_3.00_3.40","gamma_bin","vary_mean",3,FALSE,108,0.931781890770312,0.974008860361197,0.66,0.0559484844253414,0.66,0.0555905061984863,0.0422269695908851
"gamma_bin_3.00_3.40","gamma_bin","vary_mean",3,FALSE,109,0.964908287444313,0.977419392589822,0.91,0.0579952340889579,0.93,0.0576084190883843,0.0125111051455088
"gamma_bin_3.00_3.40","gamma_bin","vary_mean",3,FALSE,110,0.980887218164916,0.98047761799059,0.96,0.0596013636266844,0.96,0.0592167140658696,-0.000409600174325786
"gamma_bin_3.00_3.40","gamma_bin","vary_mean",3,FALSE,111,0.995692213942587,0.983128601889313,0.95,0.0602532798726031,0.95,0.0598335539827141,-0.0125636120532737
"gamma_bin_3.00_3.40","gamma_bin","vary_mean",3,FALSE,112,1.00881666031265,0.985380747656068,0.9,0.0596479169977464,0.89,0.0592688198494249,-0.0234359126565821
"gamma_bin_3.00_3.40","gamma_bin","vary_mean",3,FALSE,113,1.01983605940048,0.987145028937652,0.74,0.0579215917525453,0.76,0.0575664056237835,-0.0326910304628285
"gamma_bin_3.00_3.40","gamma_bin","vary_mean",3,FALSE,114,1.02841129997895,0.988445555380242,0.66,0.0557878056546309,0.67,0.0554626051598906,-0.0399657445987082
"gamma_bin_3.00_3.40","gamma_bin","vary_mean",3,FALSE,115,1.03430371035801,0.989282425963991,0.61,0.054567490990944,0.59,0.0542633088176386,-0.045021284394019
"gamma_bin_3.00_3.40","gamma_bin","vary_mean",3,FALSE,116,1.03743175161603,0.989673944695859,0.59,0.0547213767470843,0.57,0.0543463689675341,-0.047757806920171
"gamma_bin_3.00_3.40","gamma_bin","vary_mean",3,FALSE,117,1.0378022122009,0.989744238218666,0.64,0.0560527631797395,0.61,0.0557030957442958,-0.0480579739822345
"gamma_bin_3.00_3.40","gamma_bin","vary_mean",3,FALSE,118,1.03547276308025,0.989524719855414,0.67,0.0579565574915301,0.66,0.0576055156897191,-0.0459480432248357
"gamma_bin_3.00_3.40","gamma_bin","vary_mean",3,FALSE,119,1.03053550780697,0.989012946292426,0.72,0.059671144678611,0.7,0.0593277099816422,-0.0415225615145443
"gamma_bin_3.00_3.40","gamma_bin","vary_mean",3,FALSE,120,1.02310221069091,0.988220749157864,0.83,0.0605365513921899,0.81,0.0601598456173433,-0.0348814615330458
"gamma_bin_3.00_3.40","gamma_bin","vary_mean",3,FALSE,121,1.01329357541095,0.987116232974405,0.9,0.0601540078019789,0.87,0.059803914777415,-0.0261773424365453
"gamma_bin_3.00_3.40","gamma_bin","vary_mean",3,FALSE,122,1.00123289414715,0.985671084448055,0.91,0.0586710417948571,0.92,0.0582845602828019,-0.0155618096990955
"gamma_bin_3.00_3.40","gamma_bin","vary_mean",3,FALSE,123,0.987043160294477,0.98393459816268,0.96,0.056452626842693,0.96,0.0561321156709171,-0.00310856213179744
"gamma_bin_3.00_3.40","gamma_bin","vary_mean",3,FALSE,124,0.970846430550826,0.982094082041018,0.9,0.0547832929710934,0.91,0.054410568996448,0.0112476514901919
"gamma_bin_3.00_3.40","gamma_bin","vary_mean",3,FALSE,125,0.953001568168985,0.980335438337869,0.8,0.0546185296797439,0.8,0.0542034930621966,0.0273338701688836
"gamma_bin_3.00_3.40","gamma_bin","vary_mean",3,FALSE,126,0.934680947695761,0.978800027032066,0.68,0.0557818173159309,0.67,0.055379107847726,0.0441190793363054
"gamma_bin_3.00_3.40","gamma_bin","vary_mean",3,FALSE,127,0.917145793226913,0.977569744869083,0.45,0.057664211951304,0.41,0.0572746026183593,0.0604239516421698
"gamma_bin_3.00_3.40","gamma_bin","vary_mean",3,FALSE,128,0.901530406151582,0.976767228676502,0.28,0.0595732023897149,0.28,0.0591510593846089,0.0752368225249197
"gamma_bin_3.00_3.40","gamma_bin","vary_mean",3,FALSE,129,0.888820761331304,0.976369954434847,0.23,0.0608034077388638,0.23,0.0604351073809548,0.0875491931035433
"gamma_bin_3.00_3.40","gamma_bin","vary_mean",3,FALSE,130,0.879849051096058,0.976448856941227,0.13,0.0608731158406492,0.13,0.0605329548620616,0.096599805845169
"gamma_bin_3.00_3.40","gamma_bin","vary_mean",3,FALSE,131,0.875312502934994,0.977007802500556,0.1,0.0596851884817866,0.09,0.0593618923609213,0.101695299565562
"gamma_bin_3.00_3.40","gamma_bin","vary_mean",3,FALSE,132,0.875810644994376,0.97813005577421,0.08,0.0575409192487689,0.1,0.0572556276433759,0.102319410779834
"gamma_bin_3.00_3.40","gamma_bin","vary_mean",3,FALSE,133,0.881891211117993,0.979683482652316,0.11,0.0554062358790103,0.1,0.0550954457811141,0.0977922715343235
"gamma_bin_3.00_3.40","gamma_bin","vary_mean",3,FALSE,134,0.894096753734329,0.981500650079038,0.11,0.0543549732703828,0.12,0.0540519723234369,0.0874038963447088
"gamma_bin_3.00_3.40","gamma_bin","vary_mean",3,FALSE,135,0.912538889585145,0.983439247120488,0.31,0.0549196194832038,0.34,0.0545688170671829,0.0709003575353432
"gamma_bin_3.00_3.40","gamma_bin","vary_mean",3,FALSE,136,0.935968580436848,0.985306242877772,0.64,0.0566226574052973,0.64,0.0562539289800538,0.0493376624409239
"gamma_bin_3.00_3.40","gamma_bin","vary_mean",3,FALSE,137,0.962748452443007,0.986941966009577,0.83,0.0586337036805829,0.82,0.0582522593515316,0.0241935135665701
"gamma_bin_3.00_3.40","gamma_bin","vary_mean",3,FALSE,138,0.991058087015847,0.988382644841948,0.93,0.0601656824568381,0.95,0.0597770594211084,-0.00267544217389915
"gamma_bin_3.00_3.40","gamma_bin","vary_mean",3,FALSE,139,1.01894781256074,0.989537723044438,0.85,0.0607680192362409,0.85,0.060352802180613,-0.0294100895163019
"gamma_bin_3.00_3.40","gamma_bin","vary_mean",3,FALSE,140,1.04444932027992,0.990339234826483,0.5,0.0602671402832581,0.52,0.0598754550869565,-0.0541100854534371
"gamma_bin_3.00_3.40","gamma_bin","vary_mean",3,FALSE,141,1.0657059122687,0.99076793749207,0.29,0.0586497700973214,0.3,0.0582776708768765,-0.0749379747766297
"gamma_bin_3.00_3.40","gamma_bin","vary_mean",3,FALSE,142,1.0810929449843,0.990785474220646,0.15,0.0565597393292672,0.15,0.0562358418044142,-0.0903074707636542
"gamma_bin_3.00_3.40","gamma_bin","vary_mean",3,FALSE,143,1.08930930531451,0.99048999347172,0.12,0.0552629223302078,0.11,0.0549634524877948,-0.0988193118427901
"gamma_bin_3.00_3.40","gamma_bin","vary_mean",3,FALSE,144,1.08943317712892,0.989832947989778,0.13,0.0553690039907462,0.12,0.0550603543977214,-0.0996002291391425
"gamma_bin_3.00_3.40","gamma_bin","vary_mean",3,FALSE,145,1.08148967301391,0.988928549481128,0.18,0.0566098959565627,0.17,0.0563142377441313,-0.0925611235327818
"gamma_bin_3.00_3.40","gamma_bin","vary_mean",3,FALSE,146,1.067118056924,0.987837456476294,0.29,0.058403651231937,0.27,0.0580822303200209,-0.0792806004477064
"gamma_bin_3.00_3.40","gamma_bin","vary_mean",3,FALSE,147,1.04828964020928,0.986609266093968,0.48,0.0599974267379496,0.45,0.0596183900962442,-0.0616803741153118
"gamma_bin_3.00_3.40","gamma_bin","vary_mean",3,FALSE,148,1.02693455801449,0.985190455825489,0.71,0.0607248648023138,0.68,0.0603770880038588,-0.0417441021890013
"gamma_bin_3.00_3.40","gamma_bin","vary_mean",3,FALSE,149,1.00477443375589,0.983597317089584,0.9,0.0603449771899862,0.9,0.0600019664407579,-0.0211771166663064
"gamma_bin_3.00_3.40","gamma_bin","vary_mean",3,FALSE,150,0.983222907766779,0.981838450150882,0.96,0.0588251920433345,0.96,0.0585153275240652,-0.00138445761589689
"gamma_bin_3.00_3.40","gamma_bin","vary_mean",3,FALSE,151,0.963363940769346,0.97993209926683,0.9,0.0566177016188404,0.89,0.0562940291190741,0.0165681584974839
"gamma_bin_3.00_3.40","gamma_bin","vary_mean",3,FALSE,152,0.945985514931433,0.97793300695336,0.76,0.0548502907351738,0.77,0.0545632121657612,0.0319474920219271
"gamma_bin_3.00_3.40","gamma_bin","vary_mean",3,FALSE,153,0.931639698450479,0.975988045879793,0.6,0.0543168569554707,0.62,0.054037034099812,0.0443483474293141
"gamma_bin_3.00_3.40","gamma_bin","vary_mean",3,FALSE,154,0.920706027513323,0.974310146724315,0.5,0.0553083520723239,0.5,0.0549917511115361,0.053604119210992
"gamma_bin_3.00_3.40","gamma_bin","vary_mean",3,FALSE,155,0.913287949909382,0.973012551103933,0.45,0.0571335553959879,0.44,0.0568234366641949,0.0597246011945508
"gamma_bin_3.00_3.40","gamma_bin","vary_mean",3,FALSE,156,0.909118262499206,0.972066765469887,0.43,0.0589460137491636,0.46,0.0586386473744994,0.0629485029706813
"gamma_bin_3.00_3.40","gamma_bin","vary_mean",3,FALSE,157,0.90786599524967,0.971571316640557,0.44,0.0601292134839565,0.45,0.0597670574210244,0.0637053213908869
"gamma_bin_3.00_3.40","gamma_bin","vary_mean",3,FALSE,158,0.909191813449816,0.971471744793547,0.47,0.0602114770416645,0.46,0.0598822886345004,0.0622799313437314
"gamma_bin_3.00_3.40","gamma_bin","vary_mean",3,FALSE,159,0.9127706498954,0.971878354459154,0.47,0.0591578474045658,0.49,0.0588325120411499,0.0591077045637545
"gamma_bin_3.00_3.40","gamma_bin","vary_mean",3,FALSE,160,0.918310343562916,0.97276820172755,0.55,0.0572105572789676,0.52,0.0569204949652772,0.0544578581646339
"gamma_bin_3.00_3.40","gamma_bin","vary_mean",3,FALSE,161,0.925562601543549,0.974109485492502,0.57,0.0552820727553613,0.56,0.0549924859306463,0.0485468839489526
"gamma_bin_3.00_3.40","gamma_bin","vary_mean",3,FALSE,162,0.934326617511047,0.975890622229689,0.61,0.0544730657068849,0.61,0.0541842380034604,0.0415640047186416
"gamma_bin_3.00_3.40","gamma_bin","vary_mean",3,FALSE,163,0.944447396594412,0.978101733381335,0.7,0.0552685679237889,0.69,0.0549820335856618,0.0336543367869233
"gamma_bin_3.00_3.40","gamma_bin","vary_mean",3,FALSE,164,0.955808426255688,0.980653431285117,0.84,0.0572599302423588,0.84,0.0569289715922187,0.0248450050294288
"gamma_bin_3.00_3.40","gamma_bin","vary_mean",3,FALSE,165,0.968171987055275,0.983589479925203,0.92,0.059485250401526,0.92,0.0591515998596735,0.0154174928699276
"gamma_bin_3.00_3.40","gamma_bin","vary_mean",3,FALSE,166,0.981075418082579,0.986811075710514,0.96,0.0612388579009355,0.97,0.0609201275042822,0.00573565762793493
"gamma_bin_3.00_3.40","gamma_bin","vary_mean",3,FALSE,167,0.99403776313242,0.990379139925081,0.94,0.062076003327022,0.93,0.0616842632694899,-0.00365862320733878
"gamma_bin_3.00_3.40","gamma_bin","vary_mean",3,FALSE,168,1.00658618871785,0.994254298680941,0.91,0.0616472644434388,0.91,0.0612712272100665,-0.0123318900369094
"gamma_bin_3.00_3.40","gamma_bin","vary_mean",3,FALSE,169,1.01827263962082,0.998407705883008,0.9,0.0601394784834105,0.89,0.0597305191517403,-0.019864933737812
"gamma_bin_3.00_3.40","gamma_bin","vary_mean",3,FALSE,170,1.02869207421039,1.0029099219486,0.84,0.0581847540219172,0.82,0.0578252632171351,-0.0257821522617865
"gamma_bin_3.00_3.40","gamma_bin","vary_mean",3,FALSE,171,1.03749575970787,1.00768643853204,0.81,0.05699308408152,0.8,0.0566608538727919,-0.0298093211758292
"gamma_bin_3.00_3.40","gamma_bin","vary_mean",3,FALSE,172,1.04439766370686,1.01273565956819,0.8,0.0571804565731304,0.81,0.056884531918454,-0.0316620041386686
"gamma_bin_3.00_3.40","gamma_bin","vary_mean",3,FALSE,173,1.04917474480308,1.01811956166584,0.82,0.0584898115006952,0.81,0.0581875910267931,-0.0310551831372392
"gamma_bin_3.00_3.40","gamma_bin","vary_mean",3,FALSE,174,1.05167598943045,1.02370994569434,0.85,0.0602683354030741,0.83,0.0599820631949457,-0.0279660437361129
"gamma_bin_3.00_3.40","gamma_bin","vary_mean",3,FALSE,175,1.05228684352057,1.02947729663493,0.87,0.0620099367565853,0.87,0.0616825106386156,-0.0228095468856353
"gamma_bin_3.00_3.40","gamma_bin","vary_mean",3,FALSE,176,1.05205037229906,1.03545054458484,0.88,0.0629539153406563,0.88,0.0625603313589949,-0.0165998277142232
"gamma_bin_3.00_3.40","gamma_bin","vary_mean",3,FALSE,177,1.05206304074467,1.04164497262055,0.89,0.062655321362929,0.87,0.0622485333591329,-0.0104180681241155
"gamma_bin_3.00_3.40","gamma_bin","vary_mean",3,FALSE,178,1.0533911428065,1.04806195256046,0.9,0.0611328445651317,0.9,0.0607405628636502,-0.00532919024604106
"gamma_bin_3.00_3.40","gamma_bin","vary_mean",3,FALSE,179,1.05702523270082,1.05463114396112,0.89,0.058729891116962,0.89,0.0583540420746564,-0.00239408873969871
"gamma_bin_3.00_3.40","gamma_bin","vary_mean",3,FALSE,180,1.06385390304002,1.06115447709653,0.88,0.0568411382456781,0.9,0.0565350889254457,-0.00269942594349115
"gamma_bin_3.00_3.40","gamma_bin","vary_mean",3,FALSE,181,1.07466368846286,1.06751972871686,0.89,0.0565489526179123,0.91,0.056250263872784,-0.00714395974599613
"gamma_bin_3.00_3.40","gamma_bin","vary_mean",3,FALSE,182,1.09015918537017,1.07352304915686,0.88,0.057859087022382,0.87,0.057500945987285,-0.0166361362133098
"gamma_bin_3.00_3.40","gamma_bin","vary_mean",3,FALSE,183,1.11099415707904,1.07908383178953,0.84,0.05990955125949,0.82,0.059540322890064,-0.0319103252895139
"gamma_bin_3.00_3.40","gamma_bin","vary_mean",3,FALSE,184,1.13776253966062,1.08414358293019,0.61,0.0619690398127611,0.6,0.0615931352239829,-0.0536189567304348
"gamma_bin_3.00_3.40","gamma_bin","vary_mean",3,FALSE,185,1.16994138910722,1.08857223205856,0.34,0.0633967219175008,0.34,0.0629827239682494,-0.0813691570486559
"gamma_bin_3.00_3.40","gamma_bin","vary_mean",3,FALSE,186,1.20568067952197,1.0923662346949,0.08,0.0635816822473933,0.08,0.0631603354279649,-0.113314444827067
"gamma_bin_3.00_3.40","gamma_bin","vary_mean",3,FALSE,187,1.24280592689739,1.09541874596488,0.02,0.0623783981002874,0.02,0.0620042603328505,-0.147387180932512
"gamma_bin_3.00_3.40","gamma_bin","vary_mean",3,FALSE,188,1.27892507759421,1.09779018139384,0,0.060222643711506,0,0.0598555522029912,-0.181134896200368
"gamma_bin_3.00_3.40","gamma_bin","vary_mean",3,FALSE,189,1.31157809299846,1.09931189521629,0,0.058074137972547,0,0.0577377277018829,-0.212266197782166
"gamma_bin_3.00_3.40","gamma_bin","vary_mean",3,FALSE,190,1.33842575739913,1.10005259952604,0,0.0571657702760209,0,0.0568196070532159,-0.238373157873087
"gamma_bin_3.00_3.40","gamma_bin","vary_mean",3,FALSE,191,1.35742493987032,1.09999895859058,0,0.0578112318950068,0,0.0574234470631892,-0.257425981279737
"gamma_bin_3.00_3.40","gamma_bin","vary_mean",3,FALSE,192,1.36695842059754,1.09911521392323,0,0.0595139243244261,0,0.0590901470964328,-0.267843206674313
"gamma_bin_3.00_3.40","gamma_bin","vary_mean",3,FALSE,193,1.36590703303142,1.09745830757207,0,0.0613945615767175,0,0.0609376802754625,-0.268448725459347
"gamma_bin_3.00_3.40","gamma_bin","vary_mean",3,FALSE,194,1.35374441935837,1.09504366148481,0,0.0627171688395264,0,0.0622480588281442,-0.258700757873557
"gamma_bin_3.00_3.40","gamma_bin","vary_mean",3,FALSE,195,1.33179505256341,1.0917589695345,0,0.062888278052392,0,0.0624621309939111,-0.240036083028909
"gamma_bin_3.00_3.40","gamma_bin","vary_mean",3,FALSE,196,1.30282908300336,1.08772300040927,0,0.0618021893430205,0,0.0613891949141968,-0.215106082594089
"gamma_bin_3.00_3.40","gamma_bin","vary_mean",3,FALSE,197,1.26962792749398,1.08288543933907,0,0.0596083047935782,0,0.0592266306977791,-0.18674248815491
"gamma_bin_3.00_3.40","gamma_bin","vary_mean",3,FALSE,198,1.23470197201586,1.07734293546107,0,0.0571249847071143,0,0.0567868867530831,-0.15735903655479
"gamma_bin_3.00_3.40","gamma_bin","vary_mean",3,FALSE,199,1.20012008532359,1.07147443688723,0.02,0.0557237965320573,0.02,0.0553776038488445,-0.128645648436356
"gamma_bin_3.00_3.40","gamma_bin","vary_mean",3,FALSE,200,1.16745324780638,1.06571831665399,0.06,0.0558638952461447,0.07,0.0555183895332482,-0.101734931152387
"gamma_bin_3.00_3.40","gamma_bin","vary_mean",3,FALSE,201,1.13781324493009,1.06023472118027,0.22,0.0572983985714322,0.22,0.0569644026613634,-0.0775785237498223
"gamma_bin_3.00_3.40","gamma_bin","vary_mean",3,FALSE,202,1.11194114249594,1.05527518273348,0.55,0.059306946699286,0.55,0.0589581458548373,-0.0566659597624644
"gamma_bin_3.00_3.40","gamma_bin","vary_mean",3,FALSE,203,1.09030738318271,1.05093797418695,0.74,0.0609401686202334,0.74,0.0606109370229234,-0.0393694089957604
"gamma_bin_3.00_3.40","gamma_bin","vary_mean",3,FALSE,204,1.07317842503564,1.0472827518627,0.87,0.0617210746536941,0.87,0.0613928876195952,-0.0258956731729432
"gamma_bin_3.00_3.40","gamma_bin","vary_mean",3,FALSE,205,1.06040347302214,1.04440467762623,0.94,0.0613315155997888,0.95,0.0609581775353387,-0.0159987953959089
"gamma_bin_3.00_3.40","gamma_bin","vary_mean",3,FALSE,206,1.05156904168052,1.04238097470816,0.95,0.0598017721536791,0.96,0.0594742839679213,-0.00918806697236096
"gamma_bin_3.00_3.40","gamma_bin","vary_mean",3,FALSE,207,1.04624950999474,1.04122625149715,0.95,0.0576614763951453,0.95,0.0573326867636894,-0.00502325849759466
"gamma_bin_3.00_3.40","gamma_bin","vary_mean",3,FALSE,208,1.04403704329192,1.04096883208141,0.94,0.0559960595276857,0.93,0.0556767523961391,-0.00306821121051026
"gamma_bin_3.00_3.40","gamma_bin","vary_mean",3,FALSE,209,1.0445651521307,1.04159394224036,0.94,0.056036445703162,0.94,0.0556965781923416,-0.0029712098903405
"gamma_bin_3.00_3.40","gamma_bin","vary_mean",3,FALSE,210,1.04752392002038,1.04306955108712,0.93,0.0574522208363317,0.93,0.0570751141950368,-0.00445436893326079
"gamma_bin_3.00_3.40","gamma_bin","vary_mean",3,FALSE,211,1.05266551803821,1.04552984022963,0.93,0.059521944341304,0.93,0.0591252356355063,-0.00713567780858315
"gamma_bin_3.00_3.40","gamma_bin","vary_mean",3,FALSE,212,1.0598023103751,1.0488836049288,0.93,0.0616095069317767,0.93,0.0611280705741088,-0.0109187054462971
"gamma_bin_3.00_3.40","gamma_bin","vary_mean",3,FALSE,213,1.06880062573221,1.05310647907084,0.92,0.062901140803336,0.92,0.0624063242574482,-0.0156941466613696
"gamma_bin_3.00_3.40","gamma_bin","vary_mean",3,FALSE,214,1.0795784696348,1.05826115623977,0.9,0.0629782134054529,0.91,0.0625031061714608,-0.0213173133950304
"gamma_bin_3.00_3.40","gamma_bin","vary_mean",3,FALSE,215,1.09215111452811,1.06434352546649,0.85,0.0617636231270707,0.84,0.0613149205101498,-0.0278075890616156
"gamma_bin_3.00_3.40","gamma_bin","vary_mean",3,FALSE,216,1.10660255202503,1.07137168653673,0.78,0.0594632954013723,0.78,0.0590509188539801,-0.0352308654882962
"gamma_bin_3.00_3.40","gamma_bin","vary_mean",3,FALSE,217,1.1230463183655,1.07917305917818,0.64,0.0570536630846108,0.64,0.056707442691893,-0.0438732591873185
"gamma_bin_3.00_3.40","gamma_bin","vary_mean",3,FALSE,218,1.14161803384419,1.08743847902276,0.55,0.0559989240753498,0.58,0.0556513058340941,-0.0541795548214332
"gamma_bin_3.00_3.40","gamma_bin","vary_mean",3,FALSE,219,1.16246850453014,1.09593721020226,0.45,0.0566501626124273,0.43,0.0563083919340577,-0.0665312943278815
"gamma_bin_3.00_3.40","gamma_bin","vary_mean",3,FALSE,220,1.18575867786174,1.1044625457418,0.28,0.0586429685517774,0.26,0.0582806271189804,-0.0812961321199397
"gamma_bin_3.00_3.40","gamma_bin","vary_mean",3,FALSE,221,1.21165701983639,1.11291020871182,0.13,0.0610004706034816,0.11,0.0606180639047981,-0.0987468111245666
"gamma_bin_3.00_3.40","gamma_bin","vary_mean",3,FALSE,222,1.24033898455105,1.12113222663459,0.02,0.0628217693525203,0.02,0.0624409052001196,-0.119206757916464
"gamma_bin_3.00_3.40","gamma_bin","vary_mean",3,FALSE,223,1.27198794287079,1.12906877444705,0.01,0.0635880145935006,0.01,0.0630968094298185,-0.142919168423739
"gamma_bin_3.00_3.40","gamma_bin","vary_mean",3,FALSE,224,1.30666523446541,1.13667461731365,0,0.0629930995249372,0,0.0625286435862005,-0.169990617151763
"gamma_bin_3.00_3.40","gamma_bin","vary_mean",3,FALSE,225,1.3433530482977,1.14391147497977,0,0.0612951308364315,0,0.0608536932779087,-0.199441573317927
"gamma_bin_3.00_3.40","gamma_bin","vary_mean",3,FALSE,226,1.38038171186225,1.15063282616272,0,0.059397283544788,0,0.0589931283722143,-0.229748885699525
"gamma_bin_3.00_3.40","gamma_bin","vary_mean",3,FALSE,227,1.41592160258673,1.15662456399186,0,0.0585859919313493,0,0.0582008583323605,-0.259297038594865
"gamma_bin_3.00_3.40","gamma_bin","vary_mean",3,FALSE,228,1.44808142918806,1.16177350925155,0,0.059445166057757,0,0.0590778361594313,-0.286307919936515
"gamma_bin_3.00_3.40","gamma_bin","vary_mean",3,FALSE,229,1.47504730588812,1.16590604602956,0,0.0615068484111408,0,0.0611445272456107,-0.309141259858564
"gamma_bin_3.00_3.40","gamma_bin","vary_mean",3,FALSE,230,1.49521587906308,1.16898552458991,0,0.0638718083753816,0,0.0634689595986611,-0.32623035447317
"gamma_bin_3.00_3.40","gamma_bin","vary_mean",3,FALSE,231,1.50729103953841,1.17094280609484,0,0.0656560885741173,0,0.0652433324007811,-0.33634823344357
"gamma_bin_3.00_3.40","gamma_bin","vary_mean",3,FALSE,232,1.51033534857617,1.17177208454908,0,0.066315718414323,0,0.0658610832100383,-0.338563264027091
"gamma_bin_3.00_3.40","gamma_bin","vary_mean",3,FALSE,233,1.50378097074586,1.17144297260244,0,0.0654974486128006,0,0.0650708561614762,-0.332337998143423
"gamma_bin_3.00_3.40","gamma_bin","vary_mean",3,FALSE,234,1.48764960471254,1.16989317007317,0,0.0634082674116436,0,0.0630218227709367,-0.317756434639374
"gamma_bin_3.00_3.40","gamma_bin","vary_mean",3,FALSE,235,1.46373241708909,1.16713802189835,0,0.0604498818151408,0,0.060117385294374,-0.296594395190739
"gamma_bin_3.00_3.40","gamma_bin","vary_mean",3,FALSE,236,1.43448143272486,1.16341852788994,0,0.0581037330920419,0,0.0577726584611746,-0.271062904834915
"gamma_bin_3.00_3.40","gamma_bin","vary_mean",3,FALSE,237,1.40223769952072,1.15901416635827,0,0.0574763758042254,0,0.057172658623913,-0.243223533162451
"gamma_bin_3.00_3.40","gamma_bin","vary_mean",3,FALSE,238,1.36905513115977,1.15425198109734,0,0.0585933930591244,0,0.0582318290760834,-0.214803150062432
"gamma_bin_3.00_3.40","gamma_bin","vary_mean",3,FALSE,239,1.33659069308879,1.14926571725927,0,0.0604717504009631,0,0.0600758800146552,-0.187324975829523
"gamma_bin_3.00_3.40","gamma_bin","vary_mean",3,FALSE,240,1.30608415861083,1.14415255273188,0,0.0623555879685732,0,0.0619979874856882,-0.161931605878955
"gamma_bin_3.00_3.40","gamma_bin","vary_mean",3,FALSE,241,1.27840456713347,1.13897516559402,0.02,0.0637568800130564,0.02,0.063379122055049,-0.139429401539449
"gamma_bin_3.00_3.40","gamma_bin","vary_mean",3,FALSE,242,1.25412742548082,1.13375584791703,0.02,0.0644006918012315,0.02,0.0640128630947809,-0.120371577563791
"gamma_bin_3.00_3.40","gamma_bin","vary_mean",3,FALSE,243,1.23361554311767,1.12843765607118,0.08,0.0645271656945379,0.07,0.064148164780435,-0.10517788704649
"gamma_bin_3.00_3.40","gamma_bin","vary_mean",3,FALSE,244,1.21706403589592,1.12311930429805,0.18,0.064941479066944,0.18,0.06458910663433,-0.093944731597873
"gamma_bin_3.00_3.40","gamma_bin","vary_mean",3,FALSE,245,1.20445667363505,1.1178667710788,0.24,0.0669393812154181,0.27,0.0665461290311474,-0.0865899025562462
"gamma_bin_3.00_3.40","gamma_bin","vary_mean",3,FALSE,246,1.19569657050359,1.11283411471909,0.37,0.0714807735704515,0.38,0.0710643102494625,-0.0828624557845004
"gamma_bin_3.00_3.40","gamma_bin","vary_mean",3,FALSE,247,1.19067334691389,1.10810890445953,0.47,0.0783021645980732,0.48,0.0777987686199347,-0.0825644424543575
"gamma_bin_3.00_3.40","gamma_bin","vary_mean",3,FALSE,248,1.1892846905786,1.10376968747059,0.55,0.0866260932158251,0.53,0.0860327875913586,-0.0855150031080099
"gamma_bin_3.00_3.40","gamma_bin","vary_mean",3,FALSE,249,1.1914521017446,1.09988549024542,0.58,0.0958541032623588,0.58,0.0951475480278512,-0.0915666114991762
"gamma_bin_3.00_3.40","gamma_bin","vary_mean",3,FALSE,250,1.19713021020468,1.09644330783746,0.56,0.1054542543892,0.58,0.1046256378121,-0.100686902367215
"gamma_bin_3.00_3.40","gamma_bin","vary_mean",3,FALSE,251,1.20631090184647,1.09347732677585,0.55,0.115364593061487,0.56,0.114468672240375,-0.112833575070619
"gamma_bin_3.00_3.40","gamma_bin","vary_mean",3,FALSE,252,1.21902415582724,1.09090574953742,0.52,0.125659830997959,0.5,0.124731977181038,-0.128118406289822
"gamma_bin_3.00_3.40","gamma_bin","vary_mean",3,FALSE,253,1.23533724681924,1.08886517020729,0.43,0.136799390327816,0.43,0.135843470661958,-0.14647207661195
"gamma_bin_4.50_3.40","gamma_bin","vary_mean",4.5,FALSE,2,6.47633271060018,NA,NA,NA,NA,NA,NA
"gamma_bin_4.50_3.40","gamma_bin","vary_mean",4.5,FALSE,3,5.39748004467528,3.31646526988705,0,0.208775804981211,0,0.207509768856308,-2.08101477478824
"gamma_bin_4.50_3.40","gamma_bin","vary_mean",4.5,FALSE,4,4.52153259075373,2.22846578519603,0,0.174051197250279,0,0.173006563498403,-2.2930668055577
"gamma_bin_4.50_3.40","gamma_bin","vary_mean",4.5,FALSE,5,3.81075688710478,1.74977901590778,0,0.156558773755736,0,0.155653122775236,-2.060977871197
"gamma_bin_4.50_3.40","gamma_bin","vary_mean",4.5,FALSE,6,3.23384975678135,1.49439102888809,0,0.145681269354924,0,0.144800433883191,-1.73945872789326
"gamma_bin_4.50_3.40","gamma_bin","vary_mean",4.5,FALSE,7,2.76512519694591,1.3426011299443,0,0.137327042262416,0,0.13651612776188,-1.42252406700161
"gamma_bin_4.50_3.40","gamma_bin","vary_mean",4.5,FALSE,8,2.38350063829982,1.24605016258175,0,0.129704743906574,0,0.128934279975729,-1.13745047571807
"gamma_bin_4.50_3.40","gamma_bin","vary_mean",4.5,FALSE,9,2.07220990816182,1.18146645643265,0,0.121804874229046,0,0.121138815767166,-0.890743451729173
"gamma_bin_4.50_3.40","gamma_bin","vary_mean",4.5,FALSE,10,1.8180094782711,1.13635588136796,0,0.113383715995384,0,0.112770090352242,-0.681653596903138
"gamma_bin_4.50_3.40","gamma_bin","vary_mean",4.5,FALSE,11,1.61045019265924,1.10358419028117,0,0.10452896898858,0,0.103958925465434,-0.506866002378074
"gamma_bin_4.50_3.40","gamma_bin","vary_mean",4.5,FALSE,12,1.44129331371926,1.07881350399645,0,0.0960512845067326,0,0.0955565410609781,-0.362479809722806
"gamma_bin_4.50_3.40","gamma_bin","vary_mean",4.5,FALSE,13,1.30405110997497,1.05926423411603,0,0.0891226105562096,0,0.0886729276594078,-0.24478687585894
"gamma_bin_4.50_3.40","gamma_bin","vary_mean",4.5,FALSE,14,1.1936337473603,1.0430611265031,0.06,0.0841605116404903,0.06,0.0837460831031,-0.150572620857199
"gamma_bin_4.50_3.40","gamma_bin","vary_mean",4.5,FALSE,15,1.10608275580624,1.02921710307894,0.59,0.0812170645227719,0.55,0.0808117948619698,-0.076865652727296
"gamma_bin_4.50_3.40","gamma_bin","vary_mean",4.5,FALSE,16,1.03836845094092,1.0168918389478,0.92,0.0794415247106498,0.92,0.0790501449537705,-0.0214766119931189
"gamma_bin_4.50_3.40","gamma_bin","vary_mean",4.5,FALSE,17,0.987514418464918,1.00556353110511,0.97,0.078096983453744,0.96,0.077638343289396,0.0180491126401912
"gamma_bin_4.50_3.40","gamma_bin","vary_mean",4.5,FALSE,18,0.94985341422689,0.994881031621141,0.81,0.0763309218911523,0.82,0.075858044962914,0.0450276173942514
"gamma_bin_4.50_3.40","gamma_bin","vary_mean",4.5,FALSE,19,0.922342058412537,0.984504251325518,0.58,0.0736381881653088,0.61,0.0731926447710871,0.0621621929129805
"gamma_bin_4.50_3.40","gamma_bin","vary_mean",4.5,FALSE,20,0.902533145800087,0.974284707449896,0.38,0.0699600233062401,0.4,0.0695851384809225,0.0717515616498087
"gamma_bin_4.50_3.40","gamma_bin","vary_mean",4.5,FALSE,21,0.888443579660898,0.964221977948546,0.35,0.0662520681682724,0.38,0.0658684451909862,0.0757783982876482
"gamma_bin_4.50_3.40","gamma_bin","vary_mean",4.5,FALSE,22,0.878474950045775,0.954139908313014,0.33,0.0636729744806596,0.34,0.0633065713671788,0.0756649582672386
"gamma_bin_4.50_3.40","gamma_bin","vary_mean",4.5,FALSE,23,0.871353706634507,0.944099772537075,0.37,0.0630116705047313,0.4,0.0626706359784137,0.0727460659025683
"gamma_bin_4.50_3.40","gamma_bin","vary_mean",4.5,FALSE,24,0.866079695774009,0.93405778728659,0.45,0.0640637962558856,0.47,0.0637220090822514,0.0679780915125808
"gamma_bin_4.50_3.40","gamma_bin","vary_mean",4.5,FALSE,25,0.861880113955128,0.924077996422278,0.53,0.0658240201156833,0.54,0.0654636162155745,0.0621978824671503
"gamma_bin_4.50_3.40","gamma_bin","vary_mean",4.5,FALSE,26,0.858167576978305,0.914142958354295,0.61,0.0673313663674124,0.61,0.0669230445694165,0.05597538137599
"gamma_bin_4.50_3.40","gamma_bin","vary_mean",4.5,FALSE,27,0.854446587171991,0.904298032677696,0.67,0.0678395166526499,0.68,0.0674748654954698,0.0498514455057054
"gamma_bin_4.50_3.40","gamma_bin","vary_mean",4.5,FALSE,28,0.850242530612154,0.894497189633349,0.72,0.0670085199162241,0.73,0.0666381851420374,0.0442546590211947
"gamma_bin_4.50_3.40","gamma_bin","vary_mean",4.5,FALSE,29,0.845168044117022,0.884734539206389,0.73,0.0647665635948409,0.76,0.0644615941262274,0.0395664950893668
"gamma_bin_4.50_3.40","gamma_bin","vary_mean",4.5,FALSE,30,0.838916821827613,0.874998763130672,0.74,0.0620028184247541,0.78,0.0616455250070302,0.036081941303059
"gamma_bin_4.50_3.40","gamma_bin","vary_mean",4.5,FALSE,31,0.83125458603177,0.865401936549252,0.74,0.0596463329178734,0.79,0.059295589119883,0.0341473505174824
"gamma_bin_4.50_3.40","gamma_bin","vary_mean",4.5,FALSE,32,0.822012955905288,0.855956812109624,0.76,0.0585996138072319,0.79,0.0582665559607354,0.0339438562043358
"gamma_bin_4.50_3.40","gamma_bin","vary_mean",4.5,FALSE,33,0.811083441801087,0.846648023273746,0.76,0.0590765244365009,0.8,0.0587451903888046,0.0355645814726587
"gamma_bin_4.50_3.40","gamma_bin","vary_mean",4.5,FALSE,34,0.798410706391415,0.837573995842593,0.75,0.0606237254138441,0.74,0.0602213599863509,0.0391632894511781
"gamma_bin_4.50_3.40","gamma_bin","vary_mean",4.5,FALSE,35,0.783985284249482,0.828677774326979,0.71,0.0621439971205411,0.71,0.0617646902861746,0.0446924900774965
"gamma_bin_4.50_3.40","gamma_bin","vary_mean",4.5,FALSE,36,0.767842249776292,0.819917117175661,0.64,0.0631958832228567,0.63,0.0627980754875228,0.0520748673993686
"gamma_bin_4.50_3.40","gamma_bin","vary_mean",4.5,FALSE,37,0.750320099865667,0.811323608030622,0.53,0.0632170204015963,0.53,0.0628327189687858,0.0610035081649554
"gamma_bin_4.50_3.40","gamma_bin","vary_mean",4.5,FALSE,38,0.732127511283489,0.802957323227276,0.34,0.061891095135125,0.37,0.0615463240469434,0.070829811943787
"gamma_bin_4.50_3.40","gamma_bin","vary_mean",4.5,FALSE,39,0.713945546467747,0.794699632726656,0.19,0.059476116903422,0.19,0.0591527127659821,0.0807540862589092
"gamma_bin_4.50_3.40","gamma_bin","vary_mean",4.5,FALSE,40,0.696377644387645,0.786688110911142,0.09,0.0570731550663494,0.1,0.0567241245638343,0.0903104665234968
"gamma_bin_4.50_3.40","gamma_bin","vary_mean",4.5,FALSE,41,0.679931575981829,0.779233371849947,0.07,0.0556991912571211,0.07,0.0553465511539378,0.0993017958681182
"gamma_bin_4.50_3.40","gamma_bin","vary_mean",4.5,FALSE,42,0.665012401557135,0.772492355972916,0.03,0.0557277703464329,0.04,0.0554442249977999,0.107479954415781
"gamma_bin_4.50_3.40","gamma_bin","vary_mean",4.5,FALSE,43,0.65192842067752,0.766498235960271,0.03,0.0569706472863138,0.02,0.0566760659299571,0.114569815282751
"gamma_bin_4.50_3.40","gamma_bin","vary_mean",4.5,FALSE,44,0.640906266957601,0.761293568025855,0,0.0586306079022543,0.01,0.0583264854727845,0.120387301068254
"gamma_bin_4.50_3.40","gamma_bin","vary_mean",4.5,FALSE,45,0.632110069284813,0.756936557249362,0,0.0600388678045434,0,0.0597647551519936,0.124826487964549
"gamma_bin_4.50_3.40","gamma_bin","vary_mean",4.5,FALSE,46,0.625656360123327,0.753468888506069,0,0.0606855858668397,0,0.0604146426338684,0.127812528382742
"gamma_bin_4.50_3.40","gamma_bin","vary_mean",4.5,FALSE,47,0.621502273809677,0.750911586782892,0,0.060184559372241,0,0.0599129161563676,0.129409312973215
"gamma_bin_4.50_3.40","gamma_bin","vary_mean",4.5,FALSE,48,0.619441171957512,0.749346478806431,0,0.0586105920599832,0,0.058326508494956,0.129905306848919
"gamma_bin_4.50_3.40","gamma_bin","vary_mean",4.5,FALSE,49,0.619256488578844,0.748739699712739,0,0.0566614571209911,0,0.0563470334030316,0.129483211133895
"gamma_bin_4.50_3.40","gamma_bin","vary_mean",4.5,FALSE,50,0.620736004042686,0.748956433613853,0,0.0553399958362322,0,0.055051410514783,0.128220429571167
"gamma_bin_4.50_3.40","gamma_bin","vary_mean",4.5,FALSE,51,0.623679916186844,0.749938152869752,0,0.0552775006702589,0,0.0550016672757511,0.126258236682908
"gamma_bin_4.50_3.40","gamma_bin","vary_mean",4.5,FALSE,52,0.627908213332621,0.751662029811596,0,0.0565133788774193,0,0.0561807346276284,0.123753816478975
"gamma_bin_4.50_3.40","gamma_bin","vary_mean",4.5,FALSE,53,0.633265384812971,0.754033031131768,0.01,0.0584758081551189,0.01,0.0581352543906395,0.120767646318797
"gamma_bin_4.50_3.40","gamma_bin","vary_mean",4.5,FALSE,54,0.639622221613428,0.757003726279223,0.01,0.0603473187750721,0.02,0.0599354308679645,0.117381504665795
"gamma_bin_4.50_3.40","gamma_bin","vary_mean",4.5,FALSE,55,0.646875295241765,0.760550890713128,0.03,0.0615375541236502,0.03,0.0611338889691833,0.113675595471363
"gamma_bin_4.50_3.40","gamma_bin","vary_mean",4.5,FALSE,56,0.654940797889892,0.764553199132977,0.05,0.061711692731021,0.06,0.0613172953990142,0.109612401243085
"gamma_bin_4.50_3.40","gamma_bin","vary_mean",4.5,FALSE,57,0.663667548235467,0.76903240344079,0.05,0.060665721409351,0.06,0.0603106396166913,0.105364855205323
"gamma_bin_4.50_3.40","gamma_bin","vary_mean",4.5,FALSE,58,0.67283196893338,0.774028672268755,0.05,0.0588289253984351,0.05,0.0585001043852677,0.101196703335375
"gamma_bin_4.50_3.40","gamma_bin","vary_mean",4.5,FALSE,59,0.682212593504884,0.779326704858637,0.06,0.0573677285403622,0.07,0.057001911608168,0.0971141113537527
"gamma_bin_4.50_3.40","gamma_bin","vary_mean",4.5,FALSE,60,0.691594549334227,0.784853213233757,0.07,0.0570943753735335,0.07,0.0567856097262906,0.0932586638995304
"gamma_bin_4.50_3.40","gamma_bin","vary_mean",4.5,FALSE,61,0.700774343176902,0.790504733910315,0.12,0.0582710026626531,0.13,0.0579294021888657,0.0897303907334126
"gamma_bin_4.50_3.40","gamma_bin","vary_mean",4.5,FALSE,62,0.709565411363515,0.796242304310047,0.17,0.0604024566975991,0.17,0.0600395022745884,0.0866768929465315
"gamma_bin_4.50_3.40","gamma_bin","vary_mean",4.5,FALSE,63,0.717802382251417,0.801993568900409,0.19,0.06286157566594,0.19,0.0624308300866032,0.0841911866489922
"gamma_bin_4.50_3.40","gamma_bin","vary_mean",4.5,FALSE,64,0.725343303375917,0.807744965170795,0.22,0.0647408760806239,0.23,0.0643296671820058,0.082401661794878
"gamma_bin_4.50_3.40","gamma_bin","vary_mean",4.5,FALSE,65,0.732069930484564,0.813433888019074,0.24,0.0655936745261874,0.24,0.065172611905732,0.0813639575345103
"gamma_bin_4.50_3.40","gamma_bin","vary_mean",4.5,FALSE,66,0.737895666769886,0.819041067427099,0.24,0.0651704923528617,0.26,0.0647433198654324,0.0811454006572133
"gamma_bin_4.50_3.40","gamma_bin","vary_mean",4.5,FALSE,67,0.742895958587221,0.82454664669871,0.19,0.0634926446675877,0.23,0.0631004185499647,0.0816506881114888
"gamma_bin_4.50_3.40","gamma_bin","vary_mean",4.5,FALSE,68,0.747278763319657,0.82990548050821,0.17,0.0617381200316213,0.2,0.0613823665700591,0.082626717188553
"gamma_bin_4.50_3.40","gamma_bin","vary_mean",4.5,FALSE,69,0.751271373438236,0.835157576263372,0.18,0.0610195315510992,0.18,0.0606639536104741,0.0838862028251363
"gamma_bin_4.50_3.40","gamma_bin","vary_mean",4.5,FALSE,70,0.755105697598796,0.84023846153543,0.19,0.0616676917628245,0.19,0.0612851932953444,0.0851327639366338
"gamma_bin_4.50_3.40","gamma_bin","vary_mean",4.5,FALSE,71,0.759004827658807,0.845068354671451,0.21,0.0633562068700049,0.24,0.0629441500833331,0.0860635270126443
"gamma_bin_4.50_3.40","gamma_bin","vary_mean",4.5,FALSE,72,0.76317231106088,0.849685985789422,0.21,0.0654971236853721,0.23,0.0651064892210259,0.0865136747285422
"gamma_bin_4.50_3.40","gamma_bin","vary_mean",4.5,FALSE,73,0.767786202417761,0.854123385430924,0.25,0.0674295534408203,0.25,0.0670052113678613,0.0863371830131631
"gamma_bin_4.50_3.40","gamma_bin","vary_mean",4.5,FALSE,74,0.772997638290372,0.858407417928114,0.27,0.0682427471659336,0.26,0.0678349700163834,0.0854097796377415
"gamma_bin_4.50_3.40","gamma_bin","vary_mean",4.5,FALSE,75,0.77893263784533,0.862551232621845,0.29,0.067780705552221,0.29,0.0672678322977553,0.0836185947765146
"gamma_bin_4.50_3.40","gamma_bin","vary_mean",4.5,FALSE,76,0.78568141824908,0.866535840782666,0.3,0.0659053306802372,0.29,0.0654323994360929,0.080854422533586
"gamma_bin_4.50_3.40","gamma_bin","vary_mean",4.5,FALSE,77,0.793148670755028,0.870314230324481,0.3,0.0634992305092567,0.31,0.0631178793001842,0.0771655595694534
"gamma_bin_4.50_3.40","gamma_bin","vary_mean",4.5,FALSE,78,0.801109464577554,0.873892624609318,0.37,0.061942621490291,0.36,0.061609525774947,0.0727831600317635
"gamma_bin_4.50_3.40","gamma_bin","vary_mean",4.5,FALSE,79,0.809317687520099,0.877223008715327,0.41,0.062038846324006,0.41,0.0616602237919297,0.0679053211952281
"gamma_bin_4.50_3.40","gamma_bin","vary_mean",4.5,FALSE,80,0.817518562189946,0.880388657801754,0.48,0.0635437973728244,0.48,0.0631623625816165,0.0628700956118085
"gamma_bin_4.50_3.40","gamma_bin","vary_mean",4.5,FALSE,81,0.825462916255739,0.883438328467838,0.57,0.0658603712759857,0.57,0.0655055071298643,0.0579754122120987
"gamma_bin_4.50_3.40","gamma_bin","vary_mean",4.5,FALSE,82,0.832920079463184,0.886331669956353,0.67,0.0681418140796858,0.7,0.067727072448529,0.0534115904931689
"gamma_bin_4.50_3.40","gamma_bin","vary_mean",4.5,FALSE,83,0.83968668789734,0.889073418254369,0.74,0.0695162265299687,0.74,0.0690991118778377,0.0493867303570286
"gamma_bin_4.50_3.40","gamma_bin","vary_mean",4.5,FALSE,84,0.845591000049052,0.891605039298639,0.77,0.0696002524015156,0.78,0.0691704730545438,0.0460140392495871
"gamma_bin_4.50_3.40","gamma_bin","vary_mean",4.5,FALSE,85,0.850493536894317,0.893871598943652,0.77,0.0682903605334749,0.79,0.0678782765344051,0.0433780620493351
"gamma_bin_4.50_3.40","gamma_bin","vary_mean",4.5,FALSE,86,0.854297533108007,0.895946640529136,0.77,0.0660238115608441,0.76,0.0656142727094574,0.0416491074211287
"gamma_bin_4.50_3.40","gamma_bin","vary_mean",4.5,FALSE,87,0.857044342489846,0.897916339420841,0.75,0.0641166510331908,0.73,0.0637219217905868,0.0408719969309951
"gamma_bin_4.50_3.40","gamma_bin","vary_mean",4.5,FALSE,88,0.858857822167393,0.899790863792506,0.72,0.06356638394935,0.71,0.0632056312255915,0.0409330416251126
"gamma_bin_4.50_3.40","gamma_bin","vary_mean",4.5,FALSE,89,0.859878747666928,0.901731204556156,0.69,0.0645440996947064,0.67,0.0641572988593738,0.0418524568892283
"gamma_bin_4.50_3.40","gamma_bin","vary_mean",4.5,FALSE,90,0.86025311141159,0.903659737300618,0.71,0.0664965052250411,0.68,0.0661021334718799,0.043406625889028
"gamma_bin_4.50_3.40","gamma_bin","vary_mean",4.5,FALSE,91,0.860120701023208,0.905710097672362,0.68,0.0687760923007671,0.69,0.0683570329303965,0.0455893966491536
"gamma_bin_4.50_3.40","gamma_bin","vary_mean",4.5,FALSE,92,0.859606619529194,0.907876039377651,0.68,0.0705215077428137,0.66,0.0700584585586635,0.0482694198484572
"gamma_bin_4.50_3.40","gamma_bin","vary_mean",4.5,FALSE,93,0.8588168361623,0.910207828226482,0.65,0.0710609786496664,0.64,0.0706231859544462,0.0513909920641822
"gamma_bin_4.50_3.40","gamma_bin","vary_mean",4.5,FALSE,94,0.857837212377275,0.912657568298062,0.62,0.0702610787382671,0.62,0.0698326844685588,0.0548203559207868
"gamma_bin_4.50_3.40","gamma_bin","vary_mean",4.5,FALSE,95,0.856734852284735,0.915215007877091,0.52,0.0682419280091378,0.53,0.0678586637670216,0.058480155592356
"gamma_bin_4.50_3.40","gamma_bin","vary_mean",4.5,FALSE,96,0.855586935925609,0.917939243659482,0.46,0.0661869496140264,0.47,0.0658358378889013,0.0623523077338735
"gamma_bin_4.50_3.40","gamma_bin","vary_mean",4.5,FALSE,97,0.854642173312711,0.920906668790872,0.44,0.0653923107772303,0.43,0.065044684347539,0.0662644954781608
"gamma_bin_4.50_3.40","gamma_bin","vary_mean",4.5,FALSE,98,0.854216899337268,0.924062841432178,0.42,0.0662565099438785,0.42,0.0659094179022506,0.0698459420949105
"gamma_bin_4.50_3.40","gamma_bin","vary_mean",4.5,FALSE,99,0.854615196085733,0.927495590068228,0.41,0.0682129106582971,0.39,0.0677934755879793,0.0728803939824955
"gamma_bin_4.50_3.40","gamma_bin","vary_mean",4.5,FALSE,100,0.856123392287051,0.93119205563891,0.42,0.0704931815193914,0.41,0.0700765043995399,0.0750686633518586
"gamma_bin_4.50_3.40","gamma_bin","vary_mean",4.5,FALSE,101,0.859003725920451,0.935220128576368,0.44,0.0722616209114646,0.43,0.0718485257732983,0.076216402655917
"gamma_bin_4.50_3.40","gamma_bin","vary_mean",4.5,FALSE,102,0.863491057515902,0.939487387708524,0.46,0.0731759341485506,0.45,0.0726763143090057,0.0759963301926219
"gamma_bin_4.50_3.40","gamma_bin","vary_mean",4.5,FALSE,103,0.869793786137492,0.943977149631828,0.46,0.0725423318721818,0.44,0.07207094592328,0.0741833634943362
"gamma_bin_4.50_3.40","gamma_bin","vary_mean",4.5,FALSE,104,0.878098070350996,0.948686630730281,0.46,0.0705370896552756,0.48,0.0701336311105538,0.0705885603792855
"gamma_bin_4.50_3.40","gamma_bin","vary_mean",4.5,FALSE,105,0.888573897619543,0.953520286527303,0.5,0.0683093046634802,0.5,0.0679166919816956,0.0649463889077602
"gamma_bin_4.50_3.40","gamma_bin","vary_mean",4.5,FALSE,106,0.901301658370892,0.958447614210627,0.6,0.0671084451133278,0.61,0.0666675672247757,0.0571459558397347
"gamma_bin_4.50_3.40","gamma_bin","vary_mean",4.5,FALSE,107,0.915897849763235,0.963375697685749,0.72,0.0674866881655473,0.72,0.0670839931464206,0.0474778479225141
"gamma_bin_4.50_3.40","gamma_bin","vary_mean",4.5,FALSE,108,0.931781890770312,0.96805179220958,0.75,0.0693914505767097,0.8,0.0689695919720797,0.0362699014392682
"gamma_bin_4.50_3.40","gamma_bin","vary_mean",4.5,FALSE,109,0.964908287444313,0.972362638153578,0.95,0.0721264030036385,0.94,0.0716333243353308,0.00745435070926503
"gamma_bin_4.50_3.40","gamma_bin","vary_mean",4.5,FALSE,110,0.980887218164916,0.976253107732695,0.95,0.0745111741064255,0.95,0.0739605889369611,-0.00463411043222095
"gamma_bin_4.50_3.40","gamma_bin","vary_mean",4.5,FALSE,111,0.995692213942587,0.979692353708213,0.94,0.0758223168954571,0.94,0.07524357070919,-0.0159998602343741
"gamma_bin_4.50_3.40","gamma_bin","vary_mean",4.5,FALSE,112,1.00881666031265,0.982550301378337,0.93,0.0756407322732973,0.92,0.0750645523841039,-0.0262663589343135
"gamma_bin_4.50_3.40","gamma_bin","vary_mean",4.5,FALSE,113,1.01983605940048,0.984812328081617,0.84,0.0740058887752844,0.82,0.0734735730376336,-0.0350237313188628
"gamma_bin_4.50_3.40","gamma_bin","vary_mean",4.5,FALSE,114,1.02841129997895,0.986456376083373,0.74,0.0714394774908381,0.74,0.0709215703946679,-0.0419549238955771
"gamma_bin_4.50_3.40","gamma_bin","vary_mean",4.5,FALSE,115,1.03430371035801,0.987572261871477,0.71,0.0693169729031493,0.72,0.0688591516164918,-0.0467314484865333
"gamma_bin_4.50_3.40","gamma_bin","vary_mean",4.5,FALSE,116,1.03743175161603,0.988203751223482,0.69,0.0687814748883496,0.66,0.0683298749169264,-0.0492280003925477
"gamma_bin_4.50_3.40","gamma_bin","vary_mean",4.5,FALSE,117,1.0378022122009,0.988359278693938,0.72,0.06984799911746,0.69,0.0694038945512504,-0.0494429335069616
"gamma_bin_4.50_3.40","gamma_bin","vary_mean",4.5,FALSE,118,1.03547276308025,0.98813685012418,0.75,0.0716874657292416,0.73,0.0712622871140747,-0.04733591295607
"gamma_bin_4.50_3.40","gamma_bin","vary_mean",4.5,FALSE,119,1.03053550780697,0.987546473390811,0.78,0.073696096798103,0.77,0.0732605148520932,-0.042989034416159
"gamma_bin_4.50_3.40","gamma_bin","vary_mean",4.5,FALSE,120,1.02310221069091,0.986527916248256,0.81,0.0750300820191567,0.79,0.0745454122719968,-0.0365742944426541
"gamma_bin_4.50_3.40","gamma_bin","vary_mean",4.5,FALSE,121,1.01329357541095,0.98511514432249,0.91,0.0750854522504978,0.89,0.0745802843910553,-0.02817843108846
"gamma_bin_4.50_3.40","gamma_bin","vary_mean",4.5,FALSE,122,1.00123289414715,0.983332792187834,0.96,0.0736977815580715,0.95,0.0732309977256818,-0.0179001019593158
"gamma_bin_4.50_3.40","gamma_bin","vary_mean",4.5,FALSE,123,0.987043160294477,0.981256737578961,0.97,0.0711250333247152,0.97,0.070737041037642,-0.00578642271551633
"gamma_bin_4.50_3.40","gamma_bin","vary_mean",4.5,FALSE,124,0.970846430550826,0.978921186618918,0.93,0.0687509984268363,0.93,0.0683804762737045,0.0080747560680916
"gamma_bin_4.50_3.40","gamma_bin","vary_mean",4.5,FALSE,125,0.953001568168985,0.976601084951731,0.85,0.0679631393142424,0.85,0.0676124980802594,0.0235995167827461
"gamma_bin_4.50_3.40","gamma_bin","vary_mean",4.5,FALSE,126,0.934680947695761,0.974551757038874,0.79,0.0688173979232815,0.78,0.0684597972066277,0.0398708093431127
"gamma_bin_4.50_3.40","gamma_bin","vary_mean",4.5,FALSE,127,0.917145793226913,0.972826715793676,0.68,0.0709314745365482,0.67,0.0705382374850363,0.0556809225667634
"gamma_bin_4.50_3.40","gamma_bin","vary_mean",4.5,FALSE,128,0.901530406151582,0.971550839468287,0.53,0.0733919847848732,0.54,0.0729985182465212,0.0700204333167048
"gamma_bin_4.50_3.40","gamma_bin","vary_mean",4.5,FALSE,129,0.888820761331304,0.970870724504784,0.4,0.0752867087048138,0.42,0.0748375584865798,0.08204996317348
"gamma_bin_4.50_3.40","gamma_bin","vary_mean",4.5,FALSE,130,0.879849051096058,0.9707539485592,0.29,0.0758529142605874,0.32,0.0753890035296293,0.0909048974631425
"gamma_bin_4.50_3.40","gamma_bin","vary_mean",4.5,FALSE,131,0.875312502934994,0.971273355089737,0.26,0.0748409537361267,0.29,0.0743525422587393,0.0959608521547431
"gamma_bin_4.50_3.40","gamma_bin","vary_mean",4.5,FALSE,132,0.875810644994376,0.972455844630947,0.26,0.0725066791088643,0.23,0.0719928219905516,0.0966451996365711
"gamma_bin_4.50_3.40","gamma_bin","vary_mean",4.5,FALSE,133,0.881891211117993,0.974283992083846,0.29,0.069748302328489,0.27,0.0692778438537866,0.0923927809658531
"gamma_bin_4.50_3.40","gamma_bin","vary_mean",4.5,FALSE,134,0.894096753734329,0.976540759598813,0.35,0.0680589303673929,0.32,0.0676086848905401,0.0824440058644837
"gamma_bin_4.50_3.40","gamma_bin","vary_mean",4.5,FALSE,135,0.912538889585145,0.978934073064932,0.53,0.0684105313384804,0.54,0.0679455997343528,0.0663951834797871
"gamma_bin_4.50_3.40","gamma_bin","vary_mean",4.5,FALSE,136,0.935968580436848,0.981309780188731,0.74,0.0703249353392336,0.77,0.0698249024889483,0.0453411997518832
"gamma_bin_4.50_3.40","gamma_bin","vary_mean",4.5,FALSE,137,0.962748452443007,0.983513664744509,0.89,0.0729608690946567,0.9,0.0724861378976798,0.020765212301502
"gamma_bin_4.50_3.40","gamma_bin","vary_mean",4.5,FALSE,138,0.991058087015847,0.985409671802503,0.95,0.0753273361788362,0.95,0.0748229918524181,-0.00564841521334436
"gamma_bin_4.50_3.40","gamma_bin","vary_mean",4.5,FALSE,139,1.01894781256074,0.986993229757506,0.87,0.0766394191069729,0.87,0.0761647371101224,-0.0319545828032337
"gamma_bin_4.50_3.40","gamma_bin","vary_mean",4.5,FALSE,140,1.04444932027992,0.988116683483884,0.65,0.0764133096870963,0.63,0.0759167641634941,-0.0563326367960358
"gamma_bin_4.50_3.40","gamma_bin","vary_mean",4.5,FALSE,141,1.0657059122687,0.988807364013263,0.49,0.0745634285725253,0.45,0.0740903329151221,-0.0768985482554367
"gamma_bin_4.50_3.40","gamma_bin","vary_mean",4.5,FALSE,142,1.0810929449843,0.989008584442831,0.33,0.0719217921395158,0.31,0.0714625318307211,-0.0920843605414686
"gamma_bin_4.50_3.40","gamma_bin","vary_mean",4.5,FALSE,143,1.08930930531451,0.988837644403848,0.25,0.0697761074037443,0.22,0.0693628982267825,-0.100471660910662
"gamma_bin_4.50_3.40","gamma_bin","vary_mean",4.5,FALSE,144,1.08943317712892,0.988312905690363,0.24,0.0692945342120058,0.24,0.068804968267967,-0.101120271438558
"gamma_bin_4.50_3.40","gamma_bin","vary_mean",4.5,FALSE,145,1.08148967301391,0.987398907248528,0.31,0.0703851720317548,0.29,0.0698294421457841,-0.094090765765382
"gamma_bin_4.50_3.40","gamma_bin","vary_mean",4.5,FALSE,146,1.067118056924,0.98624693199677,0.43,0.0724490786585187,0.39,0.0719013492724962,-0.08087112492723
"gamma_bin_4.50_3.40","gamma_bin","vary_mean",4.5,FALSE,147,1.04828964020928,0.984862697481483,0.6,0.0747396810264085,0.57,0.0741110988699697,-0.0634269427277969
"gamma_bin_4.50_3.40","gamma_bin","vary_mean",4.5,FALSE,148,1.02693455801449,0.983281129296187,0.78,0.0761150157962338,0.75,0.075530238619443,-0.0436534287183028
"gamma_bin_4.50_3.40","gamma_bin","vary_mean",4.5,FALSE,149,1.00477443375589,0.981463720188994,0.9,0.0761337651049349,0.9,0.0755837255010377,-0.0233107135668961
"gamma_bin_4.50_3.40","gamma_bin","vary_mean",4.5,FALSE,150,0.983222907766779,0.979446704701765,0.96,0.0746900295780748,0.97,0.0741259042673695,-0.00377620306501369
"gamma_bin_4.50_3.40","gamma_bin","vary_mean",4.5,FALSE,151,0.963363940769346,0.977242776034672,0.94,0.072038799194627,0.95,0.071534951825021,0.0138788352653262
"gamma_bin_4.50_3.40","gamma_bin","vary_mean",4.5,FALSE,152,0.945985514931433,0.974888831768832,0.85,0.069390339467496,0.84,0.0689692596383,0.028903316837399
"gamma_bin_4.50_3.40","gamma_bin","vary_mean",4.5,FALSE,153,0.931639698450479,0.972586181143892,0.74,0.068167832340907,0.74,0.0677323451487207,0.0409464826934125
"gamma_bin_4.50_3.40","gamma_bin","vary_mean",4.5,FALSE,154,0.920706027513323,0.970590448179408,0.69,0.0687309499485887,0.68,0.0683269512678947,0.0498844206660846
"gamma_bin_4.50_3.40","gamma_bin","vary_mean",4.5,FALSE,155,0.913287949909382,0.968876920773141,0.63,0.0707248791571949,0.63,0.070315392945242,0.055588970863759
"gamma_bin_4.50_3.40","gamma_bin","vary_mean",4.5,FALSE,156,0.909118262499206,0.967600466134414,0.63,0.0729860480913466,0.63,0.0725742937765829,0.0584822036352078
"gamma_bin_4.50_3.40","gamma_bin","vary_mean",4.5,FALSE,157,0.90786599524967,0.966731219873303,0.63,0.0747563761505954,0.63,0.0743043635488457,0.0588652246236325
"gamma_bin_4.50_3.40","gamma_bin","vary_mean",4.5,FALSE,158,0.909191813449816,0.966404332039057,0.67,0.0753841002952492,0.65,0.0749236561936913,0.0572125185892414
"gamma_bin_4.50_3.40","gamma_bin","vary_mean",4.5,FALSE,159,0.9127706498954,0.966626211117066,0.67,0.0744601955391933,0.67,0.0740259151046145,0.0538555612216658
"gamma_bin_4.50_3.40","gamma_bin","vary_mean",4.5,FALSE,160,0.918310343562916,0.967415839341051,0.7,0.0723348624975258,0.69,0.0718917783639047,0.0491054957781349
"gamma_bin_4.50_3.40","gamma_bin","vary_mean",4.5,FALSE,161,0.925562601543549,0.96870184467745,0.72,0.0698729829932074,0.71,0.0694574293273944,0.0431392431339014
"gamma_bin_4.50_3.40","gamma_bin","vary_mean",4.5,FALSE,162,0.934326617511047,0.970542199682833,0.8,0.0684462210201049,0.78,0.0681018003537,0.0362155821717858
"gamma_bin_4.50_3.40","gamma_bin","vary_mean",4.5,FALSE,163,0.944447396594412,0.972829952562642,0.85,0.0688420957834771,0.84,0.0684413246054596,0.0283825559682301
"gamma_bin_4.50_3.40","gamma_bin","vary_mean",4.5,FALSE,164,0.955808426255688,0.975585339916898,0.9,0.0707895469569041,0.9,0.0703011623168325,0.0197769136612101
"gamma_bin_4.50_3.40","gamma_bin","vary_mean",4.5,FALSE,165,0.968171987055275,0.978840666324316,0.97,0.0733744038469903,0.97,0.0729748795886689,0.0106686792690407
"gamma_bin_4.50_3.40","gamma_bin","vary_mean",4.5,FALSE,166,0.981075418082579,0.982592886116757,0.97,0.075728837543434,0.97,0.0753323247369247,0.00151746803417785
"gamma_bin_4.50_3.40","gamma_bin","vary_mean",4.5,FALSE,167,0.99403776313242,0.986766103675899,0.94,0.0771037090560927,0.95,0.0766693829395161,-0.00727165945652142
"gamma_bin_4.50_3.40","gamma_bin","vary_mean",4.5,FALSE,168,1.00658618871785,0.991368962598934,0.91,0.0771477921875001,0.92,0.0767519258224865,-0.0152172261189155
"gamma_bin_4.50_3.40","gamma_bin","vary_mean",4.5,FALSE,169,1.01827263962082,0.996449907233496,0.89,0.0756502745565108,0.9,0.0752726105627646,-0.0218227323873241
"gamma_bin_4.50_3.40","gamma_bin","vary_mean",4.5,FALSE,170,1.02869207421039,1.00189559340366,0.85,0.073249554242194,0.85,0.0728618346497403,-0.0267964808067265
"gamma_bin_4.50_3.40","gamma_bin","vary_mean",4.5,FALSE,171,1.03749575970787,1.00770990441582,0.84,0.0714295741242746,0.84,0.0709946391918628,-0.0297858552920489
"gamma_bin_4.50_3.40","gamma_bin","vary_mean",4.5,FALSE,172,1.04439766370686,1.01389067582433,0.83,0.0710889923213054,0.82,0.0707046611779796,-0.0305069878825295
"gamma_bin_4.50_3.40","gamma_bin","vary_mean",4.5,FALSE,173,1.04917474480308,1.02036577040172,0.85,0.0724635000679536,0.83,0.0720642246770885,-0.0288089744013578
"gamma_bin_4.50_3.40","gamma_bin","vary_mean",4.5,FALSE,174,1.05167598943045,1.02725880667323,0.84,0.0749020740254448,0.84,0.0745106970298568,-0.0244171827572179
"gamma_bin_4.50_3.40","gamma_bin","vary_mean",4.5,FALSE,175,1.05228684352057,1.03443724932889,0.9,0.077444510312923,0.9,0.077039826620956,-0.0178495941916839
"gamma_bin_4.50_3.40","gamma_bin","vary_mean",4.5,FALSE,176,1.05205037229906,1.04199699217947,0.93,0.0790704345226733,0.93,0.0786420299429113,-0.0100533801195888
"gamma_bin_4.50_3.40","gamma_bin","vary_mean",4.5,FALSE,177,1.05206304074467,1.04987462020687,0.93,0.0793110888194286,0.94,0.0789117425818606,-0.00218842053780133
"gamma_bin_4.50_3.40","gamma_bin","vary_mean",4.5,FALSE,178,1.0533911428065,1.05810389033905,0.94,0.077981441136725,0.94,0.0775690086188658,0.00471274753254969
"gamma_bin_4.50_3.40","gamma_bin","vary_mean",4.5,FALSE,179,1.05702523270082,1.0665845035065,0.94,0.0755594330757355,0.94,0.0751320921239397,0.00955927080568197
"gamma_bin_4.50_3.40","gamma_bin","vary_mean",4.5,FALSE,180,1.06385390304002,1.07508298088505,0.91,0.073488150300042,0.92,0.073099483643748,0.0112290778450255
"gamma_bin_4.50_3.40","gamma_bin","vary_mean",4.5,FALSE,181,1.07466368846286,1.08344814460193,0.92,0.0729307955037943,0.92,0.0725415285558591,0.00878445613906931
"gamma_bin_4.50_3.40","gamma_bin","vary_mean",4.5,FALSE,182,1.09015918537017,1.09142196054702,0.94,0.0743359498495869,0.91,0.0739068447651791,0.00126277517684859
"gamma_bin_4.50_3.40","gamma_bin","vary_mean",4.5,FALSE,183,1.11099415707904,1.09881563755902,0.9,0.077206685150628,0.89,0.0766597788830927,-0.0121785195200159
"gamma_bin_4.50_3.40","gamma_bin","vary_mean",4.5,FALSE,184,1.13776253966062,1.10555899205978,0.89,0.0803704360955675,0.89,0.0797945106123151,-0.0322035476008433
"gamma_bin_4.50_3.40","gamma_bin","vary_mean",4.5,FALSE,185,1.16994138910722,1.11156089437232,0.71,0.0827622077666848,0.7,0.0821690787830327,-0.0583804947348967
"gamma_bin_4.50_3.40","gamma_bin","vary_mean",4.5,FALSE,186,1.20568067952197,1.11674861494107,0.5,0.0836323039680175,0.47,0.0830075970702745,-0.0889320645809022
"gamma_bin_4.50_3.40","gamma_bin","vary_mean",4.5,FALSE,187,1.24280592689739,1.12098514890008,0.18,0.0826969845968685,0.17,0.0820634571914404,-0.12182077799731
"gamma_bin_4.50_3.40","gamma_bin","vary_mean",4.5,FALSE,188,1.27892507759421,1.12420375241203,0.05,0.0800920169398786,0.05,0.0795111015548081,-0.154721325182178
"gamma_bin_4.50_3.40","gamma_bin","vary_mean",4.5,FALSE,189,1.31157809299846,1.12634087888312,0.03,0.0770706917412444,0.03,0.0764469995344734,-0.185237214115344
"gamma_bin_4.50_3.40","gamma_bin","vary_mean",4.5,FALSE,190,1.33842575739913,1.12734697222233,0.01,0.0752296211129721,0.01,0.0746684740907232,-0.211078785176801
"gamma_bin_4.50_3.40","gamma_bin","vary_mean",4.5,FALSE,191,1.35742493987032,1.12723490182552,0.01,0.0753713200885943,0.01,0.0748266524948668,-0.230190038044803
"gamma_bin_4.50_3.40","gamma_bin","vary_mean",4.5,FALSE,192,1.36695842059754,1.126127501345,0.01,0.0770774308372988,0.01,0.0765275667610038,-0.240830919252541
"gamma_bin_4.50_3.40","gamma_bin","vary_mean",4.5,FALSE,193,1.36590703303142,1.12405481124806,0.01,0.0793259346559324,0.01,0.0787244910021284,-0.241852221783362
"gamma_bin_4.50_3.40","gamma_bin","vary_mean",4.5,FALSE,194,1.35374441935837,1.12092702794231,0.01,0.0811624910309473,0.01,0.0805490698694097,-0.232817391416056
"gamma_bin_4.50_3.40","gamma_bin","vary_mean",4.5,FALSE,195,1.33179505256341,1.1168103337763,0.01,0.0817278027044775,0.01,0.0811625862617682,-0.214984718787113
"gamma_bin_4.50_3.40","gamma_bin","vary_mean",4.5,FALSE,196,1.30282908300336,1.11185349739218,0.01,0.0805683969084824,0.01,0.0799546745167401,-0.190975585611179
"gamma_bin_4.50_3.40","gamma_bin","vary_mean",4.5,FALSE,197,1.26962792749398,1.10587655555609,0.02,0.0776762736082806,0.02,0.07717480080374,-0.163751371937894
"gamma_bin_4.50_3.40","gamma_bin","vary_mean",4.5,FALSE,198,1.23470197201586,1.09901577664812,0.04,0.073955588155273,0.04,0.0734961181461411,-0.135686195367743
"gamma_bin_4.50_3.40","gamma_bin","vary_mean",4.5,FALSE,199,1.20012008532359,1.0917066837785,0.16,0.0711366778517723,0.16,0.070752875988908,-0.108413401545095
"gamma_bin_4.50_3.40","gamma_bin","vary_mean",4.5,FALSE,200,1.16745324780638,1.08437570700632,0.35,0.0705298136395826,0.36,0.0701660947317399,-0.0830775408000639
"gamma_bin_4.50_3.40","gamma_bin","vary_mean",4.5,FALSE,201,1.13781324493009,1.07737116280096,0.62,0.0717692358880823,0.62,0.07131172337754,-0.0604420821291283
"gamma_bin_4.50_3.40","gamma_bin","vary_mean",4.5,FALSE,202,1.11194114249594,1.07095555311813,0.82,0.0740734242275052,0.81,0.0736685506074967,-0.0409855893778119
"gamma_bin_4.50_3.40","gamma_bin","vary_mean",4.5,FALSE,203,1.09030738318271,1.06523843725436,0.92,0.0765856816345055,0.93,0.0761099875993004,-0.0250689459283537
"gamma_bin_4.50_3.40","gamma_bin","vary_mean",4.5,FALSE,204,1.07317842503564,1.06035217987773,0.95,0.0781141282531114,0.96,0.0776272912110715,-0.012826245157908
"gamma_bin_4.50_3.40","gamma_bin","vary_mean",4.5,FALSE,205,1.06040347302214,1.0564259509898,0.96,0.0782083506395103,0.96,0.0777702359411698,-0.00397752203233526
"gamma_bin_4.50_3.40","gamma_bin","vary_mean",4.5,FALSE,206,1.05156904168052,1.05358187774418,0.96,0.0768445198430455,0.96,0.0764155690449922,0.00201283606365577
"gamma_bin_4.50_3.40","gamma_bin","vary_mean",4.5,FALSE,207,1.04624950999474,1.05180520713105,0.96,0.0743715153444486,0.96,0.0740194118592883,0.00555569713630555
"gamma_bin_4.50_3.40","gamma_bin","vary_mean",4.5,FALSE,208,1.04403704329192,1.05107923367484,0.95,0.0721156479068507,0.95,0.0717558756592607,0.00704219038291609
"gamma_bin_4.50_3.40","gamma_bin","vary_mean",4.5,FALSE,209,1.0445651521307,1.05154396078422,0.94,0.0714328992041201,0.94,0.0710843602196079,0.00697880865351608
"gamma_bin_4.50_3.40","gamma_bin","vary_mean",4.5,FALSE,210,1.04752392002038,1.05322426116467,0.94,0.0723889557145369,0.93,0.0720689674446718,0.00570034114429308
"gamma_bin_4.50_3.40","gamma_bin","vary_mean",4.5,FALSE,211,1.05266551803821,1.05599979319651,0.95,0.0745608060721294,0.95,0.0741573418263072,0.0033342751582961
"gamma_bin_4.50_3.40","gamma_bin","vary_mean",4.5,FALSE,212,1.0598023103751,1.05993162442115,0.95,0.0770902354106351,0.95,0.0766683059165724,0.000129314046048767
"gamma_bin_4.50_3.40","gamma_bin","vary_mean",4.5,FALSE,213,1.06880062573221,1.06510908899796,0.95,0.0789536456158914,0.96,0.0785110871861117,-0.00369153673425027
"gamma_bin_4.50_3.40","gamma_bin","vary_mean",4.5,FALSE,214,1.0795784696348,1.07143296558539,0.94,0.0794664942389487,0.95,0.079052194035188,-0.00814550404940717
"gamma_bin_4.50_3.40","gamma_bin","vary_mean",4.5,FALSE,215,1.09215111452811,1.07895680260038,0.94,0.0785317589427829,0.95,0.0780900801674032,-0.0131943119277322
"gamma_bin_4.50_3.40","gamma_bin","vary_mean",4.5,FALSE,216,1.10660255202503,1.08767363955025,0.92,0.0761523915361903,0.93,0.0757339361564774,-0.0189289124747842
"gamma_bin_4.50_3.40","gamma_bin","vary_mean",4.5,FALSE,217,1.1230463183655,1.09746414885477,0.88,0.0735107042142649,0.88,0.0731088157065795,-0.0255821695107321
"gamma_bin_4.50_3.40","gamma_bin","vary_mean",4.5,FALSE,218,1.14161803384419,1.1080268143013,0.84,0.0722197920925031,0.83,0.0718138787518437,-0.0335912195428865
"gamma_bin_4.50_3.40","gamma_bin","vary_mean",4.5,FALSE,219,1.16246850453014,1.11887243093293,0.74,0.0728858585679034,0.73,0.072562468130749,-0.0435960735972141
"gamma_bin_4.50_3.40","gamma_bin","vary_mean",4.5,FALSE,220,1.18575867786174,1.12988150282534,0.69,0.0752268372450296,0.67,0.0748188212559081,-0.0558771750364002
"gamma_bin_4.50_3.40","gamma_bin","vary_mean",4.5,FALSE,221,1.21165701983639,1.140799271683,0.61,0.0783259612676449,0.59,0.0778666108881682,-0.070857748153391
"gamma_bin_4.50_3.40","gamma_bin","vary_mean",4.5,FALSE,222,1.24033898455105,1.15142400209189,0.46,0.0811006503432978,0.45,0.0806562020884721,-0.0889149824591562
"gamma_bin_4.50_3.40","gamma_bin","vary_mean",4.5,FALSE,223,1.27198794287079,1.16179395297689,0.32,0.0826946044423752,0.28,0.0821880488589522,-0.1101939898939
"gamma_bin_4.50_3.40","gamma_bin","vary_mean",4.5,FALSE,224,1.30666523446541,1.17174750349178,0.12,0.0825161671227282,0.1,0.0820465631655595,-0.134917730973628
"gamma_bin_4.50_3.40","gamma_bin","vary_mean",4.5,FALSE,225,1.3433530482977,1.18117975723679,0.02,0.0807324575471327,0.02,0.0802690043222487,-0.162173291060907
"gamma_bin_4.50_3.40","gamma_bin","vary_mean",4.5,FALSE,226,1.38038171186225,1.19011961338003,0.01,0.0781741804071637,0.01,0.0776662495324053,-0.19026209848222
"gamma_bin_4.50_3.40","gamma_bin","vary_mean",4.5,FALSE,227,1.41592160258673,1.19833546164369,0.01,0.0764621669344328,0.01,0.0760247168771699,-0.217586140943043
"gamma_bin_4.50_3.40","gamma_bin","vary_mean",4.5,FALSE,228,1.44808142918806,1.20548133966137,0,0.0767730233608959,0,0.0763081915634558,-0.24260008952669
"gamma_bin_4.50_3.40","gamma_bin","vary_mean",4.5,FALSE,229,1.47504730588812,1.21135372771481,0,0.079024154106645,0,0.0785401462442112,-0.263693578173313
"gamma_bin_4.50_3.40","gamma_bin","vary_mean",4.5,FALSE,230,1.49521587906308,1.21576609372628,0,0.0822360345907584,0,0.0816904862013931,-0.279449785336795
"gamma_bin_4.50_3.40","gamma_bin","vary_mean",4.5,FALSE,231,1.50729103953841,1.21876929915781,0,0.0851356129003049,0,0.0845117980624582,-0.288521740380597
"gamma_bin_4.50_3.40","gamma_bin","vary_mean",4.5,FALSE,232,1.51033534857617,1.22025726720715,0,0.0866743992222231,0,0.0859642120848533,-0.29007808136902
"gamma_bin_4.50_3.40","gamma_bin","vary_mean",4.5,FALSE,233,1.50378097074586,1.22018021689458,0,0.0862413006681768,0,0.0855781409536052,-0.283600753851279
"gamma_bin_4.50_3.40","gamma_bin","vary_mean",4.5,FALSE,234,1.48764960471254,1.21854477574589,0,0.0838510831934204,0,0.0832657127532078,-0.269104828966647
"gamma_bin_4.50_3.40","gamma_bin","vary_mean",4.5,FALSE,235,1.46373241708909,1.21522127391588,0,0.0801201622741278,0,0.0796560939393297,-0.248511143173214
"gamma_bin_4.50_3.40","gamma_bin","vary_mean",4.5,FALSE,236,1.43448143272486,1.21051338028603,0.01,0.0769814463446012,0,0.0765218724556233,-0.223968052438825
"gamma_bin_4.50_3.40","gamma_bin","vary_mean",4.5,FALSE,237,1.40223769952072,1.20486191354842,0.01,0.075712710694361,0.01,0.0752764311979643,-0.197375785972302
"gamma_bin_4.50_3.40","gamma_bin","vary_mean",4.5,FALSE,238,1.36905513115977,1.19862483336351,0.02,0.0765057222226302,0.02,0.0760732819525188,-0.170430297796256
"gamma_bin_4.50_3.40","gamma_bin","vary_mean",4.5,FALSE,239,1.33659069308879,1.19202075624591,0.08,0.0785578881991861,0.07,0.0781059550253331,-0.144569936842875
"gamma_bin_4.50_3.40","gamma_bin","vary_mean",4.5,FALSE,240,1.30608415861083,1.18520972545874,0.19,0.0809030279966282,0.17,0.0804103696918451,-0.120874433152088
"gamma_bin_4.50_3.40","gamma_bin","vary_mean",4.5,FALSE,241,1.27840456713347,1.17827589994283,0.37,0.0826453737929566,0.34,0.0821762054745967,-0.100128667190639
"gamma_bin_4.50_3.40","gamma_bin","vary_mean",4.5,FALSE,242,1.25412742548082,1.171308043062,0.47,0.0835234697973706,0.48,0.08306908952272,-0.0828193824188208
"gamma_bin_4.50_3.40","gamma_bin","vary_mean",4.5,FALSE,243,1.23361554311767,1.16436397262347,0.65,0.0836431329547712,0.65,0.0831218507589889,-0.0692515704941996
"gamma_bin_4.50_3.40","gamma_bin","vary_mean",4.5,FALSE,244,1.21706403589592,1.15728819587755,0.73,0.0838619141149523,0.72,0.0833311273558269,-0.0597758400183699
"gamma_bin_4.50_3.40","gamma_bin","vary_mean",4.5,FALSE,245,1.20445667363505,1.15032901857015,0.77,0.0856114138030298,0.74,0.0851312128429919,-0.0541276550649035
"gamma_bin_4.50_3.40","gamma_bin","vary_mean",4.5,FALSE,246,1.19569657050359,1.14368034574159,0.81,0.0903456333099211,0.77,0.0898068533810559,-0.0520162247619964
"gamma_bin_4.50_3.40","gamma_bin","vary_mean",4.5,FALSE,247,1.19067334691389,1.13738550065489,0.84,0.0980272890442457,0.81,0.0974751010922573,-0.0532878462590003
"gamma_bin_4.50_3.40","gamma_bin","vary_mean",4.5,FALSE,248,1.1892846905786,1.13161979399286,0.85,0.10811258100264,0.84,0.107434883308034,-0.057664896585736
"gamma_bin_4.50_3.40","gamma_bin","vary_mean",4.5,FALSE,249,1.1914521017446,1.12650152578856,0.89,0.119660883755338,0.85,0.119010487619445,-0.0649505759560429
"gamma_bin_4.50_3.40","gamma_bin","vary_mean",4.5,FALSE,250,1.19713021020468,1.12192892788556,0.89,0.132102724571522,0.89,0.131342143197707,-0.075201282319121
"gamma_bin_4.50_3.40","gamma_bin","vary_mean",4.5,FALSE,251,1.20631090184647,1.11791906776883,0.87,0.144830514814519,0.86,0.14400146267309,-0.0883918340776408
"gamma_bin_4.50_3.40","gamma_bin","vary_mean",4.5,FALSE,252,1.21902415582724,1.11448964323087,0.86,0.158107806791228,0.84,0.157144244644648,-0.104534512596369
"gamma_bin_4.50_3.40","gamma_bin","vary_mean",4.5,FALSE,253,1.23533724681924,1.11169310960283,0.82,0.172314588563733,0.8,0.171188291240803,-0.123644137216408
"gamma_bin_6.00_3.40","gamma_bin","vary_mean",6,FALSE,2,6.47633271060018,NA,NA,NA,NA,NA,NA
"gamma_bin_6.00_3.40","gamma_bin","vary_mean",6,FALSE,3,5.39748004467528,NA,NA,NA,NA,NA,NA
"gamma_bin_6.00_3.40","gamma_bin","vary_mean",6,FALSE,4,4.52153259075373,4.13961567895919,0.53,0.379716478733553,0.47,0.377111937505932,-0.381916911794543
"gamma_bin_6.00_3.40","gamma_bin","vary_mean",6,FALSE,5,3.81075688710478,2.69082722589222,0,0.291594098070618,0,0.289705892539284,-1.11992966121256
"gamma_bin_6.00_3.40","gamma_bin","vary_mean",6,FALSE,6,3.23384975678135,2.02148308902239,0,0.244162367485636,0,0.242501125986733,-1.21236666775896
"gamma_bin_6.00_3.40","gamma_bin","vary_mean",6,FALSE,7,2.76512519694591,1.6618680200539,0,0.2146413985106,0,0.213318650204207,-1.103257176892
"gamma_bin_6.00_3.40","gamma_bin","vary_mean",6,FALSE,8,2.38350063829982,1.44964200121054,0,0.193850786321942,0,0.192558271155104,-0.933858637089279
"gamma_bin_6.00_3.40","gamma_bin","vary_mean",6,FALSE,9,2.07220990816182,1.31607670163584,0,0.177026213744779,0,0.175847282107902,-0.756133206525976
"gamma_bin_6.00_3.40","gamma_bin","vary_mean",6,FALSE,10,1.8180094782711,1.22795184537189,0,0.161906821706093,0,0.160877258373788,-0.590057632899206
"gamma_bin_6.00_3.40","gamma_bin","vary_mean",6,FALSE,11,1.61045019265924,1.16736117800022,0,0.147469406944046,0,0.146628690245513,-0.443089014659022
"gamma_bin_6.00_3.40","gamma_bin","vary_mean",6,FALSE,12,1.44129331371926,1.12411492117869,0.01,0.13412249685594,0,0.133389920538998,-0.31717839254057
"gamma_bin_6.00_3.40","gamma_bin","vary_mean",6,FALSE,13,1.30405110997497,1.09192911032367,0.07,0.122851063502289,0.08,0.122154882895748,-0.212121999651304
"gamma_bin_6.00_3.40","gamma_bin","vary_mean",6,FALSE,14,1.1936337473603,1.06677405946547,0.42,0.114318892735604,0.44,0.113658835035921,-0.126859687894829
"gamma_bin_6.00_3.40","gamma_bin","vary_mean",6,FALSE,15,1.10608275580624,1.04638397961399,0.86,0.108336398555082,0.85,0.107705789182721,-0.0596987761922492
"gamma_bin_6.00_3.40","gamma_bin","vary_mean",6,FALSE,16,1.03836845094092,1.02887898551158,0.94,0.104612890125137,0.94,0.103913073974191,-0.00948946542933982
"gamma_bin_6.00_3.40","gamma_bin","vary_mean",6,FALSE,17,0.987514418464918,1.01335480498221,0.96,0.101776712385292,0.96,0.101094526953286,0.0258403865172931
"gamma_bin_6.00_3.40","gamma_bin","vary_mean",6,FALSE,18,0.94985341422689,0.999153935285402,0.87,0.0991003331244534,0.89,0.0983006743637783,0.0493005210585122
"gamma_bin_6.00_3.40","gamma_bin","vary_mean",6,FALSE,19,0.922342058412537,0.985701049772303,0.74,0.09551956263969,0.78,0.0947904766188912,0.0633589913597663
"gamma_bin_6.00_3.40","gamma_bin","vary_mean",6,FALSE,20,0.902533145800087,0.97262883581859,0.66,0.0909288848741405,0.66,0.090233092040975,0.0700956900185032
"gamma_bin_6.00_3.40","gamma_bin","vary_mean",6,FALSE,21,0.888443579660898,0.959658065551539,0.59,0.085797440861235,0.63,0.0851666606846324,0.0712144858906408
"gamma_bin_6.00_3.40","gamma_bin","vary_mean",6,FALSE,22,0.878474950045775,0.946793965347766,0.61,0.0816356758366783,0.6,0.0810624404207414,0.0683190153019907
"gamma_bin_6.00_3.40","gamma_bin","vary_mean",6,FALSE,23,0.871353706634507,0.933942802423105,0.62,0.0795264213666191,0.62,0.078989823757952,0.062589095788598
"gamma_bin_6.00_3.40","gamma_bin","vary_mean",6,FALSE,24,0.866079695774009,0.921118043224453,0.65,0.0795326506132558,0.69,0.0789550960213124,0.0550383474504437
"gamma_bin_6.00_3.40","gamma_bin","vary_mean",6,FALSE,25,0.861880113955128,0.908417264666503,0.74,0.0809717974945405,0.76,0.0804312589472933,0.0465371507113753
"gamma_bin_6.00_3.40","gamma_bin","vary_mean",6,FALSE,26,0.858167576978305,0.89592408929974,0.79,0.0827529659752022,0.85,0.0821659581682449,0.0377565123214351
"gamma_bin_6.00_3.40","gamma_bin","vary_mean",6,FALSE,27,0.854446587171991,0.883507383818169,0.93,0.0838152867251855,0.94,0.0831821910661897,0.0290607966461779
"gamma_bin_6.00_3.40","gamma_bin","vary_mean",6,FALSE,28,0.850242530612154,0.871259481062106,0.97,0.0832231902785105,0.97,0.0826064859521037,0.0210169504499522
"gamma_bin_6.00_3.40","gamma_bin","vary_mean",6,FALSE,29,0.845168044117022,0.859122882508242,0.97,0.0810109520109215,0.97,0.0803504911635665,0.0139548383912205
"gamma_bin_6.00_3.40","gamma_bin","vary_mean",6,FALSE,30,0.838916821827613,0.847088292086035,0.98,0.0773937478036532,0.98,0.0768315086034126,0.00817147025842191
"gamma_bin_6.00_3.40","gamma_bin","vary_mean",6,FALSE,31,0.83125458603177,0.835206901730567,0.98,0.0738960925616268,0.97,0.0734075206556137,0.00395231569879662
"gamma_bin_6.00_3.40","gamma_bin","vary_mean",6,FALSE,32,0.822012955905288,0.823476131947889,0.98,0.0716572323806517,0.98,0.0712125157314974,0.00146317604260104
"gamma_bin_6.00_3.40","gamma_bin","vary_mean",6,FALSE,33,0.811083441801087,0.811980417630101,0.98,0.0712597392124627,0.99,0.0707509410091025,0.000896975829014046
"gamma_bin_6.00_3.40","gamma_bin","vary_mean",6,FALSE,34,0.798410706391415,0.800812038783343,0.98,0.0722191639157948,0.98,0.0717544965269141,0.00240133239192841
"gamma_bin_6.00_3.40","gamma_bin","vary_mean",6,FALSE,35,0.783985284249482,0.789808818721709,1,0.0737867134809985,0.99,0.0733075204382793,0.00582353447222683
"gamma_bin_6.00_3.40","gamma_bin","vary_mean",6,FALSE,36,0.767842249776292,0.779141073236353,0.98,0.0750624844182351,1,0.0744762897395861,0.0112988234600606
"gamma_bin_6.00_3.40","gamma_bin","vary_mean",6,FALSE,37,0.750320099865667,0.768755713500182,0.98,0.0751474559610071,0.99,0.0745810128735955,0.0184356136345147
"gamma_bin_6.00_3.40","gamma_bin","vary_mean",6,FALSE,38,0.732127511283489,0.758652126305348,0.91,0.0739790850451858,0.93,0.0734311652375573,0.0265246150218593
"gamma_bin_6.00_3.40","gamma_bin","vary_mean",6,FALSE,39,0.713945546467747,0.748835577105832,0.84,0.0715311577409964,0.84,0.0710453102430348,0.034890030638085
"gamma_bin_6.00_3.40","gamma_bin","vary_mean",6,FALSE,40,0.696377644387645,0.739451667273484,0.75,0.0686917284310863,0.75,0.0682303441541722,0.0430740228858392
"gamma_bin_6.00_3.40","gamma_bin","vary_mean",6,FALSE,41,0.679931575981829,0.730557865267026,0.71,0.0664829465892705,0.67,0.066007382009054,0.0506262892851972
"gamma_bin_6.00_3.40","gamma_bin","vary_mean",6,FALSE,42,0.665012401557135,0.722303867765512,0.6,0.0655401190029364,0.61,0.0651409712382639,0.0572914662083767
"gamma_bin_6.00_3.40","gamma_bin","vary_mean",6,FALSE,43,0.65192842067752,0.714992395527928,0.51,0.0659069843174419,0.52,0.0654621187689313,0.0630639748504082
"gamma_bin_6.00_3.40","gamma_bin","vary_mean",6,FALSE,44,0.640906266957601,0.70863858610826,0.47,0.0672123373080606,0.46,0.0667800206835815,0.0677323191506585
"gamma_bin_6.00_3.40","gamma_bin","vary_mean",6,FALSE,45,0.632110069284813,0.703217740343074,0.43,0.0686611145407297,0.46,0.0682659459732501,0.0711076710582614
"gamma_bin_6.00_3.40","gamma_bin","vary_mean",6,FALSE,46,0.625656360123327,0.698826446023042,0.44,0.0696148332813304,0.44,0.0692254583571813,0.0731700858997154
"gamma_bin_6.00_3.40","gamma_bin","vary_mean",6,FALSE,47,0.621502273809677,0.695537850216314,0.43,0.0695475180109776,0.44,0.06911741565831,0.0740355764066373
"gamma_bin_6.00_3.40","gamma_bin","vary_mean",6,FALSE,48,0.619441171957512,0.693362612749106,0.39,0.0682140389250431,0.38,0.0678293622977706,0.0739214407915936
"gamma_bin_6.00_3.40","gamma_bin","vary_mean",6,FALSE,49,0.619256488578844,0.692190152840008,0.36,0.0661644495331715,0.36,0.065771791515147,0.0729336642611641
"gamma_bin_6.00_3.40","gamma_bin","vary_mean",6,FALSE,50,0.620736004042686,0.69204342394109,0.36,0.0644041212158865,0.36,0.0640243917843901,0.0713074198984041
"gamma_bin_6.00_3.40","gamma_bin","vary_mean",6,FALSE,51,0.623679916186844,0.692860344945079,0.38,0.0637526116137956,0.38,0.0633704215689578,0.0691804287582349
"gamma_bin_6.00_3.40","gamma_bin","vary_mean",6,FALSE,52,0.627908213332621,0.694494312648082,0.43,0.0647013757196223,0.43,0.0642387122864652,0.0665860993154612
"gamma_bin_6.00_3.40","gamma_bin","vary_mean",6,FALSE,53,0.633265384812971,0.696915746828736,0.46,0.0666607820142393,0.5,0.0661320501775115,0.063650362015765
"gamma_bin_6.00_3.40","gamma_bin","vary_mean",6,FALSE,54,0.639622221613428,0.70006764887842,0.53,0.0691397871583811,0.53,0.0685904586917765,0.0604454272649922
"gamma_bin_6.00_3.40","gamma_bin","vary_mean",6,FALSE,55,0.646875295241765,0.703896674659087,0.6,0.0712917333887595,0.64,0.0707581154429147,0.0570213794173219
"gamma_bin_6.00_3.40","gamma_bin","vary_mean",6,FALSE,56,0.654940797889892,0.708351472929634,0.69,0.0723313570438557,0.71,0.0717765180209225,0.0534106750397423
"gamma_bin_6.00_3.40","gamma_bin","vary_mean",6,FALSE,57,0.663667548235467,0.713377268796766,0.72,0.0720462500356453,0.75,0.0714926089122451,0.0497097205612993
"gamma_bin_6.00_3.40","gamma_bin","vary_mean",6,FALSE,58,0.67283196893338,0.719001136639888,0.76,0.0706508875694585,0.77,0.0700751101215285,0.0461691677065076
"gamma_bin_6.00_3.40","gamma_bin","vary_mean",6,FALSE,59,0.682212593504884,0.725087844423579,0.76,0.0688601132745736,0.77,0.0683964854657413,0.0428752509186946
"gamma_bin_6.00_3.40","gamma_bin","vary_mean",6,FALSE,60,0.691594549334227,0.731501436531736,0.76,0.0678531743796172,0.79,0.0674251651612619,0.039906887197509
"gamma_bin_6.00_3.40","gamma_bin","vary_mean",6,FALSE,61,0.700774343176902,0.738154567217971,0.81,0.0682447448992315,0.8,0.0678205989963478,0.0373802240410693
"gamma_bin_6.00_3.40","gamma_bin","vary_mean",6,FALSE,62,0.709565411363515,0.744971776203464,0.82,0.0701417475913182,0.81,0.0697262374841656,0.0354063648399492
"gamma_bin_6.00_3.40","gamma_bin","vary_mean",6,FALSE,63,0.717802382251417,0.75187231958415,0.82,0.0728011687830368,0.82,0.0723421961077537,0.0340699373327324
"gamma_bin_6.00_3.40","gamma_bin","vary_mean",6,FALSE,64,0.725343303375917,0.758875914254828,0.84,0.0753454973593146,0.85,0.0747560636442822,0.0335326108789106
"gamma_bin_6.00_3.40","gamma_bin","vary_mean",6,FALSE,65,0.732069930484564,0.765781122912007,0.85,0.0767765298154804,0.86,0.0762270482141486,0.0337111924274432
"gamma_bin_6.00_3.40","gamma_bin","vary_mean",6,FALSE,66,0.737895666769886,0.772591493881099,0.86,0.0768532064606169,0.86,0.0762891575843009,0.0346958271112126
"gamma_bin_6.00_3.40","gamma_bin","vary_mean",6,FALSE,67,0.742895958587221,0.779258113971454,0.85,0.0753924882730778,0.86,0.0748769657807679,0.0363621553842333
"gamma_bin_6.00_3.40","gamma_bin","vary_mean",6,FALSE,68,0.747278763319657,0.785753544321053,0.81,0.0734044429953602,0.82,0.0729836630304814,0.0384747810013956
"gamma_bin_6.00_3.40","gamma_bin","vary_mean",6,FALSE,69,0.751271373438236,0.792062842864356,0.81,0.0722517157325947,0.82,0.0718390620691467,0.0407914694261199
"gamma_bin_6.00_3.40","gamma_bin","vary_mean",6,FALSE,70,0.755105697598796,0.798180078956397,0.79,0.0725645083069526,0.8,0.0720794722265198,0.043074381357601
"gamma_bin_6.00_3.40","gamma_bin","vary_mean",6,FALSE,71,0.759004827658807,0.804090556001343,0.77,0.0743448843223807,0.78,0.073882748795111,0.0450857283425359
"gamma_bin_6.00_3.40","gamma_bin","vary_mean",6,FALSE,72,0.76317231106088,0.809818314966509,0.8,0.0770302649280867,0.8,0.0765643359812568,0.0466460039056286
"gamma_bin_6.00_3.40","gamma_bin","vary_mean",6,FALSE,73,0.767786202417761,0.815365909631005,0.81,0.0797065317546032,0.79,0.0791730789058846,0.0475797072132438
"gamma_bin_6.00_3.40","gamma_bin","vary_mean",6,FALSE,74,0.772997638290372,0.820748727046417,0.8,0.0815283586062512,0.8,0.0809569150229159,0.0477510887560446
"gamma_bin_6.00_3.40","gamma_bin","vary_mean",6,FALSE,75,0.77893263784533,0.825891876101712,0.8,0.08193333482646,0.82,0.0813299573427725,0.0469592382563817
"gamma_bin_6.00_3.40","gamma_bin","vary_mean",6,FALSE,76,0.78568141824908,0.830869236156965,0.82,0.0808175250925345,0.84,0.0802223376671966,0.0451878179078845
"gamma_bin_6.00_3.40","gamma_bin","vary_mean",6,FALSE,77,0.793148670755028,0.835497545634218,0.81,0.078716999126844,0.83,0.0781593914415371,0.0423488748791903
"gamma_bin_6.00_3.40","gamma_bin","vary_mean",6,FALSE,78,0.801109464577554,0.839929337306198,0.84,0.0769279531107864,0.83,0.0763579401313366,0.0388198727286441
"gamma_bin_6.00_3.40","gamma_bin","vary_mean",6,FALSE,79,0.809317687520099,0.844166563432599,0.85,0.0762815596056199,0.87,0.0757135682101052,0.0348488759124997
"gamma_bin_6.00_3.40","gamma_bin","vary_mean",6,FALSE,80,0.817518562189946,0.848151057736668,0.88,0.0771789064750248,0.89,0.0766672363136316,0.0306324955467221
"gamma_bin_6.00_3.40","gamma_bin","vary_mean",6,FALSE,81,0.825462916255739,0.851982698144743,0.93,0.0794256362934124,0.94,0.0788713505160038,0.0265197818890041
"gamma_bin_6.00_3.40","gamma_bin","vary_mean",6,FALSE,82,0.832920079463184,0.85559360332912,0.94,0.0818990918915774,0.97,0.0813169713786803,0.0226735238659358
"gamma_bin_6.00_3.40","gamma_bin","vary_mean",6,FALSE,83,0.83968668789734,0.858977457238619,0.98,0.0837429198708936,0.98,0.0831838405022844,0.0192907693412787
"gamma_bin_6.00_3.40","gamma_bin","vary_mean",6,FALSE,84,0.845591000049052,0.862131577379734,0.98,0.0843315892929139,0.98,0.0837815672719786,0.016540577330682
"gamma_bin_6.00_3.40","gamma_bin","vary_mean",6,FALSE,85,0.850493536894317,0.865013173676424,0.96,0.0833548314414304,0.97,0.0828109171261951,0.0145196367821069
"gamma_bin_6.00_3.40","gamma_bin","vary_mean",6,FALSE,86,0.854297533108007,0.867609972259423,0.96,0.0811703711577499,0.94,0.0807006397313664,0.0133124391514159
"gamma_bin_6.00_3.40","gamma_bin","vary_mean",6,FALSE,87,0.857044342489846,0.86994954632771,0.94,0.0790311839686412,0.94,0.0785589853348829,0.012905203837864
"gamma_bin_6.00_3.40","gamma_bin","vary_mean",6,FALSE,88,0.858857822167393,0.872242326004229,0.93,0.0779915871539511,0.94,0.0775593287091554,0.0133845038368363
"gamma_bin_6.00_3.40","gamma_bin","vary_mean",6,FALSE,89,0.859878747666928,0.874605545575119,0.92,0.0789371927939066,0.93,0.0783796196310558,0.0147267979081906
"gamma_bin_6.00_3.40","gamma_bin","vary_mean",6,FALSE,90,0.86025311141159,0.876942051156452,0.92,0.0811965691014533,0.92,0.080567157241945,0.0166889397448615
"gamma_bin_6.00_3.40","gamma_bin","vary_mean",6,FALSE,91,0.860120701023208,0.879339881441399,0.93,0.0839455689803211,0.92,0.0833563564394261,0.0192191804181908
"gamma_bin_6.00_3.40","gamma_bin","vary_mean",6,FALSE,92,0.859606619529194,0.88187348869182,0.94,0.0863813279518177,0.94,0.0857999152085997,0.0222668691626264
"gamma_bin_6.00_3.40","gamma_bin","vary_mean",6,FALSE,93,0.8588168361623,0.884597429498026,0.93,0.0877546393730522,0.93,0.0871069393851831,0.0257805933357265
"gamma_bin_6.00_3.40","gamma_bin","vary_mean",6,FALSE,94,0.857837212377275,0.887549648363625,0.9,0.0874189767502355,0.93,0.0868286893526053,0.02971243598635
"gamma_bin_6.00_3.40","gamma_bin","vary_mean",6,FALSE,95,0.856734852284735,0.890677049298238,0.86,0.0855171427644301,0.86,0.0849525306397449,0.0339421970135033
"gamma_bin_6.00_3.40","gamma_bin","vary_mean",6,FALSE,96,0.855586935925609,0.893959030066938,0.83,0.083134254724273,0.84,0.0825494903017511,0.0383720941413286
"gamma_bin_6.00_3.40","gamma_bin","vary_mean",6,FALSE,97,0.854642173312711,0.897617020106,0.81,0.0817036889954649,0.8,0.0811741869845964,0.0429748467932892
"gamma_bin_6.00_3.40","gamma_bin","vary_mean",6,FALSE,98,0.854216899337268,0.901471743765031,0.76,0.082052113699705,0.78,0.081492104854008,0.0472548444277633
"gamma_bin_6.00_3.40","gamma_bin","vary_mean",6,FALSE,99,0.854615196085733,0.905565375524036,0.71,0.0839250147008684,0.73,0.0833545036011744,0.0509501794383033
"gamma_bin_6.00_3.40","gamma_bin","vary_mean",6,FALSE,100,0.856123392287051,0.910094377168174,0.7,0.0868192563303415,0.73,0.0862364889458817,0.0539709848811233
"gamma_bin_6.00_3.40","gamma_bin","vary_mean",6,FALSE,101,0.859003725920451,0.914985588241702,0.73,0.0897862670130356,0.76,0.0891853830110643,0.0559818623212506
"gamma_bin_6.00_3.40","gamma_bin","vary_mean",6,FALSE,102,0.863491057515902,0.920233083399169,0.73,0.0917166031199554,0.77,0.0910744092451802,0.056742025883267
"gamma_bin_6.00_3.40","gamma_bin","vary_mean",6,FALSE,103,0.869793786137492,0.92586596446591,0.75,0.0919487040142254,0.76,0.0912978114242247,0.0560721783284178
"gamma_bin_6.00_3.40","gamma_bin","vary_mean",6,FALSE,104,0.878098070350996,0.931770055786158,0.75,0.0906251530463656,0.77,0.0899453216252787,0.0536719854351623
"gamma_bin_6.00_3.40","gamma_bin","vary_mean",6,FALSE,105,0.888573897619543,0.938150646034912,0.76,0.0880606372373007,0.76,0.0874328382196148,0.0495767484153691
"gamma_bin_6.00_3.40","gamma_bin","vary_mean",6,FALSE,106,0.901301658370892,0.944664901803462,0.78,0.0859128830444003,0.79,0.0853215006709058,0.0433632434325699
"gamma_bin_6.00_3.40","gamma_bin","vary_mean",6,FALSE,107,0.915897849763235,0.95106684500487,0.8,0.0856216759888661,0.83,0.0850005454725413,0.0351689952416354
"gamma_bin_6.00_3.40","gamma_bin","vary_mean",6,FALSE,108,0.931781890770312,0.957292288603438,0.9,0.0873079508413319,0.9,0.0865906998581654,0.025510397833126
"gamma_bin_6.00_3.40","gamma_bin","vary_mean",6,FALSE,109,0.964908287444313,0.963075936238207,0.94,0.0903291465300983,0.94,0.0895952988398351,-0.00183235120610592
"gamma_bin_6.00_3.40","gamma_bin","vary_mean",6,FALSE,110,0.980887218164916,0.968289830208981,0.93,0.0935201859025531,0.94,0.0927849073547648,-0.0125973879559349
"gamma_bin_6.00_3.40","gamma_bin","vary_mean",6,FALSE,111,0.995692213942587,0.972927475303515,0.95,0.0958378871697636,0.94,0.0950345770540831,-0.0227647386390722
"gamma_bin_6.00_3.40","gamma_bin","vary_mean",6,FALSE,112,1.00881666031265,0.976828551427616,0.92,0.0965592877152651,0.93,0.0957106363375116,-0.0319881088850336
"gamma_bin_6.00_3.40","gamma_bin","vary_mean",6,FALSE,113,1.01983605940048,0.980037383785129,0.85,0.0951196176338367,0.87,0.0943833290407001,-0.0397986756153507
"gamma_bin_6.00_3.40","gamma_bin","vary_mean",6,FALSE,114,1.02841129997895,0.982497338608053,0.81,0.0922382206242406,0.79,0.0915837971612,-0.0459139613708968
"gamma_bin_6.00_3.40","gamma_bin","vary_mean",6,FALSE,115,1.03430371035801,0.984147521616249,0.79,0.0893964153203047,0.76,0.088785334246737,-0.0501561887417609
"gamma_bin_6.00_3.40","gamma_bin","vary_mean",6,FALSE,116,1.03743175161603,0.985060653240048,0.76,0.0882535545804617,0.73,0.0875995237281015,-0.0523710983759819
"gamma_bin_6.00_3.40","gamma_bin","vary_mean",6,FALSE,117,1.0378022122009,0.985336782117925,0.79,0.0891519245125835,0.76,0.0884324114163092,-0.0524654300829754
"gamma_bin_6.00_3.40","gamma_bin","vary_mean",6,FALSE,118,1.03547276308025,0.985054118028293,0.81,0.0914848362556044,0.81,0.0908775566803445,-0.0504186450519575
"gamma_bin_6.00_3.40","gamma_bin","vary_mean",6,FALSE,119,1.03053550780697,0.984297763946902,0.84,0.0943990095086816,0.82,0.0937204856357276,-0.0462377438600677
"gamma_bin_6.00_3.40","gamma_bin","vary_mean",6,FALSE,120,1.02310221069091,0.983083372195523,0.88,0.0967122763061931,0.86,0.095957470183039,-0.040018838495387
"gamma_bin_6.00_3.40","gamma_bin","vary_mean",6,FALSE,121,1.01329357541095,0.981397085698934,0.91,0.0975073546963856,0.9,0.096815633778274,-0.0318964897120163
"gamma_bin_6.00_3.40","gamma_bin","vary_mean",6,FALSE,122,1.00123289414715,0.979277951521166,0.94,0.0963654825420855,0.94,0.0957007994665497,-0.0219549426259843
"gamma_bin_6.00_3.40","gamma_bin","vary_mean",6,FALSE,123,0.987043160294477,0.97682601124142,0.96,0.0934769521591537,0.97,0.0928309689633296,-0.010217149053057
"gamma_bin_6.00_3.40","gamma_bin","vary_mean",6,FALSE,124,0.970846430550826,0.97411438935533,0.96,0.0902762798390186,0.97,0.0896548833261854,0.00326795880450348
"gamma_bin_6.00_3.40","gamma_bin","vary_mean",6,FALSE,125,0.953001568168985,0.971364168801348,0.9,0.0880333910324127,0.92,0.0874254601716771,0.0183626006323626
"gamma_bin_6.00_3.40","gamma_bin","vary_mean",6,FALSE,126,0.934680947695761,0.968791532537028,0.84,0.087667396528755,0.86,0.0870393153761198,0.0341105848412671
"gamma_bin_6.00_3.40","gamma_bin","vary_mean",6,FALSE,127,0.917145793226913,0.966581479705343,0.81,0.08919502972491,0.79,0.0886753364766231,0.0494356864784299
"gamma_bin_6.00_3.40","gamma_bin","vary_mean",6,FALSE,128,0.901530406151582,0.964951230960007,0.73,0.0918416487130736,0.73,0.0912057137278639,0.0634208248084254
"gamma_bin_6.00_3.40","gamma_bin","vary_mean",6,FALSE,129,0.888820761331304,0.963871338429426,0.66,0.0943368037122781,0.65,0.0936815833866174,0.0750505770981215
"gamma_bin_6.00_3.40","gamma_bin","vary_mean",6,FALSE,130,0.879849051096058,0.963515650215978,0.6,0.095811454997179,0.62,0.0951365994061411,0.0836665991199201
"gamma_bin_6.00_3.40","gamma_bin","vary_mean",6,FALSE,131,0.875312502934994,0.963969818316096,0.57,0.095683816352976,0.56,0.0949851917647883,0.0886573153811024
"gamma_bin_6.00_3.40","gamma_bin","vary_mean",6,FALSE,132,0.875810644994376,0.965172463926521,0.56,0.0937736521431501,0.56,0.0931220508392132,0.0893618189321452
"gamma_bin_6.00_3.40","gamma_bin","vary_mean",6,FALSE,133,0.881891211117993,0.967133395151011,0.58,0.0907950939295725,0.61,0.0901312140834064,0.0852421840330178
"gamma_bin_6.00_3.40","gamma_bin","vary_mean",6,FALSE,134,0.894096753734329,0.969630124291682,0.64,0.088104425446385,0.64,0.087481593691357,0.0755333705573532
"gamma_bin_6.00_3.40","gamma_bin","vary_mean",6,FALSE,135,0.912538889585145,0.972447603304368,0.72,0.0872247021893457,0.73,0.0866447585181431,0.0599087137192229
"gamma_bin_6.00_3.40","gamma_bin","vary_mean",6,FALSE,136,0.935968580436848,0.975316963616334,0.82,0.088442835291082,0.82,0.0879266443340117,0.0393483831794861
"gamma_bin_6.00_3.40","gamma_bin","vary_mean",6,FALSE,137,0.962748452443007,0.978038677928649,0.89,0.0912106064566442,0.89,0.0906111196210691,0.0152902254856415
"gamma_bin_6.00_3.40","gamma_bin","vary_mean",6,FALSE,138,0.991058087015847,0.980574507848403,0.95,0.0942692203746664,0.95,0.0935783192151203,-0.0104835791674438
"gamma_bin_6.00_3.40","gamma_bin","vary_mean",6,FALSE,139,1.01894781256074,0.982734695531495,0.91,0.0965235101228613,0.9,0.0958307069561676,-0.0362131170292452
"gamma_bin_6.00_3.40","gamma_bin","vary_mean",6,FALSE,140,1.04444932027992,0.984520879956698,0.76,0.0971611764317812,0.75,0.0964668738870239,-0.0599284403232224
"gamma_bin_6.00_3.40","gamma_bin","vary_mean",6,FALSE,141,1.0657059122687,0.985756578389964,0.58,0.0959377217268605,0.57,0.0952689016468447,-0.0799493338787356
"gamma_bin_6.00_3.40","gamma_bin","vary_mean",6,FALSE,142,1.0810929449843,0.986340929790918,0.46,0.0931668324019157,0.44,0.0925109908185831,-0.094752015193382
"gamma_bin_6.00_3.40","gamma_bin","vary_mean",6,FALSE,143,1.08930930531451,0.986318995771718,0.41,0.0903953543500624,0.37,0.0898346840600277,-0.102990309542792
"gamma_bin_6.00_3.40","gamma_bin","vary_mean",6,FALSE,144,1.08943317712892,0.985722642613802,0.39,0.0891521094158613,0.38,0.0885491528242272,-0.103710534515118
"gamma_bin_6.00_3.40","gamma_bin","vary_mean",6,FALSE,145,1.08148967301391,0.984684627992928,0.41,0.0898284554717969,0.41,0.0891172441401557,-0.0968050450209818
"gamma_bin_6.00_3.40","gamma_bin","vary_mean",6,FALSE,146,1.067118056924,0.983243479192194,0.53,0.0920486900877679,0.52,0.0913429077011319,-0.083874577731806
"gamma_bin_6.00_3.40","gamma_bin","vary_mean",6,FALSE,147,1.04828964020928,0.981376358729145,0.66,0.094698641840461,0.65,0.0939415190601472,-0.0669132814801349
"gamma_bin_6.00_3.40","gamma_bin","vary_mean",6,FALSE,148,1.02693455801449,0.979229111139484,0.84,0.0965715496013963,0.82,0.0958295821691045,-0.0477054468750063
"gamma_bin_6.00_3.40","gamma_bin","vary_mean",6,FALSE,149,1.00477443375589,0.976829344007335,0.92,0.097100713129845,0.91,0.0963523074242589,-0.0279450897485554
"gamma_bin_6.00_3.40","gamma_bin","vary_mean",6,FALSE,150,0.983222907766779,0.974124134470519,0.98,0.0958106945854969,0.98,0.0951247001929873,-0.00909877329625985
"gamma_bin_6.00_3.40","gamma_bin","vary_mean",6,FALSE,151,0.963363940769346,0.971286339361244,0.96,0.0929661551478252,0.96,0.0923078199988185,0.00792239859189825
"gamma_bin_6.00_3.40","gamma_bin","vary_mean",6,FALSE,152,0.945985514931433,0.968306048106275,0.9,0.0894419586695265,0.91,0.0888449650263909,0.0223205331748416
"gamma_bin_6.00_3.40","gamma_bin","vary_mean",6,FALSE,153,0.931639698450479,0.965381977882378,0.85,0.0868466610528617,0.84,0.0863535875993246,0.0337422794318992
"gamma_bin_6.00_3.40","gamma_bin","vary_mean",6,FALSE,154,0.920706027513323,0.962651232330384,0.8,0.0860497548025387,0.81,0.0856195519899758,0.0419452048170612
"gamma_bin_6.00_3.40","gamma_bin","vary_mean",6,FALSE,155,0.913287949909382,0.960326412128868,0.78,0.0873849407004063,0.78,0.0869270758798588,0.0470384622194863
"gamma_bin_6.00_3.40","gamma_bin","vary_mean",6,FALSE,156,0.909118262499206,0.958370465267827,0.77,0.0898884041289186,0.78,0.0893920538618478,0.049252202768621
"gamma_bin_6.00_3.40","gamma_bin","vary_mean",6,FALSE,157,0.90786599524967,0.956972467783185,0.78,0.092331047736957,0.79,0.0917766533350175,0.049106472533515
"gamma_bin_6.00_3.40","gamma_bin","vary_mean",6,FALSE,158,0.909191813449816,0.956250436418263,0.8,0.0937374460960416,0.81,0.0931476434782025,0.0470586229684467
"gamma_bin_6.00_3.40","gamma_bin","vary_mean",6,FALSE,159,0.9127706498954,0.956315656813876,0.79,0.0936280235645196,0.82,0.0930181612982195,0.0435450069184755
"gamma_bin_6.00_3.40","gamma_bin","vary_mean",6,FALSE,160,0.918310343562916,0.957049563224513,0.81,0.091920570494256,0.84,0.0913659499126969,0.0387392196615973
"gamma_bin_6.00_3.40","gamma_bin","vary_mean",6,FALSE,161,0.925562601543549,0.958572553274232,0.84,0.089484966472499,0.84,0.0889451469608967,0.0330099517306831
"gamma_bin_6.00_3.40","gamma_bin","vary_mean",6,FALSE,162,0.934326617511047,0.9608318014041,0.9,0.0875624493129155,0.89,0.0870434567893522,0.0265051838930536
"gamma_bin_6.00_3.40","gamma_bin","vary_mean",6,FALSE,163,0.944447396594412,0.963809000571758,0.92,0.0872653304234584,0.93,0.0867304013293994,0.0193616039773461
"gamma_bin_6.00_3.40","gamma_bin","vary_mean",6,FALSE,164,0.955808426255688,0.967337857414437,0.94,0.0889630934348398,0.94,0.0884204425050742,0.011529431158749
"gamma_bin_6.00_3.40","gamma_bin","vary_mean",6,FALSE,165,0.968171987055275,0.971507652994276,0.95,0.0917702627287907,0.95,0.0912336078423903,0.00333566593900092
"gamma_bin_6.00_3.40","gamma_bin","vary_mean",6,FALSE,166,0.981075418082579,0.976310536650203,0.96,0.0949548611044586,0.95,0.0944014110005695,-0.00476488143237641
"gamma_bin_6.00_3.40","gamma_bin","vary_mean",6,FALSE,167,0.99403776313242,0.981689314402101,0.95,0.0973305318502126,0.94,0.0967381837260668,-0.0123484487303187
"gamma_bin_6.00_3.40","gamma_bin","vary_mean",6,FALSE,168,1.00658618871785,0.98757032276862,0.93,0.0981508536179857,0.93,0.0975112242429087,-0.0190158659492301
"gamma_bin_6.00_3.40","gamma_bin","vary_mean",6,FALSE,169,1.01827263962082,0.993916673284488,0.92,0.0969408451676106,0.93,0.0963137761483726,-0.0243559663363321
"gamma_bin_6.00_3.40","gamma_bin","vary_mean",6,FALSE,170,1.02869207421039,1.00077138307185,0.89,0.0944480294211097,0.87,0.0938169379985773,-0.0279206911385379
"gamma_bin_6.00_3.40","gamma_bin","vary_mean",6,FALSE,171,1.03749575970787,1.00818689995515,0.84,0.0922666103854113,0.84,0.0916100207756525,-0.0293088597527249
"gamma_bin_6.00_3.40","gamma_bin","vary_mean",6,FALSE,172,1.04439766370686,1.0159861607926,0.85,0.0913842903762731,0.84,0.0908129100740589,-0.0284115029142604
"gamma_bin_6.00_3.40","gamma_bin","vary_mean",6,FALSE,173,1.04917474480308,1.02430836472418,0.88,0.0926059590325565,0.85,0.0920505967461324,-0.0248663800789006
"gamma_bin_6.00_3.40","gamma_bin","vary_mean",6,FALSE,174,1.05167598943045,1.03305677739328,0.88,0.0956863154057756,0.89,0.0951744495397525,-0.0186192120371671
"gamma_bin_6.00_3.40","gamma_bin","vary_mean",6,FALSE,175,1.05228684352057,1.04234139520182,0.91,0.0994190796748931,0.91,0.0988461686697653,-0.00994544831874955
"gamma_bin_6.00_3.40","gamma_bin","vary_mean",6,FALSE,176,1.05205037229906,1.05201533722985,0.92,0.102484420817973,0.92,0.101846559898149,-3.50350692079893e-05
"gamma_bin_6.00_3.40","gamma_bin","vary_mean",6,FALSE,177,1.05206304074467,1.06204469325179,0.95,0.104007622638819,0.94,0.103382803604867,0.00998165250711835
"gamma_bin_6.00_3.40","gamma_bin","vary_mean",6,FALSE,178,1.0533911428065,1.07235595205994,0.92,0.103673109657968,0.93,0.103046457073889,0.018964809253436
"gamma_bin_6.00_3.40","gamma_bin","vary_mean",6,FALSE,179,1.05702523270082,1.08304754405996,0.92,0.101421479073493,0.92,0.100812757838686,0.026022311359136
"gamma_bin_6.00_3.40","gamma_bin","vary_mean",6,FALSE,180,1.06385390304002,1.09402792274146,0.88,0.0987076039101165,0.89,0.0981169276698416,0.030174019701438
"gamma_bin_6.00_3.40","gamma_bin","vary_mean",6,FALSE,181,1.07466368846286,1.10486212919136,0.89,0.0972922037000851,0.88,0.0966243892429767,0.0301984407284979
"gamma_bin_6.00_3.40","gamma_bin","vary_mean",6,FALSE,182,1.09015918537017,1.11543714236482,0.88,0.0979299397305426,0.88,0.0973146782502997,0.0252779569946546
"gamma_bin_6.00_3.40","gamma_bin","vary_mean",6,FALSE,183,1.11099415707904,1.12544638391623,0.92,0.100520658750389,0.91,0.0998410699798649,0.0144522268371923
"gamma_bin_6.00_3.40","gamma_bin","vary_mean",6,FALSE,184,1.13776253966062,1.13474940764452,0.9,0.104168587595057,0.89,0.103412130213588,-0.00301313201609954
"gamma_bin_6.00_3.40","gamma_bin","vary_mean",6,FALSE,185,1.16994138910722,1.14311839294784,0.88,0.107601579506484,0.9,0.10682706109476,-0.0268229961593796
"gamma_bin_6.00_3.40","gamma_bin","vary_mean",6,FALSE,186,1.20568067952197,1.15044752675695,0.87,0.109701848859493,0.83,0.108823217318896,-0.0552331527650156
"gamma_bin_6.00_3.40","gamma_bin","vary_mean",6,FALSE,187,1.24280592689739,1.15665834979577,0.7,0.109652355919744,0.7,0.108779052382998,-0.0861475771016211
"gamma_bin_6.00_3.40","gamma_bin","vary_mean",6,FALSE,188,1.27892507759421,1.16152433338826,0.48,0.107488530327476,0.45,0.106589525567968,-0.117400744205951
"gamma_bin_6.00_3.40","gamma_bin","vary_mean",6,FALSE,189,1.31157809299846,1.16510098745872,0.24,0.104156813215846,0.22,0.103143792837262,-0.146477105539738
"gamma_bin_6.00_3.40","gamma_bin","vary_mean",6,FALSE,190,1.33842575739913,1.16725400030198,0.15,0.101407136931397,0.11,0.100551739196804,-0.171171757097146
"gamma_bin_6.00_3.40","gamma_bin","vary_mean",6,FALSE,191,1.35742493987032,1.16798594362195,0.08,0.100592074180778,0.08,0.099810002981002,-0.189438996248366
"gamma_bin_6.00_3.40","gamma_bin","vary_mean",6,FALSE,192,1.36695842059754,1.16734796932736,0.08,0.102082031503786,0.07,0.101311292367501,-0.199610451270182
"gamma_bin_6.00_3.40","gamma_bin","vary_mean",6,FALSE,193,1.36590703303142,1.1653509378756,0.08,0.105003114506254,0.08,0.104262127753607,-0.200556095155818
"gamma_bin_6.00_3.40","gamma_bin","vary_mean",6,FALSE,194,1.35374441935837,1.16197874234917,0.09,0.10774302716269,0.08,0.106909935091996,-0.191765677009201
"gamma_bin_6.00_3.40","gamma_bin","vary_mean",6,FALSE,195,1.33179505256341,1.15718908134964,0.15,0.109173529970221,0.14,0.108290368051972,-0.174605971213772
"gamma_bin_6.00_3.40","gamma_bin","vary_mean",6,FALSE,196,1.30282908300336,1.15101257576522,0.24,0.108476468759006,0.22,0.107675453779509,-0.151816507238144
"gamma_bin_6.00_3.40","gamma_bin","vary_mean",6,FALSE,197,1.26962792749398,1.14356211896182,0.34,0.105620252569,0.34,0.104897289792419,-0.12606580853216
"gamma_bin_6.00_3.40","gamma_bin","vary_mean",6,FALSE,198,1.23470197201586,1.13487178530703,0.53,0.101116379143076,0.51,0.100528777864128,-0.0998301867088331
"gamma_bin_6.00_3.40","gamma_bin","vary_mean",6,FALSE,199,1.20012008532359,1.12537677883655,0.68,0.0969685516672999,0.67,0.0964185545010197,-0.0747433064870437
"gamma_bin_6.00_3.40","gamma_bin","vary_mean",6,FALSE,200,1.16745324780638,1.11555913463373,0.79,0.0947831817592334,0.79,0.0942125572137501,-0.0518941131726525
"gamma_bin_6.00_3.40","gamma_bin","vary_mean",6,FALSE,201,1.13781324493009,1.10604355713826,0.89,0.0950971494604597,0.87,0.0944509131800062,-0.0317696877918276
"gamma_bin_6.00_3.40","gamma_bin","vary_mean",6,FALSE,202,1.11194114249594,1.09711033323355,0.91,0.0971833258794147,0.91,0.096577759110097,-0.014830809262391
"gamma_bin_6.00_3.40","gamma_bin","vary_mean",6,FALSE,203,1.09030738318271,1.08904132425011,0.95,0.0999327011143192,0.96,0.0992674065750174,-0.00126605893259812
"gamma_bin_6.00_3.40","gamma_bin","vary_mean",6,FALSE,204,1.07317842503564,1.08206834767801,0.96,0.102012903626939,0.96,0.101394327065406,0.00888992264236887
"gamma_bin_6.00_3.40","gamma_bin","vary_mean",6,FALSE,205,1.06040347302214,1.07641594377521,0.93,0.102660725436463,0.93,0.10210550687514,0.0160124707530682
"gamma_bin_6.00_3.40","gamma_bin","vary_mean",6,FALSE,206,1.05156904168052,1.07210095074053,0.94,0.101423769731658,0.94,0.100877121136575,0.0205319090600091
"gamma_bin_6.00_3.40","gamma_bin","vary_mean",6,FALSE,207,1.04624950999474,1.06917586879115,0.94,0.0985894555670542,0.91,0.0980181711339844,0.0229263587964146
"gamma_bin_6.00_3.40","gamma_bin","vary_mean",6,FALSE,208,1.04403704329192,1.06762766411987,0.91,0.0953507686913188,0.9,0.0947735428983408,0.0235906208279528
"gamma_bin_6.00_3.40","gamma_bin","vary_mean",6,FALSE,209,1.0445651521307,1.06752314980428,0.9,0.0933871718536985,0.89,0.0928480373956019,0.0229579976735805
"gamma_bin_6.00_3.40","gamma_bin","vary_mean",6,FALSE,210,1.04752392002038,1.06908738706697,0.89,0.0934754388801564,0.88,0.0929560600547019,0.021563467046589
"gamma_bin_6.00_3.40","gamma_bin","vary_mean",6,FALSE,211,1.05266551803821,1.07212701542516,0.89,0.0955261301365073,0.9,0.0949525490998948,0.0194614973869487
"gamma_bin_6.00_3.40","gamma_bin","vary_mean",6,FALSE,212,1.0598023103751,1.07671238371289,0.92,0.0986954680713042,0.92,0.0980692282680622,0.0169100733377943
"gamma_bin_6.00_3.40","gamma_bin","vary_mean",6,FALSE,213,1.06880062573221,1.08292573823009,0.94,0.101634873840973,0.96,0.101031262654212,0.0141251124978823
"gamma_bin_6.00_3.40","gamma_bin","vary_mean",6,FALSE,214,1.0795784696348,1.09065952735761,0.95,0.103509799625534,0.95,0.102922980409601,0.0110810577228084
"gamma_bin_6.00_3.40","gamma_bin","vary_mean",6,FALSE,215,1.09215111452811,1.100043390336,0.94,0.10360592192637,0.94,0.103015324554266,0.00789227580789187
"gamma_bin_6.00_3.40","gamma_bin","vary_mean",6,FALSE,216,1.10660255202503,1.11091562277568,0.95,0.101714219212219,0.94,0.101063822697857,0.00431307075065068
"gamma_bin_6.00_3.40","gamma_bin","vary_mean",6,FALSE,217,1.1230463183655,1.12329526643813,0.95,0.0987080251158704,0.94,0.0981528880238103,0.000248948072629096
"gamma_bin_6.00_3.40","gamma_bin","vary_mean",6,FALSE,218,1.14161803384419,1.13683293904567,0.95,0.096525279385185,0.94,0.0959648804769201,-0.00478509479851752
"gamma_bin_6.00_3.40","gamma_bin","vary_mean",6,FALSE,219,1.16246850453014,1.15116959414262,0.92,0.0964470027686397,0.94,0.0958913323392172,-0.011298910387521
"gamma_bin_6.00_3.40","gamma_bin","vary_mean",6,FALSE,220,1.18575867786174,1.16593959596651,0.91,0.0989673248149694,0.92,0.0983213853477938,-0.0198190818952309
"gamma_bin_6.00_3.40","gamma_bin","vary_mean",6,FALSE,221,1.21165701983639,1.18079215962117,0.91,0.103275328080378,0.89,0.102446901700293,-0.0308648602152224
"gamma_bin_6.00_3.40","gamma_bin","vary_mean",6,FALSE,222,1.24033898455105,1.19545032286439,0.86,0.107646607178568,0.82,0.106877369244723,-0.0448886616866646
"gamma_bin_6.00_3.40","gamma_bin","vary_mean",6,FALSE,223,1.27198794287079,1.2099188671179,0.77,0.111118378038147,0.76,0.110250933142149,-0.0620690757528903
"gamma_bin_6.00_3.40","gamma_bin","vary_mean",6,FALSE,224,1.30666523446541,1.22384988342143,0.68,0.112410061891702,0.68,0.11171071613629,-0.0828153510439789
"gamma_bin_6.00_3.40","gamma_bin","vary_mean",6,FALSE,225,1.3433530482977,1.23717598112994,0.57,0.111648579641443,0.54,0.11093553883618,-0.106177067167759
"gamma_bin_6.00_3.40","gamma_bin","vary_mean",6,FALSE,226,1.38038171186225,1.24987118027629,0.4,0.109127758012964,0.42,0.108388093398654,-0.130510531585955
"gamma_bin_6.00_3.40","gamma_bin","vary_mean",6,FALSE,227,1.41592160258673,1.26172904225833,0.27,0.106758523078756,0.25,0.106014629573605,-0.154192560328402
"gamma_bin_6.00_3.40","gamma_bin","vary_mean",6,FALSE,228,1.44808142918806,1.27232231598641,0.14,0.106225084849047,0.12,0.105433185432236,-0.175759113201648
"gamma_bin_6.00_3.40","gamma_bin","vary_mean",6,FALSE,229,1.47504730588812,1.28131091888316,0.08,0.108294127997445,0.07,0.107485300152913,-0.193736387004957
"gamma_bin_6.00_3.40","gamma_bin","vary_mean",6,FALSE,230,1.49521587906308,1.28845843647218,0.09,0.112388592661559,0.08,0.111441325266163,-0.206757442590905
"gamma_bin_6.00_3.40","gamma_bin","vary_mean",6,FALSE,231,1.50729103953841,1.29360351650632,0.1,0.116879519618069,0.1,0.115835501018845,-0.213687523032094
"gamma_bin_6.00_3.40","gamma_bin","vary_mean",6,FALSE,232,1.51033534857617,1.2966115749656,0.1,0.1200140798012,0.1,0.11889632443875,-0.213723773610565
"gamma_bin_6.00_3.40","gamma_bin","vary_mean",6,FALSE,233,1.50378097074586,1.29745394121202,0.11,0.120591342009413,0.12,0.119481882438008,-0.206327029533844
"gamma_bin_6.00_3.40","gamma_bin","vary_mean",6,FALSE,234,1.48764960471254,1.29607837450101,0.16,0.118444416267832,0.15,0.117481962229988,-0.191571230211526
"gamma_bin_6.00_3.40","gamma_bin","vary_mean",6,FALSE,235,1.46373241708909,1.29252238237942,0.2,0.114167736499253,0.19,0.113292366829786,-0.171210034709675
"gamma_bin_6.00_3.40","gamma_bin","vary_mean",6,FALSE,236,1.43448143272486,1.28703295161796,0.31,0.109448942449914,0.29,0.108584944949728,-0.147448481106897
"gamma_bin_6.00_3.40","gamma_bin","vary_mean",6,FALSE,237,1.40223769952072,1.27992246900279,0.42,0.106300488351266,0.38,0.105459180818409,-0.122315230517929
"gamma_bin_6.00_3.40","gamma_bin","vary_mean",6,FALSE,238,1.36905513115977,1.27173584554208,0.57,0.105857403203187,0.54,0.104987259724338,-0.0973192856176879
"gamma_bin_6.00_3.40","gamma_bin","vary_mean",6,FALSE,239,1.33659069308879,1.26281324946254,0.72,0.107374848264015,0.68,0.106658779597058,-0.0737774436262479
"gamma_bin_6.00_3.40","gamma_bin","vary_mean",6,FALSE,240,1.30608415861083,1.25338920406336,0.85,0.11005692249307,0.85,0.109413150289743,-0.0526949545474655
"gamma_bin_6.00_3.40","gamma_bin","vary_mean",6,FALSE,241,1.27840456713347,1.24374562960764,0.94,0.112855835951486,0.93,0.112082070670988,-0.034658937525833
"gamma_bin_6.00_3.40","gamma_bin","vary_mean",6,FALSE,242,1.25412742548082,1.23409493011881,0.96,0.114563991104125,0.95,0.113820281159259,-0.020032495362013
"gamma_bin_6.00_3.40","gamma_bin","vary_mean",6,FALSE,243,1.23361554311767,1.22445846426556,0.97,0.115178562390766,0.97,0.1143918770101,-0.00915707885211337
"gamma_bin_6.00_3.40","gamma_bin","vary_mean",6,FALSE,244,1.21706403589592,1.21480585806503,0.98,0.115270654228458,0.98,0.114500893362291,-0.00225817783088811
"gamma_bin_6.00_3.40","gamma_bin","vary_mean",6,FALSE,245,1.20445667363505,1.2052994067966,0.98,0.116388205562344,0.98,0.115655352461788,0.000842733161547038
"gamma_bin_6.00_3.40","gamma_bin","vary_mean",6,FALSE,246,1.19569657050359,1.19611081834492,0.98,0.120466756427851,0.99,0.119671631205583,0.000414247841329596
"gamma_bin_6.00_3.40","gamma_bin","vary_mean",6,FALSE,247,1.19067334691389,1.18759102869575,0.99,0.128946154863667,0.99,0.128067135075104,-0.00308231821814098
"gamma_bin_6.00_3.40","gamma_bin","vary_mean",6,FALSE,248,1.1892846905786,1.17988510563126,0.98,0.14114454723322,0.98,0.140251885082318,-0.0093995849473365
"gamma_bin_6.00_3.40","gamma_bin","vary_mean",6,FALSE,249,1.1914521017446,1.17286597756697,0.99,0.155974361216435,0.97,0.154864114728941,-0.0185861241776282
"gamma_bin_6.00_3.40","gamma_bin","vary_mean",6,FALSE,250,1.19713021020468,1.16663776477578,0.99,0.172287088355401,0.97,0.171117723933263,-0.0304924454289008
"gamma_bin_6.00_3.40","gamma_bin","vary_mean",6,FALSE,251,1.20631090184647,1.1611227456995,0.98,0.189471589935063,0.98,0.18797455072821,-0.0451881561469663
"gamma_bin_6.00_3.40","gamma_bin","vary_mean",6,FALSE,252,1.21902415582724,1.15645260460544,0.98,0.207180818174338,0.98,0.205550533281552,-0.062571551221805
"gamma_bin_6.00_3.40","gamma_bin","vary_mean",6,FALSE,253,1.23533724681924,1.15251987472196,0.98,0.226040707960369,0.98,0.224182216286691,-0.0828173720972798
"gamma_bin_7.50_3.40","gamma_bin","vary_mean",7.5,FALSE,2,6.47633271060018,NA,NA,NA,NA,NA,NA
"gamma_bin_7.50_3.40","gamma_bin","vary_mean",7.5,FALSE,3,5.39748004467528,NA,NA,NA,NA,NA,NA
"gamma_bin_7.50_3.40","gamma_bin","vary_mean",7.5,FALSE,4,4.52153259075373,NA,NA,NA,NA,NA,NA
"gamma_bin_7.50_3.40","gamma_bin","vary_mean",7.5,FALSE,5,3.81075688710478,NA,NA,NA,NA,NA,NA
"gamma_bin_7.50_3.40","gamma_bin","vary_mean",7.5,FALSE,6,3.23384975678135,3.37969592012023,0.98,0.479166078870125,0.99,0.475730962729114,0.145846163338884
"gamma_bin_7.50_3.40","gamma_bin","vary_mean",7.5,FALSE,7,2.76512519694591,2.40602899492146,0.61,0.370366024274432,0.55,0.367570858039127,-0.359096202024449
"gamma_bin_7.50_3.40","gamma_bin","vary_mean",7.5,FALSE,8,2.38350063829982,1.89146423779813,0.08,0.305614685483366,0.08,0.303270807992605,-0.492036400501692
"gamma_bin_7.50_3.40","gamma_bin","vary_mean",7.5,FALSE,9,2.07220990816182,1.59297766514472,0.07,0.262651863195953,0.05,0.26068009393442,-0.479232243017097
"gamma_bin_7.50_3.40","gamma_bin","vary_mean",7.5,FALSE,10,1.8180094782711,1.40801944738392,0.07,0.231031972770627,0.07,0.22936588383292,-0.409990030887178
"gamma_bin_7.50_3.40","gamma_bin","vary_mean",7.5,FALSE,11,1.61045019265924,1.28778570204314,0.09,0.205339526531898,0.08,0.203954457982858,-0.322664490616101
"gamma_bin_7.50_3.40","gamma_bin","vary_mean",7.5,FALSE,12,1.44129331371926,1.20638613327621,0.28,0.183585373284443,0.23,0.18251505735342,-0.234907180443052
"gamma_bin_7.50_3.40","gamma_bin","vary_mean",7.5,FALSE,13,1.30405110997497,1.14927995248226,0.57,0.165728509336966,0.56,0.164743011310338,-0.15477115749271
"gamma_bin_7.50_3.40","gamma_bin","vary_mean",7.5,FALSE,14,1.1936337473603,1.10761862097092,0.86,0.151641553923259,0.85,0.150697508720764,-0.0860151263893756
"gamma_bin_7.50_3.40","gamma_bin","vary_mean",7.5,FALSE,15,1.10608275580624,1.07587435561565,0.93,0.141292024315586,0.93,0.140373415590317,-0.0302084001905871
"gamma_bin_7.50_3.40","gamma_bin","vary_mean",7.5,FALSE,16,1.03836845094092,1.05035574622077,0.95,0.133976365859636,0.93,0.133062596889857,0.011987295279853
"gamma_bin_7.50_3.40","gamma_bin","vary_mean",7.5,FALSE,17,0.987514418464918,1.02881321249483,0.94,0.128795969898834,0.94,0.127960967854191,0.0412987940299145
"gamma_bin_7.50_3.40","gamma_bin","vary_mean",7.5,FALSE,18,0.94985341422689,1.00984784353594,0.83,0.124594855330552,0.85,0.123735988077396,0.0599944293090549
"gamma_bin_7.50_3.40","gamma_bin","vary_mean",7.5,FALSE,19,0.922342058412537,0.992421036668873,0.79,0.120167371900942,0.8,0.119310880263662,0.0700789782563359
"gamma_bin_7.50_3.40","gamma_bin","vary_mean",7.5,FALSE,20,0.902533145800087,0.975829025448684,0.75,0.114652308944108,0.76,0.113798542678373,0.0732958796485967
"gamma_bin_7.50_3.40","gamma_bin","vary_mean",7.5,FALSE,21,0.888443579660898,0.959742139634413,0.73,0.108331655168887,0.75,0.107517799771838,0.0712985599735149
"gamma_bin_7.50_3.40","gamma_bin","vary_mean",7.5,FALSE,22,0.878474950045775,0.943906731730991,0.73,0.102478831900318,0.75,0.101719851733853,0.0654317816852165
"gamma_bin_7.50_3.40","gamma_bin","vary_mean",7.5,FALSE,23,0.871353706634507,0.928146146403671,0.77,0.0982939400051606,0.78,0.0975954283390875,0.0567924397691645
"gamma_bin_7.50_3.40","gamma_bin","vary_mean",7.5,FALSE,24,0.866079695774009,0.91244776466241,0.79,0.0962326430732203,0.82,0.0955508578465425,0.0463680688884011
"gamma_bin_7.50_3.40","gamma_bin","vary_mean",7.5,FALSE,25,0.861880113955128,0.896959248636939,0.88,0.0962475770367728,0.91,0.0954950860733113,0.035079134681811
"gamma_bin_7.50_3.40","gamma_bin","vary_mean",7.5,FALSE,26,0.858167576978305,0.881604531519364,0.93,0.0972446259426337,0.93,0.09645973271257,0.0234369545410589
"gamma_bin_7.50_3.40","gamma_bin","vary_mean",7.5,FALSE,27,0.854446587171991,0.8664074489875,0.95,0.098020127241081,0.98,0.0972831320168247,0.0119608618155085
"gamma_bin_7.50_3.40","gamma_bin","vary_mean",7.5,FALSE,28,0.850242530612154,0.85139664051546,0.97,0.097503988003407,0.98,0.0968142880817335,0.00115410990330644
"gamma_bin_7.50_3.40","gamma_bin","vary_mean",7.5,FALSE,29,0.845168044117022,0.836510017789589,0.97,0.0953579500195255,0.97,0.0947216316528162,-0.00865802632743329
"gamma_bin_7.50_3.40","gamma_bin","vary_mean",7.5,FALSE,30,0.838916821827613,0.821815676211335,0.97,0.0916517453791391,0.94,0.0910274217944402,-0.0171011456162776
"gamma_bin_7.50_3.40","gamma_bin","vary_mean",7.5,FALSE,31,0.83125458603177,0.807334692323457,0.93,0.0874809305092323,0.91,0.0868698888005857,-0.0239198937083128
"gamma_bin_7.50_3.40","gamma_bin","vary_mean",7.5,FALSE,32,0.822012955905288,0.793214973796778,0.86,0.0842333327746021,0.87,0.0836260645897166,-0.0287979821085104
"gamma_bin_7.50_3.40","gamma_bin","vary_mean",7.5,FALSE,33,0.811083441801087,0.779357893793465,0.86,0.082705487581471,0.86,0.0820616045041402,-0.0317255480076221
"gamma_bin_7.50_3.40","gamma_bin","vary_mean",7.5,FALSE,34,0.798410706391415,0.765798770460907,0.87,0.0826092552108961,0.87,0.0819853532357673,-0.0326119359305082
"gamma_bin_7.50_3.40","gamma_bin","vary_mean",7.5,FALSE,35,0.783985284249482,0.752582228055251,0.89,0.0836145963654211,0.9,0.0829875196148521,-0.0314030561942312
"gamma_bin_7.50_3.40","gamma_bin","vary_mean",7.5,FALSE,36,0.767842249776292,0.739816653110695,0.9,0.0847437176283209,0.9,0.0840886942144708,-0.0280255966655972
"gamma_bin_7.50_3.40","gamma_bin","vary_mean",7.5,FALSE,37,0.750320099865667,0.727394701709266,0.92,0.0851674814092281,0.92,0.0844565578589272,-0.0229253981564006
"gamma_bin_7.50_3.40","gamma_bin","vary_mean",7.5,FALSE,38,0.732127511283489,0.715512439674403,0.94,0.0842285086858984,0.94,0.0836004350732466,-0.0166150716090863
"gamma_bin_7.50_3.40","gamma_bin","vary_mean",7.5,FALSE,39,0.713945546467747,0.704131799922326,0.95,0.0817345823279585,0.97,0.0811788585498212,-0.00981374654542067
"gamma_bin_7.50_3.40","gamma_bin","vary_mean",7.5,FALSE,40,0.696377644387645,0.693311235430698,0.97,0.0784006638866246,0.97,0.0779006750133612,-0.0030664089569471
"gamma_bin_7.50_3.40","gamma_bin","vary_mean",7.5,FALSE,41,0.679931575981829,0.683147630866166,0.98,0.0753935107291139,0.97,0.074879785848957,0.00321605488433674
"gamma_bin_7.50_3.40","gamma_bin","vary_mean",7.5,FALSE,42,0.665012401557135,0.673655262110319,0.97,0.0733426974193418,0.96,0.072869679147838,0.00864286055318364
"gamma_bin_7.50_3.40","gamma_bin","vary_mean",7.5,FALSE,43,0.65192842067752,0.665018864228022,0.96,0.0728519731510354,0.93,0.0723908078363994,0.0130904435505023
"gamma_bin_7.50_3.40","gamma_bin","vary_mean",7.5,FALSE,44,0.640906266957601,0.657410102922741,0.95,0.0735639433368958,0.95,0.0730313258474107,0.0165038359651396
"gamma_bin_7.50_3.40","gamma_bin","vary_mean",7.5,FALSE,45,0.632110069284813,0.650850730833463,0.96,0.0748924549285707,0.95,0.0743379243865755,0.0187406615486504
"gamma_bin_7.50_3.40","gamma_bin","vary_mean",7.5,FALSE,46,0.625656360123327,0.645492557917992,0.97,0.0760739823828247,0.97,0.0754900965948554,0.0198361977946651
"gamma_bin_7.50_3.40","gamma_bin","vary_mean",7.5,FALSE,47,0.621502273809677,0.64131193286946,0.97,0.076443232712982,0.97,0.0759188920687157,0.0198096590597829
"gamma_bin_7.50_3.40","gamma_bin","vary_mean",7.5,FALSE,48,0.619441171957512,0.63835626717909,0.98,0.075637601440013,0.97,0.075144338980204,0.018915095221578
"gamma_bin_7.50_3.40","gamma_bin","vary_mean",7.5,FALSE,49,0.619256488578844,0.636620979936804,0.99,0.0739311069938838,0.98,0.0734405709284765,0.0173644913579604
"gamma_bin_7.50_3.40","gamma_bin","vary_mean",7.5,FALSE,50,0.620736004042686,0.636070974405729,0.99,0.0720763727720407,0.99,0.0715754010086487,0.0153349703630427
"gamma_bin_7.50_3.40","gamma_bin","vary_mean",7.5,FALSE,51,0.623679916186844,0.636607284661093,0.97,0.0707837260905797,0.98,0.0703119330112509,0.012927368474249
"gamma_bin_7.50_3.40","gamma_bin","vary_mean",7.5,FALSE,52,0.627908213332621,0.638133950449729,0.97,0.0708760768257608,0.98,0.0703366118771851,0.0102257371171083
"gamma_bin_7.50_3.40","gamma_bin","vary_mean",7.5,FALSE,53,0.633265384812971,0.640531182571276,0.98,0.0721734190502699,0.98,0.0716584152237059,0.00726579775830483
"gamma_bin_7.50_3.40","gamma_bin","vary_mean",7.5,FALSE,54,0.639622221613428,0.64374639623106,0.99,0.0743384041913426,0.99,0.0737148067999843,0.00412417461763226
"gamma_bin_7.50_3.40","gamma_bin","vary_mean",7.5,FALSE,55,0.646875295241765,0.647721520322951,0.99,0.076411551160938,0.99,0.0758878531224805,0.000846225081186147
"gamma_bin_7.50_3.40","gamma_bin","vary_mean",7.5,FALSE,56,0.654940797889892,0.65237214313159,0.98,0.0779831848489405,0.98,0.0774157239242912,-0.00256865475830226
"gamma_bin_7.50_3.40","gamma_bin","vary_mean",7.5,FALSE,57,0.663667548235467,0.657620939132798,0.98,0.0783692005890639,0.98,0.0777931151305237,-0.00604660910266952
"gamma_bin_7.50_3.40","gamma_bin","vary_mean",7.5,FALSE,58,0.67283196893338,0.663433172014971,0.97,0.0775514891495084,0.96,0.0769852357845206,-0.00939879691840928
"gamma_bin_7.50_3.40","gamma_bin","vary_mean",7.5,FALSE,59,0.682212593504884,0.66978476406278,0.96,0.0761903527492951,0.95,0.0755930478667504,-0.0124278294421039
"gamma_bin_7.50_3.40","gamma_bin","vary_mean",7.5,FALSE,60,0.691594549334227,0.67649983966053,0.94,0.0751667826581344,0.94,0.074681766604186,-0.0150947096736972
"gamma_bin_7.50_3.40","gamma_bin","vary_mean",7.5,FALSE,61,0.700774343176902,0.683525150992284,0.94,0.0754169337734698,0.93,0.0748903158851175,-0.0172491921846178
"gamma_bin_7.50_3.40","gamma_bin","vary_mean",7.5,FALSE,62,0.709565411363515,0.690860299900901,0.93,0.0771320227652432,0.95,0.0765953813938671,-0.0187051114626137
"gamma_bin_7.50_3.40","gamma_bin","vary_mean",7.5,FALSE,63,0.717802382251417,0.698372397304782,0.94,0.0798263741525524,0.94,0.0792596837410975,-0.0194299849466352
"gamma_bin_7.50_3.40","gamma_bin","vary_mean",7.5,FALSE,64,0.725343303375917,0.706014797230842,0.94,0.0827930294226917,0.94,0.0821517487710378,-0.0193285061450751
"gamma_bin_7.50_3.40","gamma_bin","vary_mean",7.5,FALSE,65,0.732069930484564,0.713744649950017,0.93,0.0851292770671871,0.93,0.0845087248830337,-0.0183252805345472
"gamma_bin_7.50_3.40","gamma_bin","vary_mean",7.5,FALSE,66,0.737895666769886,0.721473285334341,0.96,0.0861782913114711,0.95,0.0855181896309511,-0.0164223814355453
"gamma_bin_7.50_3.40","gamma_bin","vary_mean",7.5,FALSE,67,0.742895958587221,0.729143149561727,0.96,0.0856467904280218,0.95,0.0849781687895783,-0.0137528090254937
"gamma_bin_7.50_3.40","gamma_bin","vary_mean",7.5,FALSE,68,0.747278763319657,0.736829964257104,0.96,0.0840988856007923,0.95,0.0835376607062399,-0.0104487990625535
"gamma_bin_7.50_3.40","gamma_bin","vary_mean",7.5,FALSE,69,0.751271373438236,0.744334147237824,0.96,0.0827407781607927,0.95,0.0822024984615597,-0.00693722620041171
"gamma_bin_7.50_3.40","gamma_bin","vary_mean",7.5,FALSE,70,0.755105697598796,0.751629224005381,0.97,0.0825105529224149,0.96,0.0819603142690358,-0.00347647359341452
"gamma_bin_7.50_3.40","gamma_bin","vary_mean",7.5,FALSE,71,0.759004827658807,0.75872145258461,0.99,0.0838300000456491,0.99,0.0832679507097362,-0.000283375074196957
"gamma_bin_7.50_3.40","gamma_bin","vary_mean",7.5,FALSE,72,0.76317231106088,0.765547787120431,0.99,0.0865680501254416,0.99,0.0859699660121078,0.00237547605955124
"gamma_bin_7.50_3.40","gamma_bin","vary_mean",7.5,FALSE,73,0.767786202417761,0.772228415762577,0.98,0.0897887167392361,0.98,0.0891597536617611,0.00444221334481609
"gamma_bin_7.50_3.40","gamma_bin","vary_mean",7.5,FALSE,74,0.772997638290372,0.778662190867274,0.98,0.0926086903392908,0.98,0.0918932873761701,0.00566455257690146
"gamma_bin_7.50_3.40","gamma_bin","vary_mean",7.5,FALSE,75,0.77893263784533,0.784883638074392,0.98,0.0942599019008389,0.98,0.0934340084046457,0.00595100022906236
"gamma_bin_7.50_3.40","gamma_bin","vary_mean",7.5,FALSE,76,0.78568141824908,0.790840062594328,0.98,0.0940468129573911,0.98,0.0932143499354762,0.00515864434524793
"gamma_bin_7.50_3.40","gamma_bin","vary_mean",7.5,FALSE,77,0.793148670755028,0.79651759861269,0.98,0.092291500295797,0.98,0.0915342737032973,0.00336892785766196
"gamma_bin_7.50_3.40","gamma_bin","vary_mean",7.5,FALSE,78,0.801109464577554,0.801911211318989,0.97,0.0902958876892416,0.96,0.0896311548754333,0.000801746741434961
"gamma_bin_7.50_3.40","gamma_bin","vary_mean",7.5,FALSE,79,0.809317687520099,0.807106333983489,0.97,0.0891707705437211,0.97,0.0886024625105371,-0.00221135353661039
"gamma_bin_7.50_3.40","gamma_bin","vary_mean",7.5,FALSE,80,0.817518562189946,0.812041928568372,0.96,0.0896252505522305,0.96,0.0889566625733853,-0.00547663362157436
"gamma_bin_7.50_3.40","gamma_bin","vary_mean",7.5,FALSE,81,0.825462916255739,0.816793234646708,0.95,0.0914684471857698,0.94,0.0907507741415994,-0.00866968160903081
"gamma_bin_7.50_3.40","gamma_bin","vary_mean",7.5,FALSE,82,0.832920079463184,0.821320788358518,0.96,0.0942515096104616,0.95,0.0935254531118378,-0.0115992911046657
"gamma_bin_7.50_3.40","gamma_bin","vary_mean",7.5,FALSE,83,0.83968668789734,0.825558775076953,0.96,0.097016332872682,0.97,0.0962592278996293,-0.0141279128203873
"gamma_bin_7.50_3.40","gamma_bin","vary_mean",7.5,FALSE,84,0.845591000049052,0.829485793148217,0.97,0.0985350184451277,0.96,0.0978817037494638,-0.0161052069008347
"gamma_bin_7.50_3.40","gamma_bin","vary_mean",7.5,FALSE,85,0.850493536894317,0.833235471930261,0.95,0.0985865305889574,0.95,0.097822414075662,-0.0172580649640558
"gamma_bin_7.50_3.40","gamma_bin","vary_mean",7.5,FALSE,86,0.854297533108007,0.836724443762919,0.93,0.0969468081485693,0.92,0.0961722546547284,-0.0175730893450883
"gamma_bin_7.50_3.40","gamma_bin","vary_mean",7.5,FALSE,87,0.857044342489846,0.839987748646295,0.92,0.0945580295249138,0.92,0.0937886517566983,-0.0170565938435505
"gamma_bin_7.50_3.40","gamma_bin","vary_mean",7.5,FALSE,88,0.858857822167393,0.843043500392288,0.92,0.092961950271745,0.91,0.0922327934752519,-0.0158143217751051
"gamma_bin_7.50_3.40","gamma_bin","vary_mean",7.5,FALSE,89,0.859878747666928,0.846025722918934,0.91,0.0927177206367896,0.91,0.0921419410906689,-0.0138530247479935
"gamma_bin_7.50_3.40","gamma_bin","vary_mean",7.5,FALSE,90,0.86025311141159,0.849053172965284,0.9,0.0945467248967328,0.91,0.0939168444568809,-0.0111999384463063
"gamma_bin_7.50_3.40","gamma_bin","vary_mean",7.5,FALSE,91,0.860120701023208,0.852214178424261,0.89,0.0975423603334061,0.9,0.0969589220590588,-0.00790652259894664
"gamma_bin_7.50_3.40","gamma_bin","vary_mean",7.5,FALSE,92,0.859606619529194,0.855482705107554,0.9,0.100785530632867,0.91,0.100199694683343,-0.00412391442163962
"gamma_bin_7.50_3.40","gamma_bin","vary_mean",7.5,FALSE,93,0.8588168361623,0.858916838540054,0.92,0.103234777282025,0.92,0.102548870059617,0.000100002377753983
"gamma_bin_7.50_3.40","gamma_bin","vary_mean",7.5,FALSE,94,0.857837212377275,0.862516939763499,0.92,0.103988875081286,0.91,0.103297251633274,0.00467972738622391
"gamma_bin_7.50_3.40","gamma_bin","vary_mean",7.5,FALSE,95,0.856734852284735,0.866234164453372,0.91,0.102751245101934,0.91,0.102066427084059,0.00949931216863709
"gamma_bin_7.50_3.40","gamma_bin","vary_mean",7.5,FALSE,96,0.855586935925609,0.870229604003461,0.93,0.100446211153727,0.93,0.0997985907048563,0.0146426680778524
"gamma_bin_7.50_3.40","gamma_bin","vary_mean",7.5,FALSE,97,0.854642173312711,0.874425224135222,0.91,0.0984252535278845,0.92,0.0977339320108529,0.0197830508225114
"gamma_bin_7.50_3.40","gamma_bin","vary_mean",7.5,FALSE,98,0.854216899337268,0.878945048282144,0.91,0.0978288759867229,0.91,0.0971270020002367,0.0247281489448764
"gamma_bin_7.50_3.40","gamma_bin","vary_mean",7.5,FALSE,99,0.854615196085733,0.883886062179783,0.92,0.0989549083433601,0.92,0.0982406584094855,0.0292708660940504
"gamma_bin_7.50_3.40","gamma_bin","vary_mean",7.5,FALSE,100,0.856123392287051,0.889149337672333,0.93,0.101616329381619,0.92,0.100801022695614,0.0330259453852819
"gamma_bin_7.50_3.40","gamma_bin","vary_mean",7.5,FALSE,101,0.859003725920451,0.894876054394543,0.92,0.104705645389729,0.93,0.103858469813061,0.035872328474092
"gamma_bin_7.50_3.40","gamma_bin","vary_mean",7.5,FALSE,102,0.863491057515902,0.900969823082603,0.91,0.107291581565435,0.92,0.106475263409645,0.0374787655667005
"gamma_bin_7.50_3.40","gamma_bin","vary_mean",7.5,FALSE,103,0.869793786137492,0.907439979204343,0.89,0.108546791493014,0.91,0.107786430138238,0.0376461930668515
"gamma_bin_7.50_3.40","gamma_bin","vary_mean",7.5,FALSE,104,0.878098070350996,0.914292655490628,0.91,0.107992685666302,0.92,0.107309518373292,0.0361945851396317
"gamma_bin_7.50_3.40","gamma_bin","vary_mean",7.5,FALSE,105,0.888573897619543,0.921542405973623,0.91,0.106095377844531,0.91,0.105488709606411,0.03296850835408
"gamma_bin_7.50_3.40","gamma_bin","vary_mean",7.5,FALSE,106,0.901301658370892,0.928855437583575,0.92,0.104139750461386,0.93,0.103459751394131,0.0275537792126828
"gamma_bin_7.50_3.40","gamma_bin","vary_mean",7.5,FALSE,107,0.915897849763235,0.93613959452218,0.92,0.103533695192001,0.92,0.102815449353429,0.0202417447589446
"gamma_bin_7.50_3.40","gamma_bin","vary_mean",7.5,FALSE,108,0.931781890770312,0.943269947713607,0.96,0.10466895560548,0.95,0.103859831691102,0.011488056943295
"gamma_bin_7.50_3.40","gamma_bin","vary_mean",7.5,FALSE,109,0.964908287444313,0.950148747439296,0.93,0.107432081936511,0.94,0.106528553447289,-0.0147595400050169
"gamma_bin_7.50_3.40","gamma_bin","vary_mean",7.5,FALSE,110,0.980887218164916,0.956501315395956,0.94,0.111163100938796,0.93,0.110211046628165,-0.0243859027689605
"gamma_bin_7.50_3.40","gamma_bin","vary_mean",7.5,FALSE,111,0.995692213942587,0.962342754105261,0.93,0.114562269286203,0.9,0.113609276997183,-0.033349459837326
"gamma_bin_7.50_3.40","gamma_bin","vary_mean",7.5,FALSE,112,1.00881666031265,0.967469018236343,0.91,0.116481726754536,0.9,0.115446231287368,-0.041347642076307
"gamma_bin_7.50_3.40","gamma_bin","vary_mean",7.5,FALSE,113,1.01983605940048,0.971796859589329,0.87,0.116137797748256,0.84,0.115152651345523,-0.0480391998111512
"gamma_bin_7.50_3.40","gamma_bin","vary_mean",7.5,FALSE,114,1.02841129997895,0.975301989861858,0.86,0.113819801529314,0.82,0.112833208954859,-0.0531093101170917
"gamma_bin_7.50_3.40","gamma_bin","vary_mean",7.5,FALSE,115,1.03430371035801,0.977965438235821,0.84,0.110586799514172,0.8,0.109653988709896,-0.0563382721221891
"gamma_bin_7.50_3.40","gamma_bin","vary_mean",7.5,FALSE,116,1.03743175161603,0.979754492499957,0.78,0.108320962337702,0.77,0.107438455994392,-0.0576772591160727
"gamma_bin_7.50_3.40","gamma_bin","vary_mean",7.5,FALSE,117,1.0378022122009,0.980743102354587,0.78,0.107965376508675,0.78,0.107148501045073,-0.0570591098463132
"gamma_bin_7.50_3.40","gamma_bin","vary_mean",7.5,FALSE,118,1.03547276308025,0.981086516828663,0.81,0.109654060140953,0.81,0.108798839870868,-0.0543862462515875
"gamma_bin_7.50_3.40","gamma_bin","vary_mean",7.5,FALSE,119,1.03053550780697,0.980812946338617,0.86,0.112560401719784,0.81,0.111610818463913,-0.0497225614683525
"gamma_bin_7.50_3.40","gamma_bin","vary_mean",7.5,FALSE,120,1.02310221069091,0.979885045115108,0.9,0.115384850326285,0.87,0.114451374605794,-0.0432171655758025
"gamma_bin_7.50_3.40","gamma_bin","vary_mean",7.5,FALSE,121,1.01329357541095,0.978365055132005,0.92,0.116997354976196,0.91,0.116070526524136,-0.0349285202789446
"gamma_bin_7.50_3.40","gamma_bin","vary_mean",7.5,FALSE,122,1.00123289414715,0.976362533904876,0.95,0.11658704596714,0.94,0.115674741903891,-0.0248703602422743
"gamma_bin_7.50_3.40","gamma_bin","vary_mean",7.5,FALSE,123,0.987043160294477,0.973714236854797,0.97,0.114237791356778,0.97,0.11335737041752,-0.01332892343968
"gamma_bin_7.50_3.40","gamma_bin","vary_mean",7.5,FALSE,124,0.970846430550826,0.9707351327716,0.96,0.110767825252854,0.96,0.110041222973702,-0.000111297779226138
"gamma_bin_7.50_3.40","gamma_bin","vary_mean",7.5,FALSE,125,0.953001568168985,0.967464277262897,0.92,0.107919777106349,0.92,0.107280043065587,0.0144627090939121
"gamma_bin_7.50_3.40","gamma_bin","vary_mean",7.5,FALSE,126,0.934680947695761,0.964322756832657,0.89,0.106675726261455,0.89,0.106103787115696,0.0296418091368963
"gamma_bin_7.50_3.40","gamma_bin","vary_mean",7.5,FALSE,127,0.917145793226913,0.961568696583604,0.86,0.107658894146429,0.87,0.106945830428056,0.0444229033566912
"gamma_bin_7.50_3.40","gamma_bin","vary_mean",7.5,FALSE,128,0.901530406151582,0.959253829826872,0.79,0.110096990333955,0.82,0.109301338844751,0.0577234236752903
"gamma_bin_7.50_3.40","gamma_bin","vary_mean",7.5,FALSE,129,0.888820761331304,0.957599075089796,0.76,0.112870240332328,0.76,0.11210549141274,0.0687783137584923
"gamma_bin_7.50_3.40","gamma_bin","vary_mean",7.5,FALSE,130,0.879849051096058,0.956654543425194,0.74,0.114881074955848,0.74,0.114046188642793,0.0768054923291355
"gamma_bin_7.50_3.40","gamma_bin","vary_mean",7.5,FALSE,131,0.875312502934994,0.956522596015438,0.71,0.115281637288487,0.72,0.114483809997891,0.0812100930804445
"gamma_bin_7.50_3.40","gamma_bin","vary_mean",7.5,FALSE,132,0.875810644994376,0.957240054962035,0.7,0.113710797262479,0.7,0.11293312123794,0.0814294099676593
"gamma_bin_7.50_3.40","gamma_bin","vary_mean",7.5,FALSE,133,0.881891211117993,0.958876238333821,0.71,0.110553034196155,0.71,0.109817405033523,0.0769850272158284
"gamma_bin_7.50_3.40","gamma_bin","vary_mean",7.5,FALSE,134,0.894096753734329,0.961265583627385,0.74,0.107451479629738,0.76,0.106716958958437,0.0671688298930562
"gamma_bin_7.50_3.40","gamma_bin","vary_mean",7.5,FALSE,135,0.912538889585145,0.964114585624036,0.79,0.105573514696103,0.81,0.104928627477273,0.051575696038891
"gamma_bin_7.50_3.40","gamma_bin","vary_mean",7.5,FALSE,136,0.935968580436848,0.967237570296074,0.83,0.105888145260082,0.84,0.105268592797974,0.0312689898592261
"gamma_bin_7.50_3.40","gamma_bin","vary_mean",7.5,FALSE,137,0.962748452443007,0.970528552281021,0.89,0.108165618827969,0.9,0.10756153960074,0.00778009983801387
"gamma_bin_7.50_3.40","gamma_bin","vary_mean",7.5,FALSE,138,0.991058087015847,0.973619311369788,0.92,0.111685186456375,0.92,0.110824087798578,-0.0174387756460593
"gamma_bin_7.50_3.40","gamma_bin","vary_mean",7.5,FALSE,139,1.01894781256074,0.976392702804822,0.89,0.114807038029607,0.88,0.11383432134903,-0.0425551097559181
"gamma_bin_7.50_3.40","gamma_bin","vary_mean",7.5,FALSE,140,1.04444932027992,0.978679084805345,0.76,0.116496848591897,0.75,0.115552418395308,-0.0657702354745754
"gamma_bin_7.50_3.40","gamma_bin","vary_mean",7.5,FALSE,141,1.0657059122687,0.98037684790415,0.64,0.116223155112326,0.64,0.115412703107762,-0.0853290643645499
"gamma_bin_7.50_3.40","gamma_bin","vary_mean",7.5,FALSE,142,1.0810929449843,0.981406366609432,0.57,0.114167283769327,0.56,0.113339553344756,-0.099686578374868
"gamma_bin_7.50_3.40","gamma_bin","vary_mean",7.5,FALSE,143,1.08930930531451,0.981702353021648,0.53,0.111373337161402,0.52,0.110538432608564,-0.107606952292862
"gamma_bin_7.50_3.40","gamma_bin","vary_mean",7.5,FALSE,144,1.08943317712892,0.981481047144897,0.49,0.109455497087988,0.49,0.108541400802994,-0.107952129984023
"gamma_bin_7.50_3.40","gamma_bin","vary_mean",7.5,FALSE,145,1.08148967301391,0.980787173038188,0.52,0.109683889960543,0.5,0.108578299669065,-0.100702499975722
"gamma_bin_7.50_3.40","gamma_bin","vary_mean",7.5,FALSE,146,1.067118056924,0.97957670797487,0.64,0.111436472237198,0.6,0.110444759637341,-0.0875413489491297
"gamma_bin_7.50_3.40","gamma_bin","vary_mean",7.5,FALSE,147,1.04828964020928,0.977846309236906,0.78,0.114270074229665,0.74,0.113157430338,-0.0704433309723739
"gamma_bin_7.50_3.40","gamma_bin","vary_mean",7.5,FALSE,148,1.02693455801449,0.975688368328287,0.86,0.11683577509076,0.85,0.115856600587907,-0.051246189686203
"gamma_bin_7.50_3.40","gamma_bin","vary_mean",7.5,FALSE,149,1.00477443375589,0.973154677145874,0.93,0.118122476280234,0.91,0.117196437163402,-0.0316197566100158
"gamma_bin_7.50_3.40","gamma_bin","vary_mean",7.5,FALSE,150,0.983222907766779,0.970231619298216,0.98,0.117372763425783,0.97,0.116455403145486,-0.0129912884685631
"gamma_bin_7.50_3.40","gamma_bin","vary_mean",7.5,FALSE,151,0.963363940769346,0.966898986991482,0.97,0.114642736514812,0.97,0.113763278925337,0.00353504622213563
"gamma_bin_7.50_3.40","gamma_bin","vary_mean",7.5,FALSE,152,0.945985514931433,0.963335220630138,0.95,0.110755725665405,0.95,0.110012751811424,0.0173497056987049
"gamma_bin_7.50_3.40","gamma_bin","vary_mean",7.5,FALSE,153,0.931639698450479,0.959682479235401,0.9,0.107399903328616,0.93,0.106652722243603,0.0280427807849216
"gamma_bin_7.50_3.40","gamma_bin","vary_mean",7.5,FALSE,154,0.920706027513323,0.956235126091749,0.85,0.105815297766443,0.87,0.105095230269262,0.035529098578426
"gamma_bin_7.50_3.40","gamma_bin","vary_mean",7.5,FALSE,155,0.913287949909382,0.953211626133502,0.83,0.106328982869183,0.84,0.105666023338694,0.0399236762241195
"gamma_bin_7.50_3.40","gamma_bin","vary_mean",7.5,FALSE,156,0.909118262499206,0.950671456592296,0.83,0.108613568571856,0.84,0.107971090593564,0.0415531940930898
"gamma_bin_7.50_3.40","gamma_bin","vary_mean",7.5,FALSE,157,0.90786599524967,0.948725607047691,0.82,0.111768721500267,0.86,0.111108072357786,0.0408596117980211
"gamma_bin_7.50_3.40","gamma_bin","vary_mean",7.5,FALSE,158,0.909191813449816,0.947584690737021,0.88,0.114326803883623,0.88,0.113665978976038,0.0383928772872045
"gamma_bin_7.50_3.40","gamma_bin","vary_mean",7.5,FALSE,159,0.9127706498954,0.947260255743039,0.9,0.115291378145834,0.89,0.114604264068322,0.0344896058476392
"gamma_bin_7.50_3.40","gamma_bin","vary_mean",7.5,FALSE,160,0.918310343562916,0.947749964802457,0.92,0.114241628702353,0.92,0.113484485157172,0.0294396212395415
"gamma_bin_7.50_3.40","gamma_bin","vary_mean",7.5,FALSE,161,0.925562601543549,0.948994715352252,0.92,0.111803972842749,0.92,0.111123177062454,0.0234321138087026
"gamma_bin_7.50_3.40","gamma_bin","vary_mean",7.5,FALSE,162,0.934326617511047,0.951132909262902,0.93,0.108970960709635,0.93,0.108339367006242,0.0168062917518553
"gamma_bin_7.50_3.40","gamma_bin","vary_mean",7.5,FALSE,163,0.944447396594412,0.954020027362465,0.94,0.10728417510314,0.94,0.106644329948756,0.00957263076805304
"gamma_bin_7.50_3.40","gamma_bin","vary_mean",7.5,FALSE,164,0.955808426255688,0.957777567932355,0.95,0.107697337567142,0.96,0.106975272688233,0.00196914167666706
"gamma_bin_7.50_3.40","gamma_bin","vary_mean",7.5,FALSE,165,0.968171987055275,0.962376933313285,0.96,0.110012285145031,0.96,0.109194778275895,-0.00579505374199007
"gamma_bin_7.50_3.40","gamma_bin","vary_mean",7.5,FALSE,166,0.981075418082579,0.967706171454111,0.94,0.11338745635919,0.93,0.112592988456621,-0.0133692466284678
"gamma_bin_7.50_3.40","gamma_bin","vary_mean",7.5,FALSE,167,0.99403776313242,0.97386507603881,0.91,0.116714899145754,0.92,0.115882697976603,-0.0201726870936103
"gamma_bin_7.50_3.40","gamma_bin","vary_mean",7.5,FALSE,168,1.00658618871785,0.980703222994013,0.92,0.118609548369593,0.92,0.117854340906799,-0.0258829657238366
"gamma_bin_7.50_3.40","gamma_bin","vary_mean",7.5,FALSE,169,1.01827263962082,0.988198837372196,0.92,0.118705285461485,0.92,0.11784323702345,-0.030073802248624
"gamma_bin_7.50_3.40","gamma_bin","vary_mean",7.5,FALSE,170,1.02869207421039,0.996438147589867,0.91,0.116974429843749,0.9,0.116177995226345,-0.0322539266205234
"gamma_bin_7.50_3.40","gamma_bin","vary_mean",7.5,FALSE,171,1.03749575970787,1.00534124994046,0.89,0.114685659816874,0.87,0.113944337712554,-0.0321545097674061
"gamma_bin_7.50_3.40","gamma_bin","vary_mean",7.5,FALSE,172,1.04439766370686,1.014970216852,0.89,0.113408505167134,0.89,0.112669183013812,-0.0294274468548645
"gamma_bin_7.50_3.40","gamma_bin","vary_mean",7.5,FALSE,173,1.04917474480308,1.02512056544972,0.88,0.114142378119952,0.88,0.113328912426998,-0.0240541793533577
"gamma_bin_7.50_3.40","gamma_bin","vary_mean",7.5,FALSE,174,1.05167598943045,1.0357551906633,0.89,0.116975028629725,0.9,0.116148635019152,-0.015920798767151
"gamma_bin_7.50_3.40","gamma_bin","vary_mean",7.5,FALSE,175,1.05228684352057,1.04712527307898,0.93,0.121052935905362,0.92,0.120266895305494,-0.00516157044159016
"gamma_bin_7.50_3.40","gamma_bin","vary_mean",7.5,FALSE,176,1.05205037229906,1.05907381661851,0.93,0.125403985473245,0.93,0.124537259057232,0.00702344431944835
"gamma_bin_7.50_3.40","gamma_bin","vary_mean",7.5,FALSE,177,1.05206304074467,1.07158924044477,0.92,0.128554289091659,0.93,0.127549777005443,0.0195261997001039
"gamma_bin_7.50_3.40","gamma_bin","vary_mean",7.5,FALSE,178,1.0533911428065,1.08465918948105,0.93,0.129662348766174,0.93,0.128670487940976,0.0312680466745461
"gamma_bin_7.50_3.40","gamma_bin","vary_mean",7.5,FALSE,179,1.05702523270082,1.09823614003996,0.89,0.128569088974814,0.91,0.127615431964184,0.0412109073391353
"gamma_bin_7.50_3.40","gamma_bin","vary_mean",7.5,FALSE,180,1.06385390304002,1.11220292821508,0.86,0.126113090026932,0.86,0.12522326904482,0.0483490251750638
"gamma_bin_7.50_3.40","gamma_bin","vary_mean",7.5,FALSE,181,1.07466368846286,1.12621346920689,0.82,0.124234802302285,0.85,0.12334819969649,0.0515497807440262
"gamma_bin_7.50_3.40","gamma_bin","vary_mean",7.5,FALSE,182,1.09015918537017,1.14013446278049,0.83,0.124283415678883,0.84,0.12325849358868,0.0499752774103239
"gamma_bin_7.50_3.40","gamma_bin","vary_mean",7.5,FALSE,183,1.11099415707904,1.15350389628815,0.87,0.126611450812406,0.87,0.125472902751034,0.0425097392091098
"gamma_bin_7.50_3.40","gamma_bin","vary_mean",7.5,FALSE,184,1.13776253966062,1.16608836524853,0.91,0.130920232889139,0.92,0.129695800737138,0.0283258255879077
"gamma_bin_7.50_3.40","gamma_bin","vary_mean",7.5,FALSE,185,1.16994138910722,1.17768863605223,0.91,0.136148743810049,0.9,0.134795413552187,0.00774724694501261
"gamma_bin_7.50_3.40","gamma_bin","vary_mean",7.5,FALSE,186,1.20568067952197,1.1879450431008,0.9,0.140081726439403,0.92,0.138705874825646,-0.017735636421174
"gamma_bin_7.50_3.40","gamma_bin","vary_mean",7.5,FALSE,187,1.24280592689739,1.19680084791529,0.88,0.141717911386296,0.87,0.140292569505001,-0.0460050789821003
"gamma_bin_7.50_3.40","gamma_bin","vary_mean",7.5,FALSE,188,1.27892507759421,1.20409355266692,0.83,0.140590519078283,0.81,0.139250847130643,-0.0748315249272851
"gamma_bin_7.50_3.40","gamma_bin","vary_mean",7.5,FALSE,189,1.31157809299846,1.20961448508705,0.74,0.137360028926905,0.72,0.136165676300994,-0.101963607911407
"gamma_bin_7.50_3.40","gamma_bin","vary_mean",7.5,FALSE,190,1.33842575739913,1.21342153269442,0.6,0.134057005459564,0.53,0.132696302646814,-0.125004224704707
"gamma_bin_7.50_3.40","gamma_bin","vary_mean",7.5,FALSE,191,1.35742493987032,1.2154443260309,0.47,0.132136278023759,0.43,0.131024602162283,-0.14198061383942
"gamma_bin_7.50_3.40","gamma_bin","vary_mean",7.5,FALSE,192,1.36695842059754,1.21556564555227,0.37,0.132733737758421,0.35,0.131651536638177,-0.151392775045269
"gamma_bin_7.50_3.40","gamma_bin","vary_mean",7.5,FALSE,193,1.36590703303142,1.21373083504379,0.41,0.135129450519465,0.37,0.134064283908612,-0.152176197987634
"gamma_bin_7.50_3.40","gamma_bin","vary_mean",7.5,FALSE,194,1.35374441935837,1.21000658255159,0.53,0.138492956291861,0.47,0.137241695064302,-0.143737836806784
"gamma_bin_7.50_3.40","gamma_bin","vary_mean",7.5,FALSE,195,1.33179505256341,1.20457001607915,0.63,0.140903550212213,0.61,0.139687323645409,-0.127225036484262
"gamma_bin_7.50_3.40","gamma_bin","vary_mean",7.5,FALSE,196,1.30282908300336,1.19727371975731,0.7,0.141124906447335,0.71,0.139936528804401,-0.105555363246047
"gamma_bin_7.50_3.40","gamma_bin","vary_mean",7.5,FALSE,197,1.26962792749398,1.18817091707936,0.8,0.13840687815203,0.78,0.137386812265513,-0.0814570104146235
"gamma_bin_7.50_3.40","gamma_bin","vary_mean",7.5,FALSE,198,1.23470197201586,1.17748358988321,0.86,0.133217888267982,0.84,0.132299320937086,-0.0572183821326535
"gamma_bin_7.50_3.40","gamma_bin","vary_mean",7.5,FALSE,199,1.20012008532359,1.16571321124921,0.89,0.127333814379591,0.91,0.126410636215499,-0.0344068740743806
"gamma_bin_7.50_3.40","gamma_bin","vary_mean",7.5,FALSE,200,1.16745324780638,1.15347481817279,0.92,0.122673617302983,0.92,0.12192956206472,-0.0139784296335881
"gamma_bin_7.50_3.40","gamma_bin","vary_mean",7.5,FALSE,201,1.13781324493009,1.14119060577393,0.95,0.120644940875464,0.92,0.119821669895089,0.00337736084384144
"gamma_bin_7.50_3.40","gamma_bin","vary_mean",7.5,FALSE,202,1.11194114249594,1.12953492550448,0.96,0.121160143132063,0.96,0.120294459107406,0.0175937830085371
"gamma_bin_7.50_3.40","gamma_bin","vary_mean",7.5,FALSE,203,1.09030738318271,1.11875404233284,0.93,0.123271376598634,0.93,0.12234894588362,0.0284466591501289
"gamma_bin_7.50_3.40","gamma_bin","vary_mean",7.5,FALSE,204,1.07317842503564,1.10910895416489,0.94,0.125572712430001,0.94,0.124664310664408,0.0359305291292547
"gamma_bin_7.50_3.40","gamma_bin","vary_mean",7.5,FALSE,205,1.06040347302214,1.10104964524156,0.93,0.126735588509326,0.93,0.125932506552259,0.0406461722194174
"gamma_bin_7.50_3.40","gamma_bin","vary_mean",7.5,FALSE,206,1.05156904168052,1.09464499104851,0.92,0.126057735536263,0.92,0.125247923698881,0.0430759493679893
"gamma_bin_7.50_3.40","gamma_bin","vary_mean",7.5,FALSE,207,1.04624950999474,1.08996553418881,0.89,0.123257503939468,0.92,0.122537859869324,0.0437160241940666
"gamma_bin_7.50_3.40","gamma_bin","vary_mean",7.5,FALSE,208,1.04403704329192,1.08717806177738,0.89,0.11963211741361,0.89,0.118990961135306,0.0431410184854628
"gamma_bin_7.50_3.40","gamma_bin","vary_mean",7.5,FALSE,209,1.0445651521307,1.08622253579974,0.89,0.116858342150538,0.89,0.116196261819759,0.0416573836690437
"gamma_bin_7.50_3.40","gamma_bin","vary_mean",7.5,FALSE,210,1.04752392002038,1.08731885987804,0.88,0.116241475378801,0.87,0.115674997767457,0.0397949398576605
"gamma_bin_7.50_3.40","gamma_bin","vary_mean",7.5,FALSE,211,1.05266551803821,1.09030729426153,0.9,0.118329955621786,0.89,0.117579852853528,0.0376417762233223
"gamma_bin_7.50_3.40","gamma_bin","vary_mean",7.5,FALSE,212,1.0598023103751,1.09533391014118,0.87,0.121895016452088,0.87,0.12110702940314,0.035531599766083
"gamma_bin_7.50_3.40","gamma_bin","vary_mean",7.5,FALSE,213,1.06880062573221,1.1022593455353,0.87,0.125964914914475,0.87,0.125257052671432,0.0334587198030936
"gamma_bin_7.50_3.40","gamma_bin","vary_mean",7.5,FALSE,214,1.0795784696348,1.11108862858965,0.93,0.129473727970921,0.92,0.128686154760672,0.031510158954845
"gamma_bin_7.50_3.40","gamma_bin","vary_mean",7.5,FALSE,215,1.09215111452811,1.12189023196026,0.94,0.131452113104027,0.94,0.130567223891848,0.0297391174321504
"gamma_bin_7.50_3.40","gamma_bin","vary_mean",7.5,FALSE,216,1.10660255202503,1.13469845991289,0.94,0.130898305579293,0.93,0.130101892498987,0.0280959078878573
"gamma_bin_7.50_3.40","gamma_bin","vary_mean",7.5,FALSE,217,1.1230463183655,1.14937781466807,0.93,0.128764483286836,0.94,0.127953017553535,0.0263314963025718
"gamma_bin_7.50_3.40","gamma_bin","vary_mean",7.5,FALSE,218,1.14161803384419,1.16567557437598,0.93,0.126157814156636,0.93,0.125357498788959,0.0240575405317882
"gamma_bin_7.50_3.40","gamma_bin","vary_mean",7.5,FALSE,219,1.16246850453014,1.18323299262132,0.92,0.125093050305529,0.93,0.124242123520171,0.0207644880911824
"gamma_bin_7.50_3.40","gamma_bin","vary_mean",7.5,FALSE,220,1.18575867786174,1.20149494854643,0.93,0.126690851242161,0.93,0.125739340736996,0.0157362706846851
"gamma_bin_7.50_3.40","gamma_bin","vary_mean",7.5,FALSE,221,1.21165701983639,1.22031158123673,0.96,0.130688226819011,0.95,0.129757276625916,0.00865456140033927
"gamma_bin_7.50_3.40","gamma_bin","vary_mean",7.5,FALSE,222,1.24033898455105,1.23928996743456,0.96,0.136197157960215,0.96,0.135131321941367,-0.00104901711649141
"gamma_bin_7.50_3.40","gamma_bin","vary_mean",7.5,FALSE,223,1.27198794287079,1.25812072542279,0.97,0.141427690793071,0.96,0.140326047079206,-0.0138672174480021
"gamma_bin_7.50_3.40","gamma_bin","vary_mean",7.5,FALSE,224,1.30666523446541,1.27670053012265,0.95,0.145022028484611,0.94,0.143760623647507,-0.0299647043427573
"gamma_bin_7.50_3.40","gamma_bin","vary_mean",7.5,FALSE,225,1.3433530482977,1.29486523055071,0.9,0.145754515715332,0.89,0.144469124455768,-0.0484878177469921
"gamma_bin_7.50_3.40","gamma_bin","vary_mean",7.5,FALSE,226,1.38038171186225,1.31226933007491,0.81,0.143923235589386,0.8,0.142653465625389,-0.0681123817873357
"gamma_bin_7.50_3.40","gamma_bin","vary_mean",7.5,FALSE,227,1.41592160258673,1.32873735205422,0.76,0.141223127160632,0.76,0.140024269036406,-0.0871842505325093
"gamma_bin_7.50_3.40","gamma_bin","vary_mean",7.5,FALSE,228,1.44808142918806,1.34373024832187,0.67,0.139575058002444,0.69,0.138538497161735,-0.104351180866187
"gamma_bin_7.50_3.40","gamma_bin","vary_mean",7.5,FALSE,229,1.47504730588812,1.35678113720472,0.63,0.140910000690477,0.6,0.139755890746345,-0.118266168683402
"gamma_bin_7.50_3.40","gamma_bin","vary_mean",7.5,FALSE,230,1.49521587906308,1.36766994531159,0.61,0.144990471050482,0.58,0.143723021409911,-0.127545933751485
"gamma_bin_7.50_3.40","gamma_bin","vary_mean",7.5,FALSE,231,1.50729103953841,1.37611441619126,0.63,0.15057305006541,0.62,0.149227147536268,-0.131176623347148
"gamma_bin_7.50_3.40","gamma_bin","vary_mean",7.5,FALSE,232,1.51033534857617,1.38204688092577,0.66,0.155714128376757,0.64,0.154386483108042,-0.128288467650405
"gamma_bin_7.50_3.40","gamma_bin","vary_mean",7.5,FALSE,233,1.50378097074586,1.3850519985365,0.71,0.158347086940802,0.69,0.157006382956068,-0.118728972209361
"gamma_bin_7.50_3.40","gamma_bin","vary_mean",7.5,FALSE,234,1.48764960471254,1.38513897902902,0.73,0.157783986377335,0.73,0.156415675926423,-0.102510625683525
"gamma_bin_7.50_3.40","gamma_bin","vary_mean",7.5,FALSE,235,1.46373241708909,1.38215210506386,0.8,0.15391044290868,0.77,0.152534977715751,-0.0815803120252299
"gamma_bin_7.50_3.40","gamma_bin","vary_mean",7.5,FALSE,236,1.43448143272486,1.37635922838029,0.87,0.148402156289003,0.86,0.147049379050109,-0.0581222043445664
"gamma_bin_7.50_3.40","gamma_bin","vary_mean",7.5,FALSE,237,1.40223769952072,1.36821846184982,0.9,0.143336362799866,0.89,0.14217496381652,-0.0340192376709005
"gamma_bin_7.50_3.40","gamma_bin","vary_mean",7.5,FALSE,238,1.36905513115977,1.35831011909952,0.94,0.1405029975291,0.94,0.139463894838309,-0.0107450120602479
"gamma_bin_7.50_3.40","gamma_bin","vary_mean",7.5,FALSE,239,1.33659069308879,1.34737133718635,0.96,0.140823115736108,0.95,0.139807710886157,0.0107806440975606
"gamma_bin_7.50_3.40","gamma_bin","vary_mean",7.5,FALSE,240,1.30608415861083,1.33546469316788,0.95,0.143256506021837,0.96,0.142244727304044,0.0293805345570459
"gamma_bin_7.50_3.40","gamma_bin","vary_mean",7.5,FALSE,241,1.27840456713347,1.32317709308865,0.94,0.146173102656505,0.94,0.145142378296953,0.0447725259551772
"gamma_bin_7.50_3.40","gamma_bin","vary_mean",7.5,FALSE,242,1.25412742548082,1.31066528681821,0.94,0.148480215470462,0.93,0.147466265811996,0.056537861337389
"gamma_bin_7.50_3.40","gamma_bin","vary_mean",7.5,FALSE,243,1.23361554311767,1.29814923029025,0.91,0.149307285342233,0.93,0.148485263083247,0.0645336871725837
"gamma_bin_7.50_3.40","gamma_bin","vary_mean",7.5,FALSE,244,1.21706403589592,1.28553462724235,0.89,0.149184614569608,0.9,0.148214853615398,0.0684705913464347
"gamma_bin_7.50_3.40","gamma_bin","vary_mean",7.5,FALSE,245,1.20445667363505,1.27293270778732,0.89,0.149541313244971,0.92,0.148610207708951,0.0684760341522686
"gamma_bin_7.50_3.40","gamma_bin","vary_mean",7.5,FALSE,246,1.19569657050359,1.26071244404248,0.9,0.153028390590994,0.91,0.152024441080994,0.065015873538887
"gamma_bin_7.50_3.40","gamma_bin","vary_mean",7.5,FALSE,247,1.19067334691389,1.24908700030741,0.91,0.161335902698005,0.91,0.160187898748511,0.0584136533935165
"gamma_bin_7.50_3.40","gamma_bin","vary_mean",7.5,FALSE,248,1.1892846905786,1.23827189379761,0.95,0.174346411117458,0.96,0.173143594100507,0.0489872032190086
"gamma_bin_7.50_3.40","gamma_bin","vary_mean",7.5,FALSE,249,1.1914521017446,1.22843133823462,0.99,0.191094301747992,0.99,0.189719408788709,0.0369792364900174
"gamma_bin_7.50_3.40","gamma_bin","vary_mean",7.5,FALSE,250,1.19713021020468,1.21950443142301,1,0.210355841765662,1,0.20866394918048,0.0223742212183276
"gamma_bin_7.50_3.40","gamma_bin","vary_mean",7.5,FALSE,251,1.20631090184647,1.21164577069184,1,0.231092660412255,1,0.228988285414707,0.00533486884537182
"gamma_bin_7.50_3.40","gamma_bin","vary_mean",7.5,FALSE,252,1.21902415582724,1.20485054705848,1,0.252683291015765,1,0.250104119949563,-0.0141736087687581
"gamma_bin_7.50_3.40","gamma_bin","vary_mean",7.5,FALSE,253,1.23533724681924,1.19916217094737,1,0.275797636067882,1,0.272687338141626,-0.0361750758718682
"gamma_bin_9.00_3.40","gamma_bin","vary_mean",9,FALSE,2,6.47633271060018,NA,NA,NA,NA,NA,NA
"gamma_bin_9.00_3.40","gamma_bin","vary_mean",9,FALSE,3,5.39748004467528,NA,NA,NA,NA,NA,NA
"gamma_bin_9.00_3.40","gamma_bin","vary_mean",9,FALSE,4,4.52153259075373,NA,NA,NA,NA,NA,NA
"gamma_bin_9.00_3.40","gamma_bin","vary_mean",9,FALSE,5,3.81075688710478,NA,NA,NA,NA,NA,NA
"gamma_bin_9.00_3.40","gamma_bin","vary_mean",9,FALSE,6,3.23384975678135,NA,NA,NA,NA,NA,NA
"gamma_bin_9.00_3.40","gamma_bin","vary_mean",9,FALSE,7,2.76512519694591,4.2971038401971,0,0.74646099901344,0,0.739093172926931,1.53197864325119
"gamma_bin_9.00_3.40","gamma_bin","vary_mean",9,FALSE,8,2.38350063829982,2.90146606969677,0.42,0.537483900541637,0.46,0.532209041858966,0.51796543139695
"gamma_bin_9.00_3.40","gamma_bin","vary_mean",9,FALSE,9,2.07220990816182,2.17738494502144,0.98,0.418431451969133,0.99,0.414167170414505,0.105175036859622
"gamma_bin_9.00_3.40","gamma_bin","vary_mean",9,FALSE,10,1.8180094782711,1.76582848879774,1,0.342706435954458,1,0.339485500174254,-0.0521809894733556
"gamma_bin_9.00_3.40","gamma_bin","vary_mean",9,FALSE,11,1.61045019265924,1.5156538855743,0.94,0.290230093302902,0.94,0.287576825762611,-0.0947963070849409
"gamma_bin_9.00_3.40","gamma_bin","vary_mean",9,FALSE,12,1.44129331371926,1.3556949108923,0.94,0.251227479968353,0.93,0.249088169481492,-0.0855984028269567
"gamma_bin_9.00_3.40","gamma_bin","vary_mean",9,FALSE,13,1.30405110997497,1.24922485637657,0.94,0.22102484859213,0.93,0.219059964375471,-0.0548262535984005
"gamma_bin_9.00_3.40","gamma_bin","vary_mean",9,FALSE,14,1.1936337473603,1.17566904895116,0.95,0.19726521916955,0.94,0.195676385673482,-0.0179646984091413
"gamma_bin_9.00_3.40","gamma_bin","vary_mean",9,FALSE,15,1.10608275580624,1.1228965759925,0.96,0.178837487968974,0.98,0.177562449933809,0.0168138201862627
"gamma_bin_9.00_3.40","gamma_bin","vary_mean",9,FALSE,16,1.03836845094092,1.08337514061753,0.95,0.165121414219432,0.95,0.163961628671477,0.0450066896766104
"gamma_bin_9.00_3.40","gamma_bin","vary_mean",9,FALSE,17,0.987514418464918,1.05214802055662,0.92,0.155174526713603,0.92,0.154076730687283,0.0646336020917027
"gamma_bin_9.00_3.40","gamma_bin","vary_mean",9,FALSE,18,0.94985341422689,1.02635434011613,0.84,0.147688998449654,0.85,0.14657084813576,0.0765009258892364
"gamma_bin_9.00_3.40","gamma_bin","vary_mean",9,FALSE,19,0.922342058412537,1.00371789211922,0.79,0.14112363974934,0.82,0.140108478831595,0.0813758337066826
"gamma_bin_9.00_3.40","gamma_bin","vary_mean",9,FALSE,20,0.902533145800087,0.982992145799218,0.74,0.134400242797242,0.77,0.133297856702181,0.0804589999991305
"gamma_bin_9.00_3.40","gamma_bin","vary_mean",9,FALSE,21,0.888443579660898,0.963344608426654,0.74,0.127147910693836,0.75,0.12620026525888,0.0749010287657562
"gamma_bin_9.00_3.40","gamma_bin","vary_mean",9,FALSE,22,0.878474950045775,0.944265781737977,0.77,0.120334618110606,0.8,0.119431342223802,0.0657908316922022
"gamma_bin_9.00_3.40","gamma_bin","vary_mean",9,FALSE,23,0.871353706634507,0.925500090166659,0.83,0.114814583049459,0.82,0.113961188492819,0.0541463835321517
"gamma_bin_9.00_3.40","gamma_bin","vary_mean",9,FALSE,24,0.866079695774009,0.907000214351786,0.87,0.111382040292131,0.89,0.110576053324515,0.0409205185777771
"gamma_bin_9.00_3.40","gamma_bin","vary_mean",9,FALSE,25,0.861880113955128,0.888737113611392,0.92,0.110065519611482,0.95,0.109310592047907,0.0268569996562636
"gamma_bin_9.00_3.40","gamma_bin","vary_mean",9,FALSE,26,0.858167576978305,0.870700375226323,0.97,0.110105915505065,0.98,0.109212930877304,0.0125327982480181
"gamma_bin_9.00_3.40","gamma_bin","vary_mean",9,FALSE,27,0.854446587171991,0.852895446086361,0.98,0.110408833787567,0.98,0.109545283526808,-0.00155114108563037
"gamma_bin_9.00_3.40","gamma_bin","vary_mean",9,FALSE,28,0.850242530612154,0.835350495040107,0.96,0.110022605683003,0.95,0.109137246505603,-0.0148920355720468
"gamma_bin_9.00_3.40","gamma_bin","vary_mean",9,FALSE,29,0.845168044117022,0.818206630527899,0.94,0.108065110273125,0.95,0.107158863886688,-0.0269614135891233
"gamma_bin_9.00_3.40","gamma_bin","vary_mean",9,FALSE,30,0.838916821827613,0.801417537698102,0.88,0.104367603622088,0.88,0.103552095182841,-0.0374992841295112
"gamma_bin_9.00_3.40","gamma_bin","vary_mean",9,FALSE,31,0.83125458603177,0.784828318075061,0.79,0.0999879707985723,0.78,0.0992252487348399,-0.0464262679567093
"gamma_bin_9.00_3.40","gamma_bin","vary_mean",9,FALSE,32,0.822012955905288,0.768628271195419,0.78,0.0958050773594019,0.77,0.0950689670518202,-0.0533846847098693
"gamma_bin_9.00_3.40","gamma_bin","vary_mean",9,FALSE,33,0.811083441801087,0.7528291363684,0.77,0.0928698117395783,0.76,0.0921230290673558,-0.058254305432687
"gamma_bin_9.00_3.40","gamma_bin","vary_mean",9,FALSE,34,0.798410706391415,0.737515559569288,0.75,0.0913550514239005,0.72,0.090630890939541,-0.0608951468221268
"gamma_bin_9.00_3.40","gamma_bin","vary_mean",9,FALSE,35,0.783985284249482,0.722680086982695,0.75,0.0912184803542057,0.73,0.0904254184874606,-0.0613051972667872
"gamma_bin_9.00_3.40","gamma_bin","vary_mean",9,FALSE,36,0.767842249776292,0.708225468302187,0.79,0.0917625645991463,0.76,0.0910527547553798,-0.0596167814741049
"gamma_bin_9.00_3.40","gamma_bin","vary_mean",9,FALSE,37,0.750320099865667,0.694239773420358,0.8,0.0921069607379684,0.78,0.0913652991405658,-0.0560803264453092
"gamma_bin_9.00_3.40","gamma_bin","vary_mean",9,FALSE,38,0.732127511283489,0.680730071703485,0.81,0.0914869309954444,0.8,0.090873871195254,-0.0513974395800042
"gamma_bin_9.00_3.40","gamma_bin","vary_mean",9,FALSE,39,0.713945546467747,0.667621992032198,0.87,0.0894665844159063,0.85,0.0888268781226349,-0.0463235544355488
"gamma_bin_9.00_3.40","gamma_bin","vary_mean",9,FALSE,40,0.696377644387645,0.655081442522378,0.88,0.0864219176943561,0.87,0.0858245024927315,-0.0412962018652671
"gamma_bin_9.00_3.40","gamma_bin","vary_mean",9,FALSE,41,0.679931575981829,0.64324007149715,0.89,0.0833142648612796,0.88,0.0827021631288366,-0.0366915044846785
"gamma_bin_9.00_3.40","gamma_bin","vary_mean",9,FALSE,42,0.665012401557135,0.632099623856768,0.89,0.0808816363958927,0.88,0.0802455559606229,-0.0329127777003674
"gamma_bin_9.00_3.40","gamma_bin","vary_mean",9,FALSE,43,0.65192842067752,0.621864510452889,0.9,0.0796933791137029,0.89,0.0790851567566305,-0.0300639102246308
"gamma_bin_9.00_3.40","gamma_bin","vary_mean",9,FALSE,44,0.640906266957601,0.612771939588055,0.91,0.0795787930734624,0.92,0.0790085623168451,-0.0281343273695462
"gamma_bin_9.00_3.40","gamma_bin","vary_mean",9,FALSE,45,0.632110069284813,0.604778137621783,0.93,0.080281485587845,0.93,0.0797171109223292,-0.0273319316630296
"gamma_bin_9.00_3.40","gamma_bin","vary_mean",9,FALSE,46,0.625656360123327,0.598032493658109,0.93,0.0811527692773767,0.93,0.0804942287305129,-0.0276238664652179
"gamma_bin_9.00_3.40","gamma_bin","vary_mean",9,FALSE,47,0.621502273809677,0.592551688204085,0.94,0.0814494410830184,0.93,0.0807578828641643,-0.0289505856055924
"gamma_bin_9.00_3.40","gamma_bin","vary_mean",9,FALSE,48,0.619441171957512,0.588364872125958,0.92,0.0806764290632881,0.91,0.080015629576914,-0.0310762998315537
"gamma_bin_9.00_3.40","gamma_bin","vary_mean",9,FALSE,49,0.619256488578844,0.58558785455155,0.86,0.0788990538350654,0.85,0.0783302215275594,-0.0336686340272935
"gamma_bin_9.00_3.40","gamma_bin","vary_mean",9,FALSE,50,0.620736004042686,0.584053792648011,0.84,0.076786913938,0.83,0.0762964664531825,-0.0366822113946749
"gamma_bin_9.00_3.40","gamma_bin","vary_mean",9,FALSE,51,0.623679916186844,0.583661103248545,0.8,0.0751065173595819,0.79,0.074640674009938,-0.0400188129382995
"gamma_bin_9.00_3.40","gamma_bin","vary_mean",9,FALSE,52,0.627908213332621,0.584392287266338,0.77,0.0745085488454426,0.77,0.0740254022188704,-0.0435159260662831
"gamma_bin_9.00_3.40","gamma_bin","vary_mean",9,FALSE,53,0.633265384812971,0.58616881131697,0.75,0.0754043313583407,0.73,0.0748501500393322,-0.0470965734960013
"gamma_bin_9.00_3.40","gamma_bin","vary_mean",9,FALSE,54,0.639622221613428,0.588993031457361,0.75,0.0772934688867707,0.73,0.0767309655760778,-0.0506291901560668
"gamma_bin_9.00_3.40","gamma_bin","vary_mean",9,FALSE,55,0.646875295241765,0.592718963554922,0.75,0.0795449591296345,0.73,0.0789707930535582,-0.0541563316868433
"gamma_bin_9.00_3.40","gamma_bin","vary_mean",9,FALSE,56,0.654940797889892,0.597291653993154,0.73,0.0816440672004872,0.72,0.0810010524652586,-0.0576491438967376
"gamma_bin_9.00_3.40","gamma_bin","vary_mean",9,FALSE,57,0.663667548235467,0.602779817375786,0.73,0.0828744070692191,0.73,0.0821579986706831,-0.0608877308596806
"gamma_bin_9.00_3.40","gamma_bin","vary_mean",9,FALSE,58,0.67283196893338,0.608997642797233,0.7,0.0829807404390626,0.67,0.0822588529880044,-0.0638343261361469
"gamma_bin_9.00_3.40","gamma_bin","vary_mean",9,FALSE,59,0.682212593504884,0.615906522865031,0.69,0.0823032685825825,0.68,0.0816534350988049,-0.0663060706398532
"gamma_bin_9.00_3.40","gamma_bin","vary_mean",9,FALSE,60,0.691594549334227,0.623363053537482,0.66,0.0817097177266812,0.64,0.0810913379994035,-0.0682314957967451
"gamma_bin_9.00_3.40","gamma_bin","vary_mean",9,FALSE,61,0.700774343176902,0.631291322333708,0.66,0.0818381947368218,0.64,0.0812351673043144,-0.0694830208431944
"gamma_bin_9.00_3.40","gamma_bin","vary_mean",9,FALSE,62,0.709565411363515,0.639539859148472,0.66,0.0830809982514682,0.64,0.082437187279378,-0.070025552215043
"gamma_bin_9.00_3.40","gamma_bin","vary_mean",9,FALSE,63,0.717802382251417,0.648060162319838,0.67,0.0853083847991475,0.64,0.0847042873364403,-0.0697422199315794
"gamma_bin_9.00_3.40","gamma_bin","vary_mean",9,FALSE,64,0.725343303375917,0.656703615170225,0.72,0.0883426063914343,0.68,0.0876715790758785,-0.0686396882056924
"gamma_bin_9.00_3.40","gamma_bin","vary_mean",9,FALSE,65,0.732069930484564,0.665457889217705,0.75,0.0911912476329588,0.71,0.0905601960205663,-0.0666120412668593
"gamma_bin_9.00_3.40","gamma_bin","vary_mean",9,FALSE,66,0.737895666769886,0.674101439691661,0.77,0.0933269667371155,0.74,0.0925487047320623,-0.0637942270782248
"gamma_bin_9.00_3.40","gamma_bin","vary_mean",9,FALSE,67,0.742895958587221,0.682755603041045,0.79,0.0939162672539289,0.76,0.0931101545358231,-0.0601403555461765
"gamma_bin_9.00_3.40","gamma_bin","vary_mean",9,FALSE,68,0.747278763319657,0.69132428358698,0.82,0.0932950027773032,0.79,0.0925590999596794,-0.0559544797326769
"gamma_bin_9.00_3.40","gamma_bin","vary_mean",9,FALSE,69,0.751271373438236,0.699641475114655,0.81,0.092439714700828,0.81,0.0916929384295924,-0.051629898323581
"gamma_bin_9.00_3.40","gamma_bin","vary_mean",9,FALSE,70,0.755105697598796,0.707739033520486,0.86,0.0920932548752223,0.83,0.0913418336108767,-0.0473666640783098
"gamma_bin_9.00_3.40","gamma_bin","vary_mean",9,FALSE,71,0.759004827658807,0.715583604437911,0.89,0.0928136119569479,0.86,0.0920835651626265,-0.0434212232208956
"gamma_bin_9.00_3.40","gamma_bin","vary_mean",9,FALSE,72,0.76317231106088,0.723237596967152,0.89,0.0948501029629293,0.89,0.0941435051010863,-0.0399347140937283
"gamma_bin_9.00_3.40","gamma_bin","vary_mean",9,FALSE,73,0.767786202417761,0.730727358242216,0.91,0.0975934596642133,0.91,0.0968373417014634,-0.0370588441755451
"gamma_bin_9.00_3.40","gamma_bin","vary_mean",9,FALSE,74,0.772997638290372,0.738014612740258,0.91,0.100506057625893,0.91,0.0996667907621625,-0.0349830255501145
"gamma_bin_9.00_3.40","gamma_bin","vary_mean",9,FALSE,75,0.77893263784533,0.745076243116075,0.91,0.102487840254038,0.9,0.101631625214717,-0.0338563947292546
"gamma_bin_9.00_3.40","gamma_bin","vary_mean",9,FALSE,76,0.78568141824908,0.751936271737303,0.92,0.102917953082003,0.89,0.102109978136005,-0.033745146511777
"gamma_bin_9.00_3.40","gamma_bin","vary_mean",9,FALSE,77,0.793148670755028,0.75849615153674,0.93,0.102027929533659,0.91,0.101242478418256,-0.034652519218288
"gamma_bin_9.00_3.40","gamma_bin","vary_mean",9,FALSE,78,0.801109464577554,0.76481823343298,0.91,0.100731910662548,0.91,0.0999990490921534,-0.0362912311445741
"gamma_bin_9.00_3.40","gamma_bin","vary_mean",9,FALSE,79,0.809317687520099,0.770877051671791,0.91,0.0996767511623139,0.91,0.0990209183186974,-0.0384406358483078
"gamma_bin_9.00_3.40","gamma_bin","vary_mean",9,FALSE,80,0.817518562189946,0.776577107480404,0.91,0.0996719567738429,0.89,0.0989807894810943,-0.0409414547095422
"gamma_bin_9.00_3.40","gamma_bin","vary_mean",9,FALSE,81,0.825462916255739,0.782067934633776,0.91,0.100865740737427,0.89,0.100175385634676,-0.0433949816219631
"gamma_bin_9.00_3.40","gamma_bin","vary_mean",9,FALSE,82,0.832920079463184,0.787392804852242,0.89,0.103425250342945,0.88,0.102707777797658,-0.0455272746109419
"gamma_bin_9.00_3.40","gamma_bin","vary_mean",9,FALSE,83,0.83968668789734,0.792427345556052,0.88,0.10651355272401,0.87,0.10576303354581,-0.0472593423412885
"gamma_bin_9.00_3.40","gamma_bin","vary_mean",9,FALSE,84,0.845591000049052,0.797233954083916,0.88,0.109168983168793,0.88,0.108296458139224,-0.0483570459651362
"gamma_bin_9.00_3.40","gamma_bin","vary_mean",9,FALSE,85,0.850493536894317,0.801845100667503,0.88,0.110284481253829,0.86,0.109400840955771,-0.048648436226814
"gamma_bin_9.00_3.40","gamma_bin","vary_mean",9,FALSE,86,0.854297533108007,0.806148077812966,0.88,0.109490900704448,0.86,0.10870889262144,-0.048149455295041
"gamma_bin_9.00_3.40","gamma_bin","vary_mean",9,FALSE,87,0.857044342489846,0.810148323990562,0.86,0.107884661854419,0.85,0.107026808989557,-0.0468960184992835
"gamma_bin_9.00_3.40","gamma_bin","vary_mean",9,FALSE,88,0.858857822167393,0.814070995829957,0.83,0.1063470542321,0.84,0.105533832902072,-0.0447868263374365
"gamma_bin_9.00_3.40","gamma_bin","vary_mean",9,FALSE,89,0.859878747666928,0.817751410201553,0.83,0.105585416578665,0.82,0.104840697776334,-0.0421273374653752
"gamma_bin_9.00_3.40","gamma_bin","vary_mean",9,FALSE,90,0.86025311141159,0.821443673303355,0.84,0.106457914226405,0.84,0.105682715564006,-0.0388094381082349
"gamma_bin_9.00_3.40","gamma_bin","vary_mean",9,FALSE,91,0.860120701023208,0.824996749004486,0.85,0.108915591193876,0.86,0.107999066589224,-0.0351239520187218
"gamma_bin_9.00_3.40","gamma_bin","vary_mean",9,FALSE,92,0.859606619529194,0.828647285889087,0.87,0.112230956310328,0.87,0.111320822040147,-0.0309593336401068
"gamma_bin_9.00_3.40","gamma_bin","vary_mean",9,FALSE,93,0.8588168361623,0.832374674287368,0.89,0.115145424156148,0.86,0.114204718989875,-0.0264421618749316
"gamma_bin_9.00_3.40","gamma_bin","vary_mean",9,FALSE,94,0.857837212377275,0.836219995136411,0.89,0.116607772214575,0.88,0.115593825141155,-0.0216172172408636
"gamma_bin_9.00_3.40","gamma_bin","vary_mean",9,FALSE,95,0.856734852284735,0.840150402262282,0.9,0.116127980334128,0.89,0.115256884857123,-0.0165844500224535
"gamma_bin_9.00_3.40","gamma_bin","vary_mean",9,FALSE,96,0.855586935925609,0.844361780617489,0.9,0.114515120348161,0.89,0.113663042822341,-0.0112251553081204
"gamma_bin_9.00_3.40","gamma_bin","vary_mean",9,FALSE,97,0.854642173312711,0.848881099701844,0.89,0.112616023703276,0.89,0.111916462548682,-0.00576107361086708
"gamma_bin_9.00_3.40","gamma_bin","vary_mean",9,FALSE,98,0.854216899337268,0.853834426182589,0.9,0.111640456036126,0.9,0.11090451779423,-0.000382473154679097
"gamma_bin_9.00_3.40","gamma_bin","vary_mean",9,FALSE,99,0.854615196085733,0.859159759190969,0.9,0.112175873127062,0.91,0.111353069082305,0.00454456310523577
"gamma_bin_9.00_3.40","gamma_bin","vary_mean",9,FALSE,100,0.856123392287051,0.864900837358675,0.91,0.114298270922916,0.9,0.113538909291241,0.00877744507162392
"gamma_bin_9.00_3.40","gamma_bin","vary_mean",9,FALSE,101,0.859003725920451,0.871084762132812,0.92,0.117683379646056,0.91,0.11676520229339,0.0120810362123613
"gamma_bin_9.00_3.40","gamma_bin","vary_mean",9,FALSE,102,0.863491057515902,0.877851815997502,0.94,0.121073446530421,0.94,0.120111313754112,0.0143607584816002
"gamma_bin_9.00_3.40","gamma_bin","vary_mean",9,FALSE,103,0.869793786137492,0.885072063890912,0.95,0.123361526054874,0.94,0.122470885216062,0.0152782777534202
"gamma_bin_9.00_3.40","gamma_bin","vary_mean",9,FALSE,104,0.878098070350996,0.892759299638857,0.94,0.123885027134944,0.95,0.123004417753617,0.0146612292878615
"gamma_bin_9.00_3.40","gamma_bin","vary_mean",9,FALSE,105,0.888573897619543,0.900851072351138,0.95,0.122717300249349,0.95,0.121897557275596,0.0122771747315952
"gamma_bin_9.00_3.40","gamma_bin","vary_mean",9,FALSE,106,0.901301658370892,0.909256021475041,0.94,0.120881987313732,0.94,0.120135514447416,0.00795436310414932
"gamma_bin_9.00_3.40","gamma_bin","vary_mean",9,FALSE,107,0.915897849763235,0.917835685317257,0.94,0.119533171673487,0.93,0.118667629118161,0.00193783555402194
"gamma_bin_9.00_3.40","gamma_bin","vary_mean",9,FALSE,108,0.931781890770312,0.92650854259966,0.93,0.119518877004343,0.93,0.118662837832281,-0.00527334817065195
"gamma_bin_9.00_3.40","gamma_bin","vary_mean",9,FALSE,109,0.964908287444313,0.935003114696396,0.91,0.12138840461757,0.91,0.120508469793061,-0.0299051727479173
"gamma_bin_9.00_3.40","gamma_bin","vary_mean",9,FALSE,110,0.980887218164916,0.943064811109191,0.89,0.125169728931544,0.89,0.12411617312492,-0.0378224070557246
"gamma_bin_9.00_3.40","gamma_bin","vary_mean",9,FALSE,111,0.995692213942587,0.950603367167368,0.9,0.129191734909203,0.86,0.128175272257206,-0.045088846775219
"gamma_bin_9.00_3.40","gamma_bin","vary_mean",9,FALSE,112,1.00881666031265,0.957333026743335,0.89,0.132644777540709,0.81,0.13156219061853,-0.0514836335693155
"gamma_bin_9.00_3.40","gamma_bin","vary_mean",9,FALSE,113,1.01983605940048,0.963012187515506,0.89,0.134227379589002,0.83,0.133007284166799,-0.0568238718849737
"gamma_bin_9.00_3.40","gamma_bin","vary_mean",9,FALSE,114,1.02841129997895,0.967765900705526,0.87,0.133312929663706,0.84,0.132031880501871,-0.0606453992734243
"gamma_bin_9.00_3.40","gamma_bin","vary_mean",9,FALSE,115,1.03430371035801,0.971609580247113,0.85,0.131061529280445,0.84,0.12979971601019,-0.0626941301108969
"gamma_bin_9.00_3.40","gamma_bin","vary_mean",9,FALSE,116,1.03743175161603,0.974476622353779,0.86,0.128802494522927,0.83,0.127528546716109,-0.0629551292622508
"gamma_bin_9.00_3.40","gamma_bin","vary_mean",9,FALSE,117,1.0378022122009,0.976302809876739,0.85,0.127703902409224,0.84,0.126374935855472,-0.0614994023241608
"gamma_bin_9.00_3.40","gamma_bin","vary_mean",9,FALSE,118,1.03547276308025,0.977245350186077,0.85,0.12823706483394,0.84,0.127160702144561,-0.0582274128941735
"gamma_bin_9.00_3.40","gamma_bin","vary_mean",9,FALSE,119,1.03053550780697,0.9774047896318,0.86,0.130404255893085,0.85,0.12927413983958,-0.0531307181751698
"gamma_bin_9.00_3.40","gamma_bin","vary_mean",9,FALSE,120,1.02310221069091,0.976602630087563,0.88,0.133123140243381,0.89,0.131984738239337,-0.0464995806033471
"gamma_bin_9.00_3.40","gamma_bin","vary_mean",9,FALSE,121,1.01329357541095,0.97509257578111,0.92,0.135164939075611,0.91,0.133967808515247,-0.0382009996298404
"gamma_bin_9.00_3.40","gamma_bin","vary_mean",9,FALSE,122,1.00123289414715,0.972831806744282,0.96,0.135629678163706,0.92,0.134442091234406,-0.0284010874028683
"gamma_bin_9.00_3.40","gamma_bin","vary_mean",9,FALSE,123,0.987043160294477,0.969984125108719,0.96,0.133773411125398,0.97,0.132747816420261,-0.0170590351857581
"gamma_bin_9.00_3.40","gamma_bin","vary_mean",9,FALSE,124,0.970846430550826,0.96655202518049,0.97,0.130493308410644,0.96,0.129582493926874,-0.00429440537033621
"gamma_bin_9.00_3.40","gamma_bin","vary_mean",9,FALSE,125,0.953001568168985,0.96286066888477,0.95,0.127075795080888,0.95,0.126284692529091,0.00985910071578489
"gamma_bin_9.00_3.40","gamma_bin","vary_mean",9,FALSE,126,0.934680947695761,0.959023624290456,0.91,0.124733879587289,0.92,0.123926394113883,0.0243426765946949
"gamma_bin_9.00_3.40","gamma_bin","vary_mean",9,FALSE,127,0.917145793226913,0.95541765594346,0.87,0.124249597957525,0.89,0.123469865100965,0.0382718627165475
"gamma_bin_9.00_3.40","gamma_bin","vary_mean",9,FALSE,128,0.901530406151582,0.952265033591563,0.85,0.125424510742918,0.85,0.124724994040179,0.0507346274399808
"gamma_bin_9.00_3.40","gamma_bin","vary_mean",9,FALSE,129,0.888820761331304,0.949813162213378,0.8,0.128067582023637,0.82,0.127289905537896,0.0609924008820739
"gamma_bin_9.00_3.40","gamma_bin","vary_mean",9,FALSE,130,0.879849051096058,0.94820402502035,0.8,0.130782527748967,0.83,0.129988416136332,0.0683549739242918
"gamma_bin_9.00_3.40","gamma_bin","vary_mean",9,FALSE,131,0.875312502934994,0.947471758171051,0.82,0.132394889078059,0.82,0.131464054585811,0.072159255236057
"gamma_bin_9.00_3.40","gamma_bin","vary_mean",9,FALSE,132,0.875810644994376,0.947978446494546,0.81,0.132099535536044,0.85,0.13109861932825,0.0721678015001702
"gamma_bin_9.00_3.40","gamma_bin","vary_mean",9,FALSE,133,0.881891211117993,0.949428327072717,0.83,0.130016669414503,0.82,0.128990180087705,0.0675371159547238
"gamma_bin_9.00_3.40","gamma_bin","vary_mean",9,FALSE,134,0.894096753734329,0.951770893871802,0.82,0.127220241156434,0.83,0.126219743585252,0.0576741401374734
"gamma_bin_9.00_3.40","gamma_bin","vary_mean",9,FALSE,135,0.912538889585145,0.954911712708869,0.85,0.124900518737651,0.84,0.12390569474564,0.0423728231237241
"gamma_bin_9.00_3.40","gamma_bin","vary_mean",9,FALSE,136,0.935968580436848,0.9585515376423,0.89,0.124260322848323,0.89,0.123266664516862,0.0225829572054519
"gamma_bin_9.00_3.40","gamma_bin","vary_mean",9,FALSE,137,0.962748452443007,0.962498903740498,0.87,0.125589541364384,0.89,0.124492140891183,-0.000249548702508928
"gamma_bin_9.00_3.40","gamma_bin","vary_mean",9,FALSE,138,0.991058087015847,0.966477455156873,0.93,0.12862509836987,0.93,0.127396559428874,-0.024580631858974
"gamma_bin_9.00_3.40","gamma_bin","vary_mean",9,FALSE,139,1.01894781256074,0.97009649175019,0.89,0.132155740864492,0.86,0.130920134427179,-0.0488513208105499
"gamma_bin_9.00_3.40","gamma_bin","vary_mean",9,FALSE,140,1.04444932027992,0.973247187608605,0.77,0.134819021748694,0.74,0.13357079234166,-0.071202132671315
"gamma_bin_9.00_3.40","gamma_bin","vary_mean",9,FALSE,141,1.0657059122687,0.975807959613076,0.67,0.135799672213646,0.65,0.134412918628283,-0.0898979526556237
"gamma_bin_9.00_3.40","gamma_bin","vary_mean",9,FALSE,142,1.0810929449843,0.977683813174142,0.61,0.134220250924934,0.6,0.132996691227352,-0.103409131810158
"gamma_bin_9.00_3.40","gamma_bin","vary_mean",9,FALSE,143,1.08930930531451,0.978924082225417,0.57,0.131542981092942,0.56,0.130329661695377,-0.110385223089093
"gamma_bin_9.00_3.40","gamma_bin","vary_mean",9,FALSE,144,1.08943317712892,0.979233855637787,0.55,0.129160248918774,0.54,0.127878118710009,-0.110199321491133
"gamma_bin_9.00_3.40","gamma_bin","vary_mean",9,FALSE,145,1.08148967301391,0.978765424291137,0.6,0.127976554694116,0.58,0.126730047217755,-0.102724248722774
"gamma_bin_9.00_3.40","gamma_bin","vary_mean",9,FALSE,146,1.067118056924,0.977561848078754,0.64,0.128539227962073,0.63,0.12720792265862,-0.0895562088452463
"gamma_bin_9.00_3.40","gamma_bin","vary_mean",9,FALSE,147,1.04828964020928,0.975603133238296,0.73,0.130538422201208,0.71,0.12929591513728,-0.0726865069709839
"gamma_bin_9.00_3.40","gamma_bin","vary_mean",9,FALSE,148,1.02693455801449,0.972947748855493,0.84,0.133110734287621,0.83,0.13194469035794,-0.0539868091589969
"gamma_bin_9.00_3.40","gamma_bin","vary_mean",9,FALSE,149,1.00477443375589,0.969864512827179,0.93,0.135226282842991,0.92,0.133896595135567,-0.0349099209287106
"gamma_bin_9.00_3.40","gamma_bin","vary_mean",9,FALSE,150,0.983222907766779,0.966421082737292,0.95,0.13565536997415,0.95,0.134282812238029,-0.0168018250294875
"gamma_bin_9.00_3.40","gamma_bin","vary_mean",9,FALSE,151,0.963363940769346,0.962616455330832,0.95,0.13390699449376,0.97,0.132501720146281,-0.000747485438514217
"gamma_bin_9.00_3.40","gamma_bin","vary_mean",9,FALSE,152,0.945985514931433,0.958625659225288,0.94,0.130351311453581,0.95,0.129074572577493,0.0126401442938552
"gamma_bin_9.00_3.40","gamma_bin","vary_mean",9,FALSE,153,0.931639698450479,0.954639846075574,0.92,0.126422439236842,0.92,0.125386118397577,0.0230001476250952
"gamma_bin_9.00_3.40","gamma_bin","vary_mean",9,FALSE,154,0.920706027513323,0.950803013868932,0.89,0.123351218484585,0.9,0.12240840229997,0.0300969863556091
"gamma_bin_9.00_3.40","gamma_bin","vary_mean",9,FALSE,155,0.913287949909382,0.947154909709986,0.88,0.122294220205745,0.89,0.121363353009527,0.0338669598006038
"gamma_bin_9.00_3.40","gamma_bin","vary_mean",9,FALSE,156,0.909118262499206,0.943966158760005,0.88,0.122996202491622,0.87,0.122222034049215,0.034847896260799
"gamma_bin_9.00_3.40","gamma_bin","vary_mean",9,FALSE,157,0.90786599524967,0.941508791460636,0.88,0.125213999845195,0.89,0.124350811470129,0.0336427962109661
"gamma_bin_9.00_3.40","gamma_bin","vary_mean",9,FALSE,158,0.909191813449816,0.939672340135468,0.89,0.127718675430188,0.91,0.126745564591949,0.0304805266856518
"gamma_bin_9.00_3.40","gamma_bin","vary_mean",9,FALSE,159,0.9127706498954,0.938683049059657,0.93,0.129195146789892,0.93,0.128119217581866,0.0259123991642574
"gamma_bin_9.00_3.40","gamma_bin","vary_mean",9,FALSE,160,0.918310343562916,0.938677008775259,0.94,0.128802925446375,0.95,0.127794614717172,0.0203666652123434
"gamma_bin_9.00_3.40","gamma_bin","vary_mean",9,FALSE,161,0.925562601543549,0.939560556253398,0.94,0.126750994782187,0.95,0.125846076393005,0.0139979547098494
"gamma_bin_9.00_3.40","gamma_bin","vary_mean",9,FALSE,162,0.934326617511047,0.941445999783875,0.95,0.124235611763484,0.95,0.123352476187174,0.00711938227282827
"gamma_bin_9.00_3.40","gamma_bin","vary_mean",9,FALSE,163,0.944447396594412,0.94459708040518,0.96,0.122633029307919,0.95,0.12177852934968,0.000149683810768075
"gamma_bin_9.00_3.40","gamma_bin","vary_mean",9,FALSE,164,0.955808426255688,0.948690594663384,0.94,0.122839786312475,0.94,0.122009342871741,-0.00711783159230372
"gamma_bin_9.00_3.40","gamma_bin","vary_mean",9,FALSE,165,0.968171987055275,0.953740044717073,0.94,0.124999352503252,0.94,0.12413983902481,-0.014431942338202
"gamma_bin_9.00_3.40","gamma_bin","vary_mean",9,FALSE,166,0.981075418082579,0.95971350470091,0.93,0.128351155410643,0.92,0.127562055790562,-0.021361913381669
"gamma_bin_9.00_3.40","gamma_bin","vary_mean",9,FALSE,167,0.99403776313242,0.966600029831531,0.92,0.132254131685493,0.92,0.131385880437086,-0.0274377333008894
"gamma_bin_9.00_3.40","gamma_bin","vary_mean",9,FALSE,168,1.00658618871785,0.974283496738294,0.91,0.135397371652861,0.9,0.134472188079962,-0.0323026919795564
"gamma_bin_9.00_3.40","gamma_bin","vary_mean",9,FALSE,169,1.01827263962082,0.982846452908673,0.9,0.136899539569609,0.9,0.135930646419919,-0.0354261867121474
"gamma_bin_9.00_3.40","gamma_bin","vary_mean",9,FALSE,170,1.02869207421039,0.992188461863822,0.88,0.136513861709461,0.86,0.135476951806394,-0.0365036123465683
"gamma_bin_9.00_3.40","gamma_bin","vary_mean",9,FALSE,171,1.03749575970787,1.00243540422404,0.85,0.134763963279099,0.85,0.13392970586197,-0.0350603554838282
"gamma_bin_9.00_3.40","gamma_bin","vary_mean",9,FALSE,172,1.04439766370686,1.013399257195,0.87,0.133322301385257,0.86,0.13256683229201,-0.0309984065118611
"gamma_bin_9.00_3.40","gamma_bin","vary_mean",9,FALSE,173,1.04917474480308,1.0250626389716,0.88,0.133353251755623,0.87,0.13259850227236,-0.0241121058314782
"gamma_bin_9.00_3.40","gamma_bin","vary_mean",9,FALSE,174,1.05167598943045,1.03759206653263,0.89,0.135597515492052,0.89,0.134688184402636,-0.0140839228978182
"gamma_bin_9.00_3.40","gamma_bin","vary_mean",9,FALSE,175,1.05228684352057,1.05071962625083,0.91,0.139416420208928,0.91,0.138424421621859,-0.00156721726973652
"gamma_bin_9.00_3.40","gamma_bin","vary_mean",9,FALSE,176,1.05205037229906,1.06479034445693,0.93,0.144086335261081,0.92,0.143112140728696,0.0127399721578663
"gamma_bin_9.00_3.40","gamma_bin","vary_mean",9,FALSE,177,1.05206304074467,1.07947064108934,0.93,0.148404325128372,0.93,0.147385141563176,0.0274076003446684
"gamma_bin_9.00_3.40","gamma_bin","vary_mean",9,FALSE,178,1.0533911428065,1.09480571456788,0.91,0.151203184723045,0.93,0.150116348702305,0.0414145717613779
"gamma_bin_9.00_3.40","gamma_bin","vary_mean",9,FALSE,179,1.05702523270082,1.1107037553294,0.86,0.151646008163119,0.92,0.150509814539043,0.0536785226285756
"gamma_bin_9.00_3.40","gamma_bin","vary_mean",9,FALSE,180,1.06385390304002,1.12709675059752,0.86,0.150222200790853,0.86,0.149243352736062,0.0632428475574967
"gamma_bin_9.00_3.40","gamma_bin","vary_mean",9,FALSE,181,1.07466368846286,1.14378287291841,0.82,0.14896224013999,0.83,0.147916087653364,0.0691191844555481
"gamma_bin_9.00_3.40","gamma_bin","vary_mean",9,FALSE,182,1.09015918537017,1.16026747747119,0.81,0.148729652643743,0.83,0.14765675322805,0.070108292101017
"gamma_bin_9.00_3.40","gamma_bin","vary_mean",9,FALSE,183,1.11099415707904,1.17630925961747,0.82,0.150535752165825,0.85,0.149137332478586,0.0653151025384344
"gamma_bin_9.00_3.40","gamma_bin","vary_mean",9,FALSE,184,1.13776253966062,1.19163376225603,0.87,0.154327125395743,0.87,0.152893857820795,0.0538712225954097
"gamma_bin_9.00_3.40","gamma_bin","vary_mean",9,FALSE,185,1.16994138910722,1.20609098854457,0.9,0.159309280767093,0.89,0.157831885871398,0.0361495994373482
"gamma_bin_9.00_3.40","gamma_bin","vary_mean",9,FALSE,186,1.20568067952197,1.21925450100253,0.9,0.164418735770287,0.9,0.162739861466755,0.0135738214805552
"gamma_bin_9.00_3.40","gamma_bin","vary_mean",9,FALSE,187,1.24280592689739,1.23091156705114,0.9,0.167903337586191,0.88,0.166180436131036,-0.0118943598462506
"gamma_bin_9.00_3.40","gamma_bin","vary_mean",9,FALSE,188,1.27892507759421,1.24073742608063,0.87,0.168640364035184,0.87,0.166960373130599,-0.0381876515135831
"gamma_bin_9.00_3.40","gamma_bin","vary_mean",9,FALSE,189,1.31157809299846,1.24880728899898,0.87,0.166787081844902,0.85,0.165110210022781,-0.062770803999475
"gamma_bin_9.00_3.40","gamma_bin","vary_mean",9,FALSE,190,1.33842575739913,1.25474702988292,0.83,0.163525780083484,0.81,0.161886306531111,-0.0836787275162092
"gamma_bin_9.00_3.40","gamma_bin","vary_mean",9,FALSE,191,1.35742493987032,1.25859758979407,0.79,0.161262745221406,0.77,0.15947583031126,-0.0988273500762544
"gamma_bin_9.00_3.40","gamma_bin","vary_mean",9,FALSE,192,1.36695842059754,1.26009642650499,0.78,0.160786801221769,0.73,0.158987074013855,-0.106861994092545
"gamma_bin_9.00_3.40","gamma_bin","vary_mean",9,FALSE,193,1.36590703303142,1.25927467040523,0.77,0.162078160370003,0.74,0.16048481383935,-0.106632362626185
"gamma_bin_9.00_3.40","gamma_bin","vary_mean",9,FALSE,194,1.35374441935837,1.25634961366751,0.81,0.164754649056431,0.79,0.163253969536469,-0.0973948056908636
"gamma_bin_9.00_3.40","gamma_bin","vary_mean",9,FALSE,195,1.33179505256341,1.25125780053394,0.86,0.167665710557823,0.83,0.166003961527532,-0.080537252029474
"gamma_bin_9.00_3.40","gamma_bin","vary_mean",9,FALSE,196,1.30282908300336,1.24393682935176,0.9,0.169037118083993,0.88,0.167351247678705,-0.0588922536515994
"gamma_bin_9.00_3.40","gamma_bin","vary_mean",9,FALSE,197,1.26962792749398,1.23446929405892,0.95,0.16753186511521,0.94,0.165895517237843,-0.0351586334350593
"gamma_bin_9.00_3.40","gamma_bin","vary_mean",9,FALSE,198,1.23470197201586,1.223074251205,0.96,0.162918304353523,0.96,0.161395158789142,-0.0116277208108555
"gamma_bin_9.00_3.40","gamma_bin","vary_mean",9,FALSE,199,1.20012008532359,1.21016626217922,0.95,0.156596991127044,0.96,0.155247885772558,0.0100461768556257
"gamma_bin_9.00_3.40","gamma_bin","vary_mean",9,FALSE,200,1.16745324780638,1.1963316650287,0.97,0.150929166126875,0.97,0.149661045029961,0.0288784172223235
"gamma_bin_9.00_3.40","gamma_bin","vary_mean",9,FALSE,201,1.13781324493009,1.18218907498837,0.89,0.147042354257485,0.9,0.145951419686362,0.0443758300582828
"gamma_bin_9.00_3.40","gamma_bin","vary_mean",9,FALSE,202,1.11194114249594,1.16827248941482,0.86,0.145586835444741,0.86,0.144494766470957,0.0563313469188824
"gamma_bin_9.00_3.40","gamma_bin","vary_mean",9,FALSE,203,1.09030738318271,1.15519598122734,0.84,0.14632048494393,0.86,0.145272484753163,0.0648885980446312
"gamma_bin_9.00_3.40","gamma_bin","vary_mean",9,FALSE,204,1.07317842503564,1.14333329933828,0.84,0.148116418759423,0.85,0.147065413486196,0.0701548743026439
"gamma_bin_9.00_3.40","gamma_bin","vary_mean",9,FALSE,205,1.06040347302214,1.13300008938695,0.81,0.149675070627786,0.84,0.148536621506204,0.0725966163648051
"gamma_bin_9.00_3.40","gamma_bin","vary_mean",9,FALSE,206,1.05156904168052,1.12431569681498,0.82,0.149515630049997,0.83,0.14838876442688,0.0727466551344575
"gamma_bin_9.00_3.40","gamma_bin","vary_mean",9,FALSE,207,1.04624950999474,1.11752273202302,0.82,0.147490202388606,0.84,0.146465613626913,0.071273222028283
"gamma_bin_9.00_3.40","gamma_bin","vary_mean",9,FALSE,208,1.04403704329192,1.11275049324131,0.8,0.144418183799132,0.81,0.143338560354054,0.0687134499493893
"gamma_bin_9.00_3.40","gamma_bin","vary_mean",9,FALSE,209,1.0445651521307,1.10995220043593,0.81,0.141259755368846,0.83,0.140462246841044,0.0653870483052288
"gamma_bin_9.00_3.40","gamma_bin","vary_mean",9,FALSE,210,1.04752392002038,1.10942930382848,0.82,0.139686522337077,0.84,0.138814440193905,0.0619053838080978
"gamma_bin_9.00_3.40","gamma_bin","vary_mean",9,FALSE,211,1.05266551803821,1.11124367220743,0.85,0.140399750067131,0.85,0.139508487224512,0.0585781541692234
"gamma_bin_9.00_3.40","gamma_bin","vary_mean",9,FALSE,212,1.0598023103751,1.11551171878101,0.87,0.143312437163615,0.86,0.142398528183563,0.0557094084059093
"gamma_bin_9.00_3.40","gamma_bin","vary_mean",9,FALSE,213,1.06880062573221,1.1221750517655,0.86,0.14771888010613,0.86,0.146784357034665,0.0533744260332896
"gamma_bin_9.00_3.40","gamma_bin","vary_mean",9,FALSE,214,1.0795784696348,1.13132603584575,0.86,0.152337210885445,0.87,0.151265800230618,0.0517475662109497
"gamma_bin_9.00_3.40","gamma_bin","vary_mean",9,FALSE,215,1.09215111452811,1.14297559102142,0.9,0.155409923084502,0.88,0.154420666702977,0.0508244764933132
"gamma_bin_9.00_3.40","gamma_bin","vary_mean",9,FALSE,216,1.10660255202503,1.15706275843925,0.89,0.156235247170933,0.89,0.15525418551438,0.0504602064142168
"gamma_bin_9.00_3.40","gamma_bin","vary_mean",9,FALSE,217,1.1230463183655,1.17350160703987,0.89,0.154789981007296,0.89,0.153735611346851,0.050455288674369
"gamma_bin_9.00_3.40","gamma_bin","vary_mean",9,FALSE,218,1.14161803384419,1.19194776297501,0.9,0.152372311812106,0.9,0.151386172405745,0.0503297291308189
"gamma_bin_9.00_3.40","gamma_bin","vary_mean",9,FALSE,219,1.16246850453014,1.21218834745772,0.89,0.151416070326697,0.91,0.150387297971396,0.049719842927584
"gamma_bin_9.00_3.40","gamma_bin","vary_mean",9,FALSE,220,1.18575867786174,1.23398175287939,0.9,0.152813599101023,0.91,0.151723518230304,0.0482230750176484
"gamma_bin_9.00_3.40","gamma_bin","vary_mean",9,FALSE,221,1.21165701983639,1.25692320502238,0.91,0.156785290356014,0.91,0.15564225749819,0.0452661851859941
"gamma_bin_9.00_3.40","gamma_bin","vary_mean",9,FALSE,222,1.24033898455105,1.28031818944758,0.93,0.162658002583824,0.93,0.161408372276006,0.0399792048965284
"gamma_bin_9.00_3.40","gamma_bin","vary_mean",9,FALSE,223,1.27198794287079,1.30400834183967,0.95,0.169408596680217,0.96,0.167945366076476,0.0320203989688792
"gamma_bin_9.00_3.40","gamma_bin","vary_mean",9,FALSE,224,1.30666523446541,1.32775928577439,0.95,0.175160282272642,0.96,0.173614478420559,0.0210940513089759
"gamma_bin_9.00_3.40","gamma_bin","vary_mean",9,FALSE,225,1.3433530482977,1.35113980241937,0.96,0.178484432167632,0.98,0.176740312448835,0.00778675412166674
"gamma_bin_9.00_3.40","gamma_bin","vary_mean",9,FALSE,226,1.38038171186225,1.37401264207081,0.95,0.178434973061123,0.96,0.176920586555242,-0.00636906979143848
"gamma_bin_9.00_3.40","gamma_bin","vary_mean",9,FALSE,227,1.41592160258673,1.39590797085117,0.95,0.176580928335016,0.92,0.17519944782471,-0.0200136317355635
"gamma_bin_9.00_3.40","gamma_bin","vary_mean",9,FALSE,228,1.44808142918806,1.41622238306598,0.92,0.17507454161294,0.9,0.173579203774662,-0.0318590461220847
"gamma_bin_9.00_3.40","gamma_bin","vary_mean",9,FALSE,229,1.47504730588812,1.43437176846107,0.91,0.175848666815738,0.9,0.174326867120009,-0.0406755374270471
"gamma_bin_9.00_3.40","gamma_bin","vary_mean",9,FALSE,230,1.49521587906308,1.44997898993224,0.9,0.179876595645437,0.88,0.178304641894229,-0.0452368891308352
"gamma_bin_9.00_3.40","gamma_bin","vary_mean",9,FALSE,231,1.50729103953841,1.46239523055983,0.91,0.186020164969212,0.9,0.184156689586729,-0.0448958089785756
"gamma_bin_9.00_3.40","gamma_bin","vary_mean",9,FALSE,232,1.51033534857617,1.47189093361471,0.93,0.192259755019115,0.91,0.190362791738788,-0.0384444149614569
"gamma_bin_9.00_3.40","gamma_bin","vary_mean",9,FALSE,233,1.50378097074586,1.47792240995779,0.96,0.196796073027229,0.96,0.194912155234417,-0.0258585607880744
"gamma_bin_9.00_3.40","gamma_bin","vary_mean",9,FALSE,234,1.48764960471254,1.48029558821948,0.98,0.19783795721449,0.98,0.196023422214207,-0.00735401649306056
"gamma_bin_9.00_3.40","gamma_bin","vary_mean",9,FALSE,235,1.46373241708909,1.47870687748446,0.96,0.194985016499526,0.97,0.193077076194296,0.0149744603953685
"gamma_bin_9.00_3.40","gamma_bin","vary_mean",9,FALSE,236,1.43448143272486,1.47343940436362,0.92,0.189374277374007,0.94,0.187461756452012,0.0389579716387611
"gamma_bin_9.00_3.40","gamma_bin","vary_mean",9,FALSE,237,1.40223769952072,1.46517424437389,0.88,0.183104851320435,0.9,0.181402388255339,0.062936544853166
"gamma_bin_9.00_3.40","gamma_bin","vary_mean",9,FALSE,238,1.36905513115977,1.45438128731525,0.8,0.178467361123109,0.81,0.176839611085057,0.0853261561554803
"gamma_bin_9.00_3.40","gamma_bin","vary_mean",9,FALSE,239,1.33659069308879,1.44162937297895,0.73,0.176757348987312,0.74,0.175130512824708,0.105038679890158
"gamma_bin_9.00_3.40","gamma_bin","vary_mean",9,FALSE,240,1.30608415861083,1.42734956575353,0.67,0.177877150214571,0.72,0.176237375599931,0.121265407142696
"gamma_bin_9.00_3.40","gamma_bin","vary_mean",9,FALSE,241,1.27840456713347,1.41212004390816,0.65,0.180169900997394,0.67,0.178549880702221,0.133715476774693
"gamma_bin_9.00_3.40","gamma_bin","vary_mean",9,FALSE,242,1.25412742548082,1.39623129965194,0.61,0.182744013393132,0.66,0.181320536375956,0.142103874171125
"gamma_bin_9.00_3.40","gamma_bin","vary_mean",9,FALSE,243,1.23361554311767,1.38021716797961,0.6,0.184497549206052,0.65,0.183103270492399,0.146601624861939
"gamma_bin_9.00_3.40","gamma_bin","vary_mean",9,FALSE,244,1.21706403589592,1.36420562611507,0.62,0.185281248809365,0.65,0.183817549597103,0.14714159021915
"gamma_bin_9.00_3.40","gamma_bin","vary_mean",9,FALSE,245,1.20445667363505,1.34827685835459,0.61,0.186055394660486,0.64,0.184606118574551,0.143820184719541
"gamma_bin_9.00_3.40","gamma_bin","vary_mean",9,FALSE,246,1.19569657050359,1.33281456417533,0.66,0.189350691204184,0.7,0.187830232828362,0.13711799367174
"gamma_bin_9.00_3.40","gamma_bin","vary_mean",9,FALSE,247,1.19067334691389,1.31815690847703,0.72,0.19738871510466,0.79,0.19558878145681,0.127483561563139
"gamma_bin_9.00_3.40","gamma_bin","vary_mean",9,FALSE,248,1.1892846905786,1.30442912611172,0.83,0.210365438958891,0.86,0.208423860934714,0.115144435533119
"gamma_bin_9.00_3.40","gamma_bin","vary_mean",9,FALSE,249,1.1914521017446,1.29154741807158,0.9,0.228563014269823,0.94,0.226268784687627,0.100095316326982
"gamma_bin_9.00_3.40","gamma_bin","vary_mean",9,FALSE,250,1.19713021020468,1.2799173336048,0.96,0.250926983537707,0.97,0.248286060985192,0.0827871234001167
"gamma_bin_9.00_3.40","gamma_bin","vary_mean",9,FALSE,251,1.20631090184647,1.26952020622173,0.98,0.276251564148195,0.98,0.273095064302868,0.0632093043752626
"gamma_bin_9.00_3.40","gamma_bin","vary_mean",9,FALSE,252,1.21902415582724,1.26021771815841,1,0.303257156196883,1,0.299478157970977,0.0411935623311663
"gamma_bin_9.00_3.40","gamma_bin","vary_mean",9,FALSE,253,1.23533724681924,1.25209883985348,1,0.331823214367892,1,0.327199754627833,0.0167615930342402
"gamma_bin_10.50_3.40","gamma_bin","vary_mean",10.5,FALSE,2,6.47633271060018,NA,NA,NA,NA,NA,NA
"gamma_bin_10.50_3.40","gamma_bin","vary_mean",10.5,FALSE,3,5.39748004467528,NA,NA,NA,NA,NA,NA
"gamma_bin_10.50_3.40","gamma_bin","vary_mean",10.5,FALSE,4,4.52153259075373,NA,NA,NA,NA,NA,NA
"gamma_bin_10.50_3.40","gamma_bin","vary_mean",10.5,FALSE,5,3.81075688710478,NA,NA,NA,NA,NA,NA
"gamma_bin_10.50_3.40","gamma_bin","vary_mean",10.5,FALSE,6,3.23384975678135,NA,NA,NA,NA,NA,NA
"gamma_bin_10.50_3.40","gamma_bin","vary_mean",10.5,FALSE,7,2.76512519694591,NA,NA,NA,NA,NA,NA
"gamma_bin_10.50_3.40","gamma_bin","vary_mean",10.5,FALSE,8,2.38350063829982,4.83150005440521,0,0.928523672645344,0,0.918764748804976,2.44799941610539
"gamma_bin_10.50_3.40","gamma_bin","vary_mean",10.5,FALSE,9,2.07220990816182,3.5714173340034,0,0.755961024002599,0,0.748266389255402,1.49920742584158
"gamma_bin_10.50_3.40","gamma_bin","vary_mean",10.5,FALSE,10,1.8180094782711,2.55488252706112,0.05,0.553629155923296,0.05,0.548041237036981,0.736873048790019
"gamma_bin_10.50_3.40","gamma_bin","vary_mean",10.5,FALSE,11,1.61045019265924,1.99078724089263,0.54,0.431880604647698,0.62,0.427401285619704,0.380337048233388
"gamma_bin_10.50_3.40","gamma_bin","vary_mean",10.5,FALSE,12,1.44129331371926,1.65438638923439,0.88,0.35216811629718,0.89,0.348793556044249,0.213093075515131
"gamma_bin_10.50_3.40","gamma_bin","vary_mean",10.5,FALSE,13,1.30405110997497,1.4425671842535,0.92,0.297109076495564,0.92,0.294292826588425,0.13851607427853
"gamma_bin_10.50_3.40","gamma_bin","vary_mean",10.5,FALSE,14,1.1936337473603,1.30356868436222,0.92,0.257191504449752,0.92,0.254991254654311,0.109934937001923
"gamma_bin_10.50_3.40","gamma_bin","vary_mean",10.5,FALSE,15,1.10608275580624,1.20864033378178,0.91,0.228090666088977,0.91,0.226049967930296,0.102557577975537
"gamma_bin_10.50_3.40","gamma_bin","vary_mean",10.5,FALSE,16,1.03836845094092,1.14165962973034,0.87,0.206333942739513,0.89,0.204689259224858,0.103291178789423
"gamma_bin_10.50_3.40","gamma_bin","vary_mean",10.5,FALSE,17,0.987514418464918,1.09233739900278,0.82,0.190635035040348,0.85,0.188777747824136,0.104822980537862
"gamma_bin_10.50_3.40","gamma_bin","vary_mean",10.5,FALSE,18,0.94985341422689,1.05413185604125,0.79,0.178406768088528,0.81,0.176449655543681,0.104278441814363
"gamma_bin_10.50_3.40","gamma_bin","vary_mean",10.5,FALSE,19,0.922342058412537,1.02292861741724,0.77,0.168346825374831,0.79,0.166518063538982,0.100586559004703
"gamma_bin_10.50_3.40","gamma_bin","vary_mean",10.5,FALSE,20,0.902533145800087,0.996046294775423,0.77,0.159033178999628,0.79,0.157454164675316,0.0935131489753362
"gamma_bin_10.50_3.40","gamma_bin","vary_mean",10.5,FALSE,21,0.888443579660898,0.971893719001557,0.76,0.150013421495186,0.78,0.148723314247524,0.0834501393406593
"gamma_bin_10.50_3.40","gamma_bin","vary_mean",10.5,FALSE,22,0.878474950045775,0.949025633065686,0.81,0.141689993981594,0.83,0.140542132700856,0.0705506830199113
"gamma_bin_10.50_3.40","gamma_bin","vary_mean",10.5,FALSE,23,0.871353706634507,0.927162473994818,0.85,0.134389413248516,0.88,0.133385950332914,0.0558087673603108
"gamma_bin_10.50_3.40","gamma_bin","vary_mean",10.5,FALSE,24,0.866079695774009,0.90583792848278,0.92,0.129127087486221,0.92,0.12809061233553,0.0397582327087708
"gamma_bin_10.50_3.40","gamma_bin","vary_mean",10.5,FALSE,25,0.861880113955128,0.885044810711737,0.94,0.125416843624688,0.96,0.124431778305162,0.0231646967566091
"gamma_bin_10.50_3.40","gamma_bin","vary_mean",10.5,FALSE,26,0.858167576978305,0.864537492684507,0.93,0.12328885273747,0.94,0.122298725201762,0.00636991570620205
"gamma_bin_10.50_3.40","gamma_bin","vary_mean",10.5,FALSE,27,0.854446587171991,0.844338102085982,0.95,0.122176401852748,0.94,0.121096893159401,-0.0101084850860094
"gamma_bin_10.50_3.40","gamma_bin","vary_mean",10.5,FALSE,28,0.850242530612154,0.824421237852612,0.95,0.120767392171339,0.94,0.119747912960765,-0.0258212927595425
"gamma_bin_10.50_3.40","gamma_bin","vary_mean",10.5,FALSE,29,0.845168044117022,0.804790106611863,0.9,0.118290533213181,0.9,0.117354992961775,-0.0403779375051587
"gamma_bin_10.50_3.40","gamma_bin","vary_mean",10.5,FALSE,30,0.838916821827613,0.785481133243157,0.83,0.11429444015246,0.8,0.113469272570324,-0.053435688584456
"gamma_bin_10.50_3.40","gamma_bin","vary_mean",10.5,FALSE,31,0.83125458603177,0.766673434861504,0.76,0.109633544293827,0.75,0.108800483016794,-0.0645811511702656
"gamma_bin_10.50_3.40","gamma_bin","vary_mean",10.5,FALSE,32,0.822012955905288,0.748358529102643,0.69,0.10499489965264,0.68,0.104193751744556,-0.0736544268026452
"gamma_bin_10.50_3.40","gamma_bin","vary_mean",10.5,FALSE,33,0.811083441801087,0.730534656934613,0.64,0.101119722884268,0.62,0.100263289492156,-0.0805487848664744
"gamma_bin_10.50_3.40","gamma_bin","vary_mean",10.5,FALSE,34,0.798410706391415,0.713121735847819,0.6,0.0984272962933951,0.57,0.0975319084962793,-0.0852889705435959
"gamma_bin_10.50_3.40","gamma_bin","vary_mean",10.5,FALSE,35,0.783985284249482,0.696257787986418,0.59,0.0970950059774143,0.57,0.0962708823812093,-0.087727496263064
"gamma_bin_10.50_3.40","gamma_bin","vary_mean",10.5,FALSE,36,0.767842249776292,0.679979440341702,0.6,0.0969263749261412,0.58,0.0961361838932096,-0.0878628094345902
"gamma_bin_10.50_3.40","gamma_bin","vary_mean",10.5,FALSE,37,0.750320099865667,0.664256085903455,0.62,0.0972087930557634,0.59,0.0964184175016617,-0.0860640139622117
"gamma_bin_10.50_3.40","gamma_bin","vary_mean",10.5,FALSE,38,0.732127511283489,0.649173337886898,0.66,0.0966595488284919,0.62,0.0959032902744446,-0.0829541733965908
"gamma_bin_10.50_3.40","gamma_bin","vary_mean",10.5,FALSE,39,0.713945546467747,0.634614085742342,0.67,0.0949107087366744,0.64,0.0941407278405232,-0.0793314607254048
"gamma_bin_10.50_3.40","gamma_bin","vary_mean",10.5,FALSE,40,0.696377644387645,0.62075921963361,0.67,0.0922032552694174,0.66,0.091470842866637,-0.0756184247540349
"gamma_bin_10.50_3.40","gamma_bin","vary_mean",10.5,FALSE,41,0.679931575981829,0.607643733584595,0.7,0.0892751870074668,0.66,0.088532438265676,-0.0722878423972338
"gamma_bin_10.50_3.40","gamma_bin","vary_mean",10.5,FALSE,42,0.665012401557135,0.59538364193532,0.71,0.0864996282454102,0.67,0.0858256645683059,-0.0696287596218153
"gamma_bin_10.50_3.40","gamma_bin","vary_mean",10.5,FALSE,43,0.65192842067752,0.584120205335687,0.69,0.0845360137166422,0.66,0.083911670421923,-0.0678082153418329
"gamma_bin_10.50_3.40","gamma_bin","vary_mean",10.5,FALSE,44,0.640906266957601,0.573976672885651,0.72,0.0833975010593851,0.66,0.0828289316983174,-0.0669295940719496
"gamma_bin_10.50_3.40","gamma_bin","vary_mean",10.5,FALSE,45,0.632110069284813,0.565035886998538,0.67,0.0831655373907687,0.66,0.0825900405873732,-0.0670741822862749
"gamma_bin_10.50_3.40","gamma_bin","vary_mean",10.5,FALSE,46,0.625656360123327,0.55724747489964,0.66,0.0833675319119085,0.63,0.0828012150324339,-0.0684088852236869
"gamma_bin_10.50_3.40","gamma_bin","vary_mean",10.5,FALSE,47,0.621502273809677,0.550824889990799,0.64,0.0833774063474396,0.63,0.0828286930730914,-0.0706773838188784
"gamma_bin_10.50_3.40","gamma_bin","vary_mean",10.5,FALSE,48,0.619441171957512,0.545689260054345,0.58,0.0828169586528628,0.59,0.0822319108449909,-0.0737519119031674
"gamma_bin_10.50_3.40","gamma_bin","vary_mean",10.5,FALSE,49,0.619256488578844,0.541808124979189,0.54,0.081527047005871,0.52,0.0809386335847589,-0.0774483635996552
"gamma_bin_10.50_3.40","gamma_bin","vary_mean",10.5,FALSE,50,0.620736004042686,0.539195254264944,0.5,0.079807789602233,0.49,0.0792671880830719,-0.0815407497777424
"gamma_bin_10.50_3.40","gamma_bin","vary_mean",10.5,FALSE,51,0.623679916186844,0.537813227319577,0.48,0.078236098831337,0.48,0.0777952472215444,-0.0858666888672674
"gamma_bin_10.50_3.40","gamma_bin","vary_mean",10.5,FALSE,52,0.627908213332621,0.537670611360921,0.43,0.07736393032441,0.4,0.0768992167722647,-0.0902376019716997
"gamma_bin_10.50_3.40","gamma_bin","vary_mean",10.5,FALSE,53,0.633265384812971,0.538677462668864,0.4,0.0775350751299152,0.36,0.0770266716556155,-0.0945879221441068
"gamma_bin_10.50_3.40","gamma_bin","vary_mean",10.5,FALSE,54,0.639622221613428,0.540798774233806,0.37,0.0784964208449587,0.34,0.0779557566596833,-0.0988234473796223
"gamma_bin_10.50_3.40","gamma_bin","vary_mean",10.5,FALSE,55,0.646875295241765,0.543963273473462,0.37,0.0801396363219103,0.33,0.0796576675427985,-0.102912021768303
"gamma_bin_10.50_3.40","gamma_bin","vary_mean",10.5,FALSE,56,0.654940797889892,0.548063520260411,0.33,0.081870198365115,0.3,0.0813364806725222,-0.106877277629481
"gamma_bin_10.50_3.40","gamma_bin","vary_mean",10.5,FALSE,57,0.663667548235467,0.55305963439763,0.33,0.0831293166903849,0.27,0.0824936570931467,-0.110607913837837
"gamma_bin_10.50_3.40","gamma_bin","vary_mean",10.5,FALSE,58,0.67283196893338,0.558964644730068,0.29,0.083553190473248,0.25,0.0828845760324892,-0.113867324203312
"gamma_bin_10.50_3.40","gamma_bin","vary_mean",10.5,FALSE,59,0.682212593504884,0.565665078769314,0.26,0.0835072796458959,0.24,0.0828598231864872,-0.116547514735569
"gamma_bin_10.50_3.40","gamma_bin","vary_mean",10.5,FALSE,60,0.691594549334227,0.572968555219158,0.26,0.0834276889845442,0.24,0.0827788831404748,-0.118625994115069
"gamma_bin_10.50_3.40","gamma_bin","vary_mean",10.5,FALSE,61,0.700774343176902,0.580847263316256,0.24,0.0838764411321869,0.2,0.083212367324607,-0.119927079860646
"gamma_bin_10.50_3.40","gamma_bin","vary_mean",10.5,FALSE,62,0.709565411363515,0.589174554449968,0.25,0.0851766684805859,0.21,0.0844493167917202,-0.120390856913547
"gamma_bin_10.50_3.40","gamma_bin","vary_mean",10.5,FALSE,63,0.717802382251417,0.597930394835342,0.28,0.0872584309005625,0.24,0.0866275437565894,-0.119871987416075
"gamma_bin_10.50_3.40","gamma_bin","vary_mean",10.5,FALSE,64,0.725343303375917,0.606975315310755,0.3,0.0902525950039167,0.25,0.0895532116283153,-0.118367988065162
"gamma_bin_10.50_3.40","gamma_bin","vary_mean",10.5,FALSE,65,0.732069930484564,0.616227839252422,0.34,0.0935254492632924,0.29,0.0927263393008352,-0.115842091232142
"gamma_bin_10.50_3.40","gamma_bin","vary_mean",10.5,FALSE,66,0.737895666769886,0.625642665173573,0.41,0.0961162682779613,0.38,0.0952980428847014,-0.112253001596313
"gamma_bin_10.50_3.40","gamma_bin","vary_mean",10.5,FALSE,67,0.742895958587221,0.63504439011308,0.48,0.0975319602342534,0.43,0.0966577127688762,-0.107851568474141
"gamma_bin_10.50_3.40","gamma_bin","vary_mean",10.5,FALSE,68,0.747278763319657,0.644401543274822,0.53,0.0978340263704729,0.48,0.096952118837153,-0.102877220044835
"gamma_bin_10.50_3.40","gamma_bin","vary_mean",10.5,FALSE,69,0.751271373438236,0.653694244231442,0.57,0.0975111363576883,0.54,0.0967358991098753,-0.0975771292067941
"gamma_bin_10.50_3.40","gamma_bin","vary_mean",10.5,FALSE,70,0.755105697598796,0.662808080826525,0.56,0.097482908349643,0.55,0.0967742985294578,-0.0922976167722706
"gamma_bin_10.50_3.40","gamma_bin","vary_mean",10.5,FALSE,71,0.759004827658807,0.671705441965528,0.63,0.0981637034023624,0.59,0.0973739116447547,-0.0872993856932789
"gamma_bin_10.50_3.40","gamma_bin","vary_mean",10.5,FALSE,72,0.76317231106088,0.680345914219218,0.69,0.0996733603231654,0.64,0.098763630688375,-0.0828263968416618
"gamma_bin_10.50_3.40","gamma_bin","vary_mean",10.5,FALSE,73,0.767786202417761,0.688763593251755,0.72,0.102103374657963,0.68,0.101041740199307,-0.0790226091660057
"gamma_bin_10.50_3.40","gamma_bin","vary_mean",10.5,FALSE,74,0.772997638290372,0.696919488497819,0.74,0.1049568174771,0.73,0.103887400484422,-0.0760781497925531
"gamma_bin_10.50_3.40","gamma_bin","vary_mean",10.5,FALSE,75,0.77893263784533,0.704878296754401,0.77,0.107468483114001,0.74,0.106343614747856,-0.0740543410909289
"gamma_bin_10.50_3.40","gamma_bin","vary_mean",10.5,FALSE,76,0.78568141824908,0.7126402760281,0.78,0.108802579105453,0.75,0.107730403768115,-0.0730411422209798
"gamma_bin_10.50_3.40","gamma_bin","vary_mean",10.5,FALSE,77,0.793148670755028,0.720139705663787,0.78,0.108984793881165,0.75,0.107919971733909,-0.073008965091241
"gamma_bin_10.50_3.40","gamma_bin","vary_mean",10.5,FALSE,78,0.801109464577554,0.72735666850307,0.77,0.108235855839192,0.76,0.107357212489007,-0.0737527960744844
"gamma_bin_10.50_3.40","gamma_bin","vary_mean",10.5,FALSE,79,0.809317687520099,0.734316538666059,0.74,0.107365557963936,0.73,0.106478879716663,-0.0750011488540396
"gamma_bin_10.50_3.40","gamma_bin","vary_mean",10.5,FALSE,80,0.817518562189946,0.741005291376624,0.75,0.107212129769086,0.69,0.106348630117115,-0.076513270813322
"gamma_bin_10.50_3.40","gamma_bin","vary_mean",10.5,FALSE,81,0.825462916255739,0.747385988548483,0.73,0.10822394823849,0.68,0.107354763729544,-0.0780769277072555
"gamma_bin_10.50_3.40","gamma_bin","vary_mean",10.5,FALSE,82,0.832920079463184,0.753456658277591,0.74,0.110507041093543,0.7,0.109584879790869,-0.0794634211855932
"gamma_bin_10.50_3.40","gamma_bin","vary_mean",10.5,FALSE,83,0.83968668789734,0.759283616233454,0.74,0.113295266214873,0.72,0.112437093088705,-0.0804030716638859
"gamma_bin_10.50_3.40","gamma_bin","vary_mean",10.5,FALSE,84,0.845591000049052,0.764682088578422,0.76,0.116084160729457,0.75,0.115050744335736,-0.08090891147063
"gamma_bin_10.50_3.40","gamma_bin","vary_mean",10.5,FALSE,85,0.850493536894317,0.76988524647988,0.77,0.117781532116766,0.74,0.116705100111601,-0.0806082904144366
"gamma_bin_10.50_3.40","gamma_bin","vary_mean",10.5,FALSE,86,0.854297533108007,0.77468982315196,0.78,0.118095161116189,0.74,0.116951864697378,-0.079607709956047
"gamma_bin_10.50_3.40","gamma_bin","vary_mean",10.5,FALSE,87,0.857044342489846,0.779188379665155,0.77,0.117329839485413,0.75,0.116112192055409,-0.0778559628246913
"gamma_bin_10.50_3.40","gamma_bin","vary_mean",10.5,FALSE,88,0.858857822167393,0.783438567124105,0.78,0.116200225164267,0.76,0.115147262849816,-0.0754192550432876
"gamma_bin_10.50_3.40","gamma_bin","vary_mean",10.5,FALSE,89,0.859878747666928,0.787563337064418,0.79,0.115493059417189,0.76,0.114548879030634,-0.0723154106025098
"gamma_bin_10.50_3.40","gamma_bin","vary_mean",10.5,FALSE,90,0.86025311141159,0.791609220897163,0.79,0.116042254412306,0.78,0.115080223233053,-0.0686438905144268
"gamma_bin_10.50_3.40","gamma_bin","vary_mean",10.5,FALSE,91,0.860120701023208,0.795656469639815,0.8,0.117713427708401,0.8,0.11675130292651,-0.0644642313833931
"gamma_bin_10.50_3.40","gamma_bin","vary_mean",10.5,FALSE,92,0.859606619529194,0.79976968703496,0.81,0.120490702864734,0.79,0.119536893270991,-0.0598369324942344
"gamma_bin_10.50_3.40","gamma_bin","vary_mean",10.5,FALSE,93,0.8588168361623,0.803982764083406,0.83,0.123457486443357,0.81,0.122490169923717,-0.0548340720788942
"gamma_bin_10.50_3.40","gamma_bin","vary_mean",10.5,FALSE,94,0.857837212377275,0.808311592581974,0.84,0.125446876017858,0.84,0.12451501417963,-0.0495256197953013
"gamma_bin_10.50_3.40","gamma_bin","vary_mean",10.5,FALSE,95,0.856734852284735,0.812798323626651,0.85,0.126105220943672,0.85,0.125149429706458,-0.0439365286580835
"gamma_bin_10.50_3.40","gamma_bin","vary_mean",10.5,FALSE,96,0.855586935925609,0.817556609693243,0.84,0.125430693799416,0.85,0.124434384656703,-0.038030326232366
"gamma_bin_10.50_3.40","gamma_bin","vary_mean",10.5,FALSE,97,0.854642173312711,0.82263362864252,0.85,0.123901726673189,0.84,0.122949243561766,-0.0320085446701904
"gamma_bin_10.50_3.40","gamma_bin","vary_mean",10.5,FALSE,98,0.854216899337268,0.828173940364569,0.84,0.122874009812574,0.84,0.121796900649702,-0.0260429589726993
"gamma_bin_10.50_3.40","gamma_bin","vary_mean",10.5,FALSE,99,0.854615196085733,0.834083521527943,0.85,0.122706178203797,0.84,0.121696522810224,-0.0205316745577896
"gamma_bin_10.50_3.40","gamma_bin","vary_mean",10.5,FALSE,100,0.856123392287051,0.840557224159261,0.86,0.123890783579486,0.87,0.122952887139094,-0.0155661681277901
"gamma_bin_10.50_3.40","gamma_bin","vary_mean",10.5,FALSE,101,0.859003725920451,0.847531395832969,0.89,0.126725094240013,0.89,0.125616642915361,-0.0114723300874819
"gamma_bin_10.50_3.40","gamma_bin","vary_mean",10.5,FALSE,102,0.863491057515902,0.855028787845169,0.91,0.130258049342032,0.9,0.129074875813816,-0.00846226967073271
"gamma_bin_10.50_3.40","gamma_bin","vary_mean",10.5,FALSE,103,0.869793786137492,0.863175869268024,0.92,0.133234220891813,0.92,0.131975371100578,-0.00661791686946844
"gamma_bin_10.50_3.40","gamma_bin","vary_mean",10.5,FALSE,104,0.878098070350996,0.871831003716139,0.92,0.134764822798566,0.92,0.13340609431121,-0.00626706663485688
"gamma_bin_10.50_3.40","gamma_bin","vary_mean",10.5,FALSE,105,0.888573897619543,0.88091668318696,0.92,0.134697291885242,0.92,0.13356648780055,-0.00765721443258272
"gamma_bin_10.50_3.40","gamma_bin","vary_mean",10.5,FALSE,106,0.901301658370892,0.890383627242623,0.92,0.133819157978656,0.92,0.132712191709009,-0.0109180311282691
"gamma_bin_10.50_3.40","gamma_bin","vary_mean",10.5,FALSE,107,0.915897849763235,0.900055737035483,0.93,0.132864787738481,0.92,0.131795578920346,-0.0158421127277522
"gamma_bin_10.50_3.40","gamma_bin","vary_mean",10.5,FALSE,108,0.931781890770312,0.909800956397544,0.91,0.133178526712302,0.94,0.131978113710446,-0.0219809343727685
"gamma_bin_10.50_3.40","gamma_bin","vary_mean",10.5,FALSE,109,0.964908287444313,0.919450487916704,0.88,0.134818025379171,0.85,0.133718765576539,-0.0454577995276091
"gamma_bin_10.50_3.40","gamma_bin","vary_mean",10.5,FALSE,110,0.980887218164916,0.928820015862416,0.86,0.138094539108702,0.84,0.136842054826218,-0.0520672023025002
"gamma_bin_10.50_3.40","gamma_bin","vary_mean",10.5,FALSE,111,0.995692213942587,0.937631224555626,0.85,0.142176841427901,0.82,0.140780595888145,-0.0580609893869608
"gamma_bin_10.50_3.40","gamma_bin","vary_mean",10.5,FALSE,112,1.00881666031265,0.945656311085693,0.85,0.145778286989594,0.81,0.144487950941364,-0.0631603492269571
"gamma_bin_10.50_3.40","gamma_bin","vary_mean",10.5,FALSE,113,1.01983605940048,0.952830020294897,0.85,0.148039386847528,0.8,0.146679538882416,-0.0670060391055834
"gamma_bin_10.50_3.40","gamma_bin","vary_mean",10.5,FALSE,114,1.02841129997895,0.95901554618772,0.8,0.148188610935818,0.78,0.146657778503924,-0.0693957537912299
"gamma_bin_10.50_3.40","gamma_bin","vary_mean",10.5,FALSE,115,1.03430371035801,0.964077227437678,0.8,0.146447025556425,0.79,0.145151914744592,-0.0702264829203318
"gamma_bin_10.50_3.40","gamma_bin","vary_mean",10.5,FALSE,116,1.03743175161603,0.968029464094267,0.81,0.14432702972309,0.78,0.142988388606048,-0.069402287521763
"gamma_bin_10.50_3.40","gamma_bin","vary_mean",10.5,FALSE,117,1.0378022122009,0.970990840143502,0.82,0.142609237307003,0.81,0.141328672343182,-0.0668113720573981
"gamma_bin_10.50_3.40","gamma_bin","vary_mean",10.5,FALSE,118,1.03547276308025,0.972842977275446,0.81,0.142131062908778,0.81,0.140954389786208,-0.0626297858048045
"gamma_bin_10.50_3.40","gamma_bin","vary_mean",10.5,FALSE,119,1.03053550780697,0.973667777439363,0.82,0.143492735742045,0.82,0.142212573063175,-0.0568677303676071
"gamma_bin_10.50_3.40","gamma_bin","vary_mean",10.5,FALSE,120,1.02310221069091,0.973495511973645,0.88,0.145627856183822,0.86,0.144315503709451,-0.0496066987172654
"gamma_bin_10.50_3.40","gamma_bin","vary_mean",10.5,FALSE,121,1.01329357541095,0.972380589249808,0.9,0.147864853121799,0.89,0.146604165129934,-0.0409129861611418
"gamma_bin_10.50_3.40","gamma_bin","vary_mean",10.5,FALSE,122,1.00123289414715,0.970441053316862,0.94,0.149410624589684,0.92,0.147894765180796,-0.0307918408302879
"gamma_bin_10.50_3.40","gamma_bin","vary_mean",10.5,FALSE,123,0.987043160294477,0.967706854123603,0.95,0.148668979228838,0.95,0.147310730970231,-0.0193363061708743
"gamma_bin_10.50_3.40","gamma_bin","vary_mean",10.5,FALSE,124,0.970846430550826,0.964251733655059,0.94,0.146500439772818,0.96,0.145246153129898,-0.00659469689576697
"gamma_bin_10.50_3.40","gamma_bin","vary_mean",10.5,FALSE,125,0.953001568168985,0.960569309603261,0.94,0.14375377489923,0.96,0.142625072280242,0.00756774143427563
"gamma_bin_10.50_3.40","gamma_bin","vary_mean",10.5,FALSE,126,0.934680947695761,0.956686371473364,0.92,0.14156902774826,0.92,0.140580373873802,0.0220054237776026
"gamma_bin_10.50_3.40","gamma_bin","vary_mean",10.5,FALSE,127,0.917145793226913,0.952808306103615,0.88,0.140764275994327,0.89,0.13980075741841,0.0356625128767017
"gamma_bin_10.50_3.40","gamma_bin","vary_mean",10.5,FALSE,128,0.901530406151582,0.949209297569312,0.86,0.141372520143442,0.86,0.140414646138334,0.0476788914177302
"gamma_bin_10.50_3.40","gamma_bin","vary_mean",10.5,FALSE,129,0.888820761331304,0.946147472907382,0.86,0.143321940945292,0.86,0.142234206686697,0.0573267115760782
"gamma_bin_10.50_3.40","gamma_bin","vary_mean",10.5,FALSE,130,0.879849051096058,0.943822275814164,0.84,0.145592479069528,0.85,0.144484486599822,0.0639732247181064
"gamma_bin_10.50_3.40","gamma_bin","vary_mean",10.5,FALSE,131,0.875312502934994,0.94257725589195,0.82,0.147217187059572,0.85,0.145987275974702,0.0672647529569559
"gamma_bin_10.50_3.40","gamma_bin","vary_mean",10.5,FALSE,132,0.875810644994376,0.94245658046631,0.84,0.14724379056769,0.85,0.146128827222265,0.0666459354719345
"gamma_bin_10.50_3.40","gamma_bin","vary_mean",10.5,FALSE,133,0.881891211117993,0.943510671289157,0.84,0.145593684890788,0.86,0.144426780203496,0.0616194601711638
"gamma_bin_10.50_3.40","gamma_bin","vary_mean",10.5,FALSE,134,0.894096753734329,0.945520860444655,0.84,0.142905668400638,0.84,0.141812070644881,0.0514241067103257
"gamma_bin_10.50_3.40","gamma_bin","vary_mean",10.5,FALSE,135,0.912538889585145,0.948250365425306,0.85,0.140175195362171,0.89,0.139203728956988,0.0357114758401609
"gamma_bin_10.50_3.40","gamma_bin","vary_mean",10.5,FALSE,136,0.935968580436848,0.951510696974207,0.91,0.138580508167503,0.91,0.13761660874677,0.0155421165373586
"gamma_bin_10.50_3.40","gamma_bin","vary_mean",10.5,FALSE,137,0.962748452443007,0.955229182810802,0.91,0.138986976188547,0.9,0.137813481781238,-0.00751926963220517
"gamma_bin_10.50_3.40","gamma_bin","vary_mean",10.5,FALSE,138,0.991058087015847,0.959159974131395,0.9,0.141344153659822,0.89,0.140133661760756,-0.0318981128844524
"gamma_bin_10.50_3.40","gamma_bin","vary_mean",10.5,FALSE,139,1.01894781256074,0.963075364318242,0.88,0.144823103071986,0.87,0.143643015684479,-0.0558724482424982
"gamma_bin_10.50_3.40","gamma_bin","vary_mean",10.5,FALSE,140,1.04444932027992,0.966735907228446,0.82,0.148263199188534,0.8,0.147035453544399,-0.0777134130514742
"gamma_bin_10.50_3.40","gamma_bin","vary_mean",10.5,FALSE,141,1.0657059122687,0.969889841490874,0.71,0.150455681710682,0.67,0.149082309797268,-0.095816070777826
"gamma_bin_10.50_3.40","gamma_bin","vary_mean",10.5,FALSE,142,1.0810929449843,0.972435517366411,0.65,0.150675637584529,0.64,0.149238900185896,-0.108657427617889
"gamma_bin_10.50_3.40","gamma_bin","vary_mean",10.5,FALSE,143,1.08930930531451,0.974194274118611,0.6,0.14946323900252,0.6,0.148084052176926,-0.115115031195899
"gamma_bin_10.50_3.40","gamma_bin","vary_mean",10.5,FALSE,144,1.08943317712892,0.975039839096746,0.62,0.147630273349681,0.58,0.146312276615633,-0.114393338032174
"gamma_bin_10.50_3.40","gamma_bin","vary_mean",10.5,FALSE,145,1.08148967301391,0.974898154730922,0.63,0.146285560062899,0.59,0.145048675779495,-0.106591518282988
"gamma_bin_10.50_3.40","gamma_bin","vary_mean",10.5,FALSE,146,1.067118056924,0.973843241270483,0.69,0.146059636583388,0.68,0.144525507825494,-0.0932748156535167
"gamma_bin_10.50_3.40","gamma_bin","vary_mean",10.5,FALSE,147,1.04828964020928,0.972062072421064,0.77,0.147442065149432,0.77,0.145794789869033,-0.076227567788216
"gamma_bin_10.50_3.40","gamma_bin","vary_mean",10.5,FALSE,148,1.02693455801449,0.969662730940564,0.87,0.149418681602221,0.82,0.147821089351334,-0.0572718270739261
"gamma_bin_10.50_3.40","gamma_bin","vary_mean",10.5,FALSE,149,1.00477443375589,0.966806955858917,0.91,0.151194227108087,0.88,0.149610669548465,-0.037967477896973
"gamma_bin_10.50_3.40","gamma_bin","vary_mean",10.5,FALSE,150,0.983222907766779,0.963355336759106,0.95,0.151759480130877,0.94,0.1502794714946,-0.0198675710076728
"gamma_bin_10.50_3.40","gamma_bin","vary_mean",10.5,FALSE,151,0.963363940769346,0.959467570057964,0.94,0.150339774619327,0.95,0.14898718497486,-0.00389637071138194
"gamma_bin_10.50_3.40","gamma_bin","vary_mean",10.5,FALSE,152,0.945985514931433,0.955077550523247,0.93,0.147433284401307,0.94,0.146088854455423,0.00909203559181393
"gamma_bin_10.50_3.40","gamma_bin","vary_mean",10.5,FALSE,153,0.931639698450479,0.950556534154442,0.93,0.143881440034966,0.93,0.142662159726394,0.0189168357039625
"gamma_bin_10.50_3.40","gamma_bin","vary_mean",10.5,FALSE,154,0.920706027513323,0.946119182506426,0.93,0.140930348636611,0.92,0.139772784023609,0.0254131549931029
"gamma_bin_10.50_3.40","gamma_bin","vary_mean",10.5,FALSE,155,0.913287949909382,0.941827859604732,0.91,0.139470071483452,0.92,0.138293637185322,0.0285399096953504
"gamma_bin_10.50_3.40","gamma_bin","vary_mean",10.5,FALSE,156,0.909118262499206,0.937975011784308,0.9,0.139635434408297,0.9,0.138425552520104,0.0288567492851015
"gamma_bin_10.50_3.40","gamma_bin","vary_mean",10.5,FALSE,157,0.90786599524967,0.934587925777609,0.9,0.141116340973121,0.91,0.139915074786155,0.0267219305279386
"gamma_bin_10.50_3.40","gamma_bin","vary_mean",10.5,FALSE,158,0.909191813449816,0.931977040015945,0.91,0.143192401334498,0.91,0.14202814650002,0.0227852265661286
"gamma_bin_10.50_3.40","gamma_bin","vary_mean",10.5,FALSE,159,0.9127706498954,0.930294735700082,0.93,0.144778566897181,0.94,0.143618762273619,0.0175240858046823
"gamma_bin_10.50_3.40","gamma_bin","vary_mean",10.5,FALSE,160,0.918310343562916,0.929571440953557,0.94,0.145002286444466,0.95,0.143980305430184,0.0112610973906406
"gamma_bin_10.50_3.40","gamma_bin","vary_mean",10.5,FALSE,161,0.925562601543549,0.929926876032975,0.94,0.143712088697576,0.94,0.142621658423047,0.00436427448942633
"gamma_bin_10.50_3.40","gamma_bin","vary_mean",10.5,FALSE,162,0.934326617511047,0.931408493346792,0.94,0.141390604616864,0.93,0.140450206767632,-0.00291812416425452
"gamma_bin_10.50_3.40","gamma_bin","vary_mean",10.5,FALSE,163,0.944447396594412,0.934021802226035,0.94,0.139377166557105,0.94,0.138375193052658,-0.0104255943683772
"gamma_bin_10.50_3.40","gamma_bin","vary_mean",10.5,FALSE,164,0.955808426255688,0.937721705558837,0.94,0.138485214727241,0.94,0.137462706536793,-0.0180867206968514
"gamma_bin_10.50_3.40","gamma_bin","vary_mean",10.5,FALSE,165,0.968171987055275,0.942564605445446,0.93,0.139562404695937,0.9,0.138418571182829,-0.0256073816098293
"gamma_bin_10.50_3.40","gamma_bin","vary_mean",10.5,FALSE,166,0.981075418082579,0.948445146580282,0.89,0.142231167250642,0.9,0.141013832013447,-0.0326302715022969
"gamma_bin_10.50_3.40","gamma_bin","vary_mean",10.5,FALSE,167,0.99403776313242,0.955443053612279,0.89,0.145895752790669,0.88,0.144668203129083,-0.0385947095201414
"gamma_bin_10.50_3.40","gamma_bin","vary_mean",10.5,FALSE,168,1.00658618871785,0.96346276616188,0.9,0.149375183374753,0.9,0.14824831997057,-0.0431234225559697
"gamma_bin_10.50_3.40","gamma_bin","vary_mean",10.5,FALSE,169,1.01827263962082,0.972538582167009,0.91,0.151790507012632,0.9,0.150619065835863,-0.045734057453811
"gamma_bin_10.50_3.40","gamma_bin","vary_mean",10.5,FALSE,170,1.02869207421039,0.982715317953851,0.89,0.152215219058484,0.86,0.151021359897632,-0.0459767562565393
"gamma_bin_10.50_3.40","gamma_bin","vary_mean",10.5,FALSE,171,1.03749575970787,0.993906546345778,0.83,0.151580746018013,0.84,0.15041340875936,-0.0435892133620921
"gamma_bin_10.50_3.40","gamma_bin","vary_mean",10.5,FALSE,172,1.04439766370686,1.00587997977945,0.84,0.150935321823625,0.84,0.149884663419165,-0.038517683927406
"gamma_bin_10.50_3.40","gamma_bin","vary_mean",10.5,FALSE,173,1.04917474480308,1.01885211148432,0.85,0.150979579717916,0.86,0.149997195004018,-0.0303226333187627
"gamma_bin_10.50_3.40","gamma_bin","vary_mean",10.5,FALSE,174,1.05167598943045,1.03275709918177,0.88,0.152753548342606,0.87,0.151758400992162,-0.018918890248683
"gamma_bin_10.50_3.40","gamma_bin","vary_mean",10.5,FALSE,175,1.05228684352057,1.04769037601662,0.88,0.156501969997145,0.88,0.155570103116839,-0.00459646750395093
"gamma_bin_10.50_3.40","gamma_bin","vary_mean",10.5,FALSE,176,1.05205037229906,1.06334604559981,0.9,0.161701846546902,0.9,0.160512971208434,0.0112956733007537
"gamma_bin_10.50_3.40","gamma_bin","vary_mean",10.5,FALSE,177,1.05206304074467,1.08008896340187,0.88,0.167056868775729,0.91,0.165704813192884,0.0280259226572022
"gamma_bin_10.50_3.40","gamma_bin","vary_mean",10.5,FALSE,178,1.0533911428065,1.09784523488713,0.87,0.171310445497691,0.88,0.169866020882591,0.0444540920806318
"gamma_bin_10.50_3.40","gamma_bin","vary_mean",10.5,FALSE,179,1.05702523270082,1.11655185210941,0.87,0.173431003274215,0.87,0.171989669645944,0.0595266194085922
"gamma_bin_10.50_3.40","gamma_bin","vary_mean",10.5,FALSE,180,1.06385390304002,1.13599638916757,0.82,0.173722741993552,0.85,0.172257616057739,0.0721424861275479
"gamma_bin_10.50_3.40","gamma_bin","vary_mean",10.5,FALSE,181,1.07466368846286,1.15599199026701,0.81,0.173136443787173,0.82,0.171578249625003,0.0813283018041457
"gamma_bin_10.50_3.40","gamma_bin","vary_mean",10.5,FALSE,182,1.09015918537017,1.17619808247437,0.78,0.172904164407227,0.82,0.171444603400069,0.0860388971042014
"gamma_bin_10.50_3.40","gamma_bin","vary_mean",10.5,FALSE,183,1.11099415707904,1.19629482861928,0.79,0.174235871391736,0.83,0.172683516801444,0.0853006715402442
"gamma_bin_10.50_3.40","gamma_bin","vary_mean",10.5,FALSE,184,1.13776253966062,1.21570173448243,0.83,0.17782022131325,0.86,0.176239307935629,0.0779391948218104
"gamma_bin_10.50_3.40","gamma_bin","vary_mean",10.5,FALSE,185,1.16994138910722,1.23432460768471,0.87,0.182857062064459,0.88,0.181101862107037,0.0643832185774855
"gamma_bin_10.50_3.40","gamma_bin","vary_mean",10.5,FALSE,186,1.20568067952197,1.2517844295552,0.87,0.188800135123527,0.86,0.186877588271018,0.0461037500332344
"gamma_bin_10.50_3.40","gamma_bin","vary_mean",10.5,FALSE,187,1.24280592689739,1.26754296273574,0.89,0.193882813232927,0.9,0.191587307176317,0.0247370358383523
"gamma_bin_10.50_3.40","gamma_bin","vary_mean",10.5,FALSE,188,1.27892507759421,1.28139238186759,0.89,0.196573101357061,0.89,0.194104848520679,0.00246730427337893
"gamma_bin_10.50_3.40","gamma_bin","vary_mean",10.5,FALSE,189,1.31157809299846,1.29287043367518,0.89,0.196323434544305,0.88,0.193988014352648,-0.0187076593232804
"gamma_bin_10.50_3.40","gamma_bin","vary_mean",10.5,FALSE,190,1.33842575739913,1.30179194925593,0.89,0.194329381598293,0.87,0.192208538431843,-0.0366338081432012
"gamma_bin_10.50_3.40","gamma_bin","vary_mean",10.5,FALSE,191,1.35742493987032,1.30821453677489,0.87,0.19204764500231,0.87,0.19010694355898,-0.0492104030954312
"gamma_bin_10.50_3.40","gamma_bin","vary_mean",10.5,FALSE,192,1.36695842059754,1.3119345753308,0.86,0.190938606583465,0.86,0.188871791181608,-0.0550238452667433
"gamma_bin_10.50_3.40","gamma_bin","vary_mean",10.5,FALSE,193,1.36590703303142,1.31269866861638,0.85,0.191478513867957,0.84,0.189243710539164,-0.0532083644150418
"gamma_bin_10.50_3.40","gamma_bin","vary_mean",10.5,FALSE,194,1.35374441935837,1.31064763972729,0.88,0.194014537149482,0.86,0.191623885128445,-0.0430967796310822
"gamma_bin_10.50_3.40","gamma_bin","vary_mean",10.5,FALSE,195,1.33179505256341,1.30577447578902,0.91,0.197256343609432,0.91,0.194842345792038,-0.0260205767743906
"gamma_bin_10.50_3.40","gamma_bin","vary_mean",10.5,FALSE,196,1.30282908300336,1.29831329585997,0.94,0.198989801056596,0.94,0.196803841023806,-0.00451578714338852
"gamma_bin_10.50_3.40","gamma_bin","vary_mean",10.5,FALSE,197,1.26962792749398,1.28821348023861,0.94,0.197922614766492,0.95,0.195887886909907,0.0185855527446273
"gamma_bin_10.50_3.40","gamma_bin","vary_mean",10.5,FALSE,198,1.23470197201586,1.2755561080538,0.94,0.193622085691886,0.94,0.191661145977909,0.0408541360379402
"gamma_bin_10.50_3.40","gamma_bin","vary_mean",10.5,FALSE,199,1.20012008532359,1.26093940809736,0.92,0.187050213334096,0.92,0.185183106151526,0.0608193227737659
"gamma_bin_10.50_3.40","gamma_bin","vary_mean",10.5,FALSE,200,1.16745324780638,1.24494095035612,0.84,0.180314399986363,0.88,0.178511645223017,0.0774877025497389
"gamma_bin_10.50_3.40","gamma_bin","vary_mean",10.5,FALSE,201,1.13781324493009,1.22825219135595,0.79,0.174977639127861,0.83,0.173227005224302,0.0904389464258553
"gamma_bin_10.50_3.40","gamma_bin","vary_mean",10.5,FALSE,202,1.11194114249594,1.21171962771122,0.78,0.171916954811695,0.78,0.17050085221497,0.0997784852152799
"gamma_bin_10.50_3.40","gamma_bin","vary_mean",10.5,FALSE,203,1.09030738318271,1.1955739586848,0.75,0.171728312043946,0.8,0.170378267776422,0.105266575502091
"gamma_bin_10.50_3.40","gamma_bin","vary_mean",10.5,FALSE,204,1.07317842503564,1.18044842648921,0.74,0.173005274432877,0.77,0.17178521174211,0.107270001453569
"gamma_bin_10.50_3.40","gamma_bin","vary_mean",10.5,FALSE,205,1.06040347302214,1.16673987119985,0.74,0.174670274960017,0.76,0.173490971050424,0.10633639817771
"gamma_bin_10.50_3.40","gamma_bin","vary_mean",10.5,FALSE,206,1.05156904168052,1.15484062128147,0.75,0.175194217541148,0.78,0.174076026585308,0.103271579600945
"gamma_bin_10.50_3.40","gamma_bin","vary_mean",10.5,FALSE,207,1.04624950999474,1.14515018695136,0.76,0.173687779244116,0.78,0.172672211874839,0.0989006769566247
"gamma_bin_10.50_3.40","gamma_bin","vary_mean",10.5,FALSE,208,1.04403704329192,1.13778281904593,0.78,0.170913945718721,0.79,0.169961186253339,0.0937457757540106
"gamma_bin_10.50_3.40","gamma_bin","vary_mean",10.5,FALSE,209,1.0445651521307,1.13284076972162,0.78,0.167897635828752,0.82,0.166972711531383,0.0882756175909227
"gamma_bin_10.50_3.40","gamma_bin","vary_mean",10.5,FALSE,210,1.04752392002038,1.13039063144427,0.79,0.165604454109762,0.8,0.164621167520758,0.0828667114238915
"gamma_bin_10.50_3.40","gamma_bin","vary_mean",10.5,FALSE,211,1.05266551803821,1.13078060370755,0.83,0.165140597531341,0.84,0.163973524962137,0.0781150856693373
"gamma_bin_10.50_3.40","gamma_bin","vary_mean",10.5,FALSE,212,1.0598023103751,1.13398749339473,0.85,0.166597225358748,0.85,0.16540052181429,0.0741851830196274
"gamma_bin_10.50_3.40","gamma_bin","vary_mean",10.5,FALSE,213,1.06880062573221,1.13990796644981,0.85,0.169682592124438,0.85,0.168433794346966,0.0711073407175973
"gamma_bin_10.50_3.40","gamma_bin","vary_mean",10.5,FALSE,214,1.0795784696348,1.1489588542353,0.84,0.173690667897424,0.83,0.172441923806197,0.0693803846004983
"gamma_bin_10.50_3.40","gamma_bin","vary_mean",10.5,FALSE,215,1.09215111452811,1.16109845139237,0.85,0.177305311434747,0.85,0.175976325421554,0.0689473368642612
"gamma_bin_10.50_3.40","gamma_bin","vary_mean",10.5,FALSE,216,1.10660255202503,1.17611033467949,0.84,0.179241417872467,0.85,0.178025042255229,0.0695077826544583
"gamma_bin_10.50_3.40","gamma_bin","vary_mean",10.5,FALSE,217,1.1230463183655,1.19404358904406,0.85,0.179469604246679,0.84,0.178079883423723,0.0709972706785633
"gamma_bin_10.50_3.40","gamma_bin","vary_mean",10.5,FALSE,218,1.14161803384419,1.21458130910216,0.84,0.178442316117279,0.84,0.177012147607616,0.0729632752579652
"gamma_bin_10.50_3.40","gamma_bin","vary_mean",10.5,FALSE,219,1.16246850453014,1.23764458140169,0.84,0.177542358254415,0.83,0.176213987688895,0.0751760768715484
"gamma_bin_10.50_3.40","gamma_bin","vary_mean",10.5,FALSE,220,1.18575867786174,1.26276307099591,0.85,0.178598173241058,0.85,0.177171655901242,0.0770043931341711
"gamma_bin_10.50_3.40","gamma_bin","vary_mean",10.5,FALSE,221,1.21165701983639,1.28950843476266,0.86,0.182201345914641,0.86,0.180802049969931,0.0778514149262659
"gamma_bin_10.50_3.40","gamma_bin","vary_mean",10.5,FALSE,222,1.24033898455105,1.31748058521388,0.87,0.188253262861975,0.86,0.186669637221418,0.077141600662834
"gamma_bin_10.50_3.40","gamma_bin","vary_mean",10.5,FALSE,223,1.27198794287079,1.3462304435029,0.89,0.196009772668557,0.88,0.19438200494442,0.0742425006321061
"gamma_bin_10.50_3.40","gamma_bin","vary_mean",10.5,FALSE,224,1.30666523446541,1.3750447979902,0.92,0.203928636954024,0.92,0.202019883276931,0.0683795635247919
"gamma_bin_10.50_3.40","gamma_bin","vary_mean",10.5,FALSE,225,1.3433530482977,1.40378721114439,0.93,0.210083277248244,0.93,0.208034176398335,0.060434162846686
"gamma_bin_10.50_3.40","gamma_bin","vary_mean",10.5,FALSE,226,1.38038171186225,1.43203681157423,0.95,0.213463329288255,0.94,0.211400096044701,0.0516550997119807
"gamma_bin_10.50_3.40","gamma_bin","vary_mean",10.5,FALSE,227,1.41592160258673,1.45913150890249,0.96,0.215054195715415,0.94,0.212781121446992,0.0432099063157645
"gamma_bin_10.50_3.40","gamma_bin","vary_mean",10.5,FALSE,228,1.44808142918806,1.48496553071946,0.94,0.215342472927881,0.94,0.213281456469024,0.0368841015313954
"gamma_bin_10.50_3.40","gamma_bin","vary_mean",10.5,FALSE,229,1.47504730588812,1.5085647683634,0.95,0.2164536328708,0.95,0.214219558982183,0.0335174624752805
"gamma_bin_10.50_3.40","gamma_bin","vary_mean",10.5,FALSE,230,1.49521587906308,1.52941065948143,0.95,0.219335420502941,0.94,0.21710235596764,0.0341947804183542
"gamma_bin_10.50_3.40","gamma_bin","vary_mean",10.5,FALSE,231,1.50729103953841,1.546522679503,0.92,0.224584398358351,0.94,0.222314206458779,0.0392316399645922
"gamma_bin_10.50_3.40","gamma_bin","vary_mean",10.5,FALSE,232,1.51033534857617,1.56012440231733,0.91,0.230976736199205,0.93,0.228517279858477,0.0497890537411632
"gamma_bin_10.50_3.40","gamma_bin","vary_mean",10.5,FALSE,233,1.50378097074586,1.56954923536205,0.9,0.236793833584859,0.9,0.234230624584957,0.0657682646161866
"gamma_bin_10.50_3.40","gamma_bin","vary_mean",10.5,FALSE,234,1.48764960471254,1.57474901153281,0.88,0.239969808055932,0.89,0.237369013911949,0.0870994068202662
"gamma_bin_10.50_3.40","gamma_bin","vary_mean",10.5,FALSE,235,1.46373241708909,1.57575750924237,0.83,0.238970709445211,0.86,0.236433066095059,0.112025092153282
"gamma_bin_10.50_3.40","gamma_bin","vary_mean",10.5,FALSE,236,1.43448143272486,1.57248858516212,0.77,0.233918058604637,0.78,0.231506536745795,0.138007152437259
"gamma_bin_10.50_3.40","gamma_bin","vary_mean",10.5,FALSE,237,1.40223769952072,1.56540684564765,0.65,0.227103937411848,0.69,0.225024714641529,0.163169146126935
"gamma_bin_10.50_3.40","gamma_bin","vary_mean",10.5,FALSE,238,1.36905513115977,1.55513168190325,0.58,0.220594061385359,0.56,0.218467967800225,0.18607655074348
"gamma_bin_10.50_3.40","gamma_bin","vary_mean",10.5,FALSE,239,1.33659069308879,1.54172059807385,0.48,0.216372847861175,0.52,0.214278726601724,0.205129904985061
"gamma_bin_10.50_3.40","gamma_bin","vary_mean",10.5,FALSE,240,1.30608415861083,1.52576978572815,0.43,0.214959833818872,0.46,0.213114077566399,0.219685627117321
"gamma_bin_10.50_3.40","gamma_bin","vary_mean",10.5,FALSE,241,1.27840456713347,1.50818825829314,0.42,0.215693175894362,0.42,0.214030015821711,0.229783691159669
"gamma_bin_10.50_3.40","gamma_bin","vary_mean",10.5,FALSE,242,1.25412742548082,1.48973087628242,0.38,0.21760262763825,0.41,0.215898989988336,0.235603450801597
"gamma_bin_10.50_3.40","gamma_bin","vary_mean",10.5,FALSE,243,1.23361554311767,1.47041974889472,0.37,0.219082324546193,0.41,0.217330322384076,0.236804205777054
"gamma_bin_10.50_3.40","gamma_bin","vary_mean",10.5,FALSE,244,1.21706403589592,1.45088487416487,0.41,0.220065905170903,0.43,0.218160261042293,0.233820838268949
"gamma_bin_10.50_3.40","gamma_bin","vary_mean",10.5,FALSE,245,1.20445667363505,1.43133997429984,0.45,0.221158043202518,0.47,0.219249066535726,0.226883300664793
"gamma_bin_10.50_3.40","gamma_bin","vary_mean",10.5,FALSE,246,1.19569657050359,1.41213993688648,0.46,0.224226481142631,0.5,0.222282719893436,0.216443366382895
"gamma_bin_10.50_3.40","gamma_bin","vary_mean",10.5,FALSE,247,1.19067334691389,1.39350013771371,0.52,0.231876350017482,0.55,0.229851674508458,0.202826790799823
"gamma_bin_10.50_3.40","gamma_bin","vary_mean",10.5,FALSE,248,1.1892846905786,1.37554066462343,0.61,0.245416330669546,0.66,0.243124209343409,0.186255974044832
"gamma_bin_10.50_3.40","gamma_bin","vary_mean",10.5,FALSE,249,1.1914521017446,1.35897897081947,0.76,0.265050785410874,0.8,0.262287310300307,0.167526869074866
"gamma_bin_10.50_3.40","gamma_bin","vary_mean",10.5,FALSE,250,1.19713021020468,1.34373639022729,0.87,0.289325175392487,0.87,0.285831895301604,0.146606180022612
"gamma_bin_10.50_3.40","gamma_bin","vary_mean",10.5,FALSE,251,1.20631090184647,1.3300054549828,0.93,0.31704146504631,0.95,0.313299032240915,0.123694553136325
"gamma_bin_10.50_3.40","gamma_bin","vary_mean",10.5,FALSE,252,1.21902415582724,1.31777882973029,0.97,0.347867127488643,0.99,0.343548162148792,0.0987546739030536
"gamma_bin_10.50_3.40","gamma_bin","vary_mean",10.5,FALSE,253,1.23533724681924,1.30700384704047,1,0.381696638862186,1,0.376119634914624,0.0716666002212314
"gamma_bin_12.00_3.40","gamma_bin","vary_mean",12,FALSE,2,6.47633271060018,NA,NA,NA,NA,NA,NA
"gamma_bin_12.00_3.40","gamma_bin","vary_mean",12,FALSE,3,5.39748004467528,NA,NA,NA,NA,NA,NA
"gamma_bin_12.00_3.40","gamma_bin","vary_mean",12,FALSE,4,4.52153259075373,NA,NA,NA,NA,NA,NA
"gamma_bin_12.00_3.40","gamma_bin","vary_mean",12,FALSE,5,3.81075688710478,NA,NA,NA,NA,NA,NA
"gamma_bin_12.00_3.40","gamma_bin","vary_mean",12,FALSE,6,3.23384975678135,NA,NA,NA,NA,NA,NA
"gamma_bin_12.00_3.40","gamma_bin","vary_mean",12,FALSE,7,2.76512519694591,NA,NA,NA,NA,NA,NA
"gamma_bin_12.00_3.40","gamma_bin","vary_mean",12,FALSE,8,2.38350063829982,NA,NA,NA,NA,NA,NA
"gamma_bin_12.00_3.40","gamma_bin","vary_mean",12,FALSE,9,2.07220990816182,NA,NA,NA,NA,NA,NA
"gamma_bin_12.00_3.40","gamma_bin","vary_mean",12,FALSE,10,1.8180094782711,4.42882929529986,0,1.02211082847083,0,1.01083923775694,2.61081981702876
"gamma_bin_12.00_3.40","gamma_bin","vary_mean",12,FALSE,11,1.61045019265924,3.05745947627955,0,0.717562537217861,0,0.709837137919924,1.44700928362031
"gamma_bin_12.00_3.40","gamma_bin","vary_mean",12,FALSE,12,1.44129331371926,2.28415323863219,0.01,0.5328110161511,0.02,0.527354917886695,0.842859924912925
"gamma_bin_12.00_3.40","gamma_bin","vary_mean",12,FALSE,13,1.30405110997497,1.83289326980408,0.1,0.419001432412995,0.13,0.414887540348731,0.528842159829115
"gamma_bin_12.00_3.40","gamma_bin","vary_mean",12,FALSE,14,1.1936337473603,1.55355684898214,0.33,0.344286764969487,0.38,0.341117523781811,0.359923101621839
"gamma_bin_12.00_3.40","gamma_bin","vary_mean",12,FALSE,15,1.10608275580624,1.37289992448434,0.52,0.292699121912197,0.56,0.290187662892361,0.266817168678101
"gamma_bin_12.00_3.40","gamma_bin","vary_mean",12,FALSE,16,1.03836845094092,1.25126871892626,0.63,0.256126558012372,0.65,0.254015887740337,0.21290026798534
"gamma_bin_12.00_3.40","gamma_bin","vary_mean",12,FALSE,17,0.987514418464918,1.16624534204535,0.68,0.229586580605778,0.66,0.227588322120608,0.178730923580435
"gamma_bin_12.00_3.40","gamma_bin","vary_mean",12,FALSE,18,0.94985341422689,1.10448340383989,0.69,0.209641079516462,0.71,0.207895602701012,0.154629989612999
"gamma_bin_12.00_3.40","gamma_bin","vary_mean",12,FALSE,19,0.922342058412537,1.05761061305089,0.71,0.194285939535165,0.75,0.192529262663141,0.135268554638357
"gamma_bin_12.00_3.40","gamma_bin","vary_mean",12,FALSE,20,0.902533145800087,1.01996356113649,0.75,0.181206203078904,0.77,0.179378663634947,0.117430415336406
"gamma_bin_12.00_3.40","gamma_bin","vary_mean",12,FALSE,21,0.888443579660898,0.988174177728552,0.76,0.169253927983779,0.77,0.167588099105927,0.0997305980676543
"gamma_bin_12.00_3.40","gamma_bin","vary_mean",12,FALSE,22,0.878474950045775,0.959949462895389,0.8,0.158419852392066,0.81,0.156843724162891,0.0814745128496136
"gamma_bin_12.00_3.40","gamma_bin","vary_mean",12,FALSE,23,0.871353706634507,0.933911355035563,0.84,0.149193337190849,0.87,0.1477402213624,0.0625576484010557
"gamma_bin_12.00_3.40","gamma_bin","vary_mean",12,FALSE,24,0.866079695774009,0.909018677948253,0.91,0.141904246339861,0.92,0.140475687981708,0.0429389821742435
"gamma_bin_12.00_3.40","gamma_bin","vary_mean",12,FALSE,25,0.861880113955128,0.884932179146828,0.94,0.136769641719616,0.95,0.135386991979103,0.0230520651917004
"gamma_bin_12.00_3.40","gamma_bin","vary_mean",12,FALSE,26,0.858167576978305,0.861610436798268,0.94,0.133475747036285,0.97,0.132142446515858,0.00344285981996317
"gamma_bin_12.00_3.40","gamma_bin","vary_mean",12,FALSE,27,0.854446587171991,0.838870014953998,0.94,0.131297220010088,0.94,0.130021725112855,-0.0155765722179927
"gamma_bin_12.00_3.40","gamma_bin","vary_mean",12,FALSE,28,0.850242530612154,0.816446556066252,0.94,0.129610230766012,0.92,0.128282463830173,-0.0337959745459024
"gamma_bin_12.00_3.40","gamma_bin","vary_mean",12,FALSE,29,0.845168044117022,0.794569590051443,0.87,0.127138648677889,0.87,0.125879813771004,-0.0505984540655789
"gamma_bin_12.00_3.40","gamma_bin","vary_mean",12,FALSE,30,0.838916821827613,0.773100249855462,0.8,0.123484325612128,0.76,0.122339648425277,-0.0658165719721507
"gamma_bin_12.00_3.40","gamma_bin","vary_mean",12,FALSE,31,0.83125458603177,0.752100360239296,0.7,0.119086324510989,0.68,0.118078038220182,-0.079154225792474
"gamma_bin_12.00_3.40","gamma_bin","vary_mean",12,FALSE,32,0.822012955905288,0.731769596115077,0.65,0.114577467978362,0.64,0.113571863062042,-0.0902433597902111
"gamma_bin_12.00_3.40","gamma_bin","vary_mean",12,FALSE,33,0.811083441801087,0.711933668560688,0.61,0.110377802738631,0.54,0.109416525961195,-0.0991497732403989
"gamma_bin_12.00_3.40","gamma_bin","vary_mean",12,FALSE,34,0.798410706391415,0.692702292803959,0.52,0.106985748834126,0.47,0.106082875120578,-0.105708413587456
"gamma_bin_12.00_3.40","gamma_bin","vary_mean",12,FALSE,35,0.783985284249482,0.673998132242889,0.5,0.1044883290593,0.46,0.103655527439736,-0.109987152006593
"gamma_bin_12.00_3.40","gamma_bin","vary_mean",12,FALSE,36,0.767842249776292,0.65603496171951,0.48,0.102914211547703,0.43,0.101990523216082,-0.111807288056782
"gamma_bin_12.00_3.40","gamma_bin","vary_mean",12,FALSE,37,0.750320099865667,0.638719110469916,0.48,0.10158771838401,0.44,0.100727706627379,-0.111600989395751
"gamma_bin_12.00_3.40","gamma_bin","vary_mean",12,FALSE,38,0.732127511283489,0.622119642678012,0.48,0.100058469874416,0.43,0.0990642771017014,-0.110007868605477
"gamma_bin_12.00_3.40","gamma_bin","vary_mean",12,FALSE,39,0.713945546467747,0.606176250959417,0.48,0.0976994753564375,0.43,0.0967249384682385,-0.10776929550833
"gamma_bin_12.00_3.40","gamma_bin","vary_mean",12,FALSE,40,0.696377644387645,0.590986605233481,0.46,0.0945955278135929,0.41,0.0937105584031798,-0.105391039154164
"gamma_bin_12.00_3.40","gamma_bin","vary_mean",12,FALSE,41,0.679931575981829,0.576578023630074,0.43,0.0913621391351485,0.41,0.0905620989515919,-0.103353552351755
"gamma_bin_12.00_3.40","gamma_bin","vary_mean",12,FALSE,42,0.665012401557135,0.563159225296781,0.43,0.0883838347833716,0.39,0.0876794689586911,-0.101853176260354
"gamma_bin_12.00_3.40","gamma_bin","vary_mean",12,FALSE,43,0.65192842067752,0.550694253910141,0.41,0.0860760599590414,0.39,0.0854177972599122,-0.101234166767379
"gamma_bin_12.00_3.40","gamma_bin","vary_mean",12,FALSE,44,0.640906266957601,0.539394235810138,0.42,0.0845471958927112,0.39,0.0838613550436498,-0.101512031147463
"gamma_bin_12.00_3.40","gamma_bin","vary_mean",12,FALSE,45,0.632110069284813,0.529342585347523,0.4,0.0839212075922332,0.35,0.0831778746049558,-0.10276748393729
"gamma_bin_12.00_3.40","gamma_bin","vary_mean",12,FALSE,46,0.625656360123327,0.520592360352637,0.38,0.0836644585486074,0.34,0.082977624420461,-0.10506399977069
"gamma_bin_12.00_3.40","gamma_bin","vary_mean",12,FALSE,47,0.621502273809677,0.513077640808522,0.35,0.0835602012267843,0.31,0.0828141090121727,-0.108424633001155
"gamma_bin_12.00_3.40","gamma_bin","vary_mean",12,FALSE,48,0.619441171957512,0.50693591153654,0.33,0.0831792311557297,0.26,0.0824462737165642,-0.112505260420972
"gamma_bin_12.00_3.40","gamma_bin","vary_mean",12,FALSE,49,0.619256488578844,0.50216809462702,0.28,0.082192288584472,0.24,0.0815255260172217,-0.117088393951824
"gamma_bin_12.00_3.40","gamma_bin","vary_mean",12,FALSE,50,0.620736004042686,0.498810940144785,0.23,0.0808286652345931,0.19,0.0802060035164654,-0.121925063897901
"gamma_bin_12.00_3.40","gamma_bin","vary_mean",12,FALSE,51,0.623679916186844,0.496672824285705,0.17,0.0794624606188853,0.15,0.0788250395427754,-0.127007091901139
"gamma_bin_12.00_3.40","gamma_bin","vary_mean",12,FALSE,52,0.627908213332621,0.495910968958426,0.15,0.0784970332914929,0.15,0.0779645688507217,-0.131997244374195
"gamma_bin_12.00_3.40","gamma_bin","vary_mean",12,FALSE,53,0.633265384812971,0.496314038710462,0.11,0.0783507897959449,0.1,0.0777722928500475,-0.136951346102509
"gamma_bin_12.00_3.40","gamma_bin","vary_mean",12,FALSE,54,0.639622221613428,0.497882522222263,0.1,0.0791002773932124,0.07,0.0785482879860314,-0.141739699391165
"gamma_bin_12.00_3.40","gamma_bin","vary_mean",12,FALSE,55,0.646875295241765,0.500537757485191,0.1,0.0805145933659412,0.07,0.0799165289898288,-0.146337537756574
"gamma_bin_12.00_3.40","gamma_bin","vary_mean",12,FALSE,56,0.654940797889892,0.504234700361361,0.1,0.0820887132797163,0.07,0.0815412968284782,-0.150706097528531
"gamma_bin_12.00_3.40","gamma_bin","vary_mean",12,FALSE,57,0.663667548235467,0.508937793971756,0.08,0.0835362430753924,0.08,0.0829172119073087,-0.154729754263711
"gamma_bin_12.00_3.40","gamma_bin","vary_mean",12,FALSE,58,0.67283196893338,0.514535650291424,0.08,0.0844591298395409,0.07,0.0837601084461039,-0.158296318641956
"gamma_bin_12.00_3.40","gamma_bin","vary_mean",12,FALSE,59,0.682212593504884,0.520940637707674,0.08,0.0850086586630005,0.06,0.0842573611077759,-0.16127195579721
"gamma_bin_12.00_3.40","gamma_bin","vary_mean",12,FALSE,60,0.691594549334227,0.528118548827533,0.09,0.0854760184605569,0.07,0.084612655373449,-0.163476000506694
"gamma_bin_12.00_3.40","gamma_bin","vary_mean",12,FALSE,61,0.700774343176902,0.535928259108701,0.07,0.0859390808778694,0.06,0.0851458720112777,-0.164846084068201
"gamma_bin_12.00_3.40","gamma_bin","vary_mean",12,FALSE,62,0.709565411363515,0.544248563066772,0.07,0.0869723102816454,0.06,0.08613994567518,-0.165316848296743
"gamma_bin_12.00_3.40","gamma_bin","vary_mean",12,FALSE,63,0.717802382251417,0.552918009541855,0.1,0.0887094654281053,0.08,0.0878356749128722,-0.164884372709562
"gamma_bin_12.00_3.40","gamma_bin","vary_mean",12,FALSE,64,0.725343303375917,0.561950098938244,0.13,0.0911497702056821,0.13,0.0902277382951321,-0.163393204437673
"gamma_bin_12.00_3.40","gamma_bin","vary_mean",12,FALSE,65,0.732069930484564,0.571294281357062,0.16,0.0939331123125753,0.13,0.0929455358547042,-0.160775649127502
"gamma_bin_12.00_3.40","gamma_bin","vary_mean",12,FALSE,66,0.737895666769886,0.580794460747736,0.19,0.0964395622822435,0.18,0.095526192175664,-0.15710120602215
"gamma_bin_12.00_3.40","gamma_bin","vary_mean",12,FALSE,67,0.742895958587221,0.590401766992732,0.21,0.0982797366331619,0.19,0.0973501410314201,-0.152494191594489
"gamma_bin_12.00_3.40","gamma_bin","vary_mean",12,FALSE,68,0.747278763319657,0.600009660527815,0.2,0.0993075397047192,0.19,0.0983542616196112,-0.147269102791842
"gamma_bin_12.00_3.40","gamma_bin","vary_mean",12,FALSE,69,0.751271373438236,0.609566494849815,0.25,0.0997537393815905,0.19,0.0987813376611039,-0.141704878588421
"gamma_bin_12.00_3.40","gamma_bin","vary_mean",12,FALSE,70,0.755105697598796,0.6190410016495,0.29,0.100021669435645,0.26,0.0990689635530112,-0.136064695949296
"gamma_bin_12.00_3.40","gamma_bin","vary_mean",12,FALSE,71,0.759004827658807,0.62836966235865,0.3,0.100832243429007,0.28,0.0998226395866334,-0.130635165300157
"gamma_bin_12.00_3.40","gamma_bin","vary_mean",12,FALSE,72,0.76317231106088,0.63755686040128,0.35,0.102391532861339,0.3,0.101392402954188,-0.1256154506596
"gamma_bin_12.00_3.40","gamma_bin","vary_mean",12,FALSE,73,0.767786202417761,0.646541702415313,0.42,0.104554783207529,0.36,0.103533104175913,-0.121244500002448
"gamma_bin_12.00_3.40","gamma_bin","vary_mean",12,FALSE,74,0.772997638290372,0.655307052267906,0.46,0.107253900674709,0.43,0.106198808998308,-0.117690586022466
"gamma_bin_12.00_3.40","gamma_bin","vary_mean",12,FALSE,75,0.77893263784533,0.663902699376867,0.48,0.1097383483223,0.46,0.10872161500822,-0.115029938468463
"gamma_bin_12.00_3.40","gamma_bin","vary_mean",12,FALSE,76,0.78568141824908,0.672253276327332,0.52,0.111529328022191,0.51,0.110486882691909,-0.113428141921748
"gamma_bin_12.00_3.40","gamma_bin","vary_mean",12,FALSE,77,0.793148670755028,0.680407030026198,0.53,0.112398281151316,0.54,0.11146587082987,-0.11274164072883
"gamma_bin_12.00_3.40","gamma_bin","vary_mean",12,FALSE,78,0.801109464577554,0.688331830390114,0.54,0.112663851792068,0.54,0.11170121123045,-0.11277763418744
"gamma_bin_12.00_3.40","gamma_bin","vary_mean",12,FALSE,79,0.809317687520099,0.696044422199187,0.55,0.112607165012223,0.52,0.111656946812506,-0.113273265320912
"gamma_bin_12.00_3.40","gamma_bin","vary_mean",12,FALSE,80,0.817518562189946,0.70351449946744,0.53,0.112894343805298,0.52,0.111979788254791,-0.114004062722506
"gamma_bin_12.00_3.40","gamma_bin","vary_mean",12,FALSE,81,0.825462916255739,0.71074641778101,0.54,0.113656013672936,0.49,0.112795880714728,-0.114716498474729
"gamma_bin_12.00_3.40","gamma_bin","vary_mean",12,FALSE,82,0.832920079463184,0.717664443635833,0.58,0.115419907147745,0.54,0.114425423616745,-0.115255635827351
"gamma_bin_12.00_3.40","gamma_bin","vary_mean",12,FALSE,83,0.83968668789734,0.72424689924824,0.58,0.117763317850883,0.56,0.116798325151066,-0.1154397886491
"gamma_bin_12.00_3.40","gamma_bin","vary_mean",12,FALSE,84,0.845591000049052,0.73053114001495,0.59,0.120332258189556,0.56,0.119280493997794,-0.115059860034102
"gamma_bin_12.00_3.40","gamma_bin","vary_mean",12,FALSE,85,0.850493536894317,0.73655878977508,0.61,0.122183184318046,0.59,0.121073816024787,-0.113934747119237
"gamma_bin_12.00_3.40","gamma_bin","vary_mean",12,FALSE,86,0.854297533108007,0.742147000835743,0.58,0.122924886665607,0.54,0.121790515430793,-0.112150532272264
"gamma_bin_12.00_3.40","gamma_bin","vary_mean",12,FALSE,87,0.857044342489846,0.747541777344378,0.59,0.122723615101359,0.55,0.121595038011014,-0.109502565145468
"gamma_bin_12.00_3.40","gamma_bin","vary_mean",12,FALSE,88,0.858857822167393,0.752710396878442,0.61,0.122305651323484,0.58,0.121220190453515,-0.106147425288951
"gamma_bin_12.00_3.40","gamma_bin","vary_mean",12,FALSE,89,0.859878747666928,0.757529481599304,0.63,0.122135216188008,0.62,0.121005303250707,-0.102349266067624
"gamma_bin_12.00_3.40","gamma_bin","vary_mean",12,FALSE,90,0.86025311141159,0.762232084512696,0.65,0.122468378145275,0.63,0.121385407033565,-0.098021026898894
"gamma_bin_12.00_3.40","gamma_bin","vary_mean",12,FALSE,91,0.860120701023208,0.76703708643164,0.68,0.123714336904407,0.66,0.122638287389757,-0.0930836145915684
"gamma_bin_12.00_3.40","gamma_bin","vary_mean",12,FALSE,92,0.859606619529194,0.771855183455069,0.72,0.125780603460859,0.68,0.124730088184832,-0.087751436074125
"gamma_bin_12.00_3.40","gamma_bin","vary_mean",12,FALSE,93,0.8588168361623,0.776665747497029,0.75,0.128361756989773,0.71,0.127338762796423,-0.0821510886652707
"gamma_bin_12.00_3.40","gamma_bin","vary_mean",12,FALSE,94,0.857837212377275,0.781657647022587,0.77,0.13066465548241,0.74,0.129618418218447,-0.076179565354688
"gamma_bin_12.00_3.40","gamma_bin","vary_mean",12,FALSE,95,0.856734852284735,0.786900679345865,0.79,0.131827835261019,0.78,0.1307848795884,-0.0698341729388696
"gamma_bin_12.00_3.40","gamma_bin","vary_mean",12,FALSE,96,0.855586935925609,0.792375358795719,0.8,0.131612788580172,0.8,0.13059413290921,-0.0632115771298903
"gamma_bin_12.00_3.40","gamma_bin","vary_mean",12,FALSE,97,0.854642173312711,0.798214032604497,0.8,0.13105713403972,0.79,0.129945824821769,-0.056428140708214
"gamma_bin_12.00_3.40","gamma_bin","vary_mean",12,FALSE,98,0.854216899337268,0.80430600903231,0.79,0.130438376162065,0.8,0.129399705734495,-0.0499108903049575
"gamma_bin_12.00_3.40","gamma_bin","vary_mean",12,FALSE,99,0.854615196085733,0.810718904496155,0.8,0.130471203366508,0.79,0.129504402154955,-0.0438962915895783
"gamma_bin_12.00_3.40","gamma_bin","vary_mean",12,FALSE,100,0.856123392287051,0.817606667070829,0.81,0.131498545402021,0.81,0.130470353974851,-0.0385167252162223
"gamma_bin_12.00_3.40","gamma_bin","vary_mean",12,FALSE,101,0.859003725920451,0.824953988623428,0.81,0.133436289415157,0.81,0.132396551482977,-0.0340497372970233
"gamma_bin_12.00_3.40","gamma_bin","vary_mean",12,FALSE,102,0.863491057515902,0.832881192546317,0.83,0.136300380604601,0.81,0.135230637940023,-0.0306098649695855
"gamma_bin_12.00_3.40","gamma_bin","vary_mean",12,FALSE,103,0.869793786137492,0.841436927462933,0.83,0.139391115692098,0.82,0.13818208660341,-0.0283568586745587
"gamma_bin_12.00_3.40","gamma_bin","vary_mean",12,FALSE,104,0.878098070350996,0.850469046536473,0.86,0.141802771186366,0.84,0.14045150536969,-0.0276290238145229
"gamma_bin_12.00_3.40","gamma_bin","vary_mean",12,FALSE,105,0.888573897619543,0.860114326821152,0.87,0.142805709426884,0.85,0.141528379663464,-0.0284595707983907
"gamma_bin_12.00_3.40","gamma_bin","vary_mean",12,FALSE,106,0.901301658370892,0.870237614507595,0.85,0.143050210854643,0.85,0.141700698934417,-0.0310640438632974
"gamma_bin_12.00_3.40","gamma_bin","vary_mean",12,FALSE,107,0.915897849763235,0.880491120774808,0.85,0.143131477603333,0.85,0.141867176490407,-0.0354067289884266
"gamma_bin_12.00_3.40","gamma_bin","vary_mean",12,FALSE,108,0.931781890770312,0.890895227455192,0.83,0.143524162151962,0.82,0.142182452665994,-0.0408866633151205
"gamma_bin_12.00_3.40","gamma_bin","vary_mean",12,FALSE,109,0.964908287444313,0.90114533181317,0.78,0.145017927293346,0.76,0.143668832541484,-0.063762955631143
"gamma_bin_12.00_3.40","gamma_bin","vary_mean",12,FALSE,110,0.980887218164916,0.911208957562814,0.79,0.147834268121945,0.77,0.146388693398116,-0.069678260602102
"gamma_bin_12.00_3.40","gamma_bin","vary_mean",12,FALSE,111,0.995692213942587,0.92080515023721,0.77,0.151411355249328,0.77,0.149835428334524,-0.0748870637053766
"gamma_bin_12.00_3.40","gamma_bin","vary_mean",12,FALSE,112,1.00881666031265,0.929840528255463,0.77,0.154977035770096,0.76,0.15331246726015,-0.0789761320571869
"gamma_bin_12.00_3.40","gamma_bin","vary_mean",12,FALSE,113,1.01983605940048,0.938139988281006,0.76,0.157871511936116,0.76,0.1560101470576,-0.0816960711194736
"gamma_bin_12.00_3.40","gamma_bin","vary_mean",12,FALSE,114,1.02841129997895,0.945680147447793,0.77,0.159240485171075,0.75,0.157334396443652,-0.0827311525311566
"gamma_bin_12.00_3.40","gamma_bin","vary_mean",12,FALSE,115,1.03430371035801,0.952330237204376,0.78,0.159239588892234,0.78,0.157364101998425,-0.0819734731536337
"gamma_bin_12.00_3.40","gamma_bin","vary_mean",12,FALSE,116,1.03743175161603,0.957965204159766,0.8,0.158128283080389,0.78,0.15637184350249,-0.0794665474562639
"gamma_bin_12.00_3.40","gamma_bin","vary_mean",12,FALSE,117,1.0378022122009,0.962462541509974,0.83,0.15682247504116,0.8,0.155316150340903,-0.075339670690926
"gamma_bin_12.00_3.40","gamma_bin","vary_mean",12,FALSE,118,1.03547276308025,0.965750776524116,0.84,0.156386970723322,0.81,0.154928340442765,-0.0697219865561345
"gamma_bin_12.00_3.40","gamma_bin","vary_mean",12,FALSE,119,1.03053550780697,0.96785566650981,0.85,0.157050372283419,0.84,0.155719917169633,-0.0626798412971603
"gamma_bin_12.00_3.40","gamma_bin","vary_mean",12,FALSE,120,1.02310221069091,0.968725638733011,0.87,0.158569492911901,0.85,0.157146122658038,-0.0543765719578987
"gamma_bin_12.00_3.40","gamma_bin","vary_mean",12,FALSE,121,1.01329357541095,0.968410835671909,0.88,0.160464583236857,0.88,0.158843397763128,-0.0448827397390412
"gamma_bin_12.00_3.40","gamma_bin","vary_mean",12,FALSE,122,1.00123289414715,0.967005322359498,0.91,0.161546929040929,0.9,0.160089064077027,-0.0342275717876519
"gamma_bin_12.00_3.40","gamma_bin","vary_mean",12,FALSE,123,0.987043160294477,0.964584931754607,0.95,0.161380020027332,0.94,0.159802438508408,-0.0224582285398703
"gamma_bin_12.00_3.40","gamma_bin","vary_mean",12,FALSE,124,0.970846430550826,0.961426722723946,0.95,0.15979616745776,0.95,0.158393908367535,-0.00941970782687973
"gamma_bin_12.00_3.40","gamma_bin","vary_mean",12,FALSE,125,0.953001568168985,0.957814170545248,0.96,0.157661366528745,0.95,0.156206256345634,0.00481260237626269
"gamma_bin_12.00_3.40","gamma_bin","vary_mean",12,FALSE,126,0.934680947695761,0.953756979014772,0.94,0.1557130100693,0.94,0.154339617246629,0.019076031319011
"gamma_bin_12.00_3.40","gamma_bin","vary_mean",12,FALSE,127,0.917145793226913,0.949631160640838,0.87,0.154511981267842,0.89,0.153271098132252,0.0324853674139253
"gamma_bin_12.00_3.40","gamma_bin","vary_mean",12,FALSE,128,0.901530406151582,0.94572145073211,0.86,0.154584275961602,0.87,0.153255394956385,0.0441910445805285
"gamma_bin_12.00_3.40","gamma_bin","vary_mean",12,FALSE,129,0.888820761331304,0.942439254944838,0.86,0.155633908803125,0.87,0.154217076150628,0.0536184936135341
"gamma_bin_12.00_3.40","gamma_bin","vary_mean",12,FALSE,130,0.879849051096058,0.939892193115532,0.84,0.157384578347937,0.86,0.156014090905822,0.0600431420194737
"gamma_bin_12.00_3.40","gamma_bin","vary_mean",12,FALSE,131,0.875312502934994,0.938209418603176,0.84,0.159030818320895,0.86,0.157471762782812,0.0628969156681818
"gamma_bin_12.00_3.40","gamma_bin","vary_mean",12,FALSE,132,0.875810644994376,0.937514914101291,0.84,0.159429605558977,0.87,0.157967873648706,0.061704269106915
"gamma_bin_12.00_3.40","gamma_bin","vary_mean",12,FALSE,133,0.881891211117993,0.937928958567903,0.85,0.158430021716043,0.88,0.157098692059354,0.05603774744991
"gamma_bin_12.00_3.40","gamma_bin","vary_mean",12,FALSE,134,0.894096753734329,0.939266759176721,0.86,0.156459786851108,0.87,0.155213661058244,0.0451700054423921
"gamma_bin_12.00_3.40","gamma_bin","vary_mean",12,FALSE,135,0.912538889585145,0.941519963969084,0.9,0.154493367218295,0.91,0.153220370445134,0.0289810743839394
"gamma_bin_12.00_3.40","gamma_bin","vary_mean",12,FALSE,136,0.935968580436848,0.944459409481248,0.9,0.153094136750831,0.91,0.151978942147819,0.00849082904439968
"gamma_bin_12.00_3.40","gamma_bin","vary_mean",12,FALSE,137,0.962748452443007,0.94791709790213,0.9,0.153001791197533,0.9,0.15178516605531,-0.0148313545408768
"gamma_bin_12.00_3.40","gamma_bin","vary_mean",12,FALSE,138,0.991058087015847,0.95194746627442,0.9,0.154397790067341,0.88,0.153076283550982,-0.0391106207414271
"gamma_bin_12.00_3.40","gamma_bin","vary_mean",12,FALSE,139,1.01894781256074,0.955827511265285,0.87,0.156809734910717,0.86,0.155344230831741,-0.0631203012954551
"gamma_bin_12.00_3.40","gamma_bin","vary_mean",12,FALSE,140,1.04444932027992,0.959719474423185,0.77,0.15950659951617,0.77,0.158019202801941,-0.0847298458567352
"gamma_bin_12.00_3.40","gamma_bin","vary_mean",12,FALSE,141,1.0657059122687,0.963257658199025,0.72,0.161648604086911,0.69,0.160138122920909,-0.102448254069675
"gamma_bin_12.00_3.40","gamma_bin","vary_mean",12,FALSE,142,1.0810929449843,0.966206575596613,0.63,0.162381943200755,0.6,0.16086611606504,-0.114886369387687
"gamma_bin_12.00_3.40","gamma_bin","vary_mean",12,FALSE,143,1.08930930531451,0.968614926649635,0.61,0.161794717206374,0.59,0.160249578063725,-0.120694378664875
"gamma_bin_12.00_3.40","gamma_bin","vary_mean",12,FALSE,144,1.08943317712892,0.970130236285891,0.59,0.160796017094172,0.58,0.159019585396677,-0.119302940843029
"gamma_bin_12.00_3.40","gamma_bin","vary_mean",12,FALSE,145,1.08148967301391,0.970749309290683,0.61,0.1594007933255,0.6,0.157606502684124,-0.110740363723227
"gamma_bin_12.00_3.40","gamma_bin","vary_mean",12,FALSE,146,1.067118056924,0.970454958924848,0.65,0.158686833794664,0.64,0.156890180683711,-0.0966630979991522
"gamma_bin_12.00_3.40","gamma_bin","vary_mean",12,FALSE,147,1.04828964020928,0.969241474669562,0.75,0.159206767896528,0.7,0.157628115980523,-0.0790481655397176
"gamma_bin_12.00_3.40","gamma_bin","vary_mean",12,FALSE,148,1.02693455801449,0.967067652886585,0.82,0.160672405884264,0.78,0.159095103316586,-0.0598669051279049
"gamma_bin_12.00_3.40","gamma_bin","vary_mean",12,FALSE,149,1.00477443375589,0.964270708028494,0.92,0.162393142073111,0.87,0.160766189539149,-0.0405037257273955
"gamma_bin_12.00_3.40","gamma_bin","vary_mean",12,FALSE,150,0.983222907766779,0.960863399168557,0.92,0.16351422907273,0.92,0.161819184158695,-0.0223595085982216
"gamma_bin_12.00_3.40","gamma_bin","vary_mean",12,FALSE,151,0.963363940769346,0.956772207409989,0.94,0.162929780104502,0.97,0.161435964522723,-0.00659173335935681
"gamma_bin_12.00_3.40","gamma_bin","vary_mean",12,FALSE,152,0.945985514931433,0.952261495420614,0.93,0.161179118552844,0.94,0.159696207533192,0.00627598048918077
"gamma_bin_12.00_3.40","gamma_bin","vary_mean",12,FALSE,153,0.931639698450479,0.947512063749503,0.93,0.158491090969606,0.92,0.157059400783253,0.0158723652990238
"gamma_bin_12.00_3.40","gamma_bin","vary_mean",12,FALSE,154,0.920706027513323,0.94261849135589,0.92,0.155822894617203,0.93,0.154391635784518,0.021912463842567
"gamma_bin_12.00_3.40","gamma_bin","vary_mean",12,FALSE,155,0.913287949909382,0.937854530670073,0.92,0.153832432956133,0.93,0.152388896086096,0.0245665807606911
"gamma_bin_12.00_3.40","gamma_bin","vary_mean",12,FALSE,156,0.909118262499206,0.933454684432035,0.92,0.15308894089863,0.93,0.152012982358033,0.024336421932829
"gamma_bin_12.00_3.40","gamma_bin","vary_mean",12,FALSE,157,0.90786599524967,0.929543042928888,0.93,0.153578410977331,0.93,0.152474323058704,0.0216770476792176
"gamma_bin_12.00_3.40","gamma_bin","vary_mean",12,FALSE,158,0.909191813449816,0.926168320181282,0.95,0.154741245269617,0.94,0.153634709914191,0.0169765067314662
"gamma_bin_12.00_3.40","gamma_bin","vary_mean",12,FALSE,159,0.9127706498954,0.923747527642078,0.95,0.155981114800874,0.95,0.154800871841664,0.0109768777466782
"gamma_bin_12.00_3.40","gamma_bin","vary_mean",12,FALSE,160,0.918310343562916,0.922198428151368,0.95,0.156217760524861,0.95,0.155030708077588,0.00388808458845236
"gamma_bin_12.00_3.40","gamma_bin","vary_mean",12,FALSE,161,0.925562601543549,0.921737289012821,0.95,0.155351819087595,0.95,0.154070827552988,-0.00382531253072749
"gamma_bin_12.00_3.40","gamma_bin","vary_mean",12,FALSE,162,0.934326617511047,0.922418716611736,0.95,0.153830145527792,0.95,0.152465726405466,-0.0119079008993112
"gamma_bin_12.00_3.40","gamma_bin","vary_mean",12,FALSE,163,0.944447396594412,0.924441835116251,0.94,0.152270635709682,0.94,0.150852950868588,-0.020005561478161
"gamma_bin_12.00_3.40","gamma_bin","vary_mean",12,FALSE,164,0.955808426255688,0.927848846590685,0.93,0.151282370321541,0.9,0.149931118019943,-0.0279595796650028
"gamma_bin_12.00_3.40","gamma_bin","vary_mean",12,FALSE,165,0.968171987055275,0.932673632508036,0.91,0.151539410802654,0.88,0.150253771583935,-0.0354983545472393
"gamma_bin_12.00_3.40","gamma_bin","vary_mean",12,FALSE,166,0.981075418082579,0.938706824610914,0.88,0.153240707502526,0.85,0.152103800093874,-0.042368593471665
"gamma_bin_12.00_3.40","gamma_bin","vary_mean",12,FALSE,167,0.99403776313242,0.946007524579345,0.88,0.156157946696408,0.84,0.15498886038991,-0.0480302385530748
"gamma_bin_12.00_3.40","gamma_bin","vary_mean",12,FALSE,168,1.00658618871785,0.954482601945628,0.86,0.159572425548337,0.83,0.158400118441414,-0.0521035867722223
"gamma_bin_12.00_3.40","gamma_bin","vary_mean",12,FALSE,169,1.01827263962082,0.964068965934842,0.85,0.162848685078779,0.84,0.161501716151441,-0.0542036736859778
"gamma_bin_12.00_3.40","gamma_bin","vary_mean",12,FALSE,170,1.02869207421039,0.974751959799675,0.86,0.164767305870991,0.84,0.16332704830482,-0.0539401144107149
"gamma_bin_12.00_3.40","gamma_bin","vary_mean",12,FALSE,171,1.03749575970787,0.986676783043714,0.86,0.165377060018966,0.82,0.163956123162185,-0.0508189766641565
"gamma_bin_12.00_3.40","gamma_bin","vary_mean",12,FALSE,172,1.04439766370686,0.999801517295119,0.86,0.16571997654634,0.83,0.164276426372258,-0.0445961464117408
"gamma_bin_12.00_3.40","gamma_bin","vary_mean",12,FALSE,173,1.04917474480308,1.01403109211506,0.85,0.166494998783725,0.84,0.165020896057117,-0.0351436526880204
"gamma_bin_12.00_3.40","gamma_bin","vary_mean",12,FALSE,174,1.05167598943045,1.0293027553259,0.9,0.168084242849815,0.86,0.16656369408365,-0.0223732341045499
"gamma_bin_12.00_3.40","gamma_bin","vary_mean",12,FALSE,175,1.05228684352057,1.04587839596595,0.89,0.171021758174378,0.9,0.169524254811763,-0.00640844755462022
"gamma_bin_12.00_3.40","gamma_bin","vary_mean",12,FALSE,176,1.05205037229906,1.0636935664186,0.89,0.175647890656956,0.9,0.174057158904174,0.0116431941195425
"gamma_bin_12.00_3.40","gamma_bin","vary_mean",12,FALSE,177,1.05206304074467,1.08270353654523,0.88,0.180678685447819,0.9,0.179252871856744,0.0306404958005588
"gamma_bin_12.00_3.40","gamma_bin","vary_mean",12,FALSE,178,1.0533911428065,1.10263696842978,0.87,0.185403329215393,0.9,0.183851376552156,0.0492458256232777
"gamma_bin_12.00_3.40","gamma_bin","vary_mean",12,FALSE,179,1.05702523270082,1.12356527770486,0.84,0.188749668136773,0.87,0.187135264021884,0.066540045004037
"gamma_bin_12.00_3.40","gamma_bin","vary_mean",12,FALSE,180,1.06385390304002,1.14542873809885,0.8,0.190892818483966,0.84,0.189364258563546,0.0815748350588306
"gamma_bin_12.00_3.40","gamma_bin","vary_mean",12,FALSE,181,1.07466368846286,1.16801366807329,0.75,0.192409988557152,0.8,0.190760396694483,0.0933499796104333
"gamma_bin_12.00_3.40","gamma_bin","vary_mean",12,FALSE,182,1.09015918537017,1.19076770051648,0.75,0.194148903850507,0.76,0.192376113124662,0.100608515146314
"gamma_bin_12.00_3.40","gamma_bin","vary_mean",12,FALSE,183,1.11099415707904,1.21355741390296,0.73,0.196450499574398,0.75,0.194479409604841,0.102563256823916
"gamma_bin_12.00_3.40","gamma_bin","vary_mean",12,FALSE,184,1.13776253966062,1.23596469793969,0.77,0.200227072719264,0.78,0.198143942335398,0.0982021582790711
"gamma_bin_12.00_3.40","gamma_bin","vary_mean",12,FALSE,185,1.16994138910722,1.25756576280395,0.82,0.205499966096791,0.84,0.203414562060491,0.0876243736967266
"gamma_bin_12.00_3.40","gamma_bin","vary_mean",12,FALSE,186,1.20568067952197,1.27811677694077,0.85,0.212485183688944,0.87,0.210274452403347,0.0724360974188019
"gamma_bin_12.00_3.40","gamma_bin","vary_mean",12,FALSE,187,1.24280592689739,1.29728158497238,0.87,0.218926526246183,0.89,0.216621900757544,0.0544756580749917
"gamma_bin_12.00_3.40","gamma_bin","vary_mean",12,FALSE,188,1.27892507759421,1.31460052303554,0.9,0.223626837670414,0.89,0.221010553851519,0.0356754454413304
"gamma_bin_12.00_3.40","gamma_bin","vary_mean",12,FALSE,189,1.31157809299846,1.32973690660656,0.88,0.225482920901091,0.89,0.222781560800831,0.0181588136081028
"gamma_bin_12.00_3.40","gamma_bin","vary_mean",12,FALSE,190,1.33842575739913,1.34221991842026,0.88,0.224768912448013,0.9,0.222043483780403,0.00379416102113117
"gamma_bin_12.00_3.40","gamma_bin","vary_mean",12,FALSE,191,1.35742493987032,1.35183528960981,0.89,0.222779256143114,0.9,0.220438729741902,-0.0055896502605095
"gamma_bin_12.00_3.40","gamma_bin","vary_mean",12,FALSE,192,1.36695842059754,1.35848568367685,0.9,0.221457481248073,0.88,0.219153124964337,-0.00847273692069339
"gamma_bin_12.00_3.40","gamma_bin","vary_mean",12,FALSE,193,1.36590703303142,1.36170506318129,0.9,0.221088655825049,0.9,0.218771157445655,-0.00420196985013388
"gamma_bin_12.00_3.40","gamma_bin","vary_mean",12,FALSE,194,1.35374441935837,1.3613728928349,0.9,0.222014134943829,0.9,0.219817655093762,0.00762847347652507
"gamma_bin_12.00_3.40","gamma_bin","vary_mean",12,FALSE,195,1.33179505256341,1.35760958443522,0.92,0.223816411464418,0.92,0.221391545879623,0.0258145318718066
"gamma_bin_12.00_3.40","gamma_bin","vary_mean",12,FALSE,196,1.30282908300336,1.35069166316947,0.92,0.225107380978281,0.92,0.222499458185455,0.0478625801661055
"gamma_bin_12.00_3.40","gamma_bin","vary_mean",12,FALSE,197,1.26962792749398,1.34065331991081,0.86,0.224686073113709,0.9,0.222040019614503,0.0710253924168289
"gamma_bin_12.00_3.40","gamma_bin","vary_mean",12,FALSE,198,1.23470197201586,1.32781027516145,0.82,0.221673219225896,0.83,0.218769098199371,0.0931083031455902
"gamma_bin_12.00_3.40","gamma_bin","vary_mean",12,FALSE,199,1.20012008532359,1.31269543809619,0.77,0.215929613316008,0.81,0.21338613773662,0.112575352772604
"gamma_bin_12.00_3.40","gamma_bin","vary_mean",12,FALSE,200,1.16745324780638,1.29591566281017,0.75,0.20915331463588,0.76,0.206835322134513,0.128462415003788
"gamma_bin_12.00_3.40","gamma_bin","vary_mean",12,FALSE,201,1.13781324493009,1.27788926271383,0.71,0.202822888290501,0.74,0.200822834015969,0.140076017783739
"gamma_bin_12.00_3.40","gamma_bin","vary_mean",12,FALSE,202,1.11194114249594,1.25946104749011,0.68,0.198569124817289,0.69,0.196544253013341,0.147519904994166
"gamma_bin_12.00_3.40","gamma_bin","vary_mean",12,FALSE,203,1.09030738318271,1.24121673972425,0.65,0.196281826612451,0.69,0.19455501836066,0.150909356541537
"gamma_bin_12.00_3.40","gamma_bin","vary_mean",12,FALSE,204,1.07317842503564,1.2236210657534,0.67,0.195718436236789,0.67,0.193988745256603,0.150442640717758
"gamma_bin_12.00_3.40","gamma_bin","vary_mean",12,FALSE,205,1.06040347302214,1.20744681817339,0.68,0.195913653707892,0.68,0.194414340605578,0.14704334515125
"gamma_bin_12.00_3.40","gamma_bin","vary_mean",12,FALSE,206,1.05156904168052,1.19298776393701,0.68,0.19595639127981,0.7,0.194566207229079,0.141418722256492
"gamma_bin_12.00_3.40","gamma_bin","vary_mean",12,FALSE,207,1.04624950999474,1.18062664593204,0.68,0.19435857770124,0.69,0.192997555796917,0.134377135937296
"gamma_bin_12.00_3.40","gamma_bin","vary_mean",12,FALSE,208,1.04403704329192,1.1705298712524,0.7,0.191637796309942,0.72,0.190244851568664,0.126492827960484
"gamma_bin_12.00_3.40","gamma_bin","vary_mean",12,FALSE,209,1.0445651521307,1.1630238618011,0.72,0.18862711635214,0.74,0.187373165822685,0.118458709670404
"gamma_bin_12.00_3.40","gamma_bin","vary_mean",12,FALSE,210,1.04752392002038,1.15832538548211,0.75,0.186378257822303,0.77,0.1851069050987,0.110801465461731
"gamma_bin_12.00_3.40","gamma_bin","vary_mean",12,FALSE,211,1.05266551803821,1.15653592401111,0.79,0.185278948856321,0.82,0.184107958857213,0.103870405972902
"gamma_bin_12.00_3.40","gamma_bin","vary_mean",12,FALSE,212,1.0598023103751,1.15787899698878,0.85,0.186015975921186,0.84,0.184859023946215,0.0980766866136837
"gamma_bin_12.00_3.40","gamma_bin","vary_mean",12,FALSE,213,1.06880062573221,1.16256502640224,0.83,0.188519340694405,0.84,0.18740218212143,0.0937644006700349
"gamma_bin_12.00_3.40","gamma_bin","vary_mean",12,FALSE,214,1.0795784696348,1.17055552617492,0.84,0.192090938017396,0.84,0.190952069974232,0.0909770565401231
"gamma_bin_12.00_3.40","gamma_bin","vary_mean",12,FALSE,215,1.09215111452811,1.18200823568663,0.84,0.195928195773045,0.85,0.194706801773018,0.0898571211585206
"gamma_bin_12.00_3.40","gamma_bin","vary_mean",12,FALSE,216,1.10660255202503,1.19688152453444,0.83,0.198598997119683,0.85,0.197224546421098,0.0902789725094058
"gamma_bin_12.00_3.40","gamma_bin","vary_mean",12,FALSE,217,1.1230463183655,1.21536073510278,0.82,0.199251621557398,0.84,0.197984267703644,0.0923144167372816
"gamma_bin_12.00_3.40","gamma_bin","vary_mean",12,FALSE,218,1.14161803384419,1.23695492059634,0.79,0.199273183882269,0.84,0.197971462749986,0.0953368867521518
"gamma_bin_12.00_3.40","gamma_bin","vary_mean",12,FALSE,219,1.16246850453014,1.261364865189,0.78,0.199456751570708,0.81,0.198060655097813,0.0988963606588604
"gamma_bin_12.00_3.40","gamma_bin","vary_mean",12,FALSE,220,1.18575867786174,1.28835547986883,0.78,0.201278081247015,0.8,0.199834115500174,0.102596802007094
"gamma_bin_12.00_3.40","gamma_bin","vary_mean",12,FALSE,221,1.21165701983639,1.31745442186545,0.78,0.204839742736354,0.78,0.203361835389416,0.105797402029064
"gamma_bin_12.00_3.40","gamma_bin","vary_mean",12,FALSE,222,1.24033898455105,1.34860191253038,0.79,0.210439816558947,0.81,0.20885176999356,0.108262927979328
"gamma_bin_12.00_3.40","gamma_bin","vary_mean",12,FALSE,223,1.27198794287079,1.38098637592827,0.79,0.21815454480664,0.81,0.216537563205989,0.108998433057485
"gamma_bin_12.00_3.40","gamma_bin","vary_mean",12,FALSE,224,1.30666523446541,1.41441364381942,0.82,0.226518125862454,0.83,0.224737177154399,0.107748409354008
"gamma_bin_12.00_3.40","gamma_bin","vary_mean",12,FALSE,225,1.3433530482977,1.44852052455236,0.85,0.23396870183871,0.85,0.231997608172981,0.105167476254664
"gamma_bin_12.00_3.40","gamma_bin","vary_mean",12,FALSE,226,1.38038171186225,1.4826451954894,0.86,0.239152984680445,0.87,0.237267464887824,0.102263483627153
"gamma_bin_12.00_3.40","gamma_bin","vary_mean",12,FALSE,227,1.41592160258673,1.51603173167406,0.87,0.242460545206068,0.88,0.240580530095974,0.100110129087334
"gamma_bin_12.00_3.40","gamma_bin","vary_mean",12,FALSE,228,1.44808142918806,1.54800973393651,0.86,0.245272255048916,0.87,0.2428697819176,0.0999283047484463
"gamma_bin_12.00_3.40","gamma_bin","vary_mean",12,FALSE,229,1.47504730588812,1.5779600802718,0.86,0.24838723734381,0.87,0.245747855424537,0.102912774383678
"gamma_bin_12.00_3.40","gamma_bin","vary_mean",12,FALSE,230,1.49521587906308,1.60528593454015,0.86,0.253272636272799,0.86,0.25025820967245,0.110070055477075
"gamma_bin_12.00_3.40","gamma_bin","vary_mean",12,FALSE,231,1.50729103953841,1.62906101037313,0.83,0.259817992854057,0.86,0.256778641559086,0.121769970834715
"gamma_bin_12.00_3.40","gamma_bin","vary_mean",12,FALSE,232,1.51033534857617,1.64867218692598,0.78,0.267459722479045,0.77,0.26423436616548,0.138336838349808
"gamma_bin_12.00_3.40","gamma_bin","vary_mean",12,FALSE,233,1.50378097074586,1.66385776861948,0.72,0.274715916322984,0.77,0.271457146621364,0.160076797873624
"gamma_bin_12.00_3.40","gamma_bin","vary_mean",12,FALSE,234,1.48764960471254,1.67415791597561,0.7,0.279755464401813,0.7,0.276389706605913,0.186508311263069
"gamma_bin_12.00_3.40","gamma_bin","vary_mean",12,FALSE,235,1.46373241708909,1.67900278744393,0.6,0.280997245913146,0.65,0.277746454556414,0.215270370354836
"gamma_bin_12.00_3.40","gamma_bin","vary_mean",12,FALSE,236,1.43448143272486,1.67880448216885,0.51,0.278155663402081,0.52,0.275212338876114,0.244323049443991
"gamma_bin_12.00_3.40","gamma_bin","vary_mean",12,FALSE,237,1.40223769952072,1.67357021079017,0.43,0.273081165589385,0.47,0.270111898467302,0.271332511269452
"gamma_bin_12.00_3.40","gamma_bin","vary_mean",12,FALSE,238,1.36905513115977,1.66387771414043,0.36,0.26683017388414,0.4,0.263824380181371,0.294822582980657
"gamma_bin_12.00_3.40","gamma_bin","vary_mean",12,FALSE,239,1.33659069308879,1.65038715928187,0.27,0.260291130963227,0.33,0.257611767937369,0.313796466193084
"gamma_bin_12.00_3.40","gamma_bin","vary_mean",12,FALSE,240,1.30608415861083,1.63352381741844,0.22,0.255496705707928,0.23,0.253091383501833,0.327439658807613
"gamma_bin_12.00_3.40","gamma_bin","vary_mean",12,FALSE,241,1.27840456713347,1.61398542364795,0.19,0.253548589608074,0.21,0.250876146347572,0.335580856514482
"gamma_bin_12.00_3.40","gamma_bin","vary_mean",12,FALSE,242,1.25412742548082,1.59271590362114,0.21,0.252904846494084,0.2,0.250322058332556,0.338588478140317
"gamma_bin_12.00_3.40","gamma_bin","vary_mean",12,FALSE,243,1.23361554311767,1.57021451799816,0.17,0.252999230103167,0.2,0.25058285960249,0.336598974880491
"gamma_bin_12.00_3.40","gamma_bin","vary_mean",12,FALSE,244,1.21706403589592,1.54676071653046,0.19,0.253235492175856,0.23,0.25083302043517,0.329696680634537
"gamma_bin_12.00_3.40","gamma_bin","vary_mean",12,FALSE,245,1.20445667363505,1.52319202741686,0.24,0.253831572469813,0.25,0.251412953154179,0.318735353781811
"gamma_bin_12.00_3.40","gamma_bin","vary_mean",12,FALSE,246,1.19569657050359,1.50007571819616,0.28,0.257487022322915,0.31,0.254584780452811,0.304379147692565
"gamma_bin_12.00_3.40","gamma_bin","vary_mean",12,FALSE,247,1.19067334691389,1.47761211350849,0.35,0.264980108888869,0.35,0.262065606082137,0.286938766594602
"gamma_bin_12.00_3.40","gamma_bin","vary_mean",12,FALSE,248,1.1892846905786,1.45616656658233,0.39,0.278041939033929,0.45,0.274897123433825,0.266881876003732
"gamma_bin_12.00_3.40","gamma_bin","vary_mean",12,FALSE,249,1.1914521017446,1.43617042656236,0.54,0.297636809693738,0.59,0.293797374002555,0.24471832481776
"gamma_bin_12.00_3.40","gamma_bin","vary_mean",12,FALSE,250,1.19713021020468,1.41794572040946,0.68,0.322974357466959,0.72,0.318670343214863,0.220815510204783
"gamma_bin_12.00_3.40","gamma_bin","vary_mean",12,FALSE,251,1.20631090184647,1.40138452993427,0.8,0.353234144266735,0.85,0.348295407780909,0.195073628087795
"gamma_bin_12.00_3.40","gamma_bin","vary_mean",12,FALSE,252,1.21902415582724,1.38678812741976,0.95,0.387666032251584,0.96,0.381584003136893,0.167763971592524
"gamma_bin_12.00_3.40","gamma_bin","vary_mean",12,FALSE,253,1.23533724681924,1.37358495354513,0.97,0.425527392534424,0.99,0.417850994032089,0.138247706725885
"gamma_bin_7.50_1.36","gamma_bin","vary_sd",1.36,FALSE,2,6.47633271060018,NA,NA,NA,NA,NA,NA
"gamma_bin_7.50_1.36","gamma_bin","vary_sd",1.36,FALSE,3,5.39748004467528,NA,NA,NA,NA,NA,NA
"gamma_bin_7.50_1.36","gamma_bin","vary_sd",1.36,FALSE,4,4.52153259075373,NA,NA,NA,NA,NA,NA
"gamma_bin_7.50_1.36","gamma_bin","vary_sd",1.36,FALSE,5,3.81075688710478,NA,NA,NA,NA,NA,NA
"gamma_bin_7.50_1.36","gamma_bin","vary_sd",1.36,FALSE,6,3.23384975678135,NA,NA,NA,NA,NA,NA
"gamma_bin_7.50_1.36","gamma_bin","vary_sd",1.36,FALSE,7,2.76512519694591,4.44431028305949,0,0.891664260745275,0,0.881327373382162,1.67918508611358
"gamma_bin_7.50_1.36","gamma_bin","vary_sd",1.36,FALSE,8,2.38350063829982,2.05135080831057,0.84,0.437681663578078,0.8,0.432465495078696,-0.332149829989248
"gamma_bin_7.50_1.36","gamma_bin","vary_sd",1.36,FALSE,9,2.07220990816182,1.3871477903723,0.01,0.299977754234065,0.01,0.29658109574284,-0.68506211778952
"gamma_bin_7.50_1.36","gamma_bin","vary_sd",1.36,FALSE,10,1.8180094782711,1.17055087988188,0.01,0.245526513118599,0,0.242816996407724,-0.64745859838922
"gamma_bin_7.50_1.36","gamma_bin","vary_sd",1.36,FALSE,11,1.61045019265924,1.09842500464071,0.01,0.215108974312702,0.01,0.21303083276262,-0.512025188018529
"gamma_bin_7.50_1.36","gamma_bin","vary_sd",1.36,FALSE,12,1.44129331371926,1.07293555198707,0.06,0.191613407080859,0.04,0.189835438739777,-0.368357761732188
"gamma_bin_7.50_1.36","gamma_bin","vary_sd",1.36,FALSE,13,1.30405110997497,1.05967603879695,0.2,0.170986450696712,0.15,0.169727454816529,-0.244375071178019
"gamma_bin_7.50_1.36","gamma_bin","vary_sd",1.36,FALSE,14,1.1936337473603,1.04818676201608,0.58,0.154601499621875,0.57,0.153510647975065,-0.145446985344221
"gamma_bin_7.50_1.36","gamma_bin","vary_sd",1.36,FALSE,15,1.10608275580624,1.03588965149833,0.88,0.143070881766668,0.88,0.142107219762089,-0.0701931043079056
"gamma_bin_7.50_1.36","gamma_bin","vary_sd",1.36,FALSE,16,1.03836845094092,1.02281076426002,0.94,0.136417566294516,0.94,0.135596605199257,-0.0155576866809035
"gamma_bin_7.50_1.36","gamma_bin","vary_sd",1.36,FALSE,17,0.987514418464918,1.00923372390928,0.97,0.133119632356059,0.97,0.132347452243042,0.0217193054443603
"gamma_bin_7.50_1.36","gamma_bin","vary_sd",1.36,FALSE,18,0.94985341422689,0.99503587189552,0.96,0.130877648538628,0.96,0.130005891248785,0.0451824576686297
"gamma_bin_7.50_1.36","gamma_bin","vary_sd",1.36,FALSE,19,0.922342058412537,0.980417151449408,0.89,0.127481048785037,0.93,0.126607993144463,0.0580750930368705
"gamma_bin_7.50_1.36","gamma_bin","vary_sd",1.36,FALSE,20,0.902533145800087,0.965513554369703,0.86,0.122144786281362,0.88,0.121272681570714,0.0629804085696162
"gamma_bin_7.50_1.36","gamma_bin","vary_sd",1.36,FALSE,21,0.888443579660898,0.950377094856867,0.83,0.115518676869123,0.85,0.114669242359955,0.0619335151959685
"gamma_bin_7.50_1.36","gamma_bin","vary_sd",1.36,FALSE,22,0.878474950045775,0.935020433684695,0.83,0.109098359516634,0.87,0.108365413929888,0.0565454836389203
"gamma_bin_7.50_1.36","gamma_bin","vary_sd",1.36,FALSE,23,0.871353706634507,0.91957826848442,0.87,0.104432237120777,0.88,0.103763995492154,0.048224561849913
"gamma_bin_7.50_1.36","gamma_bin","vary_sd",1.36,FALSE,24,0.866079695774009,0.904101883526106,0.91,0.102243535790525,0.92,0.101558991932043,0.0380221877520972
"gamma_bin_7.50_1.36","gamma_bin","vary_sd",1.36,FALSE,25,0.861880113955128,0.888714586322892,0.96,0.102599650108886,0.96,0.101935074212938,0.0268344723677639
"gamma_bin_7.50_1.36","gamma_bin","vary_sd",1.36,FALSE,26,0.858167576978305,0.873442853703709,0.98,0.104119772426741,0.98,0.103442145967896,0.0152752767254035
"gamma_bin_7.50_1.36","gamma_bin","vary_sd",1.36,FALSE,27,0.854446587171991,0.858420406137391,1,0.105593039548838,0.99,0.104810481359378,0.00397381896539994
"gamma_bin_7.50_1.36","gamma_bin","vary_sd",1.36,FALSE,28,0.850242530612154,0.843635917000823,0.98,0.105193195770161,0.98,0.104418617271419,-0.00660661361133119
"gamma_bin_7.50_1.36","gamma_bin","vary_sd",1.36,FALSE,29,0.845168044117022,0.829090842307053,0.98,0.102343678790481,0.98,0.10163366387302,-0.0160772018099685
"gamma_bin_7.50_1.36","gamma_bin","vary_sd",1.36,FALSE,30,0.838916821827613,0.81473285802618,0.95,0.0974907081341949,0.93,0.0968035279042836,-0.0241839638014327
"gamma_bin_7.50_1.36","gamma_bin","vary_sd",1.36,FALSE,31,0.83125458603177,0.800538423402477,0.89,0.0919851896098196,0.9,0.0913635694090636,-0.0307161626292927
"gamma_bin_7.50_1.36","gamma_bin","vary_sd",1.36,FALSE,32,0.822012955905288,0.78668898560357,0.89,0.0877621932836316,0.86,0.087114241533226,-0.0353239703017177
"gamma_bin_7.50_1.36","gamma_bin","vary_sd",1.36,FALSE,33,0.811083441801087,0.773184953256237,0.87,0.08587149596558,0.86,0.085304721921852,-0.0378984885448496
"gamma_bin_7.50_1.36","gamma_bin","vary_sd",1.36,FALSE,34,0.798410706391415,0.760181827712075,0.89,0.0864492070013039,0.89,0.0857713681757442,-0.0382288786793401
"gamma_bin_7.50_1.36","gamma_bin","vary_sd",1.36,FALSE,35,0.783985284249482,0.747578392279198,0.9,0.0885289889269246,0.89,0.0878477453726676,-0.0364068919702838
"gamma_bin_7.50_1.36","gamma_bin","vary_sd",1.36,FALSE,36,0.767842249776292,0.735492354336608,0.94,0.0906143862360706,0.92,0.0899359462822518,-0.0323498954396845
"gamma_bin_7.50_1.36","gamma_bin","vary_sd",1.36,FALSE,37,0.750320099865667,0.72381306964503,0.94,0.0913139481663631,0.94,0.0905633122234385,-0.0265070302206368
"gamma_bin_7.50_1.36","gamma_bin","vary_sd",1.36,FALSE,38,0.732127511283489,0.712599615823551,0.95,0.0899410815025867,0.94,0.0892043546818418,-0.0195278954599378
"gamma_bin_7.50_1.36","gamma_bin","vary_sd",1.36,FALSE,39,0.713945546467747,0.701843178443438,0.99,0.0865085581840477,0.98,0.0858432874273161,-0.0121023680243091
"gamma_bin_7.50_1.36","gamma_bin","vary_sd",1.36,FALSE,40,0.696377644387645,0.691594936483824,0.99,0.0820113040858702,0.99,0.0814214785952349,-0.00478270790382096
"gamma_bin_7.50_1.36","gamma_bin","vary_sd",1.36,FALSE,41,0.679931575981829,0.682012518232099,0.99,0.0780264606377626,1,0.0774580048558804,0.00208094225027
"gamma_bin_7.50_1.36","gamma_bin","vary_sd",1.36,FALSE,42,0.665012401557135,0.673271446031008,0.97,0.075693287695332,0.97,0.0751605157534802,0.00825904447387327
"gamma_bin_7.50_1.36","gamma_bin","vary_sd",1.36,FALSE,43,0.65192842067752,0.665381502683248,0.97,0.0756974934413428,0.97,0.0751234626946892,0.013453082005728
"gamma_bin_7.50_1.36","gamma_bin","vary_sd",1.36,FALSE,44,0.640906266957601,0.658592892953775,0.97,0.0774647170993424,0.97,0.0768974163395442,0.0176866259961741
"gamma_bin_7.50_1.36","gamma_bin","vary_sd",1.36,FALSE,45,0.632110069284813,0.652895713759726,0.98,0.0798559956472369,0.99,0.0793294839854971,0.020785644474913
"gamma_bin_7.50_1.36","gamma_bin","vary_sd",1.36,FALSE,46,0.625656360123327,0.648396928560958,0.98,0.0817493417336846,0.99,0.0812061930461707,0.0227405684376313
"gamma_bin_7.50_1.36","gamma_bin","vary_sd",1.36,FALSE,47,0.621502273809677,0.645200013179872,0.98,0.0820639593941802,0.98,0.081555966927405,0.0236977393701945
"gamma_bin_7.50_1.36","gamma_bin","vary_sd",1.36,FALSE,48,0.619441171957512,0.643208307192627,0.98,0.0805068559410516,0.98,0.0799264315105136,0.0237671352351154
"gamma_bin_7.50_1.36","gamma_bin","vary_sd",1.36,FALSE,49,0.619256488578844,0.642455502561331,0.96,0.077502596610631,0.96,0.0769885568067235,0.0231990139824874
"gamma_bin_7.50_1.36","gamma_bin","vary_sd",1.36,FALSE,50,0.620736004042686,0.642958265202139,0.96,0.0743506182749318,0.96,0.0738662727872273,0.0222222611594529
"gamma_bin_7.50_1.36","gamma_bin","vary_sd",1.36,FALSE,51,0.623679916186844,0.644529780812728,0.95,0.0724452999213396,0.95,0.0719445056336536,0.0208498646258842
"gamma_bin_7.50_1.36","gamma_bin","vary_sd",1.36,FALSE,52,0.627908213332621,0.647016389470366,0.95,0.0726553992359612,0.95,0.0721822928501888,0.0191081761377454
"gamma_bin_7.50_1.36","gamma_bin","vary_sd",1.36,FALSE,53,0.633265384812971,0.650370599187004,0.96,0.0749068747942676,0.97,0.0744188545202497,0.0171052143740335
"gamma_bin_7.50_1.36","gamma_bin","vary_sd",1.36,FALSE,54,0.639622221613428,0.654524798099748,0.97,0.078323205053344,0.97,0.0778064645900822,0.0149025764863202
"gamma_bin_7.50_1.36","gamma_bin","vary_sd",1.36,FALSE,55,0.646875295241765,0.659349816165804,0.97,0.0816191233876417,0.98,0.0810991852603922,0.0124745209240391
"gamma_bin_7.50_1.36","gamma_bin","vary_sd",1.36,FALSE,56,0.654940797889892,0.66470501970534,0.98,0.0836974386961156,0.98,0.0831353816458323,0.00976422181544767
"gamma_bin_7.50_1.36","gamma_bin","vary_sd",1.36,FALSE,57,0.663667548235467,0.670625640563919,0.97,0.083900151847247,0.97,0.0833275074898745,0.00695809232845201
"gamma_bin_7.50_1.36","gamma_bin","vary_sd",1.36,FALSE,58,0.67283196893338,0.676991866182223,0.97,0.0823113685405699,0.97,0.0817786093495089,0.00415989724884269
"gamma_bin_7.50_1.36","gamma_bin","vary_sd",1.36,FALSE,59,0.682212593504884,0.683775729477696,0.97,0.0799960087707142,0.97,0.0795047580288647,0.00156313597281255
"gamma_bin_7.50_1.36","gamma_bin","vary_sd",1.36,FALSE,60,0.691594549334227,0.690934230409168,0.97,0.0783986751904603,0.96,0.0778369100020236,-0.000660318925059244
"gamma_bin_7.50_1.36","gamma_bin","vary_sd",1.36,FALSE,61,0.700774343176902,0.69845329127032,0.96,0.0784185773086674,0.96,0.0778748539026505,-0.00232105190658238
"gamma_bin_7.50_1.36","gamma_bin","vary_sd",1.36,FALSE,62,0.709565411363515,0.706175532685869,0.97,0.0806613976368216,0.97,0.0800691384109742,-0.00338987867764573
"gamma_bin_7.50_1.36","gamma_bin","vary_sd",1.36,FALSE,63,0.717802382251417,0.713881479205598,0.98,0.0844372522746047,0.97,0.0837746313143872,-0.0039209030458186
"gamma_bin_7.50_1.36","gamma_bin","vary_sd",1.36,FALSE,64,0.725343303375917,0.72167008267714,0.98,0.0885185434844116,0.98,0.087777912989093,-0.00367322069877707
"gamma_bin_7.50_1.36","gamma_bin","vary_sd",1.36,FALSE,65,0.732069930484564,0.729376957924371,0.98,0.0914486081999479,0.98,0.0907555156576474,-0.00269297256019307
"gamma_bin_7.50_1.36","gamma_bin","vary_sd",1.36,FALSE,66,0.737895666769886,0.736852315413582,0.98,0.0924671032970509,0.99,0.0917663009801666,-0.00104335135630451
"gamma_bin_7.50_1.36","gamma_bin","vary_sd",1.36,FALSE,67,0.742895958587221,0.744136067223899,0.98,0.0912840754785992,0.98,0.0905550532198805,0.00124010863667789
"gamma_bin_7.50_1.36","gamma_bin","vary_sd",1.36,FALSE,68,0.747278763319657,0.751203763399376,0.98,0.0888266856279883,0.98,0.0881769333461526,0.00392500007971941
"gamma_bin_7.50_1.36","gamma_bin","vary_sd",1.36,FALSE,69,0.751271373438236,0.758070079330665,0.98,0.0867642967717289,0.99,0.0860908424938723,0.00679870589242859
"gamma_bin_7.50_1.36","gamma_bin","vary_sd",1.36,FALSE,70,0.755105697598796,0.764760530327972,0.97,0.0862021407657473,0.96,0.0854638170665456,0.009654832729176
"gamma_bin_7.50_1.36","gamma_bin","vary_sd",1.36,FALSE,71,0.759004827658807,0.771246301162014,0.95,0.0878466874835589,0.98,0.0871645532079646,0.0122414735032073
"gamma_bin_7.50_1.36","gamma_bin","vary_sd",1.36,FALSE,72,0.76317231106088,0.777560815025951,0.97,0.0913296079075619,0.98,0.0906480458858162,0.014388503965071
"gamma_bin_7.50_1.36","gamma_bin","vary_sd",1.36,FALSE,73,0.767786202417761,0.783593440447063,0.97,0.095525175657866,0.98,0.0947646931938019,0.0158072380293022
"gamma_bin_7.50_1.36","gamma_bin","vary_sd",1.36,FALSE,74,0.772997638290372,0.789554830239555,0.98,0.0989228551231955,0.98,0.098089997826894,0.0165571919491825
"gamma_bin_7.50_1.36","gamma_bin","vary_sd",1.36,FALSE,75,0.77893263784533,0.795376467400178,0.99,0.100522056553665,0.99,0.0996228540927688,0.0164438295548477
"gamma_bin_7.50_1.36","gamma_bin","vary_sd",1.36,FALSE,76,0.78568141824908,0.800874809939198,0.99,0.0996441738795744,0.99,0.0988126520770457,0.0151933916901184
"gamma_bin_7.50_1.36","gamma_bin","vary_sd",1.36,FALSE,77,0.793148670755028,0.806094844976255,0.99,0.0968367907687979,1,0.096127280400924,0.0129461742212267
"gamma_bin_7.50_1.36","gamma_bin","vary_sd",1.36,FALSE,78,0.801109464577554,0.811060454566369,1,0.0939635096829776,1,0.0933014602517904,0.00995098998881461
"gamma_bin_7.50_1.36","gamma_bin","vary_sd",1.36,FALSE,79,0.809317687520099,0.815875364032995,0.99,0.0925493548473379,1,0.0919013586740018,0.00655767651289563
"gamma_bin_7.50_1.36","gamma_bin","vary_sd",1.36,FALSE,80,0.817518562189946,0.820492387202921,1,0.0936282125046429,0.99,0.0929501307982806,0.00297382501297494
"gamma_bin_7.50_1.36","gamma_bin","vary_sd",1.36,FALSE,81,0.825462916255739,0.824841649130032,1,0.0971239730014667,0.99,0.0962806627650872,-0.000621267125706759
"gamma_bin_7.50_1.36","gamma_bin","vary_sd",1.36,FALSE,82,0.832920079463184,0.828966467963812,0.99,0.101656530835867,0.99,0.100733116504427,-0.00395361149937168
"gamma_bin_7.50_1.36","gamma_bin","vary_sd",1.36,FALSE,83,0.83968668789734,0.832771053165577,0.99,0.105610338072282,0.99,0.104696398171832,-0.00691563473176304
"gamma_bin_7.50_1.36","gamma_bin","vary_sd",1.36,FALSE,84,0.845591000049052,0.836338131998162,0.99,0.107767287901389,0.99,0.106762061704036,-0.00925286805088998
"gamma_bin_7.50_1.36","gamma_bin","vary_sd",1.36,FALSE,85,0.850493536894317,0.839639620826507,0.98,0.107298058514014,0.98,0.106300528833491,-0.0108539160678096
"gamma_bin_7.50_1.36","gamma_bin","vary_sd",1.36,FALSE,86,0.854297533108007,0.842638130020767,0.97,0.104511641849909,0.96,0.103523425978443,-0.0116594030872401
"gamma_bin_7.50_1.36","gamma_bin","vary_sd",1.36,FALSE,87,0.857044342489846,0.845443383187205,0.94,0.100767163531168,0.93,0.0998554494531817,-0.011600959302641
"gamma_bin_7.50_1.36","gamma_bin","vary_sd",1.36,FALSE,88,0.858857822167393,0.84811892463348,0.92,0.0978805158511615,0.93,0.0970581567605696,-0.010738897533913
"gamma_bin_7.50_1.36","gamma_bin","vary_sd",1.36,FALSE,89,0.859878747666928,0.850742951463571,0.93,0.0970973798778008,0.93,0.096331950066839,-0.00913579620335703
"gamma_bin_7.50_1.36","gamma_bin","vary_sd",1.36,FALSE,90,0.86025311141159,0.85334503519386,0.91,0.0992250173071458,0.93,0.098384394110153,-0.00690807621773015
"gamma_bin_7.50_1.36","gamma_bin","vary_sd",1.36,FALSE,91,0.860120701023208,0.856060281605709,0.9,0.103077900990715,0.92,0.102348016945711,-0.00406041941749902
"gamma_bin_7.50_1.36","gamma_bin","vary_sd",1.36,FALSE,92,0.859606619529194,0.8589878558124,0.92,0.107211626722904,0.92,0.106417394708568,-0.000618763716794146
"gamma_bin_7.50_1.36","gamma_bin","vary_sd",1.36,FALSE,93,0.8588168361623,0.862146743026198,0.94,0.110097674045052,0.94,0.109230721265959,0.00332990686389767
"gamma_bin_7.50_1.36","gamma_bin","vary_sd",1.36,FALSE,94,0.857837212377275,0.865610635085844,0.94,0.110504308525192,0.94,0.109624008630974,0.00777342270856907
"gamma_bin_7.50_1.36","gamma_bin","vary_sd",1.36,FALSE,95,0.856734852284735,0.869297103479102,0.95,0.108298079192708,0.95,0.107553457555364,0.0125622511943667
"gamma_bin_7.50_1.36","gamma_bin","vary_sd",1.36,FALSE,96,0.855586935925609,0.873351061854648,0.93,0.10481557579883,0.93,0.104108812589527,0.0177641259290394
"gamma_bin_7.50_1.36","gamma_bin","vary_sd",1.36,FALSE,97,0.854642173312711,0.877652089648961,0.92,0.101730021922568,0.92,0.10108117578113,0.0230099163362499
"gamma_bin_7.50_1.36","gamma_bin","vary_sd",1.36,FALSE,98,0.854216899337268,0.882259380629798,0.89,0.101043989047795,0.91,0.100293974530897,0.0280424812925301
"gamma_bin_7.50_1.36","gamma_bin","vary_sd",1.36,FALSE,99,0.854615196085733,0.887258624682605,0.89,0.103031873515125,0.91,0.10228903552372,0.0326434285968719
"gamma_bin_7.50_1.36","gamma_bin","vary_sd",1.36,FALSE,100,0.856123392287051,0.892758360592357,0.9,0.107351272308575,0.91,0.106470931703601,0.036634968305306
"gamma_bin_7.50_1.36","gamma_bin","vary_sd",1.36,FALSE,101,0.859003725920451,0.898642638899387,0.92,0.112248264091348,0.91,0.111361545104325,0.0396389129789355
"gamma_bin_7.50_1.36","gamma_bin","vary_sd",1.36,FALSE,102,0.863491057515902,0.904884381547792,0.92,0.116358265376937,0.92,0.115453070480661,0.0413933240318901
"gamma_bin_7.50_1.36","gamma_bin","vary_sd",1.36,FALSE,103,0.869793786137492,0.911539045313536,0.91,0.118220923894949,0.92,0.117323720756828,0.041745259176044
"gamma_bin_7.50_1.36","gamma_bin","vary_sd",1.36,FALSE,104,0.878098070350996,0.918556205588646,0.9,0.117274984577424,0.91,0.116475772389741,0.0404581352376497
"gamma_bin_7.50_1.36","gamma_bin","vary_sd",1.36,FALSE,105,0.888573897619543,0.925927367234702,0.9,0.114472592555475,0.92,0.113623160287255,0.0373534696151593
"gamma_bin_7.50_1.36","gamma_bin","vary_sd",1.36,FALSE,106,0.901301658370892,0.933559725916167,0.9,0.111318124340079,0.93,0.110400452262432,0.0322580675452746
"gamma_bin_7.50_1.36","gamma_bin","vary_sd",1.36,FALSE,107,0.915897849763235,0.941285026357447,0.93,0.109812799639487,0.95,0.108812864581015,0.0253871765942121
"gamma_bin_7.50_1.36","gamma_bin","vary_sd",1.36,FALSE,108,0.931781890770312,0.948794983278913,0.96,0.11092786987215,0.96,0.110140676423835,0.0170130925086008
"gamma_bin_7.50_1.36","gamma_bin","vary_sd",1.36,FALSE,109,0.964908287444313,0.956006674020473,0.96,0.114850339444291,0.95,0.113941787286502,-0.00890161342383977
"gamma_bin_7.50_1.36","gamma_bin","vary_sd",1.36,FALSE,110,0.980887218164916,0.962731663917695,0.96,0.120085085139155,0.95,0.119080047684338,-0.0181555542472205
"gamma_bin_7.50_1.36","gamma_bin","vary_sd",1.36,FALSE,111,0.995692213942587,0.968640140347371,0.94,0.124816876055836,0.95,0.123583774523764,-0.0270520735952157
"gamma_bin_7.50_1.36","gamma_bin","vary_sd",1.36,FALSE,112,1.00881666031265,0.973601588127751,0.95,0.127352586117124,0.93,0.126079571624064,-0.0352150721848991
"gamma_bin_7.50_1.36","gamma_bin","vary_sd",1.36,FALSE,113,1.01983605940048,0.977667739493547,0.92,0.126978056619641,0.92,0.125664783690947,-0.0421683199069334
"gamma_bin_7.50_1.36","gamma_bin","vary_sd",1.36,FALSE,114,1.02841129997895,0.980823378572793,0.9,0.123848666066369,0.9,0.122579730427046,-0.0475879214061574
"gamma_bin_7.50_1.36","gamma_bin","vary_sd",1.36,FALSE,115,1.03430371035801,0.983057439978408,0.86,0.119755512084305,0.84,0.118515456814758,-0.0512462703796024
"gamma_bin_7.50_1.36","gamma_bin","vary_sd",1.36,FALSE,116,1.03743175161603,0.984540391181234,0.84,0.116099316060579,0.82,0.115012895201188,-0.0528913604347965
"gamma_bin_7.50_1.36","gamma_bin","vary_sd",1.36,FALSE,117,1.0378022122009,0.985108175006114,0.83,0.114864407133718,0.81,0.113804673242566,-0.0526940371947862
"gamma_bin_7.50_1.36","gamma_bin","vary_sd",1.36,FALSE,118,1.03547276308025,0.984898356986185,0.85,0.116720612459917,0.85,0.115717698076593,-0.0505744060940647
"gamma_bin_7.50_1.36","gamma_bin","vary_sd",1.36,FALSE,119,1.03053550780697,0.983983933832349,0.88,0.120476740131858,0.86,0.11947908270441,-0.046551573974621
"gamma_bin_7.50_1.36","gamma_bin","vary_sd",1.36,FALSE,120,1.02310221069091,0.98240945535238,0.91,0.124591167274345,0.9,0.123504396415699,-0.04069275533853
"gamma_bin_7.50_1.36","gamma_bin","vary_sd",1.36,FALSE,121,1.01329357541095,0.980268136823334,0.92,0.127217501097221,0.92,0.126008118938636,-0.0330254385876162
"gamma_bin_7.50_1.36","gamma_bin","vary_sd",1.36,FALSE,122,1.00123289414715,0.977568164966964,0.97,0.126887983896794,0.97,0.125717516893219,-0.0236647291801864
"gamma_bin_7.50_1.36","gamma_bin","vary_sd",1.36,FALSE,123,0.987043160294477,0.974299295614559,0.97,0.123872101415767,0.98,0.122671570737512,-0.0127438646799177
"gamma_bin_7.50_1.36","gamma_bin","vary_sd",1.36,FALSE,124,0.970846430550826,0.970630743339295,0.96,0.119006932631558,0.97,0.118029714722879,-0.000215687211530757
"gamma_bin_7.50_1.36","gamma_bin","vary_sd",1.36,FALSE,125,0.953001568168985,0.966855727845124,0.95,0.114755754848184,0.96,0.113937550832674,0.0138541596761392
"gamma_bin_7.50_1.36","gamma_bin","vary_sd",1.36,FALSE,126,0.934680947695761,0.963209098564022,0.93,0.112787522209455,0.93,0.112089084353432,0.0285281508682609
"gamma_bin_7.50_1.36","gamma_bin","vary_sd",1.36,FALSE,127,0.917145793226913,0.959835757880798,0.88,0.113669689496514,0.89,0.112877901859723,0.0426899646538854
"gamma_bin_7.50_1.36","gamma_bin","vary_sd",1.36,FALSE,128,0.901530406151582,0.957056759897499,0.84,0.116770636588492,0.84,0.115987213467397,0.0555263537459174
"gamma_bin_7.50_1.36","gamma_bin","vary_sd",1.36,FALSE,129,0.888820761331304,0.955026912802713,0.81,0.12053119085137,0.83,0.119884229748572,0.0662061514714091
"gamma_bin_7.50_1.36","gamma_bin","vary_sd",1.36,FALSE,130,0.879849051096058,0.953971499856931,0.78,0.123737727008061,0.81,0.122931694571648,0.0741224487608728
"gamma_bin_7.50_1.36","gamma_bin","vary_sd",1.36,FALSE,131,0.875312502934994,0.954018829308565,0.76,0.124532399251334,0.77,0.123692995839242,0.0787063263735709
"gamma_bin_7.50_1.36","gamma_bin","vary_sd",1.36,FALSE,132,0.875810644994376,0.95530958355129,0.74,0.122599385277712,0.76,0.121701198970892,0.0794989385569137
"gamma_bin_7.50_1.36","gamma_bin","vary_sd",1.36,FALSE,133,0.881891211117993,0.957670558522759,0.74,0.118860672426172,0.75,0.117955103634379,0.0757793474047662
"gamma_bin_7.50_1.36","gamma_bin","vary_sd",1.36,FALSE,134,0.894096753734329,0.960792474056101,0.74,0.115130190940689,0.75,0.114188915008746,0.066695720321772
"gamma_bin_7.50_1.36","gamma_bin","vary_sd",1.36,FALSE,135,0.912538889585145,0.964606651211053,0.81,0.112950796248567,0.83,0.112139644784999,0.052067761625908
"gamma_bin_7.50_1.36","gamma_bin","vary_sd",1.36,FALSE,136,0.935968580436848,0.968626386628884,0.89,0.113760683800502,0.89,0.112942491059434,0.0326578061920355
"gamma_bin_7.50_1.36","gamma_bin","vary_sd",1.36,FALSE,137,0.962748452443007,0.972693387332725,0.92,0.117334888435704,0.94,0.116434033030065,0.00994493488971759
"gamma_bin_7.50_1.36","gamma_bin","vary_sd",1.36,FALSE,138,0.991058087015847,0.976448251070071,0.95,0.122468267364835,0.95,0.121489172771869,-0.0146098359457756
"gamma_bin_7.50_1.36","gamma_bin","vary_sd",1.36,FALSE,139,1.01894781256074,0.97976520255917,0.94,0.127251489129736,0.94,0.126138285321031,-0.03918261000157
"gamma_bin_7.50_1.36","gamma_bin","vary_sd",1.36,FALSE,140,1.04444932027992,0.982419507905691,0.85,0.129897507262013,0.83,0.128634066305052,-0.0620298123742293
"gamma_bin_7.50_1.36","gamma_bin","vary_sd",1.36,FALSE,141,1.0657059122687,0.984157308457753,0.74,0.129548274296102,0.7,0.128232105900742,-0.0815486038109474
"gamma_bin_7.50_1.36","gamma_bin","vary_sd",1.36,FALSE,142,1.0810929449843,0.985077142512337,0.65,0.126226233660393,0.61,0.124943476616447,-0.0960158024719632
"gamma_bin_7.50_1.36","gamma_bin","vary_sd",1.36,FALSE,143,1.08930930531451,0.985323017924678,0.58,0.121688828972146,0.56,0.120550215862931,-0.103986287389832
"gamma_bin_7.50_1.36","gamma_bin","vary_sd",1.36,FALSE,144,1.08943317712892,0.984940875886292,0.58,0.118309835946738,0.54,0.117139047063198,-0.104492301242628
"gamma_bin_7.50_1.36","gamma_bin","vary_sd",1.36,FALSE,145,1.08148967301391,0.983830276678961,0.59,0.117246527208703,0.57,0.116159158389468,-0.0976593963349487
"gamma_bin_7.50_1.36","gamma_bin","vary_sd",1.36,FALSE,146,1.067118056924,0.981903680948795,0.71,0.119052506171759,0.68,0.117846423513126,-0.0852143759752053
"gamma_bin_7.50_1.36","gamma_bin","vary_sd",1.36,FALSE,147,1.04828964020928,0.979608565828122,0.8,0.122554003740602,0.77,0.121405907180633,-0.0686810743811577
"gamma_bin_7.50_1.36","gamma_bin","vary_sd",1.36,FALSE,148,1.02693455801449,0.976934739088649,0.85,0.126323374942674,0.84,0.125060674871534,-0.0499998189258406
"gamma_bin_7.50_1.36","gamma_bin","vary_sd",1.36,FALSE,149,1.00477443375589,0.973864065303069,0.97,0.128442698356178,0.93,0.127178528463159,-0.0309103684528209
"gamma_bin_7.50_1.36","gamma_bin","vary_sd",1.36,FALSE,150,0.983222907766779,0.970442125947832,0.97,0.127890179318346,0.96,0.126611469184523,-0.0127807818189466
"gamma_bin_7.50_1.36","gamma_bin","vary_sd",1.36,FALSE,151,0.963363940769346,0.966760504942153,0.97,0.124367114236875,0.97,0.12317444645998,0.00339656417280731
"gamma_bin_7.50_1.36","gamma_bin","vary_sd",1.36,FALSE,152,0.945985514931433,0.962760943272167,0.94,0.119356775434074,0.95,0.118309623020691,0.016775428340734
"gamma_bin_7.50_1.36","gamma_bin","vary_sd",1.36,FALSE,153,0.931639698450479,0.958744467506842,0.92,0.115026549524814,0.92,0.114121802189303,0.0271047690563632
"gamma_bin_7.50_1.36","gamma_bin","vary_sd",1.36,FALSE,154,0.920706027513323,0.95497805244417,0.89,0.11267048242282,0.89,0.111785205396247,0.0342720249308466
"gamma_bin_7.50_1.36","gamma_bin","vary_sd",1.36,FALSE,155,0.913287949909382,0.951618561434013,0.88,0.112927047855964,0.87,0.112214528537138,0.0383306115246312
"gamma_bin_7.50_1.36","gamma_bin","vary_sd",1.36,FALSE,156,0.909118262499206,0.948832181953749,0.89,0.11563683611929,0.9,0.114990919009519,0.0397139194545431
"gamma_bin_7.50_1.36","gamma_bin","vary_sd",1.36,FALSE,157,0.90786599524967,0.946785416060422,0.91,0.119412929082489,0.91,0.11872433849812,0.0389194208107522
"gamma_bin_7.50_1.36","gamma_bin","vary_sd",1.36,FALSE,158,0.909191813449816,0.945652014135883,0.93,0.122339384183414,0.95,0.121582997710809,0.0364602006860674
"gamma_bin_7.50_1.36","gamma_bin","vary_sd",1.36,FALSE,159,0.9127706498954,0.94551108070927,0.95,0.123072788228178,0.96,0.122342150567829,0.0327404308138695
"gamma_bin_7.50_1.36","gamma_bin","vary_sd",1.36,FALSE,160,0.918310343562916,0.946261174087871,0.95,0.121152858359127,0.95,0.12046082426942,0.0279508305249552
"gamma_bin_7.50_1.36","gamma_bin","vary_sd",1.36,FALSE,161,0.925562601543549,0.947925519714177,0.94,0.117245851142709,0.95,0.116575273344911,0.022362918170628
"gamma_bin_7.50_1.36","gamma_bin","vary_sd",1.36,FALSE,162,0.934326617511047,0.9503962838515,0.95,0.113533709313345,0.95,0.112788540131818,0.0160696663404527
"gamma_bin_7.50_1.36","gamma_bin","vary_sd",1.36,FALSE,163,0.944447396594412,0.953727240606295,0.95,0.111689369235267,0.95,0.110852769148381,0.00927984401188309
"gamma_bin_7.50_1.36","gamma_bin","vary_sd",1.36,FALSE,164,0.955808426255688,0.958018048788151,0.96,0.112408701297353,0.95,0.111544652120405,0.00220962253246304
"gamma_bin_7.50_1.36","gamma_bin","vary_sd",1.36,FALSE,165,0.968171987055275,0.963220502318344,0.94,0.115878815504095,0.94,0.114895450132812,-0.0049514847369313
"gamma_bin_7.50_1.36","gamma_bin","vary_sd",1.36,FALSE,166,0.981075418082579,0.969230091384884,0.93,0.120892063744433,0.94,0.119801425153583,-0.0118453266976953
"gamma_bin_7.50_1.36","gamma_bin","vary_sd",1.36,FALSE,167,0.99403776313242,0.976005687039424,0.93,0.125724680832962,0.92,0.124509073346346,-0.0180320760929958
"gamma_bin_7.50_1.36","gamma_bin","vary_sd",1.36,FALSE,168,1.00658618871785,0.983501406523426,0.93,0.128688436143653,0.93,0.12751355192053,-0.023084782194424
"gamma_bin_7.50_1.36","gamma_bin","vary_sd",1.36,FALSE,169,1.01827263962082,0.991722553146321,0.92,0.129040060716512,0.92,0.127910375478671,-0.0265500864744989
"gamma_bin_7.50_1.36","gamma_bin","vary_sd",1.36,FALSE,170,1.02869207421039,1.0006501673837,0.93,0.126841524870387,0.92,0.125735775041836,-0.0280419068266917
"gamma_bin_7.50_1.36","gamma_bin","vary_sd",1.36,FALSE,171,1.03749575970787,1.01019653865467,0.92,0.123555035660237,0.89,0.122598130716196,-0.0272992210531979
"gamma_bin_7.50_1.36","gamma_bin","vary_sd",1.36,FALSE,172,1.04439766370686,1.02043029414503,0.89,0.121426199929203,0.87,0.120506608961622,-0.0239673695618319
"gamma_bin_7.50_1.36","gamma_bin","vary_sd",1.36,FALSE,173,1.04917474480308,1.03131590883603,0.89,0.121942237095768,0.88,0.121111370251653,-0.0178588359670511
"gamma_bin_7.50_1.36","gamma_bin","vary_sd",1.36,FALSE,174,1.05167598943045,1.04269202899864,0.91,0.125523551410295,0.91,0.124769490355294,-0.00898396043180649
"gamma_bin_7.50_1.36","gamma_bin","vary_sd",1.36,FALSE,175,1.05228684352057,1.05453341943182,0.92,0.131234910257273,0.93,0.130384408082218,0.00224657591125155
"gamma_bin_7.50_1.36","gamma_bin","vary_sd",1.36,FALSE,176,1.05205037229906,1.06696723895139,0.95,0.137378074936346,0.95,0.136309984675638,0.0149168666523252
"gamma_bin_7.50_1.36","gamma_bin","vary_sd",1.36,FALSE,177,1.05206304074467,1.07989901871909,0.95,0.141964544626171,0.95,0.140916951075869,0.0278359779744224
"gamma_bin_7.50_1.36","gamma_bin","vary_sd",1.36,FALSE,178,1.0533911428065,1.09331592114515,0.95,0.143344421817943,0.95,0.142322333884018,0.0399247783386549
"gamma_bin_7.50_1.36","gamma_bin","vary_sd",1.36,FALSE,179,1.05702523270082,1.10731553097697,0.88,0.14151089194731,0.92,0.14055475944978,0.0502902982761548
"gamma_bin_7.50_1.36","gamma_bin","vary_sd",1.36,FALSE,180,1.06385390304002,1.12169580072914,0.85,0.137792429666575,0.84,0.136777074570253,0.0578418976891204
"gamma_bin_7.50_1.36","gamma_bin","vary_sd",1.36,FALSE,181,1.07466368846286,1.13618375462247,0.81,0.13427978987048,0.83,0.133307133545468,0.0615200661596138
"gamma_bin_7.50_1.36","gamma_bin","vary_sd",1.36,FALSE,182,1.09015918537017,1.15047732086348,0.83,0.13327112789963,0.85,0.132241009070287,0.0603181354933089
"gamma_bin_7.50_1.36","gamma_bin","vary_sd",1.36,FALSE,183,1.11099415707904,1.16424717078934,0.86,0.136117354691129,0.87,0.135061349660042,0.0532530137103044
"gamma_bin_7.50_1.36","gamma_bin","vary_sd",1.36,FALSE,184,1.13776253966062,1.17717409382507,0.91,0.142245244027462,0.91,0.141275837244471,0.039411554164446
"gamma_bin_7.50_1.36","gamma_bin","vary_sd",1.36,FALSE,185,1.16994138910722,1.18892086971457,0.9,0.149501963614248,0.89,0.14826963975021,0.0189794806073502
"gamma_bin_7.50_1.36","gamma_bin","vary_sd",1.36,FALSE,186,1.20568067952197,1.19930097726592,0.91,0.155427806777727,0.92,0.153954234010571,-0.00637970225604789
"gamma_bin_7.50_1.36","gamma_bin","vary_sd",1.36,FALSE,187,1.24280592689739,1.20793995104764,0.91,0.158098683773643,0.91,0.156577805194237,-0.03486597584975
"gamma_bin_7.50_1.36","gamma_bin","vary_sd",1.36,FALSE,188,1.27892507759421,1.21489012599017,0.88,0.156676907966308,0.88,0.155216969422679,-0.0640349516040395
"gamma_bin_7.50_1.36","gamma_bin","vary_sd",1.36,FALSE,189,1.31157809299846,1.22008993730639,0.81,0.152407039249543,0.81,0.150947369255949,-0.0914881556920693
"gamma_bin_7.50_1.36","gamma_bin","vary_sd",1.36,FALSE,190,1.33842575739913,1.22325811990097,0.67,0.147759261362338,0.68,0.146439288994846,-0.115167637498164
"gamma_bin_7.50_1.36","gamma_bin","vary_sd",1.36,FALSE,191,1.35742493987032,1.224682899871,0.59,0.145179954812129,0.58,0.143755131320795,-0.132742039999317
"gamma_bin_7.50_1.36","gamma_bin","vary_sd",1.36,FALSE,192,1.36695842059754,1.22416982072466,0.55,0.145519989045321,0.5,0.143974989310739,-0.142788599872878
"gamma_bin_7.50_1.36","gamma_bin","vary_sd",1.36,FALSE,193,1.36590703303142,1.22165333708931,0.57,0.148536325382504,0.5,0.146941657772493,-0.14425369594211
"gamma_bin_7.50_1.36","gamma_bin","vary_sd",1.36,FALSE,194,1.35374441935837,1.21704630445559,0.65,0.152553725561455,0.59,0.150926916579795,-0.136698114902779
"gamma_bin_7.50_1.36","gamma_bin","vary_sd",1.36,FALSE,195,1.33179505256341,1.21044347037701,0.71,0.155686604361447,0.69,0.153987514385808,-0.1213515821864
"gamma_bin_7.50_1.36","gamma_bin","vary_sd",1.36,FALSE,196,1.30282908300336,1.20197581702658,0.78,0.156205314189421,0.76,0.15454106092706,-0.100853265976785
"gamma_bin_7.50_1.36","gamma_bin","vary_sd",1.36,FALSE,197,1.26962792749398,1.19176073864497,0.84,0.152804575807111,0.81,0.151229425061779,-0.0778671888490108
"gamma_bin_7.50_1.36","gamma_bin","vary_sd",1.36,FALSE,198,1.23470197201586,1.17985760115321,0.87,0.146037776188845,0.86,0.144749267907569,-0.0548443708626536
"gamma_bin_7.50_1.36","gamma_bin","vary_sd",1.36,FALSE,199,1.20012008532359,1.16682536848939,0.93,0.138326135489778,0.94,0.137293747797686,-0.0332947168342006
"gamma_bin_7.50_1.36","gamma_bin","vary_sd",1.36,FALSE,200,1.16745324780638,1.15315114132208,0.92,0.132534847922065,0.92,0.131576753047918,-0.0143021064842956
"gamma_bin_7.50_1.36","gamma_bin","vary_sd",1.36,FALSE,201,1.13781324493009,1.13960070315098,0.95,0.130342225972849,0.96,0.129476801947958,0.00178745822089343
"gamma_bin_7.50_1.36","gamma_bin","vary_sd",1.36,FALSE,202,1.11194114249594,1.12664313630248,0.95,0.131947130353682,0.95,0.131095869782774,0.0147019938065351
"gamma_bin_7.50_1.36","gamma_bin","vary_sd",1.36,FALSE,203,1.09030738318271,1.11474835006213,0.94,0.135913979038792,0.94,0.134967351556316,0.0244409668794205
"gamma_bin_7.50_1.36","gamma_bin","vary_sd",1.36,FALSE,204,1.07317842503564,1.10438546158571,0.95,0.139940137421514,0.96,0.139088823805807,0.0312070365500716
"gamma_bin_7.50_1.36","gamma_bin","vary_sd",1.36,FALSE,205,1.06040347302214,1.09587463116781,0.95,0.142434679049619,0.96,0.14148891641357,0.0354711581456719
"gamma_bin_7.50_1.36","gamma_bin","vary_sd",1.36,FALSE,206,1.05156904168052,1.08937465982019,0.95,0.141975799155337,0.96,0.141054607940115,0.0378056181396704
"gamma_bin_7.50_1.36","gamma_bin","vary_sd",1.36,FALSE,207,1.04624950999474,1.08494065088964,0.94,0.138340615847447,0.96,0.137482556282357,0.038691140894898
"gamma_bin_7.50_1.36","gamma_bin","vary_sd",1.36,FALSE,208,1.04403704329192,1.08261980816485,0.93,0.133216820643393,0.94,0.132389979396989,0.0385827648729298
"gamma_bin_7.50_1.36","gamma_bin","vary_sd",1.36,FALSE,209,1.0445651521307,1.08237828141122,0.92,0.128573312250233,0.93,0.127774662730085,0.0378131292805151
"gamma_bin_7.50_1.36","gamma_bin","vary_sd",1.36,FALSE,210,1.04752392002038,1.08428358257758,0.9,0.126484965571253,0.92,0.125782940611456,0.0367596625571966
"gamma_bin_7.50_1.36","gamma_bin","vary_sd",1.36,FALSE,211,1.05266551803821,1.08831718224938,0.9,0.128055846637622,0.91,0.12728951659836,0.0356516642111737
"gamma_bin_7.50_1.36","gamma_bin","vary_sd",1.36,FALSE,212,1.0598023103751,1.09459079682807,0.92,0.132542452567701,0.93,0.131672241360557,0.0347884864529746
"gamma_bin_7.50_1.36","gamma_bin","vary_sd",1.36,FALSE,213,1.06880062573221,1.10278695259169,0.92,0.138102875886048,0.93,0.137157978141789,0.0339863268594849
"gamma_bin_7.50_1.36","gamma_bin","vary_sd",1.36,FALSE,214,1.0795784696348,1.11297356769509,0.93,0.143097210004077,0.95,0.142177057817932,0.03339509806029
"gamma_bin_7.50_1.36","gamma_bin","vary_sd",1.36,FALSE,215,1.09215111452811,1.12516731911043,0.93,0.145902986429921,0.95,0.144691670488902,0.0330162045823186
"gamma_bin_7.50_1.36","gamma_bin","vary_sd",1.36,FALSE,216,1.10660255202503,1.13937101317672,0.93,0.145536274307104,0.93,0.14435932606437,0.0327684611516894
"gamma_bin_7.50_1.36","gamma_bin","vary_sd",1.36,FALSE,217,1.1230463183655,1.15558465773759,0.93,0.142710413515336,0.93,0.141581036347981,0.0325383393720886
"gamma_bin_7.50_1.36","gamma_bin","vary_sd",1.36,FALSE,218,1.14161803384419,1.17345909844499,0.93,0.139165061387938,0.93,0.138188905107207,0.0318410646007994
"gamma_bin_7.50_1.36","gamma_bin","vary_sd",1.36,FALSE,219,1.16246850453014,1.19273516208082,0.93,0.137861423802254,0.93,0.136800179486784,0.0302666575506783
"gamma_bin_7.50_1.36","gamma_bin","vary_sd",1.36,FALSE,220,1.18575867786174,1.21303324952403,0.93,0.14002328684234,0.93,0.138963007687884,0.0272745716622893
"gamma_bin_7.50_1.36","gamma_bin","vary_sd",1.36,FALSE,221,1.21165701983639,1.23385729300154,0.92,0.145522496760446,0.94,0.144356325361042,0.0222002731651543
"gamma_bin_7.50_1.36","gamma_bin","vary_sd",1.36,FALSE,222,1.24033898455105,1.2548200218347,0.96,0.152941894849017,0.96,0.151740203725258,0.0144810372836546
"gamma_bin_7.50_1.36","gamma_bin","vary_sd",1.36,FALSE,223,1.27198794287079,1.27545387792706,0.97,0.160263211444774,0.98,0.158967105674721,0.00346593505627046
"gamma_bin_7.50_1.36","gamma_bin","vary_sd",1.36,FALSE,224,1.30666523446541,1.29542211997101,0.96,0.165350493019715,0.96,0.163930789048571,-0.0112431144943952
"gamma_bin_7.50_1.36","gamma_bin","vary_sd",1.36,FALSE,225,1.3433530482977,1.31461778751824,0.95,0.166518007275142,0.95,0.165153323392236,-0.0287352607794606
"gamma_bin_7.50_1.36","gamma_bin","vary_sd",1.36,FALSE,226,1.38038171186225,1.3330832023966,0.94,0.16419795693829,0.91,0.162567062883581,-0.0472985094656477
"gamma_bin_7.50_1.36","gamma_bin","vary_sd",1.36,FALSE,227,1.41592160258673,1.35014635210119,0.89,0.160096762586276,0.85,0.15869327063699,-0.0657752504855427
"gamma_bin_7.50_1.36","gamma_bin","vary_sd",1.36,FALSE,228,1.44808142918806,1.36547954302119,0.83,0.1572789484463,0.8,0.155764137006549,-0.0826018861668742
"gamma_bin_7.50_1.36","gamma_bin","vary_sd",1.36,FALSE,229,1.47504730588812,1.37881298558367,0.79,0.15820075968658,0.77,0.156708121966794,-0.0962343203044493
"gamma_bin_7.50_1.36","gamma_bin","vary_sd",1.36,FALSE,230,1.49521587906308,1.38982752503371,0.77,0.163500110671104,0.73,0.161973814429497,-0.105388354029371
"gamma_bin_7.50_1.36","gamma_bin","vary_sd",1.36,FALSE,231,1.50729103953841,1.39807590514609,0.8,0.17105807955568,0.73,0.169316842155327,-0.109215134392324
"gamma_bin_7.50_1.36","gamma_bin","vary_sd",1.36,FALSE,232,1.51033534857617,1.40328752982809,0.79,0.178376470126454,0.74,0.176381888145025,-0.107047818748077
"gamma_bin_7.50_1.36","gamma_bin","vary_sd",1.36,FALSE,233,1.50378097074586,1.40559126296068,0.8,0.182831831589203,0.79,0.180711693517667,-0.0981897077851781
"gamma_bin_7.50_1.36","gamma_bin","vary_sd",1.36,FALSE,234,1.48764960471254,1.40467907194128,0.85,0.182935951133596,0.84,0.180684432735991,-0.0829705327712598
"gamma_bin_7.50_1.36","gamma_bin","vary_sd",1.36,FALSE,235,1.46373241708909,1.40055326705526,0.88,0.178125324284931,0.86,0.176119463318685,-0.0631791500338266
"gamma_bin_7.50_1.36","gamma_bin","vary_sd",1.36,FALSE,236,1.43448143272486,1.3934402262214,0.92,0.170757788694137,0.91,0.168995980331299,-0.0410412065034624
"gamma_bin_7.50_1.36","gamma_bin","vary_sd",1.36,FALSE,237,1.40223769952072,1.38385206526852,0.93,0.163492734712332,0.93,0.161943275276768,-0.0183856342521982
"gamma_bin_7.50_1.36","gamma_bin","vary_sd",1.36,FALSE,238,1.36905513115977,1.3721661739887,0.95,0.159278075617137,0.95,0.157940821855675,0.00311104282892605
"gamma_bin_7.50_1.36","gamma_bin","vary_sd",1.36,FALSE,239,1.33659069308879,1.35910316023835,0.96,0.158940128317857,0.95,0.157717686936678,0.0225124671495558
"gamma_bin_7.50_1.36","gamma_bin","vary_sd",1.36,FALSE,240,1.30608415861083,1.3449556188869,0.96,0.161498328765235,0.96,0.160230236191687,0.0388714602760674
"gamma_bin_7.50_1.36","gamma_bin","vary_sd",1.36,FALSE,241,1.27840456713347,1.33051113709501,0.94,0.165199853954865,0.95,0.163919557937936,0.0521065699615415
"gamma_bin_7.50_1.36","gamma_bin","vary_sd",1.36,FALSE,242,1.25412742548082,1.31608462765617,0.94,0.168037633005054,0.94,0.166699882891125,0.0619572021753454
"gamma_bin_7.50_1.36","gamma_bin","vary_sd",1.36,FALSE,243,1.23361554311767,1.30199558589962,0.92,0.168848719299939,0.94,0.16742929386743,0.0683800427819536
"gamma_bin_7.50_1.36","gamma_bin","vary_sd",1.36,FALSE,244,1.21706403589592,1.28809254617205,0.9,0.167763505964921,0.93,0.16640290264874,0.0710285102761261
"gamma_bin_7.50_1.36","gamma_bin","vary_sd",1.36,FALSE,245,1.20445667363505,1.27488717109556,0.9,0.16687564084957,0.93,0.165754060532906,0.070430497460515
"gamma_bin_7.50_1.36","gamma_bin","vary_sd",1.36,FALSE,246,1.19569657050359,1.26252330128701,0.91,0.169743618169902,0.92,0.168481220525322,0.0668267307834154
"gamma_bin_7.50_1.36","gamma_bin","vary_sd",1.36,FALSE,247,1.19067334691389,1.25079851193339,0.95,0.178119686903852,0.96,0.176591019140037,0.0601251650194983
"gamma_bin_7.50_1.36","gamma_bin","vary_sd",1.36,FALSE,248,1.1892846905786,1.2398488076782,0.97,0.192358856470775,0.98,0.190668479739379,0.0505641170996012
"gamma_bin_7.50_1.36","gamma_bin","vary_sd",1.36,FALSE,249,1.1914521017446,1.23005393107984,0.99,0.211394502823023,1,0.209557053843187,0.0386018293352384
"gamma_bin_7.50_1.36","gamma_bin","vary_sd",1.36,FALSE,250,1.19713021020468,1.22117675537982,1,0.233495564983155,1,0.231270745131355,0.0240465451751362
"gamma_bin_7.50_1.36","gamma_bin","vary_sd",1.36,FALSE,251,1.20631090184647,1.21343863634895,1,0.257379403268578,1,0.254648449327808,0.00712773450248427
"gamma_bin_7.50_1.36","gamma_bin","vary_sd",1.36,FALSE,252,1.21902415582724,1.20684121600048,1,0.281753215386023,1,0.278557884472297,-0.012182939826763
"gamma_bin_7.50_1.36","gamma_bin","vary_sd",1.36,FALSE,253,1.23533724681924,1.20129091311734,1,0.306854490785,1,0.303017883743719,-0.034046333701897
"gamma_bin_7.50_2.04","gamma_bin","vary_sd",2.04,FALSE,2,6.47633271060018,NA,NA,NA,NA,NA,NA
"gamma_bin_7.50_2.04","gamma_bin","vary_sd",2.04,FALSE,3,5.39748004467528,NA,NA,NA,NA,NA,NA
"gamma_bin_7.50_2.04","gamma_bin","vary_sd",2.04,FALSE,4,4.52153259075373,NA,NA,NA,NA,NA,NA
"gamma_bin_7.50_2.04","gamma_bin","vary_sd",2.04,FALSE,5,3.81075688710478,NA,NA,NA,NA,NA,NA
"gamma_bin_7.50_2.04","gamma_bin","vary_sd",2.04,FALSE,6,3.23384975678135,NA,NA,NA,NA,NA,NA
"gamma_bin_7.50_2.04","gamma_bin","vary_sd",2.04,FALSE,7,2.76512519694591,3.15978422558909,0.83,0.587706895253605,0.89,0.580741703373556,0.394659028643176
"gamma_bin_7.50_2.04","gamma_bin","vary_sd",2.04,FALSE,8,2.38350063829982,1.99438629681897,0.59,0.390531297641599,0.51,0.386209200362875,-0.389114341480852
"gamma_bin_7.50_2.04","gamma_bin","vary_sd",2.04,FALSE,9,2.07220990816182,1.50623371527323,0.06,0.29937816804274,0.05,0.296406148024822,-0.565976192888586
"gamma_bin_7.50_2.04","gamma_bin","vary_sd",2.04,FALSE,10,1.8180094782711,1.27786082567959,0.03,0.249269406015119,0.03,0.246914701691347,-0.540148652591513
"gamma_bin_7.50_2.04","gamma_bin","vary_sd",2.04,FALSE,11,1.61045019265924,1.16479927520402,0.03,0.216613213565436,0.04,0.21455071215586,-0.445650917455225
"gamma_bin_7.50_2.04","gamma_bin","vary_sd",2.04,FALSE,12,1.44129331371926,1.10653886455851,0.08,0.191532225983292,0.08,0.189790688359164,-0.334754449160751
"gamma_bin_7.50_2.04","gamma_bin","vary_sd",2.04,FALSE,13,1.30405110997497,1.07435240162012,0.22,0.17105765104125,0.2,0.169624174462804,-0.229698708354849
"gamma_bin_7.50_2.04","gamma_bin","vary_sd",2.04,FALSE,14,1.1936337473603,1.05384209951339,0.63,0.154704329115653,0.58,0.153376729175792,-0.139791647846911
"gamma_bin_7.50_2.04","gamma_bin","vary_sd",2.04,FALSE,15,1.10608275580624,1.03792439733463,0.87,0.143005436620443,0.86,0.141818906779356,-0.0681583584716141
"gamma_bin_7.50_2.04","gamma_bin","vary_sd",2.04,FALSE,16,1.03836845094092,1.02353693491019,0.96,0.135815426937659,0.95,0.134781532266679,-0.0148315160307255
"gamma_bin_7.50_2.04","gamma_bin","vary_sd",2.04,FALSE,17,0.987514418464918,1.00961591384636,0.96,0.13165534427601,0.96,0.130551776132812,0.0221014953814407
"gamma_bin_7.50_2.04","gamma_bin","vary_sd",2.04,FALSE,18,0.94985341422689,0.995599519684043,0.91,0.128642145256399,0.95,0.127564074792958,0.0457461054571534
"gamma_bin_7.50_2.04","gamma_bin","vary_sd",2.04,FALSE,19,0.922342058412537,0.981254832341994,0.84,0.125093291354482,0.84,0.124050713721017,0.0589127739294565
"gamma_bin_7.50_2.04","gamma_bin","vary_sd",2.04,FALSE,20,0.902533145800087,0.966547521534936,0.84,0.119659369278961,0.84,0.118832331358193,0.064014375734849
"gamma_bin_7.50_2.04","gamma_bin","vary_sd",2.04,FALSE,21,0.888443579660898,0.951462683623943,0.81,0.112991021631126,0.81,0.112183926791478,0.0630191039630454
"gamma_bin_7.50_2.04","gamma_bin","vary_sd",2.04,FALSE,22,0.878474950045775,0.936138074120137,0.81,0.106722733186367,0.82,0.10598603703489,0.0576631240743618
"gamma_bin_7.50_2.04","gamma_bin","vary_sd",2.04,FALSE,23,0.871353706634507,0.920605660801146,0.84,0.102094946253135,0.82,0.101405597925746,0.0492519541666392
"gamma_bin_7.50_2.04","gamma_bin","vary_sd",2.04,FALSE,24,0.866079695774009,0.905200868701411,0.88,0.1001576536419,0.9,0.0994801929562434,0.0391211729274018
"gamma_bin_7.50_2.04","gamma_bin","vary_sd",2.04,FALSE,25,0.861880113955128,0.889893452299998,0.95,0.100844448392744,0.96,0.100094479975758,0.0280133383448699
"gamma_bin_7.50_2.04","gamma_bin","vary_sd",2.04,FALSE,26,0.858167576978305,0.874852006078392,0.99,0.102746682350122,0.99,0.101927465653496,0.016684429100087
"gamma_bin_7.50_2.04","gamma_bin","vary_sd",2.04,FALSE,27,0.854446587171991,0.859928005481901,0.99,0.104075635044579,0.99,0.103295837187784,0.00548141830991022
"gamma_bin_7.50_2.04","gamma_bin","vary_sd",2.04,FALSE,28,0.850242530612154,0.845220955473893,0.99,0.103853731244793,0.99,0.103010742180882,-0.00502157513826107
"gamma_bin_7.50_2.04","gamma_bin","vary_sd",2.04,FALSE,29,0.845168044117022,0.830808096340008,0.98,0.101383951159807,0.98,0.100622749196312,-0.0143599477770137
"gamma_bin_7.50_2.04","gamma_bin","vary_sd",2.04,FALSE,30,0.838916821827613,0.816654194165185,0.96,0.096959353191171,0.95,0.0963031535642424,-0.0222626276624284
"gamma_bin_7.50_2.04","gamma_bin","vary_sd",2.04,FALSE,31,0.83125458603177,0.802678517766442,0.91,0.0921501246628845,0.9,0.0914332964562661,-0.0285760682653285
"gamma_bin_7.50_2.04","gamma_bin","vary_sd",2.04,FALSE,32,0.822012955905288,0.789037026330468,0.88,0.0880819399866016,0.86,0.0873516401172456,-0.0329759295748198
"gamma_bin_7.50_2.04","gamma_bin","vary_sd",2.04,FALSE,33,0.811083441801087,0.775709536090465,0.85,0.0860083098105528,0.86,0.0852387855249349,-0.0353739057106224
"gamma_bin_7.50_2.04","gamma_bin","vary_sd",2.04,FALSE,34,0.798410706391415,0.762748268783145,0.87,0.0863040221780758,0.87,0.0854715544822879,-0.0356624376082698
"gamma_bin_7.50_2.04","gamma_bin","vary_sd",2.04,FALSE,35,0.783985284249482,0.750223764225812,0.87,0.0878055999788734,0.88,0.0869702179344306,-0.0337615200236704
"gamma_bin_7.50_2.04","gamma_bin","vary_sd",2.04,FALSE,36,0.767842249776292,0.738081316079774,0.9,0.0893150549255795,0.88,0.0884894452189213,-0.0297609336965177
"gamma_bin_7.50_2.04","gamma_bin","vary_sd",2.04,FALSE,37,0.750320099865667,0.726333486446359,0.93,0.0896703801471859,0.93,0.088862520692131,-0.0239866134193075
"gamma_bin_7.50_2.04","gamma_bin","vary_sd",2.04,FALSE,38,0.732127511283489,0.715003757726766,0.96,0.0882473970230639,0.95,0.0874820357807493,-0.0171237535567226
"gamma_bin_7.50_2.04","gamma_bin","vary_sd",2.04,FALSE,39,0.713945546467747,0.704075263970567,0.98,0.0850453057488904,0.97,0.0843578682132403,-0.00987028249717958
"gamma_bin_7.50_2.04","gamma_bin","vary_sd",2.04,FALSE,40,0.696377644387645,0.693660361806935,0.99,0.0810500522267466,0.99,0.0803397204830869,-0.00271728258070991
"gamma_bin_7.50_2.04","gamma_bin","vary_sd",2.04,FALSE,41,0.679931575981829,0.683738990839279,0.99,0.0773103728059141,0.98,0.0767157585764214,0.00380741485744962
"gamma_bin_7.50_2.04","gamma_bin","vary_sd",2.04,FALSE,42,0.665012401557135,0.674561119758056,0.97,0.0751917687885394,0.96,0.0746074228906934,0.00954871820092085
"gamma_bin_7.50_2.04","gamma_bin","vary_sd",2.04,FALSE,43,0.65192842067752,0.66626871001356,0.97,0.0751135345126267,0.98,0.0745785897245341,0.0143402893360398
"gamma_bin_7.50_2.04","gamma_bin","vary_sd",2.04,FALSE,44,0.640906266957601,0.659059100688687,0.97,0.0765418486963441,0.98,0.075981876272208,0.0181528337310864
"gamma_bin_7.50_2.04","gamma_bin","vary_sd",2.04,FALSE,45,0.632110069284813,0.652895681923016,0.96,0.0785564031035825,0.97,0.0779786772963035,0.0207856126382027
"gamma_bin_7.50_2.04","gamma_bin","vary_sd",2.04,FALSE,46,0.625656360123327,0.64800456282757,0.96,0.0800687888652446,0.96,0.0794863302487259,0.0223482027042432
"gamma_bin_7.50_2.04","gamma_bin","vary_sd",2.04,FALSE,47,0.621502273809677,0.644322108899026,0.97,0.0804235559647249,0.97,0.0797711264923405,0.0228198350893491
"gamma_bin_7.50_2.04","gamma_bin","vary_sd",2.04,FALSE,48,0.619441171957512,0.641928861683135,0.97,0.0790267207949538,0.97,0.0784560922584703,0.0224876897256231
"gamma_bin_7.50_2.04","gamma_bin","vary_sd",2.04,FALSE,49,0.619256488578844,0.640764767955409,0.97,0.0764570395582783,0.98,0.0758918902916954,0.0215082793765649
"gamma_bin_7.50_2.04","gamma_bin","vary_sd",2.04,FALSE,50,0.620736004042686,0.640706643821958,0.97,0.0738930274388407,0.98,0.0734352307516543,0.0199706397792723
"gamma_bin_7.50_2.04","gamma_bin","vary_sd",2.04,FALSE,51,0.623679916186844,0.641805507236994,0.98,0.0723110131101702,0.96,0.0718990530415401,0.0181255910501503
"gamma_bin_7.50_2.04","gamma_bin","vary_sd",2.04,FALSE,52,0.627908213332621,0.643979153023397,0.98,0.0727339270584647,0.98,0.072289565635174,0.0160709396907759
"gamma_bin_7.50_2.04","gamma_bin","vary_sd",2.04,FALSE,53,0.633265384812971,0.647083425242219,0.98,0.0748593370182078,0.98,0.0743864834901649,0.0138180404292476
"gamma_bin_7.50_2.04","gamma_bin","vary_sd",2.04,FALSE,54,0.639622221613428,0.650962361635211,0.98,0.0779930471549912,0.98,0.0774948709623154,0.0113401400217827
"gamma_bin_7.50_2.04","gamma_bin","vary_sd",2.04,FALSE,55,0.646875295241765,0.655502333314089,0.98,0.0811983201644079,0.98,0.0806679916351942,0.0086270380723239
"gamma_bin_7.50_2.04","gamma_bin","vary_sd",2.04,FALSE,56,0.654940797889892,0.660601585398356,0.98,0.0833545408293781,0.98,0.0828160591206789,0.0056607875084641
"gamma_bin_7.50_2.04","gamma_bin","vary_sd",2.04,FALSE,57,0.663667548235467,0.666314336650161,0.98,0.0838647373112563,0.98,0.0832046721773484,0.00264678841469435
"gamma_bin_7.50_2.04","gamma_bin","vary_sd",2.04,FALSE,58,0.67283196893338,0.672580876153229,0.98,0.0825656952986694,0.97,0.0819518736911541,-0.000251092780150675
"gamma_bin_7.50_2.04","gamma_bin","vary_sd",2.04,FALSE,59,0.682212593504884,0.679284480565849,0.97,0.0804087729691332,0.97,0.0797533797157166,-0.00292811293903528
"gamma_bin_7.50_2.04","gamma_bin","vary_sd",2.04,FALSE,60,0.691594549334227,0.686422849233135,0.97,0.0787626796413335,0.97,0.0781798974288063,-0.00517170010109191
"gamma_bin_7.50_2.04","gamma_bin","vary_sd",2.04,FALSE,61,0.700774343176902,0.69396826284549,0.96,0.0785567980752078,0.97,0.0780235886906878,-0.00680608033141228
"gamma_bin_7.50_2.04","gamma_bin","vary_sd",2.04,FALSE,62,0.709565411363515,0.701753814928465,0.96,0.0804138361756861,0.96,0.0797690698117735,-0.00781159643504981
"gamma_bin_7.50_2.04","gamma_bin","vary_sd",2.04,FALSE,63,0.717802382251417,0.709563266256267,0.96,0.083663001408766,0.97,0.0829065866823479,-0.00823911599514981
"gamma_bin_7.50_2.04","gamma_bin","vary_sd",2.04,FALSE,64,0.725343303375917,0.717295605066114,0.98,0.0874225291192749,0.98,0.0865634463666031,-0.00804769830980312
"gamma_bin_7.50_2.04","gamma_bin","vary_sd",2.04,FALSE,65,0.732069930484564,0.725001592853002,0.99,0.0904719968638423,0.99,0.0896256622437783,-0.00706833763156234
"gamma_bin_7.50_2.04","gamma_bin","vary_sd",2.04,FALSE,66,0.737895666769886,0.73259419972197,0.98,0.0918467064500572,0.99,0.0910034114134372,-0.00530146704791556
"gamma_bin_7.50_2.04","gamma_bin","vary_sd",2.04,FALSE,67,0.742895958587221,0.740063226156516,0.98,0.0912357978504376,0.99,0.0904857406377258,-0.00283273243070514
"gamma_bin_7.50_2.04","gamma_bin","vary_sd",2.04,FALSE,68,0.747278763319657,0.74737965569518,0.98,0.089483262349599,0.98,0.0887012885329126,0.000100892375523243
"gamma_bin_7.50_2.04","gamma_bin","vary_sd",2.04,FALSE,69,0.751271373438236,0.754431003939272,0.97,0.0877129040107833,0.98,0.0870619940221954,0.00315963050103596
"gamma_bin_7.50_2.04","gamma_bin","vary_sd",2.04,FALSE,70,0.755105697598796,0.761239904263242,0.97,0.0873666384244696,0.98,0.0866543643278727,0.00613420666444575
"gamma_bin_7.50_2.04","gamma_bin","vary_sd",2.04,FALSE,71,0.759004827658807,0.767853181154073,0.96,0.0890324340096775,0.97,0.0882674004204321,0.00884835349526614
"gamma_bin_7.50_2.04","gamma_bin","vary_sd",2.04,FALSE,72,0.76317231106088,0.774175363145098,0.95,0.0922284921933384,0.98,0.0914076471408516,0.0110030520842183
"gamma_bin_7.50_2.04","gamma_bin","vary_sd",2.04,FALSE,73,0.767786202417761,0.78031921751986,0.98,0.095958331049846,1,0.0951161335335188,0.0125330151020993
"gamma_bin_7.50_2.04","gamma_bin","vary_sd",2.04,FALSE,74,0.772997638290372,0.786321094008603,0.99,0.0989398616009507,1,0.0981204483545801,0.013323455718231
"gamma_bin_7.50_2.04","gamma_bin","vary_sd",2.04,FALSE,75,0.77893263784533,0.79214298809208,1,0.100220293887619,1,0.0994155346037353,0.0132103502467501
"gamma_bin_7.50_2.04","gamma_bin","vary_sd",2.04,FALSE,76,0.78568141824908,0.797757586997784,1,0.0992073033318357,1,0.0984892555472125,0.0120761687487043
"gamma_bin_7.50_2.04","gamma_bin","vary_sd",2.04,FALSE,77,0.793148670755028,0.803283823298887,1,0.0966943723446537,1,0.096014249960391,0.0101351525438593
"gamma_bin_7.50_2.04","gamma_bin","vary_sd",2.04,FALSE,78,0.801109464577554,0.808589151154736,1,0.0938662894384163,1,0.0931775834831571,0.00747968657718212
"gamma_bin_7.50_2.04","gamma_bin","vary_sd",2.04,FALSE,79,0.809317687520099,0.813639165799153,1,0.0920298115494322,1,0.091362909593839,0.00432147827905438
"gamma_bin_7.50_2.04","gamma_bin","vary_sd",2.04,FALSE,80,0.817518562189946,0.818378899130279,1,0.0927207927785784,1,0.0920510599418273,0.000860336940332607
"gamma_bin_7.50_2.04","gamma_bin","vary_sd",2.04,FALSE,81,0.825462916255739,0.822912933169474,1,0.0957982945729444,1,0.0950235671694554,-0.00254998308626475
"gamma_bin_7.50_2.04","gamma_bin","vary_sd",2.04,FALSE,82,0.832920079463184,0.827265698562119,0.99,0.0998894373902386,0.99,0.0990566586677019,-0.00565438090106551
"gamma_bin_7.50_2.04","gamma_bin","vary_sd",2.04,FALSE,83,0.83968668789734,0.831383689554529,0.99,0.103638789647683,0.99,0.102774816382241,-0.00830299834281101
"gamma_bin_7.50_2.04","gamma_bin","vary_sd",2.04,FALSE,84,0.845591000049052,0.835278873208965,0.99,0.105718682667483,0.99,0.104849444596034,-0.0103121268400865
"gamma_bin_7.50_2.04","gamma_bin","vary_sd",2.04,FALSE,85,0.850493536894317,0.838867652962804,0.96,0.105604381966126,0.96,0.104723874433018,-0.0116258839315128
"gamma_bin_7.50_2.04","gamma_bin","vary_sd",2.04,FALSE,86,0.854297533108007,0.84214167272598,0.93,0.103318967644713,0.94,0.102453556396293,-0.0121558603820275
"gamma_bin_7.50_2.04","gamma_bin","vary_sd",2.04,FALSE,87,0.857044342489846,0.84519239405058,0.93,0.100261737396868,0.94,0.0994694867596352,-0.0118519484392658
"gamma_bin_7.50_2.04","gamma_bin","vary_sd",2.04,FALSE,88,0.858857822167393,0.848092922038386,0.92,0.097997137353755,0.94,0.0973089851711272,-0.0107649001290067
"gamma_bin_7.50_2.04","gamma_bin","vary_sd",2.04,FALSE,89,0.859878747666928,0.850953907455206,0.93,0.0977038342641482,0.94,0.0970848590530202,-0.00892484021172202
"gamma_bin_7.50_2.04","gamma_bin","vary_sd",2.04,FALSE,90,0.86025311141159,0.853805504108868,0.93,0.0997776065589794,0.93,0.0991481746951052,-0.00644760730272231
"gamma_bin_7.50_2.04","gamma_bin","vary_sd",2.04,FALSE,91,0.860120701023208,0.856730040062318,0.93,0.103334400185604,0.93,0.10262582199334,-0.0033906609608898
"gamma_bin_7.50_2.04","gamma_bin","vary_sd",2.04,FALSE,92,0.859606619529194,0.859790390903401,0.92,0.10724718581253,0.91,0.10654307261438,0.000183771374206665
"gamma_bin_7.50_2.04","gamma_bin","vary_sd",2.04,FALSE,93,0.8588168361623,0.862970234254467,0.93,0.110066371044933,0.92,0.109302693466469,0.00415339809216675
"gamma_bin_7.50_2.04","gamma_bin","vary_sd",2.04,FALSE,94,0.857837212377275,0.866337788750133,0.94,0.110743661361709,0.94,0.109954104095678,0.00850057637285839
"gamma_bin_7.50_2.04","gamma_bin","vary_sd",2.04,FALSE,95,0.856734852284735,0.869805526489893,0.95,0.109021574427495,0.95,0.10828140373095,0.0130706742051578
"gamma_bin_7.50_2.04","gamma_bin","vary_sd",2.04,FALSE,96,0.855586935925609,0.873481503401113,0.94,0.10613400419155,0.93,0.105374667930029,0.0178945674755037
"gamma_bin_7.50_2.04","gamma_bin","vary_sd",2.04,FALSE,97,0.854642173312711,0.877517127990328,0.92,0.103433935755964,0.92,0.102667269721351,0.022874954677617
"gamma_bin_7.50_2.04","gamma_bin","vary_sd",2.04,FALSE,98,0.854216899337268,0.88184418684202,0.92,0.102593467363905,0.92,0.101867850668427,0.0276272875047523
"gamma_bin_7.50_2.04","gamma_bin","vary_sd",2.04,FALSE,99,0.854615196085733,0.886591147800499,0.91,0.103965756846518,0.92,0.10320464253396,0.0319759517147662
"gamma_bin_7.50_2.04","gamma_bin","vary_sd",2.04,FALSE,100,0.856123392287051,0.891660969003986,0.91,0.107337479806837,0.92,0.106546956925377,0.0355375767169346
"gamma_bin_7.50_2.04","gamma_bin","vary_sd",2.04,FALSE,101,0.859003725920451,0.897249571377983,0.91,0.111593607618675,0.93,0.11083403217626,0.0382458454575324
"gamma_bin_7.50_2.04","gamma_bin","vary_sd",2.04,FALSE,102,0.863491057515902,0.903386340334133,0.92,0.115084770136945,0.93,0.114187582000871,0.0398952828182311
"gamma_bin_7.50_2.04","gamma_bin","vary_sd",2.04,FALSE,103,0.869793786137492,0.909998325564942,0.92,0.116673395417782,0.93,0.115778574651192,0.0402045394274503
"gamma_bin_7.50_2.04","gamma_bin","vary_sd",2.04,FALSE,104,0.878098070350996,0.916939817938875,0.92,0.115758763539363,0.94,0.114927808083753,0.0388417475878786
"gamma_bin_7.50_2.04","gamma_bin","vary_sd",2.04,FALSE,105,0.888573897619543,0.92436802568983,0.91,0.112984310519533,0.92,0.112149043319972,0.0357941280702871
"gamma_bin_7.50_2.04","gamma_bin","vary_sd",2.04,FALSE,106,0.901301658370892,0.932152848112301,0.93,0.109941417985331,0.93,0.109138433627896,0.0308511897414091
"gamma_bin_7.50_2.04","gamma_bin","vary_sd",2.04,FALSE,107,0.915897849763235,0.939873134758944,0.93,0.108111108416664,0.93,0.107409305527623,0.023975284995709
"gamma_bin_7.50_2.04","gamma_bin","vary_sd",2.04,FALSE,108,0.931781890770312,0.947487795070101,0.93,0.10886471409669,0.93,0.108086838160817,0.0157059042997887
"gamma_bin_7.50_2.04","gamma_bin","vary_sd",2.04,FALSE,109,0.964908287444313,0.954737398745358,0.94,0.112118269821359,0.94,0.111252864111728,-0.0101708886989551
"gamma_bin_7.50_2.04","gamma_bin","vary_sd",2.04,FALSE,110,0.980887218164916,0.961332843662502,0.95,0.116937977205068,0.95,0.115997591787985,-0.0195543745024142
"gamma_bin_7.50_2.04","gamma_bin","vary_sd",2.04,FALSE,111,0.995692213942587,0.967330507464472,0.95,0.121335945844744,0.93,0.120283742595506,-0.0283617064781152
"gamma_bin_7.50_2.04","gamma_bin","vary_sd",2.04,FALSE,112,1.00881666031265,0.972475509951384,0.93,0.124070311176916,0.92,0.122806591093024,-0.0363411503612656
"gamma_bin_7.50_2.04","gamma_bin","vary_sd",2.04,FALSE,113,1.01983605940048,0.976614093443501,0.9,0.124007884869138,0.9,0.122682788742557,-0.0432219659569787
"gamma_bin_7.50_2.04","gamma_bin","vary_sd",2.04,FALSE,114,1.02841129997895,0.979739711736523,0.87,0.121350763412418,0.85,0.120121110003889,-0.0486715882424268
"gamma_bin_7.50_2.04","gamma_bin","vary_sd",2.04,FALSE,115,1.03430371035801,0.981905399825521,0.85,0.117767345298503,0.84,0.116647934436972,-0.0523983105324889
"gamma_bin_7.50_2.04","gamma_bin","vary_sd",2.04,FALSE,116,1.03743175161603,0.983185104113191,0.83,0.114937582225452,0.79,0.113922580274627,-0.0542466475028387
"gamma_bin_7.50_2.04","gamma_bin","vary_sd",2.04,FALSE,117,1.0378022122009,0.983700655325499,0.83,0.114455446997934,0.81,0.113506200258522,-0.0541015568754012
"gamma_bin_7.50_2.04","gamma_bin","vary_sd",2.04,FALSE,118,1.03547276308025,0.983373311263051,0.86,0.116620076103101,0.83,0.115564585500196,-0.0520994518171989
"gamma_bin_7.50_2.04","gamma_bin","vary_sd",2.04,FALSE,119,1.03053550780697,0.9823168009634,0.9,0.12059854381303,0.85,0.119292698700526,-0.0482187068435698
"gamma_bin_7.50_2.04","gamma_bin","vary_sd",2.04,FALSE,120,1.02310221069091,0.980712569761706,0.92,0.124034874751516,0.91,0.122593522116837,-0.0423896409292036
"gamma_bin_7.50_2.04","gamma_bin","vary_sd",2.04,FALSE,121,1.01329357541095,0.978520989926918,0.96,0.125785346493767,0.92,0.124457796389643,-0.0347725854840316
"gamma_bin_7.50_2.04","gamma_bin","vary_sd",2.04,FALSE,122,1.00123289414715,0.975954709561675,0.97,0.125175474093673,0.96,0.123858570889244,-0.0252781845854753
"gamma_bin_7.50_2.04","gamma_bin","vary_sd",2.04,FALSE,123,0.987043160294477,0.972941702057443,0.98,0.122060716608526,0.98,0.120909564760209,-0.0141014582370338
"gamma_bin_7.50_2.04","gamma_bin","vary_sd",2.04,FALSE,124,0.970846430550826,0.96968118543775,0.98,0.117662737900916,0.98,0.116558184542823,-0.00116524511307581
"gamma_bin_7.50_2.04","gamma_bin","vary_sd",2.04,FALSE,125,0.953001568168985,0.966183982329504,0.94,0.113703368724531,0.96,0.112846359750163,0.0131824141605195
"gamma_bin_7.50_2.04","gamma_bin","vary_sd",2.04,FALSE,126,0.934680947695761,0.96280974247245,0.9,0.111988493427744,0.9,0.111286396868842,0.0281287947766889
"gamma_bin_7.50_2.04","gamma_bin","vary_sd",2.04,FALSE,127,0.917145793226913,0.959744040964552,0.87,0.112769476085229,0.89,0.112022423003083,0.042598247737639
"gamma_bin_7.50_2.04","gamma_bin","vary_sd",2.04,FALSE,128,0.901530406151582,0.957249986754664,0.84,0.115568463275743,0.85,0.114788486333383,0.0557195806030816
"gamma_bin_7.50_2.04","gamma_bin","vary_sd",2.04,FALSE,129,0.888820761331304,0.955550459648528,0.8,0.119140855782831,0.81,0.118313859934456,0.0667296983172239
"gamma_bin_7.50_2.04","gamma_bin","vary_sd",2.04,FALSE,130,0.879849051096058,0.954843433996466,0.78,0.122005642583168,0.8,0.121017851378528,0.0749943829004084
"gamma_bin_7.50_2.04","gamma_bin","vary_sd",2.04,FALSE,131,0.875312502934994,0.955104286736512,0.77,0.122674797189648,0.78,0.121655122226988,0.079791783801518
"gamma_bin_7.50_2.04","gamma_bin","vary_sd",2.04,FALSE,132,0.875810644994376,0.956421841408927,0.75,0.120810280419922,0.76,0.119886120630788,0.0806111964145515
"gamma_bin_7.50_2.04","gamma_bin","vary_sd",2.04,FALSE,133,0.881891211117993,0.958799273468871,0.77,0.11719417371364,0.78,0.11628595192049,0.0769080623508777
"gamma_bin_7.50_2.04","gamma_bin","vary_sd",2.04,FALSE,134,0.894096753734329,0.961942121461133,0.79,0.113529917611989,0.8,0.112670131428208,0.0678453677268042
"gamma_bin_7.50_2.04","gamma_bin","vary_sd",2.04,FALSE,135,0.912538889585145,0.965643052677416,0.83,0.111426300508996,0.83,0.1106428320635,0.0531041630922714
"gamma_bin_7.50_2.04","gamma_bin","vary_sd",2.04,FALSE,136,0.935968580436848,0.969512946615792,0.88,0.112112832940878,0.89,0.111339194339664,0.033544366178944
"gamma_bin_7.50_2.04","gamma_bin","vary_sd",2.04,FALSE,137,0.962748452443007,0.9732374972522,0.93,0.115446987550255,0.91,0.114476818151446,0.0104890448091925
"gamma_bin_7.50_2.04","gamma_bin","vary_sd",2.04,FALSE,138,0.991058087015847,0.976881633228559,0.92,0.120136544927091,0.92,0.119042636959954,-0.0141764537872877
"gamma_bin_7.50_2.04","gamma_bin","vary_sd",2.04,FALSE,139,1.01894781256074,0.98012331557538,0.92,0.124539355144676,0.89,0.123360634279674,-0.0388244969853606
"gamma_bin_7.50_2.04","gamma_bin","vary_sd",2.04,FALSE,140,1.04444932027992,0.982729178221177,0.83,0.126992321387521,0.77,0.125678797619129,-0.0617201420587432
"gamma_bin_7.50_2.04","gamma_bin","vary_sd",2.04,FALSE,141,1.0657059122687,0.98451769991183,0.73,0.126543528544919,0.69,0.125309516909497,-0.0811882123568696
"gamma_bin_7.50_2.04","gamma_bin","vary_sd",2.04,FALSE,142,1.0810929449843,0.985401902315119,0.64,0.123515968160834,0.59,0.122469309333129,-0.0956910426691808
"gamma_bin_7.50_2.04","gamma_bin","vary_sd",2.04,FALSE,143,1.08930930531451,0.985449787855926,0.55,0.119447983096642,0.52,0.118485065881663,-0.103859517458584
"gamma_bin_7.50_2.04","gamma_bin","vary_sd",2.04,FALSE,144,1.08943317712892,0.984849691359686,0.52,0.116251014742393,0.52,0.115312606803941,-0.104583485769234
"gamma_bin_7.50_2.04","gamma_bin","vary_sd",2.04,FALSE,145,1.08148967301391,0.983549473582963,0.57,0.115293479876962,0.55,0.114435714047756,-0.0979401994309474
"gamma_bin_7.50_2.04","gamma_bin","vary_sd",2.04,FALSE,146,1.067118056924,0.981732302995661,0.68,0.117175083315326,0.66,0.116287993719957,-0.0853857539283387
"gamma_bin_7.50_2.04","gamma_bin","vary_sd",2.04,FALSE,147,1.04828964020928,0.9793535878848,0.8,0.12084476683782,0.74,0.119755743040551,-0.0689360523244796
"gamma_bin_7.50_2.04","gamma_bin","vary_sd",2.04,FALSE,148,1.02693455801449,0.976539172017743,0.89,0.124457861211292,0.86,0.123263417722715,-0.0503953859967473
"gamma_bin_7.50_2.04","gamma_bin","vary_sd",2.04,FALSE,149,1.00477443375589,0.973378023380167,0.96,0.126461014067774,0.95,0.125195504995955,-0.0313964103757232
"gamma_bin_7.50_2.04","gamma_bin","vary_sd",2.04,FALSE,150,0.983222907766779,0.969862872353595,0.98,0.125873299053833,0.99,0.124687329870741,-0.0133600354131843
"gamma_bin_7.50_2.04","gamma_bin","vary_sd",2.04,FALSE,151,0.963363940769346,0.966008088038225,0.97,0.122490909695069,0.97,0.121568202625623,0.00264414726887874
"gamma_bin_7.50_2.04","gamma_bin","vary_sd",2.04,FALSE,152,0.945985514931433,0.962047723376871,0.96,0.11777841454009,0.96,0.116956716879079,0.0160622084454376
"gamma_bin_7.50_2.04","gamma_bin","vary_sd",2.04,FALSE,153,0.931639698450479,0.958085290632519,0.9,0.113718504902643,0.91,0.112886156110235,0.0264455921820402
"gamma_bin_7.50_2.04","gamma_bin","vary_sd",2.04,FALSE,154,0.920706027513323,0.954391101661577,0.87,0.111661816070359,0.87,0.110837383235234,0.0336850741482545
"gamma_bin_7.50_2.04","gamma_bin","vary_sd",2.04,FALSE,155,0.913287949909382,0.951110072499665,0.86,0.112185835833841,0.85,0.111274419810965,0.0378221225902825
"gamma_bin_7.50_2.04","gamma_bin","vary_sd",2.04,FALSE,156,0.909118262499206,0.948432794142642,0.87,0.114864652818754,0.86,0.113927264325492,0.0393145316434362
"gamma_bin_7.50_2.04","gamma_bin","vary_sd",2.04,FALSE,157,0.90786599524967,0.946623913965634,0.89,0.118375570520638,0.88,0.117405781481397,0.038757918715964
"gamma_bin_7.50_2.04","gamma_bin","vary_sd",2.04,FALSE,158,0.909191813449816,0.945542361025507,0.9,0.121262921983568,0.91,0.120295335091466,0.0363505475756906
"gamma_bin_7.50_2.04","gamma_bin","vary_sd",2.04,FALSE,159,0.9127706498954,0.94530696040586,0.92,0.122055599857346,0.93,0.121171374281036,0.0325363105104597
"gamma_bin_7.50_2.04","gamma_bin","vary_sd",2.04,FALSE,160,0.918310343562916,0.946013679090301,0.94,0.12030402960838,0.95,0.11943874532958,0.0277033355273848
"gamma_bin_7.50_2.04","gamma_bin","vary_sd",2.04,FALSE,161,0.925562601543549,0.947609061773886,0.94,0.116733828532127,0.96,0.115870409148003,0.0220464602303371
"gamma_bin_7.50_2.04","gamma_bin","vary_sd",2.04,FALSE,162,0.934326617511047,0.950102128797415,0.95,0.113197449915909,0.97,0.11240918200561,0.0157755112863678
"gamma_bin_7.50_2.04","gamma_bin","vary_sd",2.04,FALSE,163,0.944447396594412,0.953530356300718,0.96,0.111155291689538,0.96,0.110418076738283,0.00908295970630557
"gamma_bin_7.50_2.04","gamma_bin","vary_sd",2.04,FALSE,164,0.955808426255688,0.957879244113189,0.96,0.111879249687925,0.96,0.111088151589782,0.00207081785750118
"gamma_bin_7.50_2.04","gamma_bin","vary_sd",2.04,FALSE,165,0.968171987055275,0.963034843392325,0.96,0.115136089849543,0.95,0.114321567080244,-0.00513714366294971
"gamma_bin_7.50_2.04","gamma_bin","vary_sd",2.04,FALSE,166,0.981075418082579,0.968982254890941,0.95,0.119801277410052,0.94,0.118964125648683,-0.0120931631916383
"gamma_bin_7.50_2.04","gamma_bin","vary_sd",2.04,FALSE,167,0.99403776313242,0.975682330332346,0.94,0.124088724094663,0.94,0.12331109769661,-0.0183554328000738
"gamma_bin_7.50_2.04","gamma_bin","vary_sd",2.04,FALSE,168,1.00658618871785,0.983064644673483,0.94,0.126831060473254,0.92,0.126049620012832,-0.0235215440443675
"gamma_bin_7.50_2.04","gamma_bin","vary_sd",2.04,FALSE,169,1.01827263962082,0.990996360677186,0.93,0.127094425769823,0.93,0.126225572237616,-0.0272762789436336
"gamma_bin_7.50_2.04","gamma_bin","vary_sd",2.04,FALSE,170,1.02869207421039,0.999570597816978,0.94,0.125051679315432,0.93,0.124182458422294,-0.029121476393412
"gamma_bin_7.50_2.04","gamma_bin","vary_sd",2.04,FALSE,171,1.03749575970787,1.0087433140262,0.91,0.122187419539869,0.92,0.121350998389213,-0.0287524456816743
"gamma_bin_7.50_2.04","gamma_bin","vary_sd",2.04,FALSE,172,1.04439766370686,1.01853459840396,0.91,0.120097636914193,0.91,0.119397770378461,-0.0258630653029002
"gamma_bin_7.50_2.04","gamma_bin","vary_sd",2.04,FALSE,173,1.04917474480308,1.02891629551142,0.91,0.1203366105145,0.9,0.11955138390438,-0.0202584492916573
"gamma_bin_7.50_2.04","gamma_bin","vary_sd",2.04,FALSE,174,1.05167598943045,1.03981315187549,0.91,0.123271774629064,0.91,0.122361086278541,-0.0118628375549552
"gamma_bin_7.50_2.04","gamma_bin","vary_sd",2.04,FALSE,175,1.05228684352057,1.05145114938087,0.93,0.127999811913988,0.93,0.127079609648187,-0.000835694139702081
"gamma_bin_7.50_2.04","gamma_bin","vary_sd",2.04,FALSE,176,1.05205037229906,1.06367529402658,0.94,0.133176087578198,0.94,0.132150196013965,0.0116249217275215
"gamma_bin_7.50_2.04","gamma_bin","vary_sd",2.04,FALSE,177,1.05206304074467,1.07654216911833,0.95,0.136924516244168,0.93,0.135927302153604,0.0244791283736647
"gamma_bin_7.50_2.04","gamma_bin","vary_sd",2.04,FALSE,178,1.0533911428065,1.09003218964743,0.93,0.138234747291589,0.93,0.137209448484789,0.0366410468409302
"gamma_bin_7.50_2.04","gamma_bin","vary_sd",2.04,FALSE,179,1.05702523270082,1.10414463047006,0.91,0.136760263823055,0.91,0.135747390658979,0.0471193977692423
"gamma_bin_7.50_2.04","gamma_bin","vary_sd",2.04,FALSE,180,1.06385390304002,1.1186826790298,0.88,0.13378837164747,0.87,0.132801689698719,0.0548287759897801
"gamma_bin_7.50_2.04","gamma_bin","vary_sd",2.04,FALSE,181,1.07466368846286,1.13351316214977,0.83,0.131746853414567,0.82,0.130761213403752,0.0588494736869103
"gamma_bin_7.50_2.04","gamma_bin","vary_sd",2.04,FALSE,182,1.09015918537017,1.1481209379118,0.83,0.131687309122386,0.85,0.130876481814576,0.0579617525416294
"gamma_bin_7.50_2.04","gamma_bin","vary_sd",2.04,FALSE,183,1.11099415707904,1.16201167608433,0.88,0.135148972218375,0.87,0.134206619076183,0.0510175190052857
"gamma_bin_7.50_2.04","gamma_bin","vary_sd",2.04,FALSE,184,1.13776253966062,1.17506792936851,0.91,0.141169368189919,0.89,0.14029123056736,0.0373053897078945
"gamma_bin_7.50_2.04","gamma_bin","vary_sd",2.04,FALSE,185,1.16994138910722,1.18687813662927,0.92,0.147971618862095,0.92,0.146765817464677,0.0169367475220483
"gamma_bin_7.50_2.04","gamma_bin","vary_sd",2.04,FALSE,186,1.20568067952197,1.1973175487707,0.9,0.15317607372806,0.91,0.151867998287633,-0.00836313075127348
"gamma_bin_7.50_2.04","gamma_bin","vary_sd",2.04,FALSE,187,1.24280592689739,1.20620060846878,0.89,0.155337965734288,0.87,0.153994977742729,-0.0366053184286141
"gamma_bin_7.50_2.04","gamma_bin","vary_sd",2.04,FALSE,188,1.27892507759421,1.21343799833715,0.88,0.153632294308519,0.85,0.152304802209068,-0.0654870792570623
"gamma_bin_7.50_2.04","gamma_bin","vary_sd",2.04,FALSE,189,1.31157809299846,1.21887379680028,0.79,0.149164868742071,0.8,0.14768593290206,-0.0927042961981761
"gamma_bin_7.50_2.04","gamma_bin","vary_sd",2.04,FALSE,190,1.33842575739913,1.22213951967283,0.69,0.144504055376515,0.67,0.143204072215334,-0.116286237726301
"gamma_bin_7.50_2.04","gamma_bin","vary_sd",2.04,FALSE,191,1.35742493987032,1.22352036557032,0.58,0.141724917654481,0.55,0.140409309282891,-0.1339045743
"gamma_bin_7.50_2.04","gamma_bin","vary_sd",2.04,FALSE,192,1.36695842059754,1.22295435054096,0.52,0.142138408028671,0.48,0.140831605636405,-0.144004070056578
"gamma_bin_7.50_2.04","gamma_bin","vary_sd",2.04,FALSE,193,1.36590703303142,1.22033774783736,0.54,0.145369158786833,0.51,0.14402348482522,-0.145569285194058
"gamma_bin_7.50_2.04","gamma_bin","vary_sd",2.04,FALSE,194,1.35374441935837,1.21578192769317,0.6,0.14982677401861,0.55,0.148321876510849,-0.137962491665197
"gamma_bin_7.50_2.04","gamma_bin","vary_sd",2.04,FALSE,195,1.33179505256341,1.20945929483744,0.7,0.153226018528314,0.65,0.151586288985866,-0.122335757725967
"gamma_bin_7.50_2.04","gamma_bin","vary_sd",2.04,FALSE,196,1.30282908300336,1.20135974106743,0.79,0.153840809814739,0.77,0.152185902938167,-0.101469341935928
"gamma_bin_7.50_2.04","gamma_bin","vary_sd",2.04,FALSE,197,1.26962792749398,1.19143222032396,0.83,0.150884449584325,0.83,0.149218011861963,-0.0781957071700223
"gamma_bin_7.50_2.04","gamma_bin","vary_sd",2.04,FALSE,198,1.23470197201586,1.17979650567822,0.88,0.14470945873544,0.87,0.143216273365264,-0.0549054663376429
"gamma_bin_7.50_2.04","gamma_bin","vary_sd",2.04,FALSE,199,1.20012008532359,1.1669146007817,0.91,0.137828287373437,0.89,0.1365772484316,-0.0332054845418932
"gamma_bin_7.50_2.04","gamma_bin","vary_sd",2.04,FALSE,200,1.16745324780638,1.15349253862272,0.93,0.132290614143063,0.91,0.131230704802173,-0.0139607091836598
"gamma_bin_7.50_2.04","gamma_bin","vary_sd",2.04,FALSE,201,1.13781324493009,1.14017209913422,0.96,0.129472524270014,0.96,0.128570498551334,0.00235885420413195
"gamma_bin_7.50_2.04","gamma_bin","vary_sd",2.04,FALSE,202,1.11194114249594,1.12742862364229,0.96,0.129700702951395,0.96,0.128977366775657,0.0154874811463546
"gamma_bin_7.50_2.04","gamma_bin","vary_sd",2.04,FALSE,203,1.09030738318271,1.11581183799568,0.95,0.132515481998304,0.95,0.131590562377395,0.0255044548129661
"gamma_bin_7.50_2.04","gamma_bin","vary_sd",2.04,FALSE,204,1.07317842503564,1.10564812309459,0.94,0.135909343499423,0.95,0.134970741396829,0.0324696980589461
"gamma_bin_7.50_2.04","gamma_bin","vary_sd",2.04,FALSE,205,1.06040347302214,1.09713901085595,0.94,0.138029832550109,0.95,0.136997945540706,0.0367355378338123
"gamma_bin_7.50_2.04","gamma_bin","vary_sd",2.04,FALSE,206,1.05156904168052,1.09044652593325,0.94,0.13763725411998,0.95,0.13663062011079,0.0388774842527309
"gamma_bin_7.50_2.04","gamma_bin","vary_sd",2.04,FALSE,207,1.04624950999474,1.08573115786799,0.91,0.134687689982005,0.94,0.133760054608965,0.039481647873252
"gamma_bin_7.50_2.04","gamma_bin","vary_sd",2.04,FALSE,208,1.04403704329192,1.08306319625966,0.91,0.130098645846808,0.92,0.129292458498688,0.0390261529677438
"gamma_bin_7.50_2.04","gamma_bin","vary_sd",2.04,FALSE,209,1.0445651521307,1.08253160833794,0.89,0.126194353969631,0.9,0.12531198495668,0.0379664562072424
"gamma_bin_7.50_2.04","gamma_bin","vary_sd",2.04,FALSE,210,1.04752392002038,1.08406844717918,0.89,0.12440918251045,0.91,0.123609381035334,0.0365445271588023
"gamma_bin_7.50_2.04","gamma_bin","vary_sd",2.04,FALSE,211,1.05266551803821,1.08765780599415,0.89,0.125625324318964,0.89,0.124867734785436,0.0349922879559383
"gamma_bin_7.50_2.04","gamma_bin","vary_sd",2.04,FALSE,212,1.0598023103751,1.09337300201453,0.9,0.129345909705011,0.9,0.128548043693577,0.0335706916394336
"gamma_bin_7.50_2.04","gamma_bin","vary_sd",2.04,FALSE,213,1.06880062573221,1.10118760321768,0.91,0.134246311348885,0.94,0.133368358381057,0.0323869774854706
"gamma_bin_7.50_2.04","gamma_bin","vary_sd",2.04,FALSE,214,1.0795784696348,1.11103816275916,0.93,0.13824372376333,0.94,0.137361539523142,0.0314596931243614
"gamma_bin_7.50_2.04","gamma_bin","vary_sd",2.04,FALSE,215,1.09215111452811,1.12293609190393,0.95,0.140299788124346,0.95,0.139372029696081,0.030784977375816
"gamma_bin_7.50_2.04","gamma_bin","vary_sd",2.04,FALSE,216,1.10660255202503,1.13703421452775,0.95,0.139536440223291,0.94,0.138545019320492,0.0304316625027241
"gamma_bin_7.50_2.04","gamma_bin","vary_sd",2.04,FALSE,217,1.1230463183655,1.15296388337228,0.94,0.136716943663816,0.94,0.135806329722252,0.0299175650067818
"gamma_bin_7.50_2.04","gamma_bin","vary_sd",2.04,FALSE,218,1.14161803384419,1.17067311477013,0.93,0.133821128450105,0.93,0.132906390810602,0.0290550809259351
"gamma_bin_7.50_2.04","gamma_bin","vary_sd",2.04,FALSE,219,1.16246850453014,1.18957593834304,0.94,0.132620696786001,0.95,0.131657771253207,0.0271074338129011
"gamma_bin_7.50_2.04","gamma_bin","vary_sd",2.04,FALSE,220,1.18575867786174,1.20943114144408,0.93,0.13448867427652,0.95,0.133480069929356,0.0236724635823398
"gamma_bin_7.50_2.04","gamma_bin","vary_sd",2.04,FALSE,221,1.21165701983639,1.22998793330962,0.95,0.139522661867421,0.94,0.138559852195134,0.0183309134732255
"gamma_bin_7.50_2.04","gamma_bin","vary_sd",2.04,FALSE,222,1.24033898455105,1.25058281139598,0.95,0.14673070838816,0.95,0.145748091543774,0.0102438268449321
"gamma_bin_7.50_2.04","gamma_bin","vary_sd",2.04,FALSE,223,1.27198794287079,1.27090189170661,0.97,0.153761032555003,0.99,0.152604478250217,-0.00108605116418348
"gamma_bin_7.50_2.04","gamma_bin","vary_sd",2.04,FALSE,224,1.30666523446541,1.29067496391509,0.97,0.158429627293546,0.97,0.15729198707206,-0.0159902705503243
"gamma_bin_7.50_2.04","gamma_bin","vary_sd",2.04,FALSE,225,1.3433530482977,1.30976166811503,0.95,0.15955922525577,0.94,0.158400714789029,-0.0335913801826668
"gamma_bin_7.50_2.04","gamma_bin","vary_sd",2.04,FALSE,226,1.38038171186225,1.32805272111919,0.92,0.157836256204748,0.92,0.156551867764566,-0.052328990743064
"gamma_bin_7.50_2.04","gamma_bin","vary_sd",2.04,FALSE,227,1.41592160258673,1.34528442660116,0.84,0.154756437421568,0.82,0.153655500627749,-0.0706371759855744
"gamma_bin_7.50_2.04","gamma_bin","vary_sd",2.04,FALSE,228,1.44808142918806,1.36090525282051,0.8,0.153241930599922,0.79,0.151990748016229,-0.0871761763675458
"gamma_bin_7.50_2.04","gamma_bin","vary_sd",2.04,FALSE,229,1.47504730588812,1.37431207091067,0.76,0.154792345126229,0.74,0.153291050358411,-0.100735234977448
"gamma_bin_7.50_2.04","gamma_bin","vary_sd",2.04,FALSE,230,1.49521587906308,1.38531405995811,0.72,0.159709159041548,0.71,0.15796903519234,-0.109901819104966
"gamma_bin_7.50_2.04","gamma_bin","vary_sd",2.04,FALSE,231,1.50729103953841,1.39344281702019,0.74,0.166769570458047,0.71,0.164721178806994,-0.113848222518223
"gamma_bin_7.50_2.04","gamma_bin","vary_sd",2.04,FALSE,232,1.51033534857617,1.39883405706019,0.74,0.173017205175389,0.74,0.170943813761203,-0.111501291515979
"gamma_bin_7.50_2.04","gamma_bin","vary_sd",2.04,FALSE,233,1.50378097074586,1.40115664725111,0.76,0.17649372497767,0.75,0.174562445510319,-0.102624323494755
"gamma_bin_7.50_2.04","gamma_bin","vary_sd",2.04,FALSE,234,1.48764960471254,1.40027522125641,0.81,0.175669803958702,0.78,0.173848873704377,-0.0873743834561251
"gamma_bin_7.50_2.04","gamma_bin","vary_sd",2.04,FALSE,235,1.46373241708909,1.3962850231616,0.85,0.17063346479522,0.83,0.1690334593638,-0.0674473939274898
"gamma_bin_7.50_2.04","gamma_bin","vary_sd",2.04,FALSE,236,1.43448143272486,1.38930696514994,0.9,0.163425928733997,0.88,0.161997474432645,-0.0451744675749153
"gamma_bin_7.50_2.04","gamma_bin","vary_sd",2.04,FALSE,237,1.40223769952072,1.37995688880658,0.95,0.156444527665154,0.94,0.155203689167596,-0.0222808107141379
"gamma_bin_7.50_2.04","gamma_bin","vary_sd",2.04,FALSE,238,1.36905513115977,1.36885048884494,0.96,0.152302273140817,0.96,0.151216098496051,-0.000204642314829639
"gamma_bin_7.50_2.04","gamma_bin","vary_sd",2.04,FALSE,239,1.33659069308879,1.3563189027532,0.96,0.151965778136425,0.96,0.150794979936547,0.0197282096644076
"gamma_bin_7.50_2.04","gamma_bin","vary_sd",2.04,FALSE,240,1.30608415861083,1.34272284419085,0.93,0.154907758374812,0.94,0.153558796506024,0.0366386855800165
"gamma_bin_7.50_2.04","gamma_bin","vary_sd",2.04,FALSE,241,1.27840456713347,1.32867596011274,0.94,0.159103975549135,0.93,0.157621997041319,0.0502713929792657
"gamma_bin_7.50_2.04","gamma_bin","vary_sd",2.04,FALSE,242,1.25412742548082,1.31470442093439,0.91,0.162416698826573,0.93,0.161076234294206,0.0605769954535746
"gamma_bin_7.50_2.04","gamma_bin","vary_sd",2.04,FALSE,243,1.23361554311767,1.30076808607642,0.9,0.163660862082151,0.91,0.162391799907818,0.0671525429587474
"gamma_bin_7.50_2.04","gamma_bin","vary_sd",2.04,FALSE,244,1.21706403589592,1.28722063982045,0.9,0.163090348751487,0.9,0.161786053530966,0.0701566039245252
"gamma_bin_7.50_2.04","gamma_bin","vary_sd",2.04,FALSE,245,1.20445667363505,1.27407242731998,0.9,0.162622330688186,0.9,0.161381985237446,0.069615753684934
"gamma_bin_7.50_2.04","gamma_bin","vary_sd",2.04,FALSE,246,1.19569657050359,1.26145592166353,0.91,0.165622674615034,0.92,0.164288742467122,0.0657593511599399
"gamma_bin_7.50_2.04","gamma_bin","vary_sd",2.04,FALSE,247,1.19067334691389,1.2494622216714,0.94,0.174236098405336,0.94,0.172906015057036,0.0587888747575078
"gamma_bin_7.50_2.04","gamma_bin","vary_sd",2.04,FALSE,248,1.1892846905786,1.23840094262033,0.97,0.188653599426547,0.97,0.187196434903333,0.0491162520417303
"gamma_bin_7.50_2.04","gamma_bin","vary_sd",2.04,FALSE,249,1.1914521017446,1.22874799743107,0.99,0.207966051287099,1,0.206156064081706,0.0372958956864657
"gamma_bin_7.50_2.04","gamma_bin","vary_sd",2.04,FALSE,250,1.19713021020468,1.22005808685705,1,0.230158858862929,1,0.228022488448284,0.0229278766523686
"gamma_bin_7.50_2.04","gamma_bin","vary_sd",2.04,FALSE,251,1.20631090184647,1.2123121669583,1,0.253839880707792,1,0.251220626015787,0.00600126511182841
"gamma_bin_7.50_2.04","gamma_bin","vary_sd",2.04,FALSE,252,1.21902415582724,1.20570739447904,1,0.278393430647987,1,0.275439188225044,-0.0133167613481986
"gamma_bin_7.50_2.04","gamma_bin","vary_sd",2.04,FALSE,253,1.23533724681924,1.20003824272175,1,0.303823302013672,1,0.29999430638822,-0.0352990040974903
"gamma_bin_7.50_2.72","gamma_bin","vary_sd",2.72,FALSE,2,6.47633271060018,NA,NA,NA,NA,NA,NA
"gamma_bin_7.50_2.72","gamma_bin","vary_sd",2.72,FALSE,3,5.39748004467528,NA,NA,NA,NA,NA,NA
"gamma_bin_7.50_2.72","gamma_bin","vary_sd",2.72,FALSE,4,4.52153259075373,NA,NA,NA,NA,NA,NA
"gamma_bin_7.50_2.72","gamma_bin","vary_sd",2.72,FALSE,5,3.81075688710478,NA,NA,NA,NA,NA,NA
"gamma_bin_7.50_2.72","gamma_bin","vary_sd",2.72,FALSE,6,3.23384975678135,4.28017036863448,0.01,0.660705468332551,0.01,0.655289274377697,1.04632061185313
"gamma_bin_7.50_2.72","gamma_bin","vary_sd",2.72,FALSE,7,2.76512519694591,2.66756156163474,0.98,0.449125089975145,0.98,0.445363949404408,-0.0975636353111669
"gamma_bin_7.50_2.72","gamma_bin","vary_sd",2.72,FALSE,8,2.38350063829982,1.93803704151746,0.21,0.343534139301056,0.19,0.340573974571225,-0.44546359678236
"gamma_bin_7.50_2.72","gamma_bin","vary_sd",2.72,FALSE,9,2.07220990816182,1.56317837149157,0.07,0.28280026650084,0.05,0.28017785002647,-0.509031536670251
"gamma_bin_7.50_2.72","gamma_bin","vary_sd",2.72,FALSE,10,1.8180094782711,1.35425967557805,0.06,0.242901138155874,0.04,0.24076576515923,-0.463749802693048
"gamma_bin_7.50_2.72","gamma_bin","vary_sd",2.72,FALSE,11,1.61045019265924,1.23142511379001,0.08,0.213550533712508,0.07,0.211569105775809,-0.379025078869227
"gamma_bin_7.50_2.72","gamma_bin","vary_sd",2.72,FALSE,12,1.44129331371926,1.15623053385991,0.11,0.189697188121016,0.1,0.188137796407878,-0.285062779859348
"gamma_bin_7.50_2.72","gamma_bin","vary_sd",2.72,FALSE,13,1.30405110997497,1.10804729276004,0.41,0.170009968446913,0.37,0.168775319405092,-0.19600381721493
"gamma_bin_7.50_2.72","gamma_bin","vary_sd",2.72,FALSE,14,1.1936337473603,1.07536828756356,0.75,0.154280253386204,0.72,0.153324767847396,-0.118265459796743
"gamma_bin_7.50_2.72","gamma_bin","vary_sd",2.72,FALSE,15,1.10608275580624,1.05128300881833,0.9,0.142593895564681,0.91,0.141485535927342,-0.0547997469879071
"gamma_bin_7.50_2.72","gamma_bin","vary_sd",2.72,FALSE,16,1.03836845094092,1.03202806981657,0.95,0.134348471250443,0.97,0.133319067437659,-0.00634038112435187
"gamma_bin_7.50_2.72","gamma_bin","vary_sd",2.72,FALSE,17,0.987514418464918,1.01524801946294,0.97,0.128904429274904,0.97,0.127944505772675,0.0277336009980178
"gamma_bin_7.50_2.72","gamma_bin","vary_sd",2.72,FALSE,18,0.94985341422689,0.999625568807882,0.9,0.124648568352182,0.91,0.12379010563174,0.0497721545809916
"gamma_bin_7.50_2.72","gamma_bin","vary_sd",2.72,FALSE,19,0.922342058412537,0.984474559587755,0.84,0.12052232359884,0.86,0.119641255596263,0.0621325011752181
"gamma_bin_7.50_2.72","gamma_bin","vary_sd",2.72,FALSE,20,0.902533145800087,0.969402410830921,0.81,0.115358287504749,0.83,0.114515303841781,0.066869265030834
"gamma_bin_7.50_2.72","gamma_bin","vary_sd",2.72,FALSE,21,0.888443579660898,0.954237960128215,0.77,0.109482963923618,0.8,0.108643287954654,0.0657943804673167
"gamma_bin_7.50_2.72","gamma_bin","vary_sd",2.72,FALSE,22,0.878474950045775,0.938901214336707,0.78,0.103797235041822,0.8,0.103098577373969,0.060426264290932
"gamma_bin_7.50_2.72","gamma_bin","vary_sd",2.72,FALSE,23,0.871353706634507,0.923506754925962,0.8,0.0999486329258174,0.81,0.0992985554806319,0.0521530482914546
"gamma_bin_7.50_2.72","gamma_bin","vary_sd",2.72,FALSE,24,0.866079695774009,0.908256553110995,0.85,0.0984435156151891,0.86,0.0977910975601186,0.0421768573369858
"gamma_bin_7.50_2.72","gamma_bin","vary_sd",2.72,FALSE,25,0.861880113955128,0.893036246345577,0.91,0.0988720771249131,0.93,0.0981547154768125,0.0311561323904488
"gamma_bin_7.50_2.72","gamma_bin","vary_sd",2.72,FALSE,26,0.858167576978305,0.877989389794134,0.95,0.100162001498671,0.97,0.0993702870006983,0.0198218128158291
"gamma_bin_7.50_2.72","gamma_bin","vary_sd",2.72,FALSE,27,0.854446587171991,0.863067255505084,0.97,0.10115236606983,0.98,0.100365571947128,0.00862066833309305
"gamma_bin_7.50_2.72","gamma_bin","vary_sd",2.72,FALSE,28,0.850242530612154,0.848304855837779,0.97,0.100756992627854,0.97,0.100042486879104,-0.00193767477437501
"gamma_bin_7.50_2.72","gamma_bin","vary_sd",2.72,FALSE,29,0.845168044117022,0.833665287869068,0.97,0.0983984673099967,0.97,0.0977861006569491,-0.0115027562479537
"gamma_bin_7.50_2.72","gamma_bin","vary_sd",2.72,FALSE,30,0.838916821827613,0.819258299918388,0.95,0.0943428798635306,0.93,0.0937214861559042,-0.019658521909225
"gamma_bin_7.50_2.72","gamma_bin","vary_sd",2.72,FALSE,31,0.83125458603177,0.805166242467945,0.92,0.08968118337618,0.91,0.0891278557031789,-0.0260883435638247
"gamma_bin_7.50_2.72","gamma_bin","vary_sd",2.72,FALSE,32,0.822012955905288,0.791315580404864,0.88,0.0858553800592731,0.88,0.085285579643308,-0.0306973755004236
"gamma_bin_7.50_2.72","gamma_bin","vary_sd",2.72,FALSE,33,0.811083441801087,0.7777418471989,0.88,0.08381658118115,0.87,0.0832500484713757,-0.0333415946021873
"gamma_bin_7.50_2.72","gamma_bin","vary_sd",2.72,FALSE,34,0.798410706391415,0.764680549262005,0.88,0.083781531544236,0.88,0.0831006929896766,-0.0337301571294104
"gamma_bin_7.50_2.72","gamma_bin","vary_sd",2.72,FALSE,35,0.783985284249482,0.751864347371071,0.9,0.084934882534138,0.89,0.0841976682845855,-0.0321209368784107
"gamma_bin_7.50_2.72","gamma_bin","vary_sd",2.72,FALSE,36,0.767842249776292,0.739475717656275,0.93,0.086296657587035,0.91,0.0855489559864578,-0.0283665321200172
"gamma_bin_7.50_2.72","gamma_bin","vary_sd",2.72,FALSE,37,0.750320099865667,0.727495844466305,0.94,0.0868617370805443,0.93,0.0861723450115317,-0.0228242553993623
"gamma_bin_7.50_2.72","gamma_bin","vary_sd",2.72,FALSE,38,0.732127511283489,0.715865704281098,0.98,0.0859633445539613,0.96,0.0852802588688307,-0.0162618070023905
"gamma_bin_7.50_2.72","gamma_bin","vary_sd",2.72,FALSE,39,0.713945546467747,0.704637615438559,0.99,0.0833363467908864,0.98,0.082665360387872,-0.00930793102918781
"gamma_bin_7.50_2.72","gamma_bin","vary_sd",2.72,FALSE,40,0.696377644387645,0.693907743986302,0.99,0.0797829699324536,1,0.0791704920345626,-0.00246990040134343
"gamma_bin_7.50_2.72","gamma_bin","vary_sd",2.72,FALSE,41,0.679931575981829,0.683815542122746,1,0.0765704729898164,1,0.0760478572318898,0.00388396614091702
"gamma_bin_7.50_2.72","gamma_bin","vary_sd",2.72,FALSE,42,0.665012401557135,0.674446564318323,0.99,0.0745861264851215,1,0.0740657017687897,0.00943416276118791
"gamma_bin_7.50_2.72","gamma_bin","vary_sd",2.72,FALSE,43,0.65192842067752,0.666046331350776,0.99,0.0741821102336598,0.99,0.0736135652262525,0.0141179106732562
"gamma_bin_7.50_2.72","gamma_bin","vary_sd",2.72,FALSE,44,0.640906266957601,0.658609278709173,0.99,0.0750960996738261,0.98,0.0745239800615869,0.0177030117515719
"gamma_bin_7.50_2.72","gamma_bin","vary_sd",2.72,FALSE,45,0.632110069284813,0.652292158540717,0.99,0.076659798667256,0.98,0.0760529188870716,0.0201820892559043
"gamma_bin_7.50_2.72","gamma_bin","vary_sd",2.72,FALSE,46,0.625656360123327,0.647130132658891,0.99,0.07793929718681,0.99,0.0773640102833942,0.0214737725355644
"gamma_bin_7.50_2.72","gamma_bin","vary_sd",2.72,FALSE,47,0.621502273809677,0.643165689827637,0.99,0.0783170116364593,0.99,0.077787167348757,0.0216634160179601
"gamma_bin_7.50_2.72","gamma_bin","vary_sd",2.72,FALSE,48,0.619441171957512,0.640429589863246,0.99,0.0773590024991822,0.99,0.0767942698743387,0.0209884179057336
"gamma_bin_7.50_2.72","gamma_bin","vary_sd",2.72,FALSE,49,0.619256488578844,0.638913173110337,0.99,0.0752732041974293,0.98,0.0747236228667479,0.0196566845314932
"gamma_bin_7.50_2.72","gamma_bin","vary_sd",2.72,FALSE,50,0.620736004042686,0.638579331792167,0.97,0.0730263108880824,0.96,0.0725199852501594,0.0178433277494814
"gamma_bin_7.50_2.72","gamma_bin","vary_sd",2.72,FALSE,51,0.623679916186844,0.639328722573409,0.96,0.0715880548525261,0.96,0.0711149143847069,0.0156488063865651
"gamma_bin_7.50_2.72","gamma_bin","vary_sd",2.72,FALSE,52,0.627908213332621,0.640978705525315,0.95,0.0716088984757556,0.95,0.0711605999200817,0.0130704921926944
"gamma_bin_7.50_2.72","gamma_bin","vary_sd",2.72,FALSE,53,0.633265384812971,0.643596887839888,0.96,0.0731797879140392,0.96,0.0727169170772023,0.0103315030269165
"gamma_bin_7.50_2.72","gamma_bin","vary_sd",2.72,FALSE,54,0.639622221613428,0.647021093527266,0.96,0.0757521491634229,0.97,0.0752602264108372,0.00739887191383826
"gamma_bin_7.50_2.72","gamma_bin","vary_sd",2.72,FALSE,55,0.646875295241765,0.651225912071153,0.98,0.0784928533096328,0.98,0.0779918448108286,0.00435061682938764
"gamma_bin_7.50_2.72","gamma_bin","vary_sd",2.72,FALSE,56,0.654940797889892,0.656073479434331,0.99,0.080353147102495,0.98,0.0798984546162323,0.00113268154443902
"gamma_bin_7.50_2.72","gamma_bin","vary_sd",2.72,FALSE,57,0.663667548235467,0.661600499700595,0.98,0.0808469001521373,0.98,0.0803443210570986,-0.00206704853487194
"gamma_bin_7.50_2.72","gamma_bin","vary_sd",2.72,FALSE,58,0.67283196893338,0.667760641522685,0.98,0.079827179857796,0.97,0.0793259440639528,-0.00507132741069483
"gamma_bin_7.50_2.72","gamma_bin","vary_sd",2.72,FALSE,59,0.682212593504884,0.674411826012573,0.97,0.0781847788263981,0.97,0.0776356717839937,-0.0078007674923114
"gamma_bin_7.50_2.72","gamma_bin","vary_sd",2.72,FALSE,60,0.691594549334227,0.681570477067817,0.96,0.0772274710502087,0.97,0.0766931230563814,-0.0100240722664098
"gamma_bin_7.50_2.72","gamma_bin","vary_sd",2.72,FALSE,61,0.700774343176902,0.68898587577069,0.95,0.0777121390145019,0.96,0.0771959305293483,-0.0117884674062116
"gamma_bin_7.50_2.72","gamma_bin","vary_sd",2.72,FALSE,62,0.709565411363515,0.696597740244119,0.96,0.0796006991789485,0.95,0.0790964005698194,-0.0129676711193961
"gamma_bin_7.50_2.72","gamma_bin","vary_sd",2.72,FALSE,63,0.717802382251417,0.70437028139667,0.95,0.0829322014132528,0.95,0.0822420295446239,-0.0134321008547467
"gamma_bin_7.50_2.72","gamma_bin","vary_sd",2.72,FALSE,64,0.725343303375917,0.712208754265928,0.95,0.086520147057572,0.96,0.0858167615711322,-0.0131345491099891
"gamma_bin_7.50_2.72","gamma_bin","vary_sd",2.72,FALSE,65,0.732069930484564,0.71996998582336,0.95,0.0893636222574147,0.96,0.0886602416381725,-0.0120999446612036
"gamma_bin_7.50_2.72","gamma_bin","vary_sd",2.72,FALSE,66,0.737895666769886,0.727653344803991,0.98,0.0906350545380481,0.97,0.0898936516769119,-0.010242321965895
"gamma_bin_7.50_2.72","gamma_bin","vary_sd",2.72,FALSE,67,0.742895958587221,0.73518661371827,0.98,0.0900209138208633,0.98,0.0892813338877568,-0.00770934486895103
"gamma_bin_7.50_2.72","gamma_bin","vary_sd",2.72,FALSE,68,0.747278763319657,0.742629972315579,0.98,0.087998542520269,0.97,0.0872636693235183,-0.00464879100407767
"gamma_bin_7.50_2.72","gamma_bin","vary_sd",2.72,FALSE,69,0.751271373438236,0.749875801381135,0.98,0.085900953815421,0.98,0.0852071389763126,-0.00139557205710106
"gamma_bin_7.50_2.72","gamma_bin","vary_sd",2.72,FALSE,70,0.755105697598796,0.757016011701839,0.97,0.0849775016778958,0.99,0.0843404715967392,0.0019103141030431
"gamma_bin_7.50_2.72","gamma_bin","vary_sd",2.72,FALSE,71,0.759004827658807,0.763969669424239,0.97,0.0859858874883747,0.99,0.0853096511487587,0.00496484176543188
"gamma_bin_7.50_2.72","gamma_bin","vary_sd",2.72,FALSE,72,0.76317231106088,0.770605453880995,0.97,0.0887469816743907,0.98,0.0880310076540865,0.00743314282011465
"gamma_bin_7.50_2.72","gamma_bin","vary_sd",2.72,FALSE,73,0.767786202417761,0.77711740978631,0.98,0.0922973597661126,0.98,0.0915058744392676,0.00933120736854931
"gamma_bin_7.50_2.72","gamma_bin","vary_sd",2.72,FALSE,74,0.772997638290372,0.783335285461536,0.98,0.095386627451635,0.98,0.0946306419746731,0.0103376471711636
"gamma_bin_7.50_2.72","gamma_bin","vary_sd",2.72,FALSE,75,0.77893263784533,0.789288787620291,0.97,0.0969952727892288,0.98,0.0962505750298953,0.0103561497749612
"gamma_bin_7.50_2.72","gamma_bin","vary_sd",2.72,FALSE,76,0.78568141824908,0.795009921175846,0.97,0.0966359342271469,0.99,0.0959343701110356,0.0093285029267659
"gamma_bin_7.50_2.72","gamma_bin","vary_sd",2.72,FALSE,77,0.793148670755028,0.800481904060328,0.98,0.0945772212666275,0.99,0.0939216140028133,0.00733323330529989
"gamma_bin_7.50_2.72","gamma_bin","vary_sd",2.72,FALSE,78,0.801109464577554,0.805772617858376,0.98,0.0922343153266402,0.98,0.0916247550659479,0.00466315328082234
"gamma_bin_7.50_2.72","gamma_bin","vary_sd",2.72,FALSE,79,0.809317687520099,0.810855735931642,0.98,0.0909067353356897,0.96,0.090336362805473,0.00153804841154292
"gamma_bin_7.50_2.72","gamma_bin","vary_sd",2.72,FALSE,80,0.817518562189946,0.815744001414775,0.97,0.0914214938694523,0.98,0.0907746268319711,-0.00177456077517091
"gamma_bin_7.50_2.72","gamma_bin","vary_sd",2.72,FALSE,81,0.825462916255739,0.820446022294695,0.97,0.0936599751097336,0.97,0.0929261856237283,-0.00501689396104366
"gamma_bin_7.50_2.72","gamma_bin","vary_sd",2.72,FALSE,82,0.832920079463184,0.824846443187287,0.97,0.0968791172695967,0.96,0.0960863126255435,-0.00807363627589675
"gamma_bin_7.50_2.72","gamma_bin","vary_sd",2.72,FALSE,83,0.83968668789734,0.828951291228425,0.96,0.100035857372238,0.97,0.0992675038830863,-0.0107353966689154
"gamma_bin_7.50_2.72","gamma_bin","vary_sd",2.72,FALSE,84,0.845591000049052,0.832780311657731,0.95,0.101937683650694,0.94,0.101176976806719,-0.0128106883913207
"gamma_bin_7.50_2.72","gamma_bin","vary_sd",2.72,FALSE,85,0.850493536894317,0.83640340858363,0.96,0.101772581781513,0.93,0.10104358110777,-0.0140901283106872
"gamma_bin_7.50_2.72","gamma_bin","vary_sd",2.72,FALSE,86,0.854297533108007,0.839791867792809,0.95,0.0997673385459213,0.94,0.0991140129825673,-0.0145056653151984
"gamma_bin_7.50_2.72","gamma_bin","vary_sd",2.72,FALSE,87,0.857044342489846,0.843008347894578,0.94,0.0971860111941753,0.93,0.0964498282883197,-0.0140359945952684
"gamma_bin_7.50_2.72","gamma_bin","vary_sd",2.72,FALSE,88,0.858857822167393,0.846145321978468,0.93,0.0953331700733599,0.93,0.0945778365981396,-0.012712500188925
"gamma_bin_7.50_2.72","gamma_bin","vary_sd",2.72,FALSE,89,0.859878747666928,0.849102098021197,0.93,0.0951158550771264,0.94,0.094494279867648,-0.010776649645731
"gamma_bin_7.50_2.72","gamma_bin","vary_sd",2.72,FALSE,90,0.86025311141159,0.851981215359695,0.92,0.0971165154523651,0.91,0.0963723922705143,-0.00827189605189538
"gamma_bin_7.50_2.72","gamma_bin","vary_sd",2.72,FALSE,91,0.860120701023208,0.854916520146551,0.91,0.100494704117416,0.93,0.0997281442942066,-0.00520418087665742
"gamma_bin_7.50_2.72","gamma_bin","vary_sd",2.72,FALSE,92,0.859606619529194,0.858029931530512,0.91,0.1041447797252,0.92,0.103367547389668,-0.00157668799868171
"gamma_bin_7.50_2.72","gamma_bin","vary_sd",2.72,FALSE,93,0.8588168361623,0.861318094309007,0.93,0.106790023771576,0.91,0.105887284310278,0.00250125814670676
"gamma_bin_7.50_2.72","gamma_bin","vary_sd",2.72,FALSE,94,0.857837212377275,0.864736356291062,0.93,0.107471310036374,0.93,0.106508778342033,0.00689914391378732
"gamma_bin_7.50_2.72","gamma_bin","vary_sd",2.72,FALSE,95,0.856734852284735,0.868314434139328,0.92,0.10593072431973,0.92,0.105146938439282,0.0115795818545931
"gamma_bin_7.50_2.72","gamma_bin","vary_sd",2.72,FALSE,96,0.855586935925609,0.872176525356561,0.95,0.103091287876132,0.93,0.102442577598126,0.0165895894309523
"gamma_bin_7.50_2.72","gamma_bin","vary_sd",2.72,FALSE,97,0.854642173312711,0.876402140887872,0.93,0.100554831442064,0.91,0.0999545438182863,0.021759967575161
"gamma_bin_7.50_2.72","gamma_bin","vary_sd",2.72,FALSE,98,0.854216899337268,0.880995571116185,0.91,0.0996648093447551,0.94,0.0989852455956472,0.0267786717789168
"gamma_bin_7.50_2.72","gamma_bin","vary_sd",2.72,FALSE,99,0.854615196085733,0.885829662755765,0.91,0.100708266021808,0.92,0.100123791252696,0.0312144666700321
"gamma_bin_7.50_2.72","gamma_bin","vary_sd",2.72,FALSE,100,0.856123392287051,0.890985622915449,0.91,0.103622225257965,0.93,0.10294887579611,0.0348622306283979
"gamma_bin_7.50_2.72","gamma_bin","vary_sd",2.72,FALSE,101,0.859003725920451,0.896499596744628,0.89,0.107480791355801,0.92,0.106719829805445,0.0374958708241773
"gamma_bin_7.50_2.72","gamma_bin","vary_sd",2.72,FALSE,102,0.863491057515902,0.902457777840361,0.9,0.110848589882884,0.93,0.109932056319517,0.0389667203244594
"gamma_bin_7.50_2.72","gamma_bin","vary_sd",2.72,FALSE,103,0.869793786137492,0.908864475990822,0.91,0.112471548314928,0.93,0.111510701423307,0.0390706898533298
"gamma_bin_7.50_2.72","gamma_bin","vary_sd",2.72,FALSE,104,0.878098070350996,0.915577346328518,0.92,0.111908748912805,0.92,0.110969839588389,0.0374792759775218
"gamma_bin_7.50_2.72","gamma_bin","vary_sd",2.72,FALSE,105,0.888573897619543,0.922639856245824,0.91,0.10960535258304,0.92,0.108767106768905,0.0340659586262809
"gamma_bin_7.50_2.72","gamma_bin","vary_sd",2.72,FALSE,106,0.901301658370892,0.930001409435178,0.91,0.107121656993759,0.92,0.106265318344069,0.0286997510642856
"gamma_bin_7.50_2.72","gamma_bin","vary_sd",2.72,FALSE,107,0.915897849763235,0.937473665006617,0.93,0.106054906470685,0.93,0.105174303282562,0.021575815243382
"gamma_bin_7.50_2.72","gamma_bin","vary_sd",2.72,FALSE,108,0.931781890770312,0.94482547079111,0.95,0.106988914045237,0.95,0.106122260116794,0.0130435800207981
"gamma_bin_7.50_2.72","gamma_bin","vary_sd",2.72,FALSE,109,0.964908287444313,0.951798610575144,0.95,0.109881546875284,0.94,0.109040280398185,-0.0131096768691688
"gamma_bin_7.50_2.72","gamma_bin","vary_sd",2.72,FALSE,110,0.980887218164916,0.958269391676728,0.93,0.113846585448994,0.92,0.11295396246371,-0.0226178264881879
"gamma_bin_7.50_2.72","gamma_bin","vary_sd",2.72,FALSE,111,0.995692213942587,0.964162696739234,0.92,0.117742072218941,0.92,0.116653171048154,-0.0315295172033527
"gamma_bin_7.50_2.72","gamma_bin","vary_sd",2.72,FALSE,112,1.00881666031265,0.969220040320346,0.92,0.119820004953566,0.89,0.118809438940746,-0.0395966199923037
"gamma_bin_7.50_2.72","gamma_bin","vary_sd",2.72,FALSE,113,1.01983605940048,0.973480985848024,0.89,0.119741637552426,0.89,0.118718343143897,-0.0463550735524557
"gamma_bin_7.50_2.72","gamma_bin","vary_sd",2.72,FALSE,114,1.02841129997895,0.976875836699307,0.83,0.117267818149002,0.83,0.116275725822946,-0.0515354632796429
"gamma_bin_7.50_2.72","gamma_bin","vary_sd",2.72,FALSE,115,1.03430371035801,0.979416135771037,0.81,0.113924217831417,0.8,0.112940837995569,-0.0548875745869726
"gamma_bin_7.50_2.72","gamma_bin","vary_sd",2.72,FALSE,116,1.03743175161603,0.981093680988143,0.81,0.111446125619689,0.8,0.110512206153933,-0.0563380706278875
"gamma_bin_7.50_2.72","gamma_bin","vary_sd",2.72,FALSE,117,1.0378022122009,0.98187257746454,0.8,0.110887982923902,0.78,0.110000326739741,-0.0559296347363604
"gamma_bin_7.50_2.72","gamma_bin","vary_sd",2.72,FALSE,118,1.03547276308025,0.982007436791867,0.81,0.112430095549566,0.8,0.111568990847478,-0.0534653262883826
"gamma_bin_7.50_2.72","gamma_bin","vary_sd",2.72,FALSE,119,1.03053550780697,0.981447872363124,0.84,0.115699062854769,0.83,0.114847135690486,-0.0490876354438459
"gamma_bin_7.50_2.72","gamma_bin","vary_sd",2.72,FALSE,120,1.02310221069091,0.980386193810379,0.9,0.119110498173935,0.9,0.118284960593467,-0.0427160168805308
"gamma_bin_7.50_2.72","gamma_bin","vary_sd",2.72,FALSE,121,1.01329357541095,0.978710218501438,0.93,0.121305551769031,0.94,0.120404571239264,-0.0345833569095121
"gamma_bin_7.50_2.72","gamma_bin","vary_sd",2.72,FALSE,122,1.00123289414715,0.976529264691067,0.97,0.121243466212624,0.96,0.120439280004932,-0.0247036294560834
"gamma_bin_7.50_2.72","gamma_bin","vary_sd",2.72,FALSE,123,0.987043160294477,0.973909060552759,0.98,0.118671393682451,0.98,0.117945253047832,-0.0131340997417181
"gamma_bin_7.50_2.72","gamma_bin","vary_sd",2.72,FALSE,124,0.970846430550826,0.970826474093952,0.97,0.11469053027578,0.98,0.113897101036627,-1.99564568739152e-05
"gamma_bin_7.50_2.72","gamma_bin","vary_sd",2.72,FALSE,125,0.953001568168985,0.967586051470892,0.92,0.111129360752208,0.93,0.110449431298737,0.0145844833019066
"gamma_bin_7.50_2.72","gamma_bin","vary_sd",2.72,FALSE,126,0.934680947695761,0.964360794832167,0.89,0.1094946428149,0.9,0.108860266868401,0.0296798471364064
"gamma_bin_7.50_2.72","gamma_bin","vary_sd",2.72,FALSE,127,0.917145793226913,0.961405207271084,0.87,0.110300848553484,0.88,0.109557025985479,0.0442594140441713
"gamma_bin_7.50_2.72","gamma_bin","vary_sd",2.72,FALSE,128,0.901530406151582,0.958936372999105,0.85,0.113073038133858,0.84,0.112358139581081,0.0574059668475229
"gamma_bin_7.50_2.72","gamma_bin","vary_sd",2.72,FALSE,129,0.888820761331304,0.95721856140115,0.8,0.116503544614569,0.81,0.115693842222083,0.0683978000698462
"gamma_bin_7.50_2.72","gamma_bin","vary_sd",2.72,FALSE,130,0.879849051096058,0.956309359107011,0.77,0.119102282326513,0.77,0.11824066706691,0.0764603080109526
"gamma_bin_7.50_2.72","gamma_bin","vary_sd",2.72,FALSE,131,0.875312502934994,0.956158620630236,0.75,0.120058479926364,0.77,0.119165999087436,0.0808461176952416
"gamma_bin_7.50_2.72","gamma_bin","vary_sd",2.72,FALSE,132,0.875810644994376,0.956998037729474,0.73,0.118573795975924,0.74,0.117777072608618,0.0811873927350983
"gamma_bin_7.50_2.72","gamma_bin","vary_sd",2.72,FALSE,133,0.881891211117993,0.958664297598792,0.75,0.115097685069185,0.75,0.114343048604177,0.0767730864807986
"gamma_bin_7.50_2.72","gamma_bin","vary_sd",2.72,FALSE,134,0.894096753734329,0.961082124715527,0.77,0.111425978974208,0.78,0.110735531239131,0.0669853709811978
"gamma_bin_7.50_2.72","gamma_bin","vary_sd",2.72,FALSE,135,0.912538889585145,0.964136315984002,0.8,0.109200365048317,0.82,0.108484911429351,0.0515974263988574
"gamma_bin_7.50_2.72","gamma_bin","vary_sd",2.72,FALSE,136,0.935968580436848,0.967532871087129,0.87,0.109211876036213,0.89,0.108453305765116,0.0315642906502809
"gamma_bin_7.50_2.72","gamma_bin","vary_sd",2.72,FALSE,137,0.962748452443007,0.97100731976623,0.89,0.111609948609229,0.9,0.110763437454694,0.00825886732322256
"gamma_bin_7.50_2.72","gamma_bin","vary_sd",2.72,FALSE,138,0.991058087015847,0.974340407359928,0.94,0.115413909357149,0.93,0.11444933500352,-0.0167176796559194
"gamma_bin_7.50_2.72","gamma_bin","vary_sd",2.72,FALSE,139,1.01894781256074,0.977288032761502,0.91,0.119327260267057,0.9,0.118227401510784,-0.0416597797992383
"gamma_bin_7.50_2.72","gamma_bin","vary_sd",2.72,FALSE,140,1.04444932027992,0.979736272038007,0.83,0.121721346837768,0.79,0.120597214269691,-0.0647130482419135
"gamma_bin_7.50_2.72","gamma_bin","vary_sd",2.72,FALSE,141,1.0657059122687,0.98159452502186,0.69,0.121849820770415,0.64,0.120659193278772,-0.0841113872468398
"gamma_bin_7.50_2.72","gamma_bin","vary_sd",2.72,FALSE,142,1.0810929449843,0.982788545200586,0.59,0.119508735989105,0.59,0.11832112113895,-0.0983043997837143
"gamma_bin_7.50_2.72","gamma_bin","vary_sd",2.72,FALSE,143,1.08930930531451,0.983249288801193,0.52,0.1164044135776,0.52,0.115286092596613,-0.106060016513317
"gamma_bin_7.50_2.72","gamma_bin","vary_sd",2.72,FALSE,144,1.08943317712892,0.983076359033853,0.51,0.114150090729995,0.5,0.112930132952501,-0.106356818095067
"gamma_bin_7.50_2.72","gamma_bin","vary_sd",2.72,FALSE,145,1.08148967301391,0.982304239457274,0.55,0.113699355182171,0.53,0.112455262922682,-0.0991854335566357
"gamma_bin_7.50_2.72","gamma_bin","vary_sd",2.72,FALSE,146,1.067118056924,0.980945917569954,0.65,0.115142501448155,0.62,0.114015236276978,-0.0861721393540456
"gamma_bin_7.50_2.72","gamma_bin","vary_sd",2.72,FALSE,147,1.04828964020928,0.979029481417318,0.73,0.117981859371541,0.7,0.116826006552232,-0.0692601587919622
"gamma_bin_7.50_2.72","gamma_bin","vary_sd",2.72,FALSE,148,1.02693455801449,0.976659540100243,0.88,0.120650695959784,0.84,0.119543733320298,-0.050275017914247
"gamma_bin_7.50_2.72","gamma_bin","vary_sd",2.72,FALSE,149,1.00477443375589,0.973894510075071,0.94,0.122215265357399,0.94,0.121104691682506,-0.0308799236808192
"gamma_bin_7.50_2.72","gamma_bin","vary_sd",2.72,FALSE,150,0.983222907766779,0.970729746666483,0.98,0.121639079898173,0.96,0.120514772805203,-0.012493161100296
"gamma_bin_7.50_2.72","gamma_bin","vary_sd",2.72,FALSE,151,0.963363940769346,0.967178525994511,0.95,0.118617001096682,0.96,0.117569220974371,0.0038145852251652
"gamma_bin_7.50_2.72","gamma_bin","vary_sd",2.72,FALSE,152,0.945985514931433,0.963397631650512,0.94,0.1144794647577,0.94,0.113513686170579,0.0174121167190785
"gamma_bin_7.50_2.72","gamma_bin","vary_sd",2.72,FALSE,153,0.931639698450479,0.959511431060386,0.91,0.110909397389718,0.92,0.109997608016797,0.0278717326099072
"gamma_bin_7.50_2.72","gamma_bin","vary_sd",2.72,FALSE,154,0.920706027513323,0.955783787102523,0.87,0.109193677021869,0.88,0.108324588894727,0.0350777595891996
"gamma_bin_7.50_2.72","gamma_bin","vary_sd",2.72,FALSE,155,0.913287949909382,0.952458228532544,0.85,0.109840697909596,0.87,0.109011744954852,0.0391702786231621
"gamma_bin_7.50_2.72","gamma_bin","vary_sd",2.72,FALSE,156,0.909118262499206,0.949677428576435,0.86,0.112353093674917,0.86,0.111608153442785,0.0405591660772289
"gamma_bin_7.50_2.72","gamma_bin","vary_sd",2.72,FALSE,157,0.90786599524967,0.947530608487756,0.89,0.115703460117348,0.9,0.114891812617505,0.0396646132380865
"gamma_bin_7.50_2.72","gamma_bin","vary_sd",2.72,FALSE,158,0.909191813449816,0.946233801176176,0.92,0.118258501460614,0.92,0.117386081919503,0.0370419877263601
"gamma_bin_7.50_2.72","gamma_bin","vary_sd",2.72,FALSE,159,0.9127706498954,0.945856176132066,0.93,0.118926560599403,0.93,0.118009030085946,0.0330855262366655
"gamma_bin_7.50_2.72","gamma_bin","vary_sd",2.72,FALSE,160,0.918310343562916,0.946289036752587,0.93,0.117555133410747,0.94,0.116684873282112,0.0279786931896714
"gamma_bin_7.50_2.72","gamma_bin","vary_sd",2.72,FALSE,161,0.925562601543549,0.947635722159041,0.94,0.114510306742007,0.94,0.113679266200201,0.022073120615492
"gamma_bin_7.50_2.72","gamma_bin","vary_sd",2.72,FALSE,162,0.934326617511047,0.94981526030139,0.95,0.111102912233488,0.94,0.110264029483092,0.0154886427903436
"gamma_bin_7.50_2.72","gamma_bin","vary_sd",2.72,FALSE,163,0.944447396594412,0.95276249303947,0.94,0.109117542633473,0.95,0.108265118684577,0.00831509644505779
"gamma_bin_7.50_2.72","gamma_bin","vary_sd",2.72,FALSE,164,0.955808426255688,0.956792435125584,0.95,0.108986351338768,0.95,0.108269659429646,0.000984008869895914
"gamma_bin_7.50_2.72","gamma_bin","vary_sd",2.72,FALSE,165,0.968171987055275,0.961779302892659,0.94,0.111292772379014,0.94,0.110538057908558,-0.00639268416261618
"gamma_bin_7.50_2.72","gamma_bin","vary_sd",2.72,FALSE,166,0.981075418082579,0.967567455239668,0.9,0.114970113329458,0.9,0.114191774131888,-0.0135079628429113
"gamma_bin_7.50_2.72","gamma_bin","vary_sd",2.72,FALSE,167,0.99403776313242,0.973981121721746,0.9,0.118850942060546,0.9,0.118021877904671,-0.0200566414106736
"gamma_bin_7.50_2.72","gamma_bin","vary_sd",2.72,FALSE,168,1.00658618871785,0.981120775805165,0.9,0.121503911587656,0.9,0.1206512551933,-0.0254654129126849
"gamma_bin_7.50_2.72","gamma_bin","vary_sd",2.72,FALSE,169,1.01827263962082,0.98900361789077,0.92,0.122011629506764,0.91,0.121215477810725,-0.0292690217300496
"gamma_bin_7.50_2.72","gamma_bin","vary_sd",2.72,FALSE,170,1.02869207421039,0.997510620850644,0.9,0.120475111138834,0.9,0.11968743423458,-0.0311814533597455
"gamma_bin_7.50_2.72","gamma_bin","vary_sd",2.72,FALSE,171,1.03749575970787,1.00667519044608,0.88,0.118159211262458,0.9,0.117462865149282,-0.0308205692617911
"gamma_bin_7.50_2.72","gamma_bin","vary_sd",2.72,FALSE,172,1.04439766370686,1.01666132026881,0.87,0.11667608498687,0.87,0.115934450752623,-0.0277363434380506
"gamma_bin_7.50_2.72","gamma_bin","vary_sd",2.72,FALSE,173,1.04917474480308,1.0272727168935,0.87,0.117108782847556,0.87,0.116330554626782,-0.0219020279095758
"gamma_bin_7.50_2.72","gamma_bin","vary_sd",2.72,FALSE,174,1.05167598943045,1.0384391795188,0.91,0.119745082565691,0.89,0.119068772750099,-0.013236809911646
"gamma_bin_7.50_2.72","gamma_bin","vary_sd",2.72,FALSE,175,1.05228684352057,1.05012740574702,0.93,0.124336346905773,0.93,0.12358967661658,-0.00215943777355454
"gamma_bin_7.50_2.72","gamma_bin","vary_sd",2.72,FALSE,176,1.05205037229906,1.06240160594241,0.94,0.129099846260081,0.94,0.128359024215793,0.010351233643352
"gamma_bin_7.50_2.72","gamma_bin","vary_sd",2.72,FALSE,177,1.05206304074467,1.07526986371034,0.91,0.132745446795864,0.91,0.131988882131401,0.023206822965665
"gamma_bin_7.50_2.72","gamma_bin","vary_sd",2.72,FALSE,178,1.0533911428065,1.08867266390437,0.94,0.134100507941932,0.94,0.133264767957784,0.035281521097875
"gamma_bin_7.50_2.72","gamma_bin","vary_sd",2.72,FALSE,179,1.05702523270082,1.10255499682481,0.91,0.132821934326841,0.91,0.13195207171574,0.0455297641239869
"gamma_bin_7.50_2.72","gamma_bin","vary_sd",2.72,FALSE,180,1.06385390304002,1.11690554427816,0.9,0.130145901921989,0.9,0.129205517779888,0.0530516412381399
"gamma_bin_7.50_2.72","gamma_bin","vary_sd",2.72,FALSE,181,1.07466368846286,1.13136029902033,0.83,0.12783185394649,0.85,0.12694521152569,0.0566966105574656
"gamma_bin_7.50_2.72","gamma_bin","vary_sd",2.72,FALSE,182,1.09015918537017,1.14548704042216,0.82,0.12784763308154,0.84,0.12687597525039,0.0553278550519871
"gamma_bin_7.50_2.72","gamma_bin","vary_sd",2.72,FALSE,183,1.11099415707904,1.15900972594488,0.87,0.130841382543006,0.88,0.129798510164686,0.0480155688658441
"gamma_bin_7.50_2.72","gamma_bin","vary_sd",2.72,FALSE,184,1.13776253966062,1.17179941645927,0.87,0.136210651332717,0.87,0.135066421831321,0.0340368767986501
"gamma_bin_7.50_2.72","gamma_bin","vary_sd",2.72,FALSE,185,1.16994138910722,1.18340596296994,0.91,0.142077914358853,0.91,0.140699148863977,0.0134645738627173
"gamma_bin_7.50_2.72","gamma_bin","vary_sd",2.72,FALSE,186,1.20568067952197,1.19357873259187,0.92,0.146493560123646,0.92,0.145087330269467,-0.0121019469300991
"gamma_bin_7.50_2.72","gamma_bin","vary_sd",2.72,FALSE,187,1.24280592689739,1.20235348591121,0.88,0.148334096189316,0.89,0.146800153283284,-0.0404524409861844
"gamma_bin_7.50_2.72","gamma_bin","vary_sd",2.72,FALSE,188,1.27892507759421,1.20950481029266,0.86,0.146908139645881,0.85,0.145417896864694,-0.0694202673015463
"gamma_bin_7.50_2.72","gamma_bin","vary_sd",2.72,FALSE,189,1.31157809299846,1.21487350755954,0.8,0.143368930491874,0.77,0.14196220385127,-0.0967045854389175
"gamma_bin_7.50_2.72","gamma_bin","vary_sd",2.72,FALSE,190,1.33842575739913,1.2185972236021,0.71,0.13965643142908,0.63,0.13817916812901,-0.119828533797035
"gamma_bin_7.50_2.72","gamma_bin","vary_sd",2.72,FALSE,191,1.35742493987032,1.22019720439151,0.53,0.137765456218712,0.48,0.1363487977298,-0.137227735478813
"gamma_bin_7.50_2.72","gamma_bin","vary_sd",2.72,FALSE,192,1.36695842059754,1.21984046459226,0.46,0.138541298150984,0.43,0.137049453633749,-0.147117956005276
"gamma_bin_7.50_2.72","gamma_bin","vary_sd",2.72,FALSE,193,1.36590703303142,1.21751009170951,0.49,0.141523253957182,0.44,0.139969196780848,-0.14839694132191
"gamma_bin_7.50_2.72","gamma_bin","vary_sd",2.72,FALSE,194,1.35374441935837,1.21327579426904,0.56,0.145094165034226,0.51,0.143674188810774,-0.140468625089326
"gamma_bin_7.50_2.72","gamma_bin","vary_sd",2.72,FALSE,195,1.33179505256341,1.20713259642743,0.67,0.147691399199436,0.64,0.146282464361817,-0.124662456135985
"gamma_bin_7.50_2.72","gamma_bin","vary_sd",2.72,FALSE,196,1.30282908300336,1.19922356562688,0.73,0.147843319140025,0.73,0.146355387457612,-0.103605517376481
"gamma_bin_7.50_2.72","gamma_bin","vary_sd",2.72,FALSE,197,1.26962792749398,1.18959449635223,0.82,0.14458528078835,0.79,0.143146305618903,-0.0800334311417519
"gamma_bin_7.50_2.72","gamma_bin","vary_sd",2.72,FALSE,198,1.23470197201586,1.17850743348956,0.85,0.13825408793573,0.84,0.137067176680782,-0.0561945385263005
"gamma_bin_7.50_2.72","gamma_bin","vary_sd",2.72,FALSE,199,1.20012008532359,1.16621832592938,0.9,0.13152270387552,0.91,0.130393511015436,-0.0339017593942095
"gamma_bin_7.50_2.72","gamma_bin","vary_sd",2.72,FALSE,200,1.16745324780638,1.15344858391301,0.9,0.126270746201731,0.91,0.125332162284012,-0.0140046638933655
"gamma_bin_7.50_2.72","gamma_bin","vary_sd",2.72,FALSE,201,1.13781324493009,1.14062928536572,0.93,0.124099668507545,0.94,0.123270782334937,0.00281604043563055
"gamma_bin_7.50_2.72","gamma_bin","vary_sd",2.72,FALSE,202,1.11194114249594,1.12853387578406,0.95,0.12512403208669,0.94,0.124373376386114,0.0165927332881206
"gamma_bin_7.50_2.72","gamma_bin","vary_sd",2.72,FALSE,203,1.09030738318271,1.11738633327647,0.94,0.12782666641493,0.95,0.127139026665664,0.0270789500937589
"gamma_bin_7.50_2.72","gamma_bin","vary_sd",2.72,FALSE,204,1.07317842503564,1.10760877564817,0.93,0.131098909806625,0.93,0.130292736680477,0.034430350612535
"gamma_bin_7.50_2.72","gamma_bin","vary_sd",2.72,FALSE,205,1.06040347302214,1.09944341261385,0.93,0.133237862733408,0.95,0.132447101304042,0.0390399395917078
"gamma_bin_7.50_2.72","gamma_bin","vary_sd",2.72,FALSE,206,1.05156904168052,1.09302190546513,0.95,0.133205883575147,0.95,0.132377690142843,0.0414528637846119
"gamma_bin_7.50_2.72","gamma_bin","vary_sd",2.72,FALSE,207,1.04624950999474,1.08835737212114,0.93,0.130646369568472,0.93,0.129825917771305,0.0421078621263991
"gamma_bin_7.50_2.72","gamma_bin","vary_sd",2.72,FALSE,208,1.04403704329192,1.08567408750587,0.91,0.126841126457073,0.91,0.126091752185128,0.0416370442139502
"gamma_bin_7.50_2.72","gamma_bin","vary_sd",2.72,FALSE,209,1.0445651521307,1.08491208954537,0.89,0.123671910824766,0.92,0.122877491160814,0.0403469374146739
"gamma_bin_7.50_2.72","gamma_bin","vary_sd",2.72,FALSE,210,1.04752392002038,1.08616716570079,0.88,0.122365500570111,0.89,0.121520262108925,0.0386432456804051
"gamma_bin_7.50_2.72","gamma_bin","vary_sd",2.72,FALSE,211,1.05266551803821,1.08955822118074,0.89,0.123511160571392,0.9,0.122650895300408,0.0368927031425312
"gamma_bin_7.50_2.72","gamma_bin","vary_sd",2.72,FALSE,212,1.0598023103751,1.09494789019916,0.89,0.126737307323656,0.89,0.125893852949988,0.0351455798240552
"gamma_bin_7.50_2.72","gamma_bin","vary_sd",2.72,FALSE,213,1.06880062573221,1.10238539042956,0.89,0.13064186896629,0.9,0.129813263001168,0.0335847646973484
"gamma_bin_7.50_2.72","gamma_bin","vary_sd",2.72,FALSE,214,1.0795784696348,1.11173604502703,0.9,0.133872328503984,0.91,0.133007752331541,0.0321575753922287
"gamma_bin_7.50_2.72","gamma_bin","vary_sd",2.72,FALSE,215,1.09215111452811,1.12309302622495,0.93,0.135314507088833,0.94,0.134434508422895,0.030941911696839
"gamma_bin_7.50_2.72","gamma_bin","vary_sd",2.72,FALSE,216,1.10660255202503,1.13637836314266,0.94,0.134401059764443,0.94,0.133516652821562,0.0297758111176292
"gamma_bin_7.50_2.72","gamma_bin","vary_sd",2.72,FALSE,217,1.1230463183655,1.15150653825272,0.93,0.131637825387629,0.94,0.130813323184012,0.0284602198872179
"gamma_bin_7.50_2.72","gamma_bin","vary_sd",2.72,FALSE,218,1.14161803384419,1.16849123272531,0.93,0.128875079651488,0.94,0.128113455698674,0.0268731988811197
"gamma_bin_7.50_2.72","gamma_bin","vary_sd",2.72,FALSE,219,1.16246850453014,1.18670753079896,0.93,0.127846885376827,0.92,0.12705548014341,0.0242390262688226
"gamma_bin_7.50_2.72","gamma_bin","vary_sd",2.72,FALSE,220,1.18575867786174,1.20588467617388,0.94,0.130185859965202,0.93,0.129207159705115,0.0201259983121447
"gamma_bin_7.50_2.72","gamma_bin","vary_sd",2.72,FALSE,221,1.21165701983639,1.22571576263549,0.95,0.135514716709523,0.96,0.134499993728112,0.0140587427990952
"gamma_bin_7.50_2.72","gamma_bin","vary_sd",2.72,FALSE,222,1.24033898455105,1.24549477748905,0.97,0.142471238084691,0.97,0.141194333976575,0.00515579293800128
"gamma_bin_7.50_2.72","gamma_bin","vary_sd",2.72,FALSE,223,1.27198794287079,1.26507454997451,0.97,0.149109368431157,0.97,0.147747646580665,-0.00691339289627613
"gamma_bin_7.50_2.72","gamma_bin","vary_sd",2.72,FALSE,224,1.30666523446541,1.28421430421392,0.96,0.153486180425583,0.95,0.152019883509238,-0.0224509302514924
"gamma_bin_7.50_2.72","gamma_bin","vary_sd",2.72,FALSE,225,1.3433530482977,1.30295806172724,0.94,0.154694178371407,0.92,0.153252632251279,-0.0403949865704594
"gamma_bin_7.50_2.72","gamma_bin","vary_sd",2.72,FALSE,226,1.38038171186225,1.32075753114672,0.88,0.15275979830738,0.88,0.151386102595739,-0.0596241807155349
"gamma_bin_7.50_2.72","gamma_bin","vary_sd",2.72,FALSE,227,1.41592160258673,1.33743638248592,0.84,0.149877845105993,0.8,0.148686844631399,-0.0784852201008093
"gamma_bin_7.50_2.72","gamma_bin","vary_sd",2.72,FALSE,228,1.44808142918806,1.35269878009257,0.77,0.148310006084226,0.76,0.147002048256853,-0.0953826490954879
"gamma_bin_7.50_2.72","gamma_bin","vary_sd",2.72,FALSE,229,1.47504730588812,1.36587370838539,0.71,0.149126934856643,0.71,0.147861592802645,-0.109173597502726
"gamma_bin_7.50_2.72","gamma_bin","vary_sd",2.72,FALSE,230,1.49521587906308,1.3767126139578,0.69,0.152794125658147,0.67,0.151570523392595,-0.11850326510528
"gamma_bin_7.50_2.72","gamma_bin","vary_sd",2.72,FALSE,231,1.50729103953841,1.38488583458818,0.69,0.158451875238985,0.65,0.157137620937901,-0.122405204950231
"gamma_bin_7.50_2.72","gamma_bin","vary_sd",2.72,FALSE,232,1.51033534857617,1.39028444551092,0.7,0.164005281608898,0.68,0.162482453441608,-0.12005090306525
"gamma_bin_7.50_2.72","gamma_bin","vary_sd",2.72,FALSE,233,1.50378097074586,1.3929332816213,0.74,0.16718109801909,0.7,0.165631659346541,-0.110847689124556
"gamma_bin_7.50_2.72","gamma_bin","vary_sd",2.72,FALSE,234,1.48764960471254,1.39248999641035,0.8,0.166826887041212,0.77,0.165170260804478,-0.0951596083021864
"gamma_bin_7.50_2.72","gamma_bin","vary_sd",2.72,FALSE,235,1.46373241708909,1.38897958720805,0.86,0.162400694260258,0.84,0.161105897755992,-0.0747528298810385
"gamma_bin_7.50_2.72","gamma_bin","vary_sd",2.72,FALSE,236,1.43448143272486,1.38281417328571,0.9,0.156080352452648,0.89,0.154875799067839,-0.051667259439147
"gamma_bin_7.50_2.72","gamma_bin","vary_sd",2.72,FALSE,237,1.40223769952072,1.37445270880759,0.91,0.150138437521472,0.91,0.149018723816186,-0.0277849907131302
"gamma_bin_7.50_2.72","gamma_bin","vary_sd",2.72,FALSE,238,1.36905513115977,1.36414435699121,0.95,0.146921459407294,0.95,0.145792306746328,-0.00491077416856078
"gamma_bin_7.50_2.72","gamma_bin","vary_sd",2.72,FALSE,239,1.33659069308879,1.35234292511344,0.96,0.147048673928265,0.96,0.145876897087718,0.0157522320246528
"gamma_bin_7.50_2.72","gamma_bin","vary_sd",2.72,FALSE,240,1.30608415861083,1.33975790098152,0.95,0.149535134176489,0.96,0.148437698748926,0.0336737423706883
"gamma_bin_7.50_2.72","gamma_bin","vary_sd",2.72,FALSE,241,1.27840456713347,1.32682039868422,0.94,0.152923433682207,0.95,0.151792604412706,0.0484158315507544
"gamma_bin_7.50_2.72","gamma_bin","vary_sd",2.72,FALSE,242,1.25412742548082,1.31375492994272,0.92,0.155463795390586,0.94,0.154279943194677,0.0596275044619001
"gamma_bin_7.50_2.72","gamma_bin","vary_sd",2.72,FALSE,243,1.23361554311767,1.30051467774344,0.91,0.156531481225275,0.93,0.155378950568867,0.0668991346257712
"gamma_bin_7.50_2.72","gamma_bin","vary_sd",2.72,FALSE,244,1.21706403589592,1.28742238352374,0.9,0.156305710101962,0.91,0.155169146722764,0.0703583476278173
"gamma_bin_7.50_2.72","gamma_bin","vary_sd",2.72,FALSE,245,1.20445667363505,1.27454289047833,0.88,0.156409777698722,0.9,0.155295927636234,0.0700862168432832
"gamma_bin_7.50_2.72","gamma_bin","vary_sd",2.72,FALSE,246,1.19569657050359,1.26206969364946,0.91,0.159641685291374,0.92,0.158532920540632,0.0663731231458695
"gamma_bin_7.50_2.72","gamma_bin","vary_sd",2.72,FALSE,247,1.19067334691389,1.2501869931376,0.93,0.167935784092159,0.94,0.16670879952666,0.0595136462237067
"gamma_bin_7.50_2.72","gamma_bin","vary_sd",2.72,FALSE,248,1.1892846905786,1.23918443676874,0.96,0.181607121824459,0.96,0.180337746265797,0.0498997461901354
"gamma_bin_7.50_2.72","gamma_bin","vary_sd",2.72,FALSE,249,1.1914521017446,1.22922472016971,0.98,0.199605302522623,0.99,0.197890323903038,0.0377726184251053
"gamma_bin_7.50_2.72","gamma_bin","vary_sd",2.72,FALSE,250,1.19713021020468,1.22019267579416,1,0.220343728561371,1,0.218520415578711,0.0230624655894838
"gamma_bin_7.50_2.72","gamma_bin","vary_sd",2.72,FALSE,251,1.20631090184647,1.21229909716185,1,0.243007972279578,1,0.240576222890338,0.00598819531538197
"gamma_bin_7.50_2.72","gamma_bin","vary_sd",2.72,FALSE,252,1.21902415582724,1.2055056993873,1,0.266581220049556,1,0.263509884988962,-0.0135184564399398
"gamma_bin_7.50_2.72","gamma_bin","vary_sd",2.72,FALSE,253,1.23533724681924,1.19966245549521,1,0.291146413641109,1,0.287524920936989,-0.0356747913240305
"gamma_bin_7.50_3.40","gamma_bin","vary_sd",3.4,FALSE,2,6.47633271060018,NA,NA,NA,NA,NA,NA
"gamma_bin_7.50_3.40","gamma_bin","vary_sd",3.4,FALSE,3,5.39748004467528,NA,NA,NA,NA,NA,NA
"gamma_bin_7.50_3.40","gamma_bin","vary_sd",3.4,FALSE,4,4.52153259075373,NA,NA,NA,NA,NA,NA
"gamma_bin_7.50_3.40","gamma_bin","vary_sd",3.4,FALSE,5,3.81075688710478,NA,NA,NA,NA,NA,NA
"gamma_bin_7.50_3.40","gamma_bin","vary_sd",3.4,FALSE,6,3.23384975678135,3.37969592012023,0.98,0.479166078870125,0.99,0.475730962729114,0.145846163338884
"gamma_bin_7.50_3.40","gamma_bin","vary_sd",3.4,FALSE,7,2.76512519694591,2.40602899492146,0.61,0.370366024274432,0.55,0.367570858039127,-0.359096202024449
"gamma_bin_7.50_3.40","gamma_bin","vary_sd",3.4,FALSE,8,2.38350063829982,1.89146423779813,0.08,0.305614685483366,0.08,0.303270807992605,-0.492036400501692
"gamma_bin_7.50_3.40","gamma_bin","vary_sd",3.4,FALSE,9,2.07220990816182,1.59297766514472,0.07,0.262651863195953,0.05,0.26068009393442,-0.479232243017097
"gamma_bin_7.50_3.40","gamma_bin","vary_sd",3.4,FALSE,10,1.8180094782711,1.40801944738392,0.07,0.231031972770627,0.07,0.22936588383292,-0.409990030887178
"gamma_bin_7.50_3.40","gamma_bin","vary_sd",3.4,FALSE,11,1.61045019265924,1.28778570204314,0.09,0.205339526531898,0.08,0.203954457982858,-0.322664490616101
"gamma_bin_7.50_3.40","gamma_bin","vary_sd",3.4,FALSE,12,1.44129331371926,1.20638613327621,0.28,0.183585373284443,0.23,0.18251505735342,-0.234907180443052
"gamma_bin_7.50_3.40","gamma_bin","vary_sd",3.4,FALSE,13,1.30405110997497,1.14927995248226,0.57,0.165728509336966,0.56,0.164743011310338,-0.15477115749271
"gamma_bin_7.50_3.40","gamma_bin","vary_sd",3.4,FALSE,14,1.1936337473603,1.10761862097092,0.86,0.151641553923259,0.85,0.150697508720764,-0.0860151263893756
"gamma_bin_7.50_3.40","gamma_bin","vary_sd",3.4,FALSE,15,1.10608275580624,1.07587435561565,0.93,0.141292024315586,0.93,0.140373415590317,-0.0302084001905871
"gamma_bin_7.50_3.40","gamma_bin","vary_sd",3.4,FALSE,16,1.03836845094092,1.05035574622077,0.95,0.133976365859636,0.93,0.133062596889857,0.011987295279853
"gamma_bin_7.50_3.40","gamma_bin","vary_sd",3.4,FALSE,17,0.987514418464918,1.02881321249483,0.94,0.128795969898834,0.94,0.127960967854191,0.0412987940299145
"gamma_bin_7.50_3.40","gamma_bin","vary_sd",3.4,FALSE,18,0.94985341422689,1.00984784353594,0.83,0.124594855330552,0.85,0.123735988077396,0.0599944293090549
"gamma_bin_7.50_3.40","gamma_bin","vary_sd",3.4,FALSE,19,0.922342058412537,0.992421036668873,0.79,0.120167371900942,0.8,0.119310880263662,0.0700789782563359
"gamma_bin_7.50_3.40","gamma_bin","vary_sd",3.4,FALSE,20,0.902533145800087,0.975829025448684,0.75,0.114652308944108,0.76,0.113798542678373,0.0732958796485967
"gamma_bin_7.50_3.40","gamma_bin","vary_sd",3.4,FALSE,21,0.888443579660898,0.959742139634413,0.73,0.108331655168887,0.75,0.107517799771838,0.0712985599735149
"gamma_bin_7.50_3.40","gamma_bin","vary_sd",3.4,FALSE,22,0.878474950045775,0.943906731730991,0.73,0.102478831900318,0.75,0.101719851733853,0.0654317816852165
"gamma_bin_7.50_3.40","gamma_bin","vary_sd",3.4,FALSE,23,0.871353706634507,0.928146146403671,0.77,0.0982939400051606,0.78,0.0975954283390875,0.0567924397691645
"gamma_bin_7.50_3.40","gamma_bin","vary_sd",3.4,FALSE,24,0.866079695774009,0.91244776466241,0.79,0.0962326430732203,0.82,0.0955508578465425,0.0463680688884011
"gamma_bin_7.50_3.40","gamma_bin","vary_sd",3.4,FALSE,25,0.861880113955128,0.896959248636939,0.88,0.0962475770367728,0.91,0.0954950860733113,0.035079134681811
"gamma_bin_7.50_3.40","gamma_bin","vary_sd",3.4,FALSE,26,0.858167576978305,0.881604531519364,0.93,0.0972446259426337,0.93,0.09645973271257,0.0234369545410589
"gamma_bin_7.50_3.40","gamma_bin","vary_sd",3.4,FALSE,27,0.854446587171991,0.8664074489875,0.95,0.098020127241081,0.98,0.0972831320168247,0.0119608618155085
"gamma_bin_7.50_3.40","gamma_bin","vary_sd",3.4,FALSE,28,0.850242530612154,0.85139664051546,0.97,0.097503988003407,0.98,0.0968142880817335,0.00115410990330644
"gamma_bin_7.50_3.40","gamma_bin","vary_sd",3.4,FALSE,29,0.845168044117022,0.836510017789589,0.97,0.0953579500195255,0.97,0.0947216316528162,-0.00865802632743329
"gamma_bin_7.50_3.40","gamma_bin","vary_sd",3.4,FALSE,30,0.838916821827613,0.821815676211335,0.97,0.0916517453791391,0.94,0.0910274217944402,-0.0171011456162776
"gamma_bin_7.50_3.40","gamma_bin","vary_sd",3.4,FALSE,31,0.83125458603177,0.807334692323457,0.93,0.0874809305092323,0.91,0.0868698888005857,-0.0239198937083128
"gamma_bin_7.50_3.40","gamma_bin","vary_sd",3.4,FALSE,32,0.822012955905288,0.793214973796778,0.86,0.0842333327746021,0.87,0.0836260645897166,-0.0287979821085104
"gamma_bin_7.50_3.40","gamma_bin","vary_sd",3.4,FALSE,33,0.811083441801087,0.779357893793465,0.86,0.082705487581471,0.86,0.0820616045041402,-0.0317255480076221
"gamma_bin_7.50_3.40","gamma_bin","vary_sd",3.4,FALSE,34,0.798410706391415,0.765798770460907,0.87,0.0826092552108961,0.87,0.0819853532357673,-0.0326119359305082
"gamma_bin_7.50_3.40","gamma_bin","vary_sd",3.4,FALSE,35,0.783985284249482,0.752582228055251,0.89,0.0836145963654211,0.9,0.0829875196148521,-0.0314030561942312
"gamma_bin_7.50_3.40","gamma_bin","vary_sd",3.4,FALSE,36,0.767842249776292,0.739816653110695,0.9,0.0847437176283209,0.9,0.0840886942144708,-0.0280255966655972
"gamma_bin_7.50_3.40","gamma_bin","vary_sd",3.4,FALSE,37,0.750320099865667,0.727394701709266,0.92,0.0851674814092281,0.92,0.0844565578589272,-0.0229253981564006
"gamma_bin_7.50_3.40","gamma_bin","vary_sd",3.4,FALSE,38,0.732127511283489,0.715512439674403,0.94,0.0842285086858984,0.94,0.0836004350732466,-0.0166150716090863
"gamma_bin_7.50_3.40","gamma_bin","vary_sd",3.4,FALSE,39,0.713945546467747,0.704131799922326,0.95,0.0817345823279585,0.97,0.0811788585498212,-0.00981374654542067
"gamma_bin_7.50_3.40","gamma_bin","vary_sd",3.4,FALSE,40,0.696377644387645,0.693311235430698,0.97,0.0784006638866246,0.97,0.0779006750133612,-0.0030664089569471
"gamma_bin_7.50_3.40","gamma_bin","vary_sd",3.4,FALSE,41,0.679931575981829,0.683147630866166,0.98,0.0753935107291139,0.97,0.074879785848957,0.00321605488433674
"gamma_bin_7.50_3.40","gamma_bin","vary_sd",3.4,FALSE,42,0.665012401557135,0.673655262110319,0.97,0.0733426974193418,0.96,0.072869679147838,0.00864286055318364
"gamma_bin_7.50_3.40","gamma_bin","vary_sd",3.4,FALSE,43,0.65192842067752,0.665018864228022,0.96,0.0728519731510354,0.93,0.0723908078363994,0.0130904435505023
"gamma_bin_7.50_3.40","gamma_bin","vary_sd",3.4,FALSE,44,0.640906266957601,0.657410102922741,0.95,0.0735639433368958,0.95,0.0730313258474107,0.0165038359651396
"gamma_bin_7.50_3.40","gamma_bin","vary_sd",3.4,FALSE,45,0.632110069284813,0.650850730833463,0.96,0.0748924549285707,0.95,0.0743379243865755,0.0187406615486504
"gamma_bin_7.50_3.40","gamma_bin","vary_sd",3.4,FALSE,46,0.625656360123327,0.645492557917992,0.97,0.0760739823828247,0.97,0.0754900965948554,0.0198361977946651
"gamma_bin_7.50_3.40","gamma_bin","vary_sd",3.4,FALSE,47,0.621502273809677,0.64131193286946,0.97,0.076443232712982,0.97,0.0759188920687157,0.0198096590597829
"gamma_bin_7.50_3.40","gamma_bin","vary_sd",3.4,FALSE,48,0.619441171957512,0.63835626717909,0.98,0.075637601440013,0.97,0.075144338980204,0.018915095221578
"gamma_bin_7.50_3.40","gamma_bin","vary_sd",3.4,FALSE,49,0.619256488578844,0.636620979936804,0.99,0.0739311069938838,0.98,0.0734405709284765,0.0173644913579604
"gamma_bin_7.50_3.40","gamma_bin","vary_sd",3.4,FALSE,50,0.620736004042686,0.636070974405729,0.99,0.0720763727720407,0.99,0.0715754010086487,0.0153349703630427
"gamma_bin_7.50_3.40","gamma_bin","vary_sd",3.4,FALSE,51,0.623679916186844,0.636607284661093,0.97,0.0707837260905797,0.98,0.0703119330112509,0.012927368474249
"gamma_bin_7.50_3.40","gamma_bin","vary_sd",3.4,FALSE,52,0.627908213332621,0.638133950449729,0.97,0.0708760768257608,0.98,0.0703366118771851,0.0102257371171083
"gamma_bin_7.50_3.40","gamma_bin","vary_sd",3.4,FALSE,53,0.633265384812971,0.640531182571276,0.98,0.0721734190502699,0.98,0.0716584152237059,0.00726579775830483
"gamma_bin_7.50_3.40","gamma_bin","vary_sd",3.4,FALSE,54,0.639622221613428,0.64374639623106,0.99,0.0743384041913426,0.99,0.0737148067999843,0.00412417461763226
"gamma_bin_7.50_3.40","gamma_bin","vary_sd",3.4,FALSE,55,0.646875295241765,0.647721520322951,0.99,0.076411551160938,0.99,0.0758878531224805,0.000846225081186147
"gamma_bin_7.50_3.40","gamma_bin","vary_sd",3.4,FALSE,56,0.654940797889892,0.65237214313159,0.98,0.0779831848489405,0.98,0.0774157239242912,-0.00256865475830226
"gamma_bin_7.50_3.40","gamma_bin","vary_sd",3.4,FALSE,57,0.663667548235467,0.657620939132798,0.98,0.0783692005890639,0.98,0.0777931151305237,-0.00604660910266952
"gamma_bin_7.50_3.40","gamma_bin","vary_sd",3.4,FALSE,58,0.67283196893338,0.663433172014971,0.97,0.0775514891495084,0.96,0.0769852357845206,-0.00939879691840928
"gamma_bin_7.50_3.40","gamma_bin","vary_sd",3.4,FALSE,59,0.682212593504884,0.66978476406278,0.96,0.0761903527492951,0.95,0.0755930478667504,-0.0124278294421039
"gamma_bin_7.50_3.40","gamma_bin","vary_sd",3.4,FALSE,60,0.691594549334227,0.67649983966053,0.94,0.0751667826581344,0.94,0.074681766604186,-0.0150947096736972
"gamma_bin_7.50_3.40","gamma_bin","vary_sd",3.4,FALSE,61,0.700774343176902,0.683525150992284,0.94,0.0754169337734698,0.93,0.0748903158851175,-0.0172491921846178
"gamma_bin_7.50_3.40","gamma_bin","vary_sd",3.4,FALSE,62,0.709565411363515,0.690860299900901,0.93,0.0771320227652432,0.95,0.0765953813938671,-0.0187051114626137
"gamma_bin_7.50_3.40","gamma_bin","vary_sd",3.4,FALSE,63,0.717802382251417,0.698372397304782,0.94,0.0798263741525524,0.94,0.0792596837410975,-0.0194299849466352
"gamma_bin_7.50_3.40","gamma_bin","vary_sd",3.4,FALSE,64,0.725343303375917,0.706014797230842,0.94,0.0827930294226917,0.94,0.0821517487710378,-0.0193285061450751
"gamma_bin_7.50_3.40","gamma_bin","vary_sd",3.4,FALSE,65,0.732069930484564,0.713744649950017,0.93,0.0851292770671871,0.93,0.0845087248830337,-0.0183252805345472
"gamma_bin_7.50_3.40","gamma_bin","vary_sd",3.4,FALSE,66,0.737895666769886,0.721473285334341,0.96,0.0861782913114711,0.95,0.0855181896309511,-0.0164223814355453
"gamma_bin_7.50_3.40","gamma_bin","vary_sd",3.4,FALSE,67,0.742895958587221,0.729143149561727,0.96,0.0856467904280218,0.95,0.0849781687895783,-0.0137528090254937
"gamma_bin_7.50_3.40","gamma_bin","vary_sd",3.4,FALSE,68,0.747278763319657,0.736829964257104,0.96,0.0840988856007923,0.95,0.0835376607062399,-0.0104487990625535
"gamma_bin_7.50_3.40","gamma_bin","vary_sd",3.4,FALSE,69,0.751271373438236,0.744334147237824,0.96,0.0827407781607927,0.95,0.0822024984615597,-0.00693722620041171
"gamma_bin_7.50_3.40","gamma_bin","vary_sd",3.4,FALSE,70,0.755105697598796,0.751629224005381,0.97,0.0825105529224149,0.96,0.0819603142690358,-0.00347647359341452
"gamma_bin_7.50_3.40","gamma_bin","vary_sd",3.4,FALSE,71,0.759004827658807,0.75872145258461,0.99,0.0838300000456491,0.99,0.0832679507097362,-0.000283375074196957
"gamma_bin_7.50_3.40","gamma_bin","vary_sd",3.4,FALSE,72,0.76317231106088,0.765547787120431,0.99,0.0865680501254416,0.99,0.0859699660121078,0.00237547605955124
"gamma_bin_7.50_3.40","gamma_bin","vary_sd",3.4,FALSE,73,0.767786202417761,0.772228415762577,0.98,0.0897887167392361,0.98,0.0891597536617611,0.00444221334481609
"gamma_bin_7.50_3.40","gamma_bin","vary_sd",3.4,FALSE,74,0.772997638290372,0.778662190867274,0.98,0.0926086903392908,0.98,0.0918932873761701,0.00566455257690146
"gamma_bin_7.50_3.40","gamma_bin","vary_sd",3.4,FALSE,75,0.77893263784533,0.784883638074392,0.98,0.0942599019008389,0.98,0.0934340084046457,0.00595100022906236
"gamma_bin_7.50_3.40","gamma_bin","vary_sd",3.4,FALSE,76,0.78568141824908,0.790840062594328,0.98,0.0940468129573911,0.98,0.0932143499354762,0.00515864434524793
"gamma_bin_7.50_3.40","gamma_bin","vary_sd",3.4,FALSE,77,0.793148670755028,0.79651759861269,0.98,0.092291500295797,0.98,0.0915342737032973,0.00336892785766196
"gamma_bin_7.50_3.40","gamma_bin","vary_sd",3.4,FALSE,78,0.801109464577554,0.801911211318989,0.97,0.0902958876892416,0.96,0.0896311548754333,0.000801746741434961
"gamma_bin_7.50_3.40","gamma_bin","vary_sd",3.4,FALSE,79,0.809317687520099,0.807106333983489,0.97,0.0891707705437211,0.97,0.0886024625105371,-0.00221135353661039
"gamma_bin_7.50_3.40","gamma_bin","vary_sd",3.4,FALSE,80,0.817518562189946,0.812041928568372,0.96,0.0896252505522305,0.96,0.0889566625733853,-0.00547663362157436
"gamma_bin_7.50_3.40","gamma_bin","vary_sd",3.4,FALSE,81,0.825462916255739,0.816793234646708,0.95,0.0914684471857698,0.94,0.0907507741415994,-0.00866968160903081
"gamma_bin_7.50_3.40","gamma_bin","vary_sd",3.4,FALSE,82,0.832920079463184,0.821320788358518,0.96,0.0942515096104616,0.95,0.0935254531118378,-0.0115992911046657
"gamma_bin_7.50_3.40","gamma_bin","vary_sd",3.4,FALSE,83,0.83968668789734,0.825558775076953,0.96,0.097016332872682,0.97,0.0962592278996293,-0.0141279128203873
"gamma_bin_7.50_3.40","gamma_bin","vary_sd",3.4,FALSE,84,0.845591000049052,0.829485793148217,0.97,0.0985350184451277,0.96,0.0978817037494638,-0.0161052069008347
"gamma_bin_7.50_3.40","gamma_bin","vary_sd",3.4,FALSE,85,0.850493536894317,0.833235471930261,0.95,0.0985865305889574,0.95,0.097822414075662,-0.0172580649640558
"gamma_bin_7.50_3.40","gamma_bin","vary_sd",3.4,FALSE,86,0.854297533108007,0.836724443762919,0.93,0.0969468081485693,0.92,0.0961722546547284,-0.0175730893450883
"gamma_bin_7.50_3.40","gamma_bin","vary_sd",3.4,FALSE,87,0.857044342489846,0.839987748646295,0.92,0.0945580295249138,0.92,0.0937886517566983,-0.0170565938435505
"gamma_bin_7.50_3.40","gamma_bin","vary_sd",3.4,FALSE,88,0.858857822167393,0.843043500392288,0.92,0.092961950271745,0.91,0.0922327934752519,-0.0158143217751051
"gamma_bin_7.50_3.40","gamma_bin","vary_sd",3.4,FALSE,89,0.859878747666928,0.846025722918934,0.91,0.0927177206367896,0.91,0.0921419410906689,-0.0138530247479935
"gamma_bin_7.50_3.40","gamma_bin","vary_sd",3.4,FALSE,90,0.86025311141159,0.849053172965284,0.9,0.0945467248967328,0.91,0.0939168444568809,-0.0111999384463063
"gamma_bin_7.50_3.40","gamma_bin","vary_sd",3.4,FALSE,91,0.860120701023208,0.852214178424261,0.89,0.0975423603334061,0.9,0.0969589220590588,-0.00790652259894664
"gamma_bin_7.50_3.40","gamma_bin","vary_sd",3.4,FALSE,92,0.859606619529194,0.855482705107554,0.9,0.100785530632867,0.91,0.100199694683343,-0.00412391442163962
"gamma_bin_7.50_3.40","gamma_bin","vary_sd",3.4,FALSE,93,0.8588168361623,0.858916838540054,0.92,0.103234777282025,0.92,0.102548870059617,0.000100002377753983
"gamma_bin_7.50_3.40","gamma_bin","vary_sd",3.4,FALSE,94,0.857837212377275,0.862516939763499,0.92,0.103988875081286,0.91,0.103297251633274,0.00467972738622391
"gamma_bin_7.50_3.40","gamma_bin","vary_sd",3.4,FALSE,95,0.856734852284735,0.866234164453372,0.91,0.102751245101934,0.91,0.102066427084059,0.00949931216863709
"gamma_bin_7.50_3.40","gamma_bin","vary_sd",3.4,FALSE,96,0.855586935925609,0.870229604003461,0.93,0.100446211153727,0.93,0.0997985907048563,0.0146426680778524
"gamma_bin_7.50_3.40","gamma_bin","vary_sd",3.4,FALSE,97,0.854642173312711,0.874425224135222,0.91,0.0984252535278845,0.92,0.0977339320108529,0.0197830508225114
"gamma_bin_7.50_3.40","gamma_bin","vary_sd",3.4,FALSE,98,0.854216899337268,0.878945048282144,0.91,0.0978288759867229,0.91,0.0971270020002367,0.0247281489448764
"gamma_bin_7.50_3.40","gamma_bin","vary_sd",3.4,FALSE,99,0.854615196085733,0.883886062179783,0.92,0.0989549083433601,0.92,0.0982406584094855,0.0292708660940504
"gamma_bin_7.50_3.40","gamma_bin","vary_sd",3.4,FALSE,100,0.856123392287051,0.889149337672333,0.93,0.101616329381619,0.92,0.100801022695614,0.0330259453852819
"gamma_bin_7.50_3.40","gamma_bin","vary_sd",3.4,FALSE,101,0.859003725920451,0.894876054394543,0.92,0.104705645389729,0.93,0.103858469813061,0.035872328474092
"gamma_bin_7.50_3.40","gamma_bin","vary_sd",3.4,FALSE,102,0.863491057515902,0.900969823082603,0.91,0.107291581565435,0.92,0.106475263409645,0.0374787655667005
"gamma_bin_7.50_3.40","gamma_bin","vary_sd",3.4,FALSE,103,0.869793786137492,0.907439979204343,0.89,0.108546791493014,0.91,0.107786430138238,0.0376461930668515
"gamma_bin_7.50_3.40","gamma_bin","vary_sd",3.4,FALSE,104,0.878098070350996,0.914292655490628,0.91,0.107992685666302,0.92,0.107309518373292,0.0361945851396317
"gamma_bin_7.50_3.40","gamma_bin","vary_sd",3.4,FALSE,105,0.888573897619543,0.921542405973623,0.91,0.106095377844531,0.91,0.105488709606411,0.03296850835408
"gamma_bin_7.50_3.40","gamma_bin","vary_sd",3.4,FALSE,106,0.901301658370892,0.928855437583575,0.92,0.104139750461386,0.93,0.103459751394131,0.0275537792126828
"gamma_bin_7.50_3.40","gamma_bin","vary_sd",3.4,FALSE,107,0.915897849763235,0.93613959452218,0.92,0.103533695192001,0.92,0.102815449353429,0.0202417447589446
"gamma_bin_7.50_3.40","gamma_bin","vary_sd",3.4,FALSE,108,0.931781890770312,0.943269947713607,0.96,0.10466895560548,0.95,0.103859831691102,0.011488056943295
"gamma_bin_7.50_3.40","gamma_bin","vary_sd",3.4,FALSE,109,0.964908287444313,0.950148747439296,0.93,0.107432081936511,0.94,0.106528553447289,-0.0147595400050169
"gamma_bin_7.50_3.40","gamma_bin","vary_sd",3.4,FALSE,110,0.980887218164916,0.956501315395956,0.94,0.111163100938796,0.93,0.110211046628165,-0.0243859027689605
"gamma_bin_7.50_3.40","gamma_bin","vary_sd",3.4,FALSE,111,0.995692213942587,0.962342754105261,0.93,0.114562269286203,0.9,0.113609276997183,-0.033349459837326
"gamma_bin_7.50_3.40","gamma_bin","vary_sd",3.4,FALSE,112,1.00881666031265,0.967469018236343,0.91,0.116481726754536,0.9,0.115446231287368,-0.041347642076307
"gamma_bin_7.50_3.40","gamma_bin","vary_sd",3.4,FALSE,113,1.01983605940048,0.971796859589329,0.87,0.116137797748256,0.84,0.115152651345523,-0.0480391998111512
"gamma_bin_7.50_3.40","gamma_bin","vary_sd",3.4,FALSE,114,1.02841129997895,0.975301989861858,0.86,0.113819801529314,0.82,0.112833208954859,-0.0531093101170917
"gamma_bin_7.50_3.40","gamma_bin","vary_sd",3.4,FALSE,115,1.03430371035801,0.977965438235821,0.84,0.110586799514172,0.8,0.109653988709896,-0.0563382721221891
"gamma_bin_7.50_3.40","gamma_bin","vary_sd",3.4,FALSE,116,1.03743175161603,0.979754492499957,0.78,0.108320962337702,0.77,0.107438455994392,-0.0576772591160727
"gamma_bin_7.50_3.40","gamma_bin","vary_sd",3.4,FALSE,117,1.0378022122009,0.980743102354587,0.78,0.107965376508675,0.78,0.107148501045073,-0.0570591098463132
"gamma_bin_7.50_3.40","gamma_bin","vary_sd",3.4,FALSE,118,1.03547276308025,0.981086516828663,0.81,0.109654060140953,0.81,0.108798839870868,-0.0543862462515875
"gamma_bin_7.50_3.40","gamma_bin","vary_sd",3.4,FALSE,119,1.03053550780697,0.980812946338617,0.86,0.112560401719784,0.81,0.111610818463913,-0.0497225614683525
"gamma_bin_7.50_3.40","gamma_bin","vary_sd",3.4,FALSE,120,1.02310221069091,0.979885045115108,0.9,0.115384850326285,0.87,0.114451374605794,-0.0432171655758025
"gamma_bin_7.50_3.40","gamma_bin","vary_sd",3.4,FALSE,121,1.01329357541095,0.978365055132005,0.92,0.116997354976196,0.91,0.116070526524136,-0.0349285202789446
"gamma_bin_7.50_3.40","gamma_bin","vary_sd",3.4,FALSE,122,1.00123289414715,0.976362533904876,0.95,0.11658704596714,0.94,0.115674741903891,-0.0248703602422743
"gamma_bin_7.50_3.40","gamma_bin","vary_sd",3.4,FALSE,123,0.987043160294477,0.973714236854797,0.97,0.114237791356778,0.97,0.11335737041752,-0.01332892343968
"gamma_bin_7.50_3.40","gamma_bin","vary_sd",3.4,FALSE,124,0.970846430550826,0.9707351327716,0.96,0.110767825252854,0.96,0.110041222973702,-0.000111297779226138
"gamma_bin_7.50_3.40","gamma_bin","vary_sd",3.4,FALSE,125,0.953001568168985,0.967464277262897,0.92,0.107919777106349,0.92,0.107280043065587,0.0144627090939121
"gamma_bin_7.50_3.40","gamma_bin","vary_sd",3.4,FALSE,126,0.934680947695761,0.964322756832657,0.89,0.106675726261455,0.89,0.106103787115696,0.0296418091368963
"gamma_bin_7.50_3.40","gamma_bin","vary_sd",3.4,FALSE,127,0.917145793226913,0.961568696583604,0.86,0.107658894146429,0.87,0.106945830428056,0.0444229033566912
"gamma_bin_7.50_3.40","gamma_bin","vary_sd",3.4,FALSE,128,0.901530406151582,0.959253829826872,0.79,0.110096990333955,0.82,0.109301338844751,0.0577234236752903
"gamma_bin_7.50_3.40","gamma_bin","vary_sd",3.4,FALSE,129,0.888820761331304,0.957599075089796,0.76,0.112870240332328,0.76,0.11210549141274,0.0687783137584923
"gamma_bin_7.50_3.40","gamma_bin","vary_sd",3.4,FALSE,130,0.879849051096058,0.956654543425194,0.74,0.114881074955848,0.74,0.114046188642793,0.0768054923291355
"gamma_bin_7.50_3.40","gamma_bin","vary_sd",3.4,FALSE,131,0.875312502934994,0.956522596015438,0.71,0.115281637288487,0.72,0.114483809997891,0.0812100930804445
"gamma_bin_7.50_3.40","gamma_bin","vary_sd",3.4,FALSE,132,0.875810644994376,0.957240054962035,0.7,0.113710797262479,0.7,0.11293312123794,0.0814294099676593
"gamma_bin_7.50_3.40","gamma_bin","vary_sd",3.4,FALSE,133,0.881891211117993,0.958876238333821,0.71,0.110553034196155,0.71,0.109817405033523,0.0769850272158284
"gamma_bin_7.50_3.40","gamma_bin","vary_sd",3.4,FALSE,134,0.894096753734329,0.961265583627385,0.74,0.107451479629738,0.76,0.106716958958437,0.0671688298930562
"gamma_bin_7.50_3.40","gamma_bin","vary_sd",3.4,FALSE,135,0.912538889585145,0.964114585624036,0.79,0.105573514696103,0.81,0.104928627477273,0.051575696038891
"gamma_bin_7.50_3.40","gamma_bin","vary_sd",3.4,FALSE,136,0.935968580436848,0.967237570296074,0.83,0.105888145260082,0.84,0.105268592797974,0.0312689898592261
"gamma_bin_7.50_3.40","gamma_bin","vary_sd",3.4,FALSE,137,0.962748452443007,0.970528552281021,0.89,0.108165618827969,0.9,0.10756153960074,0.00778009983801387
"gamma_bin_7.50_3.40","gamma_bin","vary_sd",3.4,FALSE,138,0.991058087015847,0.973619311369788,0.92,0.111685186456375,0.92,0.110824087798578,-0.0174387756460593
"gamma_bin_7.50_3.40","gamma_bin","vary_sd",3.4,FALSE,139,1.01894781256074,0.976392702804822,0.89,0.114807038029607,0.88,0.11383432134903,-0.0425551097559181
"gamma_bin_7.50_3.40","gamma_bin","vary_sd",3.4,FALSE,140,1.04444932027992,0.978679084805345,0.76,0.116496848591897,0.75,0.115552418395308,-0.0657702354745754
"gamma_bin_7.50_3.40","gamma_bin","vary_sd",3.4,FALSE,141,1.0657059122687,0.98037684790415,0.64,0.116223155112326,0.64,0.115412703107762,-0.0853290643645499
"gamma_bin_7.50_3.40","gamma_bin","vary_sd",3.4,FALSE,142,1.0810929449843,0.981406366609432,0.57,0.114167283769327,0.56,0.113339553344756,-0.099686578374868
"gamma_bin_7.50_3.40","gamma_bin","vary_sd",3.4,FALSE,143,1.08930930531451,0.981702353021648,0.53,0.111373337161402,0.52,0.110538432608564,-0.107606952292862
"gamma_bin_7.50_3.40","gamma_bin","vary_sd",3.4,FALSE,144,1.08943317712892,0.981481047144897,0.49,0.109455497087988,0.49,0.108541400802994,-0.107952129984023
"gamma_bin_7.50_3.40","gamma_bin","vary_sd",3.4,FALSE,145,1.08148967301391,0.980787173038188,0.52,0.109683889960543,0.5,0.108578299669065,-0.100702499975722
"gamma_bin_7.50_3.40","gamma_bin","vary_sd",3.4,FALSE,146,1.067118056924,0.97957670797487,0.64,0.111436472237198,0.6,0.110444759637341,-0.0875413489491297
"gamma_bin_7.50_3.40","gamma_bin","vary_sd",3.4,FALSE,147,1.04828964020928,0.977846309236906,0.78,0.114270074229665,0.74,0.113157430338,-0.0704433309723739
"gamma_bin_7.50_3.40","gamma_bin","vary_sd",3.4,FALSE,148,1.02693455801449,0.975688368328287,0.86,0.11683577509076,0.85,0.115856600587907,-0.051246189686203
"gamma_bin_7.50_3.40","gamma_bin","vary_sd",3.4,FALSE,149,1.00477443375589,0.973154677145874,0.93,0.118122476280234,0.91,0.117196437163402,-0.0316197566100158
"gamma_bin_7.50_3.40","gamma_bin","vary_sd",3.4,FALSE,150,0.983222907766779,0.970231619298216,0.98,0.117372763425783,0.97,0.116455403145486,-0.0129912884685631
"gamma_bin_7.50_3.40","gamma_bin","vary_sd",3.4,FALSE,151,0.963363940769346,0.966898986991482,0.97,0.114642736514812,0.97,0.113763278925337,0.00353504622213563
"gamma_bin_7.50_3.40","gamma_bin","vary_sd",3.4,FALSE,152,0.945985514931433,0.963335220630138,0.95,0.110755725665405,0.95,0.110012751811424,0.0173497056987049
"gamma_bin_7.50_3.40","gamma_bin","vary_sd",3.4,FALSE,153,0.931639698450479,0.959682479235401,0.9,0.107399903328616,0.93,0.106652722243603,0.0280427807849216
"gamma_bin_7.50_3.40","gamma_bin","vary_sd",3.4,FALSE,154,0.920706027513323,0.956235126091749,0.85,0.105815297766443,0.87,0.105095230269262,0.035529098578426
"gamma_bin_7.50_3.40","gamma_bin","vary_sd",3.4,FALSE,155,0.913287949909382,0.953211626133502,0.83,0.106328982869183,0.84,0.105666023338694,0.0399236762241195
"gamma_bin_7.50_3.40","gamma_bin","vary_sd",3.4,FALSE,156,0.909118262499206,0.950671456592296,0.83,0.108613568571856,0.84,0.107971090593564,0.0415531940930898
"gamma_bin_7.50_3.40","gamma_bin","vary_sd",3.4,FALSE,157,0.90786599524967,0.948725607047691,0.82,0.111768721500267,0.86,0.111108072357786,0.0408596117980211
"gamma_bin_7.50_3.40","gamma_bin","vary_sd",3.4,FALSE,158,0.909191813449816,0.947584690737021,0.88,0.114326803883623,0.88,0.113665978976038,0.0383928772872045
"gamma_bin_7.50_3.40","gamma_bin","vary_sd",3.4,FALSE,159,0.9127706498954,0.947260255743039,0.9,0.115291378145834,0.89,0.114604264068322,0.0344896058476392
"gamma_bin_7.50_3.40","gamma_bin","vary_sd",3.4,FALSE,160,0.918310343562916,0.947749964802457,0.92,0.114241628702353,0.92,0.113484485157172,0.0294396212395415
"gamma_bin_7.50_3.40","gamma_bin","vary_sd",3.4,FALSE,161,0.925562601543549,0.948994715352252,0.92,0.111803972842749,0.92,0.111123177062454,0.0234321138087026
"gamma_bin_7.50_3.40","gamma_bin","vary_sd",3.4,FALSE,162,0.934326617511047,0.951132909262902,0.93,0.108970960709635,0.93,0.108339367006242,0.0168062917518553
"gamma_bin_7.50_3.40","gamma_bin","vary_sd",3.4,FALSE,163,0.944447396594412,0.954020027362465,0.94,0.10728417510314,0.94,0.106644329948756,0.00957263076805304
"gamma_bin_7.50_3.40","gamma_bin","vary_sd",3.4,FALSE,164,0.955808426255688,0.957777567932355,0.95,0.107697337567142,0.96,0.106975272688233,0.00196914167666706
"gamma_bin_7.50_3.40","gamma_bin","vary_sd",3.4,FALSE,165,0.968171987055275,0.962376933313285,0.96,0.110012285145031,0.96,0.109194778275895,-0.00579505374199007
"gamma_bin_7.50_3.40","gamma_bin","vary_sd",3.4,FALSE,166,0.981075418082579,0.967706171454111,0.94,0.11338745635919,0.93,0.112592988456621,-0.0133692466284678
"gamma_bin_7.50_3.40","gamma_bin","vary_sd",3.4,FALSE,167,0.99403776313242,0.97386507603881,0.91,0.116714899145754,0.92,0.115882697976603,-0.0201726870936103
"gamma_bin_7.50_3.40","gamma_bin","vary_sd",3.4,FALSE,168,1.00658618871785,0.980703222994013,0.92,0.118609548369593,0.92,0.117854340906799,-0.0258829657238366
"gamma_bin_7.50_3.40","gamma_bin","vary_sd",3.4,FALSE,169,1.01827263962082,0.988198837372196,0.92,0.118705285461485,0.92,0.11784323702345,-0.030073802248624
"gamma_bin_7.50_3.40","gamma_bin","vary_sd",3.4,FALSE,170,1.02869207421039,0.996438147589867,0.91,0.116974429843749,0.9,0.116177995226345,-0.0322539266205234
"gamma_bin_7.50_3.40","gamma_bin","vary_sd",3.4,FALSE,171,1.03749575970787,1.00534124994046,0.89,0.114685659816874,0.87,0.113944337712554,-0.0321545097674061
"gamma_bin_7.50_3.40","gamma_bin","vary_sd",3.4,FALSE,172,1.04439766370686,1.014970216852,0.89,0.113408505167134,0.89,0.112669183013812,-0.0294274468548645
"gamma_bin_7.50_3.40","gamma_bin","vary_sd",3.4,FALSE,173,1.04917474480308,1.02512056544972,0.88,0.114142378119952,0.88,0.113328912426998,-0.0240541793533577
"gamma_bin_7.50_3.40","gamma_bin","vary_sd",3.4,FALSE,174,1.05167598943045,1.0357551906633,0.89,0.116975028629725,0.9,0.116148635019152,-0.015920798767151
"gamma_bin_7.50_3.40","gamma_bin","vary_sd",3.4,FALSE,175,1.05228684352057,1.04712527307898,0.93,0.121052935905362,0.92,0.120266895305494,-0.00516157044159016
"gamma_bin_7.50_3.40","gamma_bin","vary_sd",3.4,FALSE,176,1.05205037229906,1.05907381661851,0.93,0.125403985473245,0.93,0.124537259057232,0.00702344431944835
"gamma_bin_7.50_3.40","gamma_bin","vary_sd",3.4,FALSE,177,1.05206304074467,1.07158924044477,0.92,0.128554289091659,0.93,0.127549777005443,0.0195261997001039
"gamma_bin_7.50_3.40","gamma_bin","vary_sd",3.4,FALSE,178,1.0533911428065,1.08465918948105,0.93,0.129662348766174,0.93,0.128670487940976,0.0312680466745461
"gamma_bin_7.50_3.40","gamma_bin","vary_sd",3.4,FALSE,179,1.05702523270082,1.09823614003996,0.89,0.128569088974814,0.91,0.127615431964184,0.0412109073391353
"gamma_bin_7.50_3.40","gamma_bin","vary_sd",3.4,FALSE,180,1.06385390304002,1.11220292821508,0.86,0.126113090026932,0.86,0.12522326904482,0.0483490251750638
"gamma_bin_7.50_3.40","gamma_bin","vary_sd",3.4,FALSE,181,1.07466368846286,1.12621346920689,0.82,0.124234802302285,0.85,0.12334819969649,0.0515497807440262
"gamma_bin_7.50_3.40","gamma_bin","vary_sd",3.4,FALSE,182,1.09015918537017,1.14013446278049,0.83,0.124283415678883,0.84,0.12325849358868,0.0499752774103239
"gamma_bin_7.50_3.40","gamma_bin","vary_sd",3.4,FALSE,183,1.11099415707904,1.15350389628815,0.87,0.126611450812406,0.87,0.125472902751034,0.0425097392091098
"gamma_bin_7.50_3.40","gamma_bin","vary_sd",3.4,FALSE,184,1.13776253966062,1.16608836524853,0.91,0.130920232889139,0.92,0.129695800737138,0.0283258255879077
"gamma_bin_7.50_3.40","gamma_bin","vary_sd",3.4,FALSE,185,1.16994138910722,1.17768863605223,0.91,0.136148743810049,0.9,0.134795413552187,0.00774724694501261
"gamma_bin_7.50_3.40","gamma_bin","vary_sd",3.4,FALSE,186,1.20568067952197,1.1879450431008,0.9,0.140081726439403,0.92,0.138705874825646,-0.017735636421174
"gamma_bin_7.50_3.40","gamma_bin","vary_sd",3.4,FALSE,187,1.24280592689739,1.19680084791529,0.88,0.141717911386296,0.87,0.140292569505001,-0.0460050789821003
"gamma_bin_7.50_3.40","gamma_bin","vary_sd",3.4,FALSE,188,1.27892507759421,1.20409355266692,0.83,0.140590519078283,0.81,0.139250847130643,-0.0748315249272851
"gamma_bin_7.50_3.40","gamma_bin","vary_sd",3.4,FALSE,189,1.31157809299846,1.20961448508705,0.74,0.137360028926905,0.72,0.136165676300994,-0.101963607911407
"gamma_bin_7.50_3.40","gamma_bin","vary_sd",3.4,FALSE,190,1.33842575739913,1.21342153269442,0.6,0.134057005459564,0.53,0.132696302646814,-0.125004224704707
"gamma_bin_7.50_3.40","gamma_bin","vary_sd",3.4,FALSE,191,1.35742493987032,1.2154443260309,0.47,0.132136278023759,0.43,0.131024602162283,-0.14198061383942
"gamma_bin_7.50_3.40","gamma_bin","vary_sd",3.4,FALSE,192,1.36695842059754,1.21556564555227,0.37,0.132733737758421,0.35,0.131651536638177,-0.151392775045269
"gamma_bin_7.50_3.40","gamma_bin","vary_sd",3.4,FALSE,193,1.36590703303142,1.21373083504379,0.41,0.135129450519465,0.37,0.134064283908612,-0.152176197987634
"gamma_bin_7.50_3.40","gamma_bin","vary_sd",3.4,FALSE,194,1.35374441935837,1.21000658255159,0.53,0.138492956291861,0.47,0.137241695064302,-0.143737836806784
"gamma_bin_7.50_3.40","gamma_bin","vary_sd",3.4,FALSE,195,1.33179505256341,1.20457001607915,0.63,0.140903550212213,0.61,0.139687323645409,-0.127225036484262
"gamma_bin_7.50_3.40","gamma_bin","vary_sd",3.4,FALSE,196,1.30282908300336,1.19727371975731,0.7,0.141124906447335,0.71,0.139936528804401,-0.105555363246047
"gamma_bin_7.50_3.40","gamma_bin","vary_sd",3.4,FALSE,197,1.26962792749398,1.18817091707936,0.8,0.13840687815203,0.78,0.137386812265513,-0.0814570104146235
"gamma_bin_7.50_3.40","gamma_bin","vary_sd",3.4,FALSE,198,1.23470197201586,1.17748358988321,0.86,0.133217888267982,0.84,0.132299320937086,-0.0572183821326535
"gamma_bin_7.50_3.40","gamma_bin","vary_sd",3.4,FALSE,199,1.20012008532359,1.16571321124921,0.89,0.127333814379591,0.91,0.126410636215499,-0.0344068740743806
"gamma_bin_7.50_3.40","gamma_bin","vary_sd",3.4,FALSE,200,1.16745324780638,1.15347481817279,0.92,0.122673617302983,0.92,0.12192956206472,-0.0139784296335881
"gamma_bin_7.50_3.40","gamma_bin","vary_sd",3.4,FALSE,201,1.13781324493009,1.14119060577393,0.95,0.120644940875464,0.92,0.119821669895089,0.00337736084384144
"gamma_bin_7.50_3.40","gamma_bin","vary_sd",3.4,FALSE,202,1.11194114249594,1.12953492550448,0.96,0.121160143132063,0.96,0.120294459107406,0.0175937830085371
"gamma_bin_7.50_3.40","gamma_bin","vary_sd",3.4,FALSE,203,1.09030738318271,1.11875404233284,0.93,0.123271376598634,0.93,0.12234894588362,0.0284466591501289
"gamma_bin_7.50_3.40","gamma_bin","vary_sd",3.4,FALSE,204,1.07317842503564,1.10910895416489,0.94,0.125572712430001,0.94,0.124664310664408,0.0359305291292547
"gamma_bin_7.50_3.40","gamma_bin","vary_sd",3.4,FALSE,205,1.06040347302214,1.10104964524156,0.93,0.126735588509326,0.93,0.125932506552259,0.0406461722194174
"gamma_bin_7.50_3.40","gamma_bin","vary_sd",3.4,FALSE,206,1.05156904168052,1.09464499104851,0.92,0.126057735536263,0.92,0.125247923698881,0.0430759493679893
"gamma_bin_7.50_3.40","gamma_bin","vary_sd",3.4,FALSE,207,1.04624950999474,1.08996553418881,0.89,0.123257503939468,0.92,0.122537859869324,0.0437160241940666
"gamma_bin_7.50_3.40","gamma_bin","vary_sd",3.4,FALSE,208,1.04403704329192,1.08717806177738,0.89,0.11963211741361,0.89,0.118990961135306,0.0431410184854628
"gamma_bin_7.50_3.40","gamma_bin","vary_sd",3.4,FALSE,209,1.0445651521307,1.08622253579974,0.89,0.116858342150538,0.89,0.116196261819759,0.0416573836690437
"gamma_bin_7.50_3.40","gamma_bin","vary_sd",3.4,FALSE,210,1.04752392002038,1.08731885987804,0.88,0.116241475378801,0.87,0.115674997767457,0.0397949398576605
"gamma_bin_7.50_3.40","gamma_bin","vary_sd",3.4,FALSE,211,1.05266551803821,1.09030729426153,0.9,0.118329955621786,0.89,0.117579852853528,0.0376417762233223
"gamma_bin_7.50_3.40","gamma_bin","vary_sd",3.4,FALSE,212,1.0598023103751,1.09533391014118,0.87,0.121895016452088,0.87,0.12110702940314,0.035531599766083
"gamma_bin_7.50_3.40","gamma_bin","vary_sd",3.4,FALSE,213,1.06880062573221,1.1022593455353,0.87,0.125964914914475,0.87,0.125257052671432,0.0334587198030936
"gamma_bin_7.50_3.40","gamma_bin","vary_sd",3.4,FALSE,214,1.0795784696348,1.11108862858965,0.93,0.129473727970921,0.92,0.128686154760672,0.031510158954845
"gamma_bin_7.50_3.40","gamma_bin","vary_sd",3.4,FALSE,215,1.09215111452811,1.12189023196026,0.94,0.131452113104027,0.94,0.130567223891848,0.0297391174321504
"gamma_bin_7.50_3.40","gamma_bin","vary_sd",3.4,FALSE,216,1.10660255202503,1.13469845991289,0.94,0.130898305579293,0.93,0.130101892498987,0.0280959078878573
"gamma_bin_7.50_3.40","gamma_bin","vary_sd",3.4,FALSE,217,1.1230463183655,1.14937781466807,0.93,0.128764483286836,0.94,0.127953017553535,0.0263314963025718
"gamma_bin_7.50_3.40","gamma_bin","vary_sd",3.4,FALSE,218,1.14161803384419,1.16567557437598,0.93,0.126157814156636,0.93,0.125357498788959,0.0240575405317882
"gamma_bin_7.50_3.40","gamma_bin","vary_sd",3.4,FALSE,219,1.16246850453014,1.18323299262132,0.92,0.125093050305529,0.93,0.124242123520171,0.0207644880911824
"gamma_bin_7.50_3.40","gamma_bin","vary_sd",3.4,FALSE,220,1.18575867786174,1.20149494854643,0.93,0.126690851242161,0.93,0.125739340736996,0.0157362706846851
"gamma_bin_7.50_3.40","gamma_bin","vary_sd",3.4,FALSE,221,1.21165701983639,1.22031158123673,0.96,0.130688226819011,0.95,0.129757276625916,0.00865456140033927
"gamma_bin_7.50_3.40","gamma_bin","vary_sd",3.4,FALSE,222,1.24033898455105,1.23928996743456,0.96,0.136197157960215,0.96,0.135131321941367,-0.00104901711649141
"gamma_bin_7.50_3.40","gamma_bin","vary_sd",3.4,FALSE,223,1.27198794287079,1.25812072542279,0.97,0.141427690793071,0.96,0.140326047079206,-0.0138672174480021
"gamma_bin_7.50_3.40","gamma_bin","vary_sd",3.4,FALSE,224,1.30666523446541,1.27670053012265,0.95,0.145022028484611,0.94,0.143760623647507,-0.0299647043427573
"gamma_bin_7.50_3.40","gamma_bin","vary_sd",3.4,FALSE,225,1.3433530482977,1.29486523055071,0.9,0.145754515715332,0.89,0.144469124455768,-0.0484878177469921
"gamma_bin_7.50_3.40","gamma_bin","vary_sd",3.4,FALSE,226,1.38038171186225,1.31226933007491,0.81,0.143923235589386,0.8,0.142653465625389,-0.0681123817873357
"gamma_bin_7.50_3.40","gamma_bin","vary_sd",3.4,FALSE,227,1.41592160258673,1.32873735205422,0.76,0.141223127160632,0.76,0.140024269036406,-0.0871842505325093
"gamma_bin_7.50_3.40","gamma_bin","vary_sd",3.4,FALSE,228,1.44808142918806,1.34373024832187,0.67,0.139575058002444,0.69,0.138538497161735,-0.104351180866187
"gamma_bin_7.50_3.40","gamma_bin","vary_sd",3.4,FALSE,229,1.47504730588812,1.35678113720472,0.63,0.140910000690477,0.6,0.139755890746345,-0.118266168683402
"gamma_bin_7.50_3.40","gamma_bin","vary_sd",3.4,FALSE,230,1.49521587906308,1.36766994531159,0.61,0.144990471050482,0.58,0.143723021409911,-0.127545933751485
"gamma_bin_7.50_3.40","gamma_bin","vary_sd",3.4,FALSE,231,1.50729103953841,1.37611441619126,0.63,0.15057305006541,0.62,0.149227147536268,-0.131176623347148
"gamma_bin_7.50_3.40","gamma_bin","vary_sd",3.4,FALSE,232,1.51033534857617,1.38204688092577,0.66,0.155714128376757,0.64,0.154386483108042,-0.128288467650405
"gamma_bin_7.50_3.40","gamma_bin","vary_sd",3.4,FALSE,233,1.50378097074586,1.3850519985365,0.71,0.158347086940802,0.69,0.157006382956068,-0.118728972209361
"gamma_bin_7.50_3.40","gamma_bin","vary_sd",3.4,FALSE,234,1.48764960471254,1.38513897902902,0.73,0.157783986377335,0.73,0.156415675926423,-0.102510625683525
"gamma_bin_7.50_3.40","gamma_bin","vary_sd",3.4,FALSE,235,1.46373241708909,1.38215210506386,0.8,0.15391044290868,0.77,0.152534977715751,-0.0815803120252299
"gamma_bin_7.50_3.40","gamma_bin","vary_sd",3.4,FALSE,236,1.43448143272486,1.37635922838029,0.87,0.148402156289003,0.86,0.147049379050109,-0.0581222043445664
"gamma_bin_7.50_3.40","gamma_bin","vary_sd",3.4,FALSE,237,1.40223769952072,1.36821846184982,0.9,0.143336362799866,0.89,0.14217496381652,-0.0340192376709005
"gamma_bin_7.50_3.40","gamma_bin","vary_sd",3.4,FALSE,238,1.36905513115977,1.35831011909952,0.94,0.1405029975291,0.94,0.139463894838309,-0.0107450120602479
"gamma_bin_7.50_3.40","gamma_bin","vary_sd",3.4,FALSE,239,1.33659069308879,1.34737133718635,0.96,0.140823115736108,0.95,0.139807710886157,0.0107806440975606
"gamma_bin_7.50_3.40","gamma_bin","vary_sd",3.4,FALSE,240,1.30608415861083,1.33546469316788,0.95,0.143256506021837,0.96,0.142244727304044,0.0293805345570459
"gamma_bin_7.50_3.40","gamma_bin","vary_sd",3.4,FALSE,241,1.27840456713347,1.32317709308865,0.94,0.146173102656505,0.94,0.145142378296953,0.0447725259551772
"gamma_bin_7.50_3.40","gamma_bin","vary_sd",3.4,FALSE,242,1.25412742548082,1.31066528681821,0.94,0.148480215470462,0.93,0.147466265811996,0.056537861337389
"gamma_bin_7.50_3.40","gamma_bin","vary_sd",3.4,FALSE,243,1.23361554311767,1.29814923029025,0.91,0.149307285342233,0.93,0.148485263083247,0.0645336871725837
"gamma_bin_7.50_3.40","gamma_bin","vary_sd",3.4,FALSE,244,1.21706403589592,1.28553462724235,0.89,0.149184614569608,0.9,0.148214853615398,0.0684705913464347
"gamma_bin_7.50_3.40","gamma_bin","vary_sd",3.4,FALSE,245,1.20445667363505,1.27293270778732,0.89,0.149541313244971,0.92,0.148610207708951,0.0684760341522686
"gamma_bin_7.50_3.40","gamma_bin","vary_sd",3.4,FALSE,246,1.19569657050359,1.26071244404248,0.9,0.153028390590994,0.91,0.152024441080994,0.065015873538887
"gamma_bin_7.50_3.40","gamma_bin","vary_sd",3.4,FALSE,247,1.19067334691389,1.24908700030741,0.91,0.161335902698005,0.91,0.160187898748511,0.0584136533935165
"gamma_bin_7.50_3.40","gamma_bin","vary_sd",3.4,FALSE,248,1.1892846905786,1.23827189379761,0.95,0.174346411117458,0.96,0.173143594100507,0.0489872032190086
"gamma_bin_7.50_3.40","gamma_bin","vary_sd",3.4,FALSE,249,1.1914521017446,1.22843133823462,0.99,0.191094301747992,0.99,0.189719408788709,0.0369792364900174
"gamma_bin_7.50_3.40","gamma_bin","vary_sd",3.4,FALSE,250,1.19713021020468,1.21950443142301,1,0.210355841765662,1,0.20866394918048,0.0223742212183276
"gamma_bin_7.50_3.40","gamma_bin","vary_sd",3.4,FALSE,251,1.20631090184647,1.21164577069184,1,0.231092660412255,1,0.228988285414707,0.00533486884537182
"gamma_bin_7.50_3.40","gamma_bin","vary_sd",3.4,FALSE,252,1.21902415582724,1.20485054705848,1,0.252683291015765,1,0.250104119949563,-0.0141736087687581
"gamma_bin_7.50_3.40","gamma_bin","vary_sd",3.4,FALSE,253,1.23533724681924,1.19916217094737,1,0.275797636067882,1,0.272687338141626,-0.0361750758718682
"gamma_bin_7.50_4.08","gamma_bin","vary_sd",4.08,FALSE,2,6.47633271060018,NA,NA,NA,NA,NA,NA
"gamma_bin_7.50_4.08","gamma_bin","vary_sd",4.08,FALSE,3,5.39748004467528,NA,NA,NA,NA,NA,NA
"gamma_bin_7.50_4.08","gamma_bin","vary_sd",4.08,FALSE,4,4.52153259075373,NA,NA,NA,NA,NA,NA
"gamma_bin_7.50_4.08","gamma_bin","vary_sd",4.08,FALSE,5,3.81075688710478,4.16384499826249,0.83,0.480346328523964,0.85,0.476945385773127,0.353088111157709
"gamma_bin_7.50_4.08","gamma_bin","vary_sd",4.08,FALSE,6,3.23384975678135,2.8930843333765,0.68,0.376768916543859,0.65,0.373747657579601,-0.340765423404854
"gamma_bin_7.50_4.08","gamma_bin","vary_sd",4.08,FALSE,7,2.76512519694591,2.22912556787056,0.07,0.314692268596156,0.07,0.312181761960261,-0.535999629075347
"gamma_bin_7.50_4.08","gamma_bin","vary_sd",4.08,FALSE,8,2.38350063829982,1.84182411626258,0.02,0.273034977146084,0.01,0.270844569421402,-0.541676522037237
"gamma_bin_7.50_4.08","gamma_bin","vary_sd",4.08,FALSE,9,2.07220990816182,1.59826895518249,0.04,0.242242641742115,0.01,0.240323699996346,-0.473940952979327
"gamma_bin_7.50_4.08","gamma_bin","vary_sd",4.08,FALSE,10,1.8180094782711,1.43646991959839,0.07,0.217138506855793,0.07,0.215502953942842,-0.381539558672708
"gamma_bin_7.50_4.08","gamma_bin","vary_sd",4.08,FALSE,11,1.61045019265924,1.32423376975877,0.12,0.195390741793947,0.1,0.194028065125043,-0.286216422900474
"gamma_bin_7.50_4.08","gamma_bin","vary_sd",4.08,FALSE,12,1.44129331371926,1.24347216517071,0.45,0.17626047345265,0.39,0.175086931504313,-0.197821148548548
"gamma_bin_7.50_4.08","gamma_bin","vary_sd",4.08,FALSE,13,1.30405110997497,1.1835078516159,0.76,0.159821713725295,0.76,0.158849789568702,-0.120543258359074
"gamma_bin_7.50_4.08","gamma_bin","vary_sd",4.08,FALSE,14,1.1936337473603,1.13756994446939,0.89,0.146756434080053,0.89,0.145851746397668,-0.0560638028909075
"gamma_bin_7.50_4.08","gamma_bin","vary_sd",4.08,FALSE,15,1.10608275580624,1.10117588666169,0.96,0.136971545766247,0.96,0.136079620975339,-0.00490686914455418
"gamma_bin_7.50_4.08","gamma_bin","vary_sd",4.08,FALSE,16,1.03836845094092,1.07126810431267,0.94,0.12990159357849,0.94,0.129031899456235,0.0328996533717465
"gamma_bin_7.50_4.08","gamma_bin","vary_sd",4.08,FALSE,17,0.987514418464918,1.04590850853567,0.85,0.124547114074139,0.87,0.123631645290404,0.0583940900707476
"gamma_bin_7.50_4.08","gamma_bin","vary_sd",4.08,FALSE,18,0.94985341422689,1.02368983657018,0.77,0.120003773583157,0.79,0.119171952992447,0.0738364223432855
"gamma_bin_7.50_4.08","gamma_bin","vary_sd",4.08,FALSE,19,0.922342058412537,1.0035857942126,0.73,0.115285336953429,0.73,0.11447081487627,0.0812437358000584
"gamma_bin_7.50_4.08","gamma_bin","vary_sd",4.08,FALSE,20,0.902533145800087,0.984893285875312,0.71,0.109645951584289,0.72,0.108845802588257,0.0823601400752246
"gamma_bin_7.50_4.08","gamma_bin","vary_sd",4.08,FALSE,21,0.888443579660898,0.96712623775838,0.66,0.103448161903624,0.68,0.102672194547341,0.0786826580974823
"gamma_bin_7.50_4.08","gamma_bin","vary_sd",4.08,FALSE,22,0.878474950045775,0.949934679388058,0.68,0.0981772357020042,0.69,0.0974657144439919,0.0714597293422826
"gamma_bin_7.50_4.08","gamma_bin","vary_sd",4.08,FALSE,23,0.871353706634507,0.93329347038861,0.73,0.0945077000821013,0.72,0.0938354611340752,0.0619397637541028
"gamma_bin_7.50_4.08","gamma_bin","vary_sd",4.08,FALSE,24,0.866079695774009,0.917010057621211,0.78,0.0928519418943435,0.76,0.092192490510937,0.0509303618472016
"gamma_bin_7.50_4.08","gamma_bin","vary_sd",4.08,FALSE,25,0.861880113955128,0.900988339566214,0.83,0.0931990887266461,0.84,0.0924949017734213,0.0391082256110861
"gamma_bin_7.50_4.08","gamma_bin","vary_sd",4.08,FALSE,26,0.858167576978305,0.885270260688159,0.91,0.0943804369764054,0.9,0.0936928965906568,0.0271026837098541
"gamma_bin_7.50_4.08","gamma_bin","vary_sd",4.08,FALSE,27,0.854446587171991,0.869944636802196,0.97,0.0953882030801314,0.97,0.0946174575021155,0.0154980496302048
"gamma_bin_7.50_4.08","gamma_bin","vary_sd",4.08,FALSE,28,0.850242530612154,0.854928882765465,0.97,0.0951927850455317,0.96,0.0943921335119189,0.00468635215331104
"gamma_bin_7.50_4.08","gamma_bin","vary_sd",4.08,FALSE,29,0.845168044117022,0.840158766527,0.95,0.0932467580198738,0.97,0.0924561861991255,-0.00500927759002168
"gamma_bin_7.50_4.08","gamma_bin","vary_sd",4.08,FALSE,30,0.838916821827613,0.825597924244487,0.95,0.089760837795244,0.94,0.089043910196745,-0.0133188975831262
"gamma_bin_7.50_4.08","gamma_bin","vary_sd",4.08,FALSE,31,0.83125458603177,0.8113459241071,0.93,0.0858638112469605,0.92,0.0852519932207367,-0.0199086619246703
"gamma_bin_7.50_4.08","gamma_bin","vary_sd",4.08,FALSE,32,0.822012955905288,0.797339211061969,0.9,0.0826336200450688,0.89,0.0821046624343562,-0.024673744843319
"gamma_bin_7.50_4.08","gamma_bin","vary_sd",4.08,FALSE,33,0.811083441801087,0.78362359491373,0.89,0.0808322895842003,0.86,0.0803211755012209,-0.0274598468873566
"gamma_bin_7.50_4.08","gamma_bin","vary_sd",4.08,FALSE,34,0.798410706391415,0.770152758577692,0.87,0.0804398385950886,0.87,0.0798282558028464,-0.028257947813723
"gamma_bin_7.50_4.08","gamma_bin","vary_sd",4.08,FALSE,35,0.783985284249482,0.757026071437691,0.9,0.0810730028498158,0.88,0.0804682434473176,-0.0269592128117911
"gamma_bin_7.50_4.08","gamma_bin","vary_sd",4.08,FALSE,36,0.767842249776292,0.744231813346578,0.92,0.0818746118761371,0.91,0.0813259634795284,-0.0236104364297141
"gamma_bin_7.50_4.08","gamma_bin","vary_sd",4.08,FALSE,37,0.750320099865667,0.731831657011952,0.93,0.0821460928877616,0.92,0.0815200333294974,-0.0184884428537152
"gamma_bin_7.50_4.08","gamma_bin","vary_sd",4.08,FALSE,38,0.732127511283489,0.719774851054542,0.96,0.0811943052915785,0.95,0.0805705486475797,-0.0123526602289467
"gamma_bin_7.50_4.08","gamma_bin","vary_sd",4.08,FALSE,39,0.713945546467747,0.708090367163304,0.96,0.0788467528926011,0.96,0.0783081521640691,-0.00585517930444279
"gamma_bin_7.50_4.08","gamma_bin","vary_sd",4.08,FALSE,40,0.696377644387645,0.696796200317298,0.97,0.0761348216567974,0.97,0.0756233443257847,0.00041855592965323
"gamma_bin_7.50_4.08","gamma_bin","vary_sd",4.08,FALSE,41,0.679931575981829,0.686075311894009,0.95,0.0736948814049964,0.96,0.0732069174292462,0.00614373591217987
"gamma_bin_7.50_4.08","gamma_bin","vary_sd",4.08,FALSE,42,0.665012401557135,0.676092625650102,0.94,0.0721599945486583,0.95,0.0717328260263188,0.011080224092967
"gamma_bin_7.50_4.08","gamma_bin","vary_sd",4.08,FALSE,43,0.65192842067752,0.666954995681423,0.94,0.071910154634553,0.96,0.0714915373661623,0.0150265750039027
"gamma_bin_7.50_4.08","gamma_bin","vary_sd",4.08,FALSE,44,0.640906266957601,0.658820969436872,0.95,0.0726903515461389,0.95,0.0722735627070429,0.0179147024792711
"gamma_bin_7.50_4.08","gamma_bin","vary_sd",4.08,FALSE,45,0.632110069284813,0.651683948310106,0.95,0.0738925231043674,0.97,0.0734433817441707,0.0195738790252932
"gamma_bin_7.50_4.08","gamma_bin","vary_sd",4.08,FALSE,46,0.625656360123327,0.645646941941369,0.97,0.0748981220374226,0.98,0.0744029867244632,0.019990581818042
"gamma_bin_7.50_4.08","gamma_bin","vary_sd",4.08,FALSE,47,0.621502273809677,0.6407607066991,0.97,0.0751316722125688,0.98,0.0746589294851376,0.0192584328894229
"gamma_bin_7.50_4.08","gamma_bin","vary_sd",4.08,FALSE,48,0.619441171957512,0.637106066591299,0.98,0.0743000820737658,0.98,0.073861951721483,0.0176648946337865
"gamma_bin_7.50_4.08","gamma_bin","vary_sd",4.08,FALSE,49,0.619256488578844,0.634636134919806,0.98,0.0725967456921907,0.98,0.072166704928617,0.0153796463409624
"gamma_bin_7.50_4.08","gamma_bin","vary_sd",4.08,FALSE,50,0.620736004042686,0.633230934284027,0.98,0.070801666289351,0.99,0.0704087776308148,0.0124949302413411
"gamma_bin_7.50_4.08","gamma_bin","vary_sd",4.08,FALSE,51,0.623679916186844,0.632838804642423,0.99,0.0698035344502791,0.97,0.069379152597448,0.00915888845557888
"gamma_bin_7.50_4.08","gamma_bin","vary_sd",4.08,FALSE,52,0.627908213332621,0.633508448278461,0.97,0.0699274439193676,0.98,0.0694990426692008,0.00560023494583983
"gamma_bin_7.50_4.08","gamma_bin","vary_sd",4.08,FALSE,53,0.633265384812971,0.635140964959353,0.97,0.0711924089137358,0.98,0.0707393293891763,0.00187558014638189
"gamma_bin_7.50_4.08","gamma_bin","vary_sd",4.08,FALSE,54,0.639622221613428,0.637701749350602,0.98,0.0731083063340954,0.99,0.0726327457565752,-0.0019204722628261
"gamma_bin_7.50_4.08","gamma_bin","vary_sd",4.08,FALSE,55,0.646875295241765,0.641174724333368,0.97,0.0751927709938572,0.97,0.0746487274573109,-0.00570057090839748
"gamma_bin_7.50_4.08","gamma_bin","vary_sd",4.08,FALSE,56,0.654940797889892,0.645432661985862,0.97,0.0765985171544624,0.98,0.0760412589814784,-0.00950813590403021
"gamma_bin_7.50_4.08","gamma_bin","vary_sd",4.08,FALSE,57,0.663667548235467,0.650467305258695,0.97,0.0769372963856091,0.97,0.0763798745672786,-0.0132002429767717
"gamma_bin_7.50_4.08","gamma_bin","vary_sd",4.08,FALSE,58,0.67283196893338,0.656133902370661,0.94,0.0761839079862703,0.95,0.0756350388764676,-0.0166980665627194
"gamma_bin_7.50_4.08","gamma_bin","vary_sd",4.08,FALSE,59,0.682212593504884,0.662398013219073,0.92,0.0750726527458886,0.9,0.0745165394736553,-0.0198145802858106
"gamma_bin_7.50_4.08","gamma_bin","vary_sd",4.08,FALSE,60,0.691594549334227,0.669087303452463,0.89,0.074405992125617,0.89,0.0739239785946756,-0.0225072458817641
"gamma_bin_7.50_4.08","gamma_bin","vary_sd",4.08,FALSE,61,0.700774343176902,0.676233021776354,0.88,0.0747587812744572,0.88,0.0742056648626508,-0.0245413214005475
"gamma_bin_7.50_4.08","gamma_bin","vary_sd",4.08,FALSE,62,0.709565411363515,0.683678563376826,0.89,0.0763130942014394,0.88,0.0757813177114224,-0.0258868479866889
"gamma_bin_7.50_4.08","gamma_bin","vary_sd",4.08,FALSE,63,0.717802382251417,0.691346701668291,0.88,0.0787106940405091,0.88,0.0781571610985922,-0.0264556805831258
"gamma_bin_7.50_4.08","gamma_bin","vary_sd",4.08,FALSE,64,0.725343303375917,0.699189309387974,0.92,0.081382839905821,0.91,0.0807582497604898,-0.0261539939879434
"gamma_bin_7.50_4.08","gamma_bin","vary_sd",4.08,FALSE,65,0.732069930484564,0.707087610994451,0.94,0.0835252104422447,0.91,0.0828866937387465,-0.0249823194901133
"gamma_bin_7.50_4.08","gamma_bin","vary_sd",4.08,FALSE,66,0.737895666769886,0.715015623462602,0.94,0.0846404154565481,0.91,0.084060523761996,-0.022880043307284
"gamma_bin_7.50_4.08","gamma_bin","vary_sd",4.08,FALSE,67,0.742895958587221,0.722903251542047,0.93,0.0844438047794626,0.92,0.0838354700426791,-0.0199927070451735
"gamma_bin_7.50_4.08","gamma_bin","vary_sd",4.08,FALSE,68,0.747278763319657,0.730734860818993,0.94,0.0832699714979517,0.94,0.0826614724818672,-0.016543902500664
"gamma_bin_7.50_4.08","gamma_bin","vary_sd",4.08,FALSE,69,0.751271373438236,0.738408664524552,0.94,0.0820592361273857,0.94,0.0814352604359272,-0.0128627089136842
"gamma_bin_7.50_4.08","gamma_bin","vary_sd",4.08,FALSE,70,0.755105697598796,0.745839479082511,0.94,0.0817736820492595,0.94,0.0811723336984632,-0.00926621851628462
"gamma_bin_7.50_4.08","gamma_bin","vary_sd",4.08,FALSE,71,0.759004827658807,0.753006696438882,0.95,0.0828621435318717,0.96,0.0822655818995245,-0.00599813121992498
"gamma_bin_7.50_4.08","gamma_bin","vary_sd",4.08,FALSE,72,0.76317231106088,0.759943702890734,0.96,0.0851702309058503,0.96,0.084482684812041,-0.00322860817014614
"gamma_bin_7.50_4.08","gamma_bin","vary_sd",4.08,FALSE,73,0.767786202417761,0.766734610564274,0.97,0.087762513270983,0.98,0.0871687132026339,-0.0010515918534868
"gamma_bin_7.50_4.08","gamma_bin","vary_sd",4.08,FALSE,74,0.772997638290372,0.773385519699172,0.98,0.0898355181289777,0.98,0.0892507409774841,0.000387881408800195
"gamma_bin_7.50_4.08","gamma_bin","vary_sd",4.08,FALSE,75,0.77893263784533,0.779802609476773,0.98,0.0908226081364946,0.98,0.0902177202366296,0.000869971631443422
"gamma_bin_7.50_4.08","gamma_bin","vary_sd",4.08,FALSE,76,0.78568141824908,0.785949432739173,0.98,0.0904430567802691,0.98,0.089824028959087,0.000268014490092505
"gamma_bin_7.50_4.08","gamma_bin","vary_sd",4.08,FALSE,77,0.793148670755028,0.791763387798998,0.97,0.0889871715512878,0.97,0.088392600551295,-0.00138528295603035
"gamma_bin_7.50_4.08","gamma_bin","vary_sd",4.08,FALSE,78,0.801109464577554,0.797439827410504,0.96,0.08748464927132,0.96,0.0868457099774406,-0.00366963716705004
"gamma_bin_7.50_4.08","gamma_bin","vary_sd",4.08,FALSE,79,0.809317687520099,0.802700204531298,0.96,0.0867593166414853,0.96,0.0861408264006735,-0.00661748298880083
"gamma_bin_7.50_4.08","gamma_bin","vary_sd",4.08,FALSE,80,0.817518562189946,0.807540727951316,0.96,0.0872964292943007,0.96,0.0866828268281314,-0.00997783423862986
"gamma_bin_7.50_4.08","gamma_bin","vary_sd",4.08,FALSE,81,0.825462916255739,0.812172326285349,0.96,0.089230786704538,0.94,0.0885448483865046,-0.0132905899703897
"gamma_bin_7.50_4.08","gamma_bin","vary_sd",4.08,FALSE,82,0.832920079463184,0.816616616645879,0.95,0.0919805091838003,0.94,0.0912539627199772,-0.0163034628173053
"gamma_bin_7.50_4.08","gamma_bin","vary_sd",4.08,FALSE,83,0.83968668789734,0.82090088303913,0.95,0.0944937485156946,0.94,0.0938217188170551,-0.0187858048582097
"gamma_bin_7.50_4.08","gamma_bin","vary_sd",4.08,FALSE,84,0.845591000049052,0.824933933825665,0.93,0.0959653248113473,0.93,0.0953339960668438,-0.020657066223387
"gamma_bin_7.50_4.08","gamma_bin","vary_sd",4.08,FALSE,85,0.850493536894317,0.828733248237668,0.92,0.0958242581766526,0.92,0.0951981065212912,-0.021760288656649
"gamma_bin_7.50_4.08","gamma_bin","vary_sd",4.08,FALSE,86,0.854297533108007,0.83232964430543,0.92,0.094285728983446,0.91,0.0937562145219951,-0.0219678888025769
"gamma_bin_7.50_4.08","gamma_bin","vary_sd",4.08,FALSE,87,0.857044342489846,0.835628599386947,0.9,0.0925128823277298,0.9,0.0919234887657493,-0.0214157431028986
"gamma_bin_7.50_4.08","gamma_bin","vary_sd",4.08,FALSE,88,0.858857822167393,0.838860165956781,0.9,0.0912052591106152,0.9,0.0905582836290593,-0.019997656210612
"gamma_bin_7.50_4.08","gamma_bin","vary_sd",4.08,FALSE,89,0.859878747666928,0.84206182304957,0.9,0.0910643904534396,0.88,0.0904331990740433,-0.0178169246173584
"gamma_bin_7.50_4.08","gamma_bin","vary_sd",4.08,FALSE,90,0.86025311141159,0.845178218362432,0.9,0.0925824724384611,0.89,0.0919488487828255,-0.0150748930491575
"gamma_bin_7.50_4.08","gamma_bin","vary_sd",4.08,FALSE,91,0.860120701023208,0.848469944731341,0.9,0.0950204031575187,0.89,0.0943920293822171,-0.0116507562918666
"gamma_bin_7.50_4.08","gamma_bin","vary_sd",4.08,FALSE,92,0.859606619529194,0.851841069787302,0.91,0.0975514697591641,0.9,0.0968919246624481,-0.00776554974189214
"gamma_bin_7.50_4.08","gamma_bin","vary_sd",4.08,FALSE,93,0.8588168361623,0.855379596512744,0.91,0.0993162516493706,0.9,0.0986964109786213,-0.00343723964955611
"gamma_bin_7.50_4.08","gamma_bin","vary_sd",4.08,FALSE,94,0.857837212377275,0.859086976328531,0.89,0.0995632141109781,0.88,0.0989366059893301,0.00124976395125642
"gamma_bin_7.50_4.08","gamma_bin","vary_sd",4.08,FALSE,95,0.856734852284735,0.862883828123099,0.9,0.0980660824720995,0.9,0.0974858291938738,0.0061489758383636
"gamma_bin_7.50_4.08","gamma_bin","vary_sd",4.08,FALSE,96,0.855586935925609,0.866866451086046,0.92,0.0958689248935679,0.92,0.0953157384468792,0.0112795151604373
"gamma_bin_7.50_4.08","gamma_bin","vary_sd",4.08,FALSE,97,0.854642173312711,0.871194655883862,0.91,0.0941343149661798,0.9,0.0935635522666051,0.0165524825711515
"gamma_bin_7.50_4.08","gamma_bin","vary_sd",4.08,FALSE,98,0.854216899337268,0.875813391997603,0.9,0.0937329659251251,0.91,0.093176501831885,0.0215964926603349
"gamma_bin_7.50_4.08","gamma_bin","vary_sd",4.08,FALSE,99,0.854615196085733,0.880829082701597,0.92,0.0949056802216579,0.9,0.0944064781468041,0.0262138866158643
"gamma_bin_7.50_4.08","gamma_bin","vary_sd",4.08,FALSE,100,0.856123392287051,0.886301894588027,0.91,0.0975122738069866,0.93,0.0969960018524512,0.0301785023009764
"gamma_bin_7.50_4.08","gamma_bin","vary_sd",4.08,FALSE,101,0.859003725920451,0.892124485189959,0.92,0.100901570347317,0.91,0.100206073381031,0.0331207592695082
"gamma_bin_7.50_4.08","gamma_bin","vary_sd",4.08,FALSE,102,0.863491057515902,0.898293956956793,0.92,0.103626700419581,0.92,0.102859213642806,0.0348028994408912
"gamma_bin_7.50_4.08","gamma_bin","vary_sd",4.08,FALSE,103,0.869793786137492,0.904832951616036,0.92,0.104990440608106,0.92,0.104223196124764,0.0350391654785436
"gamma_bin_7.50_4.08","gamma_bin","vary_sd",4.08,FALSE,104,0.878098070350996,0.911752328129948,0.91,0.104532581341052,0.92,0.103783666278173,0.0336542577789517
"gamma_bin_7.50_4.08","gamma_bin","vary_sd",4.08,FALSE,105,0.888573897619543,0.918980857732696,0.91,0.102779414272497,0.92,0.101928712546398,0.0304069601131529
"gamma_bin_7.50_4.08","gamma_bin","vary_sd",4.08,FALSE,106,0.901301658370892,0.92638704447146,0.88,0.100747940107393,0.91,0.100038523975436,0.0250853861005679
"gamma_bin_7.50_4.08","gamma_bin","vary_sd",4.08,FALSE,107,0.915897849763235,0.933864427933788,0.92,0.0998929227010007,0.92,0.099187991923957,0.0179665781705535
"gamma_bin_7.50_4.08","gamma_bin","vary_sd",4.08,FALSE,108,0.931781890770312,0.941287684704805,0.93,0.100796147569741,0.94,0.100103862595478,0.00950579393449291
"gamma_bin_7.50_4.08","gamma_bin","vary_sd",4.08,FALSE,109,0.964908287444313,0.948274194959081,0.94,0.103323195698142,0.94,0.102584635273472,-0.0166340924852318
"gamma_bin_7.50_4.08","gamma_bin","vary_sd",4.08,FALSE,110,0.980887218164916,0.954768715725393,0.93,0.106583327737203,0.91,0.105854138588553,-0.0261185024395233
"gamma_bin_7.50_4.08","gamma_bin","vary_sd",4.08,FALSE,111,0.995692213942587,0.960633225897035,0.9,0.109550982322711,0.9,0.108824946547313,-0.035058988045552
"gamma_bin_7.50_4.08","gamma_bin","vary_sd",4.08,FALSE,112,1.00881666031265,0.965822825095316,0.88,0.111320866695281,0.87,0.110590859505598,-0.0429938352173341
"gamma_bin_7.50_4.08","gamma_bin","vary_sd",4.08,FALSE,113,1.01983605940048,0.970242328947083,0.83,0.111165108412898,0.83,0.11040477725676,-0.049593730453397
"gamma_bin_7.50_4.08","gamma_bin","vary_sd",4.08,FALSE,114,1.02841129997895,0.973777211732541,0.79,0.109160632440546,0.77,0.108477757332669,-0.0546340882464088
"gamma_bin_7.50_4.08","gamma_bin","vary_sd",4.08,FALSE,115,1.03430371035801,0.976359321727196,0.77,0.106639206291943,0.75,0.105930302871351,-0.0579443886308137
"gamma_bin_7.50_4.08","gamma_bin","vary_sd",4.08,FALSE,116,1.03743175161603,0.97809543408212,0.74,0.104855867802237,0.75,0.10414562784266,-0.0593363175339099
"gamma_bin_7.50_4.08","gamma_bin","vary_sd",4.08,FALSE,117,1.0378022122009,0.979088700468018,0.75,0.104773839312216,0.74,0.104054695201512,-0.0587135117328818
"gamma_bin_7.50_4.08","gamma_bin","vary_sd",4.08,FALSE,118,1.03547276308025,0.979404051090841,0.8,0.106386293627278,0.79,0.105547760888824,-0.056068711989409
"gamma_bin_7.50_4.08","gamma_bin","vary_sd",4.08,FALSE,119,1.03053550780697,0.979136071714877,0.83,0.108905543851236,0.82,0.108058678836321,-0.0513994360920932
"gamma_bin_7.50_4.08","gamma_bin","vary_sd",4.08,FALSE,120,1.02310221069091,0.978191383206489,0.86,0.111304476262178,0.86,0.110519486564748,-0.0449108274844212
"gamma_bin_7.50_4.08","gamma_bin","vary_sd",4.08,FALSE,121,1.01329357541095,0.976677947885427,0.89,0.112506636858927,0.9,0.111758122771412,-0.0366156275255228
"gamma_bin_7.50_4.08","gamma_bin","vary_sd",4.08,FALSE,122,1.00123289414715,0.974661789215894,0.91,0.112078065666275,0.92,0.111245057704405,-0.0265711049312556
"gamma_bin_7.50_4.08","gamma_bin","vary_sd",4.08,FALSE,123,0.987043160294477,0.972088401512411,0.96,0.109599330271221,0.95,0.108776833073704,-0.014954758782066
"gamma_bin_7.50_4.08","gamma_bin","vary_sd",4.08,FALSE,124,0.970846430550826,0.969235975356988,0.96,0.106143002749943,0.96,0.105454149931262,-0.00161045519383796
"gamma_bin_7.50_4.08","gamma_bin","vary_sd",4.08,FALSE,125,0.953001568168985,0.966337621800197,0.94,0.103447012377891,0.94,0.102753240760595,0.0133360536312122
"gamma_bin_7.50_4.08","gamma_bin","vary_sd",4.08,FALSE,126,0.934680947695761,0.963498863639642,0.87,0.102387999325024,0.86,0.101761581913611,0.0288179159438814
"gamma_bin_7.50_4.08","gamma_bin","vary_sd",4.08,FALSE,127,0.917145793226913,0.960994194643702,0.86,0.103302096500096,0.86,0.102668072022619,0.0438484014167889
"gamma_bin_7.50_4.08","gamma_bin","vary_sd",4.08,FALSE,128,0.901530406151582,0.958950376480811,0.79,0.105576718220552,0.79,0.104931364036009,0.0574199703292292
"gamma_bin_7.50_4.08","gamma_bin","vary_sd",4.08,FALSE,129,0.888820761331304,0.957561337021916,0.78,0.108348751753298,0.77,0.107696520640477,0.068740575690612
"gamma_bin_7.50_4.08","gamma_bin","vary_sd",4.08,FALSE,130,0.879849051096058,0.956838131011321,0.72,0.110354706929785,0.75,0.109716922088467,0.0769890799152633
"gamma_bin_7.50_4.08","gamma_bin","vary_sd",4.08,FALSE,131,0.875312502934994,0.956868202609517,0.7,0.110915567382893,0.72,0.11016157889366,0.0815556996745234
"gamma_bin_7.50_4.08","gamma_bin","vary_sd",4.08,FALSE,132,0.875810644994376,0.957735299988836,0.68,0.109474969485086,0.69,0.108769861065599,0.08192465499446
"gamma_bin_7.50_4.08","gamma_bin","vary_sd",4.08,FALSE,133,0.881891211117993,0.959429061996568,0.69,0.106790779924054,0.71,0.106092256714465,0.0775378508785752
"gamma_bin_7.50_4.08","gamma_bin","vary_sd",4.08,FALSE,134,0.894096753734329,0.961810122253925,0.75,0.104065669771886,0.74,0.103398202728701,0.0677133685195964
"gamma_bin_7.50_4.08","gamma_bin","vary_sd",4.08,FALSE,135,0.912538889585145,0.964630210009851,0.8,0.102591063658461,0.78,0.101991590334811,0.0520913204247063
"gamma_bin_7.50_4.08","gamma_bin","vary_sd",4.08,FALSE,136,0.935968580436848,0.967696776577585,0.86,0.102942270918016,0.86,0.10239155859075,0.0317281961407373
"gamma_bin_7.50_4.08","gamma_bin","vary_sd",4.08,FALSE,137,0.962748452443007,0.970817807313871,0.89,0.105269177002347,0.88,0.104516458267415,0.00806935487086446
"gamma_bin_7.50_4.08","gamma_bin","vary_sd",4.08,FALSE,138,0.991058087015847,0.973786154352197,0.92,0.108318722998562,0.94,0.107522281015439,-0.01727193266365
"gamma_bin_7.50_4.08","gamma_bin","vary_sd",4.08,FALSE,139,1.01894781256074,0.976497891095464,0.87,0.111294244223476,0.86,0.110469287016174,-0.0424499214652759
"gamma_bin_7.50_4.08","gamma_bin","vary_sd",4.08,FALSE,140,1.04444932027992,0.978716346393901,0.76,0.112876401868593,0.72,0.112022805404522,-0.0657329738860192
"gamma_bin_7.50_4.08","gamma_bin","vary_sd",4.08,FALSE,141,1.0657059122687,0.980419901838591,0.62,0.112422493264679,0.61,0.111617759013513,-0.0852860104301092
"gamma_bin_7.50_4.08","gamma_bin","vary_sd",4.08,FALSE,142,1.0810929449843,0.98157705096006,0.52,0.110023248723921,0.5,0.109229439666529,-0.0995158940242397
"gamma_bin_7.50_4.08","gamma_bin","vary_sd",4.08,FALSE,143,1.08930930531451,0.982220528400958,0.5,0.107196055544194,0.48,0.106389738131637,-0.107088776913552
"gamma_bin_7.50_4.08","gamma_bin","vary_sd",4.08,FALSE,144,1.08943317712892,0.982201720333542,0.47,0.105288874048826,0.48,0.104477233968605,-0.107231456795378
"gamma_bin_7.50_4.08","gamma_bin","vary_sd",4.08,FALSE,145,1.08148967301391,0.98159006511385,0.51,0.104925097986182,0.5,0.104169181467899,-0.0998996079000605
"gamma_bin_7.50_4.08","gamma_bin","vary_sd",4.08,FALSE,146,1.067118056924,0.980312121965352,0.58,0.106280760209171,0.57,0.105493002326707,-0.0868059349586476
"gamma_bin_7.50_4.08","gamma_bin","vary_sd",4.08,FALSE,147,1.04828964020928,0.978575233440347,0.72,0.108983700388565,0.7,0.108190094956355,-0.069714406768933
"gamma_bin_7.50_4.08","gamma_bin","vary_sd",4.08,FALSE,148,1.02693455801449,0.976422459223062,0.85,0.111693488161353,0.84,0.110852974794767,-0.0505120987914284
"gamma_bin_7.50_4.08","gamma_bin","vary_sd",4.08,FALSE,149,1.00477443375589,0.973834680215667,0.93,0.113193707101778,0.91,0.112402507973844,-0.0309397535402234
"gamma_bin_7.50_4.08","gamma_bin","vary_sd",4.08,FALSE,150,0.983222907766779,0.970879035494588,0.98,0.113074844780241,0.96,0.112233033454895,-0.0123438722721912
"gamma_bin_7.50_4.08","gamma_bin","vary_sd",4.08,FALSE,151,0.963363940769346,0.967521506240191,0.96,0.11101492414257,0.96,0.110164420853534,0.00415756547084545
"gamma_bin_7.50_4.08","gamma_bin","vary_sd",4.08,FALSE,152,0.945985514931433,0.963934732771408,0.91,0.10767990710552,0.95,0.106869167478462,0.0179492178399746
"gamma_bin_7.50_4.08","gamma_bin","vary_sd",4.08,FALSE,153,0.931639698450479,0.960369202252525,0.87,0.104549312675391,0.88,0.103806553644906,0.0287295038020462
"gamma_bin_7.50_4.08","gamma_bin","vary_sd",4.08,FALSE,154,0.920706027513323,0.956991905330094,0.83,0.102667949913374,0.84,0.101971057930047,0.0362858778167711
"gamma_bin_7.50_4.08","gamma_bin","vary_sd",4.08,FALSE,155,0.913287949909382,0.954044790214682,0.81,0.102647957670337,0.82,0.101994009805772,0.0407568403053004
"gamma_bin_7.50_4.08","gamma_bin","vary_sd",4.08,FALSE,156,0.909118262499206,0.951470605764916,0.82,0.104080516998802,0.82,0.103408497565438,0.0423523432657099
"gamma_bin_7.50_4.08","gamma_bin","vary_sd",4.08,FALSE,157,0.90786599524967,0.949387342794272,0.83,0.106275979012976,0.84,0.10555394751821,0.0415213475446015
"gamma_bin_7.50_4.08","gamma_bin","vary_sd",4.08,FALSE,158,0.909191813449816,0.947954015526887,0.85,0.108136058074697,0.85,0.107413081417763,0.0387622020770712
"gamma_bin_7.50_4.08","gamma_bin","vary_sd",4.08,FALSE,159,0.9127706498954,0.94730410017522,0.88,0.108656939281458,0.87,0.107979486691923,0.0345334502798196
"gamma_bin_7.50_4.08","gamma_bin","vary_sd",4.08,FALSE,160,0.918310343562916,0.947416677519912,0.9,0.107455773041535,0.9,0.10675328114138,0.0291063339569965
"gamma_bin_7.50_4.08","gamma_bin","vary_sd",4.08,FALSE,161,0.925562601543549,0.948427689931953,0.92,0.105158511739987,0.92,0.104502947994512,0.0228650883884041
"gamma_bin_7.50_4.08","gamma_bin","vary_sd",4.08,FALSE,162,0.934326617511047,0.950289911828065,0.93,0.102850489900079,0.93,0.102233740121815,0.0159632943170179
"gamma_bin_7.50_4.08","gamma_bin","vary_sd",4.08,FALSE,163,0.944447396594412,0.953006070119531,0.93,0.101878076320216,0.94,0.101252321996054,0.0085586735251193
"gamma_bin_7.50_4.08","gamma_bin","vary_sd",4.08,FALSE,164,0.955808426255688,0.9566273675986,0.94,0.102793038943742,0.96,0.102136907498524,0.00081894134291205
"gamma_bin_7.50_4.08","gamma_bin","vary_sd",4.08,FALSE,165,0.968171987055275,0.961120526848054,0.95,0.105208986528012,0.94,0.10452924974881,-0.00705146020722058
"gamma_bin_7.50_4.08","gamma_bin","vary_sd",4.08,FALSE,166,0.981075418082579,0.966338282365181,0.92,0.108487654539579,0.9,0.107697177423873,-0.0147371357173979
"gamma_bin_7.50_4.08","gamma_bin","vary_sd",4.08,FALSE,167,0.99403776313242,0.972277944125948,0.9,0.111336482752842,0.9,0.110502707200744,-0.0217598190064719
"gamma_bin_7.50_4.08","gamma_bin","vary_sd",4.08,FALSE,168,1.00658618871785,0.979029434848757,0.9,0.113074957042313,0.89,0.11223157849479,-0.0275567538690928
"gamma_bin_7.50_4.08","gamma_bin","vary_sd",4.08,FALSE,169,1.01827263962082,0.9864624347384,0.89,0.11305646771673,0.91,0.11230824857934,-0.0318102048824201
"gamma_bin_7.50_4.08","gamma_bin","vary_sd",4.08,FALSE,170,1.02869207421039,0.994589117111591,0.87,0.111456742851625,0.89,0.110755538283414,-0.0341029570987985
"gamma_bin_7.50_4.08","gamma_bin","vary_sd",4.08,FALSE,171,1.03749575970787,1.00339640264944,0.86,0.109507393072915,0.85,0.108730131104538,-0.0340993570584256
"gamma_bin_7.50_4.08","gamma_bin","vary_sd",4.08,FALSE,172,1.04439766370686,1.01279346011792,0.85,0.108401548957854,0.84,0.107633238952629,-0.0316042035889355
"gamma_bin_7.50_4.08","gamma_bin","vary_sd",4.08,FALSE,173,1.04917474480308,1.02284669009293,0.87,0.109082774701933,0.86,0.108255312456675,-0.0263280547101508
"gamma_bin_7.50_4.08","gamma_bin","vary_sd",4.08,FALSE,174,1.05167598943045,1.03360268165321,0.91,0.111465086057146,0.87,0.110610636155796,-0.0180733077772373
"gamma_bin_7.50_4.08","gamma_bin","vary_sd",4.08,FALSE,175,1.05228684352057,1.04480647575808,0.93,0.114875399761526,0.9,0.114082074015976,-0.00748036776249128
"gamma_bin_7.50_4.08","gamma_bin","vary_sd",4.08,FALSE,176,1.05205037229906,1.05653204610766,0.92,0.118480061901088,0.93,0.117697063627561,0.00448167380860154
"gamma_bin_7.50_4.08","gamma_bin","vary_sd",4.08,FALSE,177,1.05206304074467,1.06876000133,0.92,0.121229455858502,0.92,0.120285495869644,0.0166969605853275
"gamma_bin_7.50_4.08","gamma_bin","vary_sd",4.08,FALSE,178,1.0533911428065,1.08141863295563,0.91,0.122006004684686,0.92,0.121138883151229,0.0280274901491278
"gamma_bin_7.50_4.08","gamma_bin","vary_sd",4.08,FALSE,179,1.05702523270082,1.094495629091,0.86,0.120866403515772,0.88,0.12001925032358,0.0374703963901792
"gamma_bin_7.50_4.08","gamma_bin","vary_sd",4.08,FALSE,180,1.06385390304002,1.10786932640708,0.85,0.118643057960239,0.83,0.117814509354641,0.0440154233670593
"gamma_bin_7.50_4.08","gamma_bin","vary_sd",4.08,FALSE,181,1.07466368846286,1.12129580773276,0.83,0.116782626078777,0.82,0.115993489586036,0.0466321192699024
"gamma_bin_7.50_4.08","gamma_bin","vary_sd",4.08,FALSE,182,1.09015918537017,1.13470883516941,0.84,0.116703064306207,0.83,0.115843891713403,0.0445496497992397
"gamma_bin_7.50_4.08","gamma_bin","vary_sd",4.08,FALSE,183,1.11099415707904,1.14765565935365,0.88,0.118885489188365,0.89,0.117880383925179,0.0366615022746084
"gamma_bin_7.50_4.08","gamma_bin","vary_sd",4.08,FALSE,184,1.13776253966062,1.15981035274726,0.88,0.122669121070326,0.88,0.121692931805398,0.0220478130866419
"gamma_bin_7.50_4.08","gamma_bin","vary_sd",4.08,FALSE,185,1.16994138910722,1.17096834789033,0.89,0.126925711560237,0.89,0.125874163689858,0.00102695878310688
"gamma_bin_7.50_4.08","gamma_bin","vary_sd",4.08,FALSE,186,1.20568067952197,1.18100290861004,0.91,0.130551133746644,0.88,0.12941096117414,-0.0246777709119315
"gamma_bin_7.50_4.08","gamma_bin","vary_sd",4.08,FALSE,187,1.24280592689739,1.1897402356016,0.87,0.132329890230254,0.87,0.131157890343575,-0.0530656912957934
"gamma_bin_7.50_4.08","gamma_bin","vary_sd",4.08,FALSE,188,1.27892507759421,1.19701191042461,0.79,0.131514181782946,0.77,0.13044978245246,-0.0819131671696045
"gamma_bin_7.50_4.08","gamma_bin","vary_sd",4.08,FALSE,189,1.31157809299846,1.20281052477966,0.66,0.129154396427555,0.64,0.127987039728195,-0.108767568218796
"gamma_bin_7.50_4.08","gamma_bin","vary_sd",4.08,FALSE,190,1.33842575739913,1.20700935868445,0.5,0.126820459836547,0.47,0.12570041355649,-0.131416398714684
"gamma_bin_7.50_4.08","gamma_bin","vary_sd",4.08,FALSE,191,1.35742493987032,1.20953754218827,0.44,0.125789399795217,0.38,0.124649016530429,-0.147887397682048
"gamma_bin_7.50_4.08","gamma_bin","vary_sd",4.08,FALSE,192,1.36695842059754,1.21017283396618,0.36,0.126865391370653,0.32,0.125642017135867,-0.156785586631364
"gamma_bin_7.50_4.08","gamma_bin","vary_sd",4.08,FALSE,193,1.36590703303142,1.20885778339477,0.38,0.129247925225586,0.37,0.128124753934935,-0.157049249636647
"gamma_bin_7.50_4.08","gamma_bin","vary_sd",4.08,FALSE,194,1.35374441935837,1.20575584041682,0.45,0.132303961531191,0.42,0.131017588333702,-0.147988578941546
"gamma_bin_7.50_4.08","gamma_bin","vary_sd",4.08,FALSE,195,1.33179505256341,1.2009281537243,0.61,0.134295477404066,0.57,0.132896367781888,-0.130866898839109
"gamma_bin_7.50_4.08","gamma_bin","vary_sd",4.08,FALSE,196,1.30282908300336,1.19442108513186,0.68,0.134146853441691,0.66,0.132803427483869,-0.108407997871498
"gamma_bin_7.50_4.08","gamma_bin","vary_sd",4.08,FALSE,197,1.26962792749398,1.18624649925903,0.73,0.131209709244666,0.72,0.130130970955347,-0.0833814282349459
"gamma_bin_7.50_4.08","gamma_bin","vary_sd",4.08,FALSE,198,1.23470197201586,1.17652558141979,0.8,0.126295061472353,0.79,0.125278227838346,-0.0581763905960748
"gamma_bin_7.50_4.08","gamma_bin","vary_sd",4.08,FALSE,199,1.20012008532359,1.16566461879916,0.92,0.120761633186529,0.89,0.119856618862663,-0.0344554665244334
"gamma_bin_7.50_4.08","gamma_bin","vary_sd",4.08,FALSE,200,1.16745324780638,1.1541663561231,0.92,0.116617874708185,0.9,0.115705146869333,-0.0132868916832802
"gamma_bin_7.50_4.08","gamma_bin","vary_sd",4.08,FALSE,201,1.13781324493009,1.14261392219397,0.93,0.114944462400397,0.93,0.113999513193329,0.00480067726387867
"gamma_bin_7.50_4.08","gamma_bin","vary_sd",4.08,FALSE,202,1.11194114249594,1.13141537466496,0.92,0.115498487924079,0.93,0.114636066418509,0.0194742321690167
"gamma_bin_7.50_4.08","gamma_bin","vary_sd",4.08,FALSE,203,1.09030738318271,1.1208898946427,0.9,0.117662176934803,0.91,0.116852389515173,0.0305825114599947
"gamma_bin_7.50_4.08","gamma_bin","vary_sd",4.08,FALSE,204,1.07317842503564,1.11159799937651,0.9,0.120172949543243,0.93,0.119363878174656,0.0384195743408724
"gamma_bin_7.50_4.08","gamma_bin","vary_sd",4.08,FALSE,205,1.06040347302214,1.10366026276589,0.89,0.121719544161226,0.92,0.12094031176101,0.0432567897437499
"gamma_bin_7.50_4.08","gamma_bin","vary_sd",4.08,FALSE,206,1.05156904168052,1.09720030701008,0.87,0.121423785951725,0.89,0.12063927965848,0.0456312653295603
"gamma_bin_7.50_4.08","gamma_bin","vary_sd",4.08,FALSE,207,1.04624950999474,1.09229512324479,0.87,0.11937849525954,0.86,0.118574564941147,0.0460456132500451
"gamma_bin_7.50_4.08","gamma_bin","vary_sd",4.08,FALSE,208,1.04403704329192,1.08926900954173,0.85,0.1167091233473,0.86,0.115912296293154,0.0452319662498122
"gamma_bin_7.50_4.08","gamma_bin","vary_sd",4.08,FALSE,209,1.0445651521307,1.0878661299107,0.88,0.114598866529713,0.87,0.113953936830254,0.0433009777800049
"gamma_bin_7.50_4.08","gamma_bin","vary_sd",4.08,FALSE,210,1.04752392002038,1.08842241654709,0.87,0.114152545207524,0.86,0.113432836158888,0.0408984965267132
"gamma_bin_7.50_4.08","gamma_bin","vary_sd",4.08,FALSE,211,1.05266551803821,1.09095989130617,0.85,0.115625594139926,0.86,0.11488962717953,0.0382943732679626
"gamma_bin_7.50_4.08","gamma_bin","vary_sd",4.08,FALSE,212,1.0598023103751,1.09547763938346,0.86,0.118669001673297,0.87,0.117851360551519,0.0356753290083642
"gamma_bin_7.50_4.08","gamma_bin","vary_sd",4.08,FALSE,213,1.06880062573221,1.10183620584186,0.89,0.122064645436873,0.88,0.121133467041878,0.0330355801096522
"gamma_bin_7.50_4.08","gamma_bin","vary_sd",4.08,FALSE,214,1.0795784696348,1.11009503069915,0.9,0.124612910595876,0.9,0.123676958718218,0.0305165610643456
"gamma_bin_7.50_4.08","gamma_bin","vary_sd",4.08,FALSE,215,1.09215111452811,1.12027553232142,0.91,0.125711120426508,0.91,0.124766957603145,0.0281244177933095
"gamma_bin_7.50_4.08","gamma_bin","vary_sd",4.08,FALSE,216,1.10660255202503,1.1324423697294,0.91,0.124514227818782,0.92,0.123786175222144,0.0258398177043744
"gamma_bin_7.50_4.08","gamma_bin","vary_sd",4.08,FALSE,217,1.1230463183655,1.14648412735364,0.92,0.121884496651982,0.92,0.121158729909388,0.0234378089881426
"gamma_bin_7.50_4.08","gamma_bin","vary_sd",4.08,FALSE,218,1.14161803384419,1.16198605224491,0.93,0.119165006127957,0.93,0.118475585570895,0.0203680184007227
"gamma_bin_7.50_4.08","gamma_bin","vary_sd",4.08,FALSE,219,1.16246850453014,1.17874103406974,0.93,0.118145497087097,0.94,0.117547402694906,0.0162725295396
"gamma_bin_7.50_4.08","gamma_bin","vary_sd",4.08,FALSE,220,1.18575867786174,1.19632581392587,0.95,0.119606038715614,0.95,0.118966968586002,0.0105671360641253
"gamma_bin_7.50_4.08","gamma_bin","vary_sd",4.08,FALSE,221,1.21165701983639,1.21453133156285,0.94,0.123237554706033,0.94,0.122474596674698,0.00287431172646446
"gamma_bin_7.50_4.08","gamma_bin","vary_sd",4.08,FALSE,222,1.24033898455105,1.23293285349205,0.95,0.128101317367086,0.95,0.127216797406607,-0.00740613105900345
"gamma_bin_7.50_4.08","gamma_bin","vary_sd",4.08,FALSE,223,1.27198794287079,1.25131345846138,0.94,0.132851251999651,0.94,0.131951649701535,-0.0206744844094107
"gamma_bin_7.50_4.08","gamma_bin","vary_sd",4.08,FALSE,224,1.30666523446541,1.26943842304217,0.91,0.135912000613628,0.9,0.134887982995116,-0.0372268114232381
"gamma_bin_7.50_4.08","gamma_bin","vary_sd",4.08,FALSE,225,1.3433530482977,1.28706126097782,0.85,0.136392678779276,0.84,0.135374278284939,-0.0562917873198769
"gamma_bin_7.50_4.08","gamma_bin","vary_sd",4.08,FALSE,226,1.38038171186225,1.30399780288752,0.79,0.134530967740442,0.78,0.133583323364611,-0.07638390897473
"gamma_bin_7.50_4.08","gamma_bin","vary_sd",4.08,FALSE,227,1.41592160258673,1.3199358232473,0.72,0.132177079881042,0.71,0.131192035747518,-0.0959857793394301
"gamma_bin_7.50_4.08","gamma_bin","vary_sd",4.08,FALSE,228,1.44808142918806,1.3345361196263,0.64,0.131435250163025,0.63,0.130448634813135,-0.113545309561755
"gamma_bin_7.50_4.08","gamma_bin","vary_sd",4.08,FALSE,229,1.47504730588812,1.34735900978958,0.58,0.133199348878492,0.55,0.132091956206976,-0.127688296098541
"gamma_bin_7.50_4.08","gamma_bin","vary_sd",4.08,FALSE,230,1.49521587906308,1.35805783054462,0.56,0.137082613707418,0.5,0.135918390967238,-0.137158048518458
"gamma_bin_7.50_4.08","gamma_bin","vary_sd",4.08,FALSE,231,1.50729103953841,1.36635642568947,0.56,0.142197859147875,0.54,0.140707168220132,-0.140934613848938
"gamma_bin_7.50_4.08","gamma_bin","vary_sd",4.08,FALSE,232,1.51033534857617,1.37211563540406,0.61,0.146352768217412,0.57,0.144818045648119,-0.138219713172107
"gamma_bin_7.50_4.08","gamma_bin","vary_sd",4.08,FALSE,233,1.50378097074586,1.37510016202728,0.65,0.148179179148253,0.63,0.14680735501304,-0.128680808718578
"gamma_bin_7.50_4.08","gamma_bin","vary_sd",4.08,FALSE,234,1.48764960471254,1.37543215034007,0.67,0.147327024703577,0.65,0.14597633899111,-0.112217454372473
"gamma_bin_7.50_4.08","gamma_bin","vary_sd",4.08,FALSE,235,1.46373241708909,1.37282583279911,0.76,0.143489692111511,0.75,0.14225370980788,-0.090906584289977
"gamma_bin_7.50_4.08","gamma_bin","vary_sd",4.08,FALSE,236,1.43448143272486,1.36756081834963,0.79,0.138207789874513,0.77,0.137237853329162,-0.0669206143752337
"gamma_bin_7.50_4.08","gamma_bin","vary_sd",4.08,FALSE,237,1.40223769952072,1.36012238255502,0.86,0.134137436569933,0.86,0.133133986410874,-0.0421153169657014
"gamma_bin_7.50_4.08","gamma_bin","vary_sd",4.08,FALSE,238,1.36905513115977,1.35101615342569,0.92,0.132237652755328,0.91,0.131303279596509,-0.0180389777340813
"gamma_bin_7.50_4.08","gamma_bin","vary_sd",4.08,FALSE,239,1.33659069308879,1.34075918476385,0.96,0.13290900871143,0.96,0.132140573243112,0.00416849167506284
"gamma_bin_7.50_4.08","gamma_bin","vary_sd",4.08,FALSE,240,1.30608415861083,1.32979910388426,0.95,0.135403397387172,0.95,0.134482023234059,0.0237149452734315
"gamma_bin_7.50_4.08","gamma_bin","vary_sd",4.08,FALSE,241,1.27840456713347,1.3182097655974,0.95,0.138389109883884,0.96,0.13744342626161,0.039805198463928
"gamma_bin_7.50_4.08","gamma_bin","vary_sd",4.08,FALSE,242,1.25412742548082,1.30647921402499,0.93,0.140562325463304,0.94,0.139614555738052,0.0523517885441702
"gamma_bin_7.50_4.08","gamma_bin","vary_sd",4.08,FALSE,243,1.23361554311767,1.2946494044312,0.89,0.141582143822186,0.89,0.140666638352806,0.0610338613135253
"gamma_bin_7.50_4.08","gamma_bin","vary_sd",4.08,FALSE,244,1.21706403589592,1.28272694064043,0.87,0.141583330045258,0.9,0.140650075569082,0.0656629047445119
"gamma_bin_7.50_4.08","gamma_bin","vary_sd",4.08,FALSE,245,1.20445667363505,1.27097807521427,0.88,0.142488508939742,0.89,0.14152686960213,0.0665214015792159
"gamma_bin_7.50_4.08","gamma_bin","vary_sd",4.08,FALSE,246,1.19569657050359,1.25946153450733,0.9,0.146439539648214,0.91,0.145566672278114,0.0637649640037405
"gamma_bin_7.50_4.08","gamma_bin","vary_sd",4.08,FALSE,247,1.19067334691389,1.24840213252329,0.92,0.154918128294825,0.94,0.153839962106107,0.0577287856093973
"gamma_bin_7.50_4.08","gamma_bin","vary_sd",4.08,FALSE,248,1.1892846905786,1.23817289164103,0.97,0.167900970465164,0.97,0.16663246249188,0.0488882010624279
"gamma_bin_7.50_4.08","gamma_bin","vary_sd",4.08,FALSE,249,1.1914521017446,1.22865015747461,0.98,0.184644918761313,0.97,0.183034790210718,0.0371980557300078
"gamma_bin_7.50_4.08","gamma_bin","vary_sd",4.08,FALSE,250,1.19713021020468,1.22017804302936,1,0.203651470445113,1,0.201695751504289,0.0230478328246797
"gamma_bin_7.50_4.08","gamma_bin","vary_sd",4.08,FALSE,251,1.20631090184647,1.21268827822304,1,0.224333379994514,1,0.221992024329819,0.00637737637656688
"gamma_bin_7.50_4.08","gamma_bin","vary_sd",4.08,FALSE,252,1.21902415582724,1.20612135220851,1,0.24643083852289,1,0.243661217028925,-0.0129028036187304
"gamma_bin_7.50_4.08","gamma_bin","vary_sd",4.08,FALSE,253,1.23533724681924,1.20048337023228,1,0.269512455405415,1,0.266267025961663,-0.0348538765869559
"gamma_bin_7.50_4.76","gamma_bin","vary_sd",4.76,FALSE,2,6.47633271060018,NA,NA,NA,NA,NA,NA
"gamma_bin_7.50_4.76","gamma_bin","vary_sd",4.76,FALSE,3,5.39748004467528,NA,NA,NA,NA,NA,NA
"gamma_bin_7.50_4.76","gamma_bin","vary_sd",4.76,FALSE,4,4.52153259075373,4.93862023799878,0.666666666666667,0.425567906355172,0.5,0.422509974387448,0.417087647245049
"gamma_bin_7.50_4.76","gamma_bin","vary_sd",4.76,FALSE,5,3.81075688710478,3.45459815057028,0.58,0.367933013290496,0.53,0.365162397807854,-0.356158736534502
"gamma_bin_7.50_4.76","gamma_bin","vary_sd",4.76,FALSE,6,3.23384975678135,2.59312499891004,0.02,0.310473024652727,0.01,0.308057685929252,-0.640724757871308
"gamma_bin_7.50_4.76","gamma_bin","vary_sd",4.76,FALSE,7,2.76512519694591,2.10318821011737,0,0.272307958580617,0,0.270359707539487,-0.661936986828535
"gamma_bin_7.50_4.76","gamma_bin","vary_sd",4.76,FALSE,8,2.38350063829982,1.79764124224197,0,0.244462793374836,0,0.242766749113846,-0.585859396057854
"gamma_bin_7.50_4.76","gamma_bin","vary_sd",4.76,FALSE,9,2.07220990816182,1.59430013471066,0.02,0.222030988324327,0.02,0.220619936776175,-0.477909773451158
"gamma_bin_7.50_4.76","gamma_bin","vary_sd",4.76,FALSE,10,1.8180094782711,1.45236826021903,0.05,0.202319263532432,0.05,0.201025465995103,-0.365641218052067
"gamma_bin_7.50_4.76","gamma_bin","vary_sd",4.76,FALSE,11,1.61045019265924,1.34927236996189,0.14,0.184054660511912,0.13,0.183013527501469,-0.261177822697351
"gamma_bin_7.50_4.76","gamma_bin","vary_sd",4.76,FALSE,12,1.44129331371926,1.27180588133302,0.49,0.167540428355181,0.48,0.166640460982051,-0.169487432386239
"gamma_bin_7.50_4.76","gamma_bin","vary_sd",4.76,FALSE,13,1.30405110997497,1.21192319971772,0.84,0.153693865142494,0.84,0.152787065832118,-0.092127910257247
"gamma_bin_7.50_4.76","gamma_bin","vary_sd",4.76,FALSE,14,1.1936337473603,1.16407856064047,0.95,0.142359884218862,0.95,0.141464362182106,-0.0295551867198323
"gamma_bin_7.50_4.76","gamma_bin","vary_sd",4.76,FALSE,15,1.10608275580624,1.12496267139543,0.96,0.133726725285661,0.96,0.132910606964127,0.0188799155891912
"gamma_bin_7.50_4.76","gamma_bin","vary_sd",4.76,FALSE,16,1.03836845094092,1.0922601214944,0.93,0.127426453650086,0.93,0.126598374568075,0.0538916705534811
"gamma_bin_7.50_4.76","gamma_bin","vary_sd",4.76,FALSE,17,0.987514418464918,1.06430106162156,0.76,0.122413514007727,0.76,0.121560404580232,0.076786643156644
"gamma_bin_7.50_4.76","gamma_bin","vary_sd",4.76,FALSE,18,0.94985341422689,1.0396186149607,0.66,0.117834366736778,0.67,0.117036138814203,0.089765200733811
"gamma_bin_7.50_4.76","gamma_bin","vary_sd",4.76,FALSE,19,0.922342058412537,1.01739310653482,0.62,0.112919606061262,0.65,0.112210530939226,0.0950510481222835
"gamma_bin_7.50_4.76","gamma_bin","vary_sd",4.76,FALSE,20,0.902533145800087,0.996909875724362,0.61,0.107412347242267,0.63,0.106788095237415,0.0943767299242749
"gamma_bin_7.50_4.76","gamma_bin","vary_sd",4.76,FALSE,21,0.888443579660898,0.977723926945338,0.56,0.101418649153368,0.55,0.100875650111448,0.0892803472844401
"gamma_bin_7.50_4.76","gamma_bin","vary_sd",4.76,FALSE,22,0.878474950045775,0.95946855862672,0.6,0.0963506094489904,0.64,0.0956907211399447,0.080993608580945
"gamma_bin_7.50_4.76","gamma_bin","vary_sd",4.76,FALSE,23,0.871353706634507,0.941911568988544,0.63,0.0928915195003278,0.63,0.0921753348482529,0.070557862354037
"gamma_bin_7.50_4.76","gamma_bin","vary_sd",4.76,FALSE,24,0.866079695774009,0.924976685440172,0.68,0.0912606526168617,0.7,0.0906423925925604,0.058896989666163
"gamma_bin_7.50_4.76","gamma_bin","vary_sd",4.76,FALSE,25,0.861880113955128,0.90849779654555,0.77,0.0912183496823173,0.81,0.0905699926438375,0.0466176825904221
"gamma_bin_7.50_4.76","gamma_bin","vary_sd",4.76,FALSE,26,0.858167576978305,0.8922891762815,0.9,0.0920683154155952,0.91,0.0913378906106418,0.0341215993031951
"gamma_bin_7.50_4.76","gamma_bin","vary_sd",4.76,FALSE,27,0.854446587171991,0.876408461942315,0.95,0.092818961178673,0.94,0.0920361693238621,0.0219618747703241
"gamma_bin_7.50_4.76","gamma_bin","vary_sd",4.76,FALSE,28,0.850242530612154,0.860839545565766,0.97,0.0924854803363518,0.98,0.0917281840704149,0.0105970149536116
"gamma_bin_7.50_4.76","gamma_bin","vary_sd",4.76,FALSE,29,0.845168044117022,0.845500286291166,0.97,0.0906478855523056,0.97,0.0898681754937049,0.000332242174143849
"gamma_bin_7.50_4.76","gamma_bin","vary_sd",4.76,FALSE,30,0.838916821827613,0.830374752453003,0.98,0.0872760637274554,0.96,0.0866530822190131,-0.00854206937461
"gamma_bin_7.50_4.76","gamma_bin","vary_sd",4.76,FALSE,31,0.83125458603177,0.815499918285723,0.93,0.0836632309696532,0.93,0.0831038356325718,-0.0157546677460472
"gamma_bin_7.50_4.76","gamma_bin","vary_sd",4.76,FALSE,32,0.822012955905288,0.80115920931275,0.91,0.0809908111521805,0.91,0.0804873789279044,-0.0208537465925379
"gamma_bin_7.50_4.76","gamma_bin","vary_sd",4.76,FALSE,33,0.811083441801087,0.787052572066762,0.9,0.0796181039885546,0.88,0.0790662193780219,-0.0240308697343251
"gamma_bin_7.50_4.76","gamma_bin","vary_sd",4.76,FALSE,34,0.798410706391415,0.773320846963094,0.89,0.079495596429753,0.88,0.0789338953342696,-0.0250898594283214
"gamma_bin_7.50_4.76","gamma_bin","vary_sd",4.76,FALSE,35,0.783985284249482,0.759879389125755,0.9,0.0801208148924105,0.88,0.0795872907347767,-0.0241058951237273
"gamma_bin_7.50_4.76","gamma_bin","vary_sd",4.76,FALSE,36,0.767842249776292,0.746754961613402,0.92,0.0808407151379369,0.91,0.0802351853899781,-0.0210872881628896
"gamma_bin_7.50_4.76","gamma_bin","vary_sd",4.76,FALSE,37,0.750320099865667,0.733966566699992,0.95,0.0809453316211232,0.93,0.080365757130054,-0.0163535331656748
"gamma_bin_7.50_4.76","gamma_bin","vary_sd",4.76,FALSE,38,0.732127511283489,0.721517451403159,0.97,0.0800384718989349,0.97,0.0794693289140479,-0.0106100598803297
"gamma_bin_7.50_4.76","gamma_bin","vary_sd",4.76,FALSE,39,0.713945546467747,0.709399535834089,0.97,0.0778704519945322,0.97,0.0773618193229721,-0.00454601063365789
"gamma_bin_7.50_4.76","gamma_bin","vary_sd",4.76,FALSE,40,0.696377644387645,0.697712887388934,0.97,0.0749881242259009,0.96,0.0745367175062421,0.00133524300128929
"gamma_bin_7.50_4.76","gamma_bin","vary_sd",4.76,FALSE,41,0.679931575981829,0.686592459347733,0.97,0.0724591280085857,0.95,0.0720045639828712,0.00666088336590398
"gamma_bin_7.50_4.76","gamma_bin","vary_sd",4.76,FALSE,42,0.665012401557135,0.676193149932302,0.96,0.0709037411703868,0.96,0.0704512153525331,0.0111807483751665
"gamma_bin_7.50_4.76","gamma_bin","vary_sd",4.76,FALSE,43,0.65192842067752,0.66669982680573,0.96,0.0704904016637796,0.95,0.0700461156628207,0.0147714061282103
"gamma_bin_7.50_4.76","gamma_bin","vary_sd",4.76,FALSE,44,0.640906266957601,0.658132511464167,0.94,0.071125296107049,0.95,0.0706529273294468,0.0172262445065662
"gamma_bin_7.50_4.76","gamma_bin","vary_sd",4.76,FALSE,45,0.632110069284813,0.650631076703054,0.94,0.0722126861865476,0.95,0.0717667572842321,0.0185210074182406
"gamma_bin_7.50_4.76","gamma_bin","vary_sd",4.76,FALSE,46,0.625656360123327,0.644249467225866,0.95,0.0730950420961182,0.94,0.0725795843343974,0.0185931071025387
"gamma_bin_7.50_4.76","gamma_bin","vary_sd",4.76,FALSE,47,0.621502273809677,0.639039942241719,0.97,0.0732949220302939,0.96,0.072760373376524,0.0175376684320416
"gamma_bin_7.50_4.76","gamma_bin","vary_sd",4.76,FALSE,48,0.619441171957512,0.63499512156829,0.97,0.0724707018019651,0.97,0.07199937335464,0.0155539496107784
"gamma_bin_7.50_4.76","gamma_bin","vary_sd",4.76,FALSE,49,0.619256488578844,0.63212344089052,0.98,0.0709697385969181,0.98,0.0705060212869648,0.012866952311676
"gamma_bin_7.50_4.76","gamma_bin","vary_sd",4.76,FALSE,50,0.620736004042686,0.630366460894251,0.98,0.0694368846478052,0.98,0.0689750382052146,0.00963045685156527
"gamma_bin_7.50_4.76","gamma_bin","vary_sd",4.76,FALSE,51,0.623679916186844,0.629654337301233,0.97,0.0685664433181744,0.96,0.0680929525819929,0.00597442111438906
"gamma_bin_7.50_4.76","gamma_bin","vary_sd",4.76,FALSE,52,0.627908213332621,0.629896874834853,0.97,0.0686843335202281,0.96,0.068246256191352,0.00198866150223242
"gamma_bin_7.50_4.76","gamma_bin","vary_sd",4.76,FALSE,53,0.633265384812971,0.631068388528311,0.97,0.0698301738691066,0.95,0.0694151681469188,-0.0021969962846603
"gamma_bin_7.50_4.76","gamma_bin","vary_sd",4.76,FALSE,54,0.639622221613428,0.633176732264778,0.95,0.0714834340852218,0.95,0.0710683120288277,-0.00644548934865008
"gamma_bin_7.50_4.76","gamma_bin","vary_sd",4.76,FALSE,55,0.646875295241765,0.636137882974212,0.95,0.0732910485986988,0.96,0.0728123951123674,-0.0107374122675533
"gamma_bin_7.50_4.76","gamma_bin","vary_sd",4.76,FALSE,56,0.654940797889892,0.639881986206157,0.95,0.0746121646142491,0.95,0.0741369959043783,-0.015058811683735
"gamma_bin_7.50_4.76","gamma_bin","vary_sd",4.76,FALSE,57,0.663667548235467,0.644368847998539,0.93,0.0749642737999191,0.91,0.0744569156287234,-0.0192987002369279
"gamma_bin_7.50_4.76","gamma_bin","vary_sd",4.76,FALSE,58,0.67283196893338,0.649567009197784,0.92,0.074268424644744,0.91,0.0737959454429181,-0.0232649597355959
"gamma_bin_7.50_4.76","gamma_bin","vary_sd",4.76,FALSE,59,0.682212593504884,0.655367938962723,0.88,0.0732227186520833,0.88,0.072754554121304,-0.0268446545421612
"gamma_bin_7.50_4.76","gamma_bin","vary_sd",4.76,FALSE,60,0.691594549334227,0.661740967735143,0.88,0.0725367667983524,0.87,0.072065525692366,-0.0298535815990839
"gamma_bin_7.50_4.76","gamma_bin","vary_sd",4.76,FALSE,61,0.700774343176902,0.668502483783944,0.87,0.0727131243594943,0.85,0.072267053731467,-0.0322718593929585
"gamma_bin_7.50_4.76","gamma_bin","vary_sd",4.76,FALSE,62,0.709565411363515,0.675720317469839,0.86,0.0739927557558846,0.84,0.0734684882226361,-0.0338450938936765
"gamma_bin_7.50_4.76","gamma_bin","vary_sd",4.76,FALSE,63,0.717802382251417,0.683210061491996,0.86,0.0760226498301352,0.86,0.0754944905602085,-0.0345923207594205
"gamma_bin_7.50_4.76","gamma_bin","vary_sd",4.76,FALSE,64,0.725343303375917,0.690847633618939,0.88,0.0783960818612543,0.87,0.0778236586803559,-0.0344956697569783
"gamma_bin_7.50_4.76","gamma_bin","vary_sd",4.76,FALSE,65,0.732069930484564,0.69864274485213,0.88,0.0803858346847154,0.88,0.0797178728687645,-0.033427185632434
"gamma_bin_7.50_4.76","gamma_bin","vary_sd",4.76,FALSE,66,0.737895666769886,0.706544470657926,0.91,0.0813310461721853,0.89,0.0806894855481525,-0.0313511961119602
"gamma_bin_7.50_4.76","gamma_bin","vary_sd",4.76,FALSE,67,0.742895958587221,0.714411956977584,0.91,0.081029913100247,0.91,0.0804081609297582,-0.0284840016096368
"gamma_bin_7.50_4.76","gamma_bin","vary_sd",4.76,FALSE,68,0.747278763319657,0.722160063333491,0.93,0.0800487230200226,0.92,0.0794070872479351,-0.0251186999861659
"gamma_bin_7.50_4.76","gamma_bin","vary_sd",4.76,FALSE,69,0.751271373438236,0.729837504862169,0.93,0.0792433696566264,0.92,0.0785806724851387,-0.0214338685760668
"gamma_bin_7.50_4.76","gamma_bin","vary_sd",4.76,FALSE,70,0.755105697598796,0.737388950281776,0.94,0.0792324932702384,0.93,0.0786203021750833,-0.01771674731702
"gamma_bin_7.50_4.76","gamma_bin","vary_sd",4.76,FALSE,71,0.759004827658807,0.744848091168544,0.95,0.0803541557477693,0.95,0.0797813529282807,-0.0141567364902625
"gamma_bin_7.50_4.76","gamma_bin","vary_sd",4.76,FALSE,72,0.76317231106088,0.752088122349412,0.95,0.0824638078566976,0.95,0.0819575834049877,-0.0110841887114684
"gamma_bin_7.50_4.76","gamma_bin","vary_sd",4.76,FALSE,73,0.767786202417761,0.75911523377185,0.95,0.0850120286542354,0.95,0.0844266639541184,-0.00867096864591133
"gamma_bin_7.50_4.76","gamma_bin","vary_sd",4.76,FALSE,74,0.772997638290372,0.76600494918914,0.95,0.0870832036183402,0.95,0.0865008645345252,-0.00699268910123207
"gamma_bin_7.50_4.76","gamma_bin","vary_sd",4.76,FALSE,75,0.77893263784533,0.772689615784832,0.96,0.0880227758258486,0.97,0.0874462975734648,-0.00624302206049754
"gamma_bin_7.50_4.76","gamma_bin","vary_sd",4.76,FALSE,76,0.78568141824908,0.77910274747018,0.97,0.0876342071610042,0.97,0.0870097820399403,-0.00657867077889995
"gamma_bin_7.50_4.76","gamma_bin","vary_sd",4.76,FALSE,77,0.793148670755028,0.785290812571106,0.98,0.086107293741885,0.97,0.0854802289987297,-0.00785785818392204
"gamma_bin_7.50_4.76","gamma_bin","vary_sd",4.76,FALSE,78,0.801109464577554,0.791341643501826,0.96,0.0845886452712689,0.96,0.0840256060281864,-0.0097678210757276
"gamma_bin_7.50_4.76","gamma_bin","vary_sd",4.76,FALSE,79,0.809317687520099,0.797064696280971,0.96,0.0838602754606585,0.96,0.0833654024222147,-0.0122529912391278
"gamma_bin_7.50_4.76","gamma_bin","vary_sd",4.76,FALSE,80,0.817518562189946,0.802479859320076,0.94,0.0846115641355595,0.95,0.0840720857114605,-0.0150387028698703
"gamma_bin_7.50_4.76","gamma_bin","vary_sd",4.76,FALSE,81,0.825462916255739,0.807598919691555,0.94,0.0865290071204597,0.94,0.0859679844993448,-0.0178639965641844
"gamma_bin_7.50_4.76","gamma_bin","vary_sd",4.76,FALSE,82,0.832920079463184,0.812488459560492,0.94,0.0892301956648561,0.94,0.0886114664982622,-0.0204316199026925
"gamma_bin_7.50_4.76","gamma_bin","vary_sd",4.76,FALSE,83,0.83968668789734,0.817120674579038,0.93,0.0917812649022046,0.93,0.0911574859619442,-0.0225660133183019
"gamma_bin_7.50_4.76","gamma_bin","vary_sd",4.76,FALSE,84,0.845591000049052,0.821448416217894,0.93,0.093370135659848,0.93,0.0926847548033374,-0.0241425838311583
"gamma_bin_7.50_4.76","gamma_bin","vary_sd",4.76,FALSE,85,0.850493536894317,0.825477412386737,0.91,0.0933817007630563,0.91,0.0926959641956924,-0.0250161245075802
"gamma_bin_7.50_4.76","gamma_bin","vary_sd",4.76,FALSE,86,0.854297533108007,0.829245480176623,0.89,0.0921306648814078,0.89,0.0913834421475202,-0.0250520529313836
"gamma_bin_7.50_4.76","gamma_bin","vary_sd",4.76,FALSE,87,0.857044342489846,0.832800038926621,0.9,0.0902099418172088,0.9,0.0895952688735763,-0.0242443035632252
"gamma_bin_7.50_4.76","gamma_bin","vary_sd",4.76,FALSE,88,0.858857822167393,0.836223745016383,0.89,0.0888109997879987,0.88,0.0882118407625401,-0.0226340771510105
"gamma_bin_7.50_4.76","gamma_bin","vary_sd",4.76,FALSE,89,0.859878747666928,0.83951659099774,0.89,0.088593508424352,0.87,0.0880992538699308,-0.0203621566691881
"gamma_bin_7.50_4.76","gamma_bin","vary_sd",4.76,FALSE,90,0.86025311141159,0.842684110618174,0.89,0.0897964205645161,0.87,0.0892100257983818,-0.0175690007934161
"gamma_bin_7.50_4.76","gamma_bin","vary_sd",4.76,FALSE,91,0.860120701023208,0.845986908967194,0.88,0.0919589456658174,0.87,0.0913951806867267,-0.0141337920560138
"gamma_bin_7.50_4.76","gamma_bin","vary_sd",4.76,FALSE,92,0.859606619529194,0.849396635705959,0.88,0.0943331703796875,0.87,0.0936949464047829,-0.0102099838232355
"gamma_bin_7.50_4.76","gamma_bin","vary_sd",4.76,FALSE,93,0.8588168361623,0.852940666120022,0.87,0.0960761711399317,0.88,0.0953929969250405,-0.00587617004227792
"gamma_bin_7.50_4.76","gamma_bin","vary_sd",4.76,FALSE,94,0.857837212377275,0.856605810576499,0.88,0.0965097492810774,0.9,0.095848106237176,-0.00123140180077619
"gamma_bin_7.50_4.76","gamma_bin","vary_sd",4.76,FALSE,95,0.856734852284735,0.860382603498154,0.89,0.0956207493051416,0.89,0.0949853304894694,0.00364775121341887
"gamma_bin_7.50_4.76","gamma_bin","vary_sd",4.76,FALSE,96,0.855586935925609,0.864382055513169,0.89,0.0938005885215109,0.89,0.0930969037114186,0.00879511958756041
"gamma_bin_7.50_4.76","gamma_bin","vary_sd",4.76,FALSE,97,0.854642173312711,0.868615141710297,0.89,0.0921931055390474,0.88,0.0916473628670033,0.0139729683975864
"gamma_bin_7.50_4.76","gamma_bin","vary_sd",4.76,FALSE,98,0.854216899337268,0.873215586376265,0.88,0.0917940662480584,0.89,0.0912930963723412,0.0189986870389973
"gamma_bin_7.50_4.76","gamma_bin","vary_sd",4.76,FALSE,99,0.854615196085733,0.878127686249828,0.89,0.0929116203357796,0.89,0.0923974061974587,0.0235124901640946
"gamma_bin_7.50_4.76","gamma_bin","vary_sd",4.76,FALSE,100,0.856123392287051,0.883426141090953,0.88,0.0951244795266436,0.91,0.0946063504390888,0.0273027488039017
"gamma_bin_7.50_4.76","gamma_bin","vary_sd",4.76,FALSE,101,0.859003725920451,0.889065888007543,0.89,0.0976973987793698,0.89,0.0970949622018099,0.0300621620870921
"gamma_bin_7.50_4.76","gamma_bin","vary_sd",4.76,FALSE,102,0.863491057515902,0.895054416597238,0.89,0.0997498328278164,0.88,0.0991090498947135,0.0315633590813362
"gamma_bin_7.50_4.76","gamma_bin","vary_sd",4.76,FALSE,103,0.869793786137492,0.901480018945283,0.9,0.100680579288119,0.89,0.100036589295534,0.0316862328077911
"gamma_bin_7.50_4.76","gamma_bin","vary_sd",4.76,FALSE,104,0.878098070350996,0.908289430123956,0.89,0.100009571124702,0.89,0.099398996284299,0.0301913597729602
"gamma_bin_7.50_4.76","gamma_bin","vary_sd",4.76,FALSE,105,0.888573897619543,0.915429781881468,0.91,0.0981992045630546,0.9,0.097614489450197,0.0268558842619251
"gamma_bin_7.50_4.76","gamma_bin","vary_sd",4.76,FALSE,106,0.901301658370892,0.922861199380232,0.9,0.0964995527817121,0.9,0.0959416367303929,0.02155954100934
"gamma_bin_7.50_4.76","gamma_bin","vary_sd",4.76,FALSE,107,0.915897849763235,0.930306161352667,0.91,0.0959182234335745,0.91,0.0953409164879874,0.0144083115894316
"gamma_bin_7.50_4.76","gamma_bin","vary_sd",4.76,FALSE,108,0.931781890770312,0.937523255971364,0.91,0.0970421452353167,0.91,0.0963042649642374,0.0057413652010524
"gamma_bin_7.50_4.76","gamma_bin","vary_sd",4.76,FALSE,109,0.964908287444313,0.944395880793372,0.92,0.0994378513522213,0.9,0.0987194032144593,-0.020512406650941
"gamma_bin_7.50_4.76","gamma_bin","vary_sd",4.76,FALSE,110,0.980887218164916,0.950805779558617,0.88,0.102504993666163,0.86,0.101708556561866,-0.0300814386062989
"gamma_bin_7.50_4.76","gamma_bin","vary_sd",4.76,FALSE,111,0.995692213942587,0.956625747010595,0.88,0.105229469349102,0.86,0.104395984890743,-0.039066466931992
"gamma_bin_7.50_4.76","gamma_bin","vary_sd",4.76,FALSE,112,1.00881666031265,0.961836687889957,0.84,0.1066127373265,0.84,0.105852770784315,-0.0469799724226929
"gamma_bin_7.50_4.76","gamma_bin","vary_sd",4.76,FALSE,113,1.01983605940048,0.966363822313307,0.82,0.106348891623494,0.78,0.105496297018441,-0.0534722370871735
"gamma_bin_7.50_4.76","gamma_bin","vary_sd",4.76,FALSE,114,1.02841129997895,0.970140271172967,0.77,0.104237207128091,0.76,0.103429630524003,-0.0582710288059836
"gamma_bin_7.50_4.76","gamma_bin","vary_sd",4.76,FALSE,115,1.03430371035801,0.973136632360209,0.74,0.101523621607959,0.74,0.100854731645781,-0.0611670779978007
"gamma_bin_7.50_4.76","gamma_bin","vary_sd",4.76,FALSE,116,1.03743175161603,0.975395184797878,0.73,0.0996133900313991,0.72,0.0989756061097971,-0.0620365668181516
"gamma_bin_7.50_4.76","gamma_bin","vary_sd",4.76,FALSE,117,1.0378022122009,0.97676324460251,0.74,0.0994111617339236,0.75,0.0987235909580513,-0.0610389675983901
"gamma_bin_7.50_4.76","gamma_bin","vary_sd",4.76,FALSE,118,1.03547276308025,0.977494648100147,0.79,0.100842551382133,0.78,0.100191040808698,-0.0579781149801032
"gamma_bin_7.50_4.76","gamma_bin","vary_sd",4.76,FALSE,119,1.03053550780697,0.977559833948243,0.8,0.103346607115866,0.8,0.102650806039148,-0.0529756738587269
"gamma_bin_7.50_4.76","gamma_bin","vary_sd",4.76,FALSE,120,1.02310221069091,0.977028423025621,0.86,0.105772605930639,0.85,0.105112319099723,-0.0460737876652892
"gamma_bin_7.50_4.76","gamma_bin","vary_sd",4.76,FALSE,121,1.01329357541095,0.97582973183537,0.89,0.107320295886692,0.88,0.106657726879503,-0.0374638435755805
"gamma_bin_7.50_4.76","gamma_bin","vary_sd",4.76,FALSE,122,1.00123289414715,0.974129037933546,0.93,0.107340849195406,0.9,0.106739158661359,-0.0271038562136039
"gamma_bin_7.50_4.76","gamma_bin","vary_sd",4.76,FALSE,123,0.987043160294477,0.971859320366548,0.92,0.105585099336736,0.93,0.104899507372805,-0.0151838399279293
"gamma_bin_7.50_4.76","gamma_bin","vary_sd",4.76,FALSE,124,0.970846430550826,0.969238481323934,0.94,0.10277774795471,0.94,0.102120931252745,-0.00160794922689178
"gamma_bin_7.50_4.76","gamma_bin","vary_sd",4.76,FALSE,125,0.953001568168985,0.966498669078545,0.92,0.100515201592854,0.92,0.0999534115484342,0.0134971009095605
"gamma_bin_7.50_4.76","gamma_bin","vary_sd",4.76,FALSE,126,0.934680947695761,0.963786635927783,0.88,0.0998645263651298,0.88,0.0993670371791124,0.0291056882320216
"gamma_bin_7.50_4.76","gamma_bin","vary_sd",4.76,FALSE,127,0.917145793226913,0.961331907007823,0.82,0.101068536394301,0.84,0.100446070476945,0.0441861137809099
"gamma_bin_7.50_4.76","gamma_bin","vary_sd",4.76,FALSE,128,0.901530406151582,0.959349909370601,0.78,0.10312603161603,0.78,0.102495733758811,0.0578195032190189
"gamma_bin_7.50_4.76","gamma_bin","vary_sd",4.76,FALSE,129,0.888820761331304,0.95803201701874,0.75,0.105443728228438,0.74,0.1048251537325,0.0692112556874359
"gamma_bin_7.50_4.76","gamma_bin","vary_sd",4.76,FALSE,130,0.879849051096058,0.957326190782954,0.7,0.106967020090382,0.69,0.106310471009927,0.0774771396868961
"gamma_bin_7.50_4.76","gamma_bin","vary_sd",4.76,FALSE,131,0.875312502934994,0.957344867427331,0.67,0.107200313433935,0.68,0.106523372982657,0.0820323644923374
"gamma_bin_7.50_4.76","gamma_bin","vary_sd",4.76,FALSE,132,0.875810644994376,0.958235243108028,0.65,0.10572676824035,0.67,0.105039821078386,0.082424598113652
"gamma_bin_7.50_4.76","gamma_bin","vary_sd",4.76,FALSE,133,0.881891211117993,0.959818214349662,0.66,0.102920828377371,0.67,0.102280650885207,0.077927003231669
"gamma_bin_7.50_4.76","gamma_bin","vary_sd",4.76,FALSE,134,0.894096753734329,0.962052981074594,0.68,0.100113380588394,0.71,0.0995266334771646,0.0679562273402649
"gamma_bin_7.50_4.76","gamma_bin","vary_sd",4.76,FALSE,135,0.912538889585145,0.964715496290102,0.78,0.0985086427585305,0.78,0.0979471973803719,0.0521766067049569
"gamma_bin_7.50_4.76","gamma_bin","vary_sd",4.76,FALSE,136,0.935968580436848,0.967518958099978,0.86,0.0988761536787435,0.87,0.0982323261950716,0.0315503776631304
"gamma_bin_7.50_4.76","gamma_bin","vary_sd",4.76,FALSE,137,0.962748452443007,0.970417593147698,0.88,0.100812319550708,0.88,0.100141755127942,0.00766914070469138
"gamma_bin_7.50_4.76","gamma_bin","vary_sd",4.76,FALSE,138,0.991058087015847,0.973270973830217,0.92,0.103581652251023,0.92,0.102817826594481,-0.0177871131856303
"gamma_bin_7.50_4.76","gamma_bin","vary_sd",4.76,FALSE,139,1.01894781256074,0.975791417673636,0.87,0.106123092154104,0.84,0.105364531403949,-0.0431563948871044
"gamma_bin_7.50_4.76","gamma_bin","vary_sd",4.76,FALSE,140,1.04444932027992,0.97793769177657,0.74,0.107522133096461,0.73,0.106685043593318,-0.0665116285033497
"gamma_bin_7.50_4.76","gamma_bin","vary_sd",4.76,FALSE,141,1.0657059122687,0.979550392863146,0.64,0.107186860541899,0.58,0.106358112619192,-0.0861555194055542
"gamma_bin_7.50_4.76","gamma_bin","vary_sd",4.76,FALSE,142,1.0810929449843,0.98056877933342,0.49,0.105246789471698,0.46,0.104448566013012,-0.10052416565088
"gamma_bin_7.50_4.76","gamma_bin","vary_sd",4.76,FALSE,143,1.08930930531451,0.980967611641224,0.47,0.10301615117971,0.43,0.102219261286652,-0.108341693673286
"gamma_bin_7.50_4.76","gamma_bin","vary_sd",4.76,FALSE,144,1.08943317712892,0.980825077935504,0.46,0.101462553201193,0.42,0.100741148194604,-0.108608099193416
"gamma_bin_7.50_4.76","gamma_bin","vary_sd",4.76,FALSE,145,1.08148967301391,0.980176428390088,0.48,0.101405441478202,0.48,0.100651850690481,-0.101313244623822
"gamma_bin_7.50_4.76","gamma_bin","vary_sd",4.76,FALSE,146,1.067118056924,0.978998146212818,0.56,0.102745396773549,0.55,0.101954339929831,-0.0881199107111819
"gamma_bin_7.50_4.76","gamma_bin","vary_sd",4.76,FALSE,147,1.04828964020928,0.977409224984116,0.67,0.104756748074621,0.67,0.103981732810868,-0.070880415225164
"gamma_bin_7.50_4.76","gamma_bin","vary_sd",4.76,FALSE,148,1.02693455801449,0.975238457376206,0.83,0.106726242987628,0.81,0.105998688027582,-0.0516961006382838
"gamma_bin_7.50_4.76","gamma_bin","vary_sd",4.76,FALSE,149,1.00477443375589,0.972708926569686,0.9,0.107810487382934,0.88,0.107108173490022,-0.0320655071862038
"gamma_bin_7.50_4.76","gamma_bin","vary_sd",4.76,FALSE,150,0.983222907766779,0.969903293296414,0.94,0.107429158659791,0.94,0.106784871406297,-0.0133196144703654
"gamma_bin_7.50_4.76","gamma_bin","vary_sd",4.76,FALSE,151,0.963363940769346,0.966733895451806,0.95,0.105376382146736,0.95,0.104733501492572,0.00336995468246015
"gamma_bin_7.50_4.76","gamma_bin","vary_sd",4.76,FALSE,152,0.945985514931433,0.963299700477409,0.92,0.102475647759917,0.92,0.101827420702072,0.0173141855459759
"gamma_bin_7.50_4.76","gamma_bin","vary_sd",4.76,FALSE,153,0.931639698450479,0.959828142364934,0.88,0.099702226917951,0.9,0.0991413292728978,0.0281884439144549
"gamma_bin_7.50_4.76","gamma_bin","vary_sd",4.76,FALSE,154,0.920706027513323,0.956451288678458,0.82,0.0982883991543965,0.84,0.0977287115650092,0.0357452611651353
"gamma_bin_7.50_4.76","gamma_bin","vary_sd",4.76,FALSE,155,0.913287949909382,0.953322077803962,0.82,0.0986640797100146,0.82,0.0980687698819574,0.0400341278945799
"gamma_bin_7.50_4.76","gamma_bin","vary_sd",4.76,FALSE,156,0.909118262499206,0.950746002182824,0.81,0.10022036912726,0.82,0.0996578266106487,0.0416277396836177
"gamma_bin_7.50_4.76","gamma_bin","vary_sd",4.76,FALSE,157,0.90786599524967,0.948741338773639,0.83,0.102296356941091,0.82,0.101684544437816,0.0408753435239688
"gamma_bin_7.50_4.76","gamma_bin","vary_sd",4.76,FALSE,158,0.909191813449816,0.947450356501286,0.85,0.103968592594674,0.86,0.103317255236161,0.0382585430514697
"gamma_bin_7.50_4.76","gamma_bin","vary_sd",4.76,FALSE,159,0.9127706498954,0.946941490441376,0.88,0.104467587775764,0.88,0.103773331485936,0.034170840545976
"gamma_bin_7.50_4.76","gamma_bin","vary_sd",4.76,FALSE,160,0.918310343562916,0.947189198353765,0.9,0.103567698616252,0.89,0.102825042860565,0.028878854790849
"gamma_bin_7.50_4.76","gamma_bin","vary_sd",4.76,FALSE,161,0.925562601543549,0.94830300509036,0.91,0.101529367723176,0.91,0.100874457802744,0.022740403546811
"gamma_bin_7.50_4.76","gamma_bin","vary_sd",4.76,FALSE,162,0.934326617511047,0.950259361110708,0.91,0.0997393137774134,0.93,0.099108672428865,0.0159327435996608
"gamma_bin_7.50_4.76","gamma_bin","vary_sd",4.76,FALSE,163,0.944447396594412,0.953001163736807,0.93,0.0990976096404834,0.93,0.0985161758959254,0.00855376714239453
"gamma_bin_7.50_4.76","gamma_bin","vary_sd",4.76,FALSE,164,0.955808426255688,0.95648385627798,0.94,0.100054938132565,0.95,0.0994871154975841,0.000675430022291978
"gamma_bin_7.50_4.76","gamma_bin","vary_sd",4.76,FALSE,165,0.968171987055275,0.960805471485023,0.93,0.102600687765692,0.94,0.102013015097421,-0.00736651557025236
"gamma_bin_7.50_4.76","gamma_bin","vary_sd",4.76,FALSE,166,0.981075418082579,0.965848041217857,0.94,0.105854272888306,0.94,0.105122571125452,-0.0152273768647224
"gamma_bin_7.50_4.76","gamma_bin","vary_sd",4.76,FALSE,167,0.99403776313242,0.971561981937719,0.92,0.108634130097314,0.92,0.107911024928584,-0.022475781194701
"gamma_bin_7.50_4.76","gamma_bin","vary_sd",4.76,FALSE,168,1.00658618871785,0.978033760110796,0.92,0.110098232703304,0.91,0.109357025987749,-0.0285524286070543
"gamma_bin_7.50_4.76","gamma_bin","vary_sd",4.76,FALSE,169,1.01827263962082,0.985166411667584,0.9,0.1097672931818,0.89,0.109097530844883,-0.0331062279532364
"gamma_bin_7.50_4.76","gamma_bin","vary_sd",4.76,FALSE,170,1.02869207421039,0.992949762519238,0.86,0.108061654865498,0.86,0.107451641774737,-0.0357423116911523
"gamma_bin_7.50_4.76","gamma_bin","vary_sd",4.76,FALSE,171,1.03749575970787,1.00132084745271,0.83,0.106159331175649,0.82,0.105453667377506,-0.0361749122551605
"gamma_bin_7.50_4.76","gamma_bin","vary_sd",4.76,FALSE,172,1.04439766370686,1.01034896766652,0.83,0.105201545047361,0.83,0.104523399857839,-0.0340486960403383
"gamma_bin_7.50_4.76","gamma_bin","vary_sd",4.76,FALSE,173,1.04917474480308,1.02000745328435,0.83,0.105695191313002,0.83,0.105126901036062,-0.0291672915187287
"gamma_bin_7.50_4.76","gamma_bin","vary_sd",4.76,FALSE,174,1.05167598943045,1.03019515664525,0.86,0.107954087468735,0.86,0.107348097712315,-0.021480832785195
"gamma_bin_7.50_4.76","gamma_bin","vary_sd",4.76,FALSE,175,1.05228684352057,1.04101533721733,0.89,0.111262085291885,0.89,0.110637033609621,-0.0112715063032442
"gamma_bin_7.50_4.76","gamma_bin","vary_sd",4.76,FALSE,176,1.05205037229906,1.05235446736174,0.92,0.114775104919917,0.93,0.114110618988078,0.000304095062682697
"gamma_bin_7.50_4.76","gamma_bin","vary_sd",4.76,FALSE,177,1.05206304074467,1.06428005676649,0.92,0.1173344660387,0.92,0.116622295076756,0.0122170160218238
"gamma_bin_7.50_4.76","gamma_bin","vary_sd",4.76,FALSE,178,1.0533911428065,1.07677235342614,0.92,0.118202850322966,0.93,0.117456919595286,0.0233812106196423
"gamma_bin_7.50_4.76","gamma_bin","vary_sd",4.76,FALSE,179,1.05702523270082,1.08980570109902,0.91,0.117116008472799,0.92,0.116344627850561,0.0327804683981978
"gamma_bin_7.50_4.76","gamma_bin","vary_sd",4.76,FALSE,180,1.06385390304002,1.10322081047345,0.87,0.115198317446043,0.88,0.11439660917661,0.0393669074334251
"gamma_bin_7.50_4.76","gamma_bin","vary_sd",4.76,FALSE,181,1.07466368846286,1.11669749709056,0.84,0.113676365040892,0.87,0.112877105659009,0.0420338086276966
"gamma_bin_7.50_4.76","gamma_bin","vary_sd",4.76,FALSE,182,1.09015918537017,1.13008338667349,0.86,0.113933164552104,0.87,0.11310408816207,0.0399242013033212
"gamma_bin_7.50_4.76","gamma_bin","vary_sd",4.76,FALSE,183,1.11099415707904,1.14305139591445,0.88,0.116041666455837,0.88,0.115189278536658,0.032057238835405
"gamma_bin_7.50_4.76","gamma_bin","vary_sd",4.76,FALSE,184,1.13776253966062,1.15524376197429,0.89,0.119613491675291,0.89,0.118788752833289,0.0174812223136658
"gamma_bin_7.50_4.76","gamma_bin","vary_sd",4.76,FALSE,185,1.16994138910722,1.16647756196612,0.89,0.123404745690729,0.9,0.122527588238451,-0.00346382714109805
"gamma_bin_7.50_4.76","gamma_bin","vary_sd",4.76,FALSE,186,1.20568067952197,1.17656811381813,0.89,0.126363359186512,0.89,0.12542984470206,-0.0291125657038374
"gamma_bin_7.50_4.76","gamma_bin","vary_sd",4.76,FALSE,187,1.24280592689739,1.18530075552182,0.87,0.127418876823492,0.85,0.126534708629138,-0.0575051713755674
"gamma_bin_7.50_4.76","gamma_bin","vary_sd",4.76,FALSE,188,1.27892507759421,1.19266116082122,0.74,0.126536095809194,0.73,0.125487024625319,-0.0862639167729886
"gamma_bin_7.50_4.76","gamma_bin","vary_sd",4.76,FALSE,189,1.31157809299846,1.19858381216856,0.6,0.123933865636823,0.55,0.122938088033386,-0.112994280829904
"gamma_bin_7.50_4.76","gamma_bin","vary_sd",4.76,FALSE,190,1.33842575739913,1.20269211801259,0.45,0.121210956802668,0.41,0.120292319366226,-0.135733639386535
"gamma_bin_7.50_4.76","gamma_bin","vary_sd",4.76,FALSE,191,1.35742493987032,1.2051271188454,0.35,0.11980142894157,0.34,0.118890615535644,-0.152297821024924
"gamma_bin_7.50_4.76","gamma_bin","vary_sd",4.76,FALSE,192,1.36695842059754,1.20590269731454,0.3,0.119957506526711,0.28,0.119026433379728,-0.161055723282997
"gamma_bin_7.50_4.76","gamma_bin","vary_sd",4.76,FALSE,193,1.36590703303142,1.20482145255161,0.29,0.121467477606086,0.26,0.120510733493578,-0.161085580479812
"gamma_bin_7.50_4.76","gamma_bin","vary_sd",4.76,FALSE,194,1.35374441935837,1.20204423934435,0.37,0.123688874755385,0.34,0.12272625892828,-0.151700180014023
"gamma_bin_7.50_4.76","gamma_bin","vary_sd",4.76,FALSE,195,1.33179505256341,1.19764744356433,0.46,0.125214801704022,0.44,0.124264026096014,-0.134147608999083
"gamma_bin_7.50_4.76","gamma_bin","vary_sd",4.76,FALSE,196,1.30282908300336,1.19153431967693,0.64,0.125071448218696,0.62,0.124110779932965,-0.111294763326426
"gamma_bin_7.50_4.76","gamma_bin","vary_sd",4.76,FALSE,197,1.26962792749398,1.18370784021353,0.71,0.122652154819205,0.71,0.121773499449044,-0.0859200872804462
"gamma_bin_7.50_4.76","gamma_bin","vary_sd",4.76,FALSE,198,1.23470197201586,1.17434058928894,0.79,0.118296698314418,0.79,0.117533854774981,-0.0603613827269172
"gamma_bin_7.50_4.76","gamma_bin","vary_sd",4.76,FALSE,199,1.20012008532359,1.16385954253528,0.85,0.113747578787616,0.85,0.113012602232306,-0.0362605427883136
"gamma_bin_7.50_4.76","gamma_bin","vary_sd",4.76,FALSE,200,1.16745324780638,1.15280268418867,0.9,0.110752779707725,0.9,0.109991786235378,-0.0146505636177088
"gamma_bin_7.50_4.76","gamma_bin","vary_sd",4.76,FALSE,201,1.13781324493009,1.14173227485856,0.95,0.110088581728169,0.95,0.109371482366147,0.00391902992846527
"gamma_bin_7.50_4.76","gamma_bin","vary_sd",4.76,FALSE,202,1.11194114249594,1.13114260562917,0.97,0.111474553601253,0.97,0.110802722180059,0.0192014631332347
"gamma_bin_7.50_4.76","gamma_bin","vary_sd",4.76,FALSE,203,1.09030738318271,1.12138797756747,0.93,0.113713824335234,0.92,0.11296004675291,0.031080594384759
"gamma_bin_7.50_4.76","gamma_bin","vary_sd",4.76,FALSE,204,1.07317842503564,1.11260580555055,0.91,0.115856450646482,0.91,0.115072639964533,0.0394273805149135
"gamma_bin_7.50_4.76","gamma_bin","vary_sd",4.76,FALSE,205,1.06040347302214,1.10504367259177,0.89,0.116704219243245,0.9,0.116014924095289,0.0446401995696253
"gamma_bin_7.50_4.76","gamma_bin","vary_sd",4.76,FALSE,206,1.05156904168052,1.09883982668485,0.89,0.11602722978111,0.91,0.115340484534248,0.047270785004333
"gamma_bin_7.50_4.76","gamma_bin","vary_sd",4.76,FALSE,207,1.04624950999474,1.09415152499944,0.85,0.113620021916315,0.86,0.112919356095194,0.0479020150046985
"gamma_bin_7.50_4.76","gamma_bin","vary_sd",4.76,FALSE,208,1.04403704329192,1.09110303883364,0.87,0.11054930533676,0.87,0.109857154299252,0.0470659955417216
"gamma_bin_7.50_4.76","gamma_bin","vary_sd",4.76,FALSE,209,1.0445651521307,1.08961541783494,0.85,0.108317908275846,0.86,0.107621846286767,0.0450502657042402
"gamma_bin_7.50_4.76","gamma_bin","vary_sd",4.76,FALSE,210,1.04752392002038,1.0899822487277,0.85,0.107903202332034,0.86,0.107236478448452,0.0424583287073206
"gamma_bin_7.50_4.76","gamma_bin","vary_sd",4.76,FALSE,211,1.05266551803821,1.09212032397095,0.84,0.109493207768439,0.87,0.108907307304663,0.0394548059327366
"gamma_bin_7.50_4.76","gamma_bin","vary_sd",4.76,FALSE,212,1.0598023103751,1.09619225841003,0.87,0.112542717559542,0.87,0.111900620604208,0.0363899480349328
"gamma_bin_7.50_4.76","gamma_bin","vary_sd",4.76,FALSE,213,1.06880062573221,1.10213500539238,0.87,0.116078073051823,0.87,0.115444571401096,0.0333343796601695
"gamma_bin_7.50_4.76","gamma_bin","vary_sd",4.76,FALSE,214,1.0795784696348,1.10999878662088,0.89,0.118814214095411,0.88,0.118145297588005,0.0304203169860826
"gamma_bin_7.50_4.76","gamma_bin","vary_sd",4.76,FALSE,215,1.09215111452811,1.11971286462228,0.9,0.119837879552174,0.91,0.119187621650318,0.0275617500941703
"gamma_bin_7.50_4.76","gamma_bin","vary_sd",4.76,FALSE,216,1.10660255202503,1.13128715428884,0.91,0.118845689241071,0.91,0.118173788264752,0.0246846022638136
"gamma_bin_7.50_4.76","gamma_bin","vary_sd",4.76,FALSE,217,1.1230463183655,1.14456660641731,0.93,0.116285885584587,0.92,0.115658123227156,0.0215202880518115
"gamma_bin_7.50_4.76","gamma_bin","vary_sd",4.76,FALSE,218,1.14161803384419,1.1595044704956,0.94,0.114045445512727,0.92,0.113367602988882,0.0178864366514062
"gamma_bin_7.50_4.76","gamma_bin","vary_sd",4.76,FALSE,219,1.16246850453014,1.17552148351173,0.93,0.11328151835021,0.93,0.11249009056628,0.0130529789815912
"gamma_bin_7.50_4.76","gamma_bin","vary_sd",4.76,FALSE,220,1.18575867786174,1.19221735533864,0.93,0.114305582995152,0.94,0.113531199337431,0.00645867747689688
"gamma_bin_7.50_4.76","gamma_bin","vary_sd",4.76,FALSE,221,1.21165701983639,1.20951814016262,0.95,0.117208365023345,0.94,0.116487055737765,-0.00213887967377113
"gamma_bin_7.50_4.76","gamma_bin","vary_sd",4.76,FALSE,222,1.24033898455105,1.22696738866765,0.93,0.121290333993335,0.93,0.120479018018677,-0.0133715958834029
"gamma_bin_7.50_4.76","gamma_bin","vary_sd",4.76,FALSE,223,1.27198794287079,1.24452545002308,0.92,0.125120683694168,0.93,0.124350691157078,-0.0274624928477145
"gamma_bin_7.50_4.76","gamma_bin","vary_sd",4.76,FALSE,224,1.30666523446541,1.26195725418631,0.88,0.127668816264193,0.85,0.126837027669418,-0.0447079802791035
"gamma_bin_7.50_4.76","gamma_bin","vary_sd",4.76,FALSE,225,1.3433530482977,1.27882482704856,0.79,0.12819040520306,0.77,0.127321627862868,-0.0645282212491405
"gamma_bin_7.50_4.76","gamma_bin","vary_sd",4.76,FALSE,226,1.38038171186225,1.29517224174087,0.73,0.126611711218188,0.72,0.125687182786617,-0.0852094701213835
"gamma_bin_7.50_4.76","gamma_bin","vary_sd",4.76,FALSE,227,1.41592160258673,1.31066944914447,0.65,0.124600929709682,0.64,0.12370168502946,-0.105252153442261
"gamma_bin_7.50_4.76","gamma_bin","vary_sd",4.76,FALSE,228,1.44808142918806,1.32481815893425,0.53,0.123925374641028,0.5,0.122922706767112,-0.123263270253808
"gamma_bin_7.50_4.76","gamma_bin","vary_sd",4.76,FALSE,229,1.47504730588812,1.33728930627795,0.43,0.125368200784623,0.41,0.124418769353543,-0.137757999610166
"gamma_bin_7.50_4.76","gamma_bin","vary_sd",4.76,FALSE,230,1.49521587906308,1.34773339323167,0.41,0.129013255276498,0.39,0.128058557217099,-0.147482485831406
"gamma_bin_7.50_4.76","gamma_bin","vary_sd",4.76,FALSE,231,1.50729103953841,1.3558000337685,0.42,0.133497218032175,0.41,0.132536314874805,-0.151491005769908
"gamma_bin_7.50_4.76","gamma_bin","vary_sd",4.76,FALSE,232,1.51033534857617,1.3616903679937,0.44,0.137641409567716,0.43,0.136551790949288,-0.148644980582471
"gamma_bin_7.50_4.76","gamma_bin","vary_sd",4.76,FALSE,233,1.50378097074586,1.36509267672841,0.52,0.139780687598431,0.51,0.138758599920067,-0.138688294017454
"gamma_bin_7.50_4.76","gamma_bin","vary_sd",4.76,FALSE,234,1.48764960471254,1.36592352277952,0.63,0.139204054633022,0.58,0.138178696870955,-0.121726081933021
"gamma_bin_7.50_4.76","gamma_bin","vary_sd",4.76,FALSE,235,1.46373241708909,1.36394027294863,0.71,0.135738480030331,0.7,0.13476635644128,-0.0997921441404557
"gamma_bin_7.50_4.76","gamma_bin","vary_sd",4.76,FALSE,236,1.43448143272486,1.35949385907887,0.78,0.130801966061804,0.74,0.129940457016838,-0.0749875736459855
"gamma_bin_7.50_4.76","gamma_bin","vary_sd",4.76,FALSE,237,1.40223769952072,1.35290740302257,0.85,0.126609791008157,0.84,0.125706651708248,-0.0493302964981492
"gamma_bin_7.50_4.76","gamma_bin","vary_sd",4.76,FALSE,238,1.36905513115977,1.34473184485957,0.92,0.124751329245536,0.92,0.123790074340918,-0.0243232863001976
"gamma_bin_7.50_4.76","gamma_bin","vary_sd",4.76,FALSE,239,1.33659069308879,1.33547551234435,0.94,0.12511475246378,0.94,0.124289595145554,-0.00111518074444139
"gamma_bin_7.50_4.76","gamma_bin","vary_sd",4.76,FALSE,240,1.30608415861083,1.32535560408068,0.96,0.127106498477191,0.96,0.126290441325093,0.0192714454698482
"gamma_bin_7.50_4.76","gamma_bin","vary_sd",4.76,FALSE,241,1.27840456713347,1.31468880443393,0.96,0.129560782057516,0.96,0.128683206599863,0.0362842373004628
"gamma_bin_7.50_4.76","gamma_bin","vary_sd",4.76,FALSE,242,1.25412742548082,1.30369882698113,0.9,0.131280988759508,0.94,0.13039611815183,0.0495714015003139
"gamma_bin_7.50_4.76","gamma_bin","vary_sd",4.76,FALSE,243,1.23361554311767,1.29248541490334,0.88,0.132122747967139,0.87,0.131295117054787,0.0588698717856675
"gamma_bin_7.50_4.76","gamma_bin","vary_sd",4.76,FALSE,244,1.21706403589592,1.28106963309377,0.85,0.132623069447289,0.85,0.131833536321305,0.0640055971978504
"gamma_bin_7.50_4.76","gamma_bin","vary_sd",4.76,FALSE,245,1.20445667363505,1.26961234250876,0.85,0.133968323137572,0.84,0.133069669170967,0.065155668873712
"gamma_bin_7.50_4.76","gamma_bin","vary_sd",4.76,FALSE,246,1.19569657050359,1.25836732103098,0.87,0.138421745604698,0.88,0.137538490487025,0.0626707505273898
"gamma_bin_7.50_4.76","gamma_bin","vary_sd",4.76,FALSE,247,1.19067334691389,1.24771185151136,0.93,0.147094086070658,0.92,0.146103684591014,0.0570385045974704
"gamma_bin_7.50_4.76","gamma_bin","vary_sd",4.76,FALSE,248,1.1892846905786,1.23775826543154,0.96,0.160003860102746,0.96,0.15896030611533,0.0484735748529357
"gamma_bin_7.50_4.76","gamma_bin","vary_sd",4.76,FALSE,249,1.1914521017446,1.22859679794585,0.97,0.176164962262557,0.97,0.175012185031889,0.0371446962012523
"gamma_bin_7.50_4.76","gamma_bin","vary_sd",4.76,FALSE,250,1.19713021020468,1.22028223942489,1,0.194530336116353,1,0.19325857435538,0.0231520292202125
"gamma_bin_7.50_4.76","gamma_bin","vary_sd",4.76,FALSE,251,1.20631090184647,1.21273980880568,1,0.214660962141189,1,0.213099870842367,0.00642890695921072
"gamma_bin_7.50_4.76","gamma_bin","vary_sd",4.76,FALSE,252,1.21902415582724,1.2059947139932,1,0.235749915131761,1,0.233802365869699,-0.0130294418340451
"gamma_bin_7.50_4.76","gamma_bin","vary_sd",4.76,FALSE,253,1.23533724681924,1.20012495594353,1,0.258428177790902,1,0.256041859576346,-0.0352122908757144
"gamma_bin_7.50_5.44","gamma_bin","vary_sd",5.44,FALSE,2,6.47633271060018,NA,NA,NA,NA,NA,NA
"gamma_bin_7.50_5.44","gamma_bin","vary_sd",5.44,FALSE,3,5.39748004467528,NA,NA,NA,NA,NA,NA
"gamma_bin_7.50_5.44","gamma_bin","vary_sd",5.44,FALSE,4,4.52153259075373,4.22938786980296,0.78,0.356866008220073,0.74,0.354981930742196,-0.292144720950774
"gamma_bin_7.50_5.44","gamma_bin","vary_sd",5.44,FALSE,5,3.81075688710478,3.03274410121528,0,0.301774241758146,0,0.299959839357884,-0.7780127858895
"gamma_bin_7.50_5.44","gamma_bin","vary_sd",5.44,FALSE,6,3.23384975678135,2.39547785316051,0,0.266926044473186,0,0.265308073355177,-0.838371903620837
"gamma_bin_7.50_5.44","gamma_bin","vary_sd",5.44,FALSE,7,2.76512519694591,2.01141164169244,0,0.241957516885346,0,0.240552225393888,-0.753713555253473
"gamma_bin_7.50_5.44","gamma_bin","vary_sd",5.44,FALSE,8,2.38350063829982,1.76035057204033,0,0.222120165546442,0,0.220710102975308,-0.62315006625949
"gamma_bin_7.50_5.44","gamma_bin","vary_sd",5.44,FALSE,9,2.07220990816182,1.5864183108137,0,0.20483118560386,0,0.203300104017841,-0.485791597348125
"gamma_bin_7.50_5.44","gamma_bin","vary_sd",5.44,FALSE,10,1.8180094782711,1.46044076708936,0.04,0.188393559645088,0.03,0.187090745913026,-0.357568711181735
"gamma_bin_7.50_5.44","gamma_bin","vary_sd",5.44,FALSE,11,1.61045019265924,1.36574876338005,0.16,0.172490708201624,0.12,0.171387719899513,-0.244701429279191
"gamma_bin_7.50_5.44","gamma_bin","vary_sd",5.44,FALSE,12,1.44129331371926,1.29231008659862,0.58,0.157927796552223,0.55,0.156869461997293,-0.148983227120635
"gamma_bin_7.50_5.44","gamma_bin","vary_sd",5.44,FALSE,13,1.30405110997497,1.2335939587403,0.92,0.145208214724684,0.92,0.144354554016494,-0.0704571512346654
"gamma_bin_7.50_5.44","gamma_bin","vary_sd",5.44,FALSE,14,1.1936337473603,1.18570348202696,0.95,0.135128855138204,0.95,0.134187060808809,-0.00793026533334018
"gamma_bin_7.50_5.44","gamma_bin","vary_sd",5.44,FALSE,15,1.10608275580624,1.1457279819261,0.94,0.127538869619114,0.94,0.126618408055418,0.0396452261198628
"gamma_bin_7.50_5.44","gamma_bin","vary_sd",5.44,FALSE,16,1.03836845094092,1.11152480947741,0.78,0.121976039703614,0.79,0.121193392302872,0.0731563585364912
"gamma_bin_7.50_5.44","gamma_bin","vary_sd",5.44,FALSE,17,0.987514418464918,1.08179727127457,0.67,0.117621295069371,0.66,0.116892871771253,0.0942828528096489
"gamma_bin_7.50_5.44","gamma_bin","vary_sd",5.44,FALSE,18,0.94985341422689,1.055452959167,0.51,0.113557377722843,0.53,0.11281729391504,0.105599544940111
"gamma_bin_7.50_5.44","gamma_bin","vary_sd",5.44,FALSE,19,0.922342058412537,1.03161362475865,0.44,0.109123592812283,0.44,0.108437709287756,0.109271566346118
"gamma_bin_7.50_5.44","gamma_bin","vary_sd",5.44,FALSE,20,0.902533145800087,1.00966921629092,0.38,0.103840890497054,0.39,0.103217237888244,0.107136070490833
"gamma_bin_7.50_5.44","gamma_bin","vary_sd",5.44,FALSE,21,0.888443579660898,0.989139591583659,0.37,0.0981983562758918,0.41,0.0976232146553089,0.100696011922761
"gamma_bin_7.50_5.44","gamma_bin","vary_sd",5.44,FALSE,22,0.878474950045775,0.969687912785456,0.43,0.0932207063702342,0.46,0.0926594664997306,0.0912129627396808
"gamma_bin_7.50_5.44","gamma_bin","vary_sd",5.44,FALSE,23,0.871353706634507,0.951005966401431,0.55,0.0897152632235108,0.56,0.0892439775728649,0.0796522597669242
"gamma_bin_7.50_5.44","gamma_bin","vary_sd",5.44,FALSE,24,0.866079695774009,0.933069449136304,0.62,0.0880940676844561,0.64,0.0875738619876026,0.0669897533622952
"gamma_bin_7.50_5.44","gamma_bin","vary_sd",5.44,FALSE,25,0.861880113955128,0.915722733894978,0.76,0.087996150338322,0.77,0.0874761644487903,0.0538426199398505
"gamma_bin_7.50_5.44","gamma_bin","vary_sd",5.44,FALSE,26,0.858167576978305,0.898874669707815,0.84,0.0884342208208912,0.83,0.0879368841682287,0.0407070927295102
"gamma_bin_7.50_5.44","gamma_bin","vary_sd",5.44,FALSE,27,0.854446587171991,0.882436158212477,0.91,0.0887131754501091,0.91,0.0882485953077352,0.0279895710404865
"gamma_bin_7.50_5.44","gamma_bin","vary_sd",5.44,FALSE,28,0.850242530612154,0.866358245129603,0.96,0.0882530419054298,0.97,0.0877289966433027,0.0161157145174485
"gamma_bin_7.50_5.44","gamma_bin","vary_sd",5.44,FALSE,29,0.845168044117022,0.850622092447909,0.96,0.0865150872090123,0.96,0.0859795370444345,0.0054540483308867
"gamma_bin_7.50_5.44","gamma_bin","vary_sd",5.44,FALSE,30,0.838916821827613,0.835129049367717,0.95,0.083617274067737,0.96,0.0831308507810383,-0.00378777245989592
"gamma_bin_7.50_5.44","gamma_bin","vary_sd",5.44,FALSE,31,0.83125458603177,0.819868651370213,0.93,0.0805581706038061,0.93,0.0800783386597493,-0.0113859346615569
"gamma_bin_7.50_5.44","gamma_bin","vary_sd",5.44,FALSE,32,0.822012955905288,0.805417054180162,0.93,0.0783146478272065,0.92,0.0778320611017312,-0.016595901725126
"gamma_bin_7.50_5.44","gamma_bin","vary_sd",5.44,FALSE,33,0.811083441801087,0.79120951916389,0.91,0.0772547307236096,0.9,0.0767671335652809,-0.019873922637197
"gamma_bin_7.50_5.44","gamma_bin","vary_sd",5.44,FALSE,34,0.798410706391415,0.777275987722496,0.91,0.0773666765200962,0.91,0.076856051959699,-0.0211347186689195
"gamma_bin_7.50_5.44","gamma_bin","vary_sd",5.44,FALSE,35,0.783985284249482,0.763649807532671,0.93,0.0781691756229221,0.91,0.0776423835188079,-0.0203354767168108
"gamma_bin_7.50_5.44","gamma_bin","vary_sd",5.44,FALSE,36,0.767842249776292,0.750329355989101,0.93,0.0789426667506668,0.93,0.0784187736689221,-0.0175128937871907
"gamma_bin_7.50_5.44","gamma_bin","vary_sd",5.44,FALSE,37,0.750320099865667,0.737299968660137,0.95,0.0791116681971015,0.95,0.0786072824590769,-0.0130201312055296
"gamma_bin_7.50_5.44","gamma_bin","vary_sd",5.44,FALSE,38,0.732127511283489,0.724581937890527,0.96,0.0782766312975513,0.96,0.0777542297478282,-0.00754557339296213
"gamma_bin_7.50_5.44","gamma_bin","vary_sd",5.44,FALSE,39,0.713945546467747,0.712170971199954,0.99,0.0761811836851375,0.97,0.0757278541626085,-0.00177457526779301
"gamma_bin_7.50_5.44","gamma_bin","vary_sd",5.44,FALSE,40,0.696377644387645,0.70016115757201,0.98,0.0734968855365625,0.96,0.0730554448198778,0.00378351318436521
"gamma_bin_7.50_5.44","gamma_bin","vary_sd",5.44,FALSE,41,0.679931575981829,0.688649496439772,0.94,0.0712220277119426,0.95,0.0707609242084118,0.0087179204579434
"gamma_bin_7.50_5.44","gamma_bin","vary_sd",5.44,FALSE,42,0.665012401557135,0.677923687230339,0.94,0.0698304125092672,0.94,0.0693934946758136,0.0129112856732035
"gamma_bin_7.50_5.44","gamma_bin","vary_sd",5.44,FALSE,43,0.65192842067752,0.668069090024894,0.94,0.0694477342980787,0.94,0.0691195142265498,0.0161406693473737
"gamma_bin_7.50_5.44","gamma_bin","vary_sd",5.44,FALSE,44,0.640906266957601,0.659046578237784,0.93,0.0700531862878514,0.94,0.0696462854657487,0.0181403112801832
"gamma_bin_7.50_5.44","gamma_bin","vary_sd",5.44,FALSE,45,0.632110069284813,0.651071595625483,0.94,0.0709991701824153,0.94,0.0705967720505493,0.0189615263406703
"gamma_bin_7.50_5.44","gamma_bin","vary_sd",5.44,FALSE,46,0.625656360123327,0.644195572386191,0.95,0.0717191193066516,0.96,0.0713247431299642,0.0185392122628636
"gamma_bin_7.50_5.44","gamma_bin","vary_sd",5.44,FALSE,47,0.621502273809677,0.638415971674083,0.96,0.0717415629612741,0.96,0.0713243364663245,0.0169136978644057
"gamma_bin_7.50_5.44","gamma_bin","vary_sd",5.44,FALSE,48,0.619441171957512,0.633806637149777,0.98,0.0708986440083669,0.98,0.0704653745357031,0.0143654651922653
"gamma_bin_7.50_5.44","gamma_bin","vary_sd",5.44,FALSE,49,0.619256488578844,0.630317834523748,0.99,0.0692701302282212,0.98,0.0688572272238513,0.0110613459449039
"gamma_bin_7.50_5.44","gamma_bin","vary_sd",5.44,FALSE,50,0.620736004042686,0.627936757364882,0.98,0.0677801391580116,0.97,0.0673678992939686,0.00720075332219561
"gamma_bin_7.50_5.44","gamma_bin","vary_sd",5.44,FALSE,51,0.623679916186844,0.626600624089658,0.97,0.066734150072776,0.97,0.0663526071052881,0.00292070790281362
"gamma_bin_7.50_5.44","gamma_bin","vary_sd",5.44,FALSE,52,0.627908213332621,0.626230377691943,0.97,0.0667221824107831,0.97,0.0662855909958956,-0.00167783564067814
"gamma_bin_7.50_5.44","gamma_bin","vary_sd",5.44,FALSE,53,0.633265384812971,0.626832577376503,0.95,0.0676918394135227,0.93,0.0672221276334765,-0.00643280743646812
"gamma_bin_7.50_5.44","gamma_bin","vary_sd",5.44,FALSE,54,0.639622221613428,0.628373267848712,0.94,0.0690882358877317,0.94,0.0686428995539047,-0.011248953764716
"gamma_bin_7.50_5.44","gamma_bin","vary_sd",5.44,FALSE,55,0.646875295241765,0.630836336961571,0.93,0.0705638776010717,0.94,0.0701065868419641,-0.016038958280194
"gamma_bin_7.50_5.44","gamma_bin","vary_sd",5.44,FALSE,56,0.654940797889892,0.634165699269241,0.92,0.0716394090916393,0.91,0.071194687107657,-0.0207750986206513
"gamma_bin_7.50_5.44","gamma_bin","vary_sd",5.44,FALSE,57,0.663667548235467,0.638268979304241,0.87,0.0719763334448025,0.88,0.0715245610768557,-0.0253985689312262
"gamma_bin_7.50_5.44","gamma_bin","vary_sd",5.44,FALSE,58,0.67283196893338,0.64313931615351,0.85,0.0713647721616756,0.85,0.070916511907595,-0.0296926527798697
"gamma_bin_7.50_5.44","gamma_bin","vary_sd",5.44,FALSE,59,0.682212593504884,0.648727057288999,0.83,0.0704915997928,0.83,0.0700456154262014,-0.0334855362158853
"gamma_bin_7.50_5.44","gamma_bin","vary_sd",5.44,FALSE,60,0.691594549334227,0.65486586918401,0.82,0.0701896400813389,0.81,0.0696766081072449,-0.036728680150217
"gamma_bin_7.50_5.44","gamma_bin","vary_sd",5.44,FALSE,61,0.700774343176902,0.661562307373707,0.81,0.070744833674658,0.8,0.0702100709799353,-0.0392120358031951
"gamma_bin_7.50_5.44","gamma_bin","vary_sd",5.44,FALSE,62,0.709565411363515,0.668698085905848,0.79,0.0722816439849901,0.79,0.0717176722782476,-0.0408673254576669
"gamma_bin_7.50_5.44","gamma_bin","vary_sd",5.44,FALSE,63,0.717802382251417,0.676144973578909,0.82,0.0744962221444767,0.8,0.073827937520087,-0.0416574086725077
"gamma_bin_7.50_5.44","gamma_bin","vary_sd",5.44,FALSE,64,0.725343303375917,0.683744937144253,0.82,0.0767633503636019,0.81,0.0761600602871653,-0.0415983662316636
"gamma_bin_7.50_5.44","gamma_bin","vary_sd",5.44,FALSE,65,0.732069930484564,0.691573489045042,0.85,0.0786052094462701,0.84,0.0779856626070712,-0.040496441439522
"gamma_bin_7.50_5.44","gamma_bin","vary_sd",5.44,FALSE,66,0.737895666769886,0.699484834438659,0.85,0.0793686888557503,0.86,0.078757265008447,-0.0384108323312271
"gamma_bin_7.50_5.44","gamma_bin","vary_sd",5.44,FALSE,67,0.742895958587221,0.707363605810957,0.87,0.079009552224834,0.87,0.0784826126155368,-0.0355323527762642
"gamma_bin_7.50_5.44","gamma_bin","vary_sd",5.44,FALSE,68,0.747278763319657,0.715262997771377,0.89,0.0780480051963242,0.88,0.0775130592752723,-0.0320157655482798
"gamma_bin_7.50_5.44","gamma_bin","vary_sd",5.44,FALSE,69,0.751271373438236,0.723000619395611,0.89,0.0771317211505028,0.89,0.076653970303513,-0.0282707540426246
"gamma_bin_7.50_5.44","gamma_bin","vary_sd",5.44,FALSE,70,0.755105697598796,0.730596349357277,0.92,0.076958050572761,0.91,0.0764544233131412,-0.0245093482415191
"gamma_bin_7.50_5.44","gamma_bin","vary_sd",5.44,FALSE,71,0.759004827658807,0.738071287638813,0.93,0.07782252304668,0.92,0.0773518237557234,-0.020933540019994
"gamma_bin_7.50_5.44","gamma_bin","vary_sd",5.44,FALSE,72,0.76317231106088,0.745459966350987,0.94,0.0796984701573579,0.94,0.0791609796065712,-0.0177123447098926
"gamma_bin_7.50_5.44","gamma_bin","vary_sd",5.44,FALSE,73,0.767786202417761,0.752740558085193,0.94,0.0819865553829359,0.94,0.081416129643237,-0.0150456443325676
"gamma_bin_7.50_5.44","gamma_bin","vary_sd",5.44,FALSE,74,0.772997638290372,0.759918429597564,0.94,0.0840830141953768,0.94,0.0834584541573635,-0.0130792086928083
"gamma_bin_7.50_5.44","gamma_bin","vary_sd",5.44,FALSE,75,0.77893263784533,0.766880536687181,0.95,0.0851129202156432,0.94,0.0845003418628154,-0.0120521011581494
"gamma_bin_7.50_5.44","gamma_bin","vary_sd",5.44,FALSE,76,0.78568141824908,0.773586492358828,0.94,0.0847098317883674,0.92,0.0841304909765894,-0.0120949258902522
"gamma_bin_7.50_5.44","gamma_bin","vary_sd",5.44,FALSE,77,0.793148670755028,0.779992029253516,0.93,0.0831861347730245,0.92,0.0826160617273397,-0.0131566415015121
"gamma_bin_7.50_5.44","gamma_bin","vary_sd",5.44,FALSE,78,0.801109464577554,0.786161007405993,0.94,0.0815658340000336,0.93,0.081058164458877,-0.0149484571715612
"gamma_bin_7.50_5.44","gamma_bin","vary_sd",5.44,FALSE,79,0.809317687520099,0.79207011869022,0.94,0.0809809777932014,0.93,0.080462219408514,-0.0172475688298792
"gamma_bin_7.50_5.44","gamma_bin","vary_sd",5.44,FALSE,80,0.817518562189946,0.797622391426982,0.95,0.0816881675670085,0.93,0.0811269940338528,-0.0198961707629645
"gamma_bin_7.50_5.44","gamma_bin","vary_sd",5.44,FALSE,81,0.825462916255739,0.802891198574858,0.94,0.083477123095513,0.92,0.0828461818186401,-0.0225717176808805
"gamma_bin_7.50_5.44","gamma_bin","vary_sd",5.44,FALSE,82,0.832920079463184,0.807847111466351,0.92,0.0858628477239217,0.92,0.0852090223727683,-0.0250729679968329
"gamma_bin_7.50_5.44","gamma_bin","vary_sd",5.44,FALSE,83,0.83968668789734,0.812686246042766,0.91,0.0880783555633838,0.9,0.0874632279862945,-0.0270004418545737
"gamma_bin_7.50_5.44","gamma_bin","vary_sd",5.44,FALSE,84,0.845591000049052,0.81723299625442,0.91,0.0894836003039739,0.88,0.0888879965585273,-0.0283580037946316
"gamma_bin_7.50_5.44","gamma_bin","vary_sd",5.44,FALSE,85,0.850493536894317,0.821548987516377,0.91,0.0896122943697135,0.89,0.0890302092186878,-0.0289445493779397
"gamma_bin_7.50_5.44","gamma_bin","vary_sd",5.44,FALSE,86,0.854297533108007,0.825592941150868,0.89,0.0884872928058618,0.89,0.0878944905451538,-0.0287045919571394
"gamma_bin_7.50_5.44","gamma_bin","vary_sd",5.44,FALSE,87,0.857044342489846,0.82943404784009,0.86,0.0869206532845914,0.87,0.0863334779722295,-0.0276102946497561
"gamma_bin_7.50_5.44","gamma_bin","vary_sd",5.44,FALSE,88,0.858857822167393,0.833099064903212,0.87,0.0859144193196753,0.85,0.0853686153949593,-0.0257587572641811
"gamma_bin_7.50_5.44","gamma_bin","vary_sd",5.44,FALSE,89,0.859878747666928,0.836600059060558,0.86,0.0859774543499853,0.86,0.0853034853146392,-0.0232786886063696
"gamma_bin_7.50_5.44","gamma_bin","vary_sd",5.44,FALSE,90,0.86025311141159,0.840100282206955,0.87,0.0871178263897066,0.85,0.0864149525516465,-0.0201528292046351
"gamma_bin_7.50_5.44","gamma_bin","vary_sd",5.44,FALSE,91,0.860120701023208,0.843540428303022,0.88,0.0889573246953161,0.86,0.0883352124125004,-0.0165802727201864
"gamma_bin_7.50_5.44","gamma_bin","vary_sd",5.44,FALSE,92,0.859606619529194,0.847062858987096,0.87,0.0911408891059042,0.87,0.0904370993918926,-0.0125437605420977
"gamma_bin_7.50_5.44","gamma_bin","vary_sd",5.44,FALSE,93,0.8588168361623,0.850702456479336,0.88,0.0926838718144166,0.88,0.0919566230038191,-0.00811437968296391
"gamma_bin_7.50_5.44","gamma_bin","vary_sd",5.44,FALSE,94,0.857837212377275,0.854408225410878,0.89,0.092985762493397,0.88,0.0923147187866561,-0.00342898696639671
"gamma_bin_7.50_5.44","gamma_bin","vary_sd",5.44,FALSE,95,0.856734852284735,0.858213034399188,0.9,0.0918802779413672,0.89,0.0912200977262539,0.00147818211445261
"gamma_bin_7.50_5.44","gamma_bin","vary_sd",5.44,FALSE,96,0.855586935925609,0.862122262433474,0.9,0.0899772160252584,0.9,0.0894300462420211,0.00653532650786548
"gamma_bin_7.50_5.44","gamma_bin","vary_sd",5.44,FALSE,97,0.854642173312711,0.866353531305231,0.88,0.0885057419821015,0.88,0.0880206283819084,0.01171135799252
"gamma_bin_7.50_5.44","gamma_bin","vary_sd",5.44,FALSE,98,0.854216899337268,0.870893885301447,0.88,0.0883386204175617,0.89,0.087829779479546,0.0166769859641791
"gamma_bin_7.50_5.44","gamma_bin","vary_sd",5.44,FALSE,99,0.854615196085733,0.875749593878115,0.9,0.0897183008184428,0.91,0.0891910252900831,0.0211343977923818
"gamma_bin_7.50_5.44","gamma_bin","vary_sd",5.44,FALSE,100,0.856123392287051,0.881011457499446,0.91,0.0920994120965648,0.92,0.09155988170858,0.0248880652123948
"gamma_bin_7.50_5.44","gamma_bin","vary_sd",5.44,FALSE,101,0.859003725920451,0.886730410647596,0.91,0.0947443233024045,0.91,0.0942231808751584,0.0277266847271448
"gamma_bin_7.50_5.44","gamma_bin","vary_sd",5.44,FALSE,102,0.863491057515902,0.892742248049603,0.89,0.0969065287138666,0.89,0.0963518800732822,0.0292511905337014
"gamma_bin_7.50_5.44","gamma_bin","vary_sd",5.44,FALSE,103,0.869793786137492,0.899154124561771,0.88,0.0978944422950601,0.9,0.0973738614661905,0.0293603384242788
"gamma_bin_7.50_5.44","gamma_bin","vary_sd",5.44,FALSE,104,0.878098070350996,0.905905958068046,0.9,0.097422991089504,0.91,0.096875281258871,0.02780788771705
"gamma_bin_7.50_5.44","gamma_bin","vary_sd",5.44,FALSE,105,0.888573897619543,0.912860923726602,0.89,0.0959002770090141,0.87,0.0952434869848448,0.0242870261070594
"gamma_bin_7.50_5.44","gamma_bin","vary_sd",5.44,FALSE,106,0.901301658370892,0.92007444687841,0.91,0.0943255243892191,0.9,0.09372857569861,0.0187727885075175
"gamma_bin_7.50_5.44","gamma_bin","vary_sd",5.44,FALSE,107,0.915897849763235,0.927342064763814,0.92,0.093747900595827,0.92,0.0931329913884986,0.011444215000579
"gamma_bin_7.50_5.44","gamma_bin","vary_sd",5.44,FALSE,108,0.931781890770312,0.93443959077651,0.92,0.0942981878978623,0.92,0.093724885528277,0.00265770000619803
"gamma_bin_7.50_5.44","gamma_bin","vary_sd",5.44,FALSE,109,0.964908287444313,0.941217766291889,0.89,0.0962093881894457,0.87,0.0955466311600112,-0.023690521152424
"gamma_bin_7.50_5.44","gamma_bin","vary_sd",5.44,FALSE,110,0.980887218164916,0.947565477195275,0.88,0.0987048546177418,0.83,0.0980348924238713,-0.0333217409696412
"gamma_bin_7.50_5.44","gamma_bin","vary_sd",5.44,FALSE,111,0.995692213942587,0.953516963992345,0.87,0.101043796532967,0.83,0.100320600084306,-0.0421752499502419
"gamma_bin_7.50_5.44","gamma_bin","vary_sd",5.44,FALSE,112,1.00881666031265,0.958869347642347,0.81,0.102388378999069,0.79,0.101635930169836,-0.0499473126703035
"gamma_bin_7.50_5.44","gamma_bin","vary_sd",5.44,FALSE,113,1.01983605940048,0.963556890709484,0.75,0.101926763887765,0.72,0.10121836088471,-0.0562791686909965
"gamma_bin_7.50_5.44","gamma_bin","vary_sd",5.44,FALSE,114,1.02841129997895,0.967458291747856,0.75,0.0999710241371724,0.73,0.0992210180398628,-0.0609530082310945
"gamma_bin_7.50_5.44","gamma_bin","vary_sd",5.44,FALSE,115,1.03430371035801,0.970590616701288,0.74,0.097621357843499,0.69,0.0969547276206857,-0.0637130936567224
"gamma_bin_7.50_5.44","gamma_bin","vary_sd",5.44,FALSE,116,1.03743175161603,0.972915182247819,0.71,0.0959986185363398,0.69,0.0953560408357804,-0.0645165693682115
"gamma_bin_7.50_5.44","gamma_bin","vary_sd",5.44,FALSE,117,1.0378022122009,0.974455050072003,0.69,0.0960725817862372,0.7,0.095396846156771,-0.0633471621288976
"gamma_bin_7.50_5.44","gamma_bin","vary_sd",5.44,FALSE,118,1.03547276308025,0.975363252045165,0.74,0.0975218925592669,0.72,0.0968329211643021,-0.0601095110350854
"gamma_bin_7.50_5.44","gamma_bin","vary_sd",5.44,FALSE,119,1.03053550780697,0.97560188200185,0.79,0.0997778100165799,0.78,0.0990410468744094,-0.05493362580512
"gamma_bin_7.50_5.44","gamma_bin","vary_sd",5.44,FALSE,120,1.02310221069091,0.975202287070401,0.84,0.101941048917811,0.79,0.101210478034237,-0.0478999236205094
"gamma_bin_7.50_5.44","gamma_bin","vary_sd",5.44,FALSE,121,1.01329357541095,0.974243806202861,0.89,0.103184728657792,0.88,0.102384663068935,-0.039049769208089
"gamma_bin_7.50_5.44","gamma_bin","vary_sd",5.44,FALSE,122,1.00123289414715,0.972734608878916,0.92,0.102940057839137,0.93,0.102178071995961,-0.0284982852682343
"gamma_bin_7.50_5.44","gamma_bin","vary_sd",5.44,FALSE,123,0.987043160294477,0.970788057183412,0.94,0.101054743282516,0.93,0.100303370802041,-0.0162551031110646
"gamma_bin_7.50_5.44","gamma_bin","vary_sd",5.44,FALSE,124,0.970846430550826,0.968397641991417,0.96,0.0985131304153845,0.95,0.0978746043399295,-0.00244878855940855
"gamma_bin_7.50_5.44","gamma_bin","vary_sd",5.44,FALSE,125,0.953001568168985,0.965882446490688,0.92,0.0967058463277668,0.92,0.096081408363791,0.0128808783217035
"gamma_bin_7.50_5.44","gamma_bin","vary_sd",5.44,FALSE,126,0.934680947695761,0.963393913716017,0.87,0.0960920532720454,0.87,0.0953270683228423,0.0287129660202559
"gamma_bin_7.50_5.44","gamma_bin","vary_sd",5.44,FALSE,127,0.917145793226913,0.961123987965169,0.83,0.0969256781128358,0.86,0.0961816128801005,0.0439781947382555
"gamma_bin_7.50_5.44","gamma_bin","vary_sd",5.44,FALSE,128,0.901530406151582,0.959282662614909,0.75,0.0986273181026922,0.77,0.0979598889874658,0.0577522564633269
"gamma_bin_7.50_5.44","gamma_bin","vary_sd",5.44,FALSE,129,0.888820761331304,0.957994385148972,0.73,0.100848660897573,0.72,0.100123167813404,0.0691736238176676
"gamma_bin_7.50_5.44","gamma_bin","vary_sd",5.44,FALSE,130,0.879849051096058,0.957368683535624,0.68,0.102304988199917,0.68,0.101647500440333,0.0775196324395664
"gamma_bin_7.50_5.44","gamma_bin","vary_sd",5.44,FALSE,131,0.875312502934994,0.95741778305566,0.65,0.102495356538808,0.67,0.101891295286422,0.0821052801206659
"gamma_bin_7.50_5.44","gamma_bin","vary_sd",5.44,FALSE,132,0.875810644994376,0.958307680312911,0.65,0.10113335123611,0.65,0.1005695253328,0.0824970353185346
"gamma_bin_7.50_5.44","gamma_bin","vary_sd",5.44,FALSE,133,0.881891211117993,0.959926375686329,0.65,0.0988377267658287,0.65,0.0982700267589224,0.0780351645683359
"gamma_bin_7.50_5.44","gamma_bin","vary_sd",5.44,FALSE,134,0.894096753734329,0.962254620363554,0.7,0.0966139321525552,0.69,0.0959986656037447,0.0681578666292246
"gamma_bin_7.50_5.44","gamma_bin","vary_sd",5.44,FALSE,135,0.912538889585145,0.964959919895082,0.76,0.0953999340504166,0.77,0.0948280402794326,0.0524210303099373
"gamma_bin_7.50_5.44","gamma_bin","vary_sd",5.44,FALSE,136,0.935968580436848,0.967877843332395,0.83,0.095883064724393,0.82,0.0952644993585287,0.0319092628955469
"gamma_bin_7.50_5.44","gamma_bin","vary_sd",5.44,FALSE,137,0.962748452443007,0.970831782731457,0.9,0.097811376685582,0.9,0.0972030334633644,0.0080833302884501
"gamma_bin_7.50_5.44","gamma_bin","vary_sd",5.44,FALSE,138,0.991058087015847,0.973666541276244,0.92,0.100420331458482,0.91,0.0997394724161449,-0.0173915457396034
"gamma_bin_7.50_5.44","gamma_bin","vary_sd",5.44,FALSE,139,1.01894781256074,0.976186684320945,0.86,0.102777315455958,0.83,0.102079032571494,-0.0427611282397954
"gamma_bin_7.50_5.44","gamma_bin","vary_sd",5.44,FALSE,140,1.04444932027992,0.978219604137664,0.72,0.104096161037044,0.69,0.103402227414606,-0.0662297161422558
"gamma_bin_7.50_5.44","gamma_bin","vary_sd",5.44,FALSE,141,1.0657059122687,0.979658370728032,0.59,0.103628662511048,0.56,0.102885688910444,-0.0860475415406685
"gamma_bin_7.50_5.44","gamma_bin","vary_sd",5.44,FALSE,142,1.0810929449843,0.980517571542532,0.5,0.101538690969996,0.49,0.100821085355969,-0.100575373441768
"gamma_bin_7.50_5.44","gamma_bin","vary_sd",5.44,FALSE,143,1.08930930531451,0.980761197866899,0.45,0.099082736213545,0.43,0.0984006765446533,-0.108548107447611
"gamma_bin_7.50_5.44","gamma_bin","vary_sd",5.44,FALSE,144,1.08943317712892,0.98037493672338,0.46,0.097343810088454,0.42,0.0967023647772867,-0.10905824040554
"gamma_bin_7.50_5.44","gamma_bin","vary_sd",5.44,FALSE,145,1.08148967301391,0.979500467646586,0.48,0.0968995698223571,0.49,0.0962712405921759,-0.101989205367324
"gamma_bin_7.50_5.44","gamma_bin","vary_sd",5.44,FALSE,146,1.067118056924,0.978145326119321,0.53,0.0980682359248748,0.51,0.0973683165129296,-0.088972730804679
"gamma_bin_7.50_5.44","gamma_bin","vary_sd",5.44,FALSE,147,1.04828964020928,0.976409423032652,0.66,0.100066394142427,0.61,0.0992944911552501,-0.0718802171766283
"gamma_bin_7.50_5.44","gamma_bin","vary_sd",5.44,FALSE,148,1.02693455801449,0.974201569262946,0.79,0.101994166261423,0.79,0.101213795872807,-0.0527329887515442
"gamma_bin_7.50_5.44","gamma_bin","vary_sd",5.44,FALSE,149,1.00477443375589,0.971739873562166,0.9,0.103215443423683,0.88,0.102426272100095,-0.0330345601937243
"gamma_bin_7.50_5.44","gamma_bin","vary_sd",5.44,FALSE,150,0.983222907766779,0.968987073655304,0.94,0.102929874846903,0.94,0.102129974504974,-0.0142358341114749
"gamma_bin_7.50_5.44","gamma_bin","vary_sd",5.44,FALSE,151,0.963363940769346,0.966025010633893,0.93,0.100929132775337,0.93,0.100268207642852,0.00266106986454706
"gamma_bin_7.50_5.44","gamma_bin","vary_sd",5.44,FALSE,152,0.945985514931433,0.962977335870095,0.91,0.0983841465681473,0.92,0.0978144809683602,0.0169918209386617
"gamma_bin_7.50_5.44","gamma_bin","vary_sd",5.44,FALSE,153,0.931639698450479,0.959843651015762,0.89,0.0965982621158049,0.89,0.0959235470210812,0.028203952565283
"gamma_bin_7.50_5.44","gamma_bin","vary_sd",5.44,FALSE,154,0.920706027513323,0.956754500211286,0.81,0.095894313419696,0.81,0.0952589441906544,0.0360484726979633
"gamma_bin_7.50_5.44","gamma_bin","vary_sd",5.44,FALSE,155,0.913287949909382,0.953981136528207,0.81,0.0966814052998461,0.81,0.0960501283304752,0.0406931866188253
"gamma_bin_7.50_5.44","gamma_bin","vary_sd",5.44,FALSE,156,0.909118262499206,0.951761626196659,0.81,0.0984611897482117,0.82,0.0978413923190509,0.0426433636974528
"gamma_bin_7.50_5.44","gamma_bin","vary_sd",5.44,FALSE,157,0.90786599524967,0.950015126493068,0.83,0.100448555729734,0.83,0.0998319854445048,0.0421491312433983
"gamma_bin_7.50_5.44","gamma_bin","vary_sd",5.44,FALSE,158,0.909191813449816,0.948893762183977,0.83,0.10191020878809,0.83,0.101265369912284,0.0397019487341608
"gamma_bin_7.50_5.44","gamma_bin","vary_sd",5.44,FALSE,159,0.9127706498954,0.948387262580697,0.86,0.10223415689906,0.86,0.1015671209994,0.0356166126852973
"gamma_bin_7.50_5.44","gamma_bin","vary_sd",5.44,FALSE,160,0.918310343562916,0.948657923056846,0.89,0.101134739585631,0.9,0.10049423189849,0.0303475794939296
"gamma_bin_7.50_5.44","gamma_bin","vary_sd",5.44,FALSE,161,0.925562601543549,0.949608188023159,0.89,0.0988163522153267,0.9,0.098196338065325,0.02404558647961
"gamma_bin_7.50_5.44","gamma_bin","vary_sd",5.44,FALSE,162,0.934326617511047,0.951423673060815,0.91,0.0968165798557021,0.9,0.0962178221727961,0.0170970555497678
"gamma_bin_7.50_5.44","gamma_bin","vary_sd",5.44,FALSE,163,0.944447396594412,0.95388488242618,0.92,0.0958729289096439,0.91,0.0952961243064011,0.00943748583176851
"gamma_bin_7.50_5.44","gamma_bin","vary_sd",5.44,FALSE,164,0.955808426255688,0.957021606948946,0.91,0.0967177145983264,0.91,0.096159645561337,0.00121318069325804
"gamma_bin_7.50_5.44","gamma_bin","vary_sd",5.44,FALSE,165,0.968171987055275,0.960911082211335,0.94,0.0989795130573935,0.94,0.0983790816028746,-0.00726090484394026
"gamma_bin_7.50_5.44","gamma_bin","vary_sd",5.44,FALSE,166,0.981075418082579,0.965486739148862,0.92,0.101891207847835,0.92,0.101298472894955,-0.0155886789337171
"gamma_bin_7.50_5.44","gamma_bin","vary_sd",5.44,FALSE,167,0.99403776313242,0.970784798776932,0.92,0.104579785109117,0.88,0.103909338618515,-0.0232529643554878
"gamma_bin_7.50_5.44","gamma_bin","vary_sd",5.44,FALSE,168,1.00658618871785,0.976831312771433,0.89,0.106103763896281,0.87,0.105450939710099,-0.0297548759464172
"gamma_bin_7.50_5.44","gamma_bin","vary_sd",5.44,FALSE,169,1.01827263962082,0.983534552442693,0.87,0.106174857840471,0.85,0.105532737880729,-0.0347380871781267
"gamma_bin_7.50_5.44","gamma_bin","vary_sd",5.44,FALSE,170,1.02869207421039,0.990910558873069,0.83,0.104799633918072,0.83,0.104175891408291,-0.0377815153373211
"gamma_bin_7.50_5.44","gamma_bin","vary_sd",5.44,FALSE,171,1.03749575970787,0.998976480654655,0.82,0.103102536564971,0.8,0.102481967114081,-0.0385192790532154
"gamma_bin_7.50_5.44","gamma_bin","vary_sd",5.44,FALSE,172,1.04439766370686,1.0077753692212,0.8,0.102144345628226,0.8,0.101408356000195,-0.0366222944856605
"gamma_bin_7.50_5.44","gamma_bin","vary_sd",5.44,FALSE,173,1.04917474480308,1.01721132307247,0.83,0.102519414489838,0.81,0.101798089679846,-0.031963421730608
"gamma_bin_7.50_5.44","gamma_bin","vary_sd",5.44,FALSE,174,1.05167598943045,1.02728292143002,0.85,0.104421619754438,0.85,0.103749115433308,-0.0243930680004276
"gamma_bin_7.50_5.44","gamma_bin","vary_sd",5.44,FALSE,175,1.05228684352057,1.03786551153423,0.88,0.107125956683055,0.88,0.106498509879028,-0.0144213319863398
"gamma_bin_7.50_5.44","gamma_bin","vary_sd",5.44,FALSE,176,1.05205037229906,1.04910279130885,0.92,0.109786754602855,0.91,0.10912273729725,-0.00294758099021242
"gamma_bin_7.50_5.44","gamma_bin","vary_sd",5.44,FALSE,177,1.05206304074467,1.06085927334872,0.91,0.111538083192958,0.92,0.110823821692226,0.0087962326040536
"gamma_bin_7.50_5.44","gamma_bin","vary_sd",5.44,FALSE,178,1.0533911428065,1.07319312746537,0.89,0.11193287954719,0.88,0.1112455663726,0.0198019846588724
"gamma_bin_7.50_5.44","gamma_bin","vary_sd",5.44,FALSE,179,1.05702523270082,1.08606543839048,0.89,0.110719695705204,0.87,0.110071544328225,0.0290402056896557
"gamma_bin_7.50_5.44","gamma_bin","vary_sd",5.44,FALSE,180,1.06385390304002,1.09934273552191,0.86,0.108954630915645,0.83,0.108242969820586,0.0354888324818903
"gamma_bin_7.50_5.44","gamma_bin","vary_sd",5.44,FALSE,181,1.07466368846286,1.11265369352983,0.83,0.107692424679257,0.83,0.107027119043072,0.0379900050669666
"gamma_bin_7.50_5.44","gamma_bin","vary_sd",5.44,FALSE,182,1.09015918537017,1.12579849119461,0.84,0.108078794911528,0.84,0.107251808166503,0.0356393058244411
"gamma_bin_7.50_5.44","gamma_bin","vary_sd",5.44,FALSE,183,1.11099415707904,1.13858839490387,0.86,0.110144544535487,0.86,0.109302739517648,0.0275942378248308
"gamma_bin_7.50_5.44","gamma_bin","vary_sd",5.44,FALSE,184,1.13776253966062,1.1506219258326,0.89,0.113469674599988,0.89,0.112622085035613,0.0128593861719799
"gamma_bin_7.50_5.44","gamma_bin","vary_sd",5.44,FALSE,185,1.16994138910722,1.16178051632413,0.86,0.117102300554067,0.88,0.116189832751424,-0.00816087278308797
"gamma_bin_7.50_5.44","gamma_bin","vary_sd",5.44,FALSE,186,1.20568067952197,1.1719368133749,0.86,0.119931790184567,0.86,0.118941979676405,-0.0337438661470704
"gamma_bin_7.50_5.44","gamma_bin","vary_sd",5.44,FALSE,187,1.24280592689739,1.1807839009445,0.8,0.120761719759096,0.8,0.119807814637107,-0.0620220259528947
"gamma_bin_7.50_5.44","gamma_bin","vary_sd",5.44,FALSE,188,1.27892507759421,1.18822101526748,0.71,0.119337491735835,0.65,0.118446012775964,-0.0907040623267337
"gamma_bin_7.50_5.44","gamma_bin","vary_sd",5.44,FALSE,189,1.31157809299846,1.19418337754963,0.48,0.11666971199692,0.48,0.115747054808535,-0.117394715448826
"gamma_bin_7.50_5.44","gamma_bin","vary_sd",5.44,FALSE,190,1.33842575739913,1.19856959389377,0.36,0.114043760068457,0.37,0.113185468349422,-0.139856163505365
"gamma_bin_7.50_5.44","gamma_bin","vary_sd",5.44,FALSE,191,1.35742493987032,1.20125875417044,0.31,0.112837520113256,0.25,0.11194751200634,-0.156166185699878
"gamma_bin_7.50_5.44","gamma_bin","vary_sd",5.44,FALSE,192,1.36695842059754,1.20229458872602,0.26,0.113301813767095,0.23,0.11238015962412,-0.164663831871519
"gamma_bin_7.50_5.44","gamma_bin","vary_sd",5.44,FALSE,193,1.36590703303142,1.20152795140647,0.25,0.115365872784484,0.23,0.114386360693024,-0.164379081624951
"gamma_bin_7.50_5.44","gamma_bin","vary_sd",5.44,FALSE,194,1.35374441935837,1.1990351210395,0.32,0.117977758525843,0.29,0.116872667782938,-0.154709298318875
"gamma_bin_7.50_5.44","gamma_bin","vary_sd",5.44,FALSE,195,1.33179505256341,1.19495160156949,0.41,0.119781716029028,0.37,0.118619125528008,-0.136843450993919
"gamma_bin_7.50_5.44","gamma_bin","vary_sd",5.44,FALSE,196,1.30282908300336,1.18925063184759,0.58,0.119802052414889,0.53,0.11869369694864,-0.11357845115577
"gamma_bin_7.50_5.44","gamma_bin","vary_sd",5.44,FALSE,197,1.26962792749398,1.18199036944193,0.71,0.117716058949337,0.71,0.116725021794164,-0.0876375580520488
"gamma_bin_7.50_5.44","gamma_bin","vary_sd",5.44,FALSE,198,1.23470197201586,1.17322412209419,0.8,0.113794721750339,0.77,0.112940058882142,-0.0614778499216728
"gamma_bin_7.50_5.44","gamma_bin","vary_sd",5.44,FALSE,199,1.20012008532359,1.16337006344103,0.87,0.109766415601364,0.87,0.108928950895271,-0.0367500218825585
"gamma_bin_7.50_5.44","gamma_bin","vary_sd",5.44,FALSE,200,1.16745324780638,1.15294416696381,0.9,0.106937571190367,0.9,0.10624962658999,-0.0145090808425659
"gamma_bin_7.50_5.44","gamma_bin","vary_sd",5.44,FALSE,201,1.13781324493009,1.14241884841742,0.94,0.106164668466835,0.92,0.105449636853412,0.00460560348732653
"gamma_bin_7.50_5.44","gamma_bin","vary_sd",5.44,FALSE,202,1.11194114249594,1.1322086536021,0.93,0.107337694073783,0.95,0.106616369587154,0.0202675111061634
"gamma_bin_7.50_5.44","gamma_bin","vary_sd",5.44,FALSE,203,1.09030738318271,1.12272573513665,0.89,0.109225596093579,0.91,0.108533459736534,0.0324183519539416
"gamma_bin_7.50_5.44","gamma_bin","vary_sd",5.44,FALSE,204,1.07317842503564,1.11416428395011,0.86,0.111224919911299,0.9,0.110488708323764,0.0409858589144716
"gamma_bin_7.50_5.44","gamma_bin","vary_sd",5.44,FALSE,205,1.06040347302214,1.10679407572923,0.88,0.112342532713278,0.88,0.11161684549201,0.0463906027070906
"gamma_bin_7.50_5.44","gamma_bin","vary_sd",5.44,FALSE,206,1.05156904168052,1.10072604153686,0.88,0.111840926219744,0.86,0.111173363069882,0.0491569998563404
"gamma_bin_7.50_5.44","gamma_bin","vary_sd",5.44,FALSE,207,1.04624950999474,1.09598174866821,0.85,0.109746931621853,0.85,0.109124796618808,0.0497322386734722
"gamma_bin_7.50_5.44","gamma_bin","vary_sd",5.44,FALSE,208,1.04403704329192,1.0926794227362,0.83,0.10723656963132,0.82,0.106541118513238,0.0486423794442823
"gamma_bin_7.50_5.44","gamma_bin","vary_sd",5.44,FALSE,209,1.0445651521307,1.09102125530644,0.85,0.105107760834786,0.83,0.104574246566738,0.0464561031757396
"gamma_bin_7.50_5.44","gamma_bin","vary_sd",5.44,FALSE,210,1.04752392002038,1.091004948827,0.87,0.104635684832392,0.86,0.104070952578238,0.0434810288066187
"gamma_bin_7.50_5.44","gamma_bin","vary_sd",5.44,FALSE,211,1.05266551803821,1.09275374475932,0.86,0.105938418870177,0.85,0.105357609000252,0.0400882267211145
"gamma_bin_7.50_5.44","gamma_bin","vary_sd",5.44,FALSE,212,1.0598023103751,1.0962832346445,0.87,0.108492488325749,0.87,0.10780153109343,0.0364809242693993
"gamma_bin_7.50_5.44","gamma_bin","vary_sd",5.44,FALSE,213,1.06880062573221,1.10159523794563,0.91,0.111419199876328,0.89,0.110635281003684,0.03279461221342
"gamma_bin_7.50_5.44","gamma_bin","vary_sd",5.44,FALSE,214,1.0795784696348,1.10875741022426,0.92,0.113737670609311,0.93,0.112905773130604,0.029178940589464
"gamma_bin_7.50_5.44","gamma_bin","vary_sd",5.44,FALSE,215,1.09215111452811,1.1178134239428,0.93,0.114588308336318,0.94,0.113787866442635,0.0256623094146893
"gamma_bin_7.50_5.44","gamma_bin","vary_sd",5.44,FALSE,216,1.10660255202503,1.12878299758206,0.94,0.113611902981818,0.94,0.112886434052655,0.0221804455570327
"gamma_bin_7.50_5.44","gamma_bin","vary_sd",5.44,FALSE,217,1.1230463183655,1.14154399152595,0.94,0.111364020031468,0.94,0.110693177252626,0.0184976731604456
"gamma_bin_7.50_5.44","gamma_bin","vary_sd",5.44,FALSE,218,1.14161803384419,1.15575948135286,0.94,0.109389194809058,0.94,0.108750523185044,0.0141414475086734
"gamma_bin_7.50_5.44","gamma_bin","vary_sd",5.44,FALSE,219,1.16246850453014,1.17106631467484,0.95,0.108825009626384,0.95,0.108167201778881,0.00859781014469885
"gamma_bin_7.50_5.44","gamma_bin","vary_sd",5.44,FALSE,220,1.18575867786174,1.18725034099018,0.94,0.11033753239361,0.93,0.109625088423825,0.00149166312843829
"gamma_bin_7.50_5.44","gamma_bin","vary_sd",5.44,FALSE,221,1.21165701983639,1.2038847592673,0.94,0.113455781863449,0.95,0.112641648134953,-0.00777226056909197
"gamma_bin_7.50_5.44","gamma_bin","vary_sd",5.44,FALSE,222,1.24033898455105,1.22084062911074,0.93,0.117023143996315,0.92,0.11619732172981,-0.0194983554403061
"gamma_bin_7.50_5.44","gamma_bin","vary_sd",5.44,FALSE,223,1.27198794287079,1.23787911140566,0.9,0.120132479730871,0.9,0.119345595084638,-0.0341088314651319
"gamma_bin_7.50_5.44","gamma_bin","vary_sd",5.44,FALSE,224,1.30666523446541,1.25475331159451,0.85,0.122303343260525,0.82,0.121454590538976,-0.051911922870896
"gamma_bin_7.50_5.44","gamma_bin","vary_sd",5.44,FALSE,225,1.3433530482977,1.27124624769417,0.76,0.122540406636163,0.74,0.121576213044374,-0.072106800603531
"gamma_bin_7.50_5.44","gamma_bin","vary_sd",5.44,FALSE,226,1.38038171186225,1.28708640888392,0.67,0.12079550278857,0.68,0.119937418234607,-0.0932953029783334
"gamma_bin_7.50_5.44","gamma_bin","vary_sd",5.44,FALSE,227,1.41592160258673,1.30207752509341,0.57,0.118988656968117,0.55,0.117983925609492,-0.113844077493317
"gamma_bin_7.50_5.44","gamma_bin","vary_sd",5.44,FALSE,228,1.44808142918806,1.31580152384932,0.5,0.118458463315207,0.45,0.117531208247211,-0.132279905338736
"gamma_bin_7.50_5.44","gamma_bin","vary_sd",5.44,FALSE,229,1.47504730588812,1.3278731885586,0.41,0.119998023956273,0.37,0.119077596103507,-0.147174117329519
"gamma_bin_7.50_5.44","gamma_bin","vary_sd",5.44,FALSE,230,1.49521587906308,1.33804011241241,0.37,0.123501421267969,0.35,0.122479241885389,-0.157175766650673
"gamma_bin_7.50_5.44","gamma_bin","vary_sd",5.44,FALSE,231,1.50729103953841,1.34608404781835,0.38,0.127619471399624,0.37,0.126596999605664,-0.161206991720062
"gamma_bin_7.50_5.44","gamma_bin","vary_sd",5.44,FALSE,232,1.51033534857617,1.35185780959094,0.4,0.130898831681612,0.39,0.129854128415549,-0.158477538985226
"gamma_bin_7.50_5.44","gamma_bin","vary_sd",5.44,FALSE,233,1.50378097074586,1.35525679824022,0.44,0.132200619431093,0.44,0.131253345717826,-0.14852417250564
"gamma_bin_7.50_5.44","gamma_bin","vary_sd",5.44,FALSE,234,1.48764960471254,1.35615995250889,0.54,0.13108873014403,0.52,0.13005180724732,-0.131489652203654
"gamma_bin_7.50_5.44","gamma_bin","vary_sd",5.44,FALSE,235,1.46373241708909,1.35453834075281,0.64,0.127479159297856,0.62,0.126601402167998,-0.109194076336278
"gamma_bin_7.50_5.44","gamma_bin","vary_sd",5.44,FALSE,236,1.43448143272486,1.35061617223658,0.74,0.123064974662685,0.7,0.122240291216213,-0.0838652604882777
"gamma_bin_7.50_5.44","gamma_bin","vary_sd",5.44,FALSE,237,1.40223769952072,1.34470614582718,0.82,0.119834677725757,0.8,0.118976120747197,-0.0575315536935419
"gamma_bin_7.50_5.44","gamma_bin","vary_sd",5.44,FALSE,238,1.36905513115977,1.33727560778914,0.88,0.118786532055069,0.88,0.117859046625639,-0.0317795233706282
"gamma_bin_7.50_5.44","gamma_bin","vary_sd",5.44,FALSE,239,1.33659069308879,1.32865736182365,0.95,0.119727757040678,0.94,0.118824709954493,-0.00793333126513551
"gamma_bin_7.50_5.44","gamma_bin","vary_sd",5.44,FALSE,240,1.30608415861083,1.3192467071928,0.96,0.121614283625432,0.96,0.120748159337866,0.0131625485819722
"gamma_bin_7.50_5.44","gamma_bin","vary_sd",5.44,FALSE,241,1.27840456713347,1.30924715902959,0.94,0.123887022386336,0.95,0.123049825953302,0.0308425918961217
"gamma_bin_7.50_5.44","gamma_bin","vary_sd",5.44,FALSE,242,1.25412742548082,1.29891981570506,0.92,0.125534052475144,0.93,0.124729192089737,0.0447923902242446
"gamma_bin_7.50_5.44","gamma_bin","vary_sd",5.44,FALSE,243,1.23361554311767,1.28837976294503,0.88,0.126318608534199,0.91,0.12555225105067,0.0547642198273621
"gamma_bin_7.50_5.44","gamma_bin","vary_sd",5.44,FALSE,244,1.21706403589592,1.27762204131935,0.85,0.126793333399449,0.87,0.126003157280582,0.0605580054234294
"gamma_bin_7.50_5.44","gamma_bin","vary_sd",5.44,FALSE,245,1.20445667363505,1.26672490443751,0.86,0.128356643070434,0.87,0.127526711289069,0.0622682308024585
"gamma_bin_7.50_5.44","gamma_bin","vary_sd",5.44,FALSE,246,1.19569657050359,1.25594028066128,0.89,0.132662484094505,0.89,0.131786342155533,0.0602437101576894
"gamma_bin_7.50_5.44","gamma_bin","vary_sd",5.44,FALSE,247,1.19067334691389,1.24557208277099,0.91,0.140881948009266,0.93,0.13986638604253,0.054898735857098
"gamma_bin_7.50_5.44","gamma_bin","vary_sd",5.44,FALSE,248,1.1892846905786,1.23580755038832,0.95,0.152862498843152,0.97,0.15178392753834,0.0465228598097225
"gamma_bin_7.50_5.44","gamma_bin","vary_sd",5.44,FALSE,249,1.1914521017446,1.22673679202657,0.98,0.168028889220825,0.98,0.166809685821034,0.0352846902819741
"gamma_bin_7.50_5.44","gamma_bin","vary_sd",5.44,FALSE,250,1.19713021020468,1.21841746980886,1,0.185400992500747,1,0.18406224865506,0.0212872596041804
"gamma_bin_7.50_5.44","gamma_bin","vary_sd",5.44,FALSE,251,1.20631090184647,1.21087367591101,1,0.20445568608596,1,0.202732942925023,0.00456277406454375
"gamma_bin_7.50_5.44","gamma_bin","vary_sd",5.44,FALSE,252,1.21902415582724,1.20428260848731,1,0.224537480293783,1,0.222494189504525,-0.0147415473399319
"gamma_bin_7.50_5.44","gamma_bin","vary_sd",5.44,FALSE,253,1.23533724681924,1.19859601447438,1,0.245772801026298,1,0.243568333625008,-0.0367412323448648
