"key","family","scenario","grid_value","correct","day","truth","mean_R","coverage","half","hpd_coverage","hpd_half","bias"
"gamma_bin_3.00_3.40","gamma_bin","vary_mean",3,FALSE,2,6.47633271060018,3.45321324349067,0,0.139970602680392,0,0.137369812619829,-3.02311946710951
"gamma_bin_3.00_3.40","gamma_bin","vary_mean",3,FALSE,3,5.39748004467528,2.09776053743537,0,0.111828470785748,0,0.109516690921755,-3.29971950723991
"gamma_bin_3.00_3.40","gamma_bin","vary_mean",3,FALSE,4,4.52153259075373,1.64811436666114,0,0.103472539088922,0,0.101309817422615,-2.87341822409259
"gamma_bin_3.00_3.40","gamma_bin","vary_mean",3,FALSE,5,3.81075688710478,1.42903164816903,0,0.0993670110233432,0,0.0971663185979427,-2.38172523893575
"gamma_bin_3.00_3.40","gamma_bin","vary_mean",3,FALSE,6,3.23384975678135,1.30301982238768,0,0.0962620884116661,0,0.0942605129723768,-1.93082993439367
"gamma_bin_3.00_3.40","gamma_bin","vary_mean",3,FALSE,7,2.76512519694591,1.22345994325395,0,0.0932334002311582,0,0.0912494940684718,-1.54166525369196
"gamma_bin_3.00_3.40","gamma_bin","vary_mean",3,FALSE,8,2.38350063829982,1.16973209936631,0,0.0894494079988046,0,0.087653783646408,-1.21376853893351
"gamma_bin_3.00_3.40","gamma_bin","vary_mean",3,FALSE,9,2.07220990816182,1.13172468864023,0,0.0846994880406572,0,0.0832175053761279,-0.940485219521592
"gamma_bin_3.00_3.40","gamma_bin","vary_mean",3,FALSE,10,1.8180094782711,1.10364695976027,0,0.0793953961400492,0,0.078042529013444,-0.714362518510834
"gamma_bin_3.00_3.40","gamma_bin","vary_mean",3,FALSE,11,1.61045019265924,1.08185607687779,0,0.0738855419946477,0,0.0724772738949631,-0.528594115781452
"gamma_bin_3.00_3.40","gamma_bin","vary_mean",3,FALSE,12,1.44129331371926,1.06436027348734,0,0.0687345408921597,0,0.0673767529615905,-0.376933040231919
"gamma_bin_3.00_3.40","gamma_bin","vary_mean",3,FALSE,13,1.30405110997497,1.04990592750458,0,0.0647389140600692,0,0.0633112836621341,-0.254145182470388
"gamma_bin_3.00_3.40","gamma_bin","vary_mean",3,FALSE,14,1.1936337473603,1.03749474313605,0,0.0621367713918433,0,0.0608557355111413,-0.156139004224246
"gamma_bin_3.00_3.40","gamma_bin","vary_mean",3,FALSE,15,1.10608275580624,1.02639433817717,0.28,0.0608772891153062,0.27,0.059783844216509,-0.0796884176290686
"gamma_bin_3.00_3.40","gamma_bin","vary_mean",3,FALSE,16,1.03836845094092,1.01618149581069,0.9,0.0603262949162184,0.89,0.0591598038690982,-0.0221869551302327
"gamma_bin_3.00_3.40","gamma_bin","vary_mean",3,FALSE,17,0.987514418464918,1.0068245309188,0.86,0.0598041807673779,0.9,0.0586194512125914,0.0193101124538793
"gamma_bin_3.00_3.40","gamma_bin","vary_mean",3,FALSE,18,0.94985341422689,0.998110092949579,0.6,0.0588299385683114,0.58,0.0574796712948716,0.0482566787226888
"gamma_bin_3.00_3.40","gamma_bin","vary_mean",3,FALSE,19,0.922342058412537,0.989515504313552,0.33,0.0568151797450985,0.31,0.0555268984988388,0.0671734459010154
"gamma_bin_3.00_3.40","gamma_bin","vary_mean",3,FALSE,20,0.902533145800087,0.980972544916409,0.18,0.053993034035562,0.17,0.052907895785031,0.0784393991163218
"gamma_bin_3.00_3.40","gamma_bin","vary_mean",3,FALSE,21,0.888443579660898,0.972367289055626,0.13,0.0511945125482615,0.11,0.0502195588880192,0.0839237093947278
"gamma_bin_3.00_3.40","gamma_bin","vary_mean",3,FALSE,22,0.878474950045775,0.96384668392045,0.1,0.049648501419348,0.09,0.048769559046383,0.0853717338746751
"gamma_bin_3.00_3.40","gamma_bin","vary_mean",3,FALSE,23,0.871353706634507,0.955554932299855,0.12,0.0494960837965869,0.09,0.0486032519911919,0.0842012256653476
"gamma_bin_3.00_3.40","gamma_bin","vary_mean",3,FALSE,24,0.866079695774009,0.947200879229268,0.15,0.0503272572254235,0.13,0.049412553688483,0.0811211834552586
"gamma_bin_3.00_3.40","gamma_bin","vary_mean",3,FALSE,25,0.861880113955128,0.938907041974745,0.21,0.0514243169460458,0.2,0.0505500676242467,0.0770269280196166
"gamma_bin_3.00_3.40","gamma_bin","vary_mean",3,FALSE,26,0.858167576978305,0.930534712166705,0.28,0.0521225951614152,0.26,0.0512309380376529,0.0723671351884001
"gamma_bin_3.00_3.40","gamma_bin","vary_mean",3,FALSE,27,0.854446587171991,0.922215715511409,0.34,0.0520952510055533,0.33,0.0511117335112355,0.0677691283394176
"gamma_bin_3.00_3.40","gamma_bin","vary_mean",3,FALSE,28,0.850242530612154,0.913869356178643,0.36,0.0511258600292501,0.37,0.0501144473345738,0.0636268255664889
"gamma_bin_3.00_3.40","gamma_bin","vary_mean",3,FALSE,29,0.845168044117022,0.90545421843911,0.36,0.0494131981791671,0.36,0.0484319429566251,0.0602861743220885
"gamma_bin_3.00_3.40","gamma_bin","vary_mean",3,FALSE,30,0.838916821827613,0.896862118703486,0.4,0.0474394535714311,0.39,0.046533585648108,0.0579452968758732
"gamma_bin_3.00_3.40","gamma_bin","vary_mean",3,FALSE,31,0.83125458603177,0.888439739848443,0.39,0.046013270422865,0.35,0.0452405288799705,0.0571851538166731
"gamma_bin_3.00_3.40","gamma_bin","vary_mean",3,FALSE,32,0.822012955905288,0.88037100814758,0.31,0.0460839521950334,0.31,0.0452813771309087,0.0583580522422915
"gamma_bin_3.00_3.40","gamma_bin","vary_mean",3,FALSE,33,0.811083441801087,0.872434493174239,0.29,0.0474968946396545,0.28,0.0465193055150628,0.061351051373152
"gamma_bin_3.00_3.40","gamma_bin","vary_mean",3,FALSE,34,0.798410706391415,0.864519243174148,0.28,0.0491616439958477,0.27,0.0480832809488939,0.0661085367827328
"gamma_bin_3.00_3.40","gamma_bin","vary_mean",3,FALSE,35,0.783985284249482,0.856708245863773,0.22,0.0506744796741887,0.22,0.049527992160394,0.0727229616142909
"gamma_bin_3.00_3.40","gamma_bin","vary_mean",3,FALSE,36,0.767842249776292,0.848986675313551,0.17,0.0515242592041441,0.17,0.0504936365833343,0.0811444255372593
"gamma_bin_3.00_3.40","gamma_bin","vary_mean",3,FALSE,37,0.750320099865667,0.841425410479812,0.09,0.0514208846665772,0.1,0.0504892668635624,0.0911053106141448
"gamma_bin_3.00_3.40","gamma_bin","vary_mean",3,FALSE,38,0.732127511283489,0.833921258485066,0.05,0.0502880954120245,0.05,0.0493214114307704,0.101793747201577
"gamma_bin_3.00_3.40","gamma_bin","vary_mean",3,FALSE,39,0.713945546467747,0.826607809926702,0.01,0.0483816514041055,0.01,0.0473801560683799,0.112662263458955
"gamma_bin_3.00_3.40","gamma_bin","vary_mean",3,FALSE,40,0.696377644387645,0.819711597101979,0,0.0465942691199217,0,0.0456082679772306,0.123333952714334
"gamma_bin_3.00_3.40","gamma_bin","vary_mean",3,FALSE,41,0.679931575981829,0.813453995261648,0,0.0457206398178763,0,0.0446358155355424,0.133522419279819
"gamma_bin_3.00_3.40","gamma_bin","vary_mean",3,FALSE,42,0.665012401557135,0.807653312292206,0,0.0457467814973756,0,0.0447685249580689,0.142640910735071
"gamma_bin_3.00_3.40","gamma_bin","vary_mean",3,FALSE,43,0.65192842067752,0.802544043789667,0,0.0468636642984146,0,0.045800425139371,0.150615623112147
"gamma_bin_3.00_3.40","gamma_bin","vary_mean",3,FALSE,44,0.640906266957601,0.798233260358822,0.01,0.0481999166338117,0,0.0471119727582831,0.157326993401221
"gamma_bin_3.00_3.40","gamma_bin","vary_mean",3,FALSE,45,0.632110069284813,0.794654760288412,0.01,0.0493053862149922,0,0.0481683352243387,0.162544691003599
"gamma_bin_3.00_3.40","gamma_bin","vary_mean",3,FALSE,46,0.625656360123327,0.791855637502464,0.01,0.0497706597288212,0,0.0486431846542708,0.166199277379137
"gamma_bin_3.00_3.40","gamma_bin","vary_mean",3,FALSE,47,0.621502273809677,0.789751129696789,0,0.0494455406541242,0,0.0482724163561087,0.168248855887111
"gamma_bin_3.00_3.40","gamma_bin","vary_mean",3,FALSE,48,0.619441171957512,0.788474964361057,0,0.0482789604236358,0,0.0471536906905767,0.169033792403545
"gamma_bin_3.00_3.40","gamma_bin","vary_mean",3,FALSE,49,0.619256488578844,0.787889182578192,0,0.0468384049502402,0,0.0457642105018893,0.168632693999348
"gamma_bin_3.00_3.40","gamma_bin","vary_mean",3,FALSE,50,0.620736004042686,0.788152722047683,0,0.0459477393106852,0,0.044780046747051,0.167416718004997
"gamma_bin_3.00_3.40","gamma_bin","vary_mean",3,FALSE,51,0.623679916186844,0.789090744033033,0,0.0460716374625467,0,0.0450104798917433,0.165410827846189
"gamma_bin_3.00_3.40","gamma_bin","vary_mean",3,FALSE,52,0.627908213332621,0.790627268993418,0,0.0472534457667317,0,0.0461736817978605,0.162719055660797
"gamma_bin_3.00_3.40","gamma_bin","vary_mean",3,FALSE,53,0.633265384812971,0.79291784228388,0,0.0486322099562384,0,0.047671748632667,0.159652457470909
"gamma_bin_3.00_3.40","gamma_bin","vary_mean",3,FALSE,54,0.639622221613428,0.79567339912676,0,0.0499345654605838,0,0.0489881647664131,0.156051177513332
"gamma_bin_3.00_3.40","gamma_bin","vary_mean",3,FALSE,55,0.646875295241765,0.798848607924712,0,0.0507035207524633,0,0.0496673412352642,0.151973312682947
"gamma_bin_3.00_3.40","gamma_bin","vary_mean",3,FALSE,56,0.654940797889892,0.80237941529842,0,0.0505239233581898,0,0.0495868081303968,0.147438617408528
"gamma_bin_3.00_3.40","gamma_bin","vary_mean",3,FALSE,57,0.663667548235467,0.806185177247469,0,0.0496237601326712,0,0.048592009261096,0.142517629012001
"gamma_bin_3.00_3.40","gamma_bin","vary_mean",3,FALSE,58,0.67283196893338,0.810147933622465,0,0.0479772517965406,0,0.0469950907222046,0.137315964689084
"gamma_bin_3.00_3.40","gamma_bin","vary_mean",3,FALSE,59,0.682212593504884,0.814301269513401,0,0.0467472776767592,0,0.045798231720628,0.132088676008517
"gamma_bin_3.00_3.40","gamma_bin","vary_mean",3,FALSE,60,0.691594549334227,0.818730596718892,0,0.0465975305931525,0,0.045666253617477,0.127136047384665
"gamma_bin_3.00_3.40","gamma_bin","vary_mean",3,FALSE,61,0.700774343176902,0.823287294049308,0,0.047454703512443,0,0.0464387078765435,0.122512950872406
"gamma_bin_3.00_3.40","gamma_bin","vary_mean",3,FALSE,62,0.709565411363515,0.828057947490573,0.01,0.0487335596545448,0.01,0.0478039896098962,0.118492536127058
"gamma_bin_3.00_3.40","gamma_bin","vary_mean",3,FALSE,63,0.717802382251417,0.832896201508696,0.02,0.0501490667226314,0.02,0.0491244905772822,0.115093819257279
"gamma_bin_3.00_3.40","gamma_bin","vary_mean",3,FALSE,64,0.725343303375917,0.837733808792974,0.02,0.0511623026477259,0.02,0.0500572919074169,0.112390505417057
"gamma_bin_3.00_3.40","gamma_bin","vary_mean",3,FALSE,65,0.732069930484564,0.84250711823375,0.03,0.0513488434392269,0.02,0.0502869759690796,0.110437187749186
"gamma_bin_3.00_3.40","gamma_bin","vary_mean",3,FALSE,66,0.737895666769886,0.847347759521633,0.02,0.0506501326636073,0.02,0.0495349162004877,0.109452092751747
"gamma_bin_3.00_3.40","gamma_bin","vary_mean",3,FALSE,67,0.742895958587221,0.852064677608216,0.02,0.049098725650862,0.02,0.048131983524138,0.109168719020995
"gamma_bin_3.00_3.40","gamma_bin","vary_mean",3,FALSE,68,0.747278763319657,0.856626615652192,0.01,0.0479772808053283,0.01,0.0469957869376809,0.109347852332535
"gamma_bin_3.00_3.40","gamma_bin","vary_mean",3,FALSE,69,0.751271373438236,0.8609076515955,0.01,0.0478377447285357,0.01,0.0467598673142238,0.109636278157264
"gamma_bin_3.00_3.40","gamma_bin","vary_mean",3,FALSE,70,0.755105697598796,0.865156427989109,0.01,0.0488305147443618,0.01,0.047656914966474,0.110050730390313
"gamma_bin_3.00_3.40","gamma_bin","vary_mean",3,FALSE,71,0.759004827658807,0.869395984851418,0.01,0.050439128027255,0.02,0.0492162587768456,0.110391157192611
"gamma_bin_3.00_3.40","gamma_bin","vary_mean",3,FALSE,72,0.76317231106088,0.873451277162495,0.04,0.0521423151980333,0.04,0.0509747329230296,0.110278966101615
"gamma_bin_3.00_3.40","gamma_bin","vary_mean",3,FALSE,73,0.767786202417761,0.877492549448953,0.05,0.0536736632359346,0.04,0.0523380802589071,0.109706347031192
"gamma_bin_3.00_3.40","gamma_bin","vary_mean",3,FALSE,74,0.772997638290372,0.88141251501519,0.05,0.0543003196703679,0.06,0.0529318183295409,0.108414876724818
"gamma_bin_3.00_3.40","gamma_bin","vary_mean",3,FALSE,75,0.77893263784533,0.885146860697089,0.05,0.0537173910670271,0.07,0.0524095485425018,0.106214222851759
"gamma_bin_3.00_3.40","gamma_bin","vary_mean",3,FALSE,76,0.78568141824908,0.888651168605514,0.05,0.0520674538650124,0.07,0.0507662599860389,0.102969750356434
"gamma_bin_3.00_3.40","gamma_bin","vary_mean",3,FALSE,77,0.793148670755028,0.892099485580227,0.05,0.0502503749753884,0.06,0.0490294697786481,0.0989508148251991
"gamma_bin_3.00_3.40","gamma_bin","vary_mean",3,FALSE,78,0.801109464577554,0.895424254362528,0.06,0.049179034714609,0.06,0.0479386884767199,0.094314789784974
"gamma_bin_3.00_3.40","gamma_bin","vary_mean",3,FALSE,79,0.809317687520099,0.898726420611519,0.07,0.0495447729197008,0.06,0.048203036853442,0.0894087330914202
"gamma_bin_3.00_3.40","gamma_bin","vary_mean",3,FALSE,80,0.817518562189946,0.901942701405375,0.12,0.0510058247354066,0.08,0.0495642448258357,0.0844241392154292
"gamma_bin_3.00_3.40","gamma_bin","vary_mean",3,FALSE,81,0.825462916255739,0.904956799126053,0.15,0.0528398974091482,0.12,0.0515096734876571,0.0794938828703144
"gamma_bin_3.00_3.40","gamma_bin","vary_mean",3,FALSE,82,0.832920079463184,0.907695465289526,0.2,0.0543051764561326,0.21,0.0532562648837012,0.0747753858263425
"gamma_bin_3.00_3.40","gamma_bin","vary_mean",3,FALSE,83,0.83968668789734,0.910142107270212,0.28,0.0551004777748874,0.24,0.0540215731969249,0.0704554193728723
"gamma_bin_3.00_3.40","gamma_bin","vary_mean",3,FALSE,84,0.845591000049052,0.912324308781447,0.34,0.0549240337931156,0.31,0.0537422952031418,0.0667333087323952
"gamma_bin_3.00_3.40","gamma_bin","vary_mean",3,FALSE,85,0.850493536894317,0.914330374343922,0.32,0.053519655336895,0.31,0.052269885704819,0.0638368374496046
"gamma_bin_3.00_3.40","gamma_bin","vary_mean",3,FALSE,86,0.854297533108007,0.9159696152819,0.32,0.0515446782029811,0.34,0.0503025990496579,0.0616720821738934
"gamma_bin_3.00_3.40","gamma_bin","vary_mean",3,FALSE,87,0.857044342489846,0.917478802927791,0.33,0.0501881119005229,0.35,0.0490474743078844,0.0604344604379453
"gamma_bin_3.00_3.40","gamma_bin","vary_mean",3,FALSE,88,0.858857822167393,0.918976775960344,0.33,0.0500728835225216,0.34,0.0489679595723198,0.0601189537929508
"gamma_bin_3.00_3.40","gamma_bin","vary_mean",3,FALSE,89,0.859878747666928,0.920302311747638,0.32,0.0509634071883774,0.36,0.0499620249199454,0.0604235640807097
"gamma_bin_3.00_3.40","gamma_bin","vary_mean",3,FALSE,90,0.86025311141159,0.921778532017991,0.37,0.052649737199816,0.36,0.0515886027110646,0.0615254206064014
"gamma_bin_3.00_3.40","gamma_bin","vary_mean",3,FALSE,91,0.860120701023208,0.923289839265657,0.36,0.0542230080386962,0.36,0.053090315812963,0.0631691382424491
"gamma_bin_3.00_3.40","gamma_bin","vary_mean",3,FALSE,92,0.859606619529194,0.92484204128326,0.37,0.0552352869777638,0.37,0.0540718105964591,0.0652354217540655
"gamma_bin_3.00_3.40","gamma_bin","vary_mean",3,FALSE,93,0.8588168361623,0.92649223023755,0.34,0.055171548846515,0.35,0.0540612818223167,0.0676753940752495
"gamma_bin_3.00_3.40","gamma_bin","vary_mean",3,FALSE,94,0.857837212377275,0.928331284733506,0.28,0.0541390165046682,0.28,0.0531083285700584,0.0704940723562308
"gamma_bin_3.00_3.40","gamma_bin","vary_mean",3,FALSE,95,0.856734852284735,0.93027202313717,0.22,0.0522956696748116,0.21,0.0512680444422222,0.0735371708524352
"gamma_bin_3.00_3.40","gamma_bin","vary_mean",3,FALSE,96,0.855586935925609,0.932360410663774,0.19,0.0507939475972248,0.17,0.0496868642466298,0.0767734747381654
"gamma_bin_3.00_3.40","gamma_bin","vary_mean",3,FALSE,97,0.854642173312711,0.934674093297026,0.17,0.0502060089077798,0.16,0.0490729427855426,0.0800319199843148
"gamma_bin_3.00_3.40","gamma_bin","vary_mean",3,FALSE,98,0.854216899337268,0.937297510061579,0.18,0.050645592660785,0.19,0.0496416086340027,0.0830806107243106
"gamma_bin_3.00_3.40","gamma_bin","vary_mean",3,FALSE,99,0.854615196085733,0.940194242634414,0.19,0.0520026817316354,0.16,0.0510380653215876,0.0855790465486811
"gamma_bin_3.00_3.40","gamma_bin","vary_mean",3,FALSE,100,0.856123392287051,0.943167703894502,0.17,0.0536811273272874,0.16,0.0526807284737782,0.0870443116074506
"gamma_bin_3.00_3.40","gamma_bin","vary_mean",3,FALSE,101,0.859003725920451,0.946477042979741,0.15,0.0549390145408571,0.16,0.0538383931686133,0.0874733170592898
"gamma_bin_3.00_3.40","gamma_bin","vary_mean",3,FALSE,102,0.863491057515902,0.950006004950431,0.14,0.0552394644396108,0.15,0.0540531415073759,0.0865149474345289
"gamma_bin_3.00_3.40","gamma_bin","vary_mean",3,FALSE,103,0.869793786137492,0.953691438589163,0.15,0.0545689210138015,0.17,0.0533864939981822,0.083897652451671
"gamma_bin_3.00_3.40","gamma_bin","vary_mean",3,FALSE,104,0.878098070350996,0.957661747811721,0.17,0.0532282960940972,0.19,0.0520101782050254,0.0795636774607251
"gamma_bin_3.00_3.40","gamma_bin","vary_mean",3,FALSE,105,0.888573897619543,0.961710156713607,0.21,0.0519535581301394,0.22,0.0506287354925955,0.073136259094064
"gamma_bin_3.00_3.40","gamma_bin","vary_mean",3,FALSE,106,0.901301658370892,0.965861642597722,0.32,0.0516609255580239,0.33,0.0505280413004803,0.0645599842268303
"gamma_bin_3.00_3.40","gamma_bin","vary_mean",3,FALSE,107,0.915897849763235,0.969889423289501,0.46,0.0526544369707834,0.51,0.0516028780855612,0.0539915735262659
"gamma_bin_3.00_3.40","gamma_bin","vary_mean",3,FALSE,108,0.931781890770312,0.97370643326813,0.67,0.054459558174405,0.66,0.0534853218754766,0.0419245424978185
"gamma_bin_3.00_3.40","gamma_bin","vary_mean",3,FALSE,109,0.964908287444313,0.977227582919487,0.88,0.0563199233981146,0.88,0.0552928674184286,0.012319295475174
"gamma_bin_3.00_3.40","gamma_bin","vary_mean",3,FALSE,110,0.980887218164916,0.980361539184188,0.94,0.0577927688410365,0.94,0.0566255357933449,-0.000525678980727751
"gamma_bin_3.00_3.40","gamma_bin","vary_mean",3,FALSE,111,0.995692213942587,0.983133975979357,0.9,0.0582281498760077,0.9,0.0570792437023,-0.0125582379632302
"gamma_bin_3.00_3.40","gamma_bin","vary_mean",3,FALSE,112,1.00881666031265,0.985452680626543,0.84,0.0574006352951706,0.85,0.0563956346954399,-0.023363979686107
"gamma_bin_3.00_3.40","gamma_bin","vary_mean",3,FALSE,113,1.01983605940048,0.987091543598443,0.76,0.0553674807976612,0.73,0.0545310902429289,-0.0327445158020374
"gamma_bin_3.00_3.40","gamma_bin","vary_mean",3,FALSE,114,1.02841129997895,0.988211603397804,0.63,0.0530386502549646,0.65,0.0521343086391939,-0.0401996965811462
"gamma_bin_3.00_3.40","gamma_bin","vary_mean",3,FALSE,115,1.03430371035801,0.988952494948932,0.57,0.0512808208442361,0.55,0.0505089077383373,-0.0453512154090776
"gamma_bin_3.00_3.40","gamma_bin","vary_mean",3,FALSE,116,1.03743175161603,0.989314402057075,0.53,0.05109941915446,0.53,0.0502855668670013,-0.0481173495589546
"gamma_bin_3.00_3.40","gamma_bin","vary_mean",3,FALSE,117,1.0378022122009,0.989300592348722,0.56,0.0523213369060671,0.53,0.0513493922650276,-0.048501619852178
"gamma_bin_3.00_3.40","gamma_bin","vary_mean",3,FALSE,118,1.03547276308025,0.989051977589877,0.62,0.0540336623664581,0.58,0.0528966521306825,-0.0464207854903728
"gamma_bin_3.00_3.40","gamma_bin","vary_mean",3,FALSE,119,1.03053550780697,0.98859836999326,0.68,0.0556602661527976,0.68,0.0543833339618194,-0.0419371378137099
"gamma_bin_3.00_3.40","gamma_bin","vary_mean",3,FALSE,120,1.02310221069091,0.987809264522982,0.79,0.0566336022715772,0.78,0.0552950145161124,-0.035292946167928
"gamma_bin_3.00_3.40","gamma_bin","vary_mean",3,FALSE,121,1.01329357541095,0.986813296750248,0.82,0.0565242033169848,0.82,0.0552209460339846,-0.0264802786607019
"gamma_bin_3.00_3.40","gamma_bin","vary_mean",3,FALSE,122,1.00123289414715,0.985547395881769,0.9,0.0552160549598575,0.89,0.0540955169735064,-0.0156854982653812
"gamma_bin_3.00_3.40","gamma_bin","vary_mean",3,FALSE,123,0.987043160294477,0.984035132103749,0.94,0.0533018192561436,0.96,0.0521810114495787,-0.00300802819072765
"gamma_bin_3.00_3.40","gamma_bin","vary_mean",3,FALSE,124,0.970846430550826,0.982325283345903,0.91,0.0515923664574331,0.89,0.050654515038664,0.011478852795077
"gamma_bin_3.00_3.40","gamma_bin","vary_mean",3,FALSE,125,0.953001568168985,0.980731633758621,0.81,0.0512982498028272,0.79,0.0503054128846185,0.0277300655896359
"gamma_bin_3.00_3.40","gamma_bin","vary_mean",3,FALSE,126,0.934680947695761,0.979153344636513,0.58,0.0521779357900807,0.54,0.0511747780233402,0.0444723969407521
"gamma_bin_3.00_3.40","gamma_bin","vary_mean",3,FALSE,127,0.917145793226913,0.977892726785374,0.37,0.0536899216595713,0.35,0.0527207707978705,0.0607469335584614
"gamma_bin_3.00_3.40","gamma_bin","vary_mean",3,FALSE,128,0.901530406151582,0.977044651716699,0.21,0.0553541845319122,0.23,0.0542850269793668,0.075514245565117
"gamma_bin_3.00_3.40","gamma_bin","vary_mean",3,FALSE,129,0.888820761331304,0.976629048140341,0.13,0.056330934813353,0.14,0.0553599049946317,0.0878082868090366
"gamma_bin_3.00_3.40","gamma_bin","vary_mean",3,FALSE,130,0.879849051096058,0.976756671190152,0.12,0.0563729376677618,0.12,0.0554085559536916,0.0969076200940937
"gamma_bin_3.00_3.40","gamma_bin","vary_mean",3,FALSE,131,0.875312502934994,0.977443073955193,0.1,0.0553042706631744,0.09,0.0542892617202,0.102130571020199
"gamma_bin_3.00_3.40","gamma_bin","vary_mean",3,FALSE,132,0.875810644994376,0.978533778628079,0.07,0.0534082930068592,0.07,0.0524470521273276,0.102723133633703
"gamma_bin_3.00_3.40","gamma_bin","vary_mean",3,FALSE,133,0.881891211117993,0.979949497944779,0.07,0.0515712574562389,0.08,0.0506792955589489,0.0980582868267862
"gamma_bin_3.00_3.40","gamma_bin","vary_mean",3,FALSE,134,0.894096753734329,0.981555480225474,0.11,0.0512536280028569,0.09,0.0501766559836342,0.0874587264911455
"gamma_bin_3.00_3.40","gamma_bin","vary_mean",3,FALSE,135,0.912538889585145,0.983232445376362,0.3,0.0521982920038979,0.31,0.0511195008996643,0.070693555791217
"gamma_bin_3.00_3.40","gamma_bin","vary_mean",3,FALSE,136,0.935968580436848,0.984777223887701,0.61,0.0541647213206886,0.57,0.0530162580734955,0.0488086434508532
"gamma_bin_3.00_3.40","gamma_bin","vary_mean",3,FALSE,137,0.962748452443007,0.986164145656404,0.82,0.0564829353357662,0.82,0.0553516730510028,0.0234156932133965
"gamma_bin_3.00_3.40","gamma_bin","vary_mean",3,FALSE,138,0.991058087015847,0.987490384391721,0.93,0.0584189055369802,0.94,0.0572247475153635,-0.00356770262412598
"gamma_bin_3.00_3.40","gamma_bin","vary_mean",3,FALSE,139,1.01894781256074,0.988585390813817,0.78,0.0592599089262282,0.75,0.0579847594914867,-0.030362421746923
"gamma_bin_3.00_3.40","gamma_bin","vary_mean",3,FALSE,140,1.04444932027992,0.98937435833393,0.48,0.0587724764104054,0.46,0.0574181565219302,-0.0550749619459896
"gamma_bin_3.00_3.40","gamma_bin","vary_mean",3,FALSE,141,1.0657059122687,0.989901559305339,0.29,0.0571949722146872,0.26,0.0558477700084174,-0.0758043529633606
"gamma_bin_3.00_3.40","gamma_bin","vary_mean",3,FALSE,142,1.0810929449843,0.990222999165504,0.21,0.0551977111278625,0.17,0.0537557061683256,-0.0908699458187963
"gamma_bin_3.00_3.40","gamma_bin","vary_mean",3,FALSE,143,1.08930930531451,0.990109209637783,0.17,0.05389692591253,0.14,0.0526003205583686,-0.0992000956767265
"gamma_bin_3.00_3.40","gamma_bin","vary_mean",3,FALSE,144,1.08943317712892,0.989806759777579,0.13,0.0539776938816802,0.12,0.0526846900566461,-0.0996264173513407
"gamma_bin_3.00_3.40","gamma_bin","vary_mean",3,FALSE,145,1.08148967301391,0.989224146067308,0.15,0.0553277298544264,0.12,0.0538417097073494,-0.0922655269466017
"gamma_bin_3.00_3.40","gamma_bin","vary_mean",3,FALSE,146,1.067118056924,0.988356762892748,0.23,0.0568899095327153,0.22,0.0553778501692556,-0.0787612940312524
"gamma_bin_3.00_3.40","gamma_bin","vary_mean",3,FALSE,147,1.04828964020928,0.987304416311838,0.45,0.0581421161648111,0.45,0.0567362027630109,-0.0609852238974422
"gamma_bin_3.00_3.40","gamma_bin","vary_mean",3,FALSE,148,1.02693455801449,0.986028525931823,0.7,0.0585417504068664,0.66,0.0572478631277864,-0.0409060320826665
"gamma_bin_3.00_3.40","gamma_bin","vary_mean",3,FALSE,149,1.00477443375589,0.984643110883217,0.9,0.0579077471991714,0.86,0.0567257161622538,-0.0201313228726728
"gamma_bin_3.00_3.40","gamma_bin","vary_mean",3,FALSE,150,0.983222907766779,0.982917649561885,0.93,0.056156880753757,0.92,0.055085105561537,-0.000305258204893577
"gamma_bin_3.00_3.40","gamma_bin","vary_mean",3,FALSE,151,0.963363940769346,0.981100393788191,0.87,0.0537545314506106,0.86,0.0526974063166696,0.0177364530188446
"gamma_bin_3.00_3.40","gamma_bin","vary_mean",3,FALSE,152,0.945985514931433,0.979124246393226,0.7,0.0517122329468545,0.72,0.0506956082103614,0.033138731461793
"gamma_bin_3.00_3.40","gamma_bin","vary_mean",3,FALSE,153,0.931639698450479,0.977344109424143,0.55,0.0510879453078847,0.57,0.0501270120657732,0.045704410973664
"gamma_bin_3.00_3.40","gamma_bin","vary_mean",3,FALSE,154,0.920706027513323,0.97562175011971,0.48,0.0520631017902839,0.48,0.0510264256900497,0.0549157226063867
"gamma_bin_3.00_3.40","gamma_bin","vary_mean",3,FALSE,155,0.913287949909382,0.974206686273262,0.45,0.0540186340817146,0.46,0.0528539543823853,0.0609187363638801
"gamma_bin_3.00_3.40","gamma_bin","vary_mean",3,FALSE,156,0.909118262499206,0.973191897544149,0.42,0.0557480334902463,0.43,0.0547378088336922,0.064073635044943
"gamma_bin_3.00_3.40","gamma_bin","vary_mean",3,FALSE,157,0.90786599524967,0.97253427986112,0.43,0.0570389610925518,0.43,0.0560374530744202,0.0646682846114502
"gamma_bin_3.00_3.40","gamma_bin","vary_mean",3,FALSE,158,0.909191813449816,0.972169455765604,0.42,0.0574575038778156,0.41,0.056392979591381,0.0629776423157876
"gamma_bin_3.00_3.40","gamma_bin","vary_mean",3,FALSE,159,0.9127706498954,0.972356786614206,0.45,0.0568573509933313,0.44,0.0556998790060276,0.0595861367188055
"gamma_bin_3.00_3.40","gamma_bin","vary_mean",3,FALSE,160,0.918310343562916,0.973188537411117,0.46,0.0554184700968351,0.49,0.0542388067474389,0.0548781938482008
"gamma_bin_3.00_3.40","gamma_bin","vary_mean",3,FALSE,161,0.925562601543549,0.97453051608996,0.53,0.053748926695775,0.53,0.0527087152698207,0.0489679145464107
"gamma_bin_3.00_3.40","gamma_bin","vary_mean",3,FALSE,162,0.934326617511047,0.976409952396034,0.62,0.0532371512197817,0.6,0.0522235068476416,0.0420833348849869
"gamma_bin_3.00_3.40","gamma_bin","vary_mean",3,FALSE,163,0.944447396594412,0.978492204516756,0.67,0.0540156355518255,0.66,0.0529216802190421,0.0340448079223439
"gamma_bin_3.00_3.40","gamma_bin","vary_mean",3,FALSE,164,0.955808426255688,0.980923432676236,0.77,0.0554537133660152,0.79,0.0542297921633266,0.0251150064205481
"gamma_bin_3.00_3.40","gamma_bin","vary_mean",3,FALSE,165,0.968171987055275,0.983788805416995,0.91,0.0573090009698875,0.89,0.0559345197172564,0.0156168183617202
"gamma_bin_3.00_3.40","gamma_bin","vary_mean",3,FALSE,166,0.981075418082579,0.986983490419534,0.9,0.0588101712584176,0.9,0.0574300111727922,0.00590807233695523
"gamma_bin_3.00_3.40","gamma_bin","vary_mean",3,FALSE,167,0.99403776313242,0.99053880073229,0.9,0.0594196285696878,0.91,0.0580737145182586,-0.0034989624001297
"gamma_bin_3.00_3.40","gamma_bin","vary_mean",3,FALSE,168,1.00658618871785,0.994371467920571,0.86,0.0587731490340078,0.87,0.057451408473859,-0.0122147207972789
"gamma_bin_3.00_3.40","gamma_bin","vary_mean",3,FALSE,169,1.01827263962082,0.998444248108608,0.84,0.0572184665806672,0.81,0.0558758970655312,-0.0198283915122122
"gamma_bin_3.00_3.40","gamma_bin","vary_mean",3,FALSE,170,1.02869207421039,1.00283252740725,0.76,0.0553307652634903,0.73,0.053892894063912,-0.0258595468031384
"gamma_bin_3.00_3.40","gamma_bin","vary_mean",3,FALSE,171,1.03749575970787,1.00764357141179,0.71,0.0539667688026012,0.74,0.0525828075264496,-0.0298521882960832
"gamma_bin_3.00_3.40","gamma_bin","vary_mean",3,FALSE,172,1.04439766370686,1.01278387468271,0.69,0.053862459696615,0.72,0.0525064228796628,-0.0316137890241539
"gamma_bin_3.00_3.40","gamma_bin","vary_mean",3,FALSE,173,1.04917474480308,1.01799386260208,0.72,0.0551213786467297,0.7,0.0537979995840352,-0.031180882201
"gamma_bin_3.00_3.40","gamma_bin","vary_mean",3,FALSE,174,1.05167598943045,1.02355302432383,0.79,0.0568646407320048,0.78,0.0556751665725288,-0.0281229651066182
"gamma_bin_3.00_3.40","gamma_bin","vary_mean",3,FALSE,175,1.05228684352057,1.02927077985947,0.84,0.0585093905196467,0.82,0.0572831497282023,-0.0230160636611023
"gamma_bin_3.00_3.40","gamma_bin","vary_mean",3,FALSE,176,1.05205037229906,1.03505575031125,0.88,0.0593145917079688,0.87,0.0581815933662484,-0.0169946219878061
"gamma_bin_3.00_3.40","gamma_bin","vary_mean",3,FALSE,177,1.05206304074467,1.04111633301302,0.9,0.0591130673473242,0.87,0.0579334122634576,-0.0109467077316472
"gamma_bin_3.00_3.40","gamma_bin","vary_mean",3,FALSE,178,1.0533911428065,1.04720172022633,0.9,0.0578285058553582,0.89,0.05666344130158,-0.00618942258016619
"gamma_bin_3.00_3.40","gamma_bin","vary_mean",3,FALSE,179,1.05702523270082,1.05355054699453,0.89,0.0559089222352882,0.85,0.0546928099842082,-0.00347468570628706
"gamma_bin_3.00_3.40","gamma_bin","vary_mean",3,FALSE,180,1.06385390304002,1.06019336426288,0.88,0.0545099508618962,0.88,0.0533852685034634,-0.00366053877713846
"gamma_bin_3.00_3.40","gamma_bin","vary_mean",3,FALSE,181,1.07466368846286,1.06661448668067,0.89,0.0545711401173003,0.87,0.0533817040494706,-0.00804920178218516
"gamma_bin_3.00_3.40","gamma_bin","vary_mean",3,FALSE,182,1.09015918537017,1.07257730838289,0.87,0.0559921163383257,0.85,0.0548648991912483,-0.0175818769872813
"gamma_bin_3.00_3.40","gamma_bin","vary_mean",3,FALSE,183,1.11099415707904,1.07798382937117,0.81,0.0580535327402847,0.81,0.0569661930375515,-0.0330103277078684
"gamma_bin_3.00_3.40","gamma_bin","vary_mean",3,FALSE,184,1.13776253966062,1.08286940612938,0.62,0.0601621633853706,0.58,0.0589323623743716,-0.0548931335312375
"gamma_bin_3.00_3.40","gamma_bin","vary_mean",3,FALSE,185,1.16994138910722,1.08722493733454,0.29,0.0612936502426376,0.26,0.0600199816887902,-0.0827164517726782
"gamma_bin_3.00_3.40","gamma_bin","vary_mean",3,FALSE,186,1.20568067952197,1.09101998493887,0.07,0.0613151464528742,0.07,0.0599494778490218,-0.114660694583098
"gamma_bin_3.00_3.40","gamma_bin","vary_mean",3,FALSE,187,1.24280592689739,1.09404249216515,0.02,0.0601704273647263,0.02,0.0587188258551407,-0.148763434732245
"gamma_bin_3.00_3.40","gamma_bin","vary_mean",3,FALSE,188,1.27892507759421,1.0963515457465,0,0.0579417906142278,0,0.0566209140659526,-0.18257353184771
"gamma_bin_3.00_3.40","gamma_bin","vary_mean",3,FALSE,189,1.31157809299846,1.09786261612302,0,0.0556390921044734,0,0.05445194127379,-0.213715476875436
"gamma_bin_3.00_3.40","gamma_bin","vary_mean",3,FALSE,190,1.33842575739913,1.09843854324486,0,0.0546570565653029,0,0.0535346925584932,-0.239987214154274
"gamma_bin_3.00_3.40","gamma_bin","vary_mean",3,FALSE,191,1.35742493987032,1.0982871681728,0,0.0550169849791858,0,0.0539811132483654,-0.25913777169752
"gamma_bin_3.00_3.40","gamma_bin","vary_mean",3,FALSE,192,1.36695842059754,1.0972217347205,0,0.0563499650554841,0,0.0551787140448554,-0.26973668587704
"gamma_bin_3.00_3.40","gamma_bin","vary_mean",3,FALSE,193,1.36590703303142,1.09546952751996,0,0.0579263023974338,0,0.0566124813946266,-0.270437505511462
"gamma_bin_3.00_3.40","gamma_bin","vary_mean",3,FALSE,194,1.35374441935837,1.0931275430669,0,0.0589921160271061,0,0.0576132597687539,-0.260616876291474
"gamma_bin_3.00_3.40","gamma_bin","vary_mean",3,FALSE,195,1.33179505256341,1.09006388079458,0,0.0590442175004093,0,0.0576337988738601,-0.241731171768828
"gamma_bin_3.00_3.40","gamma_bin","vary_mean",3,FALSE,196,1.30282908300336,1.08629031146978,0,0.0578587927938581,0,0.0564863387253182,-0.216538771533577
"gamma_bin_3.00_3.40","gamma_bin","vary_mean",3,FALSE,197,1.26962792749398,1.0817353424098,0,0.0556044023171541,0,0.0542025325309024,-0.187892585084176
"gamma_bin_3.00_3.40","gamma_bin","vary_mean",3,FALSE,198,1.23470197201586,1.07632822804564,0,0.053066413117648,0,0.0515152667340115,-0.158373743970217
"gamma_bin_3.00_3.40","gamma_bin","vary_mean",3,FALSE,199,1.20012008532359,1.07069604243165,0.02,0.0516503116461099,0.02,0.0502047953723323,-0.129424042891936
"gamma_bin_3.00_3.40","gamma_bin","vary_mean",3,FALSE,200,1.16745324780638,1.06513404377632,0.07,0.0520539340417002,0.07,0.0507882308957823,-0.102319204030056
"gamma_bin_3.00_3.40","gamma_bin","vary_mean",3,FALSE,201,1.13781324493009,1.05991447838352,0.19,0.0538486762953848,0.18,0.0526741398059903,-0.0778987665465654
"gamma_bin_3.00_3.40","gamma_bin","vary_mean",3,FALSE,202,1.11194114249594,1.05529309784926,0.48,0.0559149547980036,0.46,0.0548155937399925,-0.0566480446466808
"gamma_bin_3.00_3.40","gamma_bin","vary_mean",3,FALSE,203,1.09030738318271,1.05126479327182,0.72,0.0577254763940346,0.72,0.0564828264118617,-0.0390425899108946
"gamma_bin_3.00_3.40","gamma_bin","vary_mean",3,FALSE,204,1.07317842503564,1.04793367987779,0.84,0.0585264895108215,0.83,0.0573531268568719,-0.0252447451578506
"gamma_bin_3.00_3.40","gamma_bin","vary_mean",3,FALSE,205,1.06040347302214,1.04530300314501,0.89,0.0583083341149261,0.88,0.0571312585362035,-0.0151004698771302
"gamma_bin_3.00_3.40","gamma_bin","vary_mean",3,FALSE,206,1.05156904168052,1.04345378845515,0.93,0.0570079348459014,0.92,0.0557469302630616,-0.00811525322536744
"gamma_bin_3.00_3.40","gamma_bin","vary_mean",3,FALSE,207,1.04624950999474,1.04220852638387,0.95,0.0549192327539808,0.95,0.0534591505515467,-0.00404098361087102
"gamma_bin_3.00_3.40","gamma_bin","vary_mean",3,FALSE,208,1.04403704329192,1.04184065484837,0.92,0.053283414471783,0.9,0.0518596475159484,-0.00219638844355385
"gamma_bin_3.00_3.40","gamma_bin","vary_mean",3,FALSE,209,1.0445651521307,1.04241136084017,0.88,0.0530988372621573,0.88,0.0516696280168884,-0.00215379129052584
"gamma_bin_3.00_3.40","gamma_bin","vary_mean",3,FALSE,210,1.04752392002038,1.04386673735979,0.89,0.0540523691149322,0.87,0.052827072813498,-0.00365718266059001
"gamma_bin_3.00_3.40","gamma_bin","vary_mean",3,FALSE,211,1.05266551803821,1.04628755834476,0.91,0.0560730043786199,0.88,0.0549264269780355,-0.00637795969345145
"gamma_bin_3.00_3.40","gamma_bin","vary_mean",3,FALSE,212,1.0598023103751,1.04961267001023,0.91,0.0580883787944465,0.89,0.0569420674093601,-0.0101896403648665
"gamma_bin_3.00_3.40","gamma_bin","vary_mean",3,FALSE,213,1.06880062573221,1.05392932023026,0.9,0.0591737660754976,0.87,0.0582283903006324,-0.0148713055019507
"gamma_bin_3.00_3.40","gamma_bin","vary_mean",3,FALSE,214,1.0795784696348,1.05907333592323,0.9,0.0591278002122125,0.85,0.0582333836445509,-0.020505133711566
"gamma_bin_3.00_3.40","gamma_bin","vary_mean",3,FALSE,215,1.09215111452811,1.06511233623281,0.8,0.0577477292488595,0.8,0.0568674951496079,-0.0270387782953041
"gamma_bin_3.00_3.40","gamma_bin","vary_mean",3,FALSE,216,1.10660255202503,1.07209939473398,0.71,0.0554337655914848,0.68,0.0546732225753021,-0.034503157291049
"gamma_bin_3.00_3.40","gamma_bin","vary_mean",3,FALSE,217,1.1230463183655,1.07982811381536,0.59,0.0536124640761303,0.56,0.0525600020703804,-0.0432182045501446
"gamma_bin_3.00_3.40","gamma_bin","vary_mean",3,FALSE,218,1.14161803384419,1.0880907642949,0.51,0.0532837760156187,0.48,0.052060933696323,-0.0535272695492865
"gamma_bin_3.00_3.40","gamma_bin","vary_mean",3,FALSE,219,1.16246850453014,1.09646119152331,0.37,0.0545936350107315,0.34,0.0530963486063684,-0.0660073130068282
"gamma_bin_3.00_3.40","gamma_bin","vary_mean",3,FALSE,220,1.18575867786174,1.10494980881123,0.28,0.0563928983870488,0.23,0.0550302566797486,-0.0808088690505147
"gamma_bin_3.00_3.40","gamma_bin","vary_mean",3,FALSE,221,1.21165701983639,1.11341332432502,0.14,0.0586974869674772,0.13,0.0570375048116949,-0.0982436955113672
"gamma_bin_3.00_3.40","gamma_bin","vary_mean",3,FALSE,222,1.24033898455105,1.12160852238602,0.03,0.0603586776257337,0.03,0.0586841416683095,-0.11873046216503
"gamma_bin_3.00_3.40","gamma_bin","vary_mean",3,FALSE,223,1.27198794287079,1.12941705597184,0,0.06077524045581,0,0.0593739097063784,-0.142570886898952
"gamma_bin_3.00_3.40","gamma_bin","vary_mean",3,FALSE,224,1.30666523446541,1.13683717045643,0,0.0599171413913569,0,0.0586329995351514,-0.169828064008979
"gamma_bin_3.00_3.40","gamma_bin","vary_mean",3,FALSE,225,1.3433530482977,1.14390635947655,0,0.0579078374820574,0,0.056736363113452,-0.199446688821147
"gamma_bin_3.00_3.40","gamma_bin","vary_mean",3,FALSE,226,1.38038171186225,1.15040045406472,0,0.055714642421074,0,0.0545011400596138,-0.229981257797528
"gamma_bin_3.00_3.40","gamma_bin","vary_mean",3,FALSE,227,1.41592160258673,1.15627110615858,0,0.0545957230691866,0,0.0532173298192339,-0.259650496428148
"gamma_bin_3.00_3.40","gamma_bin","vary_mean",3,FALSE,228,1.44808142918806,1.16129665179014,0,0.0551162788003055,0,0.0538351203100378,-0.286784777397916
"gamma_bin_3.00_3.40","gamma_bin","vary_mean",3,FALSE,229,1.47504730588812,1.16537095844598,0,0.0574430674505497,0,0.0559479584997724,-0.309676347442144
"gamma_bin_3.00_3.40","gamma_bin","vary_mean",3,FALSE,230,1.49521587906308,1.16832969673715,0,0.0599300779845466,0,0.0584971526314428,-0.326886182325932
"gamma_bin_3.00_3.40","gamma_bin","vary_mean",3,FALSE,231,1.50729103953841,1.17026221428609,0,0.06201890004483,0,0.0606742463178424,-0.337028825252319
"gamma_bin_3.00_3.40","gamma_bin","vary_mean",3,FALSE,232,1.51033534857617,1.17114866468119,0,0.0630808076406178,0,0.0616673212408009,-0.339186683894984
"gamma_bin_3.00_3.40","gamma_bin","vary_mean",3,FALSE,233,1.50378097074586,1.17076265330394,0,0.0626089590387923,0,0.0613309474037271,-0.333018317441923
"gamma_bin_3.00_3.40","gamma_bin","vary_mean",3,FALSE,234,1.48764960471254,1.16926896060701,0,0.0609221178545639,0,0.059589517064977,-0.318380644105527
"gamma_bin_3.00_3.40","gamma_bin","vary_mean",3,FALSE,235,1.46373241708909,1.16661858476061,0,0.058439127503793,0,0.057098226282464,-0.297113832328476
"gamma_bin_3.00_3.40","gamma_bin","vary_mean",3,FALSE,236,1.43448143272486,1.16307789435827,0,0.056200155801928,0,0.0552318955519833,-0.271403538366595
"gamma_bin_3.00_3.40","gamma_bin","vary_mean",3,FALSE,237,1.40223769952072,1.15902056362694,0,0.0557634241418036,0,0.0546414246361995,-0.243217135893777
"gamma_bin_3.00_3.40","gamma_bin","vary_mean",3,FALSE,238,1.36905513115977,1.15465364121018,0,0.0565769713773775,0,0.055407409393657,-0.214401489949593
"gamma_bin_3.00_3.40","gamma_bin","vary_mean",3,FALSE,239,1.33659069308879,1.15002361690716,0,0.058316053182411,0,0.0570667558575516,-0.186567076181629
"gamma_bin_3.00_3.40","gamma_bin","vary_mean",3,FALSE,240,1.30608415861083,1.14516477896966,0.02,0.0600295476131691,0.02,0.0588033217589115,-0.16091937964117
"gamma_bin_3.00_3.40","gamma_bin","vary_mean",3,FALSE,241,1.27840456713347,1.14007641839607,0.02,0.0613719953043531,0.02,0.0600864337335189,-0.138328148737401
"gamma_bin_3.00_3.40","gamma_bin","vary_mean",3,FALSE,242,1.25412742548082,1.13486459020916,0.05,0.0619102655235479,0.04,0.0605840038347559,-0.119262835271664
"gamma_bin_3.00_3.40","gamma_bin","vary_mean",3,FALSE,243,1.23361554311767,1.12930245993915,0.08,0.0620287151223575,0.08,0.0605507719492995,-0.104313083178516
"gamma_bin_3.00_3.40","gamma_bin","vary_mean",3,FALSE,244,1.21706403589592,1.1235547490032,0.18,0.0621443737380812,0.15,0.0606437793757995,-0.0935092868927174
"gamma_bin_3.00_3.40","gamma_bin","vary_mean",3,FALSE,245,1.20445667363505,1.1178645036365,0.25,0.0639872565083398,0.24,0.0625145937444738,-0.0865921699985488
"gamma_bin_3.00_3.40","gamma_bin","vary_mean",3,FALSE,246,1.19569657050359,1.11227068091996,0.4,0.068786531681806,0.37,0.0672695550277077,-0.0834258895836275
"gamma_bin_3.00_3.40","gamma_bin","vary_mean",3,FALSE,247,1.19067334691389,1.10734505633723,0.47,0.0758579653224001,0.45,0.0740271693484666,-0.0833282905766553
"gamma_bin_3.00_3.40","gamma_bin","vary_mean",3,FALSE,248,1.1892846905786,1.10272422047084,0.54,0.084227607124993,0.49,0.0820851726556836,-0.0865604701077605
"gamma_bin_3.00_3.40","gamma_bin","vary_mean",3,FALSE,249,1.1914521017446,1.09856809394869,0.58,0.0932078131752355,0.51,0.0907988713380273,-0.0928840077959092
"gamma_bin_3.00_3.40","gamma_bin","vary_mean",3,FALSE,250,1.19713021020468,1.09512456733737,0.55,0.102299121952563,0.49,0.0997958657568983,-0.102005642867313
"gamma_bin_3.00_3.40","gamma_bin","vary_mean",3,FALSE,251,1.20631090184647,1.09224712248502,0.54,0.111842613507678,0.47,0.108948388273903,-0.114063779361451
"gamma_bin_3.00_3.40","gamma_bin","vary_mean",3,FALSE,252,1.21902415582724,1.08991885495362,0.49,0.121544464020524,0.44,0.11849839129448,-0.129105300873615
"gamma_bin_3.00_3.40","gamma_bin","vary_mean",3,FALSE,253,1.23533724681924,1.08834564617323,0.37,0.132292697258629,0.33,0.128713447773959,-0.146991600646008
"gamma_bin_4.50_3.40","gamma_bin","vary_mean",4.5,FALSE,2,6.47633271060018,NA,NA,NA,NA,NA,NA
"gamma_bin_4.50_3.40","gamma_bin","vary_mean",4.5,FALSE,3,5.39748004467528,3.32345743951543,0,0.198808114400476,0,0.19439857040906,-2.07402260515985
"gamma_bin_4.50_3.40","gamma_bin","vary_mean",4.5,FALSE,4,4.52153259075373,2.23452711761582,0,0.16616841405525,0,0.162574542416459,-2.28700547313791
"gamma_bin_4.50_3.40","gamma_bin","vary_mean",4.5,FALSE,5,3.81075688710478,1.75505210721018,0,0.149886972309955,0,0.146609645933014,-2.0557047798946
"gamma_bin_4.50_3.40","gamma_bin","vary_mean",4.5,FALSE,6,3.23384975678135,1.49930331397309,0,0.139715384114935,0,0.136726158079105,-1.73454644280826
"gamma_bin_4.50_3.40","gamma_bin","vary_mean",4.5,FALSE,7,2.76512519694591,1.34711067538593,0,0.132068469502486,0,0.129233456471878,-1.41801452155998
"gamma_bin_4.50_3.40","gamma_bin","vary_mean",4.5,FALSE,8,2.38350063829982,1.25007864212845,0,0.124885746591257,0,0.122233267671536,-1.13342199617137
"gamma_bin_4.50_3.40","gamma_bin","vary_mean",4.5,FALSE,9,2.07220990816182,1.1851590055972,0,0.117364684330484,0,0.114815087362725,-0.887050902564619
"gamma_bin_4.50_3.40","gamma_bin","vary_mean",4.5,FALSE,10,1.8180094782711,1.13957398878151,0,0.109048383330745,0,0.10674251809099,-0.678435489489593
"gamma_bin_4.50_3.40","gamma_bin","vary_mean",4.5,FALSE,11,1.61045019265924,1.10631238562074,0,0.100063818206844,0,0.0981019943394675,-0.504137807038505
"gamma_bin_4.50_3.40","gamma_bin","vary_mean",4.5,FALSE,12,1.44129331371926,1.08121910466441,0,0.0914239684590125,0,0.0897871873614077,-0.36007420905485
"gamma_bin_4.50_3.40","gamma_bin","vary_mean",4.5,FALSE,13,1.30405110997497,1.06117707258711,0,0.0844893389441677,0,0.0831033925469175,-0.24287403738786
"gamma_bin_4.50_3.40","gamma_bin","vary_mean",4.5,FALSE,14,1.1936337473603,1.04470485102239,0.04,0.079636693673982,0.04,0.0783540116534266,-0.148928896337913
"gamma_bin_4.50_3.40","gamma_bin","vary_mean",4.5,FALSE,15,1.10608275580624,1.03043325361532,0.55,0.0766217946935041,0.51,0.075336246124716,-0.0756495021909247
"gamma_bin_4.50_3.40","gamma_bin","vary_mean",4.5,FALSE,16,1.03836845094092,1.01747437707277,0.91,0.075083659158933,0.9,0.0736636787019482,-0.0208940738681489
"gamma_bin_4.50_3.40","gamma_bin","vary_mean",4.5,FALSE,17,0.987514418464918,1.00567345507691,0.91,0.0738152864091773,0.91,0.0722664130821313,0.018159036611993
"gamma_bin_4.50_3.40","gamma_bin","vary_mean",4.5,FALSE,18,0.94985341422689,0.994790645260917,0.74,0.0719328281975217,0.71,0.0702881651747335,0.0449372310340274
"gamma_bin_4.50_3.40","gamma_bin","vary_mean",4.5,FALSE,19,0.922342058412537,0.984301440165646,0.54,0.0689533773247635,0.56,0.0674691329854572,0.0619593817531088
"gamma_bin_4.50_3.40","gamma_bin","vary_mean",4.5,FALSE,20,0.902533145800087,0.973894720973512,0.39,0.065094653063657,0.37,0.0637667894915842,0.0713615751734251
"gamma_bin_4.50_3.40","gamma_bin","vary_mean",4.5,FALSE,21,0.888443579660898,0.963715002819037,0.31,0.0612052488665466,0.28,0.0599328564265401,0.0752714231581386
"gamma_bin_4.50_3.40","gamma_bin","vary_mean",4.5,FALSE,22,0.878474950045775,0.953739403439042,0.27,0.0583075067793123,0.26,0.0572350920057541,0.075264453393267
"gamma_bin_4.50_3.40","gamma_bin","vary_mean",4.5,FALSE,23,0.871353706634507,0.943607198322546,0.3,0.057597040849438,0.29,0.0565176734613542,0.0722534916880391
"gamma_bin_4.50_3.40","gamma_bin","vary_mean",4.5,FALSE,24,0.866079695774009,0.933497607055613,0.37,0.0586243388785933,0.36,0.0572735689468135,0.0674179112816037
"gamma_bin_4.50_3.40","gamma_bin","vary_mean",4.5,FALSE,25,0.861880113955128,0.923607514208047,0.45,0.0602633923715813,0.47,0.0587821658913723,0.0617274002529188
"gamma_bin_4.50_3.40","gamma_bin","vary_mean",4.5,FALSE,26,0.858167576978305,0.913697785703696,0.54,0.0616470251561517,0.56,0.0600790350945717,0.0555302087253906
"gamma_bin_4.50_3.40","gamma_bin","vary_mean",4.5,FALSE,27,0.854446587171991,0.903882985936091,0.6,0.0621882921146988,0.6,0.0606223166653709,0.0494363987640997
"gamma_bin_4.50_3.40","gamma_bin","vary_mean",4.5,FALSE,28,0.850242530612154,0.894087956971871,0.65,0.0615670812448363,0.63,0.0599641077558575,0.0438454263597172
"gamma_bin_4.50_3.40","gamma_bin","vary_mean",4.5,FALSE,29,0.845168044117022,0.884429313828913,0.68,0.0597920281992437,0.68,0.0583209374716319,0.0392612697118913
"gamma_bin_4.50_3.40","gamma_bin","vary_mean",4.5,FALSE,30,0.838916821827613,0.874642593386871,0.7,0.0574004823857403,0.7,0.0560604967193998,0.0357257715592577
"gamma_bin_4.50_3.40","gamma_bin","vary_mean",4.5,FALSE,31,0.83125458603177,0.865052467627331,0.73,0.0557923160465487,0.71,0.0544420922645716,0.0337978815955612
"gamma_bin_4.50_3.40","gamma_bin","vary_mean",4.5,FALSE,32,0.822012955905288,0.85540249200914,0.73,0.0551411533136653,0.72,0.0539342823700289,0.0333895361038522
"gamma_bin_4.50_3.40","gamma_bin","vary_mean",4.5,FALSE,33,0.811083441801087,0.845831307034616,0.73,0.0557744371008007,0.72,0.0544881938212925,0.0347478652335287
"gamma_bin_4.50_3.40","gamma_bin","vary_mean",4.5,FALSE,34,0.798410706391415,0.836593843450284,0.69,0.0572391978566575,0.7,0.0558786252791784,0.0381831370588689
"gamma_bin_4.50_3.40","gamma_bin","vary_mean",4.5,FALSE,35,0.783985284249482,0.827657250749915,0.68,0.0586480888294588,0.66,0.0573400599618492,0.0436719665004328
"gamma_bin_4.50_3.40","gamma_bin","vary_mean",4.5,FALSE,36,0.767842249776292,0.818866557680488,0.58,0.0596547875327142,0.6,0.0583301197411757,0.0510243079041964
"gamma_bin_4.50_3.40","gamma_bin","vary_mean",4.5,FALSE,37,0.750320099865667,0.810243663904245,0.51,0.0596381516393194,0.46,0.0582877087608661,0.0599235640385782
"gamma_bin_4.50_3.40","gamma_bin","vary_mean",4.5,FALSE,38,0.732127511283489,0.801850952938148,0.38,0.0582789654644801,0.34,0.0569751623260302,0.0697234416546593
"gamma_bin_4.50_3.40","gamma_bin","vary_mean",4.5,FALSE,39,0.713945546467747,0.793684787871617,0.18,0.0557357688522531,0.17,0.0545081559435808,0.0797392414038698
"gamma_bin_4.50_3.40","gamma_bin","vary_mean",4.5,FALSE,40,0.696377644387645,0.785847903129586,0.08,0.0532087856872025,0.1,0.0520822236213029,0.0894702587419411
"gamma_bin_4.50_3.40","gamma_bin","vary_mean",4.5,FALSE,41,0.679931575981829,0.778425234850477,0.04,0.0520228658416939,0.04,0.050845726787187,0.0984936588686481
"gamma_bin_4.50_3.40","gamma_bin","vary_mean",4.5,FALSE,42,0.665012401557135,0.771766432533754,0.03,0.0522171504623027,0.03,0.0510767410208728,0.106754030976619
"gamma_bin_4.50_3.40","gamma_bin","vary_mean",4.5,FALSE,43,0.65192842067752,0.765848538605807,0.02,0.0534296279095928,0.02,0.0523600506667172,0.113920117928287
"gamma_bin_4.50_3.40","gamma_bin","vary_mean",4.5,FALSE,44,0.640906266957601,0.760720299452307,0.02,0.0551867983215672,0.02,0.0541020896034317,0.119814032494706
"gamma_bin_4.50_3.40","gamma_bin","vary_mean",4.5,FALSE,45,0.632110069284813,0.756410390964244,0.02,0.0566550003147461,0.02,0.055478024026634,0.124300321679432
"gamma_bin_4.50_3.40","gamma_bin","vary_mean",4.5,FALSE,46,0.625656360123327,0.753032490146125,0.03,0.0572659241327222,0.02,0.056147461083487,0.127376130022797
"gamma_bin_4.50_3.40","gamma_bin","vary_mean",4.5,FALSE,47,0.621502273809677,0.750492855852923,0.03,0.0568701408228951,0.02,0.0558511316504034,0.128990582043246
"gamma_bin_4.50_3.40","gamma_bin","vary_mean",4.5,FALSE,48,0.619441171957512,0.748910524968233,0.01,0.0554754208936975,0.01,0.0545202410452308,0.129469353010721
"gamma_bin_4.50_3.40","gamma_bin","vary_mean",4.5,FALSE,49,0.619256488578844,0.748296411822539,0.01,0.0537325258114665,0,0.0526777776803063,0.129039923243695
"gamma_bin_4.50_3.40","gamma_bin","vary_mean",4.5,FALSE,50,0.620736004042686,0.7484934881308,0,0.0525254297490309,0,0.0515163798583187,0.127757484088113
"gamma_bin_4.50_3.40","gamma_bin","vary_mean",4.5,FALSE,51,0.623679916186844,0.749394523123965,0,0.0527351266793798,0,0.0517534760838087,0.125714606937121
"gamma_bin_4.50_3.40","gamma_bin","vary_mean",4.5,FALSE,52,0.627908213332621,0.750966018402702,0.01,0.0541074619862513,0,0.0530050487506581,0.123057805070081
"gamma_bin_4.50_3.40","gamma_bin","vary_mean",4.5,FALSE,53,0.633265384812971,0.753294373248486,0.01,0.0561371661801782,0.02,0.0549057183489912,0.120028988435515
"gamma_bin_4.50_3.40","gamma_bin","vary_mean",4.5,FALSE,54,0.639622221613428,0.756286982021582,0.02,0.0579926760271488,0.02,0.0568408649397216,0.116664760408154
"gamma_bin_4.50_3.40","gamma_bin","vary_mean",4.5,FALSE,55,0.646875295241765,0.759928304241468,0.02,0.0593440795739153,0.03,0.0580053077311421,0.113053008999703
"gamma_bin_4.50_3.40","gamma_bin","vary_mean",4.5,FALSE,56,0.654940797889892,0.764070783748691,0.05,0.059714048041665,0.05,0.0582367005090926,0.109129985858799
"gamma_bin_4.50_3.40","gamma_bin","vary_mean",4.5,FALSE,57,0.663667548235467,0.768695653129935,0.05,0.0587844852233733,0.05,0.0572648475394756,0.105028104894468
"gamma_bin_4.50_3.40","gamma_bin","vary_mean",4.5,FALSE,58,0.67283196893338,0.773899341025606,0.07,0.0571081869749988,0.05,0.0556147662721659,0.101067372092226
"gamma_bin_4.50_3.40","gamma_bin","vary_mean",4.5,FALSE,59,0.682212593504884,0.779524895640121,0.08,0.0555649231151396,0.07,0.0542044836098207,0.0973123021352373
"gamma_bin_4.50_3.40","gamma_bin","vary_mean",4.5,FALSE,60,0.691594549334227,0.785465701654761,0.09,0.0549996787080179,0.08,0.0538299724155637,0.0938711523205341
"gamma_bin_4.50_3.40","gamma_bin","vary_mean",4.5,FALSE,61,0.700774343176902,0.791486395462339,0.09,0.0556481910355293,0.11,0.0544888988289906,0.0907120522854373
"gamma_bin_4.50_3.40","gamma_bin","vary_mean",4.5,FALSE,62,0.709565411363515,0.797586225710046,0.13,0.0572189660162987,0.12,0.0561090344130824,0.0880208143465308
"gamma_bin_4.50_3.40","gamma_bin","vary_mean",4.5,FALSE,63,0.717802382251417,0.803603418723839,0.13,0.0592136534618235,0.16,0.0579810650592838,0.0858010364724217
"gamma_bin_4.50_3.40","gamma_bin","vary_mean",4.5,FALSE,64,0.725343303375917,0.809468619439736,0.16,0.0612219964225762,0.16,0.0597758838288279,0.0841253160638187
"gamma_bin_4.50_3.40","gamma_bin","vary_mean",4.5,FALSE,65,0.732069930484564,0.815255090092269,0.19,0.0622517322293818,0.2,0.0606830453127324,0.0831851596077047
"gamma_bin_4.50_3.40","gamma_bin","vary_mean",4.5,FALSE,66,0.737895666769886,0.820777099416251,0.19,0.0617735695125227,0.2,0.0603439843222383,0.0828814326463648
"gamma_bin_4.50_3.40","gamma_bin","vary_mean",4.5,FALSE,67,0.742895958587221,0.826093116366378,0.16,0.0602177689667346,0.15,0.0589196705479949,0.0831971577791575
"gamma_bin_4.50_3.40","gamma_bin","vary_mean",4.5,FALSE,68,0.747278763319657,0.830984048103688,0.16,0.0583742797881619,0.17,0.0573112256921095,0.0837052847840308
"gamma_bin_4.50_3.40","gamma_bin","vary_mean",4.5,FALSE,69,0.751271373438236,0.835549388423996,0.15,0.0576735763948333,0.17,0.0564959794193193,0.0842780149857595
"gamma_bin_4.50_3.40","gamma_bin","vary_mean",4.5,FALSE,70,0.755105697598796,0.84002037796711,0.15,0.0580109004759548,0.16,0.056874275890763,0.0849146803683135
"gamma_bin_4.50_3.40","gamma_bin","vary_mean",4.5,FALSE,71,0.759004827658807,0.844451841368271,0.19,0.059317673260831,0.17,0.0582251245830884,0.0854470137094644
"gamma_bin_4.50_3.40","gamma_bin","vary_mean",4.5,FALSE,72,0.76317231106088,0.848899345964795,0.23,0.061273299104965,0.2,0.0600208309675858,0.0857270349039152
"gamma_bin_4.50_3.40","gamma_bin","vary_mean",4.5,FALSE,73,0.767786202417761,0.853180035449732,0.25,0.0628927055211286,0.19,0.061454973264899,0.0853938330319707
"gamma_bin_4.50_3.40","gamma_bin","vary_mean",4.5,FALSE,74,0.772997638290372,0.85743503590527,0.25,0.0636729741047424,0.22,0.0622929037289587,0.084437397614898
"gamma_bin_4.50_3.40","gamma_bin","vary_mean",4.5,FALSE,75,0.77893263784533,0.861652673117745,0.27,0.0633861936701871,0.24,0.0621142622130933,0.0827200352724154
"gamma_bin_4.50_3.40","gamma_bin","vary_mean",4.5,FALSE,76,0.78568141824908,0.865781337689278,0.27,0.0620480856984376,0.27,0.060694343253969,0.0800999194401977
"gamma_bin_4.50_3.40","gamma_bin","vary_mean",4.5,FALSE,77,0.793148670755028,0.869742972472066,0.28,0.0603341559203829,0.27,0.0589560755380793,0.0765943017170381
"gamma_bin_4.50_3.40","gamma_bin","vary_mean",4.5,FALSE,78,0.801109464577554,0.87344517551933,0.31,0.0596374036487848,0.33,0.0581394205517015,0.0723357109417765
"gamma_bin_4.50_3.40","gamma_bin","vary_mean",4.5,FALSE,79,0.809317687520099,0.876924785705546,0.36,0.0602789807036928,0.38,0.0588014752168754,0.0676070981854469
"gamma_bin_4.50_3.40","gamma_bin","vary_mean",4.5,FALSE,80,0.817518562189946,0.880312621402032,0.48,0.0623436599239751,0.43,0.060833974715311,0.0627940592120865
"gamma_bin_4.50_3.40","gamma_bin","vary_mean",4.5,FALSE,81,0.825462916255739,0.883528618402608,0.58,0.0650529330676016,0.58,0.0633065974534608,0.0580657021468686
"gamma_bin_4.50_3.40","gamma_bin","vary_mean",4.5,FALSE,82,0.832920079463184,0.886514068765419,0.64,0.0673094054984941,0.63,0.0655164622138442,0.0535939893022346
"gamma_bin_4.50_3.40","gamma_bin","vary_mean",4.5,FALSE,83,0.83968668789734,0.889154891284446,0.69,0.068734503005727,0.69,0.0668127419200019,0.0494682033871059
"gamma_bin_4.50_3.40","gamma_bin","vary_mean",4.5,FALSE,84,0.845591000049052,0.891648712801907,0.73,0.0683975312541808,0.7,0.0666103101147569,0.0460577127528555
"gamma_bin_4.50_3.40","gamma_bin","vary_mean",4.5,FALSE,85,0.850493536894317,0.893939595389024,0.74,0.0664404394277827,0.73,0.0649636221793255,0.0434460584947074
"gamma_bin_4.50_3.40","gamma_bin","vary_mean",4.5,FALSE,86,0.854297533108007,0.896147073382688,0.72,0.063550819975197,0.71,0.0623035939403223,0.0418495402746811
"gamma_bin_4.50_3.40","gamma_bin","vary_mean",4.5,FALSE,87,0.857044342489846,0.898326444511953,0.68,0.0614360311827561,0.69,0.0602845757662576,0.0412821020221071
"gamma_bin_4.50_3.40","gamma_bin","vary_mean",4.5,FALSE,88,0.858857822167393,0.900569423300989,0.7,0.0608506792587759,0.68,0.0596332225279874,0.0417116011335958
"gamma_bin_4.50_3.40","gamma_bin","vary_mean",4.5,FALSE,89,0.859878747666928,0.902509880436616,0.69,0.0620502538654395,0.67,0.0607357824339373,0.0426311327696881
"gamma_bin_4.50_3.40","gamma_bin","vary_mean",4.5,FALSE,90,0.86025311141159,0.904358758441837,0.66,0.064334371293243,0.67,0.062922538039517,0.0441056470302469
"gamma_bin_4.50_3.40","gamma_bin","vary_mean",4.5,FALSE,91,0.860120701023208,0.906353383327543,0.65,0.0667181820253059,0.66,0.0653303767341213,0.046232682304335
"gamma_bin_4.50_3.40","gamma_bin","vary_mean",4.5,FALSE,92,0.859606619529194,0.908391659394777,0.65,0.0686850364988411,0.66,0.0672554401276603,0.0487850398655828
"gamma_bin_4.50_3.40","gamma_bin","vary_mean",4.5,FALSE,93,0.8588168361623,0.910665182646114,0.64,0.0693437091090262,0.63,0.0678175686635637,0.0518483464838135
"gamma_bin_4.50_3.40","gamma_bin","vary_mean",4.5,FALSE,94,0.857837212377275,0.912887569166048,0.57,0.0685642135922715,0.57,0.0670535190061842,0.0550503567887731
"gamma_bin_4.50_3.40","gamma_bin","vary_mean",4.5,FALSE,95,0.856734852284735,0.91525667420758,0.54,0.0666453268508556,0.54,0.0651921042608049,0.0585218219228447
"gamma_bin_4.50_3.40","gamma_bin","vary_mean",4.5,FALSE,96,0.855586935925609,0.917995008386367,0.49,0.0646383272594279,0.48,0.0633128954210477,0.0624080724607583
"gamma_bin_4.50_3.40","gamma_bin","vary_mean",4.5,FALSE,97,0.854642173312711,0.921061977616291,0.44,0.0639770128013415,0.47,0.062557457526879,0.0664198043035802
"gamma_bin_4.50_3.40","gamma_bin","vary_mean",4.5,FALSE,98,0.854216899337268,0.924317927674388,0.41,0.0647979364941942,0.42,0.0632590721037855,0.07010102833712
"gamma_bin_4.50_3.40","gamma_bin","vary_mean",4.5,FALSE,99,0.854615196085733,0.927774223276526,0.4,0.0664749430033011,0.38,0.0648947069921658,0.0731590271907929
"gamma_bin_4.50_3.40","gamma_bin","vary_mean",4.5,FALSE,100,0.856123392287051,0.931457196113527,0.41,0.0686158269855739,0.4,0.0668937106176939,0.0753338038264756
"gamma_bin_4.50_3.40","gamma_bin","vary_mean",4.5,FALSE,101,0.859003725920451,0.935508015322587,0.44,0.0702751884561938,0.41,0.0684791461894298,0.0765042894021363
"gamma_bin_4.50_3.40","gamma_bin","vary_mean",4.5,FALSE,102,0.863491057515902,0.939638413606817,0.45,0.0706943248842429,0.46,0.0689338235651463,0.076147356090915
"gamma_bin_4.50_3.40","gamma_bin","vary_mean",4.5,FALSE,103,0.869793786137492,0.944018363337366,0.45,0.0697218496029307,0.48,0.0680808534388598,0.0742245771998737
"gamma_bin_4.50_3.40","gamma_bin","vary_mean",4.5,FALSE,104,0.878098070350996,0.948659679405423,0.48,0.0676638978234595,0.49,0.0658891002369847,0.0705616090544272
"gamma_bin_4.50_3.40","gamma_bin","vary_mean",4.5,FALSE,105,0.888573897619543,0.953495477376813,0.52,0.0651244933658158,0.51,0.063360796831428,0.0649215797572701
"gamma_bin_4.50_3.40","gamma_bin","vary_mean",4.5,FALSE,106,0.901301658370892,0.958482295382109,0.54,0.063609162724646,0.54,0.061773223078881,0.0571806370112167
"gamma_bin_4.50_3.40","gamma_bin","vary_mean",4.5,FALSE,107,0.915897849763235,0.963440674091754,0.66,0.0635607161428047,0.65,0.0617610113211011,0.0475428243285191
"gamma_bin_4.50_3.40","gamma_bin","vary_mean",4.5,FALSE,108,0.931781890770312,0.968228123333971,0.75,0.0649139183482031,0.75,0.0633929728097509,0.0364462325636591
"gamma_bin_4.50_3.40","gamma_bin","vary_mean",4.5,FALSE,109,0.964908287444313,0.972777482333432,0.91,0.0672339678787855,0.91,0.06583507787352,0.00786919488911908
"gamma_bin_4.50_3.40","gamma_bin","vary_mean",4.5,FALSE,110,0.980887218164916,0.976791671340054,0.94,0.0693897840159593,0.92,0.06797106623816,-0.00409554682486157
"gamma_bin_4.50_3.40","gamma_bin","vary_mean",4.5,FALSE,111,0.995692213942587,0.980125052588817,0.9,0.070764852694494,0.89,0.0691736852866706,-0.0155671613537696
"gamma_bin_4.50_3.40","gamma_bin","vary_mean",4.5,FALSE,112,1.00881666031265,0.983018330103168,0.83,0.0709901247546799,0.82,0.0693570857517905,-0.0257983302094825
"gamma_bin_4.50_3.40","gamma_bin","vary_mean",4.5,FALSE,113,1.01983605940048,0.985272730542386,0.8,0.0700785913394985,0.79,0.0682401945154169,-0.0345633288580944
"gamma_bin_4.50_3.40","gamma_bin","vary_mean",4.5,FALSE,114,1.02841129997895,0.986837278000603,0.74,0.0685020654518131,0.72,0.066606476860328,-0.0415740219783468
"gamma_bin_4.50_3.40","gamma_bin","vary_mean",4.5,FALSE,115,1.03430371035801,0.987809605834165,0.7,0.067108175517116,0.67,0.0653294636678628,-0.0464941045238445
"gamma_bin_4.50_3.40","gamma_bin","vary_mean",4.5,FALSE,116,1.03743175161603,0.988367478679684,0.66,0.067318140120868,0.64,0.0654619092696794,-0.0490642729363465
"gamma_bin_4.50_3.40","gamma_bin","vary_mean",4.5,FALSE,117,1.0378022122009,0.988647399192921,0.67,0.068914149383007,0.66,0.067150205583159,-0.0491548130079787
"gamma_bin_4.50_3.40","gamma_bin","vary_mean",4.5,FALSE,118,1.03547276308025,0.988585838318106,0.74,0.0714302762955301,0.69,0.0695363303914134,-0.0468869247621437
"gamma_bin_4.50_3.40","gamma_bin","vary_mean",4.5,FALSE,119,1.03053550780697,0.988064080643193,0.8,0.0733665925596178,0.78,0.071589516324451,-0.0424714271637766
"gamma_bin_4.50_3.40","gamma_bin","vary_mean",4.5,FALSE,120,1.02310221069091,0.987059832385141,0.85,0.0742044611740873,0.82,0.072492042136736,-0.0360423783057694
"gamma_bin_4.50_3.40","gamma_bin","vary_mean",4.5,FALSE,121,1.01329357541095,0.98574491163415,0.88,0.0734073766014196,0.84,0.0719375064764447,-0.0275486637767997
"gamma_bin_4.50_3.40","gamma_bin","vary_mean",4.5,FALSE,122,1.00123289414715,0.984040614447818,0.91,0.0713381774467967,0.89,0.0698416592315479,-0.0171922796993318
"gamma_bin_4.50_3.40","gamma_bin","vary_mean",4.5,FALSE,123,0.987043160294477,0.982006699998365,0.92,0.0682434338629889,0.93,0.0671046948298099,-0.00503646029611193
"gamma_bin_4.50_3.40","gamma_bin","vary_mean",4.5,FALSE,124,0.970846430550826,0.97957247944935,0.92,0.0654615030433992,0.9,0.0643840102347774,0.00872604889852446
"gamma_bin_4.50_3.40","gamma_bin","vary_mean",4.5,FALSE,125,0.953001568168985,0.977157846010629,0.83,0.0641627857972334,0.81,0.0629323714678148,0.0241562778416439
"gamma_bin_4.50_3.40","gamma_bin","vary_mean",4.5,FALSE,126,0.934680947695761,0.975004286868605,0.72,0.0651735315797047,0.73,0.063785422735234,0.0403233391728437
"gamma_bin_4.50_3.40","gamma_bin","vary_mean",4.5,FALSE,127,0.917145793226913,0.973448946350039,0.58,0.0675064985949251,0.57,0.0659519641023887,0.0563031531231262
"gamma_bin_4.50_3.40","gamma_bin","vary_mean",4.5,FALSE,128,0.901530406151582,0.972284113945596,0.43,0.0702048838763048,0.45,0.0685528345125043,0.0707537077940144
"gamma_bin_4.50_3.40","gamma_bin","vary_mean",4.5,FALSE,129,0.888820761331304,0.97146471041016,0.37,0.0722466926929859,0.37,0.0705922057334779,0.0826439490788556
"gamma_bin_4.50_3.40","gamma_bin","vary_mean",4.5,FALSE,130,0.879849051096058,0.97130046109981,0.31,0.0729999728554682,0.32,0.0714382971186188,0.0914514100037518
"gamma_bin_4.50_3.40","gamma_bin","vary_mean",4.5,FALSE,131,0.875312502934994,0.971755754467949,0.29,0.0724514157260718,0.28,0.0708103632351527,0.0964432515329547
"gamma_bin_4.50_3.40","gamma_bin","vary_mean",4.5,FALSE,132,0.875810644994376,0.972974712523152,0.28,0.0703228726380661,0.28,0.0688789036966293,0.0971640675287764
"gamma_bin_4.50_3.40","gamma_bin","vary_mean",4.5,FALSE,133,0.881891211117993,0.974702565214831,0.3,0.0678965333573407,0.28,0.0664802597628899,0.0928113540968377
"gamma_bin_4.50_3.40","gamma_bin","vary_mean",4.5,FALSE,134,0.894096753734329,0.976859213790038,0.37,0.0665647087484523,0.34,0.0651267700364442,0.0827624600557092
"gamma_bin_4.50_3.40","gamma_bin","vary_mean",4.5,FALSE,135,0.912538889585145,0.979113878050372,0.53,0.0667104910143856,0.51,0.0653215177740223,0.066574988465227
"gamma_bin_4.50_3.40","gamma_bin","vary_mean",4.5,FALSE,136,0.935968580436848,0.981558484896995,0.71,0.0680483595697683,0.71,0.0667560304193086,0.0455899044601468
"gamma_bin_4.50_3.40","gamma_bin","vary_mean",4.5,FALSE,137,0.962748452443007,0.983863585074227,0.84,0.0699136904244828,0.85,0.0684971439134844,0.0211151326312202
"gamma_bin_4.50_3.40","gamma_bin","vary_mean",4.5,FALSE,138,0.991058087015847,0.985964328886736,0.91,0.0715217104807878,0.91,0.0699459949334487,-0.00509375812911117
"gamma_bin_4.50_3.40","gamma_bin","vary_mean",4.5,FALSE,139,1.01894781256074,0.98774050108246,0.83,0.0720275644337134,0.77,0.0704338305389947,-0.0312073114782796
"gamma_bin_4.50_3.40","gamma_bin","vary_mean",4.5,FALSE,140,1.04444932027992,0.989028085562928,0.61,0.0712447839441678,0.6,0.0697148245530413,-0.0554212347169922
"gamma_bin_4.50_3.40","gamma_bin","vary_mean",4.5,FALSE,141,1.0657059122687,0.989930594103373,0.41,0.0694080980420539,0.4,0.0680891537606864,-0.0757753181653266
"gamma_bin_4.50_3.40","gamma_bin","vary_mean",4.5,FALSE,142,1.0810929449843,0.990355169048916,0.29,0.0672584305214876,0.29,0.0660082914765013,-0.0907377759353842
"gamma_bin_4.50_3.40","gamma_bin","vary_mean",4.5,FALSE,143,1.08930930531451,0.990291108642509,0.26,0.0659263372596935,0.23,0.0644348471150853,-0.0990181966720011
"gamma_bin_4.50_3.40","gamma_bin","vary_mean",4.5,FALSE,144,1.08943317712892,0.990012266650609,0.27,0.0660841554936266,0.25,0.0647648089550282,-0.0994209104783107
"gamma_bin_4.50_3.40","gamma_bin","vary_mean",4.5,FALSE,145,1.08148967301391,0.989155298270919,0.29,0.067733131380831,0.28,0.0661149116138833,-0.0923343747429907
"gamma_bin_4.50_3.40","gamma_bin","vary_mean",4.5,FALSE,146,1.067118056924,0.988027274984255,0.39,0.0698093674320466,0.35,0.0682953602516853,-0.0790907819397448
"gamma_bin_4.50_3.40","gamma_bin","vary_mean",4.5,FALSE,147,1.04828964020928,0.986606737830952,0.56,0.0719005998336486,0.56,0.0702536334228745,-0.0616829023783277
"gamma_bin_4.50_3.40","gamma_bin","vary_mean",4.5,FALSE,148,1.02693455801449,0.984909645462113,0.79,0.073349140017536,0.75,0.0716082348905505,-0.042024912552377
"gamma_bin_4.50_3.40","gamma_bin","vary_mean",4.5,FALSE,149,1.00477443375589,0.982963974425947,0.89,0.0734501067781179,0.88,0.0717526799552479,-0.0218104593299434
"gamma_bin_4.50_3.40","gamma_bin","vary_mean",4.5,FALSE,150,0.983222907766779,0.98068225904551,0.94,0.0719120457731725,0.94,0.0703280009737538,-0.00254064872126913
"gamma_bin_4.50_3.40","gamma_bin","vary_mean",4.5,FALSE,151,0.963363940769346,0.977876812561008,0.91,0.0690592343521141,0.89,0.0676337684321454,0.0145128717916622
"gamma_bin_4.50_3.40","gamma_bin","vary_mean",4.5,FALSE,152,0.945985514931433,0.974946710410249,0.82,0.0664079248008422,0.81,0.0650864384815774,0.0289611954788161
"gamma_bin_4.50_3.40","gamma_bin","vary_mean",4.5,FALSE,153,0.931639698450479,0.972089444787096,0.77,0.0650264311736398,0.74,0.0636000697264855,0.0404497463366166
"gamma_bin_4.50_3.40","gamma_bin","vary_mean",4.5,FALSE,154,0.920706027513323,0.969524032879354,0.67,0.0653606942679088,0.7,0.0638312850541622,0.0488180053660314
"gamma_bin_4.50_3.40","gamma_bin","vary_mean",4.5,FALSE,155,0.913287949909382,0.967199081101646,0.59,0.067093516382104,0.6,0.065515435875086,0.0539111311922637
"gamma_bin_4.50_3.40","gamma_bin","vary_mean",4.5,FALSE,156,0.909118262499206,0.965435702946332,0.61,0.0691695161301734,0.61,0.0675838101990384,0.0563174404471257
"gamma_bin_4.50_3.40","gamma_bin","vary_mean",4.5,FALSE,157,0.90786599524967,0.964262975652733,0.61,0.0707259721395415,0.62,0.0691575031469513,0.0563969804030634
"gamma_bin_4.50_3.40","gamma_bin","vary_mean",4.5,FALSE,158,0.909191813449816,0.963722159426342,0.62,0.0713658950413969,0.64,0.0698024999311715,0.0545303459765255
"gamma_bin_4.50_3.40","gamma_bin","vary_mean",4.5,FALSE,159,0.9127706498954,0.963816495002753,0.64,0.0708898222359548,0.66,0.069259232850268,0.051045845107353
"gamma_bin_4.50_3.40","gamma_bin","vary_mean",4.5,FALSE,160,0.918310343562916,0.964501081685918,0.69,0.0693711496059726,0.66,0.0677928488388057,0.0461907381230019
"gamma_bin_4.50_3.40","gamma_bin","vary_mean",4.5,FALSE,161,0.925562601543549,0.965803636095181,0.73,0.0673998179730318,0.72,0.0658329384617327,0.0402410345516322
"gamma_bin_4.50_3.40","gamma_bin","vary_mean",4.5,FALSE,162,0.934326617511047,0.967562223069339,0.74,0.0661057844731119,0.74,0.0646919680396548,0.0332356055582923
"gamma_bin_4.50_3.40","gamma_bin","vary_mean",4.5,FALSE,163,0.944447396594412,0.969975220237816,0.78,0.0663007754272006,0.79,0.0647730581936301,0.025527823643404
"gamma_bin_4.50_3.40","gamma_bin","vary_mean",4.5,FALSE,164,0.955808426255688,0.973001450263975,0.85,0.0676690637305565,0.85,0.0661576351652875,0.0171930240082868
"gamma_bin_4.50_3.40","gamma_bin","vary_mean",4.5,FALSE,165,0.968171987055275,0.976649086331747,0.88,0.0700077595883372,0.9,0.0684646383871595,0.00847709927647167
"gamma_bin_4.50_3.40","gamma_bin","vary_mean",4.5,FALSE,166,0.981075418082579,0.980805854492047,0.89,0.0720573237965913,0.89,0.0702139113648994,-0.000269563590531985
"gamma_bin_4.50_3.40","gamma_bin","vary_mean",4.5,FALSE,167,0.99403776313242,0.985283742608755,0.87,0.0728991122550863,0.89,0.0711835019231746,-0.00875402052366514
"gamma_bin_4.50_3.40","gamma_bin","vary_mean",4.5,FALSE,168,1.00658618871785,0.990213201219219,0.85,0.0723190532563759,0.86,0.070810741842677,-0.0163729874986309
"gamma_bin_4.50_3.40","gamma_bin","vary_mean",4.5,FALSE,169,1.01827263962082,0.99547951051897,0.84,0.0705160092080816,0.85,0.0690687688117235,-0.0227931291018502
"gamma_bin_4.50_3.40","gamma_bin","vary_mean",4.5,FALSE,170,1.02869207421039,1.00124582253099,0.81,0.0678922888363249,0.81,0.0666365852549588,-0.0274462516794001
"gamma_bin_4.50_3.40","gamma_bin","vary_mean",4.5,FALSE,171,1.03749575970787,1.00741135007197,0.8,0.0662541551465254,0.79,0.0649381010648685,-0.0300844096358976
"gamma_bin_4.50_3.40","gamma_bin","vary_mean",4.5,FALSE,172,1.04439766370686,1.01399765567467,0.79,0.0663920714502827,0.79,0.0649609952778588,-0.0304000080321916
"gamma_bin_4.50_3.40","gamma_bin","vary_mean",4.5,FALSE,173,1.04917474480308,1.02096717637938,0.8,0.0683193445708328,0.8,0.0668552453033158,-0.0282075684236953
"gamma_bin_4.50_3.40","gamma_bin","vary_mean",4.5,FALSE,174,1.05167598943045,1.02821824021648,0.88,0.0715330454032824,0.86,0.0699378297322254,-0.023457749213974
"gamma_bin_4.50_3.40","gamma_bin","vary_mean",4.5,FALSE,175,1.05228684352057,1.03537838586601,0.92,0.0744684225675169,0.91,0.0728568747133813,-0.0169084576545573
"gamma_bin_4.50_3.40","gamma_bin","vary_mean",4.5,FALSE,176,1.05205037229906,1.04272321749728,0.94,0.076647527742558,0.92,0.0749708608630869,-0.00932715480178015
"gamma_bin_4.50_3.40","gamma_bin","vary_mean",4.5,FALSE,177,1.05206304074467,1.05027255474078,0.93,0.0772459525693422,0.92,0.075560280453285,-0.00179048600388665
"gamma_bin_4.50_3.40","gamma_bin","vary_mean",4.5,FALSE,178,1.0533911428065,1.05834365704638,0.91,0.0761195703195448,0.9,0.0744738094992162,0.0049525142398763
"gamma_bin_4.50_3.40","gamma_bin","vary_mean",4.5,FALSE,179,1.05702523270082,1.06659460555915,0.91,0.0738516273744646,0.87,0.072267999594097,0.00956937285832904
"gamma_bin_4.50_3.40","gamma_bin","vary_mean",4.5,FALSE,180,1.06385390304002,1.07491871221702,0.86,0.0714055865836956,0.87,0.0701710581697378,0.0110648091769978
"gamma_bin_4.50_3.40","gamma_bin","vary_mean",4.5,FALSE,181,1.07466368846286,1.08327317279094,0.87,0.0704900189967043,0.88,0.0690478080721982,0.0086094843280764
"gamma_bin_4.50_3.40","gamma_bin","vary_mean",4.5,FALSE,182,1.09015918537017,1.09153836378111,0.91,0.0712523364804181,0.91,0.0696303320905804,0.0013791784109416
"gamma_bin_4.50_3.40","gamma_bin","vary_mean",4.5,FALSE,183,1.11099415707904,1.09898365606278,0.93,0.0733277475803808,0.92,0.071566515697377,-0.0120105010162643
"gamma_bin_4.50_3.40","gamma_bin","vary_mean",4.5,FALSE,184,1.13776253966062,1.10565832848377,0.87,0.0759742776053308,0.84,0.0741252327722288,-0.0321042111768537
"gamma_bin_4.50_3.40","gamma_bin","vary_mean",4.5,FALSE,185,1.16994138910722,1.11145659991679,0.69,0.0777978221563828,0.65,0.0760431240205661,-0.0584847891904288
"gamma_bin_4.50_3.40","gamma_bin","vary_mean",4.5,FALSE,186,1.20568067952197,1.1164833322055,0.41,0.0782079085240983,0.42,0.0766461946448753,-0.0891973473164704
"gamma_bin_4.50_3.40","gamma_bin","vary_mean",4.5,FALSE,187,1.24280592689739,1.12064720399626,0.13,0.0768940065287768,0.13,0.0754276330361444,-0.122158722901131
"gamma_bin_4.50_3.40","gamma_bin","vary_mean",4.5,FALSE,188,1.27892507759421,1.12381881802205,0.04,0.0742410550551055,0.04,0.0729565747024918,-0.15510625957216
"gamma_bin_4.50_3.40","gamma_bin","vary_mean",4.5,FALSE,189,1.31157809299846,1.126023462408,0.03,0.0710826874997165,0.03,0.0700078172621555,-0.185554630590465
"gamma_bin_4.50_3.40","gamma_bin","vary_mean",4.5,FALSE,190,1.33842575739913,1.12703614599847,0.01,0.0693731490693106,0.01,0.0682303393487791,-0.211389611400661
"gamma_bin_4.50_3.40","gamma_bin","vary_mean",4.5,FALSE,191,1.35742493987032,1.1272571727107,0.01,0.0696936318049355,0.01,0.0684224904177482,-0.230167767159624
"gamma_bin_4.50_3.40","gamma_bin","vary_mean",4.5,FALSE,192,1.36695842059754,1.12637240568857,0.01,0.0714949807142602,0.01,0.07024285425403,-0.24058601490897
"gamma_bin_4.50_3.40","gamma_bin","vary_mean",4.5,FALSE,193,1.36590703303142,1.12463799981716,0.01,0.0740564707342349,0.01,0.0727103288062119,-0.241269033214264
"gamma_bin_4.50_3.40","gamma_bin","vary_mean",4.5,FALSE,194,1.35374441935837,1.12185577868611,0.01,0.0761132723754777,0.01,0.0747453908105694,-0.231888640672257
"gamma_bin_4.50_3.40","gamma_bin","vary_mean",4.5,FALSE,195,1.33179505256341,1.11809423781546,0.01,0.0769894135922959,0.01,0.0752948782687542,-0.213700814747951
"gamma_bin_4.50_3.40","gamma_bin","vary_mean",4.5,FALSE,196,1.30282908300336,1.11322134125784,0.01,0.0760109681229321,0.01,0.0742778304320148,-0.189607741745524
"gamma_bin_4.50_3.40","gamma_bin","vary_mean",4.5,FALSE,197,1.26962792749398,1.10730888153991,0.01,0.0734824348180294,0.01,0.0718052039317585,-0.162319045954073
"gamma_bin_4.50_3.40","gamma_bin","vary_mean",4.5,FALSE,198,1.23470197201586,1.1003882316806,0.06,0.0701984986772489,0.03,0.0685768297003608,-0.134313740335261
"gamma_bin_4.50_3.40","gamma_bin","vary_mean",4.5,FALSE,199,1.20012008532359,1.09324096476651,0.16,0.0679325324784596,0.13,0.0664241295878779,-0.106879120557078
"gamma_bin_4.50_3.40","gamma_bin","vary_mean",4.5,FALSE,200,1.16745324780638,1.08597000203268,0.36,0.0673614562544165,0.32,0.0659227896700131,-0.0814832457737005
"gamma_bin_4.50_3.40","gamma_bin","vary_mean",4.5,FALSE,201,1.13781324493009,1.07896102100121,0.59,0.0684303799681226,0.57,0.0670006792926497,-0.0588522239288765
"gamma_bin_4.50_3.40","gamma_bin","vary_mean",4.5,FALSE,202,1.11194114249594,1.07257060542743,0.81,0.0705792331868983,0.77,0.0691007101292981,-0.0393705370685127
"gamma_bin_4.50_3.40","gamma_bin","vary_mean",4.5,FALSE,203,1.09030738318271,1.0668195036142,0.88,0.0727179086837109,0.87,0.0710880623288376,-0.0234878795685065
"gamma_bin_4.50_3.40","gamma_bin","vary_mean",4.5,FALSE,204,1.07317842503564,1.061952267604,0.94,0.0738048689856325,0.95,0.0722973451893522,-0.0112261574316399
"gamma_bin_4.50_3.40","gamma_bin","vary_mean",4.5,FALSE,205,1.06040347302214,1.05791627856768,0.97,0.0736072565520285,0.95,0.0721456179077989,-0.002487194454458
"gamma_bin_4.50_3.40","gamma_bin","vary_mean",4.5,FALSE,206,1.05156904168052,1.05482930538291,0.95,0.0724635005694235,0.93,0.0708713978583188,0.00326026370239374
"gamma_bin_4.50_3.40","gamma_bin","vary_mean",4.5,FALSE,207,1.04624950999474,1.0527085827924,0.92,0.0702486781353315,0.9,0.0686543553570299,0.006459072797661
"gamma_bin_4.50_3.40","gamma_bin","vary_mean",4.5,FALSE,208,1.04403704329192,1.0517037595568,0.9,0.0686115319178867,0.88,0.0670255858619324,0.00766671626487558
"gamma_bin_4.50_3.40","gamma_bin","vary_mean",4.5,FALSE,209,1.0445651521307,1.05180718140332,0.86,0.0683121279015411,0.84,0.0667637142978877,0.00724202927262296
"gamma_bin_4.50_3.40","gamma_bin","vary_mean",4.5,FALSE,210,1.04752392002038,1.05298558124777,0.87,0.0694680857644431,0.86,0.0676973507152836,0.00546166122738989
"gamma_bin_4.50_3.40","gamma_bin","vary_mean",4.5,FALSE,211,1.05266551803821,1.05516220319593,0.89,0.0716407888784896,0.88,0.0696615603916323,0.00249668515771861
"gamma_bin_4.50_3.40","gamma_bin","vary_mean",4.5,FALSE,212,1.0598023103751,1.05862305972103,0.91,0.0739386139896358,0.88,0.0718454903894839,-0.00117925065407043
"gamma_bin_4.50_3.40","gamma_bin","vary_mean",4.5,FALSE,213,1.06880062573221,1.06362388596551,0.91,0.0754887148093158,0.9,0.0735679866688047,-0.00517673976669952
"gamma_bin_4.50_3.40","gamma_bin","vary_mean",4.5,FALSE,214,1.0795784696348,1.06984282328259,0.9,0.0758030327488121,0.89,0.0742355566272874,-0.00973564635221247
"gamma_bin_4.50_3.40","gamma_bin","vary_mean",4.5,FALSE,215,1.09215111452811,1.07756996550721,0.9,0.0747313149813778,0.9,0.0734287103214958,-0.0145811490208954
"gamma_bin_4.50_3.40","gamma_bin","vary_mean",4.5,FALSE,216,1.10660255202503,1.08638824533001,0.85,0.0728198401676732,0.81,0.0714957192537228,-0.0202143066950162
"gamma_bin_4.50_3.40","gamma_bin","vary_mean",4.5,FALSE,217,1.1230463183655,1.09614257468338,0.8,0.070859819603193,0.81,0.0693956907013737,-0.0269037436821151
"gamma_bin_4.50_3.40","gamma_bin","vary_mean",4.5,FALSE,218,1.14161803384419,1.10670589117782,0.78,0.0702504946086652,0.77,0.0685811375475793,-0.0349121426663652
"gamma_bin_4.50_3.40","gamma_bin","vary_mean",4.5,FALSE,219,1.16246850453014,1.11758823438077,0.73,0.0712162795891046,0.73,0.069531299373851,-0.0448802701493711
"gamma_bin_4.50_3.40","gamma_bin","vary_mean",4.5,FALSE,220,1.18575867786174,1.12880408366916,0.67,0.0734797830663476,0.64,0.0717553319219017,-0.0569545941925753
"gamma_bin_4.50_3.40","gamma_bin","vary_mean",4.5,FALSE,221,1.21165701983639,1.14003869120747,0.61,0.07632320060944,0.59,0.0744326882683487,-0.0716183286289189
"gamma_bin_4.50_3.40","gamma_bin","vary_mean",4.5,FALSE,222,1.24033898455105,1.15086237543766,0.41,0.0787239897131799,0.42,0.0767271777380366,-0.0894766091133918
"gamma_bin_4.50_3.40","gamma_bin","vary_mean",4.5,FALSE,223,1.27198794287079,1.16152923377189,0.29,0.0797358544223308,0.25,0.0778403957021813,-0.110458709098902
"gamma_bin_4.50_3.40","gamma_bin","vary_mean",4.5,FALSE,224,1.30666523446541,1.17167388341938,0.1,0.0793025527824108,0.07,0.0774164360201461,-0.134991351046028
"gamma_bin_4.50_3.40","gamma_bin","vary_mean",4.5,FALSE,225,1.3433530482977,1.18128781402968,0.03,0.0772954529524733,0.03,0.0754708183283792,-0.162065234268022
"gamma_bin_4.50_3.40","gamma_bin","vary_mean",4.5,FALSE,226,1.38038171186225,1.19028979519357,0,0.0743992197024935,0,0.0726814239627465,-0.190091916668681
"gamma_bin_4.50_3.40","gamma_bin","vary_mean",4.5,FALSE,227,1.41592160258673,1.19860866743335,0,0.0720244521033381,0,0.0703712583912166,-0.217312935153377
"gamma_bin_4.50_3.40","gamma_bin","vary_mean",4.5,FALSE,228,1.44808142918806,1.20571036484351,0,0.0716264433907204,0,0.0699765896436298,-0.242371064344551
"gamma_bin_4.50_3.40","gamma_bin","vary_mean",4.5,FALSE,229,1.47504730588812,1.21171043970407,0,0.0731610745658721,0,0.071550175879469,-0.263336866184046
"gamma_bin_4.50_3.40","gamma_bin","vary_mean",4.5,FALSE,230,1.49521587906308,1.21641753162794,0,0.0762228221128579,0,0.0744202247293063,-0.278798347435141
"gamma_bin_4.50_3.40","gamma_bin","vary_mean",4.5,FALSE,231,1.50729103953841,1.21950711805623,0,0.0789241021127142,0,0.0770657935082204,-0.287783921482176
"gamma_bin_4.50_3.40","gamma_bin","vary_mean",4.5,FALSE,232,1.51033534857617,1.22108088100985,0,0.0804606596750516,0,0.0787522542801139,-0.289254467566316
"gamma_bin_4.50_3.40","gamma_bin","vary_mean",4.5,FALSE,233,1.50378097074586,1.22107774588541,0,0.0804709027551283,0,0.0787525618768675,-0.282703224860446
"gamma_bin_4.50_3.40","gamma_bin","vary_mean",4.5,FALSE,234,1.48764960471254,1.2192754738106,0,0.0788609226388626,0,0.0771413117680449,-0.268374130901942
"gamma_bin_4.50_3.40","gamma_bin","vary_mean",4.5,FALSE,235,1.46373241708909,1.21576902173379,0,0.0762252322322044,0,0.0744487115674128,-0.247963395355302
"gamma_bin_4.50_3.40","gamma_bin","vary_mean",4.5,FALSE,236,1.43448143272486,1.21111665683012,0.01,0.0738483696474856,0,0.0721098562305917,-0.223364775894737
"gamma_bin_4.50_3.40","gamma_bin","vary_mean",4.5,FALSE,237,1.40223769952072,1.20542182428582,0.02,0.0730249916175709,0.02,0.0714531019253542,-0.196815875234904
"gamma_bin_4.50_3.40","gamma_bin","vary_mean",4.5,FALSE,238,1.36905513115977,1.19889562196647,0.03,0.0745854845143205,0.03,0.0727913076861212,-0.170159509193303
"gamma_bin_4.50_3.40","gamma_bin","vary_mean",4.5,FALSE,239,1.33659069308879,1.19216973823837,0.09,0.0768153363152859,0.08,0.0751667561516071,-0.144420954850425
"gamma_bin_4.50_3.40","gamma_bin","vary_mean",4.5,FALSE,240,1.30608415861083,1.18517651028502,0.19,0.0790494816993608,0.19,0.077313231080718,-0.12090764832581
"gamma_bin_4.50_3.40","gamma_bin","vary_mean",4.5,FALSE,241,1.27840456713347,1.17814224961505,0.32,0.0806286878735894,0.31,0.0788247336445617,-0.100262317518424
"gamma_bin_4.50_3.40","gamma_bin","vary_mean",4.5,FALSE,242,1.25412742548082,1.17092991254547,0.51,0.0812211499625124,0.49,0.0794043177071814,-0.0831975129353495
"gamma_bin_4.50_3.40","gamma_bin","vary_mean",4.5,FALSE,243,1.23361554311767,1.16358952984033,0.61,0.0809322388968188,0.58,0.0790940434307883,-0.0700260132773369
"gamma_bin_4.50_3.40","gamma_bin","vary_mean",4.5,FALSE,244,1.21706403589592,1.15646265391412,0.71,0.0802655000038203,0.71,0.0787127959588455,-0.0606013819818036
"gamma_bin_4.50_3.40","gamma_bin","vary_mean",4.5,FALSE,245,1.20445667363505,1.1493954470613,0.77,0.0812026273748666,0.74,0.079640972985137,-0.055061226573754
"gamma_bin_4.50_3.40","gamma_bin","vary_mean",4.5,FALSE,246,1.19569657050359,1.14297739573921,0.78,0.0851542035217516,0.76,0.08342404980033,-0.0527191747643758
"gamma_bin_4.50_3.40","gamma_bin","vary_mean",4.5,FALSE,247,1.19067334691389,1.13688387377731,0.81,0.0925369821606186,0.79,0.0904259888665672,-0.0537894731365844
"gamma_bin_4.50_3.40","gamma_bin","vary_mean",4.5,FALSE,248,1.1892846905786,1.13139208473396,0.83,0.102345558952293,0.8,0.0998458401523652,-0.0578926058446416
"gamma_bin_4.50_3.40","gamma_bin","vary_mean",4.5,FALSE,249,1.1914521017446,1.12613913794612,0.86,0.113789508215067,0.81,0.111092061266119,-0.065312963798484
"gamma_bin_4.50_3.40","gamma_bin","vary_mean",4.5,FALSE,250,1.19713021020468,1.12143101732949,0.88,0.125982715532372,0.83,0.123150156089243,-0.0756991928751871
"gamma_bin_4.50_3.40","gamma_bin","vary_mean",4.5,FALSE,251,1.20631090184647,1.11714475462645,0.85,0.138544770709884,0.79,0.135716016945457,-0.0891661472200247
"gamma_bin_4.50_3.40","gamma_bin","vary_mean",4.5,FALSE,252,1.21902415582724,1.11341517078785,0.83,0.151697535953896,0.76,0.148425071515433,-0.105608985039388
"gamma_bin_4.50_3.40","gamma_bin","vary_mean",4.5,FALSE,253,1.23533724681924,1.11024861355769,0.78,0.165868419102747,0.71,0.161761792421035,-0.125088633261546
"gamma_bin_6.00_3.40","gamma_bin","vary_mean",6,FALSE,2,6.47633271060018,NA,NA,NA,NA,NA,NA
"gamma_bin_6.00_3.40","gamma_bin","vary_mean",6,FALSE,3,5.39748004467528,NA,NA,NA,NA,NA,NA
"gamma_bin_6.00_3.40","gamma_bin","vary_mean",6,FALSE,4,4.52153259075373,4.14450554738609,0.47,0.365737577548875,0.43,0.357247147787259,-0.377027043367641
"gamma_bin_6.00_3.40","gamma_bin","vary_mean",6,FALSE,5,3.81075688710478,2.69396633294074,0,0.280400371124978,0,0.274288877985917,-1.11679055416404
"gamma_bin_6.00_3.40","gamma_bin","vary_mean",6,FALSE,6,3.23384975678135,2.02361293288081,0,0.234989542835961,0,0.22931507375748,-1.21023682390054
"gamma_bin_6.00_3.40","gamma_bin","vary_mean",6,FALSE,7,2.76512519694591,1.66332762052299,0,0.206748314184126,0,0.201633593141731,-1.10179757642292
"gamma_bin_6.00_3.40","gamma_bin","vary_mean",6,FALSE,8,2.38350063829982,1.45049205822199,0,0.187046117533482,0,0.181856531251556,-0.93300858007783
"gamma_bin_6.00_3.40","gamma_bin","vary_mean",6,FALSE,9,2.07220990816182,1.31644543105028,0,0.170699072147365,0,0.166373177115365,-0.755764477111543
"gamma_bin_6.00_3.40","gamma_bin","vary_mean",6,FALSE,10,1.8180094782711,1.22786919740382,0,0.156413254616613,0,0.152473829046739,-0.59014028086728
"gamma_bin_6.00_3.40","gamma_bin","vary_mean",6,FALSE,11,1.61045019265924,1.16697819537104,0,0.14251087310087,0,0.139247157010269,-0.443471997288203
"gamma_bin_6.00_3.40","gamma_bin","vary_mean",6,FALSE,12,1.44129331371926,1.12344433073525,0.02,0.129973551749169,0.01,0.127123466132132,-0.317848982984005
"gamma_bin_6.00_3.40","gamma_bin","vary_mean",6,FALSE,13,1.30405110997497,1.09127847371597,0.1,0.119049972993681,0.09,0.11648441834662,-0.212772636258996
"gamma_bin_6.00_3.40","gamma_bin","vary_mean",6,FALSE,14,1.1936337473603,1.06617976891998,0.39,0.11014030593683,0.39,0.107737185544315,-0.127453978440325
"gamma_bin_6.00_3.40","gamma_bin","vary_mean",6,FALSE,15,1.10608275580624,1.04590579038992,0.79,0.103756290366188,0.78,0.101548605779976,-0.0601769654163229
"gamma_bin_6.00_3.40","gamma_bin","vary_mean",6,FALSE,16,1.03836845094092,1.02848046808136,0.93,0.0994287050625291,0.92,0.0972478053094429,-0.00988798285955972
"gamma_bin_6.00_3.40","gamma_bin","vary_mean",6,FALSE,17,0.987514418464918,1.01292168388028,0.92,0.0961221215755284,0.94,0.0939597031090046,0.0254072654153661
"gamma_bin_6.00_3.40","gamma_bin","vary_mean",6,FALSE,18,0.94985341422689,0.998720397938299,0.78,0.0931108645469662,0.8,0.0911569099068521,0.0488669837114087
"gamma_bin_6.00_3.40","gamma_bin","vary_mean",6,FALSE,19,0.922342058412537,0.98525700691706,0.68,0.0896159497443861,0.69,0.0877165454944533,0.0629149485045227
"gamma_bin_6.00_3.40","gamma_bin","vary_mean",6,FALSE,20,0.902533145800087,0.972020084208275,0.6,0.0851029403167851,0.59,0.0832208447807667,0.0694869384081881
"gamma_bin_6.00_3.40","gamma_bin","vary_mean",6,FALSE,21,0.888443579660898,0.959122372985565,0.55,0.0802907473748946,0.55,0.0785321010887871,0.0706787933246673
"gamma_bin_6.00_3.40","gamma_bin","vary_mean",6,FALSE,22,0.878474950045775,0.946503301089483,0.53,0.0763131600904999,0.52,0.0746347272803924,0.0680283510437081
"gamma_bin_6.00_3.40","gamma_bin","vary_mean",6,FALSE,23,0.871353706634507,0.934232953185137,0.55,0.0741479258435836,0.54,0.072578803825547,0.0628792465506303
"gamma_bin_6.00_3.40","gamma_bin","vary_mean",6,FALSE,24,0.866079695774009,0.922119784413508,0.61,0.0742321934292115,0.64,0.0725999197459816,0.0560400886394993
"gamma_bin_6.00_3.40","gamma_bin","vary_mean",6,FALSE,25,0.861880113955128,0.909868218993501,0.72,0.0756688248305429,0.74,0.073889934136792,0.0479881050383728
"gamma_bin_6.00_3.40","gamma_bin","vary_mean",6,FALSE,26,0.858167576978305,0.897583559839341,0.78,0.0775831942034088,0.78,0.0757840043906713,0.0394159828610363
"gamma_bin_6.00_3.40","gamma_bin","vary_mean",6,FALSE,27,0.854446587171991,0.88534559472249,0.87,0.0788472677312811,0.83,0.0770625461313011,0.0308990075504992
"gamma_bin_6.00_3.40","gamma_bin","vary_mean",6,FALSE,28,0.850242530612154,0.873026862235957,0.9,0.0789328133866388,0.89,0.077098522195797,0.022784331623803
"gamma_bin_6.00_3.40","gamma_bin","vary_mean",6,FALSE,29,0.845168044117022,0.860678927415761,0.93,0.0774110966462306,0.93,0.0756925754835453,0.0155108832987387
"gamma_bin_6.00_3.40","gamma_bin","vary_mean",6,FALSE,30,0.838916821827613,0.8486478116942,0.96,0.0747966567469489,0.95,0.0731069653278328,0.00973098986658671
"gamma_bin_6.00_3.40","gamma_bin","vary_mean",6,FALSE,31,0.83125458603177,0.836577366436829,0.95,0.0722531717159331,0.94,0.0705064696867374,0.00532278040505918
"gamma_bin_6.00_3.40","gamma_bin","vary_mean",6,FALSE,32,0.822012955905288,0.824800596246684,0.95,0.0705868287899865,0.94,0.0688097390690071,0.00278764034139567
"gamma_bin_6.00_3.40","gamma_bin","vary_mean",6,FALSE,33,0.811083441801087,0.813289941639963,0.94,0.0700094586833789,0.93,0.0684374519318272,0.00220649983887578
"gamma_bin_6.00_3.40","gamma_bin","vary_mean",6,FALSE,34,0.798410706391415,0.802039896421238,0.94,0.0709516738283389,0.94,0.0692207052485042,0.0036291900298232
"gamma_bin_6.00_3.40","gamma_bin","vary_mean",6,FALSE,35,0.783985284249482,0.791069347739731,0.97,0.0721105061445642,0.95,0.0705032698519279,0.00708406349024904
"gamma_bin_6.00_3.40","gamma_bin","vary_mean",6,FALSE,36,0.767842249776292,0.780168445081349,0.94,0.0727665860220434,0.94,0.0711946916076602,0.012326195305057
"gamma_bin_6.00_3.40","gamma_bin","vary_mean",6,FALSE,37,0.750320099865667,0.769663932977431,0.91,0.0724243157719685,0.91,0.0708814200124824,0.0193438331117645
"gamma_bin_6.00_3.40","gamma_bin","vary_mean",6,FALSE,38,0.732127511283489,0.759358442003501,0.84,0.0705390656731323,0.85,0.0691675107969764,0.0272309307200118
"gamma_bin_6.00_3.40","gamma_bin","vary_mean",6,FALSE,39,0.713945546467747,0.749383828262907,0.8,0.0673141045039608,0.8,0.0660181906097926,0.0354382817951595
"gamma_bin_6.00_3.40","gamma_bin","vary_mean",6,FALSE,40,0.696377644387645,0.739834821696108,0.72,0.063901700832088,0.74,0.0625729492711304,0.0434571773084634
"gamma_bin_6.00_3.40","gamma_bin","vary_mean",6,FALSE,41,0.679931575981829,0.730724865622554,0.62,0.061627067786035,0.61,0.0603943016634845,0.050793289640725
"gamma_bin_6.00_3.40","gamma_bin","vary_mean",6,FALSE,42,0.665012401557135,0.722591591634667,0.51,0.0609718461992585,0.51,0.0598648484815706,0.0575791900775322
"gamma_bin_6.00_3.40","gamma_bin","vary_mean",6,FALSE,43,0.65192842067752,0.715463539499827,0.45,0.0620704148244506,0.47,0.0610003997300808,0.0635351188223069
"gamma_bin_6.00_3.40","gamma_bin","vary_mean",6,FALSE,44,0.640906266957601,0.70940047283944,0.43,0.0641672697637853,0.41,0.0629210447534042,0.0684942058818385
"gamma_bin_6.00_3.40","gamma_bin","vary_mean",6,FALSE,45,0.632110069284813,0.704191175406956,0.42,0.0660400516941997,0.41,0.064699976508219,0.0720811061221429
"gamma_bin_6.00_3.40","gamma_bin","vary_mean",6,FALSE,46,0.625656360123327,0.699952781641616,0.4,0.0672177030008463,0.42,0.0657655414022376,0.0742964215182894
"gamma_bin_6.00_3.40","gamma_bin","vary_mean",6,FALSE,47,0.621502273809677,0.69668456569291,0.41,0.0672478390278047,0.41,0.0658547476392092,0.0751822918832327
"gamma_bin_6.00_3.40","gamma_bin","vary_mean",6,FALSE,48,0.619441171957512,0.694442736448746,0.4,0.0660461670882085,0.41,0.0647595572712324,0.0750015644912341
"gamma_bin_6.00_3.40","gamma_bin","vary_mean",6,FALSE,49,0.619256488578844,0.693199925152665,0.38,0.0638616320554821,0.39,0.0626965556899247,0.0739434365738211
"gamma_bin_6.00_3.40","gamma_bin","vary_mean",6,FALSE,50,0.620736004042686,0.693001619297732,0.38,0.0616577040174911,0.37,0.0603409045132701,0.0722656152550458
"gamma_bin_6.00_3.40","gamma_bin","vary_mean",6,FALSE,51,0.623679916186844,0.693668367342047,0.39,0.0604709805371811,0.41,0.0589645112269135,0.0699884511552025
"gamma_bin_6.00_3.40","gamma_bin","vary_mean",6,FALSE,52,0.627908213332621,0.69512371751267,0.41,0.0603927449265994,0.42,0.0588492140270624,0.0672155041800492
"gamma_bin_6.00_3.40","gamma_bin","vary_mean",6,FALSE,53,0.633265384812971,0.697403863159919,0.47,0.0616727848938559,0.42,0.0601047418823454,0.0641384783469481
"gamma_bin_6.00_3.40","gamma_bin","vary_mean",6,FALSE,54,0.639622221613428,0.700454214732818,0.48,0.0633882856191417,0.47,0.0618601276439939,0.0608319931193897
"gamma_bin_6.00_3.40","gamma_bin","vary_mean",6,FALSE,55,0.646875295241765,0.704217884073769,0.55,0.064969788147232,0.57,0.0635124508798196,0.0573425888320036
"gamma_bin_6.00_3.40","gamma_bin","vary_mean",6,FALSE,56,0.654940797889892,0.708458149897037,0.61,0.0657977366130361,0.59,0.0643082230709301,0.0535173520071449
"gamma_bin_6.00_3.40","gamma_bin","vary_mean",6,FALSE,57,0.663667548235467,0.713288082074817,0.65,0.065380015358908,0.61,0.0640411971701452,0.0496205338393497
"gamma_bin_6.00_3.40","gamma_bin","vary_mean",6,FALSE,58,0.67283196893338,0.718500536297431,0.68,0.0643207267869619,0.66,0.0629690308039058,0.0456685673640506
"gamma_bin_6.00_3.40","gamma_bin","vary_mean",6,FALSE,59,0.682212593504884,0.723997846664486,0.71,0.0631502482739149,0.73,0.0619581957095492,0.041785253159602
"gamma_bin_6.00_3.40","gamma_bin","vary_mean",6,FALSE,60,0.691594549334227,0.729980293516322,0.76,0.0628857501399317,0.79,0.0617015771021332,0.0383857441820954
"gamma_bin_6.00_3.40","gamma_bin","vary_mean",6,FALSE,61,0.700774343176902,0.736221918712654,0.81,0.0639477426327071,0.8,0.0626269304592152,0.0354475755357517
"gamma_bin_6.00_3.40","gamma_bin","vary_mean",6,FALSE,62,0.709565411363515,0.742597382027525,0.83,0.0659142947806777,0.84,0.0646060437951435,0.03303197066401
"gamma_bin_6.00_3.40","gamma_bin","vary_mean",6,FALSE,63,0.717802382251417,0.749137858984035,0.87,0.0684448338735258,0.85,0.0670209803344275,0.0313354767326175
"gamma_bin_6.00_3.40","gamma_bin","vary_mean",6,FALSE,64,0.725343303375917,0.755769679634218,0.89,0.0707395642371461,0.87,0.0693279422994353,0.0304263762583014
"gamma_bin_6.00_3.40","gamma_bin","vary_mean",6,FALSE,65,0.732069930484564,0.762446983613236,0.88,0.0722640861691657,0.88,0.0707399358744924,0.0303770531286723
"gamma_bin_6.00_3.40","gamma_bin","vary_mean",6,FALSE,66,0.737895666769886,0.769113003215144,0.88,0.0722443250617697,0.87,0.0708601553103334,0.0312173364452581
"gamma_bin_6.00_3.40","gamma_bin","vary_mean",6,FALSE,67,0.742895958587221,0.77579820897709,0.85,0.0711014759663222,0.85,0.0695955626924339,0.0329022503898685
"gamma_bin_6.00_3.40","gamma_bin","vary_mean",6,FALSE,68,0.747278763319657,0.78237164280005,0.82,0.0693969260826506,0.81,0.067787761049576,0.0350928794803927
"gamma_bin_6.00_3.40","gamma_bin","vary_mean",6,FALSE,69,0.751271373438236,0.789146565038048,0.81,0.068349052000375,0.79,0.0668386823200922,0.0378751915998123
"gamma_bin_6.00_3.40","gamma_bin","vary_mean",6,FALSE,70,0.755105697598796,0.795668647694275,0.76,0.0685416887485943,0.81,0.0671076445782835,0.0405629500954787
"gamma_bin_6.00_3.40","gamma_bin","vary_mean",6,FALSE,71,0.759004827658807,0.801984096174378,0.76,0.0702878149597255,0.78,0.0689114714862668,0.0429792685155708
"gamma_bin_6.00_3.40","gamma_bin","vary_mean",6,FALSE,72,0.76317231106088,0.808134046499773,0.76,0.0730411724407417,0.77,0.0716288084349033,0.0449617354388931
"gamma_bin_6.00_3.40","gamma_bin","vary_mean",6,FALSE,73,0.767786202417761,0.814078719628078,0.76,0.0756562509752505,0.76,0.0741959797919565,0.0462925172103168
"gamma_bin_6.00_3.40","gamma_bin","vary_mean",6,FALSE,74,0.772997638290372,0.81986688309299,0.78,0.0773505243857717,0.78,0.0759130419559964,0.0468692448026184
"gamma_bin_6.00_3.40","gamma_bin","vary_mean",6,FALSE,75,0.77893263784533,0.825335833271605,0.8,0.0776781342892332,0.81,0.0762029086357008,0.0464031954262749
"gamma_bin_6.00_3.40","gamma_bin","vary_mean",6,FALSE,76,0.78568141824908,0.830665551206652,0.8,0.0763875468323396,0.82,0.0750064059879373,0.0449841329575724
"gamma_bin_6.00_3.40","gamma_bin","vary_mean",6,FALSE,77,0.793148670755028,0.835852916920861,0.81,0.0743424799682084,0.82,0.0730599262803466,0.0427042461658326
"gamma_bin_6.00_3.40","gamma_bin","vary_mean",6,FALSE,78,0.801109464577554,0.840783405094612,0.83,0.0727347192110344,0.83,0.0715217060292541,0.0396739405170582
"gamma_bin_6.00_3.40","gamma_bin","vary_mean",6,FALSE,79,0.809317687520099,0.845461383781409,0.84,0.0725146626297091,0.83,0.0709502574079171,0.0361436962613103
"gamma_bin_6.00_3.40","gamma_bin","vary_mean",6,FALSE,80,0.817518562189946,0.849837128590126,0.86,0.0738608330257385,0.86,0.0722587405900288,0.0323185664001798
"gamma_bin_6.00_3.40","gamma_bin","vary_mean",6,FALSE,81,0.825462916255739,0.853924385631305,0.9,0.0761524167815161,0.89,0.0746284284626154,0.0284614693755662
"gamma_bin_6.00_3.40","gamma_bin","vary_mean",6,FALSE,82,0.832920079463184,0.857686435056406,0.93,0.0786583310408433,0.93,0.0772420031126018,0.024766355593222
"gamma_bin_6.00_3.40","gamma_bin","vary_mean",6,FALSE,83,0.83968668789734,0.861060690040126,0.93,0.0806212936755179,0.93,0.0791223897214471,0.0213740021427864
"gamma_bin_6.00_3.40","gamma_bin","vary_mean",6,FALSE,84,0.845591000049052,0.864079841089156,0.91,0.0811029239938747,0.91,0.0796474399709774,0.0184888410401041
"gamma_bin_6.00_3.40","gamma_bin","vary_mean",6,FALSE,85,0.850493536894317,0.866716803480283,0.92,0.0802985540812892,0.91,0.0787395237597011,0.0162232665859665
"gamma_bin_6.00_3.40","gamma_bin","vary_mean",6,FALSE,86,0.854297533108007,0.86915697044083,0.91,0.0784870582111541,0.89,0.0767614400100131,0.0148594373328226
"gamma_bin_6.00_3.40","gamma_bin","vary_mean",6,FALSE,87,0.857044342489846,0.871476280784024,0.93,0.0767606920239256,0.91,0.0750677000486742,0.0144319382941777
"gamma_bin_6.00_3.40","gamma_bin","vary_mean",6,FALSE,88,0.858857822167393,0.873646853307263,0.89,0.0763126813966502,0.9,0.0748482006447848,0.0147890311398704
"gamma_bin_6.00_3.40","gamma_bin","vary_mean",6,FALSE,89,0.859878747666928,0.875676955335163,0.88,0.0771066806313848,0.86,0.0757430963560375,0.015798207668235
"gamma_bin_6.00_3.40","gamma_bin","vary_mean",6,FALSE,90,0.86025311141159,0.877876782781285,0.87,0.0792098742679512,0.84,0.0776764220004053,0.0176236713696946
"gamma_bin_6.00_3.40","gamma_bin","vary_mean",6,FALSE,91,0.860120701023208,0.88027872338588,0.85,0.0819916525464197,0.83,0.0801905258679346,0.0201580223626724
"gamma_bin_6.00_3.40","gamma_bin","vary_mean",6,FALSE,92,0.859606619529194,0.882754403139949,0.84,0.084312796407974,0.8,0.0825075922314983,0.0231477836107553
"gamma_bin_6.00_3.40","gamma_bin","vary_mean",6,FALSE,93,0.8588168361623,0.885427338608363,0.83,0.0852046516078344,0.85,0.0834331468165028,0.0266105024460628
"gamma_bin_6.00_3.40","gamma_bin","vary_mean",6,FALSE,94,0.857837212377275,0.888237100171847,0.83,0.0845230504369184,0.82,0.0827145808004464,0.0303998877945717
"gamma_bin_6.00_3.40","gamma_bin","vary_mean",6,FALSE,95,0.856734852284735,0.89137298049729,0.8,0.0822979004005094,0.83,0.0805341972693134,0.0346381282125545
"gamma_bin_6.00_3.40","gamma_bin","vary_mean",6,FALSE,96,0.855586935925609,0.894793233154457,0.78,0.0798504440863123,0.78,0.0780697147481499,0.0392062972288478
"gamma_bin_6.00_3.40","gamma_bin","vary_mean",6,FALSE,97,0.854642173312711,0.898220161898777,0.67,0.0783079246961284,0.66,0.0765115974931134,0.0435779885860662
"gamma_bin_6.00_3.40","gamma_bin","vary_mean",6,FALSE,98,0.854216899337268,0.90199284954368,0.65,0.078793187266448,0.68,0.0767617951981776,0.0477759502064117
"gamma_bin_6.00_3.40","gamma_bin","vary_mean",6,FALSE,99,0.854615196085733,0.90618772821809,0.63,0.0809645235800705,0.64,0.0787191761683881,0.0515725321323565
"gamma_bin_6.00_3.40","gamma_bin","vary_mean",6,FALSE,100,0.856123392287051,0.910615839060879,0.66,0.0838967567901886,0.68,0.0814544846379586,0.0544924467738275
"gamma_bin_6.00_3.40","gamma_bin","vary_mean",6,FALSE,101,0.859003725920451,0.91541590743472,0.69,0.0865891628656792,0.68,0.0844483692901751,0.0564121815142691
"gamma_bin_6.00_3.40","gamma_bin","vary_mean",6,FALSE,102,0.863491057515902,0.920315417195976,0.69,0.0885284211834624,0.72,0.0865797870851812,0.0568243596800744
"gamma_bin_6.00_3.40","gamma_bin","vary_mean",6,FALSE,103,0.869793786137492,0.925715503876915,0.73,0.0889505645743392,0.73,0.0871309877084418,0.0559217177394232
"gamma_bin_6.00_3.40","gamma_bin","vary_mean",6,FALSE,104,0.878098070350996,0.931394763261088,0.72,0.0875456561885865,0.74,0.085847061519427,0.0532966929100922
"gamma_bin_6.00_3.40","gamma_bin","vary_mean",6,FALSE,105,0.888573897619543,0.937312732063336,0.76,0.0850787824322931,0.75,0.0836123481498427,0.0487388344437927
"gamma_bin_6.00_3.40","gamma_bin","vary_mean",6,FALSE,106,0.901301658370892,0.94305522427358,0.79,0.0830151210465363,0.79,0.081567031452203,0.0417535659026874
"gamma_bin_6.00_3.40","gamma_bin","vary_mean",6,FALSE,107,0.915897849763235,0.949010742806578,0.83,0.0823760485100589,0.84,0.0805048186122933,0.0331128930433429
"gamma_bin_6.00_3.40","gamma_bin","vary_mean",6,FALSE,108,0.931781890770312,0.954810314083522,0.87,0.0831011481367539,0.87,0.0812868309852545,0.0230284233132098
"gamma_bin_6.00_3.40","gamma_bin","vary_mean",6,FALSE,109,0.964908287444313,0.960296287022858,0.94,0.0849589006980498,0.92,0.0833346923923398,-0.00461200042145482
"gamma_bin_6.00_3.40","gamma_bin","vary_mean",6,FALSE,110,0.980887218164916,0.965356169518726,0.92,0.0874446478881782,0.92,0.0857922350893001,-0.01553104864619
"gamma_bin_6.00_3.40","gamma_bin","vary_mean",6,FALSE,111,0.995692213942587,0.969864992120206,0.88,0.0893430777385155,0.86,0.0876030415931897,-0.0258272218223814
"gamma_bin_6.00_3.40","gamma_bin","vary_mean",6,FALSE,112,1.00881666031265,0.973952232214199,0.83,0.0900821547398836,0.81,0.0881235416597717,-0.0348644280984515
"gamma_bin_6.00_3.40","gamma_bin","vary_mean",6,FALSE,113,1.01983605940048,0.977349649189563,0.83,0.0888430754451334,0.82,0.0869149847016294,-0.0424864102109167
"gamma_bin_6.00_3.40","gamma_bin","vary_mean",6,FALSE,114,1.02841129997895,0.980002469405221,0.74,0.0861505134878014,0.73,0.0845112607240081,-0.0484088305737295
"gamma_bin_6.00_3.40","gamma_bin","vary_mean",6,FALSE,115,1.03430371035801,0.982116534294323,0.72,0.0839850831404231,0.68,0.0821146374311724,-0.0521871760636872
"gamma_bin_6.00_3.40","gamma_bin","vary_mean",6,FALSE,116,1.03743175161603,0.98347016001891,0.72,0.0830886055359864,0.7,0.0813003953896697,-0.05396159159712
"gamma_bin_6.00_3.40","gamma_bin","vary_mean",6,FALSE,117,1.0378022122009,0.984155719781198,0.72,0.0839328753637462,0.72,0.0823499901493616,-0.053646492419702
"gamma_bin_6.00_3.40","gamma_bin","vary_mean",6,FALSE,118,1.03547276308025,0.984462197500293,0.75,0.0860669096331108,0.73,0.0844158247582508,-0.0510105655799572
"gamma_bin_6.00_3.40","gamma_bin","vary_mean",6,FALSE,119,1.03053550780697,0.984465489069408,0.76,0.0887393074922865,0.76,0.0870371656701369,-0.0460700187375622
"gamma_bin_6.00_3.40","gamma_bin","vary_mean",6,FALSE,120,1.02310221069091,0.98388084509848,0.81,0.0909342306712077,0.79,0.0891828286665704,-0.0392213655924302
"gamma_bin_6.00_3.40","gamma_bin","vary_mean",6,FALSE,121,1.01329357541095,0.982847406582534,0.86,0.0920738391518638,0.88,0.089910017143646,-0.0304461688284158
"gamma_bin_6.00_3.40","gamma_bin","vary_mean",6,FALSE,122,1.00123289414715,0.981097890442141,0.91,0.0912999220472472,0.9,0.0888862485719642,-0.0201350037050092
"gamma_bin_6.00_3.40","gamma_bin","vary_mean",6,FALSE,123,0.987043160294477,0.978859391146318,0.93,0.088430747828251,0.89,0.0860196177921143,-0.00818376914815866
"gamma_bin_6.00_3.40","gamma_bin","vary_mean",6,FALSE,124,0.970846430550826,0.9761398645134,0.91,0.0849403748061269,0.9,0.082664325577718,0.00529343396257453
"gamma_bin_6.00_3.40","gamma_bin","vary_mean",6,FALSE,125,0.953001568168985,0.973001451662809,0.87,0.0826403631414125,0.87,0.0805378754515201,0.0199998834938236
"gamma_bin_6.00_3.40","gamma_bin","vary_mean",6,FALSE,126,0.934680947695761,0.970013832356849,0.8,0.0820664930592309,0.8,0.0798419128458457,0.0353328846610881
"gamma_bin_6.00_3.40","gamma_bin","vary_mean",6,FALSE,127,0.917145793226913,0.967380004845611,0.71,0.083094511998284,0.72,0.0809685925793915,0.0502342116186977
"gamma_bin_6.00_3.40","gamma_bin","vary_mean",6,FALSE,128,0.901530406151582,0.965473844395675,0.62,0.0851916467299527,0.63,0.0830430738618842,0.0639434382440931
"gamma_bin_6.00_3.40","gamma_bin","vary_mean",6,FALSE,129,0.888820761331304,0.964379448167961,0.53,0.086790983801991,0.56,0.0848257732380704,0.0755586868366572
"gamma_bin_6.00_3.40","gamma_bin","vary_mean",6,FALSE,130,0.879849051096058,0.963825875237039,0.51,0.0874531631761361,0.49,0.0855940745054935,0.083976824140981
"gamma_bin_6.00_3.40","gamma_bin","vary_mean",6,FALSE,131,0.875312502934994,0.964002969347371,0.46,0.0866197486271269,0.44,0.0849973067384042,0.0886904664123767
"gamma_bin_6.00_3.40","gamma_bin","vary_mean",6,FALSE,132,0.875810644994376,0.964909174008116,0.44,0.0845609749319803,0.42,0.0828805956734707,0.0890985290137398
"gamma_bin_6.00_3.40","gamma_bin","vary_mean",6,FALSE,133,0.881891211117993,0.966617007626947,0.48,0.0822342611803717,0.47,0.0804753654702931,0.084725796508954
"gamma_bin_6.00_3.40","gamma_bin","vary_mean",6,FALSE,134,0.894096753734329,0.968574872479956,0.57,0.0806624675073654,0.58,0.079084882165295,0.0744781187456274
"gamma_bin_6.00_3.40","gamma_bin","vary_mean",6,FALSE,135,0.912538889585145,0.970725560468777,0.71,0.0810169970740766,0.66,0.0794674559275014,0.0581866708836317
"gamma_bin_6.00_3.40","gamma_bin","vary_mean",6,FALSE,136,0.935968580436848,0.973174097392479,0.83,0.0833103225117275,0.82,0.0815089390017804,0.037205516955631
"gamma_bin_6.00_3.40","gamma_bin","vary_mean",6,FALSE,137,0.962748452443007,0.97567973361273,0.87,0.0867801218868414,0.86,0.0847110181076642,0.0129312811697225
"gamma_bin_6.00_3.40","gamma_bin","vary_mean",6,FALSE,138,0.991058087015847,0.977943173217309,0.92,0.0902823426271436,0.9,0.0879895446846006,-0.0131149137985382
"gamma_bin_6.00_3.40","gamma_bin","vary_mean",6,FALSE,139,1.01894781256074,0.980055543546085,0.82,0.092520589914453,0.8,0.090362971131725,-0.038892269014655
"gamma_bin_6.00_3.40","gamma_bin","vary_mean",6,FALSE,140,1.04444932027992,0.981985093230481,0.73,0.0932483723730832,0.68,0.0910056783393716,-0.062464227049439
"gamma_bin_6.00_3.40","gamma_bin","vary_mean",6,FALSE,141,1.0657059122687,0.983419669091764,0.54,0.0918264044791904,0.5,0.0896828129961374,-0.0822862431769358
"gamma_bin_6.00_3.40","gamma_bin","vary_mean",6,FALSE,142,1.0810929449843,0.984411422676673,0.45,0.0888008747459599,0.42,0.0867585507371399,-0.0966815223076269
"gamma_bin_6.00_3.40","gamma_bin","vary_mean",6,FALSE,143,1.08930930531451,0.98481726318691,0.36,0.0852715654048934,0.32,0.0833717633661964,-0.1044920421276
"gamma_bin_6.00_3.40","gamma_bin","vary_mean",6,FALSE,144,1.08943317712892,0.9847222632859,0.31,0.0832573186034443,0.3,0.0815090389992576,-0.10471091384302
"gamma_bin_6.00_3.40","gamma_bin","vary_mean",6,FALSE,145,1.08148967301391,0.984008616698395,0.41,0.0835734565775758,0.39,0.0816709528988653,-0.0974810563155151
"gamma_bin_6.00_3.40","gamma_bin","vary_mean",6,FALSE,146,1.067118056924,0.982901543377554,0.49,0.0852332486779904,0.46,0.083383322076463,-0.0842165135464455
"gamma_bin_6.00_3.40","gamma_bin","vary_mean",6,FALSE,147,1.04828964020928,0.981328148365637,0.62,0.0875196876632627,0.6,0.0855958018200782,-0.0669614918436435
"gamma_bin_6.00_3.40","gamma_bin","vary_mean",6,FALSE,148,1.02693455801449,0.979694953440174,0.8,0.0894983156402655,0.78,0.0874388339523908,-0.0472396045743156
"gamma_bin_6.00_3.40","gamma_bin","vary_mean",6,FALSE,149,1.00477443375589,0.97803018488394,0.87,0.0902376258372467,0.86,0.0882932235442122,-0.0267442488719505
"gamma_bin_6.00_3.40","gamma_bin","vary_mean",6,FALSE,150,0.983222907766779,0.975794834495274,0.92,0.0892735302355364,0.89,0.0873590882668631,-0.00742807327150474
"gamma_bin_6.00_3.40","gamma_bin","vary_mean",6,FALSE,151,0.963363940769346,0.973251154116252,0.93,0.086863492694195,0.92,0.0850709594325843,0.00988721334690601
"gamma_bin_6.00_3.40","gamma_bin","vary_mean",6,FALSE,152,0.945985514931433,0.970427461245511,0.89,0.0843254385069936,0.85,0.0825450316876198,0.0244419463140781
"gamma_bin_6.00_3.40","gamma_bin","vary_mean",6,FALSE,153,0.931639698450479,0.967419858077875,0.83,0.0830302008772067,0.82,0.0812643655153687,0.0357801596273957
"gamma_bin_6.00_3.40","gamma_bin","vary_mean",6,FALSE,154,0.920706027513323,0.964778220576289,0.77,0.0833082147492919,0.78,0.0814001677601461,0.0440721930629661
"gamma_bin_6.00_3.40","gamma_bin","vary_mean",6,FALSE,155,0.913287949909382,0.962317111233985,0.72,0.0853127803576832,0.7,0.0834498000631285,0.0490291613246034
"gamma_bin_6.00_3.40","gamma_bin","vary_mean",6,FALSE,156,0.909118262499206,0.960269996945295,0.73,0.0881286414649142,0.72,0.0863640723168785,0.051151734446089
"gamma_bin_6.00_3.40","gamma_bin","vary_mean",6,FALSE,157,0.90786599524967,0.958741733372397,0.74,0.0907139956948472,0.71,0.0889653273409773,0.0508757381227272
"gamma_bin_6.00_3.40","gamma_bin","vary_mean",6,FALSE,158,0.909191813449816,0.957995785453022,0.75,0.0919251002078357,0.72,0.0902266104493248,0.0488039720032061
"gamma_bin_6.00_3.40","gamma_bin","vary_mean",6,FALSE,159,0.9127706498954,0.957930731698446,0.76,0.091599065571683,0.71,0.0898255485307414,0.0451600818030462
"gamma_bin_6.00_3.40","gamma_bin","vary_mean",6,FALSE,160,0.918310343562916,0.958628457857825,0.8,0.0894045156337591,0.79,0.0876005996698854,0.0403181142949094
"gamma_bin_6.00_3.40","gamma_bin","vary_mean",6,FALSE,161,0.925562601543549,0.959992265371507,0.8,0.0864107045771457,0.81,0.0845588942739984,0.0344296638279576
"gamma_bin_6.00_3.40","gamma_bin","vary_mean",6,FALSE,162,0.934326617511047,0.961967426285553,0.82,0.0842695176712809,0.81,0.082636606944309,0.0276408087745061
"gamma_bin_6.00_3.40","gamma_bin","vary_mean",6,FALSE,163,0.944447396594412,0.964651742500584,0.86,0.0841086390784731,0.87,0.0824624529440516,0.0202043459061723
"gamma_bin_6.00_3.40","gamma_bin","vary_mean",6,FALSE,164,0.955808426255688,0.967955298715575,0.9,0.0856716861451373,0.89,0.0841200939740571,0.0121468724598873
"gamma_bin_6.00_3.40","gamma_bin","vary_mean",6,FALSE,165,0.968171987055275,0.971845498319976,0.93,0.0887871098548427,0.93,0.0868847302540037,0.00367351126470072
"gamma_bin_6.00_3.40","gamma_bin","vary_mean",6,FALSE,166,0.981075418082579,0.976436232253263,0.93,0.0921773414742962,0.91,0.0900574550792998,-0.00463918582931566
"gamma_bin_6.00_3.40","gamma_bin","vary_mean",6,FALSE,167,0.99403776313242,0.981792779471902,0.89,0.0945664886642785,0.9,0.0925562375220565,-0.0122449836605175
"gamma_bin_6.00_3.40","gamma_bin","vary_mean",6,FALSE,168,1.00658618871785,0.987425611596239,0.89,0.0951238329599206,0.87,0.0933005108443398,-0.0191605771216106
"gamma_bin_6.00_3.40","gamma_bin","vary_mean",6,FALSE,169,1.01827263962082,0.993678317614533,0.89,0.0938881178329538,0.86,0.0921085982271657,-0.0245943220062871
"gamma_bin_6.00_3.40","gamma_bin","vary_mean",6,FALSE,170,1.02869207421039,1.00034486815391,0.87,0.0910006044695835,0.85,0.0894921586094881,-0.0283472060564776
"gamma_bin_6.00_3.40","gamma_bin","vary_mean",6,FALSE,171,1.03749575970787,1.00769327637251,0.84,0.0883250394854064,0.81,0.0868763348043099,-0.0298024833353634
"gamma_bin_6.00_3.40","gamma_bin","vary_mean",6,FALSE,172,1.04439766370686,1.01553861522863,0.85,0.0869081808975287,0.85,0.0854867273944524,-0.0288590484782294
"gamma_bin_6.00_3.40","gamma_bin","vary_mean",6,FALSE,173,1.04917474480308,1.02384358704738,0.86,0.0881389434108685,0.83,0.0863444797321123,-0.0253311577556954
"gamma_bin_6.00_3.40","gamma_bin","vary_mean",6,FALSE,174,1.05167598943045,1.03236470723088,0.88,0.0913944248565246,0.89,0.0894729990746905,-0.0193112821995747
"gamma_bin_6.00_3.40","gamma_bin","vary_mean",6,FALSE,175,1.05228684352057,1.04148362020917,0.91,0.0953581873780947,0.92,0.0935929354416059,-0.0108032233113988
"gamma_bin_6.00_3.40","gamma_bin","vary_mean",6,FALSE,176,1.05205037229906,1.05094880412602,0.9,0.0989846590895613,0.9,0.0970675297139984,-0.00110156817304241
"gamma_bin_6.00_3.40","gamma_bin","vary_mean",6,FALSE,177,1.05206304074467,1.06117414346301,0.91,0.100898849559827,0.92,0.0990755071509044,0.00911110271833837
"gamma_bin_6.00_3.40","gamma_bin","vary_mean",6,FALSE,178,1.0533911428065,1.0717813776115,0.91,0.100973342480307,0.88,0.0990199489617685,0.0183902348050029
"gamma_bin_6.00_3.40","gamma_bin","vary_mean",6,FALSE,179,1.05702523270082,1.08277723496359,0.87,0.0989014539209548,0.87,0.097019034490938,0.0257520022627702
"gamma_bin_6.00_3.40","gamma_bin","vary_mean",6,FALSE,180,1.06385390304002,1.09419820837305,0.84,0.0960472440892466,0.85,0.0943603147764509,0.0303443053330306
"gamma_bin_6.00_3.40","gamma_bin","vary_mean",6,FALSE,181,1.07466368846286,1.10539366689379,0.85,0.0942574891115713,0.83,0.0924355245795875,0.0307299784309316
"gamma_bin_6.00_3.40","gamma_bin","vary_mean",6,FALSE,182,1.09015918537017,1.11607502743111,0.85,0.0942271049919156,0.82,0.0923366982400414,0.0259158420609378
"gamma_bin_6.00_3.40","gamma_bin","vary_mean",6,FALSE,183,1.11099415707904,1.12637192756303,0.86,0.0961642682505131,0.85,0.0943639486964649,0.0153777704839906
"gamma_bin_6.00_3.40","gamma_bin","vary_mean",6,FALSE,184,1.13776253966062,1.13586644289285,0.87,0.0992909527700452,0.88,0.0971882568247302,-0.00189609676777014
"gamma_bin_6.00_3.40","gamma_bin","vary_mean",6,FALSE,185,1.16994138910722,1.14443971899458,0.87,0.102134385951845,0.85,0.10012816977701,-0.0255016701126378
"gamma_bin_6.00_3.40","gamma_bin","vary_mean",6,FALSE,186,1.20568067952197,1.15199172033981,0.79,0.104074856456009,0.77,0.101742429960785,-0.0536889591821592
"gamma_bin_6.00_3.40","gamma_bin","vary_mean",6,FALSE,187,1.24280592689739,1.15826549115671,0.6,0.104279959714294,0.59,0.101592651037066,-0.0845404357406838
"gamma_bin_6.00_3.40","gamma_bin","vary_mean",6,FALSE,188,1.27892507759421,1.16337319364899,0.42,0.102067916261015,0.44,0.0993770423755495,-0.115551883945221
"gamma_bin_6.00_3.40","gamma_bin","vary_mean",6,FALSE,189,1.31157809299846,1.16692134046854,0.24,0.0986390629161773,0.19,0.096258276196483,-0.144656752529923
"gamma_bin_6.00_3.40","gamma_bin","vary_mean",6,FALSE,190,1.33842575739913,1.16899348360002,0.13,0.0962213490897756,0.09,0.0939620245121498,-0.169432273799112
"gamma_bin_6.00_3.40","gamma_bin","vary_mean",6,FALSE,191,1.35742493987032,1.16935542643351,0.07,0.0959148580645952,0.06,0.0938751800240556,-0.188069513436812
"gamma_bin_6.00_3.40","gamma_bin","vary_mean",6,FALSE,192,1.36695842059754,1.16880199321925,0.05,0.0981425002720003,0.04,0.0958663552173299,-0.198156427378289
"gamma_bin_6.00_3.40","gamma_bin","vary_mean",6,FALSE,193,1.36590703303142,1.16665911950212,0.07,0.101529115081022,0.05,0.0991024359671479,-0.199247913529302
"gamma_bin_6.00_3.40","gamma_bin","vary_mean",6,FALSE,194,1.35374441935837,1.16320635187125,0.08,0.104753114721108,0.07,0.10214381076438,-0.190538067487123
"gamma_bin_6.00_3.40","gamma_bin","vary_mean",6,FALSE,195,1.33179505256341,1.15846314270302,0.15,0.105983712112019,0.12,0.103585478405651,-0.173331909860393
"gamma_bin_6.00_3.40","gamma_bin","vary_mean",6,FALSE,196,1.30282908300336,1.15224521800873,0.22,0.104999677382917,0.19,0.102678549324334,-0.15058386499463
"gamma_bin_6.00_3.40","gamma_bin","vary_mean",6,FALSE,197,1.26962792749398,1.14485139310869,0.36,0.101375982045528,0.33,0.099097823630225,-0.124776534385295
"gamma_bin_6.00_3.40","gamma_bin","vary_mean",6,FALSE,198,1.23470197201586,1.13613939428811,0.47,0.096407098381874,0.42,0.0942279444363198,-0.0985625777277466
"gamma_bin_6.00_3.40","gamma_bin","vary_mean",6,FALSE,199,1.20012008532359,1.1265124609514,0.66,0.0917430565624744,0.63,0.0897414188334713,-0.0736076243721853
"gamma_bin_6.00_3.40","gamma_bin","vary_mean",6,FALSE,200,1.16745324780638,1.11645775088707,0.82,0.0889689341356923,0.77,0.0872183671406388,-0.0509954969193067
"gamma_bin_6.00_3.40","gamma_bin","vary_mean",6,FALSE,201,1.13781324493009,1.10670199976999,0.89,0.0894009614623578,0.85,0.0871758306638806,-0.0311112451601003
"gamma_bin_6.00_3.40","gamma_bin","vary_mean",6,FALSE,202,1.11194114249594,1.0975348948933,0.9,0.0911885213998901,0.89,0.089149091047131,-0.0144062476026419
"gamma_bin_6.00_3.40","gamma_bin","vary_mean",6,FALSE,203,1.09030738318271,1.0890316041235,0.92,0.0936459451874122,0.92,0.0918478531868187,-0.00127577905920906
"gamma_bin_6.00_3.40","gamma_bin","vary_mean",6,FALSE,204,1.07317842503564,1.08207942036978,0.92,0.0956067626983402,0.93,0.0937886748714221,0.00890099533414013
"gamma_bin_6.00_3.40","gamma_bin","vary_mean",6,FALSE,205,1.06040347302214,1.07622377136358,0.9,0.0962122286078161,0.93,0.0943409332417604,0.0158202983414364
"gamma_bin_6.00_3.40","gamma_bin","vary_mean",6,FALSE,206,1.05156904168052,1.07182261695646,0.89,0.0952228630074303,0.91,0.0933226079423209,0.0202535752759436
"gamma_bin_6.00_3.40","gamma_bin","vary_mean",6,FALSE,207,1.04624950999474,1.0686474972542,0.88,0.0925702804826773,0.88,0.090892629856831,0.0223979872594637
"gamma_bin_6.00_3.40","gamma_bin","vary_mean",6,FALSE,208,1.04403704329192,1.06688700756388,0.88,0.0896615509604789,0.87,0.0878488222195198,0.0228499642719591
"gamma_bin_6.00_3.40","gamma_bin","vary_mean",6,FALSE,209,1.0445651521307,1.06649427645032,0.85,0.0876934059274769,0.88,0.0860018253971117,0.0219291243196167
"gamma_bin_6.00_3.40","gamma_bin","vary_mean",6,FALSE,210,1.04752392002038,1.06791975928895,0.86,0.0882759532742678,0.87,0.0865165928023505,0.0203958392685744
"gamma_bin_6.00_3.40","gamma_bin","vary_mean",6,FALSE,211,1.05266551803821,1.07093018264876,0.88,0.0905504118307507,0.85,0.0885597758438403,0.01826466461055
"gamma_bin_6.00_3.40","gamma_bin","vary_mean",6,FALSE,212,1.0598023103751,1.07551414390658,0.92,0.0935112881214963,0.89,0.0915874928439375,0.0157118335314832
"gamma_bin_6.00_3.40","gamma_bin","vary_mean",6,FALSE,213,1.06880062573221,1.08174570341578,0.91,0.0963750758500118,0.89,0.0944102618197578,0.0129450776835702
"gamma_bin_6.00_3.40","gamma_bin","vary_mean",6,FALSE,214,1.0795784696348,1.08970355604549,0.95,0.0984691782087962,0.92,0.0962471560909922,0.0101250864106897
"gamma_bin_6.00_3.40","gamma_bin","vary_mean",6,FALSE,215,1.09215111452811,1.09915557902472,0.94,0.0984660106113969,0.94,0.0963784669259784,0.0070044644966134
"gamma_bin_6.00_3.40","gamma_bin","vary_mean",6,FALSE,216,1.10660255202503,1.10997277229628,0.93,0.096748203268917,0.93,0.0949705889084817,0.00337022027124823
"gamma_bin_6.00_3.40","gamma_bin","vary_mean",6,FALSE,217,1.1230463183655,1.12236733616895,0.91,0.0937370518762409,0.89,0.0921931281130045,-0.000678982196553379
"gamma_bin_6.00_3.40","gamma_bin","vary_mean",6,FALSE,218,1.14161803384419,1.1359066609316,0.89,0.0919280813251498,0.88,0.090283273728876,-0.0057113729125895
"gamma_bin_6.00_3.40","gamma_bin","vary_mean",6,FALSE,219,1.16246850453014,1.15053512298349,0.87,0.0924244559415492,0.87,0.0904768408673481,-0.0119333815466491
"gamma_bin_6.00_3.40","gamma_bin","vary_mean",6,FALSE,220,1.18575867786174,1.16573971392218,0.87,0.0951570553741773,0.86,0.0930506248590798,-0.0200189639395632
"gamma_bin_6.00_3.40","gamma_bin","vary_mean",6,FALSE,221,1.21165701983639,1.18108108480448,0.85,0.0993471379643259,0.84,0.0972329576326516,-0.0305759350319095
"gamma_bin_6.00_3.40","gamma_bin","vary_mean",6,FALSE,222,1.24033898455105,1.19611052845365,0.8,0.103683576783498,0.78,0.101436722134349,-0.0442284560974027
"gamma_bin_6.00_3.40","gamma_bin","vary_mean",6,FALSE,223,1.27198794287079,1.2106806580517,0.74,0.106807836218033,0.74,0.104853932061232,-0.0613072848190939
"gamma_bin_6.00_3.40","gamma_bin","vary_mean",6,FALSE,224,1.30666523446541,1.22482029420413,0.69,0.108481798983885,0.65,0.106416078142521,-0.0818449402612773
"gamma_bin_6.00_3.40","gamma_bin","vary_mean",6,FALSE,225,1.3433530482977,1.23847305673539,0.55,0.108207175187801,0.52,0.105947036485334,-0.104879991562307
"gamma_bin_6.00_3.40","gamma_bin","vary_mean",6,FALSE,226,1.38038171186225,1.25137983165914,0.38,0.105876991393353,0.37,0.103557780499837,-0.129001880203113
"gamma_bin_6.00_3.40","gamma_bin","vary_mean",6,FALSE,227,1.41592160258673,1.26313230250816,0.28,0.103504155326419,0.26,0.10133695517017,-0.152789300078569
"gamma_bin_6.00_3.40","gamma_bin","vary_mean",6,FALSE,228,1.44808142918806,1.27357789877836,0.2,0.103015511290808,0.16,0.100613937690512,-0.174503530409704
"gamma_bin_6.00_3.40","gamma_bin","vary_mean",6,FALSE,229,1.47504730588812,1.28234958481282,0.14,0.104310155065313,0.11,0.10212683783269,-0.192697721075295
"gamma_bin_6.00_3.40","gamma_bin","vary_mean",6,FALSE,230,1.49521587906308,1.28908762927932,0.1,0.107354986040205,0.08,0.105258023181279,-0.206128249783759
"gamma_bin_6.00_3.40","gamma_bin","vary_mean",6,FALSE,231,1.50729103953841,1.29380021332925,0.1,0.111141064951408,0.08,0.108948317793884,-0.213490826209161
"gamma_bin_6.00_3.40","gamma_bin","vary_mean",6,FALSE,232,1.51033534857617,1.29632724316735,0.1,0.11378935906847,0.06,0.111680154802808,-0.214008105408825
"gamma_bin_6.00_3.40","gamma_bin","vary_mean",6,FALSE,233,1.50378097074586,1.29687092538746,0.12,0.114523513557033,0.09,0.11202079617767,-0.206910045358405
"gamma_bin_6.00_3.40","gamma_bin","vary_mean",6,FALSE,234,1.48764960471254,1.29549249051866,0.14,0.112707305838096,0.11,0.110147401718691,-0.192157114193879
"gamma_bin_6.00_3.40","gamma_bin","vary_mean",6,FALSE,235,1.46373241708909,1.29175420738309,0.2,0.108731049260184,0.17,0.106264463702844,-0.171978209706
"gamma_bin_6.00_3.40","gamma_bin","vary_mean",6,FALSE,236,1.43448143272486,1.28626667007429,0.24,0.104296427984652,0.21,0.102045471108648,-0.148214762650572
"gamma_bin_6.00_3.40","gamma_bin","vary_mean",6,FALSE,237,1.40223769952072,1.27928773647885,0.35,0.101152666916623,0.34,0.0990383599380696,-0.122949963041869
"gamma_bin_6.00_3.40","gamma_bin","vary_mean",6,FALSE,238,1.36905513115977,1.27113758924376,0.5,0.0999050376619915,0.49,0.0983018239767745,-0.0979175419160063
"gamma_bin_6.00_3.40","gamma_bin","vary_mean",6,FALSE,239,1.33659069308879,1.26255311739143,0.69,0.101132264180675,0.66,0.0994643311430021,-0.0740375756973615
"gamma_bin_6.00_3.40","gamma_bin","vary_mean",6,FALSE,240,1.30608415861083,1.25337306141116,0.82,0.103257878270866,0.8,0.101522488586235,-0.0527110971996672
"gamma_bin_6.00_3.40","gamma_bin","vary_mean",6,FALSE,241,1.27840456713347,1.24385781283373,0.88,0.105202562656099,0.9,0.10329321977164,-0.0345467542997426
"gamma_bin_6.00_3.40","gamma_bin","vary_mean",6,FALSE,242,1.25412742548082,1.23420475690309,0.92,0.106326398143858,0.91,0.104463647484358,-0.0199226685777334
"gamma_bin_6.00_3.40","gamma_bin","vary_mean",6,FALSE,243,1.23361554311767,1.22499494962357,0.95,0.107127811865622,0.96,0.105110957419676,-0.00862059349410482
"gamma_bin_6.00_3.40","gamma_bin","vary_mean",6,FALSE,244,1.21706403589592,1.21561271069319,0.95,0.107684087245817,0.96,0.105462245777506,-0.0014513252027315
"gamma_bin_6.00_3.40","gamma_bin","vary_mean",6,FALSE,245,1.20445667363505,1.20650153713968,0.94,0.109232325121575,0.95,0.106926746208268,0.00204486350463418
"gamma_bin_6.00_3.40","gamma_bin","vary_mean",6,FALSE,246,1.19569657050359,1.19783690883905,0.95,0.113509457026088,0.93,0.110961128233857,0.00214033833546479
"gamma_bin_6.00_3.40","gamma_bin","vary_mean",6,FALSE,247,1.19067334691389,1.18944632861356,0.97,0.121438054079736,0.97,0.118887451011939,-0.00122701830033067
"gamma_bin_6.00_3.40","gamma_bin","vary_mean",6,FALSE,248,1.1892846905786,1.18181319456659,0.98,0.132800462342068,0.98,0.130194139011885,-0.00747149601200792
"gamma_bin_6.00_3.40","gamma_bin","vary_mean",6,FALSE,249,1.1914521017446,1.17501926566988,0.97,0.147036306313161,0.97,0.143963052735661,-0.0164328360747232
"gamma_bin_6.00_3.40","gamma_bin","vary_mean",6,FALSE,250,1.19713021020468,1.16890962912268,0.97,0.162201558155251,0.98,0.159038742995158,-0.0282205810820018
"gamma_bin_6.00_3.40","gamma_bin","vary_mean",6,FALSE,251,1.20631090184647,1.16350483916038,0.97,0.17868561289163,0.97,0.174858060517429,-0.042806062686092
"gamma_bin_6.00_3.40","gamma_bin","vary_mean",6,FALSE,252,1.21902415582724,1.15890424628751,0.97,0.196004020492932,0.97,0.19165770110135,-0.060119909539728
"gamma_bin_6.00_3.40","gamma_bin","vary_mean",6,FALSE,253,1.23533724681924,1.15514407869773,0.97,0.213447725815596,0.94,0.208913012132599,-0.0801931681215102
"gamma_bin_7.50_3.40","gamma_bin","vary_mean",7.5,FALSE,2,6.47633271060018,NA,NA,NA,NA,NA,NA
"gamma_bin_7.50_3.40","gamma_bin","vary_mean",7.5,FALSE,3,5.39748004467528,NA,NA,NA,NA,NA,NA
"gamma_bin_7.50_3.40","gamma_bin","vary_mean",7.5,FALSE,4,4.52153259075373,NA,NA,NA,NA,NA,NA
"gamma_bin_7.50_3.40","gamma_bin","vary_mean",7.5,FALSE,5,3.81075688710478,4.9479547288532,0,0.515384188698865,0,0.513133242889671,1.13719784174842
"gamma_bin_7.50_3.40","gamma_bin","vary_mean",7.5,FALSE,6,3.23384975678135,3.38442801853797,0.96,0.468274115132208,0.96,0.456736519984962,0.150578261756625
"gamma_bin_7.50_3.40","gamma_bin","vary_mean",7.5,FALSE,7,2.76512519694591,2.40929504279319,0.56,0.361607232311759,0.55,0.354043714562328,-0.355830154152716
"gamma_bin_7.50_3.40","gamma_bin","vary_mean",7.5,FALSE,8,2.38350063829982,1.89416473009298,0.11,0.299068729944883,0.07,0.292711613963293,-0.48933590820684
"gamma_bin_7.50_3.40","gamma_bin","vary_mean",7.5,FALSE,9,2.07220990816182,1.59498705379824,0.04,0.256849405452671,0.04,0.251353628433959,-0.477222854363583
"gamma_bin_7.50_3.40","gamma_bin","vary_mean",7.5,FALSE,10,1.8180094782711,1.40971174074145,0.07,0.225570049278768,0.04,0.220401486397596,-0.408297737529651
"gamma_bin_7.50_3.40","gamma_bin","vary_mean",7.5,FALSE,11,1.61045019265924,1.2891132086308,0.11,0.200168369764467,0.08,0.195208931571319,-0.321336984028435
"gamma_bin_7.50_3.40","gamma_bin","vary_mean",7.5,FALSE,12,1.44129331371926,1.20738698701141,0.27,0.178396244191806,0.23,0.173957141838621,-0.233906326707847
"gamma_bin_7.50_3.40","gamma_bin","vary_mean",7.5,FALSE,13,1.30405110997497,1.14940128051933,0.63,0.160333890418177,0.55,0.156232767423572,-0.154649829455639
"gamma_bin_7.50_3.40","gamma_bin","vary_mean",7.5,FALSE,14,1.1936337473603,1.10714001355509,0.82,0.145897767089183,0.79,0.142399115812708,-0.0864937338052059
"gamma_bin_7.50_3.40","gamma_bin","vary_mean",7.5,FALSE,15,1.10608275580624,1.07497667381034,0.93,0.135321500923211,0.93,0.132034010886214,-0.0311060819958979
"gamma_bin_7.50_3.40","gamma_bin","vary_mean",7.5,FALSE,16,1.03836845094092,1.04926915928771,0.93,0.128038034910357,0.9,0.125141987919961,0.010900708346786
"gamma_bin_7.50_3.40","gamma_bin","vary_mean",7.5,FALSE,17,0.987514418464918,1.02766699898132,0.89,0.1232204785604,0.9,0.120433448547301,0.0401525805164022
"gamma_bin_7.50_3.40","gamma_bin","vary_mean",7.5,FALSE,18,0.94985341422689,1.008477320321,0.81,0.119316714856712,0.82,0.116854741142582,0.0586239060941085
"gamma_bin_7.50_3.40","gamma_bin","vary_mean",7.5,FALSE,19,0.922342058412537,0.990736839688833,0.78,0.115529778953734,0.77,0.113014589762973,0.068394781276296
"gamma_bin_7.50_3.40","gamma_bin","vary_mean",7.5,FALSE,20,0.902533145800087,0.97421552111669,0.74,0.110937573069522,0.71,0.108582455698337,0.0716823753166026
"gamma_bin_7.50_3.40","gamma_bin","vary_mean",7.5,FALSE,21,0.888443579660898,0.958101091523015,0.72,0.105451612749126,0.72,0.103255528066923,0.0696575118621169
"gamma_bin_7.50_3.40","gamma_bin","vary_mean",7.5,FALSE,22,0.878474950045775,0.942064969216345,0.72,0.100405160403224,0.72,0.0982240431205498,0.06359001917057
"gamma_bin_7.50_3.40","gamma_bin","vary_mean",7.5,FALSE,23,0.871353706634507,0.926125753932286,0.75,0.0968640293131437,0.73,0.094739359763952,0.0547720472977793
"gamma_bin_7.50_3.40","gamma_bin","vary_mean",7.5,FALSE,24,0.866079695774009,0.910495613982448,0.8,0.0948861978889565,0.79,0.0928801313621546,0.0444159182084395
"gamma_bin_7.50_3.40","gamma_bin","vary_mean",7.5,FALSE,25,0.861880113955128,0.895352885340398,0.86,0.0948121327681676,0.88,0.0928673949749563,0.0334727713852697
"gamma_bin_7.50_3.40","gamma_bin","vary_mean",7.5,FALSE,26,0.858167576978305,0.880489331291994,0.91,0.0953706863992236,0.9,0.0932888940538577,0.0223217543136888
"gamma_bin_7.50_3.40","gamma_bin","vary_mean",7.5,FALSE,27,0.854446587171991,0.865790963854717,0.96,0.095739899535337,0.96,0.0935765168028515,0.0113443766827264
"gamma_bin_7.50_3.40","gamma_bin","vary_mean",7.5,FALSE,28,0.850242530612154,0.851135261994338,0.97,0.0947205620914852,0.95,0.0927042286328634,0.000892731382184042
"gamma_bin_7.50_3.40","gamma_bin","vary_mean",7.5,FALSE,29,0.845168044117022,0.836483392439822,0.94,0.0919342339377986,0.93,0.0900370454345159,-0.00868465167720045
"gamma_bin_7.50_3.40","gamma_bin","vary_mean",7.5,FALSE,30,0.838916821827613,0.822248139147105,0.93,0.0878501471767664,0.92,0.0861169938386036,-0.0166686826805079
"gamma_bin_7.50_3.40","gamma_bin","vary_mean",7.5,FALSE,31,0.83125458603177,0.807922053977067,0.91,0.0834998522432055,0.9,0.0818659392298272,-0.023332532054703
"gamma_bin_7.50_3.40","gamma_bin","vary_mean",7.5,FALSE,32,0.822012955905288,0.79396979258416,0.85,0.0801045593034241,0.85,0.0785837949909903,-0.0280431633211282
"gamma_bin_7.50_3.40","gamma_bin","vary_mean",7.5,FALSE,33,0.811083441801087,0.780277095728054,0.84,0.07813957644171,0.82,0.0769000748725224,-0.0308063460730327
"gamma_bin_7.50_3.40","gamma_bin","vary_mean",7.5,FALSE,34,0.798410706391415,0.767119311684555,0.84,0.0780737505954886,0.83,0.0767077700242592,-0.0312913947068595
"gamma_bin_7.50_3.40","gamma_bin","vary_mean",7.5,FALSE,35,0.783985284249482,0.754266605874465,0.86,0.078991019362607,0.84,0.0774671813910175,-0.029718678375017
"gamma_bin_7.50_3.40","gamma_bin","vary_mean",7.5,FALSE,36,0.767842249776292,0.741472444683527,0.87,0.0802529985105504,0.87,0.0788760193419101,-0.0263698050927653
"gamma_bin_7.50_3.40","gamma_bin","vary_mean",7.5,FALSE,37,0.750320099865667,0.72901487965646,0.9,0.0810547112578894,0.87,0.0796716389667804,-0.0213052202092074
"gamma_bin_7.50_3.40","gamma_bin","vary_mean",7.5,FALSE,38,0.732127511283489,0.71687621714262,0.91,0.0805462584968501,0.93,0.079087372624839,-0.0152512941408685
"gamma_bin_7.50_3.40","gamma_bin","vary_mean",7.5,FALSE,39,0.713945546467747,0.705215385412812,0.94,0.0785225148508498,0.97,0.0769311143925732,-0.00873016105493452
"gamma_bin_7.50_3.40","gamma_bin","vary_mean",7.5,FALSE,40,0.696377644387645,0.694111968464925,0.96,0.0755777395130196,0.97,0.0741652216122445,-0.00226567592272031
"gamma_bin_7.50_3.40","gamma_bin","vary_mean",7.5,FALSE,41,0.679931575981829,0.683779491969134,0.95,0.0728654899170411,0.96,0.0714897685771348,0.00384791598730483
"gamma_bin_7.50_3.40","gamma_bin","vary_mean",7.5,FALSE,42,0.665012401557135,0.67412149206134,0.93,0.0709545869646024,0.94,0.0695612265406864,0.00910909050420483
"gamma_bin_7.50_3.40","gamma_bin","vary_mean",7.5,FALSE,43,0.65192842067752,0.665589313380063,0.94,0.0703321481700545,0.93,0.0689258367661245,0.0136608927025434
"gamma_bin_7.50_3.40","gamma_bin","vary_mean",7.5,FALSE,44,0.640906266957601,0.657923167976538,0.93,0.0706629468911671,0.93,0.0694258040294759,0.0170169010189368
"gamma_bin_7.50_3.40","gamma_bin","vary_mean",7.5,FALSE,45,0.632110069284813,0.651274086807561,0.95,0.0718878783804438,0.96,0.0707040399164315,0.0191640175227485
"gamma_bin_7.50_3.40","gamma_bin","vary_mean",7.5,FALSE,46,0.625656360123327,0.645762496001839,0.96,0.0731243545804391,0.95,0.0717907390560031,0.0201061358785124
"gamma_bin_7.50_3.40","gamma_bin","vary_mean",7.5,FALSE,47,0.621502273809677,0.641377510157425,0.96,0.073488347895266,0.96,0.0720198495407132,0.019875236347748
"gamma_bin_7.50_3.40","gamma_bin","vary_mean",7.5,FALSE,48,0.619441171957512,0.638259247693633,0.94,0.0721839561761135,0.95,0.0709354374735319,0.0188180757361208
"gamma_bin_7.50_3.40","gamma_bin","vary_mean",7.5,FALSE,49,0.619256488578844,0.636498808264229,0.95,0.0703159380531691,0.95,0.0691028843645092,0.0172423196853849
"gamma_bin_7.50_3.40","gamma_bin","vary_mean",7.5,FALSE,50,0.620736004042686,0.6359072500848,0.93,0.0683553418826469,0.93,0.0670325156491431,0.0151712460421141
"gamma_bin_7.50_3.40","gamma_bin","vary_mean",7.5,FALSE,51,0.623679916186844,0.636435491914735,0.91,0.0670170570858203,0.92,0.0656696289066325,0.0127555757278905
"gamma_bin_7.50_3.40","gamma_bin","vary_mean",7.5,FALSE,52,0.627908213332621,0.637819086096081,0.9,0.0666207657528991,0.93,0.0653795522103434,0.00991087276346037
"gamma_bin_7.50_3.40","gamma_bin","vary_mean",7.5,FALSE,53,0.633265384812971,0.64009570386156,0.9,0.0677321661285897,0.91,0.0664323454574283,0.00683031904858855
"gamma_bin_7.50_3.40","gamma_bin","vary_mean",7.5,FALSE,54,0.639622221613428,0.643164777203705,0.92,0.0698774818574289,0.9,0.0685172931551543,0.00354255559027727
"gamma_bin_7.50_3.40","gamma_bin","vary_mean",7.5,FALSE,55,0.646875295241765,0.646999536058248,0.92,0.0720949888888341,0.93,0.0707897462204696,0.000124240816483101
"gamma_bin_7.50_3.40","gamma_bin","vary_mean",7.5,FALSE,56,0.654940797889892,0.651518208600618,0.92,0.0738403673392832,0.92,0.0724000335100144,-0.0034225892892743
"gamma_bin_7.50_3.40","gamma_bin","vary_mean",7.5,FALSE,57,0.663667548235467,0.656769513473856,0.94,0.0745316238093703,0.94,0.0730351858517653,-0.00689803476161144
"gamma_bin_7.50_3.40","gamma_bin","vary_mean",7.5,FALSE,58,0.67283196893338,0.662577393930952,0.94,0.0738571100567808,0.94,0.0724022300368242,-0.0102545750024277
"gamma_bin_7.50_3.40","gamma_bin","vary_mean",7.5,FALSE,59,0.682212593504884,0.668895306596016,0.94,0.072898350823911,0.94,0.0713701994961768,-0.0133172869088676
"gamma_bin_7.50_3.40","gamma_bin","vary_mean",7.5,FALSE,60,0.691594549334227,0.675569905201001,0.9,0.0724717616100832,0.9,0.0708806212350791,-0.0160246441332261
"gamma_bin_7.50_3.40","gamma_bin","vary_mean",7.5,FALSE,61,0.700774343176902,0.682569279165619,0.9,0.0729452035088502,0.9,0.071411718995973,-0.0182050640112832
"gamma_bin_7.50_3.40","gamma_bin","vary_mean",7.5,FALSE,62,0.709565411363515,0.689869649033666,0.89,0.0747112493504148,0.9,0.0729671386069011,-0.0196957623298488
"gamma_bin_7.50_3.40","gamma_bin","vary_mean",7.5,FALSE,63,0.717802382251417,0.697321963060515,0.91,0.0771061795079748,0.91,0.0754615612001604,-0.020480419190902
"gamma_bin_7.50_3.40","gamma_bin","vary_mean",7.5,FALSE,64,0.725343303375917,0.70476984514187,0.92,0.0798410672632233,0.93,0.0783230796134441,-0.0205734582340467
"gamma_bin_7.50_3.40","gamma_bin","vary_mean",7.5,FALSE,65,0.732069930484564,0.712566262527269,0.94,0.0821431554790899,0.92,0.0804597954479417,-0.019503667957295
"gamma_bin_7.50_3.40","gamma_bin","vary_mean",7.5,FALSE,66,0.737895666769886,0.720403069434913,0.93,0.0829449664025362,0.93,0.0813379984875904,-0.0174925973349733
"gamma_bin_7.50_3.40","gamma_bin","vary_mean",7.5,FALSE,67,0.742895958587221,0.72831127622311,0.91,0.0825877689496365,0.91,0.0809501143311474,-0.0145846823641111
"gamma_bin_7.50_3.40","gamma_bin","vary_mean",7.5,FALSE,68,0.747278763319657,0.736098542811009,0.92,0.0809096408081084,0.93,0.0793886895614957,-0.011180220508648
"gamma_bin_7.50_3.40","gamma_bin","vary_mean",7.5,FALSE,69,0.751271373438236,0.74361971161335,0.94,0.0791250611229992,0.93,0.0774701273788045,-0.00765166182488597
"gamma_bin_7.50_3.40","gamma_bin","vary_mean",7.5,FALSE,70,0.755105697598796,0.751122108026895,0.95,0.0786702109095922,0.94,0.0766405946614873,-0.00398358957190126
"gamma_bin_7.50_3.40","gamma_bin","vary_mean",7.5,FALSE,71,0.759004827658807,0.75841870037054,0.94,0.079839800244707,0.93,0.0774391876629521,-0.000586127288267013
"gamma_bin_7.50_3.40","gamma_bin","vary_mean",7.5,FALSE,72,0.76317231106088,0.765310537064182,0.94,0.0820511599057816,0.93,0.0799392560625198,0.00213822600330171
"gamma_bin_7.50_3.40","gamma_bin","vary_mean",7.5,FALSE,73,0.767786202417761,0.771863958246463,0.95,0.0851621167812598,0.92,0.082913863898621,0.00407775582870196
"gamma_bin_7.50_3.40","gamma_bin","vary_mean",7.5,FALSE,74,0.772997638290372,0.77828556570252,0.96,0.0876245459573329,0.95,0.0855492674051317,0.00528792741214823
"gamma_bin_7.50_3.40","gamma_bin","vary_mean",7.5,FALSE,75,0.77893263784533,0.784629163826333,0.97,0.0892128847642485,0.96,0.0872103434581518,0.0056965259810029
"gamma_bin_7.50_3.40","gamma_bin","vary_mean",7.5,FALSE,76,0.78568141824908,0.790696841441814,0.98,0.0891647186782051,0.96,0.087095670661803,0.0050154231927344
"gamma_bin_7.50_3.40","gamma_bin","vary_mean",7.5,FALSE,77,0.793148670755028,0.79643028536554,0.96,0.0879035071344121,0.95,0.0857396175122617,0.00328161461051213
"gamma_bin_7.50_3.40","gamma_bin","vary_mean",7.5,FALSE,78,0.801109464577554,0.801760786855519,0.96,0.0861069873576214,0.95,0.0842731686568308,0.000651322277965383
"gamma_bin_7.50_3.40","gamma_bin","vary_mean",7.5,FALSE,79,0.809317687520099,0.806979336104347,0.95,0.0851639483841451,0.94,0.0835010624655101,-0.00233835141575156
"gamma_bin_7.50_3.40","gamma_bin","vary_mean",7.5,FALSE,80,0.817518562189946,0.811860782350163,0.94,0.0860671490678798,0.92,0.0845272661099007,-0.00565777983978277
"gamma_bin_7.50_3.40","gamma_bin","vary_mean",7.5,FALSE,81,0.825462916255739,0.816354845087793,0.92,0.0884488756941581,0.93,0.0867061178252541,-0.00910807116794587
"gamma_bin_7.50_3.40","gamma_bin","vary_mean",7.5,FALSE,82,0.832920079463184,0.820655953716509,0.93,0.091382804068479,0.94,0.0894153139164224,-0.0122641257466755
"gamma_bin_7.50_3.40","gamma_bin","vary_mean",7.5,FALSE,83,0.83968668789734,0.824835565975902,0.95,0.0940859111512238,0.91,0.0919105025263263,-0.0148511219214382
"gamma_bin_7.50_3.40","gamma_bin","vary_mean",7.5,FALSE,84,0.845591000049052,0.828720468263325,0.94,0.0955404256976826,0.92,0.0932950302501131,-0.0168705317857266
"gamma_bin_7.50_3.40","gamma_bin","vary_mean",7.5,FALSE,85,0.850493536894317,0.832259808619213,0.93,0.0950353612215504,0.92,0.0929209580049195,-0.0182337282751038
"gamma_bin_7.50_3.40","gamma_bin","vary_mean",7.5,FALSE,86,0.854297533108007,0.835605292466101,0.92,0.0930924509754147,0.91,0.0910442361523757,-0.0186922406419063
"gamma_bin_7.50_3.40","gamma_bin","vary_mean",7.5,FALSE,87,0.857044342489846,0.838813373191647,0.91,0.0903285751996437,0.91,0.0886215321547169,-0.0182309692981988
"gamma_bin_7.50_3.40","gamma_bin","vary_mean",7.5,FALSE,88,0.858857822167393,0.841746325016173,0.89,0.0882704588450681,0.89,0.0864553585533636,-0.0171114971512202
"gamma_bin_7.50_3.40","gamma_bin","vary_mean",7.5,FALSE,89,0.859878747666928,0.844695288835667,0.87,0.087971422810878,0.87,0.0859164044650129,-0.0151834588312612
"gamma_bin_7.50_3.40","gamma_bin","vary_mean",7.5,FALSE,90,0.86025311141159,0.847536508328148,0.87,0.0895024751093886,0.88,0.0874380036126383,-0.012716603083442
"gamma_bin_7.50_3.40","gamma_bin","vary_mean",7.5,FALSE,91,0.860120701023208,0.850370955770182,0.88,0.0921687872910691,0.89,0.0902227874925746,-0.00974974525302652
"gamma_bin_7.50_3.40","gamma_bin","vary_mean",7.5,FALSE,92,0.859606619529194,0.853340122303065,0.88,0.0952228124178364,0.88,0.0929006996061216,-0.00626649722612904
"gamma_bin_7.50_3.40","gamma_bin","vary_mean",7.5,FALSE,93,0.8588168361623,0.856675402421462,0.87,0.0970525751100493,0.88,0.0949777082957444,-0.00214143374083797
"gamma_bin_7.50_3.40","gamma_bin","vary_mean",7.5,FALSE,94,0.857837212377275,0.860578571743179,0.87,0.0978584565278508,0.87,0.0956379668917334,0.00274135936590392
"gamma_bin_7.50_3.40","gamma_bin","vary_mean",7.5,FALSE,95,0.856734852284735,0.864775121213261,0.86,0.0966952090846757,0.86,0.0946106859457493,0.00804026892852616
"gamma_bin_7.50_3.40","gamma_bin","vary_mean",7.5,FALSE,96,0.855586935925609,0.86941876456253,0.88,0.0949336021635268,0.87,0.0927533030254638,0.0138318286369216
"gamma_bin_7.50_3.40","gamma_bin","vary_mean",7.5,FALSE,97,0.854642173312711,0.873997213150135,0.87,0.0936581962285019,0.86,0.0914845703163561,0.0193550398374237
"gamma_bin_7.50_3.40","gamma_bin","vary_mean",7.5,FALSE,98,0.854216899337268,0.878967997547919,0.87,0.0933071510275741,0.88,0.0913781194053252,0.024751098210651
"gamma_bin_7.50_3.40","gamma_bin","vary_mean",7.5,FALSE,99,0.854615196085733,0.884131620919673,0.87,0.0945627369651379,0.86,0.0926171626563816,0.0295164248339397
"gamma_bin_7.50_3.40","gamma_bin","vary_mean",7.5,FALSE,100,0.856123392287051,0.889388468450758,0.86,0.0970464490089711,0.85,0.0950911536182114,0.0332650761637067
"gamma_bin_7.50_3.40","gamma_bin","vary_mean",7.5,FALSE,101,0.859003725920451,0.895133672765757,0.85,0.0999795895408221,0.84,0.0980956229583622,0.0361299468453056
"gamma_bin_7.50_3.40","gamma_bin","vary_mean",7.5,FALSE,102,0.863491057515902,0.900951387671368,0.87,0.102316253110725,0.87,0.100407495091334,0.0374603301554662
"gamma_bin_7.50_3.40","gamma_bin","vary_mean",7.5,FALSE,103,0.869793786137492,0.907414189625232,0.87,0.103334158193425,0.87,0.101263397757098,0.0376204034877395
"gamma_bin_7.50_3.40","gamma_bin","vary_mean",7.5,FALSE,104,0.878098070350996,0.914467984575233,0.85,0.102861226496953,0.85,0.100554426464006,0.0363699142242369
"gamma_bin_7.50_3.40","gamma_bin","vary_mean",7.5,FALSE,105,0.888573897619543,0.921634900257052,0.84,0.100800806237734,0.85,0.0985076066905958,0.0330610026375087
"gamma_bin_7.50_3.40","gamma_bin","vary_mean",7.5,FALSE,106,0.901301658370892,0.92909659716592,0.86,0.0986231829502495,0.86,0.0965895017802815,0.0277949387950283
"gamma_bin_7.50_3.40","gamma_bin","vary_mean",7.5,FALSE,107,0.915897849763235,0.936845486528509,0.86,0.0980451221920422,0.88,0.095525466898848,0.0209476367652742
"gamma_bin_7.50_3.40","gamma_bin","vary_mean",7.5,FALSE,108,0.931781890770312,0.944165801379386,0.89,0.0992597162989125,0.91,0.0966314794028852,0.0123839106090742
"gamma_bin_7.50_3.40","gamma_bin","vary_mean",7.5,FALSE,109,0.964908287444313,0.95078082537608,0.91,0.102235118035863,0.9,0.0995544834628213,-0.0141274620682325
"gamma_bin_7.50_3.40","gamma_bin","vary_mean",7.5,FALSE,110,0.980887218164916,0.957178257293405,0.91,0.106108294530403,0.86,0.103319802193164,-0.023708960871511
"gamma_bin_7.50_3.40","gamma_bin","vary_mean",7.5,FALSE,111,0.995692213942587,0.963269033170779,0.88,0.110017706429461,0.83,0.106787248360415,-0.0324231807718084
"gamma_bin_7.50_3.40","gamma_bin","vary_mean",7.5,FALSE,112,1.00881666031265,0.968493453705022,0.83,0.11159066176558,0.82,0.108520272059225,-0.0403232066076284
"gamma_bin_7.50_3.40","gamma_bin","vary_mean",7.5,FALSE,113,1.01983605940048,0.973029768590108,0.79,0.111099138296607,0.78,0.108090086791612,-0.0468062908103719
"gamma_bin_7.50_3.40","gamma_bin","vary_mean",7.5,FALSE,114,1.02841129997895,0.976670785204997,0.74,0.108391273986548,0.73,0.105777598438053,-0.0517405147739528
"gamma_bin_7.50_3.40","gamma_bin","vary_mean",7.5,FALSE,115,1.03430371035801,0.979546057300423,0.74,0.105311557099247,0.73,0.102465316404098,-0.0547576530575873
"gamma_bin_7.50_3.40","gamma_bin","vary_mean",7.5,FALSE,116,1.03743175161603,0.981411249879588,0.76,0.102781480358534,0.73,0.100114602860111,-0.0560205017364421
"gamma_bin_7.50_3.40","gamma_bin","vary_mean",7.5,FALSE,117,1.0378022122009,0.982386903779384,0.77,0.102167500458606,0.74,0.0996663789419473,-0.0554153084215165
"gamma_bin_7.50_3.40","gamma_bin","vary_mean",7.5,FALSE,118,1.03547276308025,0.982755573939359,0.77,0.103567053795886,0.75,0.10091817601936,-0.0527171891408906
"gamma_bin_7.50_3.40","gamma_bin","vary_mean",7.5,FALSE,119,1.03053550780697,0.982612373578944,0.79,0.106474681270692,0.78,0.103558127409451,-0.0479231342280257
"gamma_bin_7.50_3.40","gamma_bin","vary_mean",7.5,FALSE,120,1.02310221069091,0.981877110383091,0.82,0.109603574162488,0.82,0.106348715173574,-0.0412251003078191
"gamma_bin_7.50_3.40","gamma_bin","vary_mean",7.5,FALSE,121,1.01329357541095,0.980490443786996,0.88,0.112341038974515,0.85,0.108753611889286,-0.0328031316239537
"gamma_bin_7.50_3.40","gamma_bin","vary_mean",7.5,FALSE,122,1.00123289414715,0.978397997706489,0.88,0.112739744849974,0.89,0.109406213019547,-0.0228348964406609
"gamma_bin_7.50_3.40","gamma_bin","vary_mean",7.5,FALSE,123,0.987043160294477,0.975665539485826,0.94,0.111057186848751,0.89,0.10771692891604,-0.0113776208086507
"gamma_bin_7.50_3.40","gamma_bin","vary_mean",7.5,FALSE,124,0.970846430550826,0.972418272535497,0.94,0.107620921430215,0.92,0.104956085411859,0.00157184198467075
"gamma_bin_7.50_3.40","gamma_bin","vary_mean",7.5,FALSE,125,0.953001568168985,0.968592216219033,0.89,0.105393867836995,0.9,0.102601538634178,0.0155906480500476
"gamma_bin_7.50_3.40","gamma_bin","vary_mean",7.5,FALSE,126,0.934680947695761,0.965058887836298,0.84,0.104516110743804,0.87,0.101961817489824,0.0303779401405374
"gamma_bin_7.50_3.40","gamma_bin","vary_mean",7.5,FALSE,127,0.917145793226913,0.962028767583014,0.77,0.105568194921672,0.78,0.103157482772758,0.0448829743561012
"gamma_bin_7.50_3.40","gamma_bin","vary_mean",7.5,FALSE,128,0.901530406151582,0.95932801579571,0.73,0.107595001635532,0.72,0.105390825969961,0.0577976096441276
"gamma_bin_7.50_3.40","gamma_bin","vary_mean",7.5,FALSE,129,0.888820761331304,0.957275297250799,0.68,0.110203083754322,0.69,0.107610248426254,0.0684545359194951
"gamma_bin_7.50_3.40","gamma_bin","vary_mean",7.5,FALSE,130,0.879849051096058,0.956002487946919,0.67,0.112262496106726,0.65,0.109530924072288,0.0761534368508605
"gamma_bin_7.50_3.40","gamma_bin","vary_mean",7.5,FALSE,131,0.875312502934994,0.955602338439788,0.66,0.112496234262366,0.62,0.110054372351458,0.0802898355047945
"gamma_bin_7.50_3.40","gamma_bin","vary_mean",7.5,FALSE,132,0.875810644994376,0.956380097389816,0.67,0.110683732117474,0.65,0.108361530172631,0.0805694523954398
"gamma_bin_7.50_3.40","gamma_bin","vary_mean",7.5,FALSE,133,0.881891211117993,0.958264272982574,0.65,0.107391198363647,0.66,0.104984594848341,0.0763730618645807
"gamma_bin_7.50_3.40","gamma_bin","vary_mean",7.5,FALSE,134,0.894096753734329,0.960564620205117,0.71,0.103696146383123,0.71,0.101609878320555,0.066467866470788
"gamma_bin_7.50_3.40","gamma_bin","vary_mean",7.5,FALSE,135,0.912538889585145,0.96318116565218,0.78,0.101695804792647,0.78,0.0995407730893527,0.0506422760670354
"gamma_bin_7.50_3.40","gamma_bin","vary_mean",7.5,FALSE,136,0.935968580436848,0.966382297857766,0.83,0.101527642933687,0.8,0.0997146894095339,0.0304137174209177
"gamma_bin_7.50_3.40","gamma_bin","vary_mean",7.5,FALSE,137,0.962748452443007,0.969102241584763,0.89,0.10386348087268,0.9,0.101651403414479,0.00635378914175644
"gamma_bin_7.50_3.40","gamma_bin","vary_mean",7.5,FALSE,138,0.991058087015847,0.971884893539587,0.9,0.107302966932371,0.89,0.104859754462209,-0.01917319347626
"gamma_bin_7.50_3.40","gamma_bin","vary_mean",7.5,FALSE,139,1.01894781256074,0.974699144416314,0.86,0.111115081670444,0.81,0.108453673843374,-0.0442486681444257
"gamma_bin_7.50_3.40","gamma_bin","vary_mean",7.5,FALSE,140,1.04444932027992,0.977262164017571,0.73,0.113599694116952,0.71,0.110811272656662,-0.0671871562623488
"gamma_bin_7.50_3.40","gamma_bin","vary_mean",7.5,FALSE,141,1.0657059122687,0.979218198071869,0.64,0.114261683171278,0.62,0.111288203344203,-0.0864877141968309
"gamma_bin_7.50_3.40","gamma_bin","vary_mean",7.5,FALSE,142,1.0810929449843,0.980895662516699,0.55,0.112639501189669,0.51,0.109627417440135,-0.100197282467601
"gamma_bin_7.50_3.40","gamma_bin","vary_mean",7.5,FALSE,143,1.08930930531451,0.982168066432431,0.52,0.110114963796761,0.49,0.107507549491133,-0.107141238882079
"gamma_bin_7.50_3.40","gamma_bin","vary_mean",7.5,FALSE,144,1.08943317712892,0.982676194848202,0.48,0.108310973889852,0.48,0.105986359267259,-0.106756982280718
"gamma_bin_7.50_3.40","gamma_bin","vary_mean",7.5,FALSE,145,1.08148967301391,0.982542161112986,0.51,0.107827121536905,0.49,0.105702764520543,-0.0989475119009242
"gamma_bin_7.50_3.40","gamma_bin","vary_mean",7.5,FALSE,146,1.067118056924,0.981613726010604,0.6,0.108854113674436,0.56,0.106646523313458,-0.0855043309133962
"gamma_bin_7.50_3.40","gamma_bin","vary_mean",7.5,FALSE,147,1.04828964020928,0.980127067392186,0.69,0.110718738374602,0.71,0.108498008462708,-0.0681625728170939
"gamma_bin_7.50_3.40","gamma_bin","vary_mean",7.5,FALSE,148,1.02693455801449,0.978038571069746,0.78,0.112575388075366,0.77,0.110081851276821,-0.048895986944744
"gamma_bin_7.50_3.40","gamma_bin","vary_mean",7.5,FALSE,149,1.00477443375589,0.9752093183353,0.9,0.11358687030431,0.9,0.111017391495758,-0.0295651154205903
"gamma_bin_7.50_3.40","gamma_bin","vary_mean",7.5,FALSE,150,0.983222907766779,0.971966927835305,0.93,0.112661119231239,0.93,0.110127307197776,-0.0112559799314742
"gamma_bin_7.50_3.40","gamma_bin","vary_mean",7.5,FALSE,151,0.963363940769346,0.968232996961758,0.9,0.109853575520271,0.93,0.107485065006852,0.0048690561924124
"gamma_bin_7.50_3.40","gamma_bin","vary_mean",7.5,FALSE,152,0.945985514931433,0.964459717419805,0.9,0.105984638472247,0.92,0.103796380988957,0.0184742024883722
"gamma_bin_7.50_3.40","gamma_bin","vary_mean",7.5,FALSE,153,0.931639698450479,0.960791723038663,0.85,0.10271439585874,0.87,0.100495234825281,0.0291520245881843
"gamma_bin_7.50_3.40","gamma_bin","vary_mean",7.5,FALSE,154,0.920706027513323,0.957382685717522,0.83,0.101157771993028,0.84,0.09871555642259,0.0366766582041986
"gamma_bin_7.50_3.40","gamma_bin","vary_mean",7.5,FALSE,155,0.913287949909382,0.954226786382907,0.83,0.101044101626851,0.81,0.0987401243343903,0.0409388364735255
"gamma_bin_7.50_3.40","gamma_bin","vary_mean",7.5,FALSE,156,0.909118262499206,0.951434824485091,0.83,0.102698642082072,0.81,0.100381712255219,0.0423165619858846
"gamma_bin_7.50_3.40","gamma_bin","vary_mean",7.5,FALSE,157,0.90786599524967,0.949137182106291,0.82,0.105294658417942,0.81,0.102982681524531,0.0412711868566213
"gamma_bin_7.50_3.40","gamma_bin","vary_mean",7.5,FALSE,158,0.909191813449816,0.94742074740814,0.83,0.107446665694129,0.81,0.105289403899472,0.0382289339583237
"gamma_bin_7.50_3.40","gamma_bin","vary_mean",7.5,FALSE,159,0.9127706498954,0.946305519701693,0.86,0.108316901065487,0.86,0.106059547158195,0.0335348698062931
"gamma_bin_7.50_3.40","gamma_bin","vary_mean",7.5,FALSE,160,0.918310343562916,0.946018934752563,0.88,0.107341601547497,0.89,0.104923954667757,0.027708591189647
"gamma_bin_7.50_3.40","gamma_bin","vary_mean",7.5,FALSE,161,0.925562601543549,0.946985032424576,0.9,0.105198242248312,0.92,0.102842777776208,0.0214224308810268
"gamma_bin_7.50_3.40","gamma_bin","vary_mean",7.5,FALSE,162,0.934326617511047,0.949104210661616,0.93,0.10333533534386,0.92,0.100791520718535,0.0147775931505687
"gamma_bin_7.50_3.40","gamma_bin","vary_mean",7.5,FALSE,163,0.944447396594412,0.951986614428234,0.91,0.102323909822674,0.92,0.0997254272741747,0.00753921783382216
"gamma_bin_7.50_3.40","gamma_bin","vary_mean",7.5,FALSE,164,0.955808426255688,0.955684972603534,0.91,0.102631729288876,0.9,0.100357829159198,-0.000123453652153604
"gamma_bin_7.50_3.40","gamma_bin","vary_mean",7.5,FALSE,165,0.968171987055275,0.960309387350269,0.91,0.104704122290435,0.89,0.102561071846794,-0.00786259970500591
"gamma_bin_7.50_3.40","gamma_bin","vary_mean",7.5,FALSE,166,0.981075418082579,0.965819428897949,0.89,0.107892594088288,0.88,0.105801781380792,-0.01525598918463
"gamma_bin_7.50_3.40","gamma_bin","vary_mean",7.5,FALSE,167,0.99403776313242,0.972256396316468,0.87,0.111136798798911,0.87,0.108994578165397,-0.0217813668159522
"gamma_bin_7.50_3.40","gamma_bin","vary_mean",7.5,FALSE,168,1.00658618871785,0.979026541483001,0.86,0.113356363566036,0.86,0.110895012896794,-0.0275596472348487
"gamma_bin_7.50_3.40","gamma_bin","vary_mean",7.5,FALSE,169,1.01827263962082,0.986360368386758,0.84,0.113662665991386,0.83,0.111140220664286,-0.0319122712340617
"gamma_bin_7.50_3.40","gamma_bin","vary_mean",7.5,FALSE,170,1.02869207421039,0.994188374479606,0.83,0.112207510202832,0.83,0.109553364886785,-0.0345036997307842
"gamma_bin_7.50_3.40","gamma_bin","vary_mean",7.5,FALSE,171,1.03749575970787,1.00296248590549,0.81,0.110246825236696,0.8,0.1079429694024,-0.0345332738023769
"gamma_bin_7.50_3.40","gamma_bin","vary_mean",7.5,FALSE,172,1.04439766370686,1.01221007570539,0.81,0.109299739872454,0.79,0.106951880963597,-0.0321875880014668
"gamma_bin_7.50_3.40","gamma_bin","vary_mean",7.5,FALSE,173,1.04917474480308,1.0221520354485,0.81,0.109940152889947,0.78,0.107607778876017,-0.0270227093545838
"gamma_bin_7.50_3.40","gamma_bin","vary_mean",7.5,FALSE,174,1.05167598943045,1.03297062251196,0.84,0.112361138985468,0.83,0.110064429868704,-0.0187053669184924
"gamma_bin_7.50_3.40","gamma_bin","vary_mean",7.5,FALSE,175,1.05228684352057,1.04458927861205,0.84,0.116292209028137,0.85,0.113588233652292,-0.00769756490851603
"gamma_bin_7.50_3.40","gamma_bin","vary_mean",7.5,FALSE,176,1.05205037229906,1.0569892680336,0.88,0.120113091649277,0.87,0.117553817190781,0.00493889573454109
"gamma_bin_7.50_3.40","gamma_bin","vary_mean",7.5,FALSE,177,1.05206304074467,1.06975990280299,0.87,0.12310738966719,0.85,0.120480874289979,0.0176968620583244
"gamma_bin_7.50_3.40","gamma_bin","vary_mean",7.5,FALSE,178,1.0533911428065,1.08306318299046,0.88,0.124284591909649,0.86,0.121629591847499,0.0296720401839579
"gamma_bin_7.50_3.40","gamma_bin","vary_mean",7.5,FALSE,179,1.05702523270082,1.09704112152252,0.8,0.12311513836289,0.83,0.12038199579981,0.0400158888216959
"gamma_bin_7.50_3.40","gamma_bin","vary_mean",7.5,FALSE,180,1.06385390304002,1.11115612842612,0.78,0.120613123681411,0.79,0.117831396862486,0.0473022253861028
"gamma_bin_7.50_3.40","gamma_bin","vary_mean",7.5,FALSE,181,1.07466368846286,1.12540111631414,0.77,0.118044208705055,0.79,0.115647584224818,0.0507374278512833
"gamma_bin_7.50_3.40","gamma_bin","vary_mean",7.5,FALSE,182,1.09015918537017,1.13961778729134,0.75,0.117295711661044,0.75,0.115014447749351,0.0494586019211725
"gamma_bin_7.50_3.40","gamma_bin","vary_mean",7.5,FALSE,183,1.11099415707904,1.15363731552919,0.78,0.119585772625357,0.77,0.117051688522144,0.042643158450149
"gamma_bin_7.50_3.40","gamma_bin","vary_mean",7.5,FALSE,184,1.13776253966062,1.16704724332659,0.85,0.123941603477987,0.86,0.120860433309002,0.0292847036659676
"gamma_bin_7.50_3.40","gamma_bin","vary_mean",7.5,FALSE,185,1.16994138910722,1.17963733366901,0.89,0.128738272912124,0.9,0.12532092872517,0.00969594456178968
"gamma_bin_7.50_3.40","gamma_bin","vary_mean",7.5,FALSE,186,1.20568067952197,1.19075346043852,0.89,0.132417443273368,0.88,0.128941465441457,-0.0149272190834453
"gamma_bin_7.50_3.40","gamma_bin","vary_mean",7.5,FALSE,187,1.24280592689739,1.20018795422275,0.88,0.133965903258849,0.85,0.13052733497761,-0.0426179726746407
"gamma_bin_7.50_3.40","gamma_bin","vary_mean",7.5,FALSE,188,1.27892507759421,1.20735975034914,0.73,0.133015391203335,0.71,0.12948110093285,-0.0715653272450747
"gamma_bin_7.50_3.40","gamma_bin","vary_mean",7.5,FALSE,189,1.31157809299846,1.21290326915345,0.65,0.129490160022386,0.63,0.125931310418281,-0.0986748238450097
"gamma_bin_7.50_3.40","gamma_bin","vary_mean",7.5,FALSE,190,1.33842575739913,1.21654335030181,0.56,0.125682917207076,0.5,0.122660707662352,-0.121882407097318
"gamma_bin_7.50_3.40","gamma_bin","vary_mean",7.5,FALSE,191,1.35742493987032,1.21815532545271,0.42,0.124334327643847,0.38,0.120995029037542,-0.139269614417612
"gamma_bin_7.50_3.40","gamma_bin","vary_mean",7.5,FALSE,192,1.36695842059754,1.21811856222812,0.36,0.124850081391145,0.34,0.121616338674008,-0.148839858369416
"gamma_bin_7.50_3.40","gamma_bin","vary_mean",7.5,FALSE,193,1.36590703303142,1.21630301775513,0.4,0.127034201365802,0.35,0.123622311054294,-0.149604015276285
"gamma_bin_7.50_3.40","gamma_bin","vary_mean",7.5,FALSE,194,1.35374441935837,1.21259729354605,0.47,0.129832472348767,0.4,0.12646422590272,-0.141147125812322
"gamma_bin_7.50_3.40","gamma_bin","vary_mean",7.5,FALSE,195,1.33179505256341,1.20733174247844,0.56,0.131629489575636,0.5,0.128423583816439,-0.12446331008497
"gamma_bin_7.50_3.40","gamma_bin","vary_mean",7.5,FALSE,196,1.30282908300336,1.20009601219277,0.66,0.131330924003353,0.62,0.128306449475897,-0.102733070810586
"gamma_bin_7.50_3.40","gamma_bin","vary_mean",7.5,FALSE,197,1.26962792749398,1.19118752250826,0.72,0.128563204479593,0.68,0.125745773678816,-0.0784404049857175
"gamma_bin_7.50_3.40","gamma_bin","vary_mean",7.5,FALSE,198,1.23470197201586,1.18062975672579,0.79,0.123988160583764,0.77,0.121120726737142,-0.054072215290069
"gamma_bin_7.50_3.40","gamma_bin","vary_mean",7.5,FALSE,199,1.20012008532359,1.16874344128907,0.85,0.118981543605433,0.83,0.116083866964639,-0.031376644034518
"gamma_bin_7.50_3.40","gamma_bin","vary_mean",7.5,FALSE,200,1.16745324780638,1.15603529574926,0.88,0.115541287538413,0.87,0.112732364232944,-0.011417952057116
"gamma_bin_7.50_3.40","gamma_bin","vary_mean",7.5,FALSE,201,1.13781324493009,1.14340468921632,0.88,0.114594859381678,0.88,0.112008313567927,0.00559144428623082
"gamma_bin_7.50_3.40","gamma_bin","vary_mean",7.5,FALSE,202,1.11194114249594,1.13125871378804,0.88,0.11602061626551,0.89,0.113548900718354,0.0193175712920959
"gamma_bin_7.50_3.40","gamma_bin","vary_mean",7.5,FALSE,203,1.09030738318271,1.12015790512887,0.86,0.119144697167162,0.85,0.116104735938107,0.0298505219461613
"gamma_bin_7.50_3.40","gamma_bin","vary_mean",7.5,FALSE,204,1.07317842503564,1.11043945320422,0.85,0.121804847678349,0.83,0.118701044935142,0.0372610281685812
"gamma_bin_7.50_3.40","gamma_bin","vary_mean",7.5,FALSE,205,1.06040347302214,1.10208818723557,0.83,0.123161868770483,0.82,0.119848814585246,0.041684714213434
"gamma_bin_7.50_3.40","gamma_bin","vary_mean",7.5,FALSE,206,1.05156904168052,1.09544261555784,0.82,0.122477169825542,0.81,0.119164930936083,0.0438735738773237
"gamma_bin_7.50_3.40","gamma_bin","vary_mean",7.5,FALSE,207,1.04624950999474,1.09064898381058,0.81,0.119898079193315,0.82,0.116853948886855,0.04439947381584
"gamma_bin_7.50_3.40","gamma_bin","vary_mean",7.5,FALSE,208,1.04403704329192,1.08756741253847,0.81,0.116262390529984,0.81,0.114088500358835,0.0435303692465541
"gamma_bin_7.50_3.40","gamma_bin","vary_mean",7.5,FALSE,209,1.0445651521307,1.08640732163319,0.81,0.113670872747791,0.83,0.111696398543709,0.0418421695024913
"gamma_bin_7.50_3.40","gamma_bin","vary_mean",7.5,FALSE,210,1.04752392002038,1.08672682102611,0.82,0.112822317728973,0.83,0.110825773811624,0.0392029010057289
"gamma_bin_7.50_3.40","gamma_bin","vary_mean",7.5,FALSE,211,1.05266551803821,1.08893534621007,0.81,0.114028647599309,0.83,0.111679164379589,0.0362698281718572
"gamma_bin_7.50_3.40","gamma_bin","vary_mean",7.5,FALSE,212,1.0598023103751,1.09329343816843,0.84,0.116868996247094,0.84,0.114264467016699,0.0334911277933287
"gamma_bin_7.50_3.40","gamma_bin","vary_mean",7.5,FALSE,213,1.06880062573221,1.09986969442162,0.86,0.121134884492952,0.84,0.11831718662914,0.0310690686894064
"gamma_bin_7.50_3.40","gamma_bin","vary_mean",7.5,FALSE,214,1.0795784696348,1.10826466034381,0.87,0.124753585281856,0.87,0.121481667210064,0.0286861907090079
"gamma_bin_7.50_3.40","gamma_bin","vary_mean",7.5,FALSE,215,1.09215111452811,1.11871006672836,0.9,0.126287128013212,0.9,0.123082265103688,0.0265589522002545
"gamma_bin_7.50_3.40","gamma_bin","vary_mean",7.5,FALSE,216,1.10660255202503,1.13137601344888,0.91,0.12596692042887,0.9,0.122891212512354,0.0247734614238484
"gamma_bin_7.50_3.40","gamma_bin","vary_mean",7.5,FALSE,217,1.1230463183655,1.14644676779515,0.92,0.123591964486443,0.92,0.120865566175846,0.0234004494296463
"gamma_bin_7.50_3.40","gamma_bin","vary_mean",7.5,FALSE,218,1.14161803384419,1.16316134318055,0.92,0.121439568940741,0.91,0.118722473452431,0.02154330933636
"gamma_bin_7.50_3.40","gamma_bin","vary_mean",7.5,FALSE,219,1.16246850453014,1.18109526700539,0.91,0.120820013634768,0.91,0.117812366901652,0.0186267624752547
"gamma_bin_7.50_3.40","gamma_bin","vary_mean",7.5,FALSE,220,1.18575867786174,1.19978472991637,0.93,0.122459063817086,0.93,0.119565949433791,0.0140260520546331
"gamma_bin_7.50_3.40","gamma_bin","vary_mean",7.5,FALSE,221,1.21165701983639,1.2191202734253,0.93,0.126940221264453,0.94,0.124052838303142,0.00746325358890543
"gamma_bin_7.50_3.40","gamma_bin","vary_mean",7.5,FALSE,222,1.24033898455105,1.23838100770202,0.92,0.132821533773873,0.93,0.129982139348632,-0.00195797684903054
"gamma_bin_7.50_3.40","gamma_bin","vary_mean",7.5,FALSE,223,1.27198794287079,1.25777929613278,0.93,0.138721701052627,0.92,0.135753827638559,-0.014208646738008
"gamma_bin_7.50_3.40","gamma_bin","vary_mean",7.5,FALSE,224,1.30666523446541,1.27686553465741,0.91,0.142752548492397,0.92,0.139465594623598,-0.0297996998080039
"gamma_bin_7.50_3.40","gamma_bin","vary_mean",7.5,FALSE,225,1.3433530482977,1.29552287890603,0.89,0.143361325847801,0.86,0.13956739467499,-0.0478301693916707
"gamma_bin_7.50_3.40","gamma_bin","vary_mean",7.5,FALSE,226,1.38038171186225,1.31365359326803,0.83,0.140970967028266,0.8,0.137326196381517,-0.0667281185942212
"gamma_bin_7.50_3.40","gamma_bin","vary_mean",7.5,FALSE,227,1.41592160258673,1.33101694358049,0.78,0.138146316784134,0.72,0.134456935296102,-0.0849046590062361
"gamma_bin_7.50_3.40","gamma_bin","vary_mean",7.5,FALSE,228,1.44808142918806,1.34703656369765,0.7,0.136467403888179,0.62,0.132835626950469,-0.101044865490407
"gamma_bin_7.50_3.40","gamma_bin","vary_mean",7.5,FALSE,229,1.47504730588812,1.36121595254116,0.61,0.136848555462042,0.59,0.13363264807159,-0.113831353346962
"gamma_bin_7.50_3.40","gamma_bin","vary_mean",7.5,FALSE,230,1.49521587906308,1.37292507068103,0.57,0.140202624424548,0.51,0.136950298558,-0.122290808382048
"gamma_bin_7.50_3.40","gamma_bin","vary_mean",7.5,FALSE,231,1.50729103953841,1.38180755436671,0.55,0.145010819278202,0.53,0.141954355565407,-0.125483485171701
"gamma_bin_7.50_3.40","gamma_bin","vary_mean",7.5,FALSE,232,1.51033534857617,1.38785323027078,0.57,0.149558562690755,0.56,0.146317577360752,-0.122482118305392
"gamma_bin_7.50_3.40","gamma_bin","vary_mean",7.5,FALSE,233,1.50378097074586,1.39065119144358,0.61,0.151783398555167,0.61,0.148733357550734,-0.113129779302278
"gamma_bin_7.50_3.40","gamma_bin","vary_mean",7.5,FALSE,234,1.48764960471254,1.38995343359357,0.71,0.151303261055778,0.71,0.148241490279046,-0.097696171118973
"gamma_bin_7.50_3.40","gamma_bin","vary_mean",7.5,FALSE,235,1.46373241708909,1.3860479101959,0.76,0.147717346459142,0.74,0.144692862717051,-0.0776845068931924
"gamma_bin_7.50_3.40","gamma_bin","vary_mean",7.5,FALSE,236,1.43448143272486,1.37894086146441,0.78,0.142262882636116,0.77,0.139679276333355,-0.0555405712604526
"gamma_bin_7.50_3.40","gamma_bin","vary_mean",7.5,FALSE,237,1.40223769952072,1.36945148866107,0.87,0.137954032943124,0.85,0.135232161970884,-0.0327862108596466
"gamma_bin_7.50_3.40","gamma_bin","vary_mean",7.5,FALSE,238,1.36905513115977,1.35766255824648,0.94,0.135655933168731,0.93,0.132743519183308,-0.0113925729132875
"gamma_bin_7.50_3.40","gamma_bin","vary_mean",7.5,FALSE,239,1.33659069308879,1.34502356194443,0.96,0.135635177866721,0.95,0.13289975051406,0.00843286885563588
"gamma_bin_7.50_3.40","gamma_bin","vary_mean",7.5,FALSE,240,1.30608415861083,1.33204975376392,0.94,0.137920067406085,0.93,0.135020786147875,0.0259655951530904
"gamma_bin_7.50_3.40","gamma_bin","vary_mean",7.5,FALSE,241,1.27840456713347,1.31915142689443,0.94,0.140568966953044,0.93,0.137753628085085,0.0407468597609579
"gamma_bin_7.50_3.40","gamma_bin","vary_mean",7.5,FALSE,242,1.25412742548082,1.30611006376239,0.93,0.142422413875552,0.91,0.139277650003336,0.0519826382815738
"gamma_bin_7.50_3.40","gamma_bin","vary_mean",7.5,FALSE,243,1.23361554311767,1.2935568825631,0.91,0.142926478687588,0.9,0.139520579799248,0.0599413394454285
"gamma_bin_7.50_3.40","gamma_bin","vary_mean",7.5,FALSE,244,1.21706403589592,1.28130623942736,0.87,0.142926058669169,0.88,0.139620957865168,0.0642422035314365
"gamma_bin_7.50_3.40","gamma_bin","vary_mean",7.5,FALSE,245,1.20445667363505,1.2696707876964,0.88,0.14376950220479,0.89,0.140503348802382,0.065214114061348
"gamma_bin_7.50_3.40","gamma_bin","vary_mean",7.5,FALSE,246,1.19569657050359,1.25876833996758,0.88,0.1473013665074,0.88,0.144737845949642,0.0630717694639937
"gamma_bin_7.50_3.40","gamma_bin","vary_mean",7.5,FALSE,247,1.19067334691389,1.2488192552741,0.91,0.156205737257262,0.91,0.15272267057697,0.0581459083602096
"gamma_bin_7.50_3.40","gamma_bin","vary_mean",7.5,FALSE,248,1.1892846905786,1.23975569082437,0.93,0.168912586188537,0.95,0.165388864696314,0.0504710002457658
"gamma_bin_7.50_3.40","gamma_bin","vary_mean",7.5,FALSE,249,1.1914521017446,1.23125821326753,0.96,0.185449922885827,0.97,0.18141481496148,0.0398061115229338
"gamma_bin_7.50_3.40","gamma_bin","vary_mean",7.5,FALSE,250,1.19713021020468,1.2232614972496,0.99,0.204669731829317,1,0.200273579362489,0.0261312870449175
"gamma_bin_7.50_3.40","gamma_bin","vary_mean",7.5,FALSE,251,1.20631090184647,1.21570586019207,1,0.225513146212734,1,0.22075848129437,0.00939495834560455
"gamma_bin_7.50_3.40","gamma_bin","vary_mean",7.5,FALSE,252,1.21902415582724,1.20915974268996,1,0.247681757315898,1,0.242044787825194,-0.00986441313728093
"gamma_bin_7.50_3.40","gamma_bin","vary_mean",7.5,FALSE,253,1.23533724681924,1.20333359330907,0.99,0.270344375963262,0.99,0.263533110875738,-0.0320036535101704
"gamma_bin_9.00_3.40","gamma_bin","vary_mean",9,FALSE,2,6.47633271060018,NA,NA,NA,NA,NA,NA
"gamma_bin_9.00_3.40","gamma_bin","vary_mean",9,FALSE,3,5.39748004467528,NA,NA,NA,NA,NA,NA
"gamma_bin_9.00_3.40","gamma_bin","vary_mean",9,FALSE,4,4.52153259075373,NA,NA,NA,NA,NA,NA
"gamma_bin_9.00_3.40","gamma_bin","vary_mean",9,FALSE,5,3.81075688710478,NA,NA,NA,NA,NA,NA
"gamma_bin_9.00_3.40","gamma_bin","vary_mean",9,FALSE,6,3.23384975678135,NA,NA,NA,NA,NA,NA
"gamma_bin_9.00_3.40","gamma_bin","vary_mean",9,FALSE,7,2.76512519694591,4.29540280448163,0,0.707547759290251,0,0.688512933553771,1.53027760753572
"gamma_bin_9.00_3.40","gamma_bin","vary_mean",9,FALSE,8,2.38350063829982,2.90014248228449,0.35,0.508701226441484,0.38,0.494019526542841,0.516641843984668
"gamma_bin_9.00_3.40","gamma_bin","vary_mean",9,FALSE,9,2.07220990816182,2.17639921462301,0.95,0.395491595936874,0.97,0.383840183257419,0.104189306461192
"gamma_bin_9.00_3.40","gamma_bin","vary_mean",9,FALSE,10,1.8180094782711,1.76483947665048,0.96,0.324239355208035,0.93,0.314396827027042,-0.0531700016206189
"gamma_bin_9.00_3.40","gamma_bin","vary_mean",9,FALSE,11,1.61045019265924,1.51482336356422,0.93,0.274509987216188,0.92,0.266575774764219,-0.0956268290950151
"gamma_bin_9.00_3.40","gamma_bin","vary_mean",9,FALSE,12,1.44129331371926,1.35512890481483,0.9,0.238014274994235,0.9,0.230608490760853,-0.0861644089044267
"gamma_bin_9.00_3.40","gamma_bin","vary_mean",9,FALSE,13,1.30405110997497,1.24896091862224,0.91,0.209279939778879,0.91,0.203053803659886,-0.0550901913527326
"gamma_bin_9.00_3.40","gamma_bin","vary_mean",9,FALSE,14,1.1936337473603,1.17560627041812,0.91,0.186942322359613,0.9,0.181572020330843,-0.018027476942184
"gamma_bin_9.00_3.40","gamma_bin","vary_mean",9,FALSE,15,1.10608275580624,1.12273444844453,0.89,0.170435496819258,0.92,0.165791713436234,0.0166516926382854
"gamma_bin_9.00_3.40","gamma_bin","vary_mean",9,FALSE,16,1.03836845094092,1.08324024831613,0.9,0.157698909694413,0.9,0.15354216542453,0.0448717973752113
"gamma_bin_9.00_3.40","gamma_bin","vary_mean",9,FALSE,17,0.987514418464918,1.05241296247214,0.87,0.148415161407232,0.88,0.144708355343189,0.0648985440072265
"gamma_bin_9.00_3.40","gamma_bin","vary_mean",9,FALSE,18,0.94985341422689,1.02702240479383,0.78,0.14144556319594,0.8,0.137920567188152,0.0771689905669433
"gamma_bin_9.00_3.40","gamma_bin","vary_mean",9,FALSE,19,0.922342058412537,1.00475280090951,0.77,0.13521012774537,0.78,0.131645947911584,0.0824107424969773
"gamma_bin_9.00_3.40","gamma_bin","vary_mean",9,FALSE,20,0.902533145800087,0.984482402349351,0.74,0.128652563264414,0.75,0.125310357827033,0.0819492565492641
"gamma_bin_9.00_3.40","gamma_bin","vary_mean",9,FALSE,21,0.888443579660898,0.964952992448071,0.72,0.121804019833429,0.73,0.118922421911935,0.0765094127871728
"gamma_bin_9.00_3.40","gamma_bin","vary_mean",9,FALSE,22,0.878474950045775,0.946159827894294,0.73,0.115930544478885,0.72,0.112952652396854,0.0676848778485194
"gamma_bin_9.00_3.40","gamma_bin","vary_mean",9,FALSE,23,0.871353706634507,0.927415415567888,0.78,0.111191938373664,0.8,0.108229727133331,0.0560617089333812
"gamma_bin_9.00_3.40","gamma_bin","vary_mean",9,FALSE,24,0.866079695774009,0.909081860297003,0.82,0.108160601063649,0.82,0.10547823260347,0.0430021645229942
"gamma_bin_9.00_3.40","gamma_bin","vary_mean",9,FALSE,25,0.861880113955128,0.891400199549213,0.88,0.10660061808734,0.91,0.104265853931085,0.0295200855940851
"gamma_bin_9.00_3.40","gamma_bin","vary_mean",9,FALSE,26,0.858167576978305,0.873791236861723,0.96,0.106648190685656,0.94,0.104136769044406,0.0156236598834176
"gamma_bin_9.00_3.40","gamma_bin","vary_mean",9,FALSE,27,0.854446587171991,0.856041769285861,0.97,0.106590433774398,0.94,0.104326974384165,0.00159518211387044
"gamma_bin_9.00_3.40","gamma_bin","vary_mean",9,FALSE,28,0.850242530612154,0.838497993488486,0.95,0.105778244876389,0.94,0.103418620689788,-0.0117445371236677
"gamma_bin_9.00_3.40","gamma_bin","vary_mean",9,FALSE,29,0.845168044117022,0.821161199982289,0.92,0.103699255595555,0.92,0.101250611239784,-0.0240068441347325
"gamma_bin_9.00_3.40","gamma_bin","vary_mean",9,FALSE,30,0.838916821827613,0.804047535670896,0.83,0.100009827891257,0.83,0.0975921995494299,-0.0348692861567167
"gamma_bin_9.00_3.40","gamma_bin","vary_mean",9,FALSE,31,0.83125458603177,0.787277499411524,0.78,0.0957251793788957,0.74,0.0934449316286438,-0.0439770866202462
"gamma_bin_9.00_3.40","gamma_bin","vary_mean",9,FALSE,32,0.822012955905288,0.770680560251314,0.73,0.0920880980943857,0.7,0.0897550695011957,-0.0513323956539742
"gamma_bin_9.00_3.40","gamma_bin","vary_mean",9,FALSE,33,0.811083441801087,0.754204736229092,0.69,0.0893343794776934,0.67,0.0873806545991805,-0.0568787055719948
"gamma_bin_9.00_3.40","gamma_bin","vary_mean",9,FALSE,34,0.798410706391415,0.738315788517925,0.67,0.0880470276985441,0.67,0.0861662245845724,-0.0600949178734903
"gamma_bin_9.00_3.40","gamma_bin","vary_mean",9,FALSE,35,0.783985284249482,0.722691457562538,0.66,0.0878807106730028,0.68,0.0861318048972361,-0.061293826686944
"gamma_bin_9.00_3.40","gamma_bin","vary_mean",9,FALSE,36,0.767842249776292,0.707917242793566,0.7,0.0882157006346343,0.68,0.0866165118908527,-0.0599250069827263
"gamma_bin_9.00_3.40","gamma_bin","vary_mean",9,FALSE,37,0.750320099865667,0.693898527072877,0.73,0.088455174199525,0.71,0.0867438747896599,-0.0564215727927895
"gamma_bin_9.00_3.40","gamma_bin","vary_mean",9,FALSE,38,0.732127511283489,0.680360027490809,0.73,0.0875387202083365,0.71,0.0859049075515157,-0.05176748379268
"gamma_bin_9.00_3.40","gamma_bin","vary_mean",9,FALSE,39,0.713945546467747,0.667419451460286,0.78,0.0857356336906353,0.77,0.0840199669689076,-0.0465260950074606
"gamma_bin_9.00_3.40","gamma_bin","vary_mean",9,FALSE,40,0.696377644387645,0.65505483774323,0.79,0.0828644071125703,0.78,0.0811902287830006,-0.0413228066444152
"gamma_bin_9.00_3.40","gamma_bin","vary_mean",9,FALSE,41,0.679931575981829,0.643179454678429,0.81,0.0800310392701145,0.8,0.0783420967319571,-0.0367521213034001
"gamma_bin_9.00_3.40","gamma_bin","vary_mean",9,FALSE,42,0.665012401557135,0.632084891992756,0.84,0.0775032376832203,0.84,0.0759342056420787,-0.0329275095643794
"gamma_bin_9.00_3.40","gamma_bin","vary_mean",9,FALSE,43,0.65192842067752,0.621900613285345,0.88,0.0761611035777846,0.86,0.0746443867019962,-0.0300278073921746
"gamma_bin_9.00_3.40","gamma_bin","vary_mean",9,FALSE,44,0.640906266957601,0.612743070378024,0.88,0.0761189794828377,0.88,0.0745439404324538,-0.0281631965795769
"gamma_bin_9.00_3.40","gamma_bin","vary_mean",9,FALSE,45,0.632110069284813,0.604703585415826,0.89,0.0767431712160145,0.88,0.0750491841072299,-0.0274064838689871
"gamma_bin_9.00_3.40","gamma_bin","vary_mean",9,FALSE,46,0.625656360123327,0.597800828019529,0.89,0.0775756389901785,0.88,0.0756404616932065,-0.027855532103798
"gamma_bin_9.00_3.40","gamma_bin","vary_mean",9,FALSE,47,0.621502273809677,0.592279911370947,0.88,0.077580294986097,0.86,0.0757065170313214,-0.0292223624387299
"gamma_bin_9.00_3.40","gamma_bin","vary_mean",9,FALSE,48,0.619441171957512,0.58797773811724,0.87,0.0767531567082617,0.86,0.0748411459675439,-0.0314634338402722
"gamma_bin_9.00_3.40","gamma_bin","vary_mean",9,FALSE,49,0.619256488578844,0.58505134377053,0.84,0.0749922400512096,0.84,0.0731211783441264,-0.034205144808314
"gamma_bin_9.00_3.40","gamma_bin","vary_mean",9,FALSE,50,0.620736004042686,0.583458079795319,0.82,0.0730421975144003,0.8,0.0712546366751186,-0.037277924247367
"gamma_bin_9.00_3.40","gamma_bin","vary_mean",9,FALSE,51,0.623679916186844,0.582996055197515,0.77,0.0716362521585486,0.75,0.0699478316613822,-0.0406838609893289
"gamma_bin_9.00_3.40","gamma_bin","vary_mean",9,FALSE,52,0.627908213332621,0.583806637820863,0.75,0.0713808339394962,0.73,0.069718444558763,-0.044101575511758
"gamma_bin_9.00_3.40","gamma_bin","vary_mean",9,FALSE,53,0.633265384812971,0.585652739137776,0.76,0.07247682400199,0.72,0.070939570733141,-0.0476126456751954
"gamma_bin_9.00_3.40","gamma_bin","vary_mean",9,FALSE,54,0.639622221613428,0.588349320133024,0.74,0.0747064142623706,0.72,0.0729942950507619,-0.0512729014804036
"gamma_bin_9.00_3.40","gamma_bin","vary_mean",9,FALSE,55,0.646875295241765,0.591936124194089,0.73,0.0772464925895543,0.69,0.0754894427307898,-0.0549391710476759
"gamma_bin_9.00_3.40","gamma_bin","vary_mean",9,FALSE,56,0.654940797889892,0.596365317441103,0.68,0.0796753209440155,0.68,0.0778087150993301,-0.0585754804487887
"gamma_bin_9.00_3.40","gamma_bin","vary_mean",9,FALSE,57,0.663667548235467,0.601478527555307,0.68,0.0811717258939664,0.65,0.0791631082526459,-0.0621890206801599
"gamma_bin_9.00_3.40","gamma_bin","vary_mean",9,FALSE,58,0.67283196893338,0.607524041735678,0.67,0.0810260865314832,0.63,0.0791573517033239,-0.0653079271977018
"gamma_bin_9.00_3.40","gamma_bin","vary_mean",9,FALSE,59,0.682212593504884,0.614193898624775,0.63,0.07998808632366,0.58,0.0783430304626095,-0.0680186948801088
"gamma_bin_9.00_3.40","gamma_bin","vary_mean",9,FALSE,60,0.691594549334227,0.621634793313995,0.63,0.0791441815865738,0.61,0.0772569782110275,-0.0699597560202319
"gamma_bin_9.00_3.40","gamma_bin","vary_mean",9,FALSE,61,0.700774343176902,0.629708570515482,0.63,0.0788792487842393,0.58,0.0770261378579082,-0.0710657726614198
"gamma_bin_9.00_3.40","gamma_bin","vary_mean",9,FALSE,62,0.709565411363515,0.6381472777346,0.59,0.0801582365462513,0.57,0.0782948557840849,-0.071418133628915
"gamma_bin_9.00_3.40","gamma_bin","vary_mean",9,FALSE,63,0.717802382251417,0.646790562817029,0.64,0.082364354446,0.58,0.080594203432519,-0.0710118194343877
"gamma_bin_9.00_3.40","gamma_bin","vary_mean",9,FALSE,64,0.725343303375917,0.655439963831283,0.68,0.0851160233620032,0.59,0.0831756232853709,-0.069903339544634
"gamma_bin_9.00_3.40","gamma_bin","vary_mean",9,FALSE,65,0.732069930484564,0.664006639156042,0.71,0.0876738343952777,0.66,0.0855078334016911,-0.0680632913285222
"gamma_bin_9.00_3.40","gamma_bin","vary_mean",9,FALSE,66,0.737895666769886,0.672641936651379,0.75,0.0893455544952445,0.68,0.0870200687875985,-0.0652537301185071
"gamma_bin_9.00_3.40","gamma_bin","vary_mean",9,FALSE,67,0.742895958587221,0.681251382232066,0.73,0.0896024185392886,0.71,0.0874350937387058,-0.0616445763551545
"gamma_bin_9.00_3.40","gamma_bin","vary_mean",9,FALSE,68,0.747278763319657,0.689786345623428,0.77,0.088771931134688,0.74,0.0868123681176786,-0.0574924176962286
"gamma_bin_9.00_3.40","gamma_bin","vary_mean",9,FALSE,69,0.751271373438236,0.698176795681575,0.81,0.0879866937484871,0.77,0.085996099268078,-0.0530945777566608
"gamma_bin_9.00_3.40","gamma_bin","vary_mean",9,FALSE,70,0.755105697598796,0.706213441824534,0.81,0.0881319345985294,0.78,0.0859328508269397,-0.0488922557742621
"gamma_bin_9.00_3.40","gamma_bin","vary_mean",9,FALSE,71,0.759004827658807,0.714015103843348,0.85,0.0891110170075296,0.81,0.0871127264432259,-0.0449897238154586
"gamma_bin_9.00_3.40","gamma_bin","vary_mean",9,FALSE,72,0.76317231106088,0.722003076273225,0.86,0.091322100633781,0.84,0.089262634872235,-0.0411692347876546
"gamma_bin_9.00_3.40","gamma_bin","vary_mean",9,FALSE,73,0.767786202417761,0.729636246069142,0.86,0.0945615021437746,0.85,0.0920800340578541,-0.0381499563486188
"gamma_bin_9.00_3.40","gamma_bin","vary_mean",9,FALSE,74,0.772997638290372,0.736900080442879,0.86,0.0976473518933703,0.87,0.095238129434776,-0.0360975578474932
"gamma_bin_9.00_3.40","gamma_bin","vary_mean",9,FALSE,75,0.77893263784533,0.744126144286562,0.88,0.100052949412384,0.89,0.0975024074295994,-0.0348064935587679
"gamma_bin_9.00_3.40","gamma_bin","vary_mean",9,FALSE,76,0.78568141824908,0.751226990349094,0.87,0.100600930792287,0.88,0.0982673349796848,-0.0344544278999855
"gamma_bin_9.00_3.40","gamma_bin","vary_mean",9,FALSE,77,0.793148670755028,0.758136359948807,0.86,0.0996754175889561,0.86,0.0973511847037937,-0.0350123108062214
"gamma_bin_9.00_3.40","gamma_bin","vary_mean",9,FALSE,78,0.801109464577554,0.764816983796513,0.86,0.0983476233778746,0.85,0.0960291629406175,-0.0362924807810412
"gamma_bin_9.00_3.40","gamma_bin","vary_mean",9,FALSE,79,0.809317687520099,0.771360338096399,0.88,0.0971999749872337,0.86,0.0950635828946823,-0.0379573494237001
"gamma_bin_9.00_3.40","gamma_bin","vary_mean",9,FALSE,80,0.817518562189946,0.777809563908452,0.85,0.0973070002980103,0.84,0.0948535785364477,-0.0397089982814938
"gamma_bin_9.00_3.40","gamma_bin","vary_mean",9,FALSE,81,0.825462916255739,0.783946720202792,0.83,0.0983132516467725,0.82,0.095868166928599,-0.0415161960529467
"gamma_bin_9.00_3.40","gamma_bin","vary_mean",9,FALSE,82,0.832920079463184,0.789508909862573,0.81,0.10040559683252,0.8,0.0980896723798857,-0.043411169600611
"gamma_bin_9.00_3.40","gamma_bin","vary_mean",9,FALSE,83,0.83968668789734,0.794813818814531,0.8,0.102956476756335,0.79,0.100755709583621,-0.0448728690828089
"gamma_bin_9.00_3.40","gamma_bin","vary_mean",9,FALSE,84,0.845591000049052,0.799809893833172,0.81,0.104942932896943,0.8,0.102753572623185,-0.0457811062158802
"gamma_bin_9.00_3.40","gamma_bin","vary_mean",9,FALSE,85,0.850493536894317,0.804350257911361,0.82,0.105650787905698,0.82,0.103441700549901,-0.0461432789829563
"gamma_bin_9.00_3.40","gamma_bin","vary_mean",9,FALSE,86,0.854297533108007,0.808441550222285,0.83,0.104797685352478,0.8,0.10231863567476,-0.045855982885722
"gamma_bin_9.00_3.40","gamma_bin","vary_mean",9,FALSE,87,0.857044342489846,0.811924928228511,0.81,0.102496679830446,0.78,0.100376590777789,-0.0451194142613351
"gamma_bin_9.00_3.40","gamma_bin","vary_mean",9,FALSE,88,0.858857822167393,0.815193457515709,0.79,0.100850522543575,0.76,0.0986998591913173,-0.0436643646516841
"gamma_bin_9.00_3.40","gamma_bin","vary_mean",9,FALSE,89,0.859878747666928,0.818163327916559,0.8,0.10111772566644,0.77,0.0987012974954399,-0.0417154197503687
"gamma_bin_9.00_3.40","gamma_bin","vary_mean",9,FALSE,90,0.86025311141159,0.82131843705286,0.82,0.102808449724576,0.78,0.100270971611175,-0.0389346743587301
"gamma_bin_9.00_3.40","gamma_bin","vary_mean",9,FALSE,91,0.860120701023208,0.824694703583273,0.81,0.105802024957535,0.79,0.103352102709459,-0.035425997439935
"gamma_bin_9.00_3.40","gamma_bin","vary_mean",9,FALSE,92,0.859606619529194,0.827856685467717,0.84,0.108910817853511,0.79,0.106453292282773,-0.0317499340614766
"gamma_bin_9.00_3.40","gamma_bin","vary_mean",9,FALSE,93,0.8588168361623,0.831585156027235,0.87,0.111766814944042,0.85,0.109187161683158,-0.027231680135065
"gamma_bin_9.00_3.40","gamma_bin","vary_mean",9,FALSE,94,0.857837212377275,0.835500803050945,0.86,0.113257700366297,0.87,0.110657768053902,-0.02233640932633
"gamma_bin_9.00_3.40","gamma_bin","vary_mean",9,FALSE,95,0.856734852284735,0.839710142850979,0.87,0.112997424196377,0.86,0.110296811851222,-0.0170247094337563
"gamma_bin_9.00_3.40","gamma_bin","vary_mean",9,FALSE,96,0.855586935925609,0.844301809261669,0.87,0.111279768909629,0.85,0.108467941604269,-0.0112851266639399
"gamma_bin_9.00_3.40","gamma_bin","vary_mean",9,FALSE,97,0.854642173312711,0.849100999427339,0.85,0.109056336792142,0.83,0.106415753433314,-0.00554117388537179
"gamma_bin_9.00_3.40","gamma_bin","vary_mean",9,FALSE,98,0.854216899337268,0.854117111091309,0.85,0.107627594068517,0.84,0.105016604158071,-9.97882459585764e-05
"gamma_bin_9.00_3.40","gamma_bin","vary_mean",9,FALSE,99,0.854615196085733,0.85950782890493,0.86,0.107850487531966,0.86,0.105024828044149,0.0048926328191975
"gamma_bin_9.00_3.40","gamma_bin","vary_mean",9,FALSE,100,0.856123392287051,0.865439476817007,0.87,0.109350046112694,0.85,0.106519330441212,0.00931608452995614
"gamma_bin_9.00_3.40","gamma_bin","vary_mean",9,FALSE,101,0.859003725920451,0.871956568035049,0.9,0.112063704475819,0.88,0.109313773500069,0.0129528421145978
"gamma_bin_9.00_3.40","gamma_bin","vary_mean",9,FALSE,102,0.863491057515902,0.879114417885167,0.91,0.114798412505573,0.89,0.112130539873524,0.0156233603692654
"gamma_bin_9.00_3.40","gamma_bin","vary_mean",9,FALSE,103,0.869793786137492,0.886415465497873,0.9,0.11622065825952,0.9,0.113884134039147,0.0166216793603807
"gamma_bin_9.00_3.40","gamma_bin","vary_mean",9,FALSE,104,0.878098070350996,0.89434374653245,0.88,0.116346591580704,0.88,0.114114770752929,0.0162456761814542
"gamma_bin_9.00_3.40","gamma_bin","vary_mean",9,FALSE,105,0.888573897619543,0.902559499502313,0.87,0.115310432278983,0.88,0.113081523424381,0.0139856018827699
"gamma_bin_9.00_3.40","gamma_bin","vary_mean",9,FALSE,106,0.901301658370892,0.911380173873057,0.86,0.114355734664051,0.84,0.111909218010354,0.0100785155021649
"gamma_bin_9.00_3.40","gamma_bin","vary_mean",9,FALSE,107,0.915897849763235,0.920424090329881,0.87,0.114279154831784,0.85,0.111433596711217,0.00452624056664563
"gamma_bin_9.00_3.40","gamma_bin","vary_mean",9,FALSE,108,0.931781890770312,0.929240483863977,0.9,0.115577798007594,0.84,0.112682959664617,-0.0025414069063352
"gamma_bin_9.00_3.40","gamma_bin","vary_mean",9,FALSE,109,0.964908287444313,0.937994927533383,0.83,0.118002475664166,0.81,0.115083042557638,-0.0269133599109299
"gamma_bin_9.00_3.40","gamma_bin","vary_mean",9,FALSE,110,0.980887218164916,0.946217166499589,0.82,0.121267612060879,0.82,0.118589533100293,-0.0346700516653273
"gamma_bin_9.00_3.40","gamma_bin","vary_mean",9,FALSE,111,0.995692213942587,0.953540634829124,0.82,0.125490576969316,0.83,0.122263543270053,-0.0421515791134628
"gamma_bin_9.00_3.40","gamma_bin","vary_mean",9,FALSE,112,1.00881666031265,0.960161085575287,0.84,0.128374706202826,0.81,0.125533682976226,-0.0486555747373627
"gamma_bin_9.00_3.40","gamma_bin","vary_mean",9,FALSE,113,1.01983605940048,0.965800075917645,0.82,0.129614942532509,0.77,0.126761072063055,-0.0540359834828348
"gamma_bin_9.00_3.40","gamma_bin","vary_mean",9,FALSE,114,1.02841129997895,0.970491708185453,0.81,0.128473214851697,0.73,0.125702399818214,-0.0579195917934971
"gamma_bin_9.00_3.40","gamma_bin","vary_mean",9,FALSE,115,1.03430371035801,0.973932881488793,0.79,0.125969094587463,0.76,0.123104705265824,-0.0603708288692169
"gamma_bin_9.00_3.40","gamma_bin","vary_mean",9,FALSE,116,1.03743175161603,0.976201495489858,0.78,0.123265310037881,0.77,0.120306235140253,-0.0612302561261716
"gamma_bin_9.00_3.40","gamma_bin","vary_mean",9,FALSE,117,1.0378022122009,0.977597455810682,0.76,0.121542975998689,0.75,0.118350124379525,-0.060204756390218
"gamma_bin_9.00_3.40","gamma_bin","vary_mean",9,FALSE,118,1.03547276308025,0.97808414051361,0.77,0.121358302440875,0.76,0.118153933494335,-0.0573886225666405
"gamma_bin_9.00_3.40","gamma_bin","vary_mean",9,FALSE,119,1.03053550780697,0.977989833619568,0.81,0.122817284750304,0.78,0.119614484660143,-0.0525456741874015
"gamma_bin_9.00_3.40","gamma_bin","vary_mean",9,FALSE,120,1.02310221069091,0.976966605856361,0.87,0.12564412386692,0.83,0.121882265891279,-0.046135604834549
"gamma_bin_9.00_3.40","gamma_bin","vary_mean",9,FALSE,121,1.01329357541095,0.975196691137705,0.88,0.127900253939349,0.89,0.124579551282402,-0.0380968842732454
"gamma_bin_9.00_3.40","gamma_bin","vary_mean",9,FALSE,122,1.00123289414715,0.972766852438807,0.9,0.129055280409071,0.91,0.125873301671425,-0.0284660417083432
"gamma_bin_9.00_3.40","gamma_bin","vary_mean",9,FALSE,123,0.987043160294477,0.96975960018735,0.9,0.127911226554489,0.9,0.124846318522545,-0.0172835601071275
"gamma_bin_9.00_3.40","gamma_bin","vary_mean",9,FALSE,124,0.970846430550826,0.966395612566968,0.91,0.124914869040633,0.92,0.122185378500142,-0.00445081798385794
"gamma_bin_9.00_3.40","gamma_bin","vary_mean",9,FALSE,125,0.953001568168985,0.962608353476764,0.88,0.121886577108726,0.89,0.119263384127205,0.00960678530777936
"gamma_bin_9.00_3.40","gamma_bin","vary_mean",9,FALSE,126,0.934680947695761,0.958456088395699,0.89,0.119960953635331,0.88,0.117189315744962,0.0237751406999382
"gamma_bin_9.00_3.40","gamma_bin","vary_mean",9,FALSE,127,0.917145793226913,0.954470710364977,0.84,0.11902690328107,0.85,0.1162302395012,0.0373249171380639
"gamma_bin_9.00_3.40","gamma_bin","vary_mean",9,FALSE,128,0.901530406151582,0.95101909136675,0.81,0.119911399226883,0.79,0.117147725586319,0.0494886852151685
"gamma_bin_9.00_3.40","gamma_bin","vary_mean",9,FALSE,129,0.888820761331304,0.948384407641355,0.79,0.122223745237482,0.82,0.119585579892303,0.059563646310051
"gamma_bin_9.00_3.40","gamma_bin","vary_mean",9,FALSE,130,0.879849051096058,0.946792191645662,0.8,0.124570214489466,0.8,0.122047871452413,0.066943140549604
"gamma_bin_9.00_3.40","gamma_bin","vary_mean",9,FALSE,131,0.875312502934994,0.945986958258451,0.79,0.12573824310504,0.79,0.123428581757801,0.0706744553234572
"gamma_bin_9.00_3.40","gamma_bin","vary_mean",9,FALSE,132,0.875810644994376,0.946266231542955,0.77,0.125107586182703,0.79,0.123054965748208,0.0704555865485789
"gamma_bin_9.00_3.40","gamma_bin","vary_mean",9,FALSE,133,0.881891211117993,0.947552900337166,0.8,0.12293149909762,0.82,0.120646586806799,0.0656616892191734
"gamma_bin_9.00_3.40","gamma_bin","vary_mean",9,FALSE,134,0.894096753734329,0.949644644504971,0.85,0.119572755027304,0.83,0.117453590789941,0.0555478907706423
"gamma_bin_9.00_3.40","gamma_bin","vary_mean",9,FALSE,135,0.912538889585145,0.952454980477217,0.84,0.117324709090097,0.83,0.115090737003868,0.0399160908920718
"gamma_bin_9.00_3.40","gamma_bin","vary_mean",9,FALSE,136,0.935968580436848,0.955684124609771,0.88,0.117033038125465,0.86,0.114683051784236,0.019715544172923
"gamma_bin_9.00_3.40","gamma_bin","vary_mean",9,FALSE,137,0.962748452443007,0.959531379955052,0.89,0.1190128623255,0.89,0.11631660067904,-0.00321707248795489
"gamma_bin_9.00_3.40","gamma_bin","vary_mean",9,FALSE,138,0.991058087015847,0.963713795688073,0.87,0.122535554949431,0.86,0.119451161269137,-0.0273442913277738
"gamma_bin_9.00_3.40","gamma_bin","vary_mean",9,FALSE,139,1.01894781256074,0.967774651612518,0.85,0.126391195611508,0.81,0.122780781315408,-0.0511731609482224
"gamma_bin_9.00_3.40","gamma_bin","vary_mean",9,FALSE,140,1.04444932027992,0.971708199323941,0.73,0.129120604125423,0.7,0.125544426198768,-0.0727411209559794
"gamma_bin_9.00_3.40","gamma_bin","vary_mean",9,FALSE,141,1.0657059122687,0.974761084452827,0.67,0.130420283338056,0.65,0.126281042562176,-0.090944827815873
"gamma_bin_9.00_3.40","gamma_bin","vary_mean",9,FALSE,142,1.0810929449843,0.977013918718171,0.62,0.128996290576386,0.59,0.124721642195198,-0.104079026266129
"gamma_bin_9.00_3.40","gamma_bin","vary_mean",9,FALSE,143,1.08930930531451,0.978252848650426,0.57,0.126426803776265,0.54,0.122372092260594,-0.111056456664084
"gamma_bin_9.00_3.40","gamma_bin","vary_mean",9,FALSE,144,1.08943317712892,0.978500679446474,0.57,0.123862878117274,0.52,0.120194024347709,-0.110932497682446
"gamma_bin_9.00_3.40","gamma_bin","vary_mean",9,FALSE,145,1.08148967301391,0.978015743522835,0.58,0.122535658629871,0.55,0.119150241556446,-0.103473929491075
"gamma_bin_9.00_3.40","gamma_bin","vary_mean",9,FALSE,146,1.067118056924,0.976591614093888,0.64,0.123002288494799,0.6,0.119763082676841,-0.0905264428301119
"gamma_bin_9.00_3.40","gamma_bin","vary_mean",9,FALSE,147,1.04828964020928,0.974726968927789,0.76,0.125032157705532,0.73,0.122012581328331,-0.073562671281491
"gamma_bin_9.00_3.40","gamma_bin","vary_mean",9,FALSE,148,1.02693455801449,0.972176609820525,0.82,0.128275387977698,0.79,0.124883923954519,-0.0547579481939645
"gamma_bin_9.00_3.40","gamma_bin","vary_mean",9,FALSE,149,1.00477443375589,0.969185981172932,0.86,0.131121625445627,0.87,0.127816452971228,-0.0355884525829581
"gamma_bin_9.00_3.40","gamma_bin","vary_mean",9,FALSE,150,0.983222907766779,0.966096546863063,0.93,0.132508943958834,0.9,0.129043841176516,-0.0171263609037163
"gamma_bin_9.00_3.40","gamma_bin","vary_mean",9,FALSE,151,0.963363940769346,0.962652050218669,0.92,0.131896048569549,0.93,0.128255657067298,-0.00071189055067733
"gamma_bin_9.00_3.40","gamma_bin","vary_mean",9,FALSE,152,0.945985514931433,0.958958138627916,0.92,0.128879139485495,0.92,0.125704185679921,0.0129726236964828
"gamma_bin_9.00_3.40","gamma_bin","vary_mean",9,FALSE,153,0.931639698450479,0.954980748239771,0.9,0.12566329192822,0.92,0.122629056906498,0.023341049789292
"gamma_bin_9.00_3.40","gamma_bin","vary_mean",9,FALSE,154,0.920706027513323,0.951454006405174,0.9,0.123117779858514,0.89,0.120038013495142,0.030747978891851
"gamma_bin_9.00_3.40","gamma_bin","vary_mean",9,FALSE,155,0.913287949909382,0.948362206234561,0.87,0.121876402800141,0.87,0.118735464662757,0.0350742563251795
"gamma_bin_9.00_3.40","gamma_bin","vary_mean",9,FALSE,156,0.909118262499206,0.945600815088785,0.85,0.122177828382011,0.87,0.119272787221791,0.0364825525895788
"gamma_bin_9.00_3.40","gamma_bin","vary_mean",9,FALSE,157,0.90786599524967,0.943322500545092,0.86,0.123925433461303,0.87,0.121090032380634,0.0354565052954219
"gamma_bin_9.00_3.40","gamma_bin","vary_mean",9,FALSE,158,0.909191813449816,0.94173579561669,0.87,0.126032299803238,0.87,0.123192719495352,0.0325439821668742
"gamma_bin_9.00_3.40","gamma_bin","vary_mean",9,FALSE,159,0.9127706498954,0.940637015022386,0.88,0.127324493910709,0.87,0.124395441635918,0.0278663651269863
"gamma_bin_9.00_3.40","gamma_bin","vary_mean",9,FALSE,160,0.918310343562916,0.940340361352783,0.89,0.126481586131053,0.9,0.123714546169425,0.0220300177898666
"gamma_bin_9.00_3.40","gamma_bin","vary_mean",9,FALSE,161,0.925562601543549,0.940757097708992,0.92,0.124178486755091,0.92,0.12138372317419,0.015194496165443
"gamma_bin_9.00_3.40","gamma_bin","vary_mean",9,FALSE,162,0.934326617511047,0.942270767995837,0.91,0.12123434024163,0.91,0.118884389469709,0.0079441504847898
"gamma_bin_9.00_3.40","gamma_bin","vary_mean",9,FALSE,163,0.944447396594412,0.944854967797375,0.92,0.119133450579818,0.91,0.117115596992355,0.000407571202962975
"gamma_bin_9.00_3.40","gamma_bin","vary_mean",9,FALSE,164,0.955808426255688,0.948480972623497,0.91,0.11874957621085,0.91,0.116957775826404,-0.00732745363219123
"gamma_bin_9.00_3.40","gamma_bin","vary_mean",9,FALSE,165,0.968171987055275,0.952947782725441,0.91,0.12031121436849,0.9,0.118371215314368,-0.0152242043298336
"gamma_bin_9.00_3.40","gamma_bin","vary_mean",9,FALSE,166,0.981075418082579,0.958423405771549,0.93,0.123725626575289,0.91,0.12133589735427,-0.0226520123110299
"gamma_bin_9.00_3.40","gamma_bin","vary_mean",9,FALSE,167,0.99403776313242,0.96514310997669,0.92,0.127473422140931,0.89,0.124952608485508,-0.0288946531557301
"gamma_bin_9.00_3.40","gamma_bin","vary_mean",9,FALSE,168,1.00658618871785,0.972851645259811,0.92,0.13042480409045,0.89,0.12804784442485,-0.0337345434580385
"gamma_bin_9.00_3.40","gamma_bin","vary_mean",9,FALSE,169,1.01827263962082,0.981489051359297,0.9,0.131846327404822,0.87,0.12925684091113,-0.0367835882615228
"gamma_bin_9.00_3.40","gamma_bin","vary_mean",9,FALSE,170,1.02869207421039,0.991004121197988,0.88,0.131531707351678,0.84,0.128664876718452,-0.0376879530124019
"gamma_bin_9.00_3.40","gamma_bin","vary_mean",9,FALSE,171,1.03749575970787,1.00129022538868,0.86,0.129898578194271,0.84,0.127155254834779,-0.0362055343191918
"gamma_bin_9.00_3.40","gamma_bin","vary_mean",9,FALSE,172,1.04439766370686,1.01245898995005,0.86,0.128534942545273,0.84,0.12605216862948,-0.0319386737568141
"gamma_bin_9.00_3.40","gamma_bin","vary_mean",9,FALSE,173,1.04917474480308,1.02436122091184,0.87,0.128675459639986,0.85,0.125866574716248,-0.0248135238912428
"gamma_bin_9.00_3.40","gamma_bin","vary_mean",9,FALSE,174,1.05167598943045,1.03694181872345,0.83,0.129770439027541,0.82,0.126802592832198,-0.0147341707069957
"gamma_bin_9.00_3.40","gamma_bin","vary_mean",9,FALSE,175,1.05228684352057,1.05036327966484,0.84,0.13277702618543,0.8,0.12961355734745,-0.00192356385572534
"gamma_bin_9.00_3.40","gamma_bin","vary_mean",9,FALSE,176,1.05205037229906,1.06431382385197,0.86,0.136730158356357,0.83,0.13392003119432,0.0122634515529108
"gamma_bin_9.00_3.40","gamma_bin","vary_mean",9,FALSE,177,1.05206304074467,1.07956980899716,0.87,0.140980908091566,0.86,0.138263327564917,0.0275067682524923
"gamma_bin_9.00_3.40","gamma_bin","vary_mean",9,FALSE,178,1.0533911428065,1.09572467768194,0.84,0.143789898599225,0.84,0.141424125453251,0.0423335348754363
"gamma_bin_9.00_3.40","gamma_bin","vary_mean",9,FALSE,179,1.05702523270082,1.11236844512066,0.8,0.14531472378273,0.83,0.142750904481448,0.0553432124198372
"gamma_bin_9.00_3.40","gamma_bin","vary_mean",9,FALSE,180,1.06385390304002,1.12967872967949,0.79,0.145745386945492,0.79,0.142795141290119,0.0658248266394716
"gamma_bin_9.00_3.40","gamma_bin","vary_mean",9,FALSE,181,1.07466368846286,1.14689319171587,0.78,0.146261497660162,0.78,0.142982589410369,0.0722295032530094
"gamma_bin_9.00_3.40","gamma_bin","vary_mean",9,FALSE,182,1.09015918537017,1.16360105521149,0.79,0.147588418512204,0.79,0.144145087039258,0.0734418698413182
"gamma_bin_9.00_3.40","gamma_bin","vary_mean",9,FALSE,183,1.11099415707904,1.17941023340888,0.81,0.149815368634944,0.82,0.146459618916254,0.0684160763298396
"gamma_bin_9.00_3.40","gamma_bin","vary_mean",9,FALSE,184,1.13776253966062,1.19487866816884,0.84,0.153778805046731,0.84,0.149923509036947,0.0571161285082189
"gamma_bin_9.00_3.40","gamma_bin","vary_mean",9,FALSE,185,1.16994138910722,1.20923117981146,0.88,0.158409725257753,0.87,0.154822923779288,0.0392897907042389
"gamma_bin_9.00_3.40","gamma_bin","vary_mean",9,FALSE,186,1.20568067952197,1.22257604540999,0.86,0.162457806409421,0.87,0.159035651270444,0.0168953658880215
"gamma_bin_9.00_3.40","gamma_bin","vary_mean",9,FALSE,187,1.24280592689739,1.23399627386416,0.87,0.164415584782914,0.87,0.160899469774851,-0.00880965303322556
"gamma_bin_9.00_3.40","gamma_bin","vary_mean",9,FALSE,188,1.27892507759421,1.24373826800907,0.86,0.163837657667269,0.85,0.159713770992247,-0.0351868095851422
"gamma_bin_9.00_3.40","gamma_bin","vary_mean",9,FALSE,189,1.31157809299846,1.25225056561045,0.83,0.160427210010332,0.82,0.156635052902933,-0.0593275273880125
"gamma_bin_9.00_3.40","gamma_bin","vary_mean",9,FALSE,190,1.33842575739913,1.25853765315982,0.81,0.156078211582708,0.76,0.152651584516102,-0.0798881042393071
"gamma_bin_9.00_3.40","gamma_bin","vary_mean",9,FALSE,191,1.35742493987032,1.26232395118874,0.72,0.153669317681035,0.69,0.149854788748517,-0.0951009886815757
"gamma_bin_9.00_3.40","gamma_bin","vary_mean",9,FALSE,192,1.36695842059754,1.26366808482976,0.67,0.153177911729163,0.66,0.14948143042854,-0.10329033576778
"gamma_bin_9.00_3.40","gamma_bin","vary_mean",9,FALSE,193,1.36590703303142,1.26270056481757,0.67,0.155256702329756,0.64,0.151423207202443,-0.10320646821385
"gamma_bin_9.00_3.40","gamma_bin","vary_mean",9,FALSE,194,1.35374441935837,1.25961660870573,0.72,0.158640981860558,0.7,0.154934266949828,-0.0941278106526402
"gamma_bin_9.00_3.40","gamma_bin","vary_mean",9,FALSE,195,1.33179505256341,1.25403227318642,0.78,0.16202759751144,0.78,0.158685725634627,-0.0777627793769882
"gamma_bin_9.00_3.40","gamma_bin","vary_mean",9,FALSE,196,1.30282908300336,1.24643105297616,0.84,0.164301469066134,0.82,0.160675165007049,-0.0563980300271953
"gamma_bin_9.00_3.40","gamma_bin","vary_mean",9,FALSE,197,1.26962792749398,1.23658782115002,0.92,0.163018706350903,0.9,0.159518342966444,-0.0330401063439554
"gamma_bin_9.00_3.40","gamma_bin","vary_mean",9,FALSE,198,1.23470197201586,1.22489744574517,0.92,0.158921878860483,0.92,0.155653096870086,-0.00980452627069184
"gamma_bin_9.00_3.40","gamma_bin","vary_mean",9,FALSE,199,1.20012008532359,1.21179021915748,0.93,0.153376875409935,0.92,0.150212715780629,0.0116701338338947
"gamma_bin_9.00_3.40","gamma_bin","vary_mean",9,FALSE,200,1.16745324780638,1.19744859225623,0.88,0.147552434618694,0.88,0.14439634540511,0.0299953444498535
"gamma_bin_9.00_3.40","gamma_bin","vary_mean",9,FALSE,201,1.13781324493009,1.18337411922885,0.82,0.14306337095017,0.82,0.13999846697934,0.0455608742987612
"gamma_bin_9.00_3.40","gamma_bin","vary_mean",9,FALSE,202,1.11194114249594,1.16915373786553,0.82,0.141002181286193,0.83,0.137980615466462,0.0572125953695857
"gamma_bin_9.00_3.40","gamma_bin","vary_mean",9,FALSE,203,1.09030738318271,1.15593930714772,0.8,0.141171800197493,0.8,0.138187066899868,0.0656319239650123
"gamma_bin_9.00_3.40","gamma_bin","vary_mean",9,FALSE,204,1.07317842503564,1.14412163206452,0.79,0.142464470549922,0.8,0.13919787724037,0.0709432070288767
"gamma_bin_9.00_3.40","gamma_bin","vary_mean",9,FALSE,205,1.06040347302214,1.13358635061263,0.8,0.142944059921681,0.8,0.139580487532681,0.0731828775904906
"gamma_bin_9.00_3.40","gamma_bin","vary_mean",9,FALSE,206,1.05156904168052,1.1246289631307,0.8,0.142187113926285,0.8,0.138364426343349,0.0730599214501826
"gamma_bin_9.00_3.40","gamma_bin","vary_mean",9,FALSE,207,1.04624950999474,1.11741977843388,0.81,0.139474939827243,0.81,0.135527246476686,0.07117026843914
"gamma_bin_9.00_3.40","gamma_bin","vary_mean",9,FALSE,208,1.04403704329192,1.11225778498308,0.81,0.135329765339024,0.81,0.131959260725995,0.0682207416911613
"gamma_bin_9.00_3.40","gamma_bin","vary_mean",9,FALSE,209,1.0445651521307,1.10905469868747,0.79,0.13150463934314,0.8,0.128595585945109,0.0644895465567681
"gamma_bin_9.00_3.40","gamma_bin","vary_mean",9,FALSE,210,1.04752392002038,1.1080332671914,0.8,0.130111322407953,0.82,0.127160481913737,0.0605093471710216
"gamma_bin_9.00_3.40","gamma_bin","vary_mean",9,FALSE,211,1.05266551803821,1.10952333025485,0.82,0.130815536219368,0.81,0.12781579667293,0.0568578122166357
"gamma_bin_9.00_3.40","gamma_bin","vary_mean",9,FALSE,212,1.0598023103751,1.11385681934799,0.82,0.133688160508091,0.85,0.130691744394369,0.054054508972891
"gamma_bin_9.00_3.40","gamma_bin","vary_mean",9,FALSE,213,1.06880062573221,1.12082205380975,0.85,0.138461279922624,0.83,0.135464385243159,0.0520214280775357
"gamma_bin_9.00_3.40","gamma_bin","vary_mean",9,FALSE,214,1.0795784696348,1.1301310548511,0.85,0.142713410490662,0.85,0.139974206045656,0.0505525852163031
"gamma_bin_9.00_3.40","gamma_bin","vary_mean",9,FALSE,215,1.09215111452811,1.14165038338302,0.86,0.146045154526181,0.88,0.143221300554239,0.0494992688549107
"gamma_bin_9.00_3.40","gamma_bin","vary_mean",9,FALSE,216,1.10660255202503,1.1557654115748,0.87,0.14763912718561,0.9,0.144531239730321,0.0491628595497693
"gamma_bin_9.00_3.40","gamma_bin","vary_mean",9,FALSE,217,1.1230463183655,1.17249116832806,0.89,0.14700688297076,0.89,0.143808756480244,0.049444849962565
"gamma_bin_9.00_3.40","gamma_bin","vary_mean",9,FALSE,218,1.14161803384419,1.190736272399,0.87,0.145529453772676,0.88,0.142385524165401,0.0491182385548077
"gamma_bin_9.00_3.40","gamma_bin","vary_mean",9,FALSE,219,1.16246850453014,1.21097633223885,0.86,0.144804547215569,0.88,0.141806994081009,0.0485078277087059
"gamma_bin_9.00_3.40","gamma_bin","vary_mean",9,FALSE,220,1.18575867786174,1.23317330548148,0.86,0.146101903314436,0.86,0.143158665487296,0.047414627619738
"gamma_bin_9.00_3.40","gamma_bin","vary_mean",9,FALSE,221,1.21165701983639,1.25632499129986,0.87,0.150128546713258,0.9,0.147107983168472,0.0446679714634672
"gamma_bin_9.00_3.40","gamma_bin","vary_mean",9,FALSE,222,1.24033898455105,1.28056647365727,0.94,0.155692884935029,0.93,0.15253547091076,0.0402274891062195
"gamma_bin_9.00_3.40","gamma_bin","vary_mean",9,FALSE,223,1.27198794287079,1.30492678868369,0.94,0.161450210127282,0.93,0.157964567638072,0.0329388458129034
"gamma_bin_9.00_3.40","gamma_bin","vary_mean",9,FALSE,224,1.30666523446541,1.32908990248825,0.95,0.166120656627513,0.93,0.162777089591986,0.0224246680228382
"gamma_bin_9.00_3.40","gamma_bin","vary_mean",9,FALSE,225,1.3433530482977,1.35234689853531,0.96,0.168463302517025,0.96,0.165065166147613,0.00899385023760502
"gamma_bin_9.00_3.40","gamma_bin","vary_mean",9,FALSE,226,1.38038171186225,1.37486239092067,0.9,0.168145056872254,0.9,0.164863783940493,-0.00551932094157626
"gamma_bin_9.00_3.40","gamma_bin","vary_mean",9,FALSE,227,1.41592160258673,1.39625410453893,0.89,0.16681644609354,0.88,0.163296355177491,-0.0196674980478004
"gamma_bin_9.00_3.40","gamma_bin","vary_mean",9,FALSE,228,1.44808142918806,1.41636058674541,0.86,0.164874118542616,0.85,0.161767905789687,-0.0317208424426463
"gamma_bin_9.00_3.40","gamma_bin","vary_mean",9,FALSE,229,1.47504730588812,1.4345573778014,0.85,0.165719942293333,0.83,0.162318143198213,-0.0404899280867208
"gamma_bin_9.00_3.40","gamma_bin","vary_mean",9,FALSE,230,1.49521587906308,1.45083725515585,0.85,0.170437496515398,0.85,0.16644524126489,-0.0443786239072297
"gamma_bin_9.00_3.40","gamma_bin","vary_mean",9,FALSE,231,1.50729103953841,1.46381586923055,0.88,0.177000179526838,0.88,0.17279547689373,-0.043475170307858
"gamma_bin_9.00_3.40","gamma_bin","vary_mean",9,FALSE,232,1.51033534857617,1.47355999898459,0.9,0.183978456562035,0.89,0.179576156628557,-0.0367753495915821
"gamma_bin_9.00_3.40","gamma_bin","vary_mean",9,FALSE,233,1.50378097074586,1.47993846325923,0.92,0.189534747371117,0.91,0.185219894652771,-0.0238425074866304
"gamma_bin_9.00_3.40","gamma_bin","vary_mean",9,FALSE,234,1.48764960471254,1.48230485846115,0.92,0.191899653667831,0.91,0.187389872804333,-0.00534474625138848
"gamma_bin_9.00_3.40","gamma_bin","vary_mean",9,FALSE,235,1.46373241708909,1.48078102681628,0.93,0.189820459510004,0.92,0.185111273528805,0.0170486097271867
"gamma_bin_9.00_3.40","gamma_bin","vary_mean",9,FALSE,236,1.43448143272486,1.47593006567867,0.9,0.184713725106779,0.9,0.180135491347822,0.0414486329538077
"gamma_bin_9.00_3.40","gamma_bin","vary_mean",9,FALSE,237,1.40223769952072,1.46835888726247,0.82,0.178691952041757,0.85,0.173902159057417,0.0661211877417451
"gamma_bin_9.00_3.40","gamma_bin","vary_mean",9,FALSE,238,1.36905513115977,1.45740119012469,0.72,0.173160973569948,0.73,0.168941061715695,0.088346058964917
"gamma_bin_9.00_3.40","gamma_bin","vary_mean",9,FALSE,239,1.33659069308879,1.44401239781484,0.69,0.170315945814005,0.7,0.165941014277628,0.107421704726051
"gamma_bin_9.00_3.40","gamma_bin","vary_mean",9,FALSE,240,1.30608415861083,1.42885270972908,0.64,0.1702513266541,0.69,0.16615507439624,0.122768551118248
"gamma_bin_9.00_3.40","gamma_bin","vary_mean",9,FALSE,241,1.27840456713347,1.41282127696696,0.62,0.172782532168546,0.66,0.168399839215128,0.134416709833492
"gamma_bin_9.00_3.40","gamma_bin","vary_mean",9,FALSE,242,1.25412742548082,1.39635304867829,0.58,0.175138861283149,0.61,0.170853233240865,0.142225623197467
"gamma_bin_9.00_3.40","gamma_bin","vary_mean",9,FALSE,243,1.23361554311767,1.37968106272655,0.58,0.177036588451563,0.57,0.172489882967113,0.146065519608882
"gamma_bin_9.00_3.40","gamma_bin","vary_mean",9,FALSE,244,1.21706403589592,1.36297321050616,0.6,0.177903014182166,0.57,0.173642189774927,0.145909174610242
"gamma_bin_9.00_3.40","gamma_bin","vary_mean",9,FALSE,245,1.20445667363505,1.34647878702378,0.59,0.179471444189152,0.62,0.175137449693279,0.142022113388731
"gamma_bin_9.00_3.40","gamma_bin","vary_mean",9,FALSE,246,1.19569657050359,1.33021208292328,0.62,0.183198959545762,0.62,0.179671360594517,0.134515512419688
"gamma_bin_9.00_3.40","gamma_bin","vary_mean",9,FALSE,247,1.19067334691389,1.31435304560521,0.67,0.191156886445736,0.69,0.187412112681453,0.123679698691322
"gamma_bin_9.00_3.40","gamma_bin","vary_mean",9,FALSE,248,1.1892846905786,1.29909779479667,0.72,0.204044674907923,0.78,0.199668594519122,0.109813104218068
"gamma_bin_9.00_3.40","gamma_bin","vary_mean",9,FALSE,249,1.1914521017446,1.28522301342322,0.84,0.221992306634351,0.89,0.216518624666754,0.0937709116786201
"gamma_bin_9.00_3.40","gamma_bin","vary_mean",9,FALSE,250,1.19713021020468,1.27348402632569,0.93,0.243809383060328,0.94,0.237638982122832,0.0763538161210127
"gamma_bin_9.00_3.40","gamma_bin","vary_mean",9,FALSE,251,1.20631090184647,1.26328821596272,0.95,0.268864291993456,0.97,0.261740941636233,0.0569773141162535
"gamma_bin_9.00_3.40","gamma_bin","vary_mean",9,FALSE,252,1.21902415582724,1.25460894878427,0.97,0.29578440763944,0.99,0.28688865183248,0.0355847929570301
"gamma_bin_9.00_3.40","gamma_bin","vary_mean",9,FALSE,253,1.23533724681924,1.24726945610434,1,0.324248825760658,0.99,0.314383415275856,0.0119322092851013
"gamma_bin_10.50_3.40","gamma_bin","vary_mean",10.5,FALSE,2,6.47633271060018,NA,NA,NA,NA,NA,NA
"gamma_bin_10.50_3.40","gamma_bin","vary_mean",10.5,FALSE,3,5.39748004467528,NA,NA,NA,NA,NA,NA
"gamma_bin_10.50_3.40","gamma_bin","vary_mean",10.5,FALSE,4,4.52153259075373,NA,NA,NA,NA,NA,NA
"gamma_bin_10.50_3.40","gamma_bin","vary_mean",10.5,FALSE,5,3.81075688710478,NA,NA,NA,NA,NA,NA
"gamma_bin_10.50_3.40","gamma_bin","vary_mean",10.5,FALSE,6,3.23384975678135,NA,NA,NA,NA,NA,NA
"gamma_bin_10.50_3.40","gamma_bin","vary_mean",10.5,FALSE,7,2.76512519694591,NA,NA,NA,NA,NA,NA
"gamma_bin_10.50_3.40","gamma_bin","vary_mean",10.5,FALSE,8,2.38350063829982,4.88172596172437,0,0.910954800193893,0,0.867376035785652,2.49822532342455
"gamma_bin_10.50_3.40","gamma_bin","vary_mean",10.5,FALSE,9,2.07220990816182,3.58046084964687,0,0.750106304078218,0,0.728163504650547,1.50825094148505
"gamma_bin_10.50_3.40","gamma_bin","vary_mean",10.5,FALSE,10,1.8180094782711,2.56119791491455,0.12,0.549778652499078,0.1,0.53318428949852,0.743188436643448
"gamma_bin_10.50_3.40","gamma_bin","vary_mean",10.5,FALSE,11,1.61045019265924,1.9959113355436,0.52,0.428413772606622,0.52,0.415404185464851,0.385461142884359
"gamma_bin_10.50_3.40","gamma_bin","vary_mean",10.5,FALSE,12,1.44129331371926,1.65813230341177,0.81,0.348762504813751,0.81,0.33894782003264,0.21683898969251
"gamma_bin_10.50_3.40","gamma_bin","vary_mean",10.5,FALSE,13,1.30405110997497,1.44556021683273,0.87,0.292946682692351,0.89,0.28549402097004,0.141509106857759
"gamma_bin_10.50_3.40","gamma_bin","vary_mean",10.5,FALSE,14,1.1936337473603,1.30572333009071,0.89,0.251981969011157,0.9,0.24605387231974,0.112089582730411
"gamma_bin_10.50_3.40","gamma_bin","vary_mean",10.5,FALSE,15,1.10608275580624,1.21078799401685,0.88,0.221303198505492,0.85,0.216247146860234,0.104705238210609
"gamma_bin_10.50_3.40","gamma_bin","vary_mean",10.5,FALSE,16,1.03836845094092,1.1430470837784,0.84,0.198281293190245,0.83,0.193660152379597,0.104678632837478
"gamma_bin_10.50_3.40","gamma_bin","vary_mean",10.5,FALSE,17,0.987514418464918,1.09311476768406,0.81,0.181201830294714,0.8,0.177020400277869,0.105600349219137
"gamma_bin_10.50_3.40","gamma_bin","vary_mean",10.5,FALSE,18,0.94985341422689,1.05458001699887,0.76,0.168390148002996,0.8,0.164595801791027,0.10472660277198
"gamma_bin_10.50_3.40","gamma_bin","vary_mean",10.5,FALSE,19,0.922342058412537,1.02344811456337,0.74,0.158316886341602,0.75,0.154692774249762,0.101106056150831
"gamma_bin_10.50_3.40","gamma_bin","vary_mean",10.5,FALSE,20,0.902533145800087,0.996153032971516,0.72,0.149658606513585,0.73,0.146212393375311,0.0936198871714288
"gamma_bin_10.50_3.40","gamma_bin","vary_mean",10.5,FALSE,21,0.888443579660898,0.97132153215379,0.73,0.141332530480838,0.75,0.138058440889413,0.0828779524928919
"gamma_bin_10.50_3.40","gamma_bin","vary_mean",10.5,FALSE,22,0.878474950045775,0.94797333949239,0.81,0.133459339854669,0.78,0.130395277753747,0.0694983894466149
"gamma_bin_10.50_3.40","gamma_bin","vary_mean",10.5,FALSE,23,0.871353706634507,0.925084922608057,0.81,0.126405073581998,0.82,0.123791539696339,0.0537312159735496
"gamma_bin_10.50_3.40","gamma_bin","vary_mean",10.5,FALSE,24,0.866079695774009,0.903114805122478,0.87,0.121360166170681,0.88,0.119035855957712,0.037035109348469
"gamma_bin_10.50_3.40","gamma_bin","vary_mean",10.5,FALSE,25,0.861880113955128,0.881684703464395,0.93,0.118143938042647,0.91,0.115874842484833,0.0198045895092671
"gamma_bin_10.50_3.40","gamma_bin","vary_mean",10.5,FALSE,26,0.858167576978305,0.860492804516383,0.92,0.116555112915604,0.92,0.114346816980014,0.0023252275380784
"gamma_bin_10.50_3.40","gamma_bin","vary_mean",10.5,FALSE,27,0.854446587171991,0.839760169005666,0.9,0.116421530938601,0.9,0.113883929053677,-0.014686418166325
"gamma_bin_10.50_3.40","gamma_bin","vary_mean",10.5,FALSE,28,0.850242530612154,0.819706205060993,0.88,0.115501019170622,0.88,0.113398712165505,-0.0305363255511613
"gamma_bin_10.50_3.40","gamma_bin","vary_mean",10.5,FALSE,29,0.845168044117022,0.800020438561992,0.82,0.113807369191857,0.82,0.111819419220212,-0.0451476055550301
"gamma_bin_10.50_3.40","gamma_bin","vary_mean",10.5,FALSE,30,0.838916821827613,0.780824330662418,0.79,0.110721119786123,0.79,0.108862971055946,-0.0580924911651953
"gamma_bin_10.50_3.40","gamma_bin","vary_mean",10.5,FALSE,31,0.83125458603177,0.762441821105352,0.72,0.106560656149161,0.71,0.104681366996212,-0.0688127649264181
"gamma_bin_10.50_3.40","gamma_bin","vary_mean",10.5,FALSE,32,0.822012955905288,0.744765404857831,0.63,0.10263206127794,0.62,0.100273346097962,-0.0772475510474565
"gamma_bin_10.50_3.40","gamma_bin","vary_mean",10.5,FALSE,33,0.811083441801087,0.727665454744469,0.58,0.0991110981235061,0.56,0.0967507745029933,-0.0834179870566177
"gamma_bin_10.50_3.40","gamma_bin","vary_mean",10.5,FALSE,34,0.798410706391415,0.710960979819843,0.58,0.0965220743211712,0.53,0.0943601849399859,-0.0874497265715722
"gamma_bin_10.50_3.40","gamma_bin","vary_mean",10.5,FALSE,35,0.783985284249482,0.694541038962101,0.54,0.0949785025867474,0.53,0.0930072745860809,-0.0894442452873806
"gamma_bin_10.50_3.40","gamma_bin","vary_mean",10.5,FALSE,36,0.767842249776292,0.678736301417916,0.56,0.0942953923249364,0.54,0.0920982914960863,-0.0891059483583759
"gamma_bin_10.50_3.40","gamma_bin","vary_mean",10.5,FALSE,37,0.750320099865667,0.663305587284547,0.58,0.0934020354597874,0.59,0.0913669319966849,-0.0870145125811196
"gamma_bin_10.50_3.40","gamma_bin","vary_mean",10.5,FALSE,38,0.732127511283489,0.648618755175338,0.63,0.0924891407901744,0.59,0.0902383644951359,-0.0835087561081511
"gamma_bin_10.50_3.40","gamma_bin","vary_mean",10.5,FALSE,39,0.713945546467747,0.634491516768943,0.62,0.0905053051306313,0.58,0.0881024578108252,-0.0794540296988042
"gamma_bin_10.50_3.40","gamma_bin","vary_mean",10.5,FALSE,40,0.696377644387645,0.621009087148598,0.63,0.087487985864313,0.59,0.085069123487333,-0.075368557239047
"gamma_bin_10.50_3.40","gamma_bin","vary_mean",10.5,FALSE,41,0.679931575981829,0.608313276386027,0.6,0.0840798924205235,0.58,0.08170678551122,-0.0716182995958021
"gamma_bin_10.50_3.40","gamma_bin","vary_mean",10.5,FALSE,42,0.665012401557135,0.596473402578572,0.61,0.0811809333975027,0.59,0.0792589213157003,-0.0685389989785633
"gamma_bin_10.50_3.40","gamma_bin","vary_mean",10.5,FALSE,43,0.65192842067752,0.585317126403902,0.61,0.0794713301333922,0.6,0.0777570147618252,-0.0666112942736176
"gamma_bin_10.50_3.40","gamma_bin","vary_mean",10.5,FALSE,44,0.640906266957601,0.5752713090037,0.64,0.0786866904871176,0.61,0.0771903800295023,-0.0656349579539013
"gamma_bin_10.50_3.40","gamma_bin","vary_mean",10.5,FALSE,45,0.632110069284813,0.566535675118497,0.64,0.0789719302913854,0.61,0.0772869655847217,-0.065574394166316
"gamma_bin_10.50_3.40","gamma_bin","vary_mean",10.5,FALSE,46,0.625656360123327,0.558786899025018,0.62,0.0795150254708734,0.61,0.0778854040270089,-0.0668694610983094
"gamma_bin_10.50_3.40","gamma_bin","vary_mean",10.5,FALSE,47,0.621502273809677,0.552128099920242,0.61,0.0800042945381958,0.61,0.0784811782653248,-0.0693741738894351
"gamma_bin_10.50_3.40","gamma_bin","vary_mean",10.5,FALSE,48,0.619441171957512,0.546920141108043,0.57,0.079758719671146,0.55,0.078169228332489,-0.0725210308494687
"gamma_bin_10.50_3.40","gamma_bin","vary_mean",10.5,FALSE,49,0.619256488578844,0.542965660309173,0.54,0.0785705273414725,0.53,0.0769032615096197,-0.0762908282696708
"gamma_bin_10.50_3.40","gamma_bin","vary_mean",10.5,FALSE,50,0.620736004042686,0.54022465056181,0.52,0.0768635167271739,0.48,0.0751931768558289,-0.0805113534808756
"gamma_bin_10.50_3.40","gamma_bin","vary_mean",10.5,FALSE,51,0.623679916186844,0.538922437781674,0.46,0.0756457223005512,0.42,0.0738561636890205,-0.0847574784051704
"gamma_bin_10.50_3.40","gamma_bin","vary_mean",10.5,FALSE,52,0.627908213332621,0.538598404050553,0.41,0.0748328253951303,0.39,0.0730014417067249,-0.0893098092820681
"gamma_bin_10.50_3.40","gamma_bin","vary_mean",10.5,FALSE,53,0.633265384812971,0.539867630711734,0.38,0.0746708327635331,0.37,0.0730355534959212,-0.0933977541012372
"gamma_bin_10.50_3.40","gamma_bin","vary_mean",10.5,FALSE,54,0.639622221613428,0.542049958664107,0.36,0.0752288232967978,0.36,0.0734786652502552,-0.0975722629493213
"gamma_bin_10.50_3.40","gamma_bin","vary_mean",10.5,FALSE,55,0.646875295241765,0.54512013633216,0.34,0.0764001848578365,0.33,0.0747724357443007,-0.101755158909605
"gamma_bin_10.50_3.40","gamma_bin","vary_mean",10.5,FALSE,56,0.654940797889892,0.548958232201467,0.35,0.077995097297675,0.31,0.076208365736854,-0.105982565688425
"gamma_bin_10.50_3.40","gamma_bin","vary_mean",10.5,FALSE,57,0.663667548235467,0.55396366971283,0.34,0.0788641275626038,0.31,0.0771147875492487,-0.109703878522637
"gamma_bin_10.50_3.40","gamma_bin","vary_mean",10.5,FALSE,58,0.67283196893338,0.559887756876724,0.33,0.0790748116282048,0.27,0.0771671295748803,-0.112944212056656
"gamma_bin_10.50_3.40","gamma_bin","vary_mean",10.5,FALSE,59,0.682212593504884,0.566387274544832,0.28,0.0786007127852612,0.22,0.0769200786256818,-0.115825318960052
"gamma_bin_10.50_3.40","gamma_bin","vary_mean",10.5,FALSE,60,0.691594549334227,0.573693193854812,0.26,0.0780604913441481,0.24,0.0765934623838973,-0.117901355479415
"gamma_bin_10.50_3.40","gamma_bin","vary_mean",10.5,FALSE,61,0.700774343176902,0.581551317102128,0.25,0.0782129838246206,0.22,0.0767748669505281,-0.119223026074774
"gamma_bin_10.50_3.40","gamma_bin","vary_mean",10.5,FALSE,62,0.709565411363515,0.589864000693002,0.27,0.0793370922728119,0.24,0.0776910288694742,-0.119701410670513
"gamma_bin_10.50_3.40","gamma_bin","vary_mean",10.5,FALSE,63,0.717802382251417,0.598630462408743,0.28,0.0814355371670741,0.22,0.0796632846499542,-0.119171919842674
"gamma_bin_10.50_3.40","gamma_bin","vary_mean",10.5,FALSE,64,0.725343303375917,0.607539343507634,0.28,0.0843239136603362,0.27,0.0826251600712502,-0.117803959868283
"gamma_bin_10.50_3.40","gamma_bin","vary_mean",10.5,FALSE,65,0.732069930484564,0.616716408595693,0.32,0.0877125166326237,0.29,0.085756082714913,-0.115353521888871
"gamma_bin_10.50_3.40","gamma_bin","vary_mean",10.5,FALSE,66,0.737895666769886,0.625972070751466,0.39,0.0905411978002865,0.35,0.0882172917308763,-0.11192359601842
"gamma_bin_10.50_3.40","gamma_bin","vary_mean",10.5,FALSE,67,0.742895958587221,0.635140653301904,0.42,0.0921030324085024,0.38,0.0898127828393178,-0.107755305285317
"gamma_bin_10.50_3.40","gamma_bin","vary_mean",10.5,FALSE,68,0.747278763319657,0.644189866473831,0.46,0.0925175010825621,0.41,0.0902633365901154,-0.103088896845826
"gamma_bin_10.50_3.40","gamma_bin","vary_mean",10.5,FALSE,69,0.751271373438236,0.653294749533707,0.48,0.0925432210919958,0.46,0.0900979912365723,-0.097976623904529
"gamma_bin_10.50_3.40","gamma_bin","vary_mean",10.5,FALSE,70,0.755105697598796,0.662081584979112,0.52,0.0922536355730514,0.47,0.0899294090582281,-0.0930241126196836
"gamma_bin_10.50_3.40","gamma_bin","vary_mean",10.5,FALSE,71,0.759004827658807,0.670661571609495,0.57,0.0922621964724414,0.53,0.090175795421658,-0.0883432560493119
"gamma_bin_10.50_3.40","gamma_bin","vary_mean",10.5,FALSE,72,0.76317231106088,0.679090379576909,0.63,0.0932710605733109,0.6,0.0913023008137702,-0.0840819314839707
"gamma_bin_10.50_3.40","gamma_bin","vary_mean",10.5,FALSE,73,0.767786202417761,0.687414723948187,0.67,0.0950274918725775,0.66,0.0929591893250805,-0.0803714784695737
"gamma_bin_10.50_3.40","gamma_bin","vary_mean",10.5,FALSE,74,0.772997638290372,0.695386831032332,0.7,0.0976233511662339,0.67,0.0953576831994987,-0.0776108072580404
"gamma_bin_10.50_3.40","gamma_bin","vary_mean",10.5,FALSE,75,0.77893263784533,0.703241918008239,0.68,0.1004578416172,0.67,0.0980646863123524,-0.0756907198370907
"gamma_bin_10.50_3.40","gamma_bin","vary_mean",10.5,FALSE,76,0.78568141824908,0.711058491016544,0.71,0.10219607143522,0.66,0.0997576846274548,-0.074622927232536
"gamma_bin_10.50_3.40","gamma_bin","vary_mean",10.5,FALSE,77,0.793148670755028,0.71840002323873,0.7,0.102321118502283,0.66,0.100380257201312,-0.0747486475162983
"gamma_bin_10.50_3.40","gamma_bin","vary_mean",10.5,FALSE,78,0.801109464577554,0.725731065094291,0.73,0.101672540770631,0.68,0.0998837394340293,-0.0753783994832629
"gamma_bin_10.50_3.40","gamma_bin","vary_mean",10.5,FALSE,79,0.809317687520099,0.732685902951274,0.68,0.100971374277751,0.65,0.0992281918677003,-0.0766317845688254
"gamma_bin_10.50_3.40","gamma_bin","vary_mean",10.5,FALSE,80,0.817518562189946,0.739723523432517,0.67,0.100798783304723,0.65,0.0987913906508678,-0.0777950387574289
"gamma_bin_10.50_3.40","gamma_bin","vary_mean",10.5,FALSE,81,0.825462916255739,0.746422847797494,0.7,0.101594832836735,0.62,0.0994096745012288,-0.0790400684582451
"gamma_bin_10.50_3.40","gamma_bin","vary_mean",10.5,FALSE,82,0.832920079463184,0.752943945920961,0.71,0.103458531369745,0.63,0.100904017149707,-0.0799761335422234
"gamma_bin_10.50_3.40","gamma_bin","vary_mean",10.5,FALSE,83,0.83968668789734,0.758944127438927,0.72,0.105716957224621,0.65,0.103142539691352,-0.080742560458413
"gamma_bin_10.50_3.40","gamma_bin","vary_mean",10.5,FALSE,84,0.845591000049052,0.764634639187027,0.71,0.10777963791158,0.66,0.105073431761954,-0.0809563608620254
"gamma_bin_10.50_3.40","gamma_bin","vary_mean",10.5,FALSE,85,0.850493536894317,0.770111684062338,0.72,0.108961333628651,0.67,0.106110856837303,-0.0803818528319794
"gamma_bin_10.50_3.40","gamma_bin","vary_mean",10.5,FALSE,86,0.854297533108007,0.77521678094923,0.74,0.10856496035489,0.66,0.105779007734993,-0.079080752158777
"gamma_bin_10.50_3.40","gamma_bin","vary_mean",10.5,FALSE,87,0.857044342489846,0.77996767060064,0.76,0.107255137473907,0.66,0.104428384003293,-0.0770766718892054
"gamma_bin_10.50_3.40","gamma_bin","vary_mean",10.5,FALSE,88,0.858857822167393,0.784468407721619,0.7,0.10564737414157,0.67,0.10325698098737,-0.0743894144457737
"gamma_bin_10.50_3.40","gamma_bin","vary_mean",10.5,FALSE,89,0.859878747666928,0.788634508418048,0.7,0.104830684246572,0.67,0.102569513440859,-0.0712442392488796
"gamma_bin_10.50_3.40","gamma_bin","vary_mean",10.5,FALSE,90,0.86025311141159,0.792379993826909,0.69,0.105434860856888,0.68,0.103165041744003,-0.0678731175846812
"gamma_bin_10.50_3.40","gamma_bin","vary_mean",10.5,FALSE,91,0.860120701023208,0.796301865649043,0.72,0.107190025033124,0.7,0.104769560123046,-0.0638188353741648
"gamma_bin_10.50_3.40","gamma_bin","vary_mean",10.5,FALSE,92,0.859606619529194,0.80041390682227,0.76,0.110450070963211,0.74,0.107720600154353,-0.059192712706924
"gamma_bin_10.50_3.40","gamma_bin","vary_mean",10.5,FALSE,93,0.8588168361623,0.804499414555602,0.79,0.113540891744413,0.77,0.111181995493881,-0.0543174216066979
"gamma_bin_10.50_3.40","gamma_bin","vary_mean",10.5,FALSE,94,0.857837212377275,0.808747183729046,0.8,0.116061725061606,0.79,0.113898214661927,-0.0490900286482291
"gamma_bin_10.50_3.40","gamma_bin","vary_mean",10.5,FALSE,95,0.856734852284735,0.812895470042203,0.81,0.117464226468054,0.8,0.115187858959259,-0.0438393822425318
"gamma_bin_10.50_3.40","gamma_bin","vary_mean",10.5,FALSE,96,0.855586935925609,0.817380947696634,0.83,0.117800889480635,0.81,0.115344927603725,-0.0382059882289748
"gamma_bin_10.50_3.40","gamma_bin","vary_mean",10.5,FALSE,97,0.854642173312711,0.822165397456998,0.83,0.117120411471861,0.83,0.114557666152592,-0.0324767758557131
"gamma_bin_10.50_3.40","gamma_bin","vary_mean",10.5,FALSE,98,0.854216899337268,0.827474200744776,0.82,0.11621510251577,0.81,0.113675211633526,-0.0267426985924919
"gamma_bin_10.50_3.40","gamma_bin","vary_mean",10.5,FALSE,99,0.854615196085733,0.833172967153023,0.81,0.115674811918135,0.78,0.11330461309925,-0.0214422289327101
"gamma_bin_10.50_3.40","gamma_bin","vary_mean",10.5,FALSE,100,0.856123392287051,0.839211600728435,0.84,0.116054877107204,0.83,0.113785099013233,-0.0169117915586161
"gamma_bin_10.50_3.40","gamma_bin","vary_mean",10.5,FALSE,101,0.859003725920451,0.84558936237225,0.87,0.118196427927056,0.84,0.11568327065143,-0.0134143635482012
"gamma_bin_10.50_3.40","gamma_bin","vary_mean",10.5,FALSE,102,0.863491057515902,0.852734578183698,0.87,0.121229310090702,0.88,0.11876744568532,-0.0107564793322044
"gamma_bin_10.50_3.40","gamma_bin","vary_mean",10.5,FALSE,103,0.869793786137492,0.860290538444931,0.91,0.124482407175716,0.87,0.12178106871872,-0.00950324769256083
"gamma_bin_10.50_3.40","gamma_bin","vary_mean",10.5,FALSE,104,0.878098070350996,0.868503404487274,0.91,0.126606929314395,0.9,0.123904696652049,-0.00959466586372215
"gamma_bin_10.50_3.40","gamma_bin","vary_mean",10.5,FALSE,105,0.888573897619543,0.877403483525565,0.9,0.127115687217239,0.9,0.124504383774596,-0.0111704140939785
"gamma_bin_10.50_3.40","gamma_bin","vary_mean",10.5,FALSE,106,0.901301658370892,0.886999195101627,0.9,0.126956974512849,0.9,0.124433803588703,-0.0143024632692648
"gamma_bin_10.50_3.40","gamma_bin","vary_mean",10.5,FALSE,107,0.915897849763235,0.896715937554223,0.9,0.127157942084655,0.89,0.124292030365028,-0.0191819122090119
"gamma_bin_10.50_3.40","gamma_bin","vary_mean",10.5,FALSE,108,0.931781890770312,0.906652334022188,0.9,0.128788311372284,0.86,0.125525091365026,-0.025129556748124
"gamma_bin_10.50_3.40","gamma_bin","vary_mean",10.5,FALSE,109,0.964908287444313,0.916599978139051,0.82,0.131104760666787,0.78,0.127667080934191,-0.048308309305262
"gamma_bin_10.50_3.40","gamma_bin","vary_mean",10.5,FALSE,110,0.980887218164916,0.926375357391485,0.81,0.134410322815523,0.79,0.130966244423419,-0.0545118607734314
"gamma_bin_10.50_3.40","gamma_bin","vary_mean",10.5,FALSE,111,0.995692213942587,0.935520029339829,0.81,0.137987627251487,0.77,0.134180866115585,-0.0601721846027581
"gamma_bin_10.50_3.40","gamma_bin","vary_mean",10.5,FALSE,112,1.00881666031265,0.944045416267886,0.77,0.141353853513906,0.77,0.136931883094189,-0.0647712440447639
"gamma_bin_10.50_3.40","gamma_bin","vary_mean",10.5,FALSE,113,1.01983605940048,0.951489619385497,0.75,0.143019922973129,0.74,0.138681375397272,-0.0683464400149827
"gamma_bin_10.50_3.40","gamma_bin","vary_mean",10.5,FALSE,114,1.02841129997895,0.958241042034281,0.74,0.142512873681588,0.72,0.138563039615902,-0.0701702579446689
"gamma_bin_10.50_3.40","gamma_bin","vary_mean",10.5,FALSE,115,1.03430371035801,0.963852619778239,0.72,0.140249219241828,0.71,0.136777643513906,-0.0704510905797708
"gamma_bin_10.50_3.40","gamma_bin","vary_mean",10.5,FALSE,116,1.03743175161603,0.968651140259364,0.75,0.137206654106074,0.7,0.134257203466365,-0.0687806113566662
"gamma_bin_10.50_3.40","gamma_bin","vary_mean",10.5,FALSE,117,1.0378022122009,0.972288915372844,0.74,0.135276444400091,0.73,0.132308139975804,-0.0655132968280556
"gamma_bin_10.50_3.40","gamma_bin","vary_mean",10.5,FALSE,118,1.03547276308025,0.97466774715113,0.77,0.134605141499869,0.77,0.131414268027537,-0.0608050159291201
"gamma_bin_10.50_3.40","gamma_bin","vary_mean",10.5,FALSE,119,1.03053550780697,0.975872054813761,0.81,0.135558663656991,0.79,0.132131683931632,-0.0546634529932085
"gamma_bin_10.50_3.40","gamma_bin","vary_mean",10.5,FALSE,120,1.02310221069091,0.975993867806891,0.81,0.137207866784337,0.81,0.133939180647651,-0.047108342884019
"gamma_bin_10.50_3.40","gamma_bin","vary_mean",10.5,FALSE,121,1.01329357541095,0.974889941646666,0.83,0.13910041066294,0.84,0.135944187983368,-0.0384036337642842
"gamma_bin_10.50_3.40","gamma_bin","vary_mean",10.5,FALSE,122,1.00123289414715,0.973217528592698,0.86,0.140308165958667,0.87,0.137406365720659,-0.0280153655544525
"gamma_bin_10.50_3.40","gamma_bin","vary_mean",10.5,FALSE,123,0.987043160294477,0.970762962127993,0.89,0.139959212282023,0.91,0.137321886889656,-0.0162801981664845
"gamma_bin_10.50_3.40","gamma_bin","vary_mean",10.5,FALSE,124,0.970846430550826,0.967707221946968,0.91,0.138452369404598,0.92,0.136139489826823,-0.00313920860385786
"gamma_bin_10.50_3.40","gamma_bin","vary_mean",10.5,FALSE,125,0.953001568168985,0.964241488224026,0.92,0.136797014492615,0.89,0.134434418485447,0.011239920055041
"gamma_bin_10.50_3.40","gamma_bin","vary_mean",10.5,FALSE,126,0.934680947695761,0.960225529874003,0.89,0.135487483384198,0.88,0.132733742558047,0.0255445821782423
"gamma_bin_10.50_3.40","gamma_bin","vary_mean",10.5,FALSE,127,0.917145793226913,0.956290009334611,0.86,0.135029992554861,0.88,0.132145414973879,0.0391442161076978
"gamma_bin_10.50_3.40","gamma_bin","vary_mean",10.5,FALSE,128,0.901530406151582,0.952974330723278,0.87,0.135874661326942,0.83,0.132910326546207,0.0514439245716961
"gamma_bin_10.50_3.40","gamma_bin","vary_mean",10.5,FALSE,129,0.888820761331304,0.949864833747518,0.84,0.138047135411018,0.82,0.134599082893045,0.0610440724162142
"gamma_bin_10.50_3.40","gamma_bin","vary_mean",10.5,FALSE,130,0.879849051096058,0.947561277432952,0.82,0.140059714879645,0.81,0.136526949336495,0.067712226336894
"gamma_bin_10.50_3.40","gamma_bin","vary_mean",10.5,FALSE,131,0.875312502934994,0.9460088548112,0.79,0.141145884687689,0.78,0.137740908475744,0.0706963518762065
"gamma_bin_10.50_3.40","gamma_bin","vary_mean",10.5,FALSE,132,0.875810644994376,0.945537204513247,0.8,0.140577020517705,0.81,0.137318672295081,0.0697265595188711
"gamma_bin_10.50_3.40","gamma_bin","vary_mean",10.5,FALSE,133,0.881891211117993,0.94651030764049,0.79,0.138730821649035,0.82,0.135647766848048,0.0646190965224972
"gamma_bin_10.50_3.40","gamma_bin","vary_mean",10.5,FALSE,134,0.894096753734329,0.948308299427203,0.81,0.135984894450922,0.84,0.1333361714304,0.0542115456928742
"gamma_bin_10.50_3.40","gamma_bin","vary_mean",10.5,FALSE,135,0.912538889585145,0.951212895100857,0.84,0.134227818680774,0.84,0.131320013466254,0.0386740055157125
"gamma_bin_10.50_3.40","gamma_bin","vary_mean",10.5,FALSE,136,0.935968580436848,0.954543493652218,0.88,0.133142616418565,0.87,0.130301061259656,0.0185749132153701
"gamma_bin_10.50_3.40","gamma_bin","vary_mean",10.5,FALSE,137,0.962748452443007,0.958214662748459,0.9,0.133847725834187,0.89,0.130886234758284,-0.00453378969454821
"gamma_bin_10.50_3.40","gamma_bin","vary_mean",10.5,FALSE,138,0.991058087015847,0.962267078715615,0.89,0.13680528447911,0.87,0.133432365539065,-0.0287910083002315
"gamma_bin_10.50_3.40","gamma_bin","vary_mean",10.5,FALSE,139,1.01894781256074,0.965869088003543,0.8,0.140135501441419,0.79,0.136843619123,-0.0530787245571973
"gamma_bin_10.50_3.40","gamma_bin","vary_mean",10.5,FALSE,140,1.04444932027992,0.968820612733062,0.75,0.143592968801212,0.73,0.140196101150424,-0.0756287075468579
"gamma_bin_10.50_3.40","gamma_bin","vary_mean",10.5,FALSE,141,1.0657059122687,0.971255996467686,0.66,0.145786382625868,0.63,0.142210124432268,-0.0944499158010141
"gamma_bin_10.50_3.40","gamma_bin","vary_mean",10.5,FALSE,142,1.0810929449843,0.972957337759669,0.64,0.1457548382259,0.59,0.142102153345906,-0.108135607224632
"gamma_bin_10.50_3.40","gamma_bin","vary_mean",10.5,FALSE,143,1.08930930531451,0.974048289540434,0.6,0.1438058880577,0.55,0.140248733745976,-0.115261015774076
"gamma_bin_10.50_3.40","gamma_bin","vary_mean",10.5,FALSE,144,1.08943317712892,0.974166339420883,0.57,0.141311863807526,0.57,0.138139009185824,-0.115266837708037
"gamma_bin_10.50_3.40","gamma_bin","vary_mean",10.5,FALSE,145,1.08148967301391,0.973365635720258,0.58,0.139170931179448,0.57,0.1360577978087,-0.108124037293652
"gamma_bin_10.50_3.40","gamma_bin","vary_mean",10.5,FALSE,146,1.067118056924,0.971846569342839,0.69,0.138450672571304,0.64,0.135174723828683,-0.0952714875811614
"gamma_bin_10.50_3.40","gamma_bin","vary_mean",10.5,FALSE,147,1.04828964020928,0.969852733636704,0.73,0.138954130492182,0.73,0.13573613001793,-0.0784369065725762
"gamma_bin_10.50_3.40","gamma_bin","vary_mean",10.5,FALSE,148,1.02693455801449,0.967146281295239,0.82,0.140671736324466,0.79,0.137669238274709,-0.0597882767192507
"gamma_bin_10.50_3.40","gamma_bin","vary_mean",10.5,FALSE,149,1.00477443375589,0.963825800032779,0.88,0.143080733246347,0.87,0.139812112266377,-0.0409486337231105
"gamma_bin_10.50_3.40","gamma_bin","vary_mean",10.5,FALSE,150,0.983222907766779,0.960498034713844,0.91,0.144522917932986,0.92,0.14098564046024,-0.0227248730529355
"gamma_bin_10.50_3.40","gamma_bin","vary_mean",10.5,FALSE,151,0.963363940769346,0.956589549216404,0.89,0.143835786258615,0.91,0.140025316834352,-0.00677439155294168
"gamma_bin_10.50_3.40","gamma_bin","vary_mean",10.5,FALSE,152,0.945985514931433,0.952164614369841,0.9,0.141184353223912,0.9,0.137569257037459,0.00617909943840789
"gamma_bin_10.50_3.40","gamma_bin","vary_mean",10.5,FALSE,153,0.931639698450479,0.947934952428241,0.89,0.138126257519165,0.89,0.134386132545097,0.0162952539777623
"gamma_bin_10.50_3.40","gamma_bin","vary_mean",10.5,FALSE,154,0.920706027513323,0.944034908866088,0.88,0.135307332114927,0.89,0.131843515349844,0.0233288813527652
"gamma_bin_10.50_3.40","gamma_bin","vary_mean",10.5,FALSE,155,0.913287949909382,0.940433057264876,0.87,0.134031102362733,0.87,0.13056245674216,0.0271451073554939
"gamma_bin_10.50_3.40","gamma_bin","vary_mean",10.5,FALSE,156,0.909118262499206,0.93769861847651,0.89,0.134347679708556,0.88,0.131159164976873,0.0285803559773036
"gamma_bin_10.50_3.40","gamma_bin","vary_mean",10.5,FALSE,157,0.90786599524967,0.935050503587491,0.89,0.135978785912518,0.9,0.132599389069665,0.0271845083378208
"gamma_bin_10.50_3.40","gamma_bin","vary_mean",10.5,FALSE,158,0.909191813449816,0.933080712449524,0.89,0.137990110126538,0.89,0.134601695360612,0.0238888989997083
"gamma_bin_10.50_3.40","gamma_bin","vary_mean",10.5,FALSE,159,0.9127706498954,0.931942250165045,0.88,0.139719733928583,0.89,0.13631473435532,0.0191716002696449
"gamma_bin_10.50_3.40","gamma_bin","vary_mean",10.5,FALSE,160,0.918310343562916,0.931458571913966,0.9,0.1400115076284,0.91,0.136751321692842,0.0131482283510497
"gamma_bin_10.50_3.40","gamma_bin","vary_mean",10.5,FALSE,161,0.925562601543549,0.932021884278606,0.92,0.138405657127484,0.91,0.134956894134053,0.00645928273505714
"gamma_bin_10.50_3.40","gamma_bin","vary_mean",10.5,FALSE,162,0.934326617511047,0.933737082219588,0.92,0.135908665271616,0.92,0.132664312302491,-0.000589535291458776
"gamma_bin_10.50_3.40","gamma_bin","vary_mean",10.5,FALSE,163,0.944447396594412,0.936360801169122,0.94,0.13354827457572,0.91,0.130270254053487,-0.00808659542529044
"gamma_bin_10.50_3.40","gamma_bin","vary_mean",10.5,FALSE,164,0.955808426255688,0.939819201069735,0.91,0.132262105458659,0.9,0.12884184535215,-0.0159892251859526
"gamma_bin_10.50_3.40","gamma_bin","vary_mean",10.5,FALSE,165,0.968171987055275,0.944420219998191,0.88,0.132831011439548,0.81,0.129341627556957,-0.0237517670570836
"gamma_bin_10.50_3.40","gamma_bin","vary_mean",10.5,FALSE,166,0.981075418082579,0.95000339932149,0.85,0.134897387408665,0.85,0.131413309405424,-0.0310720187610894
"gamma_bin_10.50_3.40","gamma_bin","vary_mean",10.5,FALSE,167,0.99403776313242,0.956406165586506,0.84,0.138276897202365,0.85,0.134655981048216,-0.0376315975459135
"gamma_bin_10.50_3.40","gamma_bin","vary_mean",10.5,FALSE,168,1.00658618871785,0.964079268142765,0.85,0.141962868457123,0.83,0.138394634981068,-0.0425069205750845
"gamma_bin_10.50_3.40","gamma_bin","vary_mean",10.5,FALSE,169,1.01827263962082,0.972841745628315,0.86,0.145051762932277,0.83,0.141408626222702,-0.0454308939925044
"gamma_bin_10.50_3.40","gamma_bin","vary_mean",10.5,FALSE,170,1.02869207421039,0.982697443915132,0.86,0.146776812346396,0.84,0.14316599960001,-0.0459946302952584
"gamma_bin_10.50_3.40","gamma_bin","vary_mean",10.5,FALSE,171,1.03749575970787,0.99366246904953,0.87,0.147853247153863,0.86,0.144057271997829,-0.04383329065834
"gamma_bin_10.50_3.40","gamma_bin","vary_mean",10.5,FALSE,172,1.04439766370686,1.00541302714756,0.87,0.148224260338447,0.87,0.144221936526309,-0.0389846365592976
"gamma_bin_10.50_3.40","gamma_bin","vary_mean",10.5,FALSE,173,1.04917474480308,1.01797600617285,0.88,0.149119205105842,0.87,0.145404319926249,-0.0311987386302286
"gamma_bin_10.50_3.40","gamma_bin","vary_mean",10.5,FALSE,174,1.05167598943045,1.03186438544165,0.88,0.151586421254707,0.87,0.147715557868746,-0.019811603988797
"gamma_bin_10.50_3.40","gamma_bin","vary_mean",10.5,FALSE,175,1.05228684352057,1.04689951411884,0.89,0.154922047255099,0.88,0.150663543098806,-0.00538732940172859
"gamma_bin_10.50_3.40","gamma_bin","vary_mean",10.5,FALSE,176,1.05205037229906,1.06275454224109,0.89,0.15875658337288,0.91,0.154456283817785,0.0107041699420343
"gamma_bin_10.50_3.40","gamma_bin","vary_mean",10.5,FALSE,177,1.05206304074467,1.0796365793225,0.89,0.161347162890213,0.89,0.157655513546622,0.0275735385778342
"gamma_bin_10.50_3.40","gamma_bin","vary_mean",10.5,FALSE,178,1.0533911428065,1.09750436644033,0.87,0.16299659158763,0.88,0.15986142799723,0.0441132236338289
"gamma_bin_10.50_3.40","gamma_bin","vary_mean",10.5,FALSE,179,1.05702523270082,1.11665959120167,0.83,0.16355425222663,0.83,0.160447919824463,0.0596343585008536
"gamma_bin_10.50_3.40","gamma_bin","vary_mean",10.5,FALSE,180,1.06385390304002,1.13643148734648,0.81,0.163155960404329,0.81,0.160205995724789,0.072577584306462
"gamma_bin_10.50_3.40","gamma_bin","vary_mean",10.5,FALSE,181,1.07466368846286,1.1567294472943,0.79,0.163232368959186,0.78,0.160191446709847,0.082065758831442
"gamma_bin_10.50_3.40","gamma_bin","vary_mean",10.5,FALSE,182,1.09015918537017,1.17707187258595,0.8,0.164729786050729,0.77,0.161413651393934,0.0869126872157824
"gamma_bin_10.50_3.40","gamma_bin","vary_mean",10.5,FALSE,183,1.11099415707904,1.19739036042471,0.83,0.168095410502739,0.82,0.164387215380994,0.086396203345666
"gamma_bin_10.50_3.40","gamma_bin","vary_mean",10.5,FALSE,184,1.13776253966062,1.21715762203798,0.86,0.172910073608593,0.85,0.169078877062135,0.0793950823773635
"gamma_bin_10.50_3.40","gamma_bin","vary_mean",10.5,FALSE,185,1.16994138910722,1.23543153096093,0.87,0.179052001914381,0.86,0.174844963175005,0.0654901418537126
"gamma_bin_10.50_3.40","gamma_bin","vary_mean",10.5,FALSE,186,1.20568067952197,1.25229275684722,0.89,0.18564217459776,0.89,0.180988025242368,0.0466120773252483
"gamma_bin_10.50_3.40","gamma_bin","vary_mean",10.5,FALSE,187,1.24280592689739,1.26796129648362,0.89,0.190600285625727,0.88,0.186321852528585,0.0251553695862325
"gamma_bin_10.50_3.40","gamma_bin","vary_mean",10.5,FALSE,188,1.27892507759421,1.2813520887844,0.91,0.193699153997889,0.91,0.189254605159283,0.00242701119019006
"gamma_bin_10.50_3.40","gamma_bin","vary_mean",10.5,FALSE,189,1.31157809299846,1.29224597576325,0.89,0.194086789612159,0.89,0.189566243539348,-0.0193321172352117
"gamma_bin_10.50_3.40","gamma_bin","vary_mean",10.5,FALSE,190,1.33842575739913,1.30081840869974,0.89,0.191873102265166,0.87,0.187465929257976,-0.0376073486993866
"gamma_bin_10.50_3.40","gamma_bin","vary_mean",10.5,FALSE,191,1.35742493987032,1.30675575102456,0.87,0.189973191995444,0.84,0.18527153508737,-0.0506691888457627
"gamma_bin_10.50_3.40","gamma_bin","vary_mean",10.5,FALSE,192,1.36695842059754,1.3100672270041,0.86,0.188207192298177,0.83,0.183390641955945,-0.0568911935934397
"gamma_bin_10.50_3.40","gamma_bin","vary_mean",10.5,FALSE,193,1.36590703303142,1.31020422462347,0.86,0.187365688450079,0.83,0.183186339807155,-0.0557028084079534
"gamma_bin_10.50_3.40","gamma_bin","vary_mean",10.5,FALSE,194,1.35374441935837,1.30742562434596,0.87,0.188131857695181,0.87,0.183863569090912,-0.0463187950124127
"gamma_bin_10.50_3.40","gamma_bin","vary_mean",10.5,FALSE,195,1.33179505256341,1.30216198960822,0.9,0.188916330497725,0.91,0.184397718740967,-0.0296330629551878
"gamma_bin_10.50_3.40","gamma_bin","vary_mean",10.5,FALSE,196,1.30282908300336,1.29455598253711,0.92,0.189197270929177,0.92,0.18453064885718,-0.00827310046625129
"gamma_bin_10.50_3.40","gamma_bin","vary_mean",10.5,FALSE,197,1.26962792749398,1.28445735974493,0.93,0.187148305148468,0.91,0.182966052273756,0.0148294322509548
"gamma_bin_10.50_3.40","gamma_bin","vary_mean",10.5,FALSE,198,1.23470197201586,1.27131618783843,0.9,0.182449106908743,0.91,0.178416064790659,0.0366142158225655
"gamma_bin_10.50_3.40","gamma_bin","vary_mean",10.5,FALSE,199,1.20012008532359,1.25660159568096,0.85,0.176034075554911,0.86,0.172148464458155,0.0564815103573739
"gamma_bin_10.50_3.40","gamma_bin","vary_mean",10.5,FALSE,200,1.16745324780638,1.24071761074399,0.8,0.170039482712895,0.82,0.166298201747706,0.0732643629376064
"gamma_bin_10.50_3.40","gamma_bin","vary_mean",10.5,FALSE,201,1.13781324493009,1.22415786928025,0.77,0.165115060628879,0.79,0.161635267270696,0.0863446243501642
"gamma_bin_10.50_3.40","gamma_bin","vary_mean",10.5,FALSE,202,1.11194114249594,1.20793492405384,0.73,0.162609305171804,0.74,0.158906962630454,0.0959937815579046
"gamma_bin_10.50_3.40","gamma_bin","vary_mean",10.5,FALSE,203,1.09030738318271,1.19239217402843,0.73,0.162153662800345,0.73,0.158144016979905,0.102084790845721
"gamma_bin_10.50_3.40","gamma_bin","vary_mean",10.5,FALSE,204,1.07317842503564,1.17822702835452,0.71,0.162966121235958,0.71,0.159209414132385,0.105048603318883
"gamma_bin_10.50_3.40","gamma_bin","vary_mean",10.5,FALSE,205,1.06040347302214,1.16513290059471,0.73,0.16434529155512,0.69,0.160605465571243,0.104729427572571
"gamma_bin_10.50_3.40","gamma_bin","vary_mean",10.5,FALSE,206,1.05156904168052,1.15375766901852,0.72,0.165048387069614,0.71,0.161226002258375,0.102188627338
"gamma_bin_10.50_3.40","gamma_bin","vary_mean",10.5,FALSE,207,1.04624950999474,1.14429017089399,0.73,0.16419861616368,0.77,0.160561273510609,0.0980406608992512
"gamma_bin_10.50_3.40","gamma_bin","vary_mean",10.5,FALSE,208,1.04403704329192,1.13724163778763,0.73,0.162167499260327,0.74,0.158863714080845,0.0932045944957056
"gamma_bin_10.50_3.40","gamma_bin","vary_mean",10.5,FALSE,209,1.0445651521307,1.13248316003994,0.76,0.159506184153102,0.76,0.15633446541936,0.0879180079092374
"gamma_bin_10.50_3.40","gamma_bin","vary_mean",10.5,FALSE,210,1.04752392002038,1.12984932383018,0.79,0.157937365222327,0.76,0.154688971611645,0.0823254038097965
"gamma_bin_10.50_3.40","gamma_bin","vary_mean",10.5,FALSE,211,1.05266551803821,1.12972622876905,0.81,0.157920087577111,0.81,0.154177116999239,0.0770607107308445
"gamma_bin_10.50_3.40","gamma_bin","vary_mean",10.5,FALSE,212,1.0598023103751,1.13265758142192,0.82,0.159221455085796,0.82,0.155531305749235,0.0728552710468187
"gamma_bin_10.50_3.40","gamma_bin","vary_mean",10.5,FALSE,213,1.06880062573221,1.13858756432903,0.82,0.161728834841554,0.82,0.158175880628399,0.0697869385968173
"gamma_bin_10.50_3.40","gamma_bin","vary_mean",10.5,FALSE,214,1.0795784696348,1.14771077232045,0.82,0.164836596094872,0.82,0.161337410605192,0.0681323026856504
"gamma_bin_10.50_3.40","gamma_bin","vary_mean",10.5,FALSE,215,1.09215111452811,1.15960628356629,0.83,0.167896937409574,0.81,0.164312951802936,0.067455169038176
"gamma_bin_10.50_3.40","gamma_bin","vary_mean",10.5,FALSE,216,1.10660255202503,1.17514272793026,0.8,0.170120105116919,0.8,0.166132577873422,0.0685401759052258
"gamma_bin_10.50_3.40","gamma_bin","vary_mean",10.5,FALSE,217,1.1230463183655,1.19349637681802,0.8,0.170573906955387,0.81,0.167061574105468,0.0704500584525154
"gamma_bin_10.50_3.40","gamma_bin","vary_mean",10.5,FALSE,218,1.14161803384419,1.21461840359256,0.83,0.170688369989841,0.81,0.166979530323655,0.0730003697483665
"gamma_bin_10.50_3.40","gamma_bin","vary_mean",10.5,FALSE,219,1.16246850453014,1.23831639242201,0.83,0.170699197717673,0.83,0.16664939621537,0.0758478878918651
"gamma_bin_10.50_3.40","gamma_bin","vary_mean",10.5,FALSE,220,1.18575867786174,1.26318506542643,0.77,0.171728983258375,0.78,0.167627066215077,0.077426387564693
"gamma_bin_10.50_3.40","gamma_bin","vary_mean",10.5,FALSE,221,1.21165701983639,1.29017416338113,0.78,0.174911170399258,0.81,0.171016128813993,0.0785171435447394
"gamma_bin_10.50_3.40","gamma_bin","vary_mean",10.5,FALSE,222,1.24033898455105,1.31833481758095,0.81,0.180974140047567,0.82,0.176990966881464,0.0779958330298951
"gamma_bin_10.50_3.40","gamma_bin","vary_mean",10.5,FALSE,223,1.27198794287079,1.34745270663267,0.82,0.18773895386836,0.85,0.183313725095917,0.0754647637618766
"gamma_bin_10.50_3.40","gamma_bin","vary_mean",10.5,FALSE,224,1.30666523446541,1.37670365060763,0.83,0.194821296563906,0.87,0.189538584641417,0.0700384161422158
"gamma_bin_10.50_3.40","gamma_bin","vary_mean",10.5,FALSE,225,1.3433530482977,1.40612486962303,0.85,0.199026071975803,0.87,0.194408330615055,0.0627718213253305
"gamma_bin_10.50_3.40","gamma_bin","vary_mean",10.5,FALSE,226,1.38038171186225,1.43518781043437,0.87,0.201381270202902,0.88,0.197334622775092,0.054806098572119
"gamma_bin_10.50_3.40","gamma_bin","vary_mean",10.5,FALSE,227,1.41592160258673,1.46323020576812,0.89,0.201639668538057,0.9,0.197729598088078,0.047308603181387
"gamma_bin_10.50_3.40","gamma_bin","vary_mean",10.5,FALSE,228,1.44808142918806,1.48937015347516,0.88,0.200866929483798,0.86,0.196579199709325,0.0412887242871045
"gamma_bin_10.50_3.40","gamma_bin","vary_mean",10.5,FALSE,229,1.47504730588812,1.51367472696077,0.86,0.201515515540238,0.84,0.197007381216032,0.0386274210726476
"gamma_bin_10.50_3.40","gamma_bin","vary_mean",10.5,FALSE,230,1.49521587906308,1.53516023418779,0.85,0.204444238833675,0.84,0.199543404546363,0.0399443551247101
"gamma_bin_10.50_3.40","gamma_bin","vary_mean",10.5,FALSE,231,1.50729103953841,1.55328513889914,0.85,0.209681197304655,0.84,0.204602395027295,0.0459940993607255
"gamma_bin_10.50_3.40","gamma_bin","vary_mean",10.5,FALSE,232,1.51033534857617,1.56710756049751,0.82,0.216810959194029,0.87,0.211394489100306,0.0567722119213434
"gamma_bin_10.50_3.40","gamma_bin","vary_mean",10.5,FALSE,233,1.50378097074586,1.57607572402883,0.84,0.223453143554113,0.87,0.217689879977262,0.0722947532829656
"gamma_bin_10.50_3.40","gamma_bin","vary_mean",10.5,FALSE,234,1.48764960471254,1.58026888307909,0.84,0.226874368955315,0.82,0.221625408269269,0.0926192783665478
"gamma_bin_10.50_3.40","gamma_bin","vary_mean",10.5,FALSE,235,1.46373241708909,1.57983688819118,0.77,0.226710276265813,0.78,0.221586073015538,0.116104471102087
"gamma_bin_10.50_3.40","gamma_bin","vary_mean",10.5,FALSE,236,1.43448143272486,1.57526151726384,0.68,0.223431667792238,0.73,0.217984597319843,0.140780084538983
"gamma_bin_10.50_3.40","gamma_bin","vary_mean",10.5,FALSE,237,1.40223769952072,1.56692148009161,0.6,0.217439669757308,0.63,0.212711081581755,0.164683780570888
"gamma_bin_10.50_3.40","gamma_bin","vary_mean",10.5,FALSE,238,1.36905513115977,1.55542172861035,0.47,0.211407433330799,0.51,0.206916143989563,0.186366597450582
"gamma_bin_10.50_3.40","gamma_bin","vary_mean",10.5,FALSE,239,1.33659069308879,1.54196692906773,0.42,0.207847768954725,0.45,0.202638457961428,0.205376235978935
"gamma_bin_10.50_3.40","gamma_bin","vary_mean",10.5,FALSE,240,1.30608415861083,1.52621186343644,0.36,0.2066037805873,0.4,0.201280187038354,0.220127704825615
"gamma_bin_10.50_3.40","gamma_bin","vary_mean",10.5,FALSE,241,1.27840456713347,1.50913711206887,0.36,0.207124856341014,0.38,0.201709713415545,0.230732544935397
"gamma_bin_10.50_3.40","gamma_bin","vary_mean",10.5,FALSE,242,1.25412742548082,1.49075888572562,0.34,0.209038779306555,0.38,0.204027320751297,0.236631460244798
"gamma_bin_10.50_3.40","gamma_bin","vary_mean",10.5,FALSE,243,1.23361554311767,1.4713111871055,0.35,0.211081230381167,0.38,0.206206611152585,0.237695643987828
"gamma_bin_10.50_3.40","gamma_bin","vary_mean",10.5,FALSE,244,1.21706403589592,1.45100938396072,0.37,0.211542910937882,0.38,0.206374887174659,0.233945348064805
"gamma_bin_10.50_3.40","gamma_bin","vary_mean",10.5,FALSE,245,1.20445667363505,1.43100281722631,0.39,0.211501068797703,0.41,0.206555288311531,0.226546143591257
"gamma_bin_10.50_3.40","gamma_bin","vary_mean",10.5,FALSE,246,1.19569657050359,1.41162671578666,0.47,0.214075484763029,0.47,0.209335491685712,0.215930145283074
"gamma_bin_10.50_3.40","gamma_bin","vary_mean",10.5,FALSE,247,1.19067334691389,1.39271338934748,0.53,0.222405679362712,0.55,0.217067369406282,0.202040042433586
"gamma_bin_10.50_3.40","gamma_bin","vary_mean",10.5,FALSE,248,1.1892846905786,1.37555722744537,0.58,0.235941004234577,0.61,0.230021244611697,0.186272536866767
"gamma_bin_10.50_3.40","gamma_bin","vary_mean",10.5,FALSE,249,1.1914521017446,1.3588893333371,0.66,0.255151322826266,0.69,0.247981051868962,0.167437231592496
"gamma_bin_10.50_3.40","gamma_bin","vary_mean",10.5,FALSE,250,1.19713021020468,1.34401223225692,0.79,0.279193564346988,0.81,0.270539271686742,0.146882022052238
"gamma_bin_10.50_3.40","gamma_bin","vary_mean",10.5,FALSE,251,1.20631090184647,1.32981749976105,0.84,0.306294672169247,0.89,0.295931366494592,0.123506597914585
"gamma_bin_10.50_3.40","gamma_bin","vary_mean",10.5,FALSE,252,1.21902415582724,1.31702665031347,0.96,0.335128596368253,0.97,0.32399153227448,0.0980024944862328
"gamma_bin_10.50_3.40","gamma_bin","vary_mean",10.5,FALSE,253,1.23533724681924,1.30594992637509,0.98,0.366340714391997,1,0.35346329679031,0.0706126795558528
"gamma_bin_12.00_3.40","gamma_bin","vary_mean",12,FALSE,2,6.47633271060018,NA,NA,NA,NA,NA,NA
"gamma_bin_12.00_3.40","gamma_bin","vary_mean",12,FALSE,3,5.39748004467528,NA,NA,NA,NA,NA,NA
"gamma_bin_12.00_3.40","gamma_bin","vary_mean",12,FALSE,4,4.52153259075373,NA,NA,NA,NA,NA,NA
"gamma_bin_12.00_3.40","gamma_bin","vary_mean",12,FALSE,5,3.81075688710478,NA,NA,NA,NA,NA,NA
"gamma_bin_12.00_3.40","gamma_bin","vary_mean",12,FALSE,6,3.23384975678135,NA,NA,NA,NA,NA,NA
"gamma_bin_12.00_3.40","gamma_bin","vary_mean",12,FALSE,7,2.76512519694591,NA,NA,NA,NA,NA,NA
"gamma_bin_12.00_3.40","gamma_bin","vary_mean",12,FALSE,8,2.38350063829982,NA,NA,NA,NA,NA,NA
"gamma_bin_12.00_3.40","gamma_bin","vary_mean",12,FALSE,9,2.07220990816182,NA,NA,NA,NA,NA,NA
"gamma_bin_12.00_3.40","gamma_bin","vary_mean",12,FALSE,10,1.8180094782711,4.40176088610595,0,0.99254372510083,0,0.96587199676329,2.58375140783485
"gamma_bin_12.00_3.40","gamma_bin","vary_mean",12,FALSE,11,1.61045019265924,3.04247986253687,0,0.701485903224551,0,0.682982081397378,1.43202966987763
"gamma_bin_12.00_3.40","gamma_bin","vary_mean",12,FALSE,12,1.44129331371926,2.27324359123002,0.01,0.520878572371468,0.01,0.50671184884211,0.831950277510765
"gamma_bin_12.00_3.40","gamma_bin","vary_mean",12,FALSE,13,1.30405110997497,1.82477010082704,0.14,0.408390784888207,0.16,0.398000772853291,0.520718990852066
"gamma_bin_12.00_3.40","gamma_bin","vary_mean",12,FALSE,14,1.1936337473603,1.54770252130803,0.31,0.33523493656583,0.34,0.327161328844755,0.35406877394773
"gamma_bin_12.00_3.40","gamma_bin","vary_mean",12,FALSE,15,1.10608275580624,1.36814438959666,0.51,0.284860986324737,0.51,0.278186512181591,0.262061633790423
"gamma_bin_12.00_3.40","gamma_bin","vary_mean",12,FALSE,16,1.03836845094092,1.24730966976175,0.56,0.249191038964131,0.59,0.243015227584163,0.208941218820827
"gamma_bin_12.00_3.40","gamma_bin","vary_mean",12,FALSE,17,0.987514418464918,1.16331498028186,0.62,0.222676660075964,0.61,0.217281192424896,0.175800561816946
"gamma_bin_12.00_3.40","gamma_bin","vary_mean",12,FALSE,18,0.94985341422689,1.10265202114682,0.64,0.202741907449995,0.64,0.198081930965704,0.152798606919931
"gamma_bin_12.00_3.40","gamma_bin","vary_mean",12,FALSE,19,0.922342058412537,1.05672883018481,0.65,0.187670230163973,0.65,0.183027542029855,0.13438677177227
"gamma_bin_12.00_3.40","gamma_bin","vary_mean",12,FALSE,20,0.902533145800087,1.01980437585768,0.69,0.174691759591097,0.71,0.170395568050169,0.117271230057597
"gamma_bin_12.00_3.40","gamma_bin","vary_mean",12,FALSE,21,0.888443579660898,0.988696266947747,0.73,0.163225157267403,0.74,0.159497485905745,0.100252687286849
"gamma_bin_12.00_3.40","gamma_bin","vary_mean",12,FALSE,22,0.878474950045775,0.961145079850058,0.75,0.15308107107432,0.76,0.149622199813662,0.0826701298042828
"gamma_bin_12.00_3.40","gamma_bin","vary_mean",12,FALSE,23,0.871353706634507,0.935026833483126,0.81,0.14436950645937,0.78,0.141221638800528,0.0636731268486188
"gamma_bin_12.00_3.40","gamma_bin","vary_mean",12,FALSE,24,0.866079695774009,0.909858894063844,0.87,0.137266313203811,0.84,0.133940791305107,0.0437791982898346
"gamma_bin_12.00_3.40","gamma_bin","vary_mean",12,FALSE,25,0.861880113955128,0.885845830832275,0.87,0.131778083444726,0.88,0.128539110305854,0.023965716877147
"gamma_bin_12.00_3.40","gamma_bin","vary_mean",12,FALSE,26,0.858167576978305,0.862530250644669,0.89,0.128023241744106,0.9,0.12496268660268,0.00436267366636378
"gamma_bin_12.00_3.40","gamma_bin","vary_mean",12,FALSE,27,0.854446587171991,0.839675343122016,0.92,0.125352164866962,0.92,0.122029735510556,-0.0147712440499752
"gamma_bin_12.00_3.40","gamma_bin","vary_mean",12,FALSE,28,0.850242530612154,0.817052741502787,0.85,0.123178894927209,0.83,0.12005526974968,-0.0331897891093672
"gamma_bin_12.00_3.40","gamma_bin","vary_mean",12,FALSE,29,0.845168044117022,0.794687644524454,0.81,0.1205948758657,0.77,0.117659195086109,-0.0504803995925677
"gamma_bin_12.00_3.40","gamma_bin","vary_mean",12,FALSE,30,0.838916821827613,0.773077912193384,0.73,0.117178814914049,0.72,0.114294593997738,-0.0658389096342287
"gamma_bin_12.00_3.40","gamma_bin","vary_mean",12,FALSE,31,0.83125458603177,0.752095300877381,0.65,0.113016770123413,0.65,0.110576455472347,-0.0791592851543889
"gamma_bin_12.00_3.40","gamma_bin","vary_mean",12,FALSE,32,0.822012955905288,0.731959498753844,0.63,0.109300251499555,0.6,0.107069250568891,-0.0900534571514444
"gamma_bin_12.00_3.40","gamma_bin","vary_mean",12,FALSE,33,0.811083441801087,0.712182055207302,0.57,0.106046031008014,0.52,0.103888145724711,-0.0989013865937853
"gamma_bin_12.00_3.40","gamma_bin","vary_mean",12,FALSE,34,0.798410706391415,0.693095477936541,0.51,0.103369988251656,0.48,0.101383499316953,-0.105315228454874
"gamma_bin_12.00_3.40","gamma_bin","vary_mean",12,FALSE,35,0.783985284249482,0.674466208680838,0.48,0.101946543084782,0.46,0.0996846991731328,-0.109519075568644
"gamma_bin_12.00_3.40","gamma_bin","vary_mean",12,FALSE,36,0.767842249776292,0.656442611710983,0.48,0.100693489358338,0.45,0.0983482645390782,-0.111399638065309
"gamma_bin_12.00_3.40","gamma_bin","vary_mean",12,FALSE,37,0.750320099865667,0.639228049488022,0.49,0.0997736609008465,0.45,0.0974654969705761,-0.111092050377644
"gamma_bin_12.00_3.40","gamma_bin","vary_mean",12,FALSE,38,0.732127511283489,0.622886992400467,0.47,0.098321054503176,0.46,0.0960233514448681,-0.109240518883022
"gamma_bin_12.00_3.40","gamma_bin","vary_mean",12,FALSE,39,0.713945546467747,0.607260894928209,0.49,0.0959604115366708,0.44,0.0937044238901846,-0.106684651539538
"gamma_bin_12.00_3.40","gamma_bin","vary_mean",12,FALSE,40,0.696377644387645,0.59207038292956,0.49,0.092575223783856,0.43,0.0902952489573084,-0.104307261458085
"gamma_bin_12.00_3.40","gamma_bin","vary_mean",12,FALSE,41,0.679931575981829,0.577694479152256,0.49,0.0888211946047491,0.45,0.0866347082612824,-0.102237096829573
"gamma_bin_12.00_3.40","gamma_bin","vary_mean",12,FALSE,42,0.665012401557135,0.564043474391871,0.44,0.085619574610122,0.4,0.0832057943875766,-0.100968927165264
"gamma_bin_12.00_3.40","gamma_bin","vary_mean",12,FALSE,43,0.65192842067752,0.551427762853159,0.43,0.0827314218328318,0.38,0.0804833994967648,-0.100500657824361
"gamma_bin_12.00_3.40","gamma_bin","vary_mean",12,FALSE,44,0.640906266957601,0.540217018070988,0.41,0.0812580251906448,0.35,0.0790176328581206,-0.100689248886613
"gamma_bin_12.00_3.40","gamma_bin","vary_mean",12,FALSE,45,0.632110069284813,0.530306596639686,0.36,0.0803369289202873,0.35,0.0782916898042238,-0.101803472645127
"gamma_bin_12.00_3.40","gamma_bin","vary_mean",12,FALSE,46,0.625656360123327,0.521610650116965,0.35,0.0797325749118585,0.32,0.077949183948227,-0.104045710006362
"gamma_bin_12.00_3.40","gamma_bin","vary_mean",12,FALSE,47,0.621502273809677,0.514221053418926,0.36,0.0791487343616555,0.3,0.0774615276925743,-0.107281220390751
"gamma_bin_12.00_3.40","gamma_bin","vary_mean",12,FALSE,48,0.619441171957512,0.508179698833483,0.33,0.0782908290751035,0.29,0.0766889322066594,-0.111261473124029
"gamma_bin_12.00_3.40","gamma_bin","vary_mean",12,FALSE,49,0.619256488578844,0.503445828175927,0.31,0.0769499298692751,0.28,0.0752802672340079,-0.115810660402917
"gamma_bin_12.00_3.40","gamma_bin","vary_mean",12,FALSE,50,0.620736004042686,0.500001487498169,0.24,0.0755525990393396,0.22,0.073668329471061,-0.120734516544517
"gamma_bin_12.00_3.40","gamma_bin","vary_mean",12,FALSE,51,0.623679916186844,0.497903280007476,0.19,0.0744330391892518,0.14,0.0725822961214487,-0.125776636179368
"gamma_bin_12.00_3.40","gamma_bin","vary_mean",12,FALSE,52,0.627908213332621,0.496959802971931,0.17,0.0736192924513732,0.14,0.0719219700549269,-0.13094841036069
"gamma_bin_12.00_3.40","gamma_bin","vary_mean",12,FALSE,53,0.633265384812971,0.497072228938518,0.14,0.0736543982040885,0.1,0.0720616673875529,-0.136193155874453
"gamma_bin_12.00_3.40","gamma_bin","vary_mean",12,FALSE,54,0.639622221613428,0.498341108618912,0.11,0.0742846693645304,0.07,0.072693764506212,-0.141281112994516
"gamma_bin_12.00_3.40","gamma_bin","vary_mean",12,FALSE,55,0.646875295241765,0.500875141080293,0.11,0.0755372069737497,0.12,0.0737744288560171,-0.146000154161472
"gamma_bin_12.00_3.40","gamma_bin","vary_mean",12,FALSE,56,0.654940797889892,0.504422405943865,0.11,0.077013730020586,0.1,0.0753027214160789,-0.150518391946027
"gamma_bin_12.00_3.40","gamma_bin","vary_mean",12,FALSE,57,0.663667548235467,0.508804751973523,0.12,0.0786417783117793,0.08,0.0766557810212217,-0.154862796261944
"gamma_bin_12.00_3.40","gamma_bin","vary_mean",12,FALSE,58,0.67283196893338,0.514222481811719,0.08,0.0796843027346944,0.06,0.0776117958663645,-0.158609487121661
"gamma_bin_12.00_3.40","gamma_bin","vary_mean",12,FALSE,59,0.682212593504884,0.520493146004847,0.07,0.0801767124006935,0.06,0.0781487809705058,-0.161719447500037
"gamma_bin_12.00_3.40","gamma_bin","vary_mean",12,FALSE,60,0.691594549334227,0.527338192530599,0.08,0.0807313658404459,0.06,0.0786750435508449,-0.164256356803628
"gamma_bin_12.00_3.40","gamma_bin","vary_mean",12,FALSE,61,0.700774343176902,0.534833000357925,0.06,0.081642120587953,0.06,0.0796090408681571,-0.165941342818977
"gamma_bin_12.00_3.40","gamma_bin","vary_mean",12,FALSE,62,0.709565411363515,0.542888317305068,0.06,0.0831875799874747,0.05,0.0811919334415578,-0.166677094058447
"gamma_bin_12.00_3.40","gamma_bin","vary_mean",12,FALSE,63,0.717802382251417,0.551270987477172,0.07,0.0854956192050652,0.05,0.0833425647105127,-0.166531394774245
"gamma_bin_12.00_3.40","gamma_bin","vary_mean",12,FALSE,64,0.725343303375917,0.560006591640901,0.07,0.0881682916098114,0.07,0.0861722469533935,-0.165336711735016
"gamma_bin_12.00_3.40","gamma_bin","vary_mean",12,FALSE,65,0.732069930484564,0.569069975726759,0.08,0.0910045966484156,0.07,0.0891536376505967,-0.162999954757805
"gamma_bin_12.00_3.40","gamma_bin","vary_mean",12,FALSE,66,0.737895666769886,0.578448170407573,0.14,0.0934350515355444,0.13,0.0917843436311093,-0.159447496362313
"gamma_bin_12.00_3.40","gamma_bin","vary_mean",12,FALSE,67,0.742895958587221,0.587847816090698,0.19,0.0950139735286715,0.16,0.0932541275984701,-0.155048142496523
"gamma_bin_12.00_3.40","gamma_bin","vary_mean",12,FALSE,68,0.747278763319657,0.597366084644933,0.22,0.0957192868335332,0.2,0.0937326778221703,-0.149912678674724
"gamma_bin_12.00_3.40","gamma_bin","vary_mean",12,FALSE,69,0.751271373438236,0.606937029081211,0.23,0.095835887275413,0.23,0.093670155558931,-0.144334344357025
"gamma_bin_12.00_3.40","gamma_bin","vary_mean",12,FALSE,70,0.755105697598796,0.616572551752614,0.24,0.0959145014546194,0.25,0.093688471155843,-0.138533145846182
"gamma_bin_12.00_3.40","gamma_bin","vary_mean",12,FALSE,71,0.759004827658807,0.626353084183017,0.28,0.0968905623871626,0.26,0.094557837910503,-0.132651743475789
"gamma_bin_12.00_3.40","gamma_bin","vary_mean",12,FALSE,72,0.76317231106088,0.635981918513656,0.32,0.0987842284133458,0.28,0.0959823380899058,-0.127190392547224
"gamma_bin_12.00_3.40","gamma_bin","vary_mean",12,FALSE,73,0.767786202417761,0.645524319304767,0.39,0.100847664648865,0.35,0.0981083957635141,-0.122261883112994
"gamma_bin_12.00_3.40","gamma_bin","vary_mean",12,FALSE,74,0.772997638290372,0.654878013312193,0.41,0.103182330358628,0.38,0.10051186358383,-0.118119624978179
"gamma_bin_12.00_3.40","gamma_bin","vary_mean",12,FALSE,75,0.77893263784533,0.663826144180083,0.44,0.105321375265529,0.42,0.102662119173319,-0.115106493665247
"gamma_bin_12.00_3.40","gamma_bin","vary_mean",12,FALSE,76,0.78568141824908,0.672527742126584,0.47,0.106737862828407,0.47,0.104384068562402,-0.113153676122496
"gamma_bin_12.00_3.40","gamma_bin","vary_mean",12,FALSE,77,0.793148670755028,0.681082303295791,0.52,0.107753246960304,0.49,0.105190110027123,-0.112066367459237
"gamma_bin_12.00_3.40","gamma_bin","vary_mean",12,FALSE,78,0.801109464577554,0.689307702160106,0.51,0.10766311787388,0.46,0.105260823160133,-0.111801762417448
"gamma_bin_12.00_3.40","gamma_bin","vary_mean",12,FALSE,79,0.809317687520099,0.697442673808233,0.5,0.107438375058484,0.47,0.105105960796184,-0.111875013711866
"gamma_bin_12.00_3.40","gamma_bin","vary_mean",12,FALSE,80,0.817518562189946,0.704980907274218,0.52,0.10758152238492,0.44,0.105328995048826,-0.112537654915728
"gamma_bin_12.00_3.40","gamma_bin","vary_mean",12,FALSE,81,0.825462916255739,0.712457792151167,0.54,0.108268628919131,0.43,0.105992407319381,-0.113005124104572
"gamma_bin_12.00_3.40","gamma_bin","vary_mean",12,FALSE,82,0.832920079463184,0.719561094783869,0.55,0.110366393565225,0.51,0.107813219390753,-0.113358984679315
"gamma_bin_12.00_3.40","gamma_bin","vary_mean",12,FALSE,83,0.83968668789734,0.726037685255865,0.54,0.113326760096349,0.51,0.110418795786823,-0.113649002641475
"gamma_bin_12.00_3.40","gamma_bin","vary_mean",12,FALSE,84,0.845591000049052,0.732391693202189,0.57,0.116055837802951,0.49,0.113273666073013,-0.113199306846863
"gamma_bin_12.00_3.40","gamma_bin","vary_mean",12,FALSE,85,0.850493536894317,0.738425630241175,0.55,0.118140256379402,0.51,0.115358294152186,-0.112067906653142
"gamma_bin_12.00_3.40","gamma_bin","vary_mean",12,FALSE,86,0.854297533108007,0.744296427180024,0.6,0.118999292090924,0.53,0.115960661153831,-0.110001105927983
"gamma_bin_12.00_3.40","gamma_bin","vary_mean",12,FALSE,87,0.857044342489846,0.749675552489153,0.6,0.118947642587004,0.53,0.115965818547135,-0.107368790000693
"gamma_bin_12.00_3.40","gamma_bin","vary_mean",12,FALSE,88,0.858857822167393,0.754921140568332,0.58,0.118674838683709,0.55,0.115759354025633,-0.103936681599061
"gamma_bin_12.00_3.40","gamma_bin","vary_mean",12,FALSE,89,0.859878747666928,0.759760428890069,0.62,0.118368951744869,0.6,0.11576450217678,-0.100118318776859
"gamma_bin_12.00_3.40","gamma_bin","vary_mean",12,FALSE,90,0.86025311141159,0.764075482405593,0.65,0.119064946212293,0.61,0.116327890991388,-0.0961776290059975
"gamma_bin_12.00_3.40","gamma_bin","vary_mean",12,FALSE,91,0.860120701023208,0.768259739306078,0.65,0.120517879651238,0.63,0.117540507246207,-0.0918609617171298
"gamma_bin_12.00_3.40","gamma_bin","vary_mean",12,FALSE,92,0.859606619529194,0.772396108478726,0.67,0.122402702644634,0.63,0.11909185868412,-0.0872105110504685
"gamma_bin_12.00_3.40","gamma_bin","vary_mean",12,FALSE,93,0.8588168361623,0.776751969813633,0.66,0.124349902271441,0.65,0.121049871344398,-0.0820648663486672
"gamma_bin_12.00_3.40","gamma_bin","vary_mean",12,FALSE,94,0.857837212377275,0.78152467212651,0.72,0.126420973831583,0.68,0.12279123982485,-0.0763125402507644
"gamma_bin_12.00_3.40","gamma_bin","vary_mean",12,FALSE,95,0.856734852284735,0.786515136690472,0.76,0.127311513044865,0.72,0.123913382810727,-0.0702197155942627
"gamma_bin_12.00_3.40","gamma_bin","vary_mean",12,FALSE,96,0.855586935925609,0.791591949526104,0.76,0.12777015574124,0.73,0.123998912089404,-0.0639949863995046
"gamma_bin_12.00_3.40","gamma_bin","vary_mean",12,FALSE,97,0.854642173312711,0.79681054309678,0.75,0.127541566883662,0.72,0.123812102573294,-0.0578316302159311
"gamma_bin_12.00_3.40","gamma_bin","vary_mean",12,FALSE,98,0.854216899337268,0.802377761418335,0.76,0.127325028337098,0.74,0.123714680026916,-0.0518391379189331
"gamma_bin_12.00_3.40","gamma_bin","vary_mean",12,FALSE,99,0.854615196085733,0.808287214936514,0.77,0.127559515973952,0.73,0.124087795938496,-0.0463279811492185
"gamma_bin_12.00_3.40","gamma_bin","vary_mean",12,FALSE,100,0.856123392287051,0.814805703233467,0.78,0.128350112721473,0.76,0.125112268239914,-0.0413176890535837
"gamma_bin_12.00_3.40","gamma_bin","vary_mean",12,FALSE,101,0.859003725920451,0.821742347927823,0.76,0.130584522059833,0.73,0.127224333292527,-0.0372613779926285
"gamma_bin_12.00_3.40","gamma_bin","vary_mean",12,FALSE,102,0.863491057515902,0.829388684508585,0.8,0.133276061285722,0.78,0.130273861217646,-0.0341023730073167
"gamma_bin_12.00_3.40","gamma_bin","vary_mean",12,FALSE,103,0.869793786137492,0.837799624478961,0.84,0.135951134094887,0.78,0.132820965915699,-0.0319941616585311
"gamma_bin_12.00_3.40","gamma_bin","vary_mean",12,FALSE,104,0.878098070350996,0.846945334875397,0.82,0.137820208375069,0.79,0.134748657926185,-0.0311527354755989
"gamma_bin_12.00_3.40","gamma_bin","vary_mean",12,FALSE,105,0.888573897619543,0.856552114174584,0.81,0.139293892957656,0.81,0.135667794966424,-0.0320217834449585
"gamma_bin_12.00_3.40","gamma_bin","vary_mean",12,FALSE,106,0.901301658370892,0.867166393388625,0.8,0.139782200027026,0.79,0.13625479774784,-0.0341352649822668
"gamma_bin_12.00_3.40","gamma_bin","vary_mean",12,FALSE,107,0.915897849763235,0.877995766104859,0.82,0.140062253817677,0.8,0.136593362574249,-0.0379020836583758
"gamma_bin_12.00_3.40","gamma_bin","vary_mean",12,FALSE,108,0.931781890770312,0.889025559265392,0.79,0.140742723142397,0.77,0.136901652447909,-0.0427563315049202
"gamma_bin_12.00_3.40","gamma_bin","vary_mean",12,FALSE,109,0.964908287444313,0.900308001586683,0.73,0.142317343645918,0.72,0.138635066118961,-0.0646002858576304
"gamma_bin_12.00_3.40","gamma_bin","vary_mean",12,FALSE,110,0.980887218164916,0.912091863035376,0.7,0.144627834055204,0.7,0.141082574640013,-0.0687953551295399
"gamma_bin_12.00_3.40","gamma_bin","vary_mean",12,FALSE,111,0.995692213942587,0.923373114551328,0.74,0.148451498697502,0.67,0.144696667663869,-0.0723190993912594
"gamma_bin_12.00_3.40","gamma_bin","vary_mean",12,FALSE,112,1.00881666031265,0.933971315627021,0.72,0.151675644609958,0.71,0.147955973489266,-0.0748453446856286
"gamma_bin_12.00_3.40","gamma_bin","vary_mean",12,FALSE,113,1.01983605940048,0.943299958344828,0.75,0.153770562037801,0.72,0.149918583353563,-0.0765361010556525
"gamma_bin_12.00_3.40","gamma_bin","vary_mean",12,FALSE,114,1.02841129997895,0.951304812624486,0.74,0.153993165803403,0.72,0.150603583534725,-0.077106487354464
"gamma_bin_12.00_3.40","gamma_bin","vary_mean",12,FALSE,115,1.03430371035801,0.957917101828568,0.76,0.153049603542089,0.73,0.149680061101802,-0.0763866085294422
"gamma_bin_12.00_3.40","gamma_bin","vary_mean",12,FALSE,116,1.03743175161603,0.963562416893583,0.76,0.151410344838139,0.73,0.148348288997896,-0.0738693347224468
"gamma_bin_12.00_3.40","gamma_bin","vary_mean",12,FALSE,117,1.0378022122009,0.967563055671267,0.77,0.149953753593418,0.71,0.146959728417952,-0.0702391565296331
"gamma_bin_12.00_3.40","gamma_bin","vary_mean",12,FALSE,118,1.03547276308025,0.970329410702206,0.79,0.149741437980205,0.73,0.146189724948933,-0.0651433523780444
"gamma_bin_12.00_3.40","gamma_bin","vary_mean",12,FALSE,119,1.03053550780697,0.971877760571577,0.81,0.149732247060572,0.78,0.146615342164296,-0.0586577472353932
"gamma_bin_12.00_3.40","gamma_bin","vary_mean",12,FALSE,120,1.02310221069091,0.972330695432202,0.84,0.151139154198195,0.81,0.147870279630047,-0.0507715152587082
"gamma_bin_12.00_3.40","gamma_bin","vary_mean",12,FALSE,121,1.01329357541095,0.971775755639966,0.87,0.153318249587851,0.86,0.149544922691942,-0.041517819770984
"gamma_bin_12.00_3.40","gamma_bin","vary_mean",12,FALSE,122,1.00123289414715,0.970170773124835,0.87,0.154673292545906,0.87,0.150840616216029,-0.0310621210223151
"gamma_bin_12.00_3.40","gamma_bin","vary_mean",12,FALSE,123,0.987043160294477,0.967621345708734,0.91,0.15520777109772,0.88,0.151092043627088,-0.0194218145857432
"gamma_bin_12.00_3.40","gamma_bin","vary_mean",12,FALSE,124,0.970846430550826,0.963571547213452,0.89,0.153759185158488,0.89,0.149969299020986,-0.00727488333737358
"gamma_bin_12.00_3.40","gamma_bin","vary_mean",12,FALSE,125,0.953001568168985,0.958987665429138,0.88,0.151306204111191,0.88,0.147714642129508,0.00598609726015298
"gamma_bin_12.00_3.40","gamma_bin","vary_mean",12,FALSE,126,0.934680947695761,0.953700271602002,0.88,0.149429364261999,0.9,0.145958855435999,0.0190193239062405
"gamma_bin_12.00_3.40","gamma_bin","vary_mean",12,FALSE,127,0.917145793226913,0.948693802087446,0.88,0.148470065462596,0.88,0.144940895352369,0.0315480088605334
"gamma_bin_12.00_3.40","gamma_bin","vary_mean",12,FALSE,128,0.901530406151582,0.943834094346061,0.86,0.149057591321714,0.87,0.145327869041819,0.0423036881944794
"gamma_bin_12.00_3.40","gamma_bin","vary_mean",12,FALSE,129,0.888820761331304,0.93975829945106,0.82,0.150286892867496,0.83,0.14668466640851,0.0509375381197561
"gamma_bin_12.00_3.40","gamma_bin","vary_mean",12,FALSE,130,0.879849051096058,0.936625861179504,0.8,0.151630665672246,0.83,0.147846816285691,0.0567768100834458
"gamma_bin_12.00_3.40","gamma_bin","vary_mean",12,FALSE,131,0.875312502934994,0.934487399589022,0.8,0.152627256988364,0.81,0.148696452449345,0.059174896654028
"gamma_bin_12.00_3.40","gamma_bin","vary_mean",12,FALSE,132,0.875810644994376,0.933482818379076,0.81,0.152755306077959,0.82,0.148572064932846,0.0576721733847002
"gamma_bin_12.00_3.40","gamma_bin","vary_mean",12,FALSE,133,0.881891211117993,0.93390385929981,0.85,0.151349875899515,0.83,0.147573800240587,0.0520126481818169
"gamma_bin_12.00_3.40","gamma_bin","vary_mean",12,FALSE,134,0.894096753734329,0.935526011007511,0.85,0.148921013747162,0.84,0.145508776017802,0.0414292572731821
"gamma_bin_12.00_3.40","gamma_bin","vary_mean",12,FALSE,135,0.912538889585145,0.938178561606797,0.88,0.146095877344677,0.87,0.142641036614178,0.0256396720216518
"gamma_bin_12.00_3.40","gamma_bin","vary_mean",12,FALSE,136,0.935968580436848,0.941482840314813,0.87,0.143329102613926,0.87,0.140171665540881,0.00551425987796506
"gamma_bin_12.00_3.40","gamma_bin","vary_mean",12,FALSE,137,0.962748452443007,0.945285901084606,0.86,0.142090190082588,0.87,0.138794947747421,-0.0174625513584012
"gamma_bin_12.00_3.40","gamma_bin","vary_mean",12,FALSE,138,0.991058087015847,0.949522884478569,0.86,0.142322761326598,0.85,0.139446993836493,-0.041535202537278
"gamma_bin_12.00_3.40","gamma_bin","vary_mean",12,FALSE,139,1.01894781256074,0.954086998204497,0.8,0.143969613868303,0.74,0.14127029280737,-0.0648608143562431
"gamma_bin_12.00_3.40","gamma_bin","vary_mean",12,FALSE,140,1.04444932027992,0.958374723550613,0.71,0.146747003024371,0.65,0.143564081342093,-0.0860745967293066
"gamma_bin_12.00_3.40","gamma_bin","vary_mean",12,FALSE,141,1.0657059122687,0.96221083242914,0.61,0.148595016785142,0.59,0.145376079104116,-0.10349507983956
"gamma_bin_12.00_3.40","gamma_bin","vary_mean",12,FALSE,142,1.0810929449843,0.965607047152223,0.58,0.149796537954027,0.55,0.14669676643794,-0.115485897832077
"gamma_bin_12.00_3.40","gamma_bin","vary_mean",12,FALSE,143,1.08930930531451,0.968194588728636,0.51,0.150106453737202,0.5,0.146690215621557,-0.121114716585874
"gamma_bin_12.00_3.40","gamma_bin","vary_mean",12,FALSE,144,1.08943317712892,0.970471925520792,0.53,0.149736778411129,0.51,0.146023947624567,-0.118961251608128
"gamma_bin_12.00_3.40","gamma_bin","vary_mean",12,FALSE,145,1.08148967301391,0.97138994782341,0.59,0.149503615903223,0.55,0.145602376710515,-0.1100997251905
"gamma_bin_12.00_3.40","gamma_bin","vary_mean",12,FALSE,146,1.067118056924,0.971322763841559,0.63,0.149993489139454,0.61,0.146191664593493,-0.095795293082441
"gamma_bin_12.00_3.40","gamma_bin","vary_mean",12,FALSE,147,1.04828964020928,0.970127452903778,0.69,0.151876405816308,0.68,0.147822784093228,-0.0781621873055023
"gamma_bin_12.00_3.40","gamma_bin","vary_mean",12,FALSE,148,1.02693455801449,0.967996704817097,0.8,0.154324171436017,0.76,0.149991083741784,-0.0589378531973928
"gamma_bin_12.00_3.40","gamma_bin","vary_mean",12,FALSE,149,1.00477443375589,0.96529029352926,0.88,0.156458539191648,0.82,0.152099001173575,-0.0394841402266299
"gamma_bin_12.00_3.40","gamma_bin","vary_mean",12,FALSE,150,0.983222907766779,0.961830602679837,0.88,0.157577259270162,0.89,0.153662921973052,-0.0213923050869422
"gamma_bin_12.00_3.40","gamma_bin","vary_mean",12,FALSE,151,0.963363940769346,0.95792772118948,0.92,0.157451253520821,0.91,0.153351210016681,-0.0054362195798664
"gamma_bin_12.00_3.40","gamma_bin","vary_mean",12,FALSE,152,0.945985514931433,0.953875649546522,0.9,0.155613151520806,0.92,0.151846162634731,0.00789013461508903
"gamma_bin_12.00_3.40","gamma_bin","vary_mean",12,FALSE,153,0.931639698450479,0.949279868558095,0.93,0.153033671802682,0.93,0.14933096418862,0.017640170107616
"gamma_bin_12.00_3.40","gamma_bin","vary_mean",12,FALSE,154,0.920706027513323,0.944972927341125,0.89,0.150570047007888,0.91,0.146940787082868,0.0242668998278019
"gamma_bin_12.00_3.40","gamma_bin","vary_mean",12,FALSE,155,0.913287949909382,0.940492883770687,0.89,0.148634840892097,0.89,0.144959021061103,0.0272049338613046
"gamma_bin_12.00_3.40","gamma_bin","vary_mean",12,FALSE,156,0.909118262499206,0.936274482653708,0.88,0.147924611092059,0.89,0.144230593276228,0.0271562201545023
"gamma_bin_12.00_3.40","gamma_bin","vary_mean",12,FALSE,157,0.90786599524967,0.932479641211745,0.86,0.148682504408201,0.89,0.145295935787129,0.024613645962075
"gamma_bin_12.00_3.40","gamma_bin","vary_mean",12,FALSE,158,0.909191813449816,0.929578842479871,0.87,0.149663813584387,0.88,0.14637848383879,0.0203870290300554
"gamma_bin_12.00_3.40","gamma_bin","vary_mean",12,FALSE,159,0.9127706498954,0.927669429225872,0.9,0.150955440542265,0.89,0.147484706773326,0.0148987793304718
"gamma_bin_12.00_3.40","gamma_bin","vary_mean",12,FALSE,160,0.918310343562916,0.92659254546268,0.93,0.15128616836635,0.9,0.147413743241264,0.00828220189976447
"gamma_bin_12.00_3.40","gamma_bin","vary_mean",12,FALSE,161,0.925562601543549,0.926561756493764,0.93,0.150047279158187,0.92,0.145798161720703,0.000999154950215075
"gamma_bin_12.00_3.40","gamma_bin","vary_mean",12,FALSE,162,0.934326617511047,0.927434321583899,0.92,0.14814726685572,0.91,0.143737195067741,-0.00689229592714813
"gamma_bin_12.00_3.40","gamma_bin","vary_mean",12,FALSE,163,0.944447396594412,0.929612315843434,0.91,0.146300646771088,0.9,0.142170327251168,-0.0148350807509784
"gamma_bin_12.00_3.40","gamma_bin","vary_mean",12,FALSE,164,0.955808426255688,0.932962764662592,0.87,0.145170898516851,0.88,0.141297790457418,-0.0228456615930964
"gamma_bin_12.00_3.40","gamma_bin","vary_mean",12,FALSE,165,0.968171987055275,0.937052181885449,0.86,0.145582467696577,0.83,0.141655743668995,-0.0311198051698258
"gamma_bin_12.00_3.40","gamma_bin","vary_mean",12,FALSE,166,0.981075418082579,0.942701480830245,0.81,0.147039784035106,0.82,0.143425739803187,-0.0383739372523345
"gamma_bin_12.00_3.40","gamma_bin","vary_mean",12,FALSE,167,0.99403776313242,0.949458987522774,0.81,0.149731977973849,0.8,0.146568158008495,-0.044578775609646
"gamma_bin_12.00_3.40","gamma_bin","vary_mean",12,FALSE,168,1.00658618871785,0.956879188562451,0.79,0.152680984286747,0.78,0.149790929004966,-0.0497070001553994
"gamma_bin_12.00_3.40","gamma_bin","vary_mean",12,FALSE,169,1.01827263962082,0.965314437202291,0.81,0.15571118026748,0.77,0.15264555832763,-0.052958202418529
"gamma_bin_12.00_3.40","gamma_bin","vary_mean",12,FALSE,170,1.02869207421039,0.975270984584389,0.82,0.157621968957713,0.79,0.154253549652858,-0.0534210896260015
"gamma_bin_12.00_3.40","gamma_bin","vary_mean",12,FALSE,171,1.03749575970787,0.985933782150678,0.83,0.158565022406482,0.82,0.154988992050908,-0.0515619775571917
"gamma_bin_12.00_3.40","gamma_bin","vary_mean",12,FALSE,172,1.04439766370686,0.998258029081092,0.83,0.159128109178442,0.81,0.155214244098742,-0.0461396346257679
"gamma_bin_12.00_3.40","gamma_bin","vary_mean",12,FALSE,173,1.04917474480308,1.01159019574356,0.81,0.160117152510867,0.79,0.156300552658175,-0.0375845490595168
"gamma_bin_12.00_3.40","gamma_bin","vary_mean",12,FALSE,174,1.05167598943045,1.02593810892229,0.82,0.161218647492615,0.8,0.157771646085941,-0.0257378805081636
"gamma_bin_12.00_3.40","gamma_bin","vary_mean",12,FALSE,175,1.05228684352057,1.04158618241853,0.84,0.163968451710676,0.85,0.160195045555484,-0.0107006611020406
"gamma_bin_12.00_3.40","gamma_bin","vary_mean",12,FALSE,176,1.05205037229906,1.05814728588788,0.86,0.168614955126663,0.84,0.164089014569393,0.0060969135888187
"gamma_bin_12.00_3.40","gamma_bin","vary_mean",12,FALSE,177,1.05206304074467,1.07599616780759,0.85,0.173338954564919,0.83,0.168753360099791,0.0239331270629217
"gamma_bin_12.00_3.40","gamma_bin","vary_mean",12,FALSE,178,1.0533911428065,1.09536699041931,0.84,0.17780880164424,0.83,0.172814736932126,0.04197584761281
"gamma_bin_12.00_3.40","gamma_bin","vary_mean",12,FALSE,179,1.05702523270082,1.11603195635296,0.83,0.180966144086828,0.82,0.175964382692004,0.059006723652135
"gamma_bin_12.00_3.40","gamma_bin","vary_mean",12,FALSE,180,1.06385390304002,1.13748385414037,0.77,0.182717509798652,0.78,0.177628734281045,0.0736299511003531
"gamma_bin_12.00_3.40","gamma_bin","vary_mean",12,FALSE,181,1.07466368846286,1.15980810728817,0.73,0.182922882170673,0.75,0.178490634179505,0.0851444188253139
"gamma_bin_12.00_3.40","gamma_bin","vary_mean",12,FALSE,182,1.09015918537017,1.18282572059563,0.72,0.183475676735933,0.74,0.179158159115583,0.0926665352254628
"gamma_bin_12.00_3.40","gamma_bin","vary_mean",12,FALSE,183,1.11099415707904,1.20601426141741,0.73,0.18474349614498,0.75,0.180623708125689,0.0950201043383745
"gamma_bin_12.00_3.40","gamma_bin","vary_mean",12,FALSE,184,1.13776253966062,1.22913991822718,0.76,0.188008850247176,0.76,0.184027625695807,0.0913773785665568
"gamma_bin_12.00_3.40","gamma_bin","vary_mean",12,FALSE,185,1.16994138910722,1.25186429878439,0.76,0.193853521433657,0.75,0.189104707957146,0.0819229096771674
"gamma_bin_12.00_3.40","gamma_bin","vary_mean",12,FALSE,186,1.20568067952197,1.27347659643114,0.8,0.200814975165968,0.79,0.195314598673771,0.0677959169091702
"gamma_bin_12.00_3.40","gamma_bin","vary_mean",12,FALSE,187,1.24280592689739,1.29411889172668,0.82,0.207169440075933,0.81,0.201585526108155,0.0513129648292887
"gamma_bin_12.00_3.40","gamma_bin","vary_mean",12,FALSE,188,1.27892507759421,1.31317481843748,0.85,0.212146478207514,0.85,0.206196487630481,0.034249740843272
"gamma_bin_12.00_3.40","gamma_bin","vary_mean",12,FALSE,189,1.31157809299846,1.3299120733634,0.87,0.214393737825756,0.87,0.208671970778956,0.0183339803649354
"gamma_bin_12.00_3.40","gamma_bin","vary_mean",12,FALSE,190,1.33842575739913,1.34416467919113,0.86,0.214395546641507,0.85,0.209141215536946,0.00573892179200297
"gamma_bin_12.00_3.40","gamma_bin","vary_mean",12,FALSE,191,1.35742493987032,1.35516296839004,0.85,0.213069224213791,0.85,0.208487644727956,-0.00226197148027674
"gamma_bin_12.00_3.40","gamma_bin","vary_mean",12,FALSE,192,1.36695842059754,1.36300638562264,0.86,0.212233483047103,0.86,0.207560062879457,-0.00395203497489693
"gamma_bin_12.00_3.40","gamma_bin","vary_mean",12,FALSE,193,1.36590703303142,1.36695685659191,0.87,0.211611612873999,0.87,0.207369784543717,0.00104982356048633
"gamma_bin_12.00_3.40","gamma_bin","vary_mean",12,FALSE,194,1.35374441935837,1.36747097156691,0.86,0.212244804644578,0.86,0.208326017827534,0.0137265522085412
"gamma_bin_12.00_3.40","gamma_bin","vary_mean",12,FALSE,195,1.33179505256341,1.36404839418978,0.86,0.213641083611895,0.87,0.209404012526386,0.0322533416263726
"gamma_bin_12.00_3.40","gamma_bin","vary_mean",12,FALSE,196,1.30282908300336,1.35713518919236,0.86,0.214515893742584,0.86,0.210124609983742,0.0543061061889996
"gamma_bin_12.00_3.40","gamma_bin","vary_mean",12,FALSE,197,1.26962792749398,1.34663039607735,0.82,0.213802065521311,0.84,0.209482358127241,0.0770024685833652
"gamma_bin_12.00_3.40","gamma_bin","vary_mean",12,FALSE,198,1.23470197201586,1.33316110583665,0.8,0.210083248813451,0.8,0.205919727346318,0.0984591338207865
"gamma_bin_12.00_3.40","gamma_bin","vary_mean",12,FALSE,199,1.20012008532359,1.31726452236476,0.73,0.204803045536066,0.74,0.200825250888405,0.117144437041166
"gamma_bin_12.00_3.40","gamma_bin","vary_mean",12,FALSE,200,1.16745324780638,1.29955617507004,0.69,0.199340864046136,0.7,0.195277009719428,0.132102927263655
"gamma_bin_12.00_3.40","gamma_bin","vary_mean",12,FALSE,201,1.13781324493009,1.280742166706,0.64,0.194338259027987,0.63,0.190456217068506,0.142928921775915
"gamma_bin_12.00_3.40","gamma_bin","vary_mean",12,FALSE,202,1.11194114249594,1.26108087754509,0.64,0.190607755123329,0.63,0.186104304833607,0.149139735049148
"gamma_bin_12.00_3.40","gamma_bin","vary_mean",12,FALSE,203,1.09030738318271,1.24168470982105,0.65,0.188062570209605,0.64,0.182994744800765,0.151377326638338
"gamma_bin_12.00_3.40","gamma_bin","vary_mean",12,FALSE,204,1.07317842503564,1.22329577333454,0.65,0.186935436360672,0.64,0.181805193102456,0.150117348298905
"gamma_bin_12.00_3.40","gamma_bin","vary_mean",12,FALSE,205,1.06040347302214,1.20592653572327,0.63,0.186179183526569,0.63,0.181139401224964,0.145523062701129
"gamma_bin_12.00_3.40","gamma_bin","vary_mean",12,FALSE,206,1.05156904168052,1.19050906007564,0.64,0.185136201083941,0.63,0.18003639142861,0.138940018395118
"gamma_bin_12.00_3.40","gamma_bin","vary_mean",12,FALSE,207,1.04624950999474,1.1776495524504,0.64,0.182761281218808,0.63,0.177941752075553,0.131400042455659
"gamma_bin_12.00_3.40","gamma_bin","vary_mean",12,FALSE,208,1.04403704329192,1.16729985094855,0.65,0.178787093847323,0.65,0.174557112628301,0.123262807656625
"gamma_bin_12.00_3.40","gamma_bin","vary_mean",12,FALSE,209,1.0445651521307,1.16045506659462,0.66,0.174530801750424,0.67,0.170417544025131,0.115889914463923
"gamma_bin_12.00_3.40","gamma_bin","vary_mean",12,FALSE,210,1.04752392002038,1.15582823785237,0.69,0.170306504400794,0.68,0.166766018290599,0.108304317831986
"gamma_bin_12.00_3.40","gamma_bin","vary_mean",12,FALSE,211,1.05266551803821,1.15364866319535,0.71,0.16809987302268,0.72,0.164590207499961,0.100983145157141
"gamma_bin_12.00_3.40","gamma_bin","vary_mean",12,FALSE,212,1.0598023103751,1.15510762197534,0.72,0.168578481145946,0.73,0.164705421795639,0.0953053116002405
"gamma_bin_12.00_3.40","gamma_bin","vary_mean",12,FALSE,213,1.06880062573221,1.15952246340941,0.73,0.171277477718565,0.74,0.167168881671733,0.0907218376771988
"gamma_bin_12.00_3.40","gamma_bin","vary_mean",12,FALSE,214,1.0795784696348,1.16758985866388,0.76,0.175833297459005,0.76,0.171631901701106,0.0880113890290772
"gamma_bin_12.00_3.40","gamma_bin","vary_mean",12,FALSE,215,1.09215111452811,1.17949310551555,0.77,0.181220328912231,0.8,0.176612025872286,0.0873419909874416
"gamma_bin_12.00_3.40","gamma_bin","vary_mean",12,FALSE,216,1.10660255202503,1.1949873707156,0.8,0.185522252593918,0.81,0.180809852656435,0.0883848186905716
"gamma_bin_12.00_3.40","gamma_bin","vary_mean",12,FALSE,217,1.1230463183655,1.21384305468392,0.82,0.188425869692444,0.82,0.183705462683974,0.090796736318423
"gamma_bin_12.00_3.40","gamma_bin","vary_mean",12,FALSE,218,1.14161803384419,1.23548902876737,0.82,0.190794677483857,0.8,0.186320630185335,0.093870994923178
"gamma_bin_12.00_3.40","gamma_bin","vary_mean",12,FALSE,219,1.16246850453014,1.26062608074961,0.8,0.193125939734214,0.82,0.188506099165473,0.0981575762194706
"gamma_bin_12.00_3.40","gamma_bin","vary_mean",12,FALSE,220,1.18575867786174,1.2878841149358,0.81,0.19576116373433,0.8,0.190840593844625,0.102125437074061
"gamma_bin_12.00_3.40","gamma_bin","vary_mean",12,FALSE,221,1.21165701983639,1.31730115339244,0.76,0.199317841148994,0.77,0.194396829737089,0.105644133556047
"gamma_bin_12.00_3.40","gamma_bin","vary_mean",12,FALSE,222,1.24033898455105,1.34881074711286,0.77,0.205045871348078,0.8,0.199882988701142,0.108471762561807
"gamma_bin_12.00_3.40","gamma_bin","vary_mean",12,FALSE,223,1.27198794287079,1.38162031092814,0.77,0.21217078092745,0.79,0.20651246406314,0.109632368057353
"gamma_bin_12.00_3.40","gamma_bin","vary_mean",12,FALSE,224,1.30666523446541,1.41544445320371,0.78,0.220111125967156,0.79,0.214137867061297,0.108779218738299
"gamma_bin_12.00_3.40","gamma_bin","vary_mean",12,FALSE,225,1.3433530482977,1.4497907744196,0.81,0.226581421711419,0.83,0.220515754237411,0.1064377261219
"gamma_bin_12.00_3.40","gamma_bin","vary_mean",12,FALSE,226,1.38038171186225,1.48400216724753,0.79,0.230450667327826,0.82,0.224374409937939,0.103620455385281
"gamma_bin_12.00_3.40","gamma_bin","vary_mean",12,FALSE,227,1.41592160258673,1.5182168258519,0.81,0.231936559980708,0.8,0.226284917343567,0.102295223265167
"gamma_bin_12.00_3.40","gamma_bin","vary_mean",12,FALSE,228,1.44808142918806,1.55053678565883,0.81,0.231561096637929,0.8,0.226269362688546,0.102455356470774
"gamma_bin_12.00_3.40","gamma_bin","vary_mean",12,FALSE,229,1.47504730588812,1.58142009375765,0.82,0.232255806793203,0.79,0.226317177247406,0.106372787869533
"gamma_bin_12.00_3.40","gamma_bin","vary_mean",12,FALSE,230,1.49521587906308,1.60865583201538,0.8,0.234427714631178,0.79,0.228173057556834,0.113439952952304
"gamma_bin_12.00_3.40","gamma_bin","vary_mean",12,FALSE,231,1.50729103953841,1.63250693202273,0.76,0.237266285168169,0.76,0.231922821427853,0.125215892484317
"gamma_bin_12.00_3.40","gamma_bin","vary_mean",12,FALSE,232,1.51033534857617,1.65166952197514,0.71,0.242757807003659,0.74,0.237340073563185,0.14133417339897
"gamma_bin_12.00_3.40","gamma_bin","vary_mean",12,FALSE,233,1.50378097074586,1.66618572549206,0.72,0.248454329248446,0.71,0.242745281975934,0.162404754746204
"gamma_bin_12.00_3.40","gamma_bin","vary_mean",12,FALSE,234,1.48764960471254,1.67645435224048,0.69,0.252851563976799,0.68,0.247229184478701,0.188804747527937
"gamma_bin_12.00_3.40","gamma_bin","vary_mean",12,FALSE,235,1.46373241708909,1.68126619770019,0.59,0.25413755224067,0.58,0.249187517324998,0.217533780611104
"gamma_bin_12.00_3.40","gamma_bin","vary_mean",12,FALSE,236,1.43448143272486,1.68031336185633,0.45,0.253482001885113,0.47,0.247588708578448,0.245831929131469
"gamma_bin_12.00_3.40","gamma_bin","vary_mean",12,FALSE,237,1.40223769952072,1.67478338338257,0.37,0.250249590883401,0.38,0.244659922332275,0.272545683861852
"gamma_bin_12.00_3.40","gamma_bin","vary_mean",12,FALSE,238,1.36905513115977,1.66517079236297,0.29,0.246542723589768,0.28,0.240901750691855,0.296115661203196
"gamma_bin_12.00_3.40","gamma_bin","vary_mean",12,FALSE,239,1.33659069308879,1.65211786343713,0.22,0.243643244703154,0.23,0.237482237060791,0.315527170348343
"gamma_bin_12.00_3.40","gamma_bin","vary_mean",12,FALSE,240,1.30608415861083,1.63588455854694,0.19,0.24274577217543,0.22,0.236750694064494,0.329800399936114
"gamma_bin_12.00_3.40","gamma_bin","vary_mean",12,FALSE,241,1.27840456713347,1.61747569593163,0.17,0.242653841028987,0.21,0.236821872543871,0.339071128798158
"gamma_bin_12.00_3.40","gamma_bin","vary_mean",12,FALSE,242,1.25412742548082,1.59701860502547,0.15,0.243640314971984,0.18,0.237914146391819,0.342891179544646
"gamma_bin_12.00_3.40","gamma_bin","vary_mean",12,FALSE,243,1.23361554311767,1.57484889013867,0.16,0.245121700044348,0.19,0.238717290318483,0.341233347020997
"gamma_bin_12.00_3.40","gamma_bin","vary_mean",12,FALSE,244,1.21706403589592,1.55250102850943,0.17,0.245563290341606,0.18,0.238810937318829,0.335436992613507
"gamma_bin_12.00_3.40","gamma_bin","vary_mean",12,FALSE,245,1.20445667363505,1.52884232092156,0.2,0.24560979190101,0.23,0.238386364990722,0.324385647286505
"gamma_bin_12.00_3.40","gamma_bin","vary_mean",12,FALSE,246,1.19569657050359,1.5052804754169,0.24,0.246545924335407,0.24,0.23966813161798,0.309583904913313
"gamma_bin_12.00_3.40","gamma_bin","vary_mean",12,FALSE,247,1.19067334691389,1.48257172784218,0.3,0.251199197259734,0.32,0.244281126303153,0.291898380928287
"gamma_bin_12.00_3.40","gamma_bin","vary_mean",12,FALSE,248,1.1892846905786,1.46089158329965,0.36,0.262188052179395,0.38,0.25429259502715,0.271606892721053
"gamma_bin_12.00_3.40","gamma_bin","vary_mean",12,FALSE,249,1.1914521017446,1.44084606762346,0.49,0.27979398772197,0.54,0.270998042726442,0.249393965878862
"gamma_bin_12.00_3.40","gamma_bin","vary_mean",12,FALSE,250,1.19713021020468,1.42204559826804,0.62,0.302820308068904,0.65,0.293726889737857,0.224915388063356
"gamma_bin_12.00_3.40","gamma_bin","vary_mean",12,FALSE,251,1.20631090184647,1.40526590078623,0.75,0.330766963226517,0.78,0.32123061524081,0.198954998939765
"gamma_bin_12.00_3.40","gamma_bin","vary_mean",12,FALSE,252,1.21902415582724,1.39003292110322,0.89,0.362671549613024,0.9,0.352238721095657,0.171008765275981
"gamma_bin_12.00_3.40","gamma_bin","vary_mean",12,FALSE,253,1.23533724681924,1.37618294748539,0.93,0.399060836799387,0.94,0.386982553936117,0.140845700666146
"gamma_bin_7.50_1.36","gamma_bin","vary_sd",1.36,FALSE,2,6.47633271060018,NA,NA,NA,NA,NA,NA
"gamma_bin_7.50_1.36","gamma_bin","vary_sd",1.36,FALSE,3,5.39748004467528,NA,NA,NA,NA,NA,NA
"gamma_bin_7.50_1.36","gamma_bin","vary_sd",1.36,FALSE,4,4.52153259075373,NA,NA,NA,NA,NA,NA
"gamma_bin_7.50_1.36","gamma_bin","vary_sd",1.36,FALSE,5,3.81075688710478,NA,NA,NA,NA,NA,NA
"gamma_bin_7.50_1.36","gamma_bin","vary_sd",1.36,FALSE,6,3.23384975678135,NA,NA,NA,NA,NA,NA
"gamma_bin_7.50_1.36","gamma_bin","vary_sd",1.36,FALSE,7,2.76512519694591,4.43989944304257,0,0.858363171051372,0,0.833718151287307,1.67477424609666
"gamma_bin_7.50_1.36","gamma_bin","vary_sd",1.36,FALSE,8,2.38350063829982,2.05197352388086,0.72,0.424581763467914,0.68,0.412411773630527,-0.331527114418962
"gamma_bin_7.50_1.36","gamma_bin","vary_sd",1.36,FALSE,9,2.07220990816182,1.38653863292792,0.01,0.289980256757372,0.01,0.282029665411425,-0.685671275233898
"gamma_bin_7.50_1.36","gamma_bin","vary_sd",1.36,FALSE,10,1.8180094782711,1.16903294244067,0.01,0.23577861615697,0.01,0.229821811795541,-0.648976535830434
"gamma_bin_7.50_1.36","gamma_bin","vary_sd",1.36,FALSE,11,1.61045019265924,1.09593501952383,0.01,0.20584567068664,0.01,0.200780165503464,-0.514515173135407
"gamma_bin_7.50_1.36","gamma_bin","vary_sd",1.36,FALSE,12,1.44129331371926,1.06986086879616,0.03,0.182635419019504,0.03,0.178180551826037,-0.371432444923103
"gamma_bin_7.50_1.36","gamma_bin","vary_sd",1.36,FALSE,13,1.30405110997497,1.0563605590372,0.19,0.162184654820306,0.15,0.158721272906075,-0.247690550937766
"gamma_bin_7.50_1.36","gamma_bin","vary_sd",1.36,FALSE,14,1.1936337473603,1.04512270167421,0.49,0.146014156362897,0.44,0.142740729603119,-0.148511045686088
"gamma_bin_7.50_1.36","gamma_bin","vary_sd",1.36,FALSE,15,1.10608275580624,1.03317418566863,0.85,0.134227771043898,0.83,0.131509975339897,-0.0729085701376089
"gamma_bin_7.50_1.36","gamma_bin","vary_sd",1.36,FALSE,16,1.03836845094092,1.02039582727578,0.91,0.126945337783027,0.91,0.12418868447735,-0.0179726236651392
"gamma_bin_7.50_1.36","gamma_bin","vary_sd",1.36,FALSE,17,0.987514418464918,1.00690990075163,0.91,0.123290080815909,0.92,0.120792486421533,0.0193954822867164
"gamma_bin_7.50_1.36","gamma_bin","vary_sd",1.36,FALSE,18,0.94985341422689,0.992822102709778,0.87,0.121572561603023,0.87,0.118461830479624,0.0429686884828885
"gamma_bin_7.50_1.36","gamma_bin","vary_sd",1.36,FALSE,19,0.922342058412537,0.978341447302553,0.83,0.118755964504657,0.84,0.115769774234968,0.0559993888900161
"gamma_bin_7.50_1.36","gamma_bin","vary_sd",1.36,FALSE,20,0.902533145800087,0.963219565617429,0.81,0.114422087890642,0.82,0.111195662269848,0.0606864198173416
"gamma_bin_7.50_1.36","gamma_bin","vary_sd",1.36,FALSE,21,0.888443579660898,0.948292340021654,0.82,0.108891467368431,0.82,0.105402483644104,0.0598487603607563
"gamma_bin_7.50_1.36","gamma_bin","vary_sd",1.36,FALSE,22,0.878474950045775,0.933070223163676,0.8,0.103409822261483,0.83,0.100125249804096,0.054595273117901
"gamma_bin_7.50_1.36","gamma_bin","vary_sd",1.36,FALSE,23,0.871353706634507,0.917699348638188,0.84,0.0995655595245286,0.85,0.0966894044059145,0.0463456420036806
"gamma_bin_7.50_1.36","gamma_bin","vary_sd",1.36,FALSE,24,0.866079695774009,0.902280446610002,0.87,0.0979342189405484,0.88,0.0952471558094144,0.0362007508359933
"gamma_bin_7.50_1.36","gamma_bin","vary_sd",1.36,FALSE,25,0.861880113955128,0.886741697623873,0.88,0.0982017941373276,0.94,0.0957383846674979,0.0248615836687452
"gamma_bin_7.50_1.36","gamma_bin","vary_sd",1.36,FALSE,26,0.858167576978305,0.871401099594946,0.93,0.0996987251808484,0.94,0.0973610602635292,0.0132335226166409
"gamma_bin_7.50_1.36","gamma_bin","vary_sd",1.36,FALSE,27,0.854446587171991,0.856770767403478,0.95,0.100458426974508,0.95,0.0981577956817789,0.00232418023148695
"gamma_bin_7.50_1.36","gamma_bin","vary_sd",1.36,FALSE,28,0.850242530612154,0.842444875145866,0.95,0.0996323300568079,0.94,0.097327137588598,-0.00779765546628852
"gamma_bin_7.50_1.36","gamma_bin","vary_sd",1.36,FALSE,29,0.845168044117022,0.828430949200962,0.93,0.0965663662347058,0.93,0.0944605500562713,-0.0167370949160599
"gamma_bin_7.50_1.36","gamma_bin","vary_sd",1.36,FALSE,30,0.838916821827613,0.814251966038934,0.91,0.0916261818505782,0.89,0.089491544341292,-0.0246648557886794
"gamma_bin_7.50_1.36","gamma_bin","vary_sd",1.36,FALSE,31,0.83125458603177,0.800275935241313,0.87,0.0860333997424664,0.85,0.084191430608062,-0.0309786507904566
"gamma_bin_7.50_1.36","gamma_bin","vary_sd",1.36,FALSE,32,0.822012955905288,0.786604628517061,0.82,0.0816943566978547,0.76,0.0798854897531851,-0.0354083273882269
"gamma_bin_7.50_1.36","gamma_bin","vary_sd",1.36,FALSE,33,0.811083441801087,0.773143922306223,0.78,0.0796517164721281,0.77,0.0778033976193755,-0.0379395194948643
"gamma_bin_7.50_1.36","gamma_bin","vary_sd",1.36,FALSE,34,0.798410706391415,0.760118151285665,0.81,0.0802086169614434,0.79,0.0783992532389036,-0.0382925551057496
"gamma_bin_7.50_1.36","gamma_bin","vary_sd",1.36,FALSE,35,0.783985284249482,0.747877887341296,0.83,0.0820816166342724,0.8,0.0801423767310197,-0.036107396908186
"gamma_bin_7.50_1.36","gamma_bin","vary_sd",1.36,FALSE,36,0.767842249776292,0.736045296429301,0.87,0.0839695188359444,0.85,0.0819705795723807,-0.0317969533469908
"gamma_bin_7.50_1.36","gamma_bin","vary_sd",1.36,FALSE,37,0.750320099865667,0.724629123999674,0.89,0.0848856528091097,0.88,0.082865629037433,-0.0256909758659927
"gamma_bin_7.50_1.36","gamma_bin","vary_sd",1.36,FALSE,38,0.732127511283489,0.713429676941777,0.92,0.0839699941844571,0.91,0.0818400626815033,-0.0186978343417117
"gamma_bin_7.50_1.36","gamma_bin","vary_sd",1.36,FALSE,39,0.713945546467747,0.702661788807758,0.93,0.0810959325489269,0.92,0.0788674525100444,-0.0112837576599895
"gamma_bin_7.50_1.36","gamma_bin","vary_sd",1.36,FALSE,40,0.696377644387645,0.692225481056543,0.94,0.076847047306367,0.94,0.0750671219819309,-0.00415216333110224
"gamma_bin_7.50_1.36","gamma_bin","vary_sd",1.36,FALSE,41,0.679931575981829,0.682599342888076,0.94,0.0732832294260412,0.93,0.0717202169869566,0.00266776690624715
"gamma_bin_7.50_1.36","gamma_bin","vary_sd",1.36,FALSE,42,0.665012401557135,0.67370037641756,0.94,0.0715313268736326,0.94,0.0700094934645813,0.00868797486042494
"gamma_bin_7.50_1.36","gamma_bin","vary_sd",1.36,FALSE,43,0.65192842067752,0.665516617473785,0.93,0.0717643736806461,0.95,0.0701687158784097,0.0135881967962648
"gamma_bin_7.50_1.36","gamma_bin","vary_sd",1.36,FALSE,44,0.640906266957601,0.658504252679973,0.93,0.0734589289679243,0.93,0.0717614278871731,0.0175979857223725
"gamma_bin_7.50_1.36","gamma_bin","vary_sd",1.36,FALSE,45,0.632110069284813,0.652675944941976,0.91,0.0756375795283499,0.92,0.0738840235047379,0.0205658756571627
"gamma_bin_7.50_1.36","gamma_bin","vary_sd",1.36,FALSE,46,0.625656360123327,0.648147771760768,0.9,0.077104492631999,0.9,0.0754128536333961,0.0224914116374412
"gamma_bin_7.50_1.36","gamma_bin","vary_sd",1.36,FALSE,47,0.621502273809677,0.645003855926811,0.9,0.0768780995753013,0.88,0.0753376846577263,0.0235015821171343
"gamma_bin_7.50_1.36","gamma_bin","vary_sd",1.36,FALSE,48,0.619441171957512,0.64303406407425,0.89,0.0751770680489916,0.88,0.0736426828756994,0.0235928921167374
"gamma_bin_7.50_1.36","gamma_bin","vary_sd",1.36,FALSE,49,0.619256488578844,0.642272151646871,0.89,0.07221624276111,0.89,0.0707777967605268,0.0230156630680268
"gamma_bin_7.50_1.36","gamma_bin","vary_sd",1.36,FALSE,50,0.620736004042686,0.642444222538724,0.88,0.0690788734266109,0.89,0.0677902233438836,0.021708218496038
"gamma_bin_7.50_1.36","gamma_bin","vary_sd",1.36,FALSE,51,0.623679916186844,0.643703456501809,0.88,0.0673441514300651,0.88,0.0660535079352866,0.0200235403149648
"gamma_bin_7.50_1.36","gamma_bin","vary_sd",1.36,FALSE,52,0.627908213332621,0.645952243411552,0.91,0.0678998371941505,0.92,0.0664641846368484,0.0180440300789313
"gamma_bin_7.50_1.36","gamma_bin","vary_sd",1.36,FALSE,53,0.633265384812971,0.64919189558599,0.91,0.0704397221896362,0.92,0.0687381010140558,0.0159265107730193
"gamma_bin_7.50_1.36","gamma_bin","vary_sd",1.36,FALSE,54,0.639622221613428,0.653249009198701,0.92,0.0738969346599041,0.94,0.0722200187690082,0.0136267875852732
"gamma_bin_7.50_1.36","gamma_bin","vary_sd",1.36,FALSE,55,0.646875295241765,0.658093691404756,0.93,0.0773787473082408,0.96,0.075566216312536,0.0112183961629913
"gamma_bin_7.50_1.36","gamma_bin","vary_sd",1.36,FALSE,56,0.654940797889892,0.663252990623377,0.94,0.0794121473610399,0.95,0.0776354015127816,0.00831219273348471
"gamma_bin_7.50_1.36","gamma_bin","vary_sd",1.36,FALSE,57,0.663667548235467,0.669147681377998,0.94,0.0797108068351264,0.94,0.0777152213947887,0.00548013314253071
"gamma_bin_7.50_1.36","gamma_bin","vary_sd",1.36,FALSE,58,0.67283196893338,0.675736818212591,0.94,0.0781043735522035,0.93,0.0761605599638683,0.00290484927921142
"gamma_bin_7.50_1.36","gamma_bin","vary_sd",1.36,FALSE,59,0.682212593504884,0.682874652362396,0.93,0.0757011807085612,0.92,0.0737839211113053,0.00066205885751236
"gamma_bin_7.50_1.36","gamma_bin","vary_sd",1.36,FALSE,60,0.691594549334227,0.690429839598357,0.95,0.0739876412587772,0.9,0.0720510953103608,-0.00116470973587013
"gamma_bin_7.50_1.36","gamma_bin","vary_sd",1.36,FALSE,61,0.700774343176902,0.698254230128857,0.92,0.0741031264707224,0.91,0.0723544275615028,-0.00252011304804478
"gamma_bin_7.50_1.36","gamma_bin","vary_sd",1.36,FALSE,62,0.709565411363515,0.706071194337743,0.93,0.0767605395876385,0.93,0.0750106150868038,-0.00349421702577157
"gamma_bin_7.50_1.36","gamma_bin","vary_sd",1.36,FALSE,63,0.717802382251417,0.713953168004131,0.94,0.0812661704326672,0.93,0.0793038240960195,-0.00384921424728635
"gamma_bin_7.50_1.36","gamma_bin","vary_sd",1.36,FALSE,64,0.725343303375917,0.721860685388783,0.97,0.0860672798581919,0.96,0.0839323088756226,-0.00348261798713401
"gamma_bin_7.50_1.36","gamma_bin","vary_sd",1.36,FALSE,65,0.732069930484564,0.729770278999356,0.98,0.0898559421521564,0.95,0.0878138964361935,-0.0022996514852085
"gamma_bin_7.50_1.36","gamma_bin","vary_sd",1.36,FALSE,66,0.737895666769886,0.737529808439385,0.98,0.0920432359006906,0.96,0.0897072047152412,-0.000365858330501401
"gamma_bin_7.50_1.36","gamma_bin","vary_sd",1.36,FALSE,67,0.742895958587221,0.74518619684863,0.98,0.091698742345039,0.95,0.0895089940874601,0.00229023826140851
"gamma_bin_7.50_1.36","gamma_bin","vary_sd",1.36,FALSE,68,0.747278763319657,0.752375109882495,0.96,0.0896112310543469,0.96,0.0877005399746886,0.00509634656283764
"gamma_bin_7.50_1.36","gamma_bin","vary_sd",1.36,FALSE,69,0.751271373438236,0.759198138408238,0.95,0.0872584440474146,0.97,0.0851194524466445,0.00792676497000222
"gamma_bin_7.50_1.36","gamma_bin","vary_sd",1.36,FALSE,70,0.755105697598796,0.76612283934091,0.94,0.0858875664621493,0.95,0.0838684029582616,0.0110171417421137
"gamma_bin_7.50_1.36","gamma_bin","vary_sd",1.36,FALSE,71,0.759004827658807,0.772926521863123,0.93,0.0863259389830694,0.93,0.0846393870216232,0.0139216942043165
"gamma_bin_7.50_1.36","gamma_bin","vary_sd",1.36,FALSE,72,0.76317231106088,0.779331617838818,0.93,0.0887348332669601,0.93,0.0870726704697089,0.0161593067779378
"gamma_bin_7.50_1.36","gamma_bin","vary_sd",1.36,FALSE,73,0.767786202417761,0.785448504437128,0.94,0.0919639210000328,0.93,0.0901150568542634,0.0176623020193668
"gamma_bin_7.50_1.36","gamma_bin","vary_sd",1.36,FALSE,74,0.772997638290372,0.791091624330656,0.95,0.0946674243767233,0.95,0.0929543454764312,0.0180939860402844
"gamma_bin_7.50_1.36","gamma_bin","vary_sd",1.36,FALSE,75,0.77893263784533,0.79652661230932,0.95,0.0961472082815908,0.95,0.0939830825582662,0.0175939744639902
"gamma_bin_7.50_1.36","gamma_bin","vary_sd",1.36,FALSE,76,0.78568141824908,0.801452153975138,0.96,0.0950524266749609,0.96,0.0928130438764174,0.0157707357260581
"gamma_bin_7.50_1.36","gamma_bin","vary_sd",1.36,FALSE,77,0.793148670755028,0.806261676316738,0.97,0.092174625505941,0.96,0.0898031748561018,0.0131130055617095
"gamma_bin_7.50_1.36","gamma_bin","vary_sd",1.36,FALSE,78,0.801109464577554,0.811069697637472,0.96,0.0888131064369552,0.95,0.08657535841742,0.009960233059918
"gamma_bin_7.50_1.36","gamma_bin","vary_sd",1.36,FALSE,79,0.809317687520099,0.81555988588399,0.96,0.0872857883879388,0.96,0.0848748047069573,0.00624219836389062
"gamma_bin_7.50_1.36","gamma_bin","vary_sd",1.36,FALSE,80,0.817518562189946,0.819948135654106,0.96,0.087798385883712,0.95,0.0855841645546278,0.0024295734641604
"gamma_bin_7.50_1.36","gamma_bin","vary_sd",1.36,FALSE,81,0.825462916255739,0.824014044708882,0.97,0.0909525218890097,0.96,0.0889484740368871,-0.00144887154685702
"gamma_bin_7.50_1.36","gamma_bin","vary_sd",1.36,FALSE,82,0.832920079463184,0.828042561348684,0.97,0.0954455201961071,0.96,0.0933902116718842,-0.00487751811449955
"gamma_bin_7.50_1.36","gamma_bin","vary_sd",1.36,FALSE,83,0.83968668789734,0.831782618040025,0.97,0.0993911338988108,0.98,0.0973356948667696,-0.00790406985731551
"gamma_bin_7.50_1.36","gamma_bin","vary_sd",1.36,FALSE,84,0.845591000049052,0.835183403247633,0.98,0.10155866785163,0.96,0.0997942771110843,-0.0104075968014187
"gamma_bin_7.50_1.36","gamma_bin","vary_sd",1.36,FALSE,85,0.850493536894317,0.838366297968066,0.95,0.101403066417652,0.94,0.0997037870296628,-0.0121272389262508
"gamma_bin_7.50_1.36","gamma_bin","vary_sd",1.36,FALSE,86,0.854297533108007,0.841406813813822,0.94,0.0988579513408253,0.92,0.0972868418960075,-0.0128907192941853
"gamma_bin_7.50_1.36","gamma_bin","vary_sd",1.36,FALSE,87,0.857044342489846,0.844156041509375,0.91,0.0957444485204448,0.91,0.0940191463476825,-0.0128883009804711
"gamma_bin_7.50_1.36","gamma_bin","vary_sd",1.36,FALSE,88,0.858857822167393,0.847052814268964,0.91,0.0937603497371491,0.89,0.0917784785807728,-0.0118050078984294
"gamma_bin_7.50_1.36","gamma_bin","vary_sd",1.36,FALSE,89,0.859878747666928,0.849772210637611,0.9,0.0935061400442153,0.88,0.091548392695544,-0.0101065370293167
"gamma_bin_7.50_1.36","gamma_bin","vary_sd",1.36,FALSE,90,0.86025311141159,0.852571867691787,0.88,0.0955602841235713,0.88,0.0934537276812886,-0.0076812437198025
"gamma_bin_7.50_1.36","gamma_bin","vary_sd",1.36,FALSE,91,0.860120701023208,0.855227619186405,0.88,0.0992792614432488,0.88,0.0968059637178134,-0.00489308183680304
"gamma_bin_7.50_1.36","gamma_bin","vary_sd",1.36,FALSE,92,0.859606619529194,0.85795918627372,0.89,0.102964499115241,0.89,0.100538528388277,-0.00164743325547367
"gamma_bin_7.50_1.36","gamma_bin","vary_sd",1.36,FALSE,93,0.8588168361623,0.861350067123284,0.86,0.105862128084319,0.86,0.103423369086599,0.0025332309609839
"gamma_bin_7.50_1.36","gamma_bin","vary_sd",1.36,FALSE,94,0.857837212377275,0.865156057169504,0.85,0.106458054602665,0.84,0.104235088044922,0.00731884479222866
"gamma_bin_7.50_1.36","gamma_bin","vary_sd",1.36,FALSE,95,0.856734852284735,0.869310107357961,0.85,0.104591612217736,0.84,0.102617651721509,0.0125752550732259
"gamma_bin_7.50_1.36","gamma_bin","vary_sd",1.36,FALSE,96,0.855586935925609,0.873972166016276,0.86,0.101210665895195,0.81,0.0989864924779271,0.0183852300906666
"gamma_bin_7.50_1.36","gamma_bin","vary_sd",1.36,FALSE,97,0.854642173312711,0.879026211124042,0.86,0.0977648240366774,0.81,0.095678049749057,0.0243840378113312
"gamma_bin_7.50_1.36","gamma_bin","vary_sd",1.36,FALSE,98,0.854216899337268,0.884309135055138,0.83,0.0969008364369178,0.82,0.0947159333442907,0.0300922357178705
"gamma_bin_7.50_1.36","gamma_bin","vary_sd",1.36,FALSE,99,0.854615196085733,0.889854024296291,0.79,0.0988103067049316,0.81,0.0966109485835862,0.035238828210558
"gamma_bin_7.50_1.36","gamma_bin","vary_sd",1.36,FALSE,100,0.856123392287051,0.89565632914049,0.85,0.102602971154611,0.86,0.100448504817216,0.0395329368534386
"gamma_bin_7.50_1.36","gamma_bin","vary_sd",1.36,FALSE,101,0.859003725920451,0.901680544340278,0.88,0.107372036522277,0.87,0.104962448612712,0.0426768184198267
"gamma_bin_7.50_1.36","gamma_bin","vary_sd",1.36,FALSE,102,0.863491057515902,0.908142286102714,0.89,0.111545825449715,0.86,0.108655889021429,0.0446512285868117
"gamma_bin_7.50_1.36","gamma_bin","vary_sd",1.36,FALSE,103,0.869793786137492,0.914407268741804,0.89,0.113204983065132,0.86,0.110205798199355,0.044613482604312
"gamma_bin_7.50_1.36","gamma_bin","vary_sd",1.36,FALSE,104,0.878098070350996,0.921008376086908,0.9,0.112100562625257,0.86,0.109473581775503,0.0429103057359116
"gamma_bin_7.50_1.36","gamma_bin","vary_sd",1.36,FALSE,105,0.888573897619543,0.927748850286009,0.88,0.108989623330565,0.88,0.106438768324141,0.0391749526664664
"gamma_bin_7.50_1.36","gamma_bin","vary_sd",1.36,FALSE,106,0.901301658370892,0.934881746751386,0.89,0.105932084451149,0.87,0.103337406363883,0.0335800883804936
"gamma_bin_7.50_1.36","gamma_bin","vary_sd",1.36,FALSE,107,0.915897849763235,0.942454842288931,0.89,0.104287522586142,0.87,0.101553818785577,0.0265569925256962
"gamma_bin_7.50_1.36","gamma_bin","vary_sd",1.36,FALSE,108,0.931781890770312,0.94981636360813,0.89,0.104725559756236,0.89,0.101810548062832,0.0180344728378183
"gamma_bin_7.50_1.36","gamma_bin","vary_sd",1.36,FALSE,109,0.964908287444313,0.95674098330471,0.92,0.107355925251004,0.89,0.104684911370253,-0.0081673041396032
"gamma_bin_7.50_1.36","gamma_bin","vary_sd",1.36,FALSE,110,0.980887218164916,0.963185317711664,0.88,0.111430849324533,0.88,0.10875005066045,-0.0177019004532516
"gamma_bin_7.50_1.36","gamma_bin","vary_sd",1.36,FALSE,111,0.995692213942587,0.968796706641232,0.88,0.115879996132706,0.88,0.113255851705732,-0.0268955073013549
"gamma_bin_7.50_1.36","gamma_bin","vary_sd",1.36,FALSE,112,1.00881666031265,0.973528600158283,0.87,0.118434568823854,0.86,0.116023918375159,-0.035288060154367
"gamma_bin_7.50_1.36","gamma_bin","vary_sd",1.36,FALSE,113,1.01983605940048,0.977316518083257,0.83,0.118323699887647,0.84,0.115623241557416,-0.0425195413172232
"gamma_bin_7.50_1.36","gamma_bin","vary_sd",1.36,FALSE,114,1.02841129997895,0.980306491346124,0.8,0.115360031774258,0.78,0.112504333145627,-0.0481048086328262
"gamma_bin_7.50_1.36","gamma_bin","vary_sd",1.36,FALSE,115,1.03430371035801,0.982397846283848,0.79,0.110940643794388,0.76,0.10815611227351,-0.0519058640741615
"gamma_bin_7.50_1.36","gamma_bin","vary_sd",1.36,FALSE,116,1.03743175161603,0.983720589128274,0.78,0.107696079963983,0.76,0.104907008650523,-0.0537111624877558
"gamma_bin_7.50_1.36","gamma_bin","vary_sd",1.36,FALSE,117,1.0378022122009,0.984206480223517,0.81,0.107034809984924,0.78,0.104270026264912,-0.053595731977383
"gamma_bin_7.50_1.36","gamma_bin","vary_sd",1.36,FALSE,118,1.03547276308025,0.984025600541532,0.81,0.109326164024972,0.8,0.106353775879562,-0.0514471625387185
"gamma_bin_7.50_1.36","gamma_bin","vary_sd",1.36,FALSE,119,1.03053550780697,0.983169393393243,0.82,0.112674123090718,0.83,0.109914379959323,-0.0473661144137265
"gamma_bin_7.50_1.36","gamma_bin","vary_sd",1.36,FALSE,120,1.02310221069091,0.98145980747484,0.88,0.116528290087545,0.88,0.113871614551109,-0.0416424032160702
"gamma_bin_7.50_1.36","gamma_bin","vary_sd",1.36,FALSE,121,1.01329357541095,0.979421803610038,0.92,0.118792360007436,0.91,0.11635205428744,-0.0338717718009115
"gamma_bin_7.50_1.36","gamma_bin","vary_sd",1.36,FALSE,122,1.00123289414715,0.976751726258477,0.92,0.118837380840104,0.93,0.116166922558065,-0.0244811678886728
"gamma_bin_7.50_1.36","gamma_bin","vary_sd",1.36,FALSE,123,0.987043160294477,0.973502981848223,0.95,0.116151660355684,0.93,0.113662164246363,-0.0135401784462542
"gamma_bin_7.50_1.36","gamma_bin","vary_sd",1.36,FALSE,124,0.970846430550826,0.969793921116953,0.94,0.112359124006124,0.91,0.109660096963374,-0.00105250943387325
"gamma_bin_7.50_1.36","gamma_bin","vary_sd",1.36,FALSE,125,0.953001568168985,0.966413865204399,0.92,0.108824208386367,0.89,0.106246858133718,0.0134122970354137
"gamma_bin_7.50_1.36","gamma_bin","vary_sd",1.36,FALSE,126,0.934680947695761,0.963079911546913,0.87,0.106839851597545,0.86,0.104353201391965,0.0283989638511517
"gamma_bin_7.50_1.36","gamma_bin","vary_sd",1.36,FALSE,127,0.917145793226913,0.959965295654588,0.79,0.10715570341432,0.78,0.104550894335617,0.042819502427675
"gamma_bin_7.50_1.36","gamma_bin","vary_sd",1.36,FALSE,128,0.901530406151582,0.957687009882404,0.74,0.10977395141419,0.73,0.106855890902013,0.0561566037308221
"gamma_bin_7.50_1.36","gamma_bin","vary_sd",1.36,FALSE,129,0.888820761331304,0.95586217540648,0.71,0.11291783705125,0.69,0.110233014747229,0.0670414140751755
"gamma_bin_7.50_1.36","gamma_bin","vary_sd",1.36,FALSE,130,0.879849051096058,0.955091294647061,0.69,0.115260793020522,0.67,0.11271358318349,0.0752422435510033
"gamma_bin_7.50_1.36","gamma_bin","vary_sd",1.36,FALSE,131,0.875312502934994,0.955111910971317,0.67,0.11592682322643,0.7,0.113585078670848,0.0797994080363235
"gamma_bin_7.50_1.36","gamma_bin","vary_sd",1.36,FALSE,132,0.875810644994376,0.956251940179928,0.69,0.114333380837438,0.68,0.11156554639646,0.080441295185552
"gamma_bin_7.50_1.36","gamma_bin","vary_sd",1.36,FALSE,133,0.881891211117993,0.958690001574883,0.67,0.11105664986979,0.7,0.107922342826579,0.0767987904568896
"gamma_bin_7.50_1.36","gamma_bin","vary_sd",1.36,FALSE,134,0.894096753734329,0.961680419299282,0.66,0.10780613764852,0.68,0.10429486349528,0.0675836655649533
"gamma_bin_7.50_1.36","gamma_bin","vary_sd",1.36,FALSE,135,0.912538889585145,0.965409622756846,0.72,0.106017786540683,0.71,0.103020436847274,0.0528707331717015
"gamma_bin_7.50_1.36","gamma_bin","vary_sd",1.36,FALSE,136,0.935968580436848,0.969301172685922,0.8,0.107181642572293,0.84,0.104269380375097,0.0333325922490735
"gamma_bin_7.50_1.36","gamma_bin","vary_sd",1.36,FALSE,137,0.962748452443007,0.973149480108454,0.88,0.110947104945543,0.91,0.107963158935667,0.0104010276654468
"gamma_bin_7.50_1.36","gamma_bin","vary_sd",1.36,FALSE,138,0.991058087015847,0.976806969643105,0.92,0.115999251346864,0.9,0.11288831339722,-0.0142511173727421
"gamma_bin_7.50_1.36","gamma_bin","vary_sd",1.36,FALSE,139,1.01894781256074,0.979870625886514,0.87,0.12081766790788,0.88,0.117367391356907,-0.0390771866742263
"gamma_bin_7.50_1.36","gamma_bin","vary_sd",1.36,FALSE,140,1.04444932027992,0.982395819769781,0.79,0.123237559875157,0.79,0.120106688058577,-0.0620535005101392
"gamma_bin_7.50_1.36","gamma_bin","vary_sd",1.36,FALSE,141,1.0657059122687,0.984083239675482,0.72,0.122841210694063,0.71,0.119821246008948,-0.0816226725932183
"gamma_bin_7.50_1.36","gamma_bin","vary_sd",1.36,FALSE,142,1.0810929449843,0.984926102864148,0.62,0.119560708222323,0.6,0.116908680872039,-0.0961668421201524
"gamma_bin_7.50_1.36","gamma_bin","vary_sd",1.36,FALSE,143,1.08930930531451,0.985152120346866,0.58,0.115746250678453,0.57,0.113133419667176,-0.104157184967644
"gamma_bin_7.50_1.36","gamma_bin","vary_sd",1.36,FALSE,144,1.08943317712892,0.984738329130068,0.55,0.112565439962917,0.52,0.110200573280666,-0.104694847998852
"gamma_bin_7.50_1.36","gamma_bin","vary_sd",1.36,FALSE,145,1.08148967301391,0.983635402462013,0.58,0.1118870922803,0.56,0.109521947418475,-0.0978542705518967
"gamma_bin_7.50_1.36","gamma_bin","vary_sd",1.36,FALSE,146,1.067118056924,0.981799390253216,0.63,0.113667779937022,0.61,0.111146451367753,-0.0853186666707839
"gamma_bin_7.50_1.36","gamma_bin","vary_sd",1.36,FALSE,147,1.04828964020928,0.979656997512071,0.75,0.117151789059094,0.72,0.11457967392038,-0.0686326426972094
"gamma_bin_7.50_1.36","gamma_bin","vary_sd",1.36,FALSE,148,1.02693455801449,0.977008229021882,0.88,0.121032366329729,0.83,0.11821944336428,-0.0499263289926082
"gamma_bin_7.50_1.36","gamma_bin","vary_sd",1.36,FALSE,149,1.00477443375589,0.974003969804127,0.92,0.122804040550134,0.92,0.120039216735638,-0.0307704639517629
"gamma_bin_7.50_1.36","gamma_bin","vary_sd",1.36,FALSE,150,0.983222907766779,0.970538156210873,0.93,0.121943363502574,0.91,0.119185629866156,-0.0126847515559061
"gamma_bin_7.50_1.36","gamma_bin","vary_sd",1.36,FALSE,151,0.963363940769346,0.966670335456577,0.91,0.11832343028207,0.91,0.115731041897015,0.00330639468723137
"gamma_bin_7.50_1.36","gamma_bin","vary_sd",1.36,FALSE,152,0.945985514931433,0.962702211504083,0.92,0.113264787664976,0.92,0.110811228219666,0.0167166965726496
"gamma_bin_7.50_1.36","gamma_bin","vary_sd",1.36,FALSE,153,0.931639698450479,0.958661343315259,0.87,0.108332882777257,0.87,0.106076359955571,0.0270216448647796
"gamma_bin_7.50_1.36","gamma_bin","vary_sd",1.36,FALSE,154,0.920706027513323,0.95473344174905,0.86,0.105170515736955,0.85,0.102935820432171,0.0340274142357265
"gamma_bin_7.50_1.36","gamma_bin","vary_sd",1.36,FALSE,155,0.913287949909382,0.951134995859631,0.85,0.104562102317088,0.83,0.102312696678581,0.0378470459502486
"gamma_bin_7.50_1.36","gamma_bin","vary_sd",1.36,FALSE,156,0.909118262499206,0.94808959779751,0.85,0.106860211718414,0.85,0.104390996675347,0.0389713352983042
"gamma_bin_7.50_1.36","gamma_bin","vary_sd",1.36,FALSE,157,0.90786599524967,0.945863890294007,0.85,0.110268996392212,0.85,0.107644621685509,0.0379978950443371
"gamma_bin_7.50_1.36","gamma_bin","vary_sd",1.36,FALSE,158,0.909191813449816,0.944625177029267,0.86,0.113036609714877,0.86,0.110798681171674,0.0354333635794508
"gamma_bin_7.50_1.36","gamma_bin","vary_sd",1.36,FALSE,159,0.9127706498954,0.944468517149074,0.88,0.114102283185993,0.86,0.111861490894883,0.0316978672536744
"gamma_bin_7.50_1.36","gamma_bin","vary_sd",1.36,FALSE,160,0.918310343562916,0.945232432202043,0.9,0.112520200089724,0.9,0.110163941068332,0.0269220886391268
"gamma_bin_7.50_1.36","gamma_bin","vary_sd",1.36,FALSE,161,0.925562601543549,0.947168092647918,0.9,0.10913582604697,0.91,0.106730217865534,0.0216054911043693
"gamma_bin_7.50_1.36","gamma_bin","vary_sd",1.36,FALSE,162,0.934326617511047,0.950127822401828,0.91,0.105590476330614,0.93,0.103419382495275,0.0158012048907806
"gamma_bin_7.50_1.36","gamma_bin","vary_sd",1.36,FALSE,163,0.944447396594412,0.954217125357388,0.93,0.103935705264484,0.91,0.101980852670668,0.00976972876297588
"gamma_bin_7.50_1.36","gamma_bin","vary_sd",1.36,FALSE,164,0.955808426255688,0.959042122364028,0.94,0.105217089740515,0.93,0.103233387457955,0.00323369610834034
"gamma_bin_7.50_1.36","gamma_bin","vary_sd",1.36,FALSE,165,0.968171987055275,0.964848549583739,0.92,0.109418900920339,0.93,0.107117512020694,-0.00332343747153563
"gamma_bin_7.50_1.36","gamma_bin","vary_sd",1.36,FALSE,166,0.981075418082579,0.971263365018672,0.93,0.115320513862415,0.91,0.11234358993298,-0.00981205306390665
"gamma_bin_7.50_1.36","gamma_bin","vary_sd",1.36,FALSE,167,0.99403776313242,0.978013741881365,0.92,0.120451557368639,0.92,0.117307331778148,-0.0160240212510547
"gamma_bin_7.50_1.36","gamma_bin","vary_sd",1.36,FALSE,168,1.00658618871785,0.985277191701556,0.9,0.123547840331644,0.9,0.120304128818662,-0.0213089970162941
"gamma_bin_7.50_1.36","gamma_bin","vary_sd",1.36,FALSE,169,1.01827263962082,0.993216189709781,0.9,0.123506919738924,0.9,0.120203008298955,-0.0250564499110393
"gamma_bin_7.50_1.36","gamma_bin","vary_sd",1.36,FALSE,170,1.02869207421039,1.00170397895113,0.91,0.120721397898756,0.9,0.117542509914983,-0.0269880952592605
"gamma_bin_7.50_1.36","gamma_bin","vary_sd",1.36,FALSE,171,1.03749575970787,1.01089825303407,0.9,0.116677034703176,0.85,0.113826402737233,-0.0265975066738011
"gamma_bin_7.50_1.36","gamma_bin","vary_sd",1.36,FALSE,172,1.04439766370686,1.02053256480011,0.88,0.114344439782821,0.86,0.111107692974819,-0.0238650989067501
"gamma_bin_7.50_1.36","gamma_bin","vary_sd",1.36,FALSE,173,1.04917474480308,1.03071757480947,0.87,0.113866639488223,0.85,0.111323510684937,-0.0184571699936056
"gamma_bin_7.50_1.36","gamma_bin","vary_sd",1.36,FALSE,174,1.05167598943045,1.04133396481912,0.89,0.116563585630434,0.88,0.114267519333331,-0.0103420246113297
"gamma_bin_7.50_1.36","gamma_bin","vary_sd",1.36,FALSE,175,1.05228684352057,1.05223196347656,0.92,0.121134752726081,0.91,0.118699953414864,-5.48800440092201e-05
"gamma_bin_7.50_1.36","gamma_bin","vary_sd",1.36,FALSE,176,1.05205037229906,1.06371506558244,0.92,0.126532887595889,0.93,0.123920791955194,0.0116646932833819
"gamma_bin_7.50_1.36","gamma_bin","vary_sd",1.36,FALSE,177,1.05206304074467,1.07602336245514,0.91,0.130791446480913,0.9,0.128309803365722,0.023960321710466
"gamma_bin_7.50_1.36","gamma_bin","vary_sd",1.36,FALSE,178,1.0533911428065,1.08927906637571,0.89,0.132509462210604,0.86,0.13005497908452,0.035887923569212
"gamma_bin_7.50_1.36","gamma_bin","vary_sd",1.36,FALSE,179,1.05702523270082,1.10341716774595,0.84,0.13130743507288,0.83,0.128931983328117,0.0463919350451323
"gamma_bin_7.50_1.36","gamma_bin","vary_sd",1.36,FALSE,180,1.06385390304002,1.11793776949769,0.83,0.12846908026169,0.79,0.126196808817048,0.0540838664576715
"gamma_bin_7.50_1.36","gamma_bin","vary_sd",1.36,FALSE,181,1.07466368846286,1.13329709084437,0.75,0.125703019747255,0.75,0.1234927545615,0.0586334023815147
"gamma_bin_7.50_1.36","gamma_bin","vary_sd",1.36,FALSE,182,1.09015918537017,1.14819756599007,0.8,0.125776808507937,0.8,0.123189650576567,0.0580383806199019
"gamma_bin_7.50_1.36","gamma_bin","vary_sd",1.36,FALSE,183,1.11099415707904,1.16284287518148,0.82,0.129530952147071,0.82,0.126848566090953,0.051848718102437
"gamma_bin_7.50_1.36","gamma_bin","vary_sd",1.36,FALSE,184,1.13776253966062,1.17664328102818,0.84,0.135843729489711,0.84,0.132417431804035,0.0388807413675571
"gamma_bin_7.50_1.36","gamma_bin","vary_sd",1.36,FALSE,185,1.16994138910722,1.1892711872998,0.88,0.142516335970132,0.87,0.138763258339692,0.01932979819258
"gamma_bin_7.50_1.36","gamma_bin","vary_sd",1.36,FALSE,186,1.20568067952197,1.19986479233031,0.89,0.148256064071072,0.88,0.144601545499326,-0.00581588719165826
"gamma_bin_7.50_1.36","gamma_bin","vary_sd",1.36,FALSE,187,1.24280592689739,1.20917547103299,0.88,0.150851875907912,0.87,0.147068720684912,-0.033630455864404
"gamma_bin_7.50_1.36","gamma_bin","vary_sd",1.36,FALSE,188,1.27892507759421,1.2169398248405,0.84,0.149928461234775,0.84,0.146375550453479,-0.0619852527537148
"gamma_bin_7.50_1.36","gamma_bin","vary_sd",1.36,FALSE,189,1.31157809299846,1.22254399255723,0.79,0.146548258438131,0.76,0.14309243355808,-0.0890341004412327
"gamma_bin_7.50_1.36","gamma_bin","vary_sd",1.36,FALSE,190,1.33842575739913,1.22631244168897,0.71,0.142588546970252,0.63,0.138923775460353,-0.112113315710163
"gamma_bin_7.50_1.36","gamma_bin","vary_sd",1.36,FALSE,191,1.35742493987032,1.22790730634648,0.61,0.139578165465089,0.54,0.136165598956035,-0.129517633523838
"gamma_bin_7.50_1.36","gamma_bin","vary_sd",1.36,FALSE,192,1.36695842059754,1.22738951219931,0.53,0.139577043534336,0.5,0.13594564027999,-0.139568908398231
"gamma_bin_7.50_1.36","gamma_bin","vary_sd",1.36,FALSE,193,1.36590703303142,1.22477896548671,0.52,0.141797347584947,0.47,0.138547995121849,-0.141128067544714
"gamma_bin_7.50_1.36","gamma_bin","vary_sd",1.36,FALSE,194,1.35374441935837,1.22017754378902,0.57,0.145993240198495,0.56,0.142772230045549,-0.133566875569347
"gamma_bin_7.50_1.36","gamma_bin","vary_sd",1.36,FALSE,195,1.33179505256341,1.2136434391296,0.67,0.14907277967275,0.6,0.145661479623966,-0.118151613433814
"gamma_bin_7.50_1.36","gamma_bin","vary_sd",1.36,FALSE,196,1.30282908300336,1.20555537990058,0.74,0.149431019573137,0.73,0.14601557679024,-0.0972737031027835
"gamma_bin_7.50_1.36","gamma_bin","vary_sd",1.36,FALSE,197,1.26962792749398,1.19560003601812,0.81,0.146229751005824,0.81,0.143045989053042,-0.0740278914758599
"gamma_bin_7.50_1.36","gamma_bin","vary_sd",1.36,FALSE,198,1.23470197201586,1.18397839380116,0.87,0.140360753735232,0.85,0.137506855783401,-0.0507235782147049
"gamma_bin_7.50_1.36","gamma_bin","vary_sd",1.36,FALSE,199,1.20012008532359,1.17063909257511,0.91,0.133643010849173,0.89,0.130961221669733,-0.0294809927484818
"gamma_bin_7.50_1.36","gamma_bin","vary_sd",1.36,FALSE,200,1.16745324780638,1.15668202096567,0.91,0.128540767967054,0.91,0.125869925845204,-0.0107712268407103
"gamma_bin_7.50_1.36","gamma_bin","vary_sd",1.36,FALSE,201,1.13781324493009,1.1430632147797,0.9,0.126460604459011,0.91,0.123711804750864,0.00524996984960557
"gamma_bin_7.50_1.36","gamma_bin","vary_sd",1.36,FALSE,202,1.11194114249594,1.12925783035776,0.91,0.127918527088254,0.91,0.124816152371583,0.0173166878618192
"gamma_bin_7.50_1.36","gamma_bin","vary_sd",1.36,FALSE,203,1.09030738318271,1.11676235479524,0.91,0.131156936332094,0.91,0.127836499738069,0.0264549716125329
"gamma_bin_7.50_1.36","gamma_bin","vary_sd",1.36,FALSE,204,1.07317842503564,1.10587536128347,0.92,0.134608008775873,0.92,0.131283702902494,0.0326969362478315
"gamma_bin_7.50_1.36","gamma_bin","vary_sd",1.36,FALSE,205,1.06040347302214,1.09703780768067,0.9,0.13613818866988,0.91,0.132738316431095,0.0366343346585258
"gamma_bin_7.50_1.36","gamma_bin","vary_sd",1.36,FALSE,206,1.05156904168052,1.09012837085675,0.89,0.13511938303717,0.89,0.131797880799105,0.0385593291762256
"gamma_bin_7.50_1.36","gamma_bin","vary_sd",1.36,FALSE,207,1.04624950999474,1.08516297684563,0.88,0.131130358587351,0.88,0.127985985360315,0.0389134668508886
"gamma_bin_7.50_1.36","gamma_bin","vary_sd",1.36,FALSE,208,1.04403704329192,1.08254024447865,0.86,0.12556112374118,0.89,0.122835782158893,0.0385032011867312
"gamma_bin_7.50_1.36","gamma_bin","vary_sd",1.36,FALSE,209,1.0445651521307,1.0823329747268,0.86,0.121056917744835,0.85,0.118084236098059,0.0377678225961036
"gamma_bin_7.50_1.36","gamma_bin","vary_sd",1.36,FALSE,210,1.04752392002038,1.08430789177304,0.85,0.118891140381305,0.83,0.11621407656334,0.036783971752657
"gamma_bin_7.50_1.36","gamma_bin","vary_sd",1.36,FALSE,211,1.05266551803821,1.08835625093509,0.83,0.120511909503058,0.82,0.1179736685516,0.0356907328968827
"gamma_bin_7.50_1.36","gamma_bin","vary_sd",1.36,FALSE,212,1.0598023103751,1.09459986366504,0.85,0.125023072750976,0.82,0.121873610488977,0.0347975532899449
"gamma_bin_7.50_1.36","gamma_bin","vary_sd",1.36,FALSE,213,1.06880062573221,1.10272608483245,0.87,0.130634134748375,0.85,0.127530567436192,0.0339254591002371
"gamma_bin_7.50_1.36","gamma_bin","vary_sd",1.36,FALSE,214,1.0795784696348,1.11268164036163,0.87,0.13542980046227,0.86,0.132468906587746,0.0331031707268266
"gamma_bin_7.50_1.36","gamma_bin","vary_sd",1.36,FALSE,215,1.09215111452811,1.1245323016219,0.86,0.138283059331651,0.88,0.135231153312934,0.0323811870937947
"gamma_bin_7.50_1.36","gamma_bin","vary_sd",1.36,FALSE,216,1.10660255202503,1.13814252378846,0.88,0.13818863133414,0.88,0.135088654783303,0.0315399717634277
"gamma_bin_7.50_1.36","gamma_bin","vary_sd",1.36,FALSE,217,1.1230463183655,1.15412963192317,0.87,0.135288280307616,0.88,0.131996724873852,0.0310833135576654
"gamma_bin_7.50_1.36","gamma_bin","vary_sd",1.36,FALSE,218,1.14161803384419,1.17164964988038,0.86,0.132182228364842,0.88,0.128210332177612,0.0300316160361944
"gamma_bin_7.50_1.36","gamma_bin","vary_sd",1.36,FALSE,219,1.16246850453014,1.19057110940476,0.88,0.130551157518029,0.9,0.126849971811724,0.0281026048746198
"gamma_bin_7.50_1.36","gamma_bin","vary_sd",1.36,FALSE,220,1.18575867786174,1.21069832809063,0.9,0.132314647134802,0.89,0.128814716224417,0.0249396502288941
"gamma_bin_7.50_1.36","gamma_bin","vary_sd",1.36,FALSE,221,1.21165701983639,1.23184490831013,0.94,0.13771242842078,0.95,0.134403397144929,0.0201878884737448
"gamma_bin_7.50_1.36","gamma_bin","vary_sd",1.36,FALSE,222,1.24033898455105,1.25323804437655,0.93,0.144777864051416,0.95,0.141629448355951,0.0128990598255041
"gamma_bin_7.50_1.36","gamma_bin","vary_sd",1.36,FALSE,223,1.27198794287079,1.27447891961029,0.94,0.151179232980042,0.95,0.148189487054546,0.00249097673950471
"gamma_bin_7.50_1.36","gamma_bin","vary_sd",1.36,FALSE,224,1.30666523446541,1.29482558646727,0.93,0.155527999229768,0.92,0.15239247377201,-0.0118396479981373
"gamma_bin_7.50_1.36","gamma_bin","vary_sd",1.36,FALSE,225,1.3433530482977,1.31416951947529,0.92,0.156492280911515,0.92,0.153034998233321,-0.0291835288224092
"gamma_bin_7.50_1.36","gamma_bin","vary_sd",1.36,FALSE,226,1.38038171186225,1.33287407877851,0.89,0.154511609521991,0.88,0.151011419645785,-0.0475076330837403
"gamma_bin_7.50_1.36","gamma_bin","vary_sd",1.36,FALSE,227,1.41592160258673,1.35051641489008,0.84,0.151275805219698,0.86,0.147934514434843,-0.0654051876966459
"gamma_bin_7.50_1.36","gamma_bin","vary_sd",1.36,FALSE,228,1.44808142918806,1.36633143337771,0.8,0.149224720768431,0.79,0.145861300789656,-0.0817499958103522
"gamma_bin_7.50_1.36","gamma_bin","vary_sd",1.36,FALSE,229,1.47504730588812,1.38003761971107,0.74,0.14968357400062,0.72,0.146371939598043,-0.095009686177054
"gamma_bin_7.50_1.36","gamma_bin","vary_sd",1.36,FALSE,230,1.49521587906308,1.39181219202227,0.71,0.153323441809928,0.69,0.149859361004522,-0.10340368704081
"gamma_bin_7.50_1.36","gamma_bin","vary_sd",1.36,FALSE,231,1.50729103953841,1.40028306353348,0.71,0.159866295711581,0.68,0.156802497528502,-0.107007976004932
"gamma_bin_7.50_1.36","gamma_bin","vary_sd",1.36,FALSE,232,1.51033534857617,1.40562674127881,0.71,0.167145885948355,0.7,0.16397801224954,-0.104708607297356
"gamma_bin_7.50_1.36","gamma_bin","vary_sd",1.36,FALSE,233,1.50378097074586,1.40785067743456,0.72,0.172534781054445,0.71,0.168835890458223,-0.095930293311304
"gamma_bin_7.50_1.36","gamma_bin","vary_sd",1.36,FALSE,234,1.48764960471254,1.40661627412956,0.79,0.173355656844638,0.76,0.169197014848577,-0.0810333305829813
"gamma_bin_7.50_1.36","gamma_bin","vary_sd",1.36,FALSE,235,1.46373241708909,1.40148469096288,0.84,0.170199598013273,0.84,0.165662786301174,-0.0622477261262055
"gamma_bin_7.50_1.36","gamma_bin","vary_sd",1.36,FALSE,236,1.43448143272486,1.39342617058935,0.86,0.164560394747894,0.86,0.15994361322537,-0.0410552621355063
"gamma_bin_7.50_1.36","gamma_bin","vary_sd",1.36,FALSE,237,1.40223769952072,1.38303735880531,0.89,0.15896016324476,0.88,0.154381406095646,-0.0192003407154111
"gamma_bin_7.50_1.36","gamma_bin","vary_sd",1.36,FALSE,238,1.36905513115977,1.37089188082367,0.92,0.155164372845869,0.91,0.151305515754176,0.00183674966390424
"gamma_bin_7.50_1.36","gamma_bin","vary_sd",1.36,FALSE,239,1.33659069308879,1.35750041862779,0.92,0.155828274817722,0.92,0.152087248927713,0.0209097255389958
"gamma_bin_7.50_1.36","gamma_bin","vary_sd",1.36,FALSE,240,1.30608415861083,1.34343201363939,0.93,0.159277484390133,0.93,0.155518747221453,0.0373478550285633
"gamma_bin_7.50_1.36","gamma_bin","vary_sd",1.36,FALSE,241,1.27840456713347,1.32887380879815,0.9,0.163361992012059,0.88,0.15919327495475,0.0504692416646773
"gamma_bin_7.50_1.36","gamma_bin","vary_sd",1.36,FALSE,242,1.25412742548082,1.31431617058897,0.89,0.165826526086499,0.86,0.161448179355454,0.0601887451081506
"gamma_bin_7.50_1.36","gamma_bin","vary_sd",1.36,FALSE,243,1.23361554311767,1.3003066594682,0.89,0.165849039681723,0.88,0.161538804790778,0.066691116350527
"gamma_bin_7.50_1.36","gamma_bin","vary_sd",1.36,FALSE,244,1.21706403589592,1.28697599986404,0.88,0.164437232677576,0.87,0.160719358989016,0.0699119639681247
"gamma_bin_7.50_1.36","gamma_bin","vary_sd",1.36,FALSE,245,1.20445667363505,1.27386833811834,0.86,0.163647230454361,0.87,0.159882478182563,0.0694116644832921
"gamma_bin_7.50_1.36","gamma_bin","vary_sd",1.36,FALSE,246,1.19569657050359,1.26208773454638,0.87,0.165930262665475,0.9,0.161603955752275,0.0663911640427932
"gamma_bin_7.50_1.36","gamma_bin","vary_sd",1.36,FALSE,247,1.19067334691389,1.25109712076789,0.89,0.173780864050419,0.92,0.169011671318268,0.0604237738539952
"gamma_bin_7.50_1.36","gamma_bin","vary_sd",1.36,FALSE,248,1.1892846905786,1.24055626798307,0.92,0.187181525457103,0.92,0.182586916043075,0.0512715774044679
"gamma_bin_7.50_1.36","gamma_bin","vary_sd",1.36,FALSE,249,1.1914521017446,1.23105519475144,0.95,0.206536524296458,0.95,0.201156251294837,0.0396030930068361
"gamma_bin_7.50_1.36","gamma_bin","vary_sd",1.36,FALSE,250,1.19713021020468,1.22276855453238,0.97,0.229193289713348,0.98,0.223214359402454,0.0256383443276988
"gamma_bin_7.50_1.36","gamma_bin","vary_sd",1.36,FALSE,251,1.20631090184647,1.21527081094864,0.99,0.25319880750623,0.99,0.246493245725612,0.00895990910217126
"gamma_bin_7.50_1.36","gamma_bin","vary_sd",1.36,FALSE,252,1.21902415582724,1.20848524731296,0.99,0.277095958284471,0.99,0.269884598579716,-0.0105389085142775
"gamma_bin_7.50_1.36","gamma_bin","vary_sd",1.36,FALSE,253,1.23533724681924,1.20304864059743,0.99,0.30148267975699,0.99,0.292896545358247,-0.0322886062218062
"gamma_bin_7.50_2.04","gamma_bin","vary_sd",2.04,FALSE,2,6.47633271060018,NA,NA,NA,NA,NA,NA
"gamma_bin_7.50_2.04","gamma_bin","vary_sd",2.04,FALSE,3,5.39748004467528,NA,NA,NA,NA,NA,NA
"gamma_bin_7.50_2.04","gamma_bin","vary_sd",2.04,FALSE,4,4.52153259075373,NA,NA,NA,NA,NA,NA
"gamma_bin_7.50_2.04","gamma_bin","vary_sd",2.04,FALSE,5,3.81075688710478,NA,NA,NA,NA,NA,NA
"gamma_bin_7.50_2.04","gamma_bin","vary_sd",2.04,FALSE,6,3.23384975678135,NA,NA,NA,NA,NA,NA
"gamma_bin_7.50_2.04","gamma_bin","vary_sd",2.04,FALSE,7,2.76512519694591,3.1659000129907,0.75,0.551126504425525,0.79,0.536931583495125,0.400774816044786
"gamma_bin_7.50_2.04","gamma_bin","vary_sd",2.04,FALSE,8,2.38350063829982,1.99918010597513,0.48,0.365659704558584,0.4,0.356233623523101,-0.384320532324688
"gamma_bin_7.50_2.04","gamma_bin","vary_sd",2.04,FALSE,9,2.07220990816182,1.51051996033153,0.04,0.279737797498508,0.05,0.272904668839563,-0.561689947830291
"gamma_bin_7.50_2.04","gamma_bin","vary_sd",2.04,FALSE,10,1.8180094782711,1.28193670290341,0.01,0.232445184884441,0.01,0.227440371593347,-0.536072775367692
"gamma_bin_7.50_2.04","gamma_bin","vary_sd",2.04,FALSE,11,1.61045019265924,1.16883070062314,0.03,0.2010734528435,0.03,0.197772552914944,-0.441619492036099
"gamma_bin_7.50_2.04","gamma_bin","vary_sd",2.04,FALSE,12,1.44129331371926,1.11038019231041,0.09,0.177942404588969,0.07,0.174707670271137,-0.330913121408851
"gamma_bin_7.50_2.04","gamma_bin","vary_sd",2.04,FALSE,13,1.30405110997497,1.07771887582478,0.22,0.158696962534616,0.19,0.156139539693753,-0.226332234150191
"gamma_bin_7.50_2.04","gamma_bin","vary_sd",2.04,FALSE,14,1.1936337473603,1.05680893250721,0.52,0.143963158738022,0.53,0.141277856132998,-0.136824814853095
"gamma_bin_7.50_2.04","gamma_bin","vary_sd",2.04,FALSE,15,1.10608275580624,1.04030219204015,0.81,0.133678047621885,0.83,0.130977144437102,-0.0657805637660889
"gamma_bin_7.50_2.04","gamma_bin","vary_sd",2.04,FALSE,16,1.03836845094092,1.02545909194294,0.91,0.127284148624031,0.9,0.124305166462493,-0.0129093589979767
"gamma_bin_7.50_2.04","gamma_bin","vary_sd",2.04,FALSE,17,0.987514418464918,1.01098784597386,0.93,0.12324026452826,0.92,0.120274716966875,0.023473427508945
"gamma_bin_7.50_2.04","gamma_bin","vary_sd",2.04,FALSE,18,0.94985341422689,0.996309969216904,0.9,0.119749336200776,0.86,0.117164399418749,0.0464565549900139
"gamma_bin_7.50_2.04","gamma_bin","vary_sd",2.04,FALSE,19,0.922342058412537,0.981379689909482,0.81,0.116060120340128,0.8,0.113631292916355,0.0590376314969446
"gamma_bin_7.50_2.04","gamma_bin","vary_sd",2.04,FALSE,20,0.902533145800087,0.966049706248654,0.76,0.111279408116017,0.78,0.108928856277191,0.0635165604485667
"gamma_bin_7.50_2.04","gamma_bin","vary_sd",2.04,FALSE,21,0.888443579660898,0.950579830424715,0.75,0.105553282587391,0.75,0.103626374123199,0.0621362507638169
"gamma_bin_7.50_2.04","gamma_bin","vary_sd",2.04,FALSE,22,0.878474950045775,0.934903183184248,0.77,0.100035512573175,0.76,0.098152710622055,0.0564282331384727
"gamma_bin_7.50_2.04","gamma_bin","vary_sd",2.04,FALSE,23,0.871353706634507,0.919179736113952,0.79,0.0960398751148839,0.8,0.0940077404622507,0.0478260294794447
"gamma_bin_7.50_2.04","gamma_bin","vary_sd",2.04,FALSE,24,0.866079695774009,0.903693588036038,0.85,0.0940839286551251,0.85,0.0922039271058314,0.0376138922620288
"gamma_bin_7.50_2.04","gamma_bin","vary_sd",2.04,FALSE,25,0.861880113955128,0.888183915848791,0.9,0.0947618606232083,0.9,0.0926690882510726,0.0263038018936631
"gamma_bin_7.50_2.04","gamma_bin","vary_sd",2.04,FALSE,26,0.858167576978305,0.872814638659529,0.92,0.0964096163997959,0.94,0.0941129188363466,0.0146470616812239
"gamma_bin_7.50_2.04","gamma_bin","vary_sd",2.04,FALSE,27,0.854446587171991,0.857629291699426,0.98,0.0973619317178882,0.98,0.095119117899691,0.00318270452743497
"gamma_bin_7.50_2.04","gamma_bin","vary_sd",2.04,FALSE,28,0.850242530612154,0.842782186361889,0.96,0.0971602035612351,0.96,0.0950622904930771,-0.00746034425026509
"gamma_bin_7.50_2.04","gamma_bin","vary_sd",2.04,FALSE,29,0.845168044117022,0.828471253016149,0.96,0.0951204550224899,0.95,0.0929473669619944,-0.0166967911008726
"gamma_bin_7.50_2.04","gamma_bin","vary_sd",2.04,FALSE,30,0.838916821827613,0.814394236796649,0.92,0.0910856611279546,0.93,0.0891642871714142,-0.0245225850309637
"gamma_bin_7.50_2.04","gamma_bin","vary_sd",2.04,FALSE,31,0.83125458603177,0.800783639149758,0.87,0.0864512679020338,0.84,0.0846746267458636,-0.0304709468820122
"gamma_bin_7.50_2.04","gamma_bin","vary_sd",2.04,FALSE,32,0.822012955905288,0.787633726973474,0.85,0.082391576277912,0.84,0.0807211734162375,-0.0343792289318142
"gamma_bin_7.50_2.04","gamma_bin","vary_sd",2.04,FALSE,33,0.811083441801087,0.774904719589185,0.82,0.0804132252567032,0.8,0.0783608491419599,-0.0361787222119023
"gamma_bin_7.50_2.04","gamma_bin","vary_sd",2.04,FALSE,34,0.798410706391415,0.762240449330066,0.84,0.0808365776001581,0.79,0.0789103785034666,-0.0361702570613494
"gamma_bin_7.50_2.04","gamma_bin","vary_sd",2.04,FALSE,35,0.783985284249482,0.749929160889351,0.89,0.0823995473653466,0.84,0.0806245570253967,-0.0340561233601314
"gamma_bin_7.50_2.04","gamma_bin","vary_sd",2.04,FALSE,36,0.767842249776292,0.738134006214707,0.92,0.0839357185298339,0.9,0.082014936559011,-0.0297082435615845
"gamma_bin_7.50_2.04","gamma_bin","vary_sd",2.04,FALSE,37,0.750320099865667,0.726727740542248,0.95,0.0842696397186423,0.95,0.0824298421560384,-0.0235923593234187
"gamma_bin_7.50_2.04","gamma_bin","vary_sd",2.04,FALSE,38,0.732127511283489,0.715478478705493,0.95,0.0831316550737161,0.95,0.081206126296289,-0.0166490325779963
"gamma_bin_7.50_2.04","gamma_bin","vary_sd",2.04,FALSE,39,0.713945546467747,0.704560056779464,0.96,0.0800739348188874,0.95,0.0782412029611047,-0.00938548968828334
"gamma_bin_7.50_2.04","gamma_bin","vary_sd",2.04,FALSE,40,0.696377644387645,0.69405157248298,0.95,0.0764915471056708,0.95,0.0747747869851611,-0.00232607190466494
"gamma_bin_7.50_2.04","gamma_bin","vary_sd",2.04,FALSE,41,0.679931575981829,0.683899260744854,0.95,0.0734402109448183,0.94,0.0719395342683996,0.00396768476302467
"gamma_bin_7.50_2.04","gamma_bin","vary_sd",2.04,FALSE,42,0.665012401557135,0.674585903532827,0.94,0.0717383643211781,0.93,0.0703953042907827,0.00957350197569151
"gamma_bin_7.50_2.04","gamma_bin","vary_sd",2.04,FALSE,43,0.65192842067752,0.666030149743352,0.94,0.0718580184197876,0.94,0.0704421807928523,0.014101729065832
"gamma_bin_7.50_2.04","gamma_bin","vary_sd",2.04,FALSE,44,0.640906266957601,0.658592919299755,0.94,0.0735474102540378,0.93,0.0719657562923169,0.0176866523421539
"gamma_bin_7.50_2.04","gamma_bin","vary_sd",2.04,FALSE,45,0.632110069284813,0.652157466645031,0.96,0.0756576913667167,0.94,0.0737903596229334,0.0200473973602184
"gamma_bin_7.50_2.04","gamma_bin","vary_sd",2.04,FALSE,46,0.625656360123327,0.647210878489919,0.95,0.0771111765510769,0.96,0.0752200218202247,0.0215545183665915
"gamma_bin_7.50_2.04","gamma_bin","vary_sd",2.04,FALSE,47,0.621502273809677,0.643473996002924,0.97,0.077221381877566,0.94,0.0755583083053685,0.0219717221932473
"gamma_bin_7.50_2.04","gamma_bin","vary_sd",2.04,FALSE,48,0.619441171957512,0.641044193746117,0.98,0.0758170260878545,0.97,0.0742496029159603,0.0216030217886053
"gamma_bin_7.50_2.04","gamma_bin","vary_sd",2.04,FALSE,49,0.619256488578844,0.639787770858723,0.95,0.0728146620593194,0.97,0.0713895077890656,0.0205312822798794
"gamma_bin_7.50_2.04","gamma_bin","vary_sd",2.04,FALSE,50,0.620736004042686,0.639870114009265,0.95,0.0698082501410844,0.92,0.0683319374842598,0.0191341099665787
"gamma_bin_7.50_2.04","gamma_bin","vary_sd",2.04,FALSE,51,0.623679916186844,0.64096294009309,0.94,0.0679951057152275,0.93,0.0666074553991529,0.0172830239062456
"gamma_bin_7.50_2.04","gamma_bin","vary_sd",2.04,FALSE,52,0.627908213332621,0.64309946025067,0.93,0.068172461665965,0.92,0.0668173711482892,0.0151912469180492
"gamma_bin_7.50_2.04","gamma_bin","vary_sd",2.04,FALSE,53,0.633265384812971,0.646173271187803,0.9,0.0699172874356318,0.92,0.068510223646661,0.012907886374832
"gamma_bin_7.50_2.04","gamma_bin","vary_sd",2.04,FALSE,54,0.639622221613428,0.650261161329772,0.92,0.0727481047457449,0.92,0.0711517938245144,0.0106389397163444
"gamma_bin_7.50_2.04","gamma_bin","vary_sd",2.04,FALSE,55,0.646875295241765,0.65499753691021,0.93,0.0755353297100639,0.92,0.0738049402193207,0.008122241668445
"gamma_bin_7.50_2.04","gamma_bin","vary_sd",2.04,FALSE,56,0.654940797889892,0.660327480338428,0.94,0.0771563158631861,0.94,0.0755190809279523,0.00538668244853646
"gamma_bin_7.50_2.04","gamma_bin","vary_sd",2.04,FALSE,57,0.663667548235467,0.666048050951309,0.93,0.0775301442616712,0.95,0.0756113858228904,0.00238050271584211
"gamma_bin_7.50_2.04","gamma_bin","vary_sd",2.04,FALSE,58,0.67283196893338,0.67250458638271,0.96,0.0763176081603097,0.95,0.0743754048053682,-0.000327382550669664
"gamma_bin_7.50_2.04","gamma_bin","vary_sd",2.04,FALSE,59,0.682212593504884,0.679308863094369,0.95,0.0748380608558133,0.94,0.0727128049310663,-0.00290373041051462
"gamma_bin_7.50_2.04","gamma_bin","vary_sd",2.04,FALSE,60,0.691594549334227,0.686502995175168,0.95,0.0740314679411274,0.94,0.0719871824589959,-0.00509155415905871
"gamma_bin_7.50_2.04","gamma_bin","vary_sd",2.04,FALSE,61,0.700774343176902,0.694044212036854,0.96,0.0744513586745502,0.96,0.0725301365610685,-0.00673013114004839
"gamma_bin_7.50_2.04","gamma_bin","vary_sd",2.04,FALSE,62,0.709565411363515,0.701597436532297,0.95,0.0766717978140416,0.97,0.0746337475321058,-0.00796797483121836
"gamma_bin_7.50_2.04","gamma_bin","vary_sd",2.04,FALSE,63,0.717802382251417,0.709282389176237,0.97,0.0800753187611581,0.96,0.0779693425856566,-0.00851999307518003
"gamma_bin_7.50_2.04","gamma_bin","vary_sd",2.04,FALSE,64,0.725343303375917,0.716883133799324,0.99,0.0832647840749316,0.98,0.0815052472645836,-0.00846016957659346
"gamma_bin_7.50_2.04","gamma_bin","vary_sd",2.04,FALSE,65,0.732069930484564,0.724590332386232,0.98,0.0857439132903706,0.97,0.0840296486511517,-0.00747959809833187
"gamma_bin_7.50_2.04","gamma_bin","vary_sd",2.04,FALSE,66,0.737895666769886,0.732127230372296,0.97,0.0865947294878135,0.97,0.0847458170678892,-0.00576843639758995
"gamma_bin_7.50_2.04","gamma_bin","vary_sd",2.04,FALSE,67,0.742895958587221,0.739548014989354,0.95,0.0856001410164327,0.95,0.0837109241873759,-0.00334794359786716
"gamma_bin_7.50_2.04","gamma_bin","vary_sd",2.04,FALSE,68,0.747278763319657,0.746839876189437,0.95,0.0835631548334601,0.91,0.0816529742564639,-0.000438887130219556
"gamma_bin_7.50_2.04","gamma_bin","vary_sd",2.04,FALSE,69,0.751271373438236,0.753864827675081,0.94,0.0816691548274235,0.93,0.0798692670476358,0.00259345423684498
"gamma_bin_7.50_2.04","gamma_bin","vary_sd",2.04,FALSE,70,0.755105697598796,0.761023469542513,0.94,0.0809787704743005,0.93,0.0789259815231009,0.00591777194371723
"gamma_bin_7.50_2.04","gamma_bin","vary_sd",2.04,FALSE,71,0.759004827658807,0.767798366728119,0.93,0.0820873706600483,0.93,0.0799541175857557,0.00879353906931213
"gamma_bin_7.50_2.04","gamma_bin","vary_sd",2.04,FALSE,72,0.76317231106088,0.774339448685956,0.96,0.0845188158235909,0.94,0.0826349444093343,0.0111671376250762
"gamma_bin_7.50_2.04","gamma_bin","vary_sd",2.04,FALSE,73,0.767786202417761,0.780433517446514,0.97,0.0879387146824319,0.96,0.086240544485099,0.0126473150287526
"gamma_bin_7.50_2.04","gamma_bin","vary_sd",2.04,FALSE,74,0.772997638290372,0.786330227474958,0.97,0.0911961754821782,0.95,0.0894272440234362,0.0133325891845862
"gamma_bin_7.50_2.04","gamma_bin","vary_sd",2.04,FALSE,75,0.77893263784533,0.791994020512862,0.96,0.0932160732529556,0.95,0.0913343034035547,0.0130613826675318
"gamma_bin_7.50_2.04","gamma_bin","vary_sd",2.04,FALSE,76,0.78568141824908,0.797790917477882,0.97,0.0932451222878147,0.96,0.0913955945471618,0.0121094992288021
"gamma_bin_7.50_2.04","gamma_bin","vary_sd",2.04,FALSE,77,0.793148670755028,0.803473908822555,0.96,0.0918221013718401,0.97,0.0899081686817638,0.0103252380675269
"gamma_bin_7.50_2.04","gamma_bin","vary_sd",2.04,FALSE,78,0.801109464577554,0.80880457652116,0.98,0.0901292100219842,0.97,0.0879804254119954,0.00769511194360573
"gamma_bin_7.50_2.04","gamma_bin","vary_sd",2.04,FALSE,79,0.809317687520099,0.814089098170544,0.97,0.0892850268822145,0.97,0.0872483606087921,0.00477141065044506
"gamma_bin_7.50_2.04","gamma_bin","vary_sd",2.04,FALSE,80,0.817518562189946,0.819281361348257,0.98,0.090321006279093,0.98,0.0881584153135968,0.00176279915831123
"gamma_bin_7.50_2.04","gamma_bin","vary_sd",2.04,FALSE,81,0.825462916255739,0.824120233454704,0.97,0.0929498193697428,0.96,0.0905196560603314,-0.00134268280103467
"gamma_bin_7.50_2.04","gamma_bin","vary_sd",2.04,FALSE,82,0.832920079463184,0.828959145377552,0.97,0.0961872775372548,0.97,0.0935607202776319,-0.00396093408563225
"gamma_bin_7.50_2.04","gamma_bin","vary_sd",2.04,FALSE,83,0.83968668789734,0.833350294504643,0.98,0.0993374545839507,0.98,0.0966141836294515,-0.00633639339269709
"gamma_bin_7.50_2.04","gamma_bin","vary_sd",2.04,FALSE,84,0.845591000049052,0.837327011003834,0.99,0.101095366232026,0.98,0.0982985757046758,-0.00826398904521797
"gamma_bin_7.50_2.04","gamma_bin","vary_sd",2.04,FALSE,85,0.850493536894317,0.841273235687412,0.99,0.100693750117462,0.98,0.0982008721106634,-0.00922030120690465
"gamma_bin_7.50_2.04","gamma_bin","vary_sd",2.04,FALSE,86,0.854297533108007,0.844337304934293,0.96,0.0983580668639129,0.93,0.0962032651987132,-0.00996022817371434
"gamma_bin_7.50_2.04","gamma_bin","vary_sd",2.04,FALSE,87,0.857044342489846,0.846915823061485,0.94,0.0953388940096943,0.93,0.0932725198809175,-0.0101285194283609
"gamma_bin_7.50_2.04","gamma_bin","vary_sd",2.04,FALSE,88,0.858857822167393,0.849484330912305,0.94,0.0933011733318043,0.92,0.091290418602552,-0.00937349125508757
"gamma_bin_7.50_2.04","gamma_bin","vary_sd",2.04,FALSE,89,0.859878747666928,0.851845462387733,0.91,0.0933716035348101,0.91,0.0912449473921594,-0.00803328527919489
"gamma_bin_7.50_2.04","gamma_bin","vary_sd",2.04,FALSE,90,0.86025311141159,0.854153011921152,0.89,0.0948927136438044,0.88,0.092920865422473,-0.00610009949043844
"gamma_bin_7.50_2.04","gamma_bin","vary_sd",2.04,FALSE,91,0.860120701023208,0.856630197611081,0.9,0.0974319417165049,0.9,0.0956483105069336,-0.00349050341212742
"gamma_bin_7.50_2.04","gamma_bin","vary_sd",2.04,FALSE,92,0.859606619529194,0.859556007137654,0.9,0.100651938817994,0.9,0.098697498769916,-5.0612391539806e-05
"gamma_bin_7.50_2.04","gamma_bin","vary_sd",2.04,FALSE,93,0.8588168361623,0.86267084397307,0.91,0.103096028635303,0.91,0.101020129119082,0.00385400781077028
"gamma_bin_7.50_2.04","gamma_bin","vary_sd",2.04,FALSE,94,0.857837212377275,0.866077827708363,0.9,0.103705401917351,0.91,0.101171506455038,0.00824061533108755
"gamma_bin_7.50_2.04","gamma_bin","vary_sd",2.04,FALSE,95,0.856734852284735,0.869652381267896,0.89,0.102106256692087,0.88,0.0994604437156792,0.0129175289831615
"gamma_bin_7.50_2.04","gamma_bin","vary_sd",2.04,FALSE,96,0.855586935925609,0.873479477199289,0.87,0.0992489612982891,0.89,0.0965727539298414,0.0178925412736797
"gamma_bin_7.50_2.04","gamma_bin","vary_sd",2.04,FALSE,97,0.854642173312711,0.877573144180251,0.83,0.0967178594368835,0.86,0.0943329959204126,0.0229309708675404
"gamma_bin_7.50_2.04","gamma_bin","vary_sd",2.04,FALSE,98,0.854216899337268,0.882002754707055,0.84,0.0957897001323875,0.84,0.0935306953052348,0.0277858553697866
"gamma_bin_7.50_2.04","gamma_bin","vary_sd",2.04,FALSE,99,0.854615196085733,0.886687339676147,0.83,0.0971685753623977,0.82,0.0950357438708812,0.0320721435904141
"gamma_bin_7.50_2.04","gamma_bin","vary_sd",2.04,FALSE,100,0.856123392287051,0.891755449980555,0.84,0.100697862168968,0.86,0.0980693143674666,0.0356320576935039
"gamma_bin_7.50_2.04","gamma_bin","vary_sd",2.04,FALSE,101,0.859003725920451,0.897405780231619,0.84,0.104451101040408,0.86,0.102072571404117,0.0384020543111684
"gamma_bin_7.50_2.04","gamma_bin","vary_sd",2.04,FALSE,102,0.863491057515902,0.903637831203633,0.85,0.107451320083619,0.87,0.105008792675078,0.0401467736877305
"gamma_bin_7.50_2.04","gamma_bin","vary_sd",2.04,FALSE,103,0.869793786137492,0.910293250114489,0.84,0.108660745710829,0.88,0.106034401750166,0.0404994639769966
"gamma_bin_7.50_2.04","gamma_bin","vary_sd",2.04,FALSE,104,0.878098070350996,0.91751626700815,0.85,0.107661448208338,0.86,0.105313532608847,0.0394181966571542
"gamma_bin_7.50_2.04","gamma_bin","vary_sd",2.04,FALSE,105,0.888573897619543,0.924941335314602,0.86,0.105478049418894,0.86,0.103022829299952,0.0363674376950588
"gamma_bin_7.50_2.04","gamma_bin","vary_sd",2.04,FALSE,106,0.901301658370892,0.932404216691498,0.85,0.103045261245672,0.85,0.100945533021028,0.0311025583206062
"gamma_bin_7.50_2.04","gamma_bin","vary_sd",2.04,FALSE,107,0.915897849763235,0.939764831488348,0.87,0.102466812053008,0.88,0.100280985189224,0.0238669817251133
"gamma_bin_7.50_2.04","gamma_bin","vary_sd",2.04,FALSE,108,0.931781890770312,0.946845619961339,0.9,0.103989289970624,0.9,0.101868523928988,0.0150637291910266
"gamma_bin_7.50_2.04","gamma_bin","vary_sd",2.04,FALSE,109,0.964908287444313,0.953848261949832,0.93,0.107790586622639,0.94,0.105639762077801,-0.0110600254944814
"gamma_bin_7.50_2.04","gamma_bin","vary_sd",2.04,FALSE,110,0.980887218164916,0.960286125796153,0.92,0.112992440902677,0.91,0.110503852061056,-0.020601092368763
"gamma_bin_7.50_2.04","gamma_bin","vary_sd",2.04,FALSE,111,0.995692213942587,0.966163572895042,0.91,0.11698011053372,0.9,0.114468327345042,-0.0295286410475449
"gamma_bin_7.50_2.04","gamma_bin","vary_sd",2.04,FALSE,112,1.00881666031265,0.97143784544043,0.87,0.11934635105392,0.85,0.116603796938078,-0.0373788148722202
"gamma_bin_7.50_2.04","gamma_bin","vary_sd",2.04,FALSE,113,1.01983605940048,0.975571752385281,0.86,0.119084062159077,0.81,0.116002510269969,-0.0442643070151993
"gamma_bin_7.50_2.04","gamma_bin","vary_sd",2.04,FALSE,114,1.02841129997895,0.978500054492692,0.83,0.115877204257064,0.8,0.113006789135877,-0.049911245486258
"gamma_bin_7.50_2.04","gamma_bin","vary_sd",2.04,FALSE,115,1.03430371035801,0.980656340393563,0.78,0.111554464539285,0.76,0.109036177684,-0.0536473699644471
"gamma_bin_7.50_2.04","gamma_bin","vary_sd",2.04,FALSE,116,1.03743175161603,0.981698325312456,0.74,0.10841885036812,0.74,0.105775816044,-0.0557334263035745
"gamma_bin_7.50_2.04","gamma_bin","vary_sd",2.04,FALSE,117,1.0378022122009,0.981500574872496,0.77,0.107700568082293,0.77,0.105126144224915,-0.0563016373284037
"gamma_bin_7.50_2.04","gamma_bin","vary_sd",2.04,FALSE,118,1.03547276308025,0.980979833851962,0.8,0.108798528523771,0.81,0.106392798789741,-0.0544929292282876
"gamma_bin_7.50_2.04","gamma_bin","vary_sd",2.04,FALSE,119,1.03053550780697,0.980005874450197,0.82,0.111222480884145,0.82,0.109011000743711,-0.0505296333567726
"gamma_bin_7.50_2.04","gamma_bin","vary_sd",2.04,FALSE,120,1.02310221069091,0.978632957253403,0.83,0.114392124326183,0.81,0.112007190104586,-0.044469253437507
"gamma_bin_7.50_2.04","gamma_bin","vary_sd",2.04,FALSE,121,1.01329357541095,0.976731196041589,0.86,0.116123569600353,0.84,0.113968804658127,-0.0365623793693607
"gamma_bin_7.50_2.04","gamma_bin","vary_sd",2.04,FALSE,122,1.00123289414715,0.974615248529211,0.9,0.11605177878574,0.89,0.11398886356892,-0.0266176456179389
"gamma_bin_7.50_2.04","gamma_bin","vary_sd",2.04,FALSE,123,0.987043160294477,0.972313124997907,0.92,0.113353688669773,0.9,0.111415575101746,-0.0147300352965701
"gamma_bin_7.50_2.04","gamma_bin","vary_sd",2.04,FALSE,124,0.970846430550826,0.969563010437688,0.92,0.109493458029141,0.91,0.107606258938241,-0.00128342011313753
"gamma_bin_7.50_2.04","gamma_bin","vary_sd",2.04,FALSE,125,0.953001568168985,0.96657948567562,0.89,0.106225847016321,0.89,0.104012521658847,0.0135779175066355
"gamma_bin_7.50_2.04","gamma_bin","vary_sd",2.04,FALSE,126,0.934680947695761,0.963440211971179,0.88,0.104532281447538,0.88,0.102501149868102,0.0287592642754175
"gamma_bin_7.50_2.04","gamma_bin","vary_sd",2.04,FALSE,127,0.917145793226913,0.960455976876144,0.85,0.10571851042659,0.83,0.10359808072202,0.0433101836492313
"gamma_bin_7.50_2.04","gamma_bin","vary_sd",2.04,FALSE,128,0.901530406151582,0.958064519158836,0.8,0.108538273191318,0.78,0.106366365417878,0.056534113007254
"gamma_bin_7.50_2.04","gamma_bin","vary_sd",2.04,FALSE,129,0.888820761331304,0.956602045241191,0.71,0.112190239095023,0.73,0.109808945830425,0.0677812839098874
"gamma_bin_7.50_2.04","gamma_bin","vary_sd",2.04,FALSE,130,0.879849051096058,0.956208759103446,0.68,0.115197214311658,0.68,0.112686412571325,0.0763597080073876
"gamma_bin_7.50_2.04","gamma_bin","vary_sd",2.04,FALSE,131,0.875312502934994,0.95658796117096,0.64,0.116341493455549,0.67,0.113941985549479,0.0812754582359658
"gamma_bin_7.50_2.04","gamma_bin","vary_sd",2.04,FALSE,132,0.875810644994376,0.957999571218863,0.67,0.115144485405046,0.67,0.113037927746477,0.082188926224487
"gamma_bin_7.50_2.04","gamma_bin","vary_sd",2.04,FALSE,133,0.881891211117993,0.960373163123591,0.68,0.112532773678282,0.67,0.110232153058162,0.0784819520055982
"gamma_bin_7.50_2.04","gamma_bin","vary_sd",2.04,FALSE,134,0.894096753734329,0.963633281506624,0.71,0.109404800439781,0.72,0.107091645823258,0.0695365277722947
"gamma_bin_7.50_2.04","gamma_bin","vary_sd",2.04,FALSE,135,0.912538889585145,0.967536074330403,0.78,0.107499985950283,0.79,0.105119350535742,0.0549971847452585
"gamma_bin_7.50_2.04","gamma_bin","vary_sd",2.04,FALSE,136,0.935968580436848,0.971271528460616,0.86,0.107809066994312,0.84,0.105542546852679,0.0353029480237675
"gamma_bin_7.50_2.04","gamma_bin","vary_sd",2.04,FALSE,137,0.962748452443007,0.974930779540752,0.89,0.110313311154485,0.88,0.108127098908335,0.0121823270977448
"gamma_bin_7.50_2.04","gamma_bin","vary_sd",2.04,FALSE,138,0.991058087015847,0.978288607205343,0.91,0.114425778675541,0.88,0.111975704202038,-0.0127694798105044
"gamma_bin_7.50_2.04","gamma_bin","vary_sd",2.04,FALSE,139,1.01894781256074,0.981485663312528,0.87,0.118491856679893,0.84,0.115835080832327,-0.0374621492482121
"gamma_bin_7.50_2.04","gamma_bin","vary_sd",2.04,FALSE,140,1.04444932027992,0.983926907941061,0.74,0.120705193865839,0.72,0.11823346659183,-0.0605224123388591
"gamma_bin_7.50_2.04","gamma_bin","vary_sd",2.04,FALSE,141,1.0657059122687,0.98558386779045,0.72,0.120366910846565,0.67,0.117871127562696,-0.0801220444782501
"gamma_bin_7.50_2.04","gamma_bin","vary_sd",2.04,FALSE,142,1.0810929449843,0.986023554094394,0.56,0.117141963182877,0.59,0.114717084672825,-0.0950693908899061
"gamma_bin_7.50_2.04","gamma_bin","vary_sd",2.04,FALSE,143,1.08930930531451,0.985533047139119,0.52,0.11284631996487,0.5,0.11036650455401,-0.103776258175391
"gamma_bin_7.50_2.04","gamma_bin","vary_sd",2.04,FALSE,144,1.08943317712892,0.98440213328483,0.51,0.109595440738988,0.49,0.106793774129476,-0.10503104384409
"gamma_bin_7.50_2.04","gamma_bin","vary_sd",2.04,FALSE,145,1.08148967301391,0.982538064902119,0.53,0.108415405290013,0.53,0.105755204948883,-0.098951608111791
"gamma_bin_7.50_2.04","gamma_bin","vary_sd",2.04,FALSE,146,1.067118056924,0.980134176146032,0.63,0.110492030191135,0.59,0.107619108375685,-0.0869838807779677
"gamma_bin_7.50_2.04","gamma_bin","vary_sd",2.04,FALSE,147,1.04828964020928,0.977430533830966,0.7,0.11376649943062,0.68,0.11092725475178,-0.0708591063783137
"gamma_bin_7.50_2.04","gamma_bin","vary_sd",2.04,FALSE,148,1.02693455801449,0.974452336225779,0.83,0.116631938921799,0.8,0.113674348496112,-0.0524822217887106
"gamma_bin_7.50_2.04","gamma_bin","vary_sd",2.04,FALSE,149,1.00477443375589,0.971547549225343,0.87,0.118091657839176,0.87,0.11520036326527,-0.0332268845305466
"gamma_bin_7.50_2.04","gamma_bin","vary_sd",2.04,FALSE,150,0.983222907766779,0.968202424733686,0.91,0.117324163079318,0.93,0.114574856942563,-0.0150204830330928
"gamma_bin_7.50_2.04","gamma_bin","vary_sd",2.04,FALSE,151,0.963363940769346,0.965003118766986,0.95,0.114139193755932,0.95,0.111427433635571,0.00163917799764035
"gamma_bin_7.50_2.04","gamma_bin","vary_sd",2.04,FALSE,152,0.945985514931433,0.96137388975321,0.92,0.109454097753574,0.92,0.106848405963519,0.0153883748217769
"gamma_bin_7.50_2.04","gamma_bin","vary_sd",2.04,FALSE,153,0.931639698450479,0.957720389816564,0.92,0.105521185908718,0.92,0.103333131283963,0.0260806913660846
"gamma_bin_7.50_2.04","gamma_bin","vary_sd",2.04,FALSE,154,0.920706027513323,0.954307486187671,0.86,0.10394721969788,0.89,0.10161485254395,0.0336014586743484
"gamma_bin_7.50_2.04","gamma_bin","vary_sd",2.04,FALSE,155,0.913287949909382,0.951418295971968,0.85,0.104914568774212,0.85,0.102338879063504,0.0381303460625856
"gamma_bin_7.50_2.04","gamma_bin","vary_sd",2.04,FALSE,156,0.909118262499206,0.949005945673845,0.83,0.107813533450219,0.85,0.10495908206028,0.0398876831746389
"gamma_bin_7.50_2.04","gamma_bin","vary_sd",2.04,FALSE,157,0.90786599524967,0.947238031034429,0.87,0.111389587282798,0.84,0.108519204947439,0.0393720357847592
"gamma_bin_7.50_2.04","gamma_bin","vary_sd",2.04,FALSE,158,0.909191813449816,0.946255802226066,0.87,0.113864368641944,0.86,0.11128523928756,0.0370639887762498
"gamma_bin_7.50_2.04","gamma_bin","vary_sd",2.04,FALSE,159,0.9127706498954,0.946079560648513,0.9,0.114816415671366,0.88,0.112177381753305,0.033308910753113
"gamma_bin_7.50_2.04","gamma_bin","vary_sd",2.04,FALSE,160,0.918310343562916,0.946615680484947,0.91,0.11369570389654,0.89,0.111004332486207,0.0283053369220309
"gamma_bin_7.50_2.04","gamma_bin","vary_sd",2.04,FALSE,161,0.925562601543549,0.948152012812766,0.94,0.111040384830122,0.93,0.108373483882757,0.0225894112692169
"gamma_bin_7.50_2.04","gamma_bin","vary_sd",2.04,FALSE,162,0.934326617511047,0.950964183547331,0.96,0.108037682197913,0.95,0.10545807618231,0.0166375660362837
"gamma_bin_7.50_2.04","gamma_bin","vary_sd",2.04,FALSE,163,0.944447396594412,0.954773555642143,0.94,0.106183535097414,0.95,0.103665712233801,0.0103261590477305
"gamma_bin_7.50_2.04","gamma_bin","vary_sd",2.04,FALSE,164,0.955808426255688,0.959298492870335,0.95,0.10625303080756,0.94,0.103870107205751,0.00349006661464724
"gamma_bin_7.50_2.04","gamma_bin","vary_sd",2.04,FALSE,165,0.968171987055275,0.964219275884906,0.93,0.109081387946973,0.9,0.1068912162222,-0.00395271117036888
"gamma_bin_7.50_2.04","gamma_bin","vary_sd",2.04,FALSE,166,0.981075418082579,0.969845427541673,0.92,0.11358728262598,0.9,0.111146645654308,-0.0112299905409058
"gamma_bin_7.50_2.04","gamma_bin","vary_sd",2.04,FALSE,167,0.99403776313242,0.976002135856783,0.9,0.117987465303882,0.9,0.115189110320802,-0.0180356272756368
"gamma_bin_7.50_2.04","gamma_bin","vary_sd",2.04,FALSE,168,1.00658618871785,0.982789041824791,0.9,0.120543567592053,0.91,0.117710354228388,-0.0237971468930589
"gamma_bin_7.50_2.04","gamma_bin","vary_sd",2.04,FALSE,169,1.01827263962082,0.990224615499508,0.89,0.120740548108776,0.89,0.11824340729333,-0.028048024121312
"gamma_bin_7.50_2.04","gamma_bin","vary_sd",2.04,FALSE,170,1.02869207421039,0.998457902050667,0.87,0.119222412803119,0.86,0.116595470168163,-0.0302341721597233
"gamma_bin_7.50_2.04","gamma_bin","vary_sd",2.04,FALSE,171,1.03749575970787,1.00757243243504,0.86,0.116249018400513,0.85,0.113839793236043,-0.0299233272728274
"gamma_bin_7.50_2.04","gamma_bin","vary_sd",2.04,FALSE,172,1.04439766370686,1.01741659406894,0.84,0.114089334222027,0.83,0.1116876747032,-0.0269810696379245
"gamma_bin_7.50_2.04","gamma_bin","vary_sd",2.04,FALSE,173,1.04917474480308,1.02759961023548,0.85,0.114252358051628,0.84,0.111644087251301,-0.0215751345675952
"gamma_bin_7.50_2.04","gamma_bin","vary_sd",2.04,FALSE,174,1.05167598943045,1.03876906415246,0.88,0.11694389953608,0.85,0.114236105533209,-0.012906925277985
"gamma_bin_7.50_2.04","gamma_bin","vary_sd",2.04,FALSE,175,1.05228684352057,1.05019092523136,0.91,0.121504607879779,0.91,0.118786058641956,-0.00209591828920996
"gamma_bin_7.50_2.04","gamma_bin","vary_sd",2.04,FALSE,176,1.05205037229906,1.06266416342937,0.92,0.126740503393567,0.91,0.123892271391238,0.0106137911303112
"gamma_bin_7.50_2.04","gamma_bin","vary_sd",2.04,FALSE,177,1.05206304074467,1.07570691430564,0.93,0.131025474269821,0.92,0.12828639994462,0.023643873560967
"gamma_bin_7.50_2.04","gamma_bin","vary_sd",2.04,FALSE,178,1.0533911428065,1.08909366859801,0.9,0.133452347848008,0.9,0.130584557830164,0.035702525791508
"gamma_bin_7.50_2.04","gamma_bin","vary_sd",2.04,FALSE,179,1.05702523270082,1.10323014100573,0.86,0.132978943536575,0.88,0.130085827333828,0.0462049083049112
"gamma_bin_7.50_2.04","gamma_bin","vary_sd",2.04,FALSE,180,1.06385390304002,1.11770990727965,0.85,0.130778855291641,0.85,0.127981904543057,0.053856004239631
"gamma_bin_7.50_2.04","gamma_bin","vary_sd",2.04,FALSE,181,1.07466368846286,1.13296487635716,0.83,0.128809709323234,0.8,0.125959576819958,0.0583011878943049
"gamma_bin_7.50_2.04","gamma_bin","vary_sd",2.04,FALSE,182,1.09015918537017,1.14757889165961,0.81,0.128746046392385,0.78,0.125356194542778,0.0574197062894417
"gamma_bin_7.50_2.04","gamma_bin","vary_sd",2.04,FALSE,183,1.11099415707904,1.16161298283615,0.85,0.130940126020378,0.83,0.127561091903223,0.0506188257571103
"gamma_bin_7.50_2.04","gamma_bin","vary_sd",2.04,FALSE,184,1.13776253966062,1.1752723811663,0.87,0.135542614249324,0.88,0.131603035505174,0.0375098415056836
"gamma_bin_7.50_2.04","gamma_bin","vary_sd",2.04,FALSE,185,1.16994138910722,1.18777298824068,0.88,0.140359559557339,0.89,0.136467531570232,0.0178315991334626
"gamma_bin_7.50_2.04","gamma_bin","vary_sd",2.04,FALSE,186,1.20568067952197,1.19881195401827,0.89,0.144186188777727,0.87,0.140042377020066,-0.00686872550369966
"gamma_bin_7.50_2.04","gamma_bin","vary_sd",2.04,FALSE,187,1.24280592689739,1.20800778980946,0.87,0.145489464853235,0.87,0.141393193187919,-0.0347981370879304
"gamma_bin_7.50_2.04","gamma_bin","vary_sd",2.04,FALSE,188,1.27892507759421,1.21508232588021,0.83,0.143595192246769,0.81,0.139781341688698,-0.0638427517139961
"gamma_bin_7.50_2.04","gamma_bin","vary_sd",2.04,FALSE,189,1.31157809299846,1.22045718416186,0.76,0.139196698641472,0.73,0.135898642226106,-0.0911209088365967
"gamma_bin_7.50_2.04","gamma_bin","vary_sd",2.04,FALSE,190,1.33842575739913,1.22388133307891,0.64,0.135213651848284,0.59,0.132297977002812,-0.11454442432022
"gamma_bin_7.50_2.04","gamma_bin","vary_sd",2.04,FALSE,191,1.35742493987032,1.22508772340709,0.5,0.133985128156325,0.49,0.1308908280644,-0.132337216463228
"gamma_bin_7.50_2.04","gamma_bin","vary_sd",2.04,FALSE,192,1.36695842059754,1.22417279620919,0.49,0.135946108570407,0.44,0.132568157686013,-0.142785624388352
"gamma_bin_7.50_2.04","gamma_bin","vary_sd",2.04,FALSE,193,1.36590703303142,1.22129854343274,0.52,0.139682976912154,0.46,0.136696433890342,-0.144608489598678
"gamma_bin_7.50_2.04","gamma_bin","vary_sd",2.04,FALSE,194,1.35374441935837,1.21641432337792,0.55,0.143846942334567,0.53,0.140918903635853,-0.137330095980446
"gamma_bin_7.50_2.04","gamma_bin","vary_sd",2.04,FALSE,195,1.33179505256341,1.20971326560275,0.59,0.147320390143528,0.6,0.14455796972524,-0.122081786960656
"gamma_bin_7.50_2.04","gamma_bin","vary_sd",2.04,FALSE,196,1.30282908300336,1.20153635312799,0.69,0.148382622311899,0.68,0.145713895181281,-0.101292729875368
"gamma_bin_7.50_2.04","gamma_bin","vary_sd",2.04,FALSE,197,1.26962792749398,1.19151095348221,0.78,0.146107354618511,0.74,0.142843176769058,-0.0781169740117724
"gamma_bin_7.50_2.04","gamma_bin","vary_sd",2.04,FALSE,198,1.23470197201586,1.17978396460868,0.83,0.140297397535717,0.83,0.137413779784812,-0.0549180074071813
"gamma_bin_7.50_2.04","gamma_bin","vary_sd",2.04,FALSE,199,1.20012008532359,1.16677090646385,0.88,0.133701534014582,0.86,0.130933278530303,-0.0333491788597353
"gamma_bin_7.50_2.04","gamma_bin","vary_sd",2.04,FALSE,200,1.16745324780638,1.15380641039666,0.91,0.128172635053402,0.91,0.125053919418151,-0.0136468374097187
"gamma_bin_7.50_2.04","gamma_bin","vary_sd",2.04,FALSE,201,1.13781324493009,1.14087613734693,0.92,0.125102098331738,0.93,0.122084920679105,0.00306289241683699
"gamma_bin_7.50_2.04","gamma_bin","vary_sd",2.04,FALSE,202,1.11194114249594,1.12838751612679,0.95,0.125301280398295,0.94,0.122094672725312,0.0164463736308491
"gamma_bin_7.50_2.04","gamma_bin","vary_sd",2.04,FALSE,203,1.09030738318271,1.11708705403513,0.91,0.127525106942378,0.91,0.124131831394226,0.0267796708524177
"gamma_bin_7.50_2.04","gamma_bin","vary_sd",2.04,FALSE,204,1.07317842503564,1.10709559121997,0.93,0.129968449598179,0.9,0.126137941872681,0.0339171661843276
"gamma_bin_7.50_2.04","gamma_bin","vary_sd",2.04,FALSE,205,1.06040347302214,1.09913304738748,0.91,0.130902499217498,0.92,0.127307362804121,0.0387295743653391
"gamma_bin_7.50_2.04","gamma_bin","vary_sd",2.04,FALSE,206,1.05156904168052,1.09307099158412,0.92,0.130042761862609,0.92,0.126700294133067,0.0415019499036018
"gamma_bin_7.50_2.04","gamma_bin","vary_sd",2.04,FALSE,207,1.04624950999474,1.08912655572711,0.92,0.126984765943185,0.9,0.123872003996893,0.0428770457323731
"gamma_bin_7.50_2.04","gamma_bin","vary_sd",2.04,FALSE,208,1.04403704329192,1.0874192806603,0.87,0.122991935721031,0.86,0.12010492990089,0.0433822373683754
"gamma_bin_7.50_2.04","gamma_bin","vary_sd",2.04,FALSE,209,1.0445651521307,1.08774663241143,0.86,0.119847663391916,0.84,0.117119991581927,0.0431814802807318
"gamma_bin_7.50_2.04","gamma_bin","vary_sd",2.04,FALSE,210,1.04752392002038,1.08990151919583,0.84,0.118561708406922,0.85,0.116243988197782,0.0423775991754451
"gamma_bin_7.50_2.04","gamma_bin","vary_sd",2.04,FALSE,211,1.05266551803821,1.09364333298881,0.85,0.120291767027905,0.85,0.117625671166218,0.0409778149505957
"gamma_bin_7.50_2.04","gamma_bin","vary_sd",2.04,FALSE,212,1.0598023103751,1.09929862245671,0.87,0.12479029569837,0.86,0.121875471981969,0.0394963120816119
"gamma_bin_7.50_2.04","gamma_bin","vary_sd",2.04,FALSE,213,1.06880062573221,1.10715081071158,0.87,0.130379957315392,0.86,0.127050439383837,0.0383501849793675
"gamma_bin_7.50_2.04","gamma_bin","vary_sd",2.04,FALSE,214,1.0795784696348,1.11692664872749,0.87,0.135026223274201,0.88,0.131693178244214,0.0373481790926931
"gamma_bin_7.50_2.04","gamma_bin","vary_sd",2.04,FALSE,215,1.09215111452811,1.12852686032735,0.88,0.138003785352169,0.91,0.134424818280909,0.0363757457992386
"gamma_bin_7.50_2.04","gamma_bin","vary_sd",2.04,FALSE,216,1.10660255202503,1.1418657342533,0.92,0.137487209306129,0.92,0.134238513812649,0.0352631822282683
"gamma_bin_7.50_2.04","gamma_bin","vary_sd",2.04,FALSE,217,1.1230463183655,1.15702234162904,0.92,0.13479118799072,0.93,0.131499701011935,0.0339760232635398
"gamma_bin_7.50_2.04","gamma_bin","vary_sd",2.04,FALSE,218,1.14161803384419,1.17368977564278,0.91,0.131155409478165,0.91,0.128051549545793,0.0320717417985885
"gamma_bin_7.50_2.04","gamma_bin","vary_sd",2.04,FALSE,219,1.16246850453014,1.19150301328404,0.92,0.129157502182875,0.92,0.12602887270901,0.0290345087539021
"gamma_bin_7.50_2.04","gamma_bin","vary_sd",2.04,FALSE,220,1.18575867786174,1.21017914527657,0.91,0.130064111330994,0.91,0.126793169492978,0.0244204674148307
"gamma_bin_7.50_2.04","gamma_bin","vary_sd",2.04,FALSE,221,1.21165701983639,1.22954659308207,0.91,0.133986006824769,0.91,0.1307822727013,0.0178895732456805
"gamma_bin_7.50_2.04","gamma_bin","vary_sd",2.04,FALSE,222,1.24033898455105,1.24884932260505,0.94,0.139804105038546,0.92,0.136415108537095,0.00851033805400503
"gamma_bin_7.50_2.04","gamma_bin","vary_sd",2.04,FALSE,223,1.27198794287079,1.2682141376308,0.93,0.14478074131557,0.93,0.141470017587215,-0.00377380523998916
"gamma_bin_7.50_2.04","gamma_bin","vary_sd",2.04,FALSE,224,1.30666523446541,1.28716090680069,0.93,0.148448429325703,0.95,0.145052189368319,-0.0195043276647158
"gamma_bin_7.50_2.04","gamma_bin","vary_sd",2.04,FALSE,225,1.3433530482977,1.30554028955766,0.9,0.149178603214432,0.89,0.145885520342685,-0.0378127587400425
"gamma_bin_7.50_2.04","gamma_bin","vary_sd",2.04,FALSE,226,1.38038171186225,1.32335649869732,0.88,0.148000224492987,0.85,0.144373700438528,-0.0570252131649343
"gamma_bin_7.50_2.04","gamma_bin","vary_sd",2.04,FALSE,227,1.41592160258673,1.34005767443864,0.83,0.146333989689845,0.79,0.142164981476131,-0.0758639281480911
"gamma_bin_7.50_2.04","gamma_bin","vary_sd",2.04,FALSE,228,1.44808142918806,1.35544300490311,0.76,0.145004857263473,0.75,0.141360989832398,-0.0926384242849456
"gamma_bin_7.50_2.04","gamma_bin","vary_sd",2.04,FALSE,229,1.47504730588812,1.36918543549603,0.74,0.147380942700765,0.69,0.143819181221107,-0.105861870392087
"gamma_bin_7.50_2.04","gamma_bin","vary_sd",2.04,FALSE,230,1.49521587906308,1.38070969900851,0.71,0.152804184578676,0.67,0.149159613988535,-0.114506180054566
"gamma_bin_7.50_2.04","gamma_bin","vary_sd",2.04,FALSE,231,1.50729103953841,1.38996490893215,0.71,0.159388548406813,0.66,0.155302032938155,-0.11732613060626
"gamma_bin_7.50_2.04","gamma_bin","vary_sd",2.04,FALSE,232,1.51033534857617,1.39627924223366,0.74,0.165199567636506,0.7,0.161365666026984,-0.114056106342506
"gamma_bin_7.50_2.04","gamma_bin","vary_sd",2.04,FALSE,233,1.50378097074586,1.39914008746301,0.78,0.168853955738309,0.74,0.164650309685337,-0.104640883282848
"gamma_bin_7.50_2.04","gamma_bin","vary_sd",2.04,FALSE,234,1.48764960471254,1.39868812661327,0.8,0.168138108802438,0.76,0.164436143151611,-0.0889614780992685
"gamma_bin_7.50_2.04","gamma_bin","vary_sd",2.04,FALSE,235,1.46373241708909,1.39465063633883,0.83,0.163854930339391,0.79,0.160340751400712,-0.0690817807502573
"gamma_bin_7.50_2.04","gamma_bin","vary_sd",2.04,FALSE,236,1.43448143272486,1.38810901688062,0.85,0.157462204121835,0.86,0.154352080906842,-0.0463724158442367
"gamma_bin_7.50_2.04","gamma_bin","vary_sd",2.04,FALSE,237,1.40223769952072,1.37950512302983,0.9,0.151048826939623,0.9,0.148518415538757,-0.0227325764908883
"gamma_bin_7.50_2.04","gamma_bin","vary_sd",2.04,FALSE,238,1.36905513115977,1.36828851179248,0.91,0.147554128707502,0.91,0.144770703695846,-0.000766619367291055
"gamma_bin_7.50_2.04","gamma_bin","vary_sd",2.04,FALSE,239,1.33659069308879,1.35581454225729,0.9,0.147268562132255,0.91,0.143886784223911,0.0192238491684957
"gamma_bin_7.50_2.04","gamma_bin","vary_sd",2.04,FALSE,240,1.30608415861083,1.3425511639253,0.87,0.149151745310952,0.87,0.145706666307736,0.0364670053144658
"gamma_bin_7.50_2.04","gamma_bin","vary_sd",2.04,FALSE,241,1.27840456713347,1.3281525052842,0.85,0.151861757276452,0.84,0.148476823360134,0.0497479381507293
"gamma_bin_7.50_2.04","gamma_bin","vary_sd",2.04,FALSE,242,1.25412742548082,1.31378957448976,0.82,0.153828803774945,0.82,0.150587892629957,0.0596621490089353
"gamma_bin_7.50_2.04","gamma_bin","vary_sd",2.04,FALSE,243,1.23361554311767,1.29959461862404,0.82,0.154261377608594,0.82,0.151166006574312,0.0659790755063718
"gamma_bin_7.50_2.04","gamma_bin","vary_sd",2.04,FALSE,244,1.21706403589592,1.28533428274757,0.82,0.154118806783309,0.81,0.150439886402665,0.0682702468516481
"gamma_bin_7.50_2.04","gamma_bin","vary_sd",2.04,FALSE,245,1.20445667363505,1.27084796813521,0.83,0.154505084578876,0.82,0.150783899118361,0.0663912945001557
"gamma_bin_7.50_2.04","gamma_bin","vary_sd",2.04,FALSE,246,1.19569657050359,1.25724148057667,0.83,0.157704718367067,0.86,0.15387522704422,0.0615449100730812
"gamma_bin_7.50_2.04","gamma_bin","vary_sd",2.04,FALSE,247,1.19067334691389,1.24448451100618,0.92,0.166283259454264,0.91,0.162511885236292,0.0538111640922876
"gamma_bin_7.50_2.04","gamma_bin","vary_sd",2.04,FALSE,248,1.1892846905786,1.23300606262106,0.94,0.179508032389419,0.94,0.175201589917089,0.0437213720424552
"gamma_bin_7.50_2.04","gamma_bin","vary_sd",2.04,FALSE,249,1.1914521017446,1.22197635448042,0.96,0.196860207933535,0.96,0.191591169153798,0.0305242527358238
"gamma_bin_7.50_2.04","gamma_bin","vary_sd",2.04,FALSE,250,1.19713021020468,1.21182876607329,0.97,0.216976023732219,0.98,0.210601963219856,0.0146985558686099
"gamma_bin_7.50_2.04","gamma_bin","vary_sd",2.04,FALSE,251,1.20631090184647,1.2029871439936,0.99,0.238167335432345,1,0.230945064938793,-0.00332375785286598
"gamma_bin_7.50_2.04","gamma_bin","vary_sd",2.04,FALSE,252,1.21902415582724,1.1951993186287,0.99,0.260000468318783,0.98,0.251803394652523,-0.0238248371985419
"gamma_bin_7.50_2.04","gamma_bin","vary_sd",2.04,FALSE,253,1.23533724681924,1.18855116736052,0.98,0.282843788719578,0.98,0.273824344361926,-0.0467860794587216
"gamma_bin_7.50_2.72","gamma_bin","vary_sd",2.72,FALSE,2,6.47633271060018,NA,NA,NA,NA,NA,NA
"gamma_bin_7.50_2.72","gamma_bin","vary_sd",2.72,FALSE,3,5.39748004467528,NA,NA,NA,NA,NA,NA
"gamma_bin_7.50_2.72","gamma_bin","vary_sd",2.72,FALSE,4,4.52153259075373,NA,NA,NA,NA,NA,NA
"gamma_bin_7.50_2.72","gamma_bin","vary_sd",2.72,FALSE,5,3.81075688710478,NA,NA,NA,NA,NA,NA
"gamma_bin_7.50_2.72","gamma_bin","vary_sd",2.72,FALSE,6,3.23384975678135,4.29207734227913,0.03,0.648141830104189,0.02,0.632431071696925,1.05822758549778
"gamma_bin_7.50_2.72","gamma_bin","vary_sd",2.72,FALSE,7,2.76512519694591,2.67592640487821,0.97,0.440316937284253,0.98,0.429081280275163,-0.089198792067696
"gamma_bin_7.50_2.72","gamma_bin","vary_sd",2.72,FALSE,8,2.38350063829982,1.94449862862781,0.29,0.335922688796618,0.24,0.327226775648838,-0.439002009672014
"gamma_bin_7.50_2.72","gamma_bin","vary_sd",2.72,FALSE,9,2.07220990816182,1.56858825935669,0.05,0.275616290879489,0.04,0.268623448348023,-0.503621648805128
"gamma_bin_7.50_2.72","gamma_bin","vary_sd",2.72,FALSE,10,1.8180094782711,1.35866717918606,0.05,0.236105415710435,0.04,0.229991684354118,-0.459342299085038
"gamma_bin_7.50_2.72","gamma_bin","vary_sd",2.72,FALSE,11,1.61045019265924,1.23513948700156,0.08,0.206405996842478,0.04,0.201398858527794,-0.375310705657676
"gamma_bin_7.50_2.72","gamma_bin","vary_sd",2.72,FALSE,12,1.44129331371926,1.15885272741659,0.16,0.182578714948809,0.12,0.177842051482074,-0.282440586302666
"gamma_bin_7.50_2.72","gamma_bin","vary_sd",2.72,FALSE,13,1.30405110997497,1.10964461071273,0.36,0.162749578286229,0.33,0.158587055113988,-0.194406499262241
"gamma_bin_7.50_2.72","gamma_bin","vary_sd",2.72,FALSE,14,1.1936337473603,1.07609062476211,0.66,0.14701160666334,0.63,0.143389576060343,-0.117543122598194
"gamma_bin_7.50_2.72","gamma_bin","vary_sd",2.72,FALSE,15,1.10608275580624,1.05137895818742,0.88,0.136188531011227,0.87,0.133236825679256,-0.0547037976188229
"gamma_bin_7.50_2.72","gamma_bin","vary_sd",2.72,FALSE,16,1.03836845094092,1.03166873799145,0.93,0.129198319264669,0.94,0.126054000529796,-0.00669971294947036
"gamma_bin_7.50_2.72","gamma_bin","vary_sd",2.72,FALSE,17,0.987514418464918,1.01428185551255,0.93,0.125012980508258,0.94,0.121190864338776,0.0267674370476363
"gamma_bin_7.50_2.72","gamma_bin","vary_sd",2.72,FALSE,18,0.94985341422689,0.998154273256292,0.9,0.121474470118378,0.88,0.11782993402231,0.048300859029402
"gamma_bin_7.50_2.72","gamma_bin","vary_sd",2.72,FALSE,19,0.922342058412537,0.982519509127247,0.85,0.117696399244063,0.83,0.114141583268884,0.0601774507147098
"gamma_bin_7.50_2.72","gamma_bin","vary_sd",2.72,FALSE,20,0.902533145800087,0.967429203078183,0.78,0.112465462101905,0.78,0.109174295280675,0.0648960572780964
"gamma_bin_7.50_2.72","gamma_bin","vary_sd",2.72,FALSE,21,0.888443579660898,0.952398282913715,0.75,0.105877828666384,0.76,0.103153695636301,0.0639547032528165
"gamma_bin_7.50_2.72","gamma_bin","vary_sd",2.72,FALSE,22,0.878474950045775,0.937412330756898,0.74,0.0997844719866882,0.75,0.0974573414368662,0.0589373807111226
"gamma_bin_7.50_2.72","gamma_bin","vary_sd",2.72,FALSE,23,0.871353706634507,0.922111959866724,0.78,0.0963393909726405,0.79,0.0940346799890286,0.0507582532322172
"gamma_bin_7.50_2.72","gamma_bin","vary_sd",2.72,FALSE,24,0.866079695774009,0.90682927579464,0.82,0.0946951328479034,0.83,0.0927178705823801,0.0407495800206314
"gamma_bin_7.50_2.72","gamma_bin","vary_sd",2.72,FALSE,25,0.861880113955128,0.891615209934355,0.89,0.0952518795024541,0.9,0.0934438044766009,0.0297350959792265
"gamma_bin_7.50_2.72","gamma_bin","vary_sd",2.72,FALSE,26,0.858167576978305,0.876559966869491,0.96,0.0968610500137131,0.95,0.0947614770242747,0.0183923898911863
"gamma_bin_7.50_2.72","gamma_bin","vary_sd",2.72,FALSE,27,0.854446587171991,0.861506339504401,0.97,0.09808867817278,0.96,0.0959772749206708,0.00705975233241019
"gamma_bin_7.50_2.72","gamma_bin","vary_sd",2.72,FALSE,28,0.850242530612154,0.8466897729272,0.97,0.0976414190316453,0.97,0.0957760266523824,-0.00355275768495422
"gamma_bin_7.50_2.72","gamma_bin","vary_sd",2.72,FALSE,29,0.845168044117022,0.832108760373132,0.96,0.0954759284933067,0.97,0.0935071958710986,-0.0130592837438904
"gamma_bin_7.50_2.72","gamma_bin","vary_sd",2.72,FALSE,30,0.838916821827613,0.81752398277715,0.93,0.0913848174167894,0.92,0.0894335035575677,-0.0213928390504626
"gamma_bin_7.50_2.72","gamma_bin","vary_sd",2.72,FALSE,31,0.83125458603177,0.803309432080113,0.91,0.0869136790206256,0.89,0.08488882511209,-0.027945153951657
"gamma_bin_7.50_2.72","gamma_bin","vary_sd",2.72,FALSE,32,0.822012955905288,0.789303997224877,0.86,0.0830903674633856,0.84,0.0813792953177559,-0.0327089586804112
"gamma_bin_7.50_2.72","gamma_bin","vary_sd",2.72,FALSE,33,0.811083441801087,0.775671219952977,0.81,0.0811420797838782,0.8,0.0794716343082582,-0.0354122218481098
"gamma_bin_7.50_2.72","gamma_bin","vary_sd",2.72,FALSE,34,0.798410706391415,0.762398452186558,0.82,0.0811377402968904,0.8,0.0793571218510937,-0.0360122542048567
"gamma_bin_7.50_2.72","gamma_bin","vary_sd",2.72,FALSE,35,0.783985284249482,0.749651131549411,0.82,0.0821715659625974,0.81,0.0802664414350343,-0.0343341527000707
"gamma_bin_7.50_2.72","gamma_bin","vary_sd",2.72,FALSE,36,0.767842249776292,0.737299617890454,0.85,0.0833043589325689,0.82,0.0813204206379456,-0.0305426318858381
"gamma_bin_7.50_2.72","gamma_bin","vary_sd",2.72,FALSE,37,0.750320099865667,0.725233856216743,0.89,0.0833734396009483,0.85,0.0814792597358742,-0.0250862436489242
"gamma_bin_7.50_2.72","gamma_bin","vary_sd",2.72,FALSE,38,0.732127511283489,0.713533690209814,0.92,0.0821579432674167,0.89,0.0802905881544746,-0.0185938210736749
"gamma_bin_7.50_2.72","gamma_bin","vary_sd",2.72,FALSE,39,0.713945546467747,0.702236338820913,0.94,0.0794013730435763,0.92,0.0776221101127717,-0.011709207646834
"gamma_bin_7.50_2.72","gamma_bin","vary_sd",2.72,FALSE,40,0.696377644387645,0.691366423984571,0.94,0.0759938848191171,0.94,0.0743778716303871,-0.00501122040307389
"gamma_bin_7.50_2.72","gamma_bin","vary_sd",2.72,FALSE,41,0.679931575981829,0.681279940896501,0.95,0.0730253403923303,0.95,0.0715116590463756,0.00134836491467205
"gamma_bin_7.50_2.72","gamma_bin","vary_sd",2.72,FALSE,42,0.665012401557135,0.672077186767303,0.94,0.071402986053763,0.95,0.0698531636055056,0.00706478521016762
"gamma_bin_7.50_2.72","gamma_bin","vary_sd",2.72,FALSE,43,0.65192842067752,0.664137546326285,0.92,0.0711772966274272,0.93,0.0696394522266257,0.0122091256487651
"gamma_bin_7.50_2.72","gamma_bin","vary_sd",2.72,FALSE,44,0.640906266957601,0.656989758839288,0.92,0.0726174987787727,0.95,0.0710962169994772,0.0160834918816866
"gamma_bin_7.50_2.72","gamma_bin","vary_sd",2.72,FALSE,45,0.632110069284813,0.650832117408294,0.92,0.0750872813643432,0.93,0.0732137877042291,0.0187220481234809
"gamma_bin_7.50_2.72","gamma_bin","vary_sd",2.72,FALSE,46,0.625656360123327,0.645842747647399,0.93,0.077038996503312,0.95,0.0749533350952954,0.0201863875240716
"gamma_bin_7.50_2.72","gamma_bin","vary_sd",2.72,FALSE,47,0.621502273809677,0.642158640432771,0.96,0.0778762235956802,0.95,0.0757885856463385,0.0206563666230938
"gamma_bin_7.50_2.72","gamma_bin","vary_sd",2.72,FALSE,48,0.619441171957512,0.639806517615675,0.94,0.0773037806467404,0.95,0.0754214179404881,0.0203653456581627
"gamma_bin_7.50_2.72","gamma_bin","vary_sd",2.72,FALSE,49,0.619256488578844,0.638790988607239,0.96,0.075269692565042,0.93,0.0735601615359955,0.019534500028395
"gamma_bin_7.50_2.72","gamma_bin","vary_sd",2.72,FALSE,50,0.620736004042686,0.63883758710216,0.95,0.0731973190913228,0.96,0.0714335205343637,0.0181015830594741
"gamma_bin_7.50_2.72","gamma_bin","vary_sd",2.72,FALSE,51,0.623679916186844,0.639891234156558,0.94,0.0716738287441266,0.94,0.0698216594080183,0.0162113179697135
"gamma_bin_7.50_2.72","gamma_bin","vary_sd",2.72,FALSE,52,0.627908213332621,0.641873936066317,0.95,0.0713578570517489,0.98,0.0696300075249713,0.0139657227336962
"gamma_bin_7.50_2.72","gamma_bin","vary_sd",2.72,FALSE,53,0.633265384812971,0.644835783916075,0.96,0.072307225032861,0.93,0.0705562363371768,0.011570399103104
"gamma_bin_7.50_2.72","gamma_bin","vary_sd",2.72,FALSE,54,0.639622221613428,0.648559039343155,0.98,0.0742474135774911,0.97,0.0723024038785572,0.00893681772972654
"gamma_bin_7.50_2.72","gamma_bin","vary_sd",2.72,FALSE,55,0.646875295241765,0.653015650579409,0.98,0.0761802852041591,0.96,0.0742887993675662,0.00614035533764434
"gamma_bin_7.50_2.72","gamma_bin","vary_sd",2.72,FALSE,56,0.654940797889892,0.658090950422451,0.97,0.0773777301667789,0.95,0.0755911069377947,0.00315015253255857
"gamma_bin_7.50_2.72","gamma_bin","vary_sd",2.72,FALSE,57,0.663667548235467,0.663790473574432,0.97,0.0774459247716363,0.96,0.0755443093731237,0.000122925338965407
"gamma_bin_7.50_2.72","gamma_bin","vary_sd",2.72,FALSE,58,0.67283196893338,0.670044658509447,0.96,0.076118162377627,0.94,0.0743622619378675,-0.00278731042393254
"gamma_bin_7.50_2.72","gamma_bin","vary_sd",2.72,FALSE,59,0.682212593504884,0.6765753096215,0.96,0.074365262022375,0.94,0.0727563745073802,-0.00563728388338391
"gamma_bin_7.50_2.72","gamma_bin","vary_sd",2.72,FALSE,60,0.691594549334227,0.68342695364987,0.95,0.0733832053973942,0.94,0.0717053456957801,-0.00816759568435699
"gamma_bin_7.50_2.72","gamma_bin","vary_sd",2.72,FALSE,61,0.700774343176902,0.690516385389575,0.95,0.0733495731379109,0.94,0.0718606745937216,-0.0102579577873271
"gamma_bin_7.50_2.72","gamma_bin","vary_sd",2.72,FALSE,62,0.709565411363515,0.697784515994112,0.95,0.0746038805156516,0.95,0.0732477164782969,-0.0117808953694031
"gamma_bin_7.50_2.72","gamma_bin","vary_sd",2.72,FALSE,63,0.717802382251417,0.705480423581481,0.96,0.0772618747576894,0.95,0.0757367293039128,-0.0123219586699358
"gamma_bin_7.50_2.72","gamma_bin","vary_sd",2.72,FALSE,64,0.725343303375917,0.713261638716394,0.97,0.0806948524887427,0.94,0.0789914095177858,-0.0120816646595232
"gamma_bin_7.50_2.72","gamma_bin","vary_sd",2.72,FALSE,65,0.732069930484564,0.720991096412289,0.96,0.083540753786983,0.94,0.0816365892441862,-0.0110788340722748
"gamma_bin_7.50_2.72","gamma_bin","vary_sd",2.72,FALSE,66,0.737895666769886,0.728729817084868,0.95,0.0849665042968554,0.95,0.0831575492140113,-0.00916584968501799
"gamma_bin_7.50_2.72","gamma_bin","vary_sd",2.72,FALSE,67,0.742895958587221,0.736262839549653,0.96,0.0845274281770386,0.95,0.0828812725163949,-0.00663311903756758
"gamma_bin_7.50_2.72","gamma_bin","vary_sd",2.72,FALSE,68,0.747278763319657,0.743685121493146,0.93,0.0831474911103541,0.94,0.0812496674190884,-0.00359364182651112
"gamma_bin_7.50_2.72","gamma_bin","vary_sd",2.72,FALSE,69,0.751271373438236,0.750642629534747,0.93,0.0816398162154297,0.91,0.0796695581120912,-0.000628743903489326
"gamma_bin_7.50_2.72","gamma_bin","vary_sd",2.72,FALSE,70,0.755105697598796,0.757488794300416,0.92,0.0812658353304834,0.91,0.079427146582257,0.00238309670162029
"gamma_bin_7.50_2.72","gamma_bin","vary_sd",2.72,FALSE,71,0.759004827658807,0.764082662528606,0.9,0.0824191089960555,0.91,0.0805095391965235,0.00507783486979874
"gamma_bin_7.50_2.72","gamma_bin","vary_sd",2.72,FALSE,72,0.76317231106088,0.770448453722575,0.92,0.0850838362488786,0.91,0.0831586577418825,0.00727614266169452
"gamma_bin_7.50_2.72","gamma_bin","vary_sd",2.72,FALSE,73,0.767786202417761,0.776598765137967,0.93,0.0881326829804311,0.92,0.0862503318040155,0.0088125627202057
"gamma_bin_7.50_2.72","gamma_bin","vary_sd",2.72,FALSE,74,0.772997638290372,0.782720677461248,0.92,0.0909630272641768,0.94,0.0889730225391703,0.00972303917087614
"gamma_bin_7.50_2.72","gamma_bin","vary_sd",2.72,FALSE,75,0.77893263784533,0.788639885162743,0.93,0.0925570214354272,0.94,0.0902673360581477,0.00970724731741335
"gamma_bin_7.50_2.72","gamma_bin","vary_sd",2.72,FALSE,76,0.78568141824908,0.794577608019057,0.92,0.092036595476857,0.9,0.0897913405400785,0.00889618976997653
"gamma_bin_7.50_2.72","gamma_bin","vary_sd",2.72,FALSE,77,0.793148670755028,0.800265719248514,0.91,0.0902132919956554,0.9,0.0877676222069581,0.00711704849348582
"gamma_bin_7.50_2.72","gamma_bin","vary_sd",2.72,FALSE,78,0.801109464577554,0.805944590904632,0.91,0.0877459106813937,0.91,0.085582994819103,0.00483512632707783
"gamma_bin_7.50_2.72","gamma_bin","vary_sd",2.72,FALSE,79,0.809317687520099,0.811264856388828,0.93,0.086452366146539,0.92,0.0843730118814563,0.00194716886872881
"gamma_bin_7.50_2.72","gamma_bin","vary_sd",2.72,FALSE,80,0.817518562189946,0.816158964740232,0.93,0.0864357698874012,0.93,0.0847568879449447,-0.00135959744971437
"gamma_bin_7.50_2.72","gamma_bin","vary_sd",2.72,FALSE,81,0.825462916255739,0.820569364906337,0.92,0.0883450892922409,0.93,0.086400817949569,-0.00489355134940161
"gamma_bin_7.50_2.72","gamma_bin","vary_sd",2.72,FALSE,82,0.832920079463184,0.824954437799749,0.92,0.0912236268752329,0.93,0.0891821178262182,-0.00796564166343516
"gamma_bin_7.50_2.72","gamma_bin","vary_sd",2.72,FALSE,83,0.83968668789734,0.829197516619616,0.93,0.0940816963207641,0.93,0.091977468110131,-0.0104891712777238
"gamma_bin_7.50_2.72","gamma_bin","vary_sd",2.72,FALSE,84,0.845591000049052,0.832986797698721,0.92,0.0955928445230662,0.93,0.0934532741483048,-0.0126042023503313
"gamma_bin_7.50_2.72","gamma_bin","vary_sd",2.72,FALSE,85,0.850493536894317,0.836722757216145,0.91,0.0955762444108214,0.92,0.0934129661893875,-0.013770779678172
"gamma_bin_7.50_2.72","gamma_bin","vary_sd",2.72,FALSE,86,0.854297533108007,0.840032874545079,0.9,0.0938666868307759,0.9,0.0916429173720285,-0.0142646585629278
"gamma_bin_7.50_2.72","gamma_bin","vary_sd",2.72,FALSE,87,0.857044342489846,0.843029994595324,0.89,0.0911367880151654,0.86,0.0888451744939902,-0.0140143478945224
"gamma_bin_7.50_2.72","gamma_bin","vary_sd",2.72,FALSE,88,0.858857822167393,0.846117001610615,0.88,0.0888670789319104,0.87,0.0868074197706901,-0.0127408205567782
"gamma_bin_7.50_2.72","gamma_bin","vary_sd",2.72,FALSE,89,0.859878747666928,0.84924820826058,0.88,0.088342604616568,0.88,0.0864964030651725,-0.0106305394063478
"gamma_bin_7.50_2.72","gamma_bin","vary_sd",2.72,FALSE,90,0.86025311141159,0.852199700241098,0.88,0.0900856389610404,0.87,0.0881797536712672,-0.00805341117049219
"gamma_bin_7.50_2.72","gamma_bin","vary_sd",2.72,FALSE,91,0.860120701023208,0.855039658241801,0.91,0.0929536043754206,0.91,0.0909953520539554,-0.00508104278140675
"gamma_bin_7.50_2.72","gamma_bin","vary_sd",2.72,FALSE,92,0.859606619529194,0.85801475810703,0.92,0.096492705023779,0.9,0.094442566926859,-0.00159186142216416
"gamma_bin_7.50_2.72","gamma_bin","vary_sd",2.72,FALSE,93,0.8588168361623,0.861174805405205,0.91,0.0993705225124331,0.9,0.0970446607699411,0.00235796924290466
"gamma_bin_7.50_2.72","gamma_bin","vary_sd",2.72,FALSE,94,0.857837212377275,0.864559646429404,0.9,0.100622517155222,0.89,0.0982871863130976,0.00672243405212924
"gamma_bin_7.50_2.72","gamma_bin","vary_sd",2.72,FALSE,95,0.856734852284735,0.868268971341557,0.89,0.0997849433378887,0.89,0.0976265963475449,0.0115341190568223
"gamma_bin_7.50_2.72","gamma_bin","vary_sd",2.72,FALSE,96,0.855586935925609,0.872187449479109,0.86,0.0983331664410361,0.84,0.0962759185720157,0.0166005135534999
"gamma_bin_7.50_2.72","gamma_bin","vary_sd",2.72,FALSE,97,0.854642173312711,0.876487611711093,0.84,0.096962879125674,0.8,0.0947950100080956,0.0218454383983816
"gamma_bin_7.50_2.72","gamma_bin","vary_sd",2.72,FALSE,98,0.854216899337268,0.880972203241756,0.84,0.0972583807883501,0.81,0.0946289670392136,0.0267553039044877
"gamma_bin_7.50_2.72","gamma_bin","vary_sd",2.72,FALSE,99,0.854615196085733,0.885860474024886,0.84,0.0989508444418967,0.81,0.0963256040995787,0.0312452779391533
"gamma_bin_7.50_2.72","gamma_bin","vary_sd",2.72,FALSE,100,0.856123392287051,0.891092399608421,0.82,0.101841404538625,0.85,0.0992818874496605,0.0349690073213698
"gamma_bin_7.50_2.72","gamma_bin","vary_sd",2.72,FALSE,101,0.859003725920451,0.896705544632262,0.83,0.104730636152608,0.86,0.10237235157777,0.0377018187118107
"gamma_bin_7.50_2.72","gamma_bin","vary_sd",2.72,FALSE,102,0.863491057515902,0.903004940127536,0.83,0.106894847595186,0.83,0.104673062970604,0.0395138826116336
"gamma_bin_7.50_2.72","gamma_bin","vary_sd",2.72,FALSE,103,0.869793786137492,0.90984369891033,0.83,0.107564192168544,0.84,0.105426973496093,0.0400499127728375
"gamma_bin_7.50_2.72","gamma_bin","vary_sd",2.72,FALSE,104,0.878098070350996,0.916912382062686,0.82,0.106138427626636,0.83,0.104100789988647,0.0388143117116903
"gamma_bin_7.50_2.72","gamma_bin","vary_sd",2.72,FALSE,105,0.888573897619543,0.92437188696957,0.82,0.103071695474293,0.83,0.101249377237868,0.0357979893500272
"gamma_bin_7.50_2.72","gamma_bin","vary_sd",2.72,FALSE,106,0.901301658370892,0.931973922279054,0.85,0.100415856086953,0.85,0.0984455452453365,0.0306722639081624
"gamma_bin_7.50_2.72","gamma_bin","vary_sd",2.72,FALSE,107,0.915897849763235,0.939545849481086,0.85,0.0992798267890618,0.85,0.0971557327546964,0.0236479997178514
"gamma_bin_7.50_2.72","gamma_bin","vary_sd",2.72,FALSE,108,0.931781890770312,0.946600187431158,0.88,0.100390927610873,0.87,0.0979674349292086,0.0148182966608463
"gamma_bin_7.50_2.72","gamma_bin","vary_sd",2.72,FALSE,109,0.964908287444313,0.953272565440232,0.89,0.103255221042161,0.88,0.100799724323539,-0.0116357220040811
"gamma_bin_7.50_2.72","gamma_bin","vary_sd",2.72,FALSE,110,0.980887218164916,0.959661258910929,0.85,0.107626843790141,0.89,0.104625486395659,-0.021225959253987
"gamma_bin_7.50_2.72","gamma_bin","vary_sd",2.72,FALSE,111,0.995692213942587,0.965385213141808,0.86,0.111167180370091,0.86,0.108158079270565,-0.0303070008007793
"gamma_bin_7.50_2.72","gamma_bin","vary_sd",2.72,FALSE,112,1.00881666031265,0.970240563520254,0.85,0.113389589484488,0.85,0.1104292998255,-0.0385760967923958
"gamma_bin_7.50_2.72","gamma_bin","vary_sd",2.72,FALSE,113,1.01983605940048,0.974254738115594,0.84,0.113613540042385,0.84,0.110444117941602,-0.0455813212848865
"gamma_bin_7.50_2.72","gamma_bin","vary_sd",2.72,FALSE,114,1.02841129997895,0.977385993180039,0.8,0.110954187389439,0.79,0.108178221986939,-0.0510253067989113
"gamma_bin_7.50_2.72","gamma_bin","vary_sd",2.72,FALSE,115,1.03430371035801,0.979813425881373,0.8,0.107557051039078,0.78,0.104996405195238,-0.0544902844766373
"gamma_bin_7.50_2.72","gamma_bin","vary_sd",2.72,FALSE,116,1.03743175161603,0.981312591826014,0.77,0.104609539789622,0.75,0.102161284718581,-0.0561191597900164
"gamma_bin_7.50_2.72","gamma_bin","vary_sd",2.72,FALSE,117,1.0378022122009,0.982247125920601,0.76,0.104023489633657,0.77,0.101692883319089,-0.0555550862802995
"gamma_bin_7.50_2.72","gamma_bin","vary_sd",2.72,FALSE,118,1.03547276308025,0.982469468526142,0.81,0.105341312990076,0.77,0.103047537709178,-0.053003294554108
"gamma_bin_7.50_2.72","gamma_bin","vary_sd",2.72,FALSE,119,1.03053550780697,0.98187802774381,0.8,0.108386100667613,0.79,0.106000396041188,-0.0486574800631597
"gamma_bin_7.50_2.72","gamma_bin","vary_sd",2.72,FALSE,120,1.02310221069091,0.98063981498614,0.85,0.111564592998422,0.83,0.109224554592317,-0.0424623957047701
"gamma_bin_7.50_2.72","gamma_bin","vary_sd",2.72,FALSE,121,1.01329357541095,0.978823326692859,0.9,0.1138828254756,0.89,0.11169215716263,-0.0344702487180912
"gamma_bin_7.50_2.72","gamma_bin","vary_sd",2.72,FALSE,122,1.00123289414715,0.976360949745088,0.92,0.113938258255632,0.91,0.111549848143907,-0.0248719444020623
"gamma_bin_7.50_2.72","gamma_bin","vary_sd",2.72,FALSE,123,0.987043160294477,0.973331566330578,0.93,0.111496820960617,0.94,0.108923276004178,-0.0137115939638988
"gamma_bin_7.50_2.72","gamma_bin","vary_sd",2.72,FALSE,124,0.970846430550826,0.969892957580408,0.93,0.107526024144889,0.94,0.104944842562994,-0.000953472970418145
"gamma_bin_7.50_2.72","gamma_bin","vary_sd",2.72,FALSE,125,0.953001568168985,0.966339423699947,0.9,0.104218929909892,0.92,0.101819057539716,0.0133378555309625
"gamma_bin_7.50_2.72","gamma_bin","vary_sd",2.72,FALSE,126,0.934680947695761,0.962855660498703,0.91,0.102963872672482,0.89,0.100374143860063,0.0281747128029415
"gamma_bin_7.50_2.72","gamma_bin","vary_sd",2.72,FALSE,127,0.917145793226913,0.95968357729282,0.83,0.103978125631168,0.82,0.101325385249754,0.042537784065907
"gamma_bin_7.50_2.72","gamma_bin","vary_sd",2.72,FALSE,128,0.901530406151582,0.957264183664536,0.81,0.106847915552709,0.78,0.104190858310449,0.0557337775129539
"gamma_bin_7.50_2.72","gamma_bin","vary_sd",2.72,FALSE,129,0.888820761331304,0.955683719000417,0.77,0.1099919837878,0.74,0.107156178993647,0.0668629576691129
"gamma_bin_7.50_2.72","gamma_bin","vary_sd",2.72,FALSE,130,0.879849051096058,0.954809059763035,0.71,0.112491776342273,0.73,0.109449853276614,0.0749600086669772
"gamma_bin_7.50_2.72","gamma_bin","vary_sd",2.72,FALSE,131,0.875312502934994,0.954922714908769,0.67,0.112928353070586,0.68,0.110206795641985,0.0796102119737749
"gamma_bin_7.50_2.72","gamma_bin","vary_sd",2.72,FALSE,132,0.875810644994376,0.956058310487907,0.65,0.111228648805637,0.68,0.108470303961844,0.080247665493531
"gamma_bin_7.50_2.72","gamma_bin","vary_sd",2.72,FALSE,133,0.881891211117993,0.958469867577148,0.67,0.107865655117164,0.67,0.105393901561666,0.0765786564591555
"gamma_bin_7.50_2.72","gamma_bin","vary_sd",2.72,FALSE,134,0.894096753734329,0.961559292405317,0.71,0.104547105459418,0.7,0.102313954402808,0.0674625386709881
"gamma_bin_7.50_2.72","gamma_bin","vary_sd",2.72,FALSE,135,0.912538889585145,0.965263580221008,0.75,0.1024589644243,0.77,0.100279804616526,0.0527246906358633
"gamma_bin_7.50_2.72","gamma_bin","vary_sd",2.72,FALSE,136,0.935968580436848,0.969175326476246,0.8,0.102745360364503,0.83,0.10034681452547,0.0332067460393977
"gamma_bin_7.50_2.72","gamma_bin","vary_sd",2.72,FALSE,137,0.962748452443007,0.97312451484021,0.88,0.105298216041128,0.9,0.102830133235882,0.0103760623972031
"gamma_bin_7.50_2.72","gamma_bin","vary_sd",2.72,FALSE,138,0.991058087015847,0.976764757767271,0.93,0.108971950175339,0.92,0.10649713136958,-0.0142933292485756
"gamma_bin_7.50_2.72","gamma_bin","vary_sd",2.72,FALSE,139,1.01894781256074,0.979653044371638,0.86,0.113078132272621,0.85,0.110356116154543,-0.0392947681891019
"gamma_bin_7.50_2.72","gamma_bin","vary_sd",2.72,FALSE,140,1.04444932027992,0.982054183067598,0.77,0.115391526782769,0.72,0.112806024558584,-0.0623951372123217
"gamma_bin_7.50_2.72","gamma_bin","vary_sd",2.72,FALSE,141,1.0657059122687,0.98365890691104,0.65,0.11535618592596,0.63,0.112668724678272,-0.0820470053576599
"gamma_bin_7.50_2.72","gamma_bin","vary_sd",2.72,FALSE,142,1.0810929449843,0.984517555258211,0.58,0.112909496952093,0.55,0.110449420255413,-0.0965753897260893
"gamma_bin_7.50_2.72","gamma_bin","vary_sd",2.72,FALSE,143,1.08930930531451,0.984757723633967,0.52,0.109675967208104,0.51,0.107205630507038,-0.104551581680543
"gamma_bin_7.50_2.72","gamma_bin","vary_sd",2.72,FALSE,144,1.08943317712892,0.984154049823973,0.5,0.107393056104145,0.48,0.105087595104198,-0.105279127304947
"gamma_bin_7.50_2.72","gamma_bin","vary_sd",2.72,FALSE,145,1.08148967301391,0.983050751827086,0.5,0.107556682482109,0.48,0.104943662356028,-0.0984389211868238
"gamma_bin_7.50_2.72","gamma_bin","vary_sd",2.72,FALSE,146,1.067118056924,0.981359824905521,0.58,0.109186494631575,0.54,0.106783702815305,-0.0857582320184792
"gamma_bin_7.50_2.72","gamma_bin","vary_sd",2.72,FALSE,147,1.04828964020928,0.979076338404789,0.68,0.112268798703274,0.66,0.109740590783481,-0.0692133018044908
"gamma_bin_7.50_2.72","gamma_bin","vary_sd",2.72,FALSE,148,1.02693455801449,0.976716998523702,0.83,0.115612088396601,0.8,0.11295767251022,-0.050217559490788
"gamma_bin_7.50_2.72","gamma_bin","vary_sd",2.72,FALSE,149,1.00477443375589,0.974004294702619,0.9,0.117765838463099,0.86,0.114835461461805,-0.030770139053271
"gamma_bin_7.50_2.72","gamma_bin","vary_sd",2.72,FALSE,150,0.983222907766779,0.97098873126928,0.91,0.117430277651265,0.9,0.114314069458902,-0.0122341764974991
"gamma_bin_7.50_2.72","gamma_bin","vary_sd",2.72,FALSE,151,0.963363940769346,0.967773262061604,0.91,0.114796800584083,0.9,0.111540919872611,0.00440932129225813
"gamma_bin_7.50_2.72","gamma_bin","vary_sd",2.72,FALSE,152,0.945985514931433,0.964388277866459,0.88,0.110669824443203,0.89,0.107623215627273,0.0184027629350264
"gamma_bin_7.50_2.72","gamma_bin","vary_sd",2.72,FALSE,153,0.931639698450479,0.960974274946786,0.83,0.106804536535205,0.84,0.104102037269799,0.0293345764963067
"gamma_bin_7.50_2.72","gamma_bin","vary_sd",2.72,FALSE,154,0.920706027513323,0.957504261282894,0.82,0.104554449067058,0.81,0.102411114075083,0.0367982337695709
"gamma_bin_7.50_2.72","gamma_bin","vary_sd",2.72,FALSE,155,0.913287949909382,0.954422732038289,0.79,0.105115656696039,0.78,0.102521333919503,0.0411347821289073
"gamma_bin_7.50_2.72","gamma_bin","vary_sd",2.72,FALSE,156,0.909118262499206,0.95181016631789,0.8,0.107476887857894,0.77,0.105158097363279,0.0426919038186844
"gamma_bin_7.50_2.72","gamma_bin","vary_sd",2.72,FALSE,157,0.90786599524967,0.949872359458007,0.8,0.110564423722902,0.79,0.108084828641665,0.0420063642083367
"gamma_bin_7.50_2.72","gamma_bin","vary_sd",2.72,FALSE,158,0.909191813449816,0.948791380964691,0.84,0.113009370168474,0.84,0.110437480845465,0.0395995675148749
"gamma_bin_7.50_2.72","gamma_bin","vary_sd",2.72,FALSE,159,0.9127706498954,0.948547222031119,0.87,0.113770069996834,0.86,0.111144789370357,0.0357765721357192
"gamma_bin_7.50_2.72","gamma_bin","vary_sd",2.72,FALSE,160,0.918310343562916,0.948818652229221,0.89,0.112574519124564,0.9,0.11004077958607,0.0305083086663046
"gamma_bin_7.50_2.72","gamma_bin","vary_sd",2.72,FALSE,161,0.925562601543549,0.949952333233216,0.91,0.109893833695728,0.9,0.107682175711386,0.0243897316896666
"gamma_bin_7.50_2.72","gamma_bin","vary_sd",2.72,FALSE,162,0.934326617511047,0.95198828546782,0.9,0.107232221515636,0.9,0.105075216729649,0.0176616679567732
"gamma_bin_7.50_2.72","gamma_bin","vary_sd",2.72,FALSE,163,0.944447396594412,0.954791509056952,0.91,0.10594737141602,0.92,0.103491091199004,0.0103441124625402
"gamma_bin_7.50_2.72","gamma_bin","vary_sd",2.72,FALSE,164,0.955808426255688,0.95854199246927,0.92,0.106638082649304,0.92,0.104079792168492,0.00273356621358167
"gamma_bin_7.50_2.72","gamma_bin","vary_sd",2.72,FALSE,165,0.968171987055275,0.96305689753429,0.9,0.109492949392346,0.89,0.106978392387793,-0.00511508952098527
"gamma_bin_7.50_2.72","gamma_bin","vary_sd",2.72,FALSE,166,0.981075418082579,0.968132852056906,0.9,0.113633482286255,0.89,0.11107453895005,-0.0129425660256735
"gamma_bin_7.50_2.72","gamma_bin","vary_sd",2.72,FALSE,167,0.99403776313242,0.974155744542973,0.9,0.117647092539579,0.89,0.114886368192052,-0.0198820185894473
"gamma_bin_7.50_2.72","gamma_bin","vary_sd",2.72,FALSE,168,1.00658618871785,0.980871674708491,0.89,0.120276720698461,0.89,0.117533265380764,-0.0257145140093594
"gamma_bin_7.50_2.72","gamma_bin","vary_sd",2.72,FALSE,169,1.01827263962082,0.988435595462586,0.92,0.120657117453335,0.9,0.118095313543908,-0.0298370441582343
"gamma_bin_7.50_2.72","gamma_bin","vary_sd",2.72,FALSE,170,1.02869207421039,0.996850478183324,0.9,0.119133376154584,0.89,0.116525371223482,-0.0318415960270664
"gamma_bin_7.50_2.72","gamma_bin","vary_sd",2.72,FALSE,171,1.03749575970787,1.00594421972995,0.87,0.11672218492973,0.86,0.11400331293674,-0.0315515399779189
"gamma_bin_7.50_2.72","gamma_bin","vary_sd",2.72,FALSE,172,1.04439766370686,1.01581992167361,0.87,0.114794084544206,0.87,0.112186064585599,-0.0285777420332514
"gamma_bin_7.50_2.72","gamma_bin","vary_sd",2.72,FALSE,173,1.04917474480308,1.02629900673682,0.9,0.11468165239065,0.87,0.112007337589463,-0.022875738066255
"gamma_bin_7.50_2.72","gamma_bin","vary_sd",2.72,FALSE,174,1.05167598943045,1.03714543997387,0.9,0.116228033838673,0.88,0.113514800219311,-0.0145305494565811
"gamma_bin_7.50_2.72","gamma_bin","vary_sd",2.72,FALSE,175,1.05228684352057,1.0486508361064,0.9,0.119410506132751,0.9,0.116471594161733,-0.00363600741417192
"gamma_bin_7.50_2.72","gamma_bin","vary_sd",2.72,FALSE,176,1.05205037229906,1.06120414178144,0.9,0.123025446712731,0.9,0.120058401929231,0.00915376948238311
"gamma_bin_7.50_2.72","gamma_bin","vary_sd",2.72,FALSE,177,1.05206304074467,1.07424261572796,0.9,0.125821817820712,0.89,0.122867466206564,0.0221795749832909
"gamma_bin_7.50_2.72","gamma_bin","vary_sd",2.72,FALSE,178,1.0533911428065,1.08792797362607,0.86,0.12651883661805,0.87,0.123667675470145,0.0345368308195697
"gamma_bin_7.50_2.72","gamma_bin","vary_sd",2.72,FALSE,179,1.05702523270082,1.10181198686538,0.82,0.124831146601009,0.81,0.12208070656703,0.0447867541645601
"gamma_bin_7.50_2.72","gamma_bin","vary_sd",2.72,FALSE,180,1.06385390304002,1.11608904443269,0.76,0.121662271490811,0.77,0.118951950376946,0.0522351413926685
"gamma_bin_7.50_2.72","gamma_bin","vary_sd",2.72,FALSE,181,1.07466368846286,1.13014272530804,0.75,0.119259587247758,0.73,0.116439930208105,0.0554790368451752
"gamma_bin_7.50_2.72","gamma_bin","vary_sd",2.72,FALSE,182,1.09015918537017,1.14429762869919,0.75,0.118952552930939,0.73,0.11616169796683,0.0541384433290173
"gamma_bin_7.50_2.72","gamma_bin","vary_sd",2.72,FALSE,183,1.11099415707904,1.15825153097745,0.78,0.121100960265201,0.77,0.118362511098012,0.047257373898411
"gamma_bin_7.50_2.72","gamma_bin","vary_sd",2.72,FALSE,184,1.13776253966062,1.17170203878456,0.86,0.125744446217538,0.88,0.122458579288923,0.0339394991239401
"gamma_bin_7.50_2.72","gamma_bin","vary_sd",2.72,FALSE,185,1.16994138910722,1.18356360943982,0.89,0.131001935477823,0.88,0.127548330911557,0.0136222203325973
"gamma_bin_7.50_2.72","gamma_bin","vary_sd",2.72,FALSE,186,1.20568067952197,1.19377825592309,0.89,0.13535732009276,0.86,0.131614819303438,-0.0119024235988756
"gamma_bin_7.50_2.72","gamma_bin","vary_sd",2.72,FALSE,187,1.24280592689739,1.20272137392924,0.84,0.137296342429743,0.8,0.133345668982346,-0.0400845529681537
"gamma_bin_7.50_2.72","gamma_bin","vary_sd",2.72,FALSE,188,1.27892507759421,1.20992193677537,0.77,0.136461544899302,0.75,0.132420573602737,-0.0690031408188401
"gamma_bin_7.50_2.72","gamma_bin","vary_sd",2.72,FALSE,189,1.31157809299846,1.21512131065057,0.69,0.134105198810362,0.66,0.130001340584288,-0.0964567823478879
"gamma_bin_7.50_2.72","gamma_bin","vary_sd",2.72,FALSE,190,1.33842575739913,1.21819428503612,0.57,0.131171067016426,0.52,0.127659773617822,-0.120231472363005
"gamma_bin_7.50_2.72","gamma_bin","vary_sd",2.72,FALSE,191,1.35742493987032,1.2192477057182,0.46,0.129934620698044,0.43,0.126865242298664,-0.138177234152116
"gamma_bin_7.50_2.72","gamma_bin","vary_sd",2.72,FALSE,192,1.36695842059754,1.21887696504463,0.44,0.131359425776047,0.43,0.128504786309669,-0.148081455552909
"gamma_bin_7.50_2.72","gamma_bin","vary_sd",2.72,FALSE,193,1.36590703303142,1.21660939165981,0.46,0.134839760268283,0.44,0.132105701792274,-0.14929764137161
"gamma_bin_7.50_2.72","gamma_bin","vary_sd",2.72,FALSE,194,1.35374441935837,1.21231220227442,0.55,0.139222090875831,0.5,0.136108761673497,-0.141432217083945
"gamma_bin_7.50_2.72","gamma_bin","vary_sd",2.72,FALSE,195,1.33179505256341,1.20628277206716,0.6,0.142605287095376,0.58,0.139231205096535,-0.125512280496248
"gamma_bin_7.50_2.72","gamma_bin","vary_sd",2.72,FALSE,196,1.30282908300336,1.1985346525345,0.68,0.143021270416437,0.67,0.140091899117668,-0.104294430468858
"gamma_bin_7.50_2.72","gamma_bin","vary_sd",2.72,FALSE,197,1.26962792749398,1.18899183592282,0.77,0.140330641337937,0.75,0.13750374264418,-0.0806360915711604
"gamma_bin_7.50_2.72","gamma_bin","vary_sd",2.72,FALSE,198,1.23470197201586,1.1775982355412,0.83,0.134312057801169,0.81,0.131687376346706,-0.0571037364746552
"gamma_bin_7.50_2.72","gamma_bin","vary_sd",2.72,FALSE,199,1.20012008532359,1.16487270677585,0.87,0.127412744318946,0.84,0.124673728420372,-0.0352473785477381
"gamma_bin_7.50_2.72","gamma_bin","vary_sd",2.72,FALSE,200,1.16745324780638,1.15214063246753,0.88,0.121396590713402,0.85,0.118650412282931,-0.0153126153388519
"gamma_bin_7.50_2.72","gamma_bin","vary_sd",2.72,FALSE,201,1.13781324493009,1.13934593793394,0.9,0.117674149516997,0.87,0.114907568615841,0.00153269300384751
"gamma_bin_7.50_2.72","gamma_bin","vary_sd",2.72,FALSE,202,1.11194114249594,1.12737321124477,0.88,0.117000108012918,0.87,0.114290419577078,0.0154320687488305
"gamma_bin_7.50_2.72","gamma_bin","vary_sd",2.72,FALSE,203,1.09030738318271,1.11602643545785,0.88,0.118534962207189,0.89,0.11606272258301,0.0257190522751423
"gamma_bin_7.50_2.72","gamma_bin","vary_sd",2.72,FALSE,204,1.07317842503564,1.10586913438791,0.87,0.121523638096065,0.87,0.118650184752328,0.0326907093522668
"gamma_bin_7.50_2.72","gamma_bin","vary_sd",2.72,FALSE,205,1.06040347302214,1.09729172732005,0.85,0.123127872611065,0.88,0.120227372861446,0.0368882542979145
"gamma_bin_7.50_2.72","gamma_bin","vary_sd",2.72,FALSE,206,1.05156904168052,1.09086187415546,0.87,0.122861072081163,0.86,0.120049062382102,0.03929283247494
"gamma_bin_7.50_2.72","gamma_bin","vary_sd",2.72,FALSE,207,1.04624950999474,1.08620940595291,0.87,0.120703348511037,0.86,0.117610972356466,0.0399598959581684
"gamma_bin_7.50_2.72","gamma_bin","vary_sd",2.72,FALSE,208,1.04403704329192,1.0834668067603,0.84,0.11764946788302,0.85,0.114612492927456,0.0394297634683762
"gamma_bin_7.50_2.72","gamma_bin","vary_sd",2.72,FALSE,209,1.0445651521307,1.08237141269193,0.81,0.115189466533724,0.83,0.112427777395697,0.0378062605612279
"gamma_bin_7.50_2.72","gamma_bin","vary_sd",2.72,FALSE,210,1.04752392002038,1.0835638708421,0.8,0.114888750820059,0.84,0.112193428118777,0.036039950821722
"gamma_bin_7.50_2.72","gamma_bin","vary_sd",2.72,FALSE,211,1.05266551803821,1.08726982477186,0.81,0.116935814791498,0.83,0.114100496677082,0.0346043067336492
"gamma_bin_7.50_2.72","gamma_bin","vary_sd",2.72,FALSE,212,1.0598023103751,1.09311395619833,0.85,0.120807827116401,0.82,0.117664440862757,0.0333116458232314
"gamma_bin_7.50_2.72","gamma_bin","vary_sd",2.72,FALSE,213,1.06880062573221,1.10098940558952,0.87,0.124964079083677,0.85,0.121662278954424,0.0321887798573128
"gamma_bin_7.50_2.72","gamma_bin","vary_sd",2.72,FALSE,214,1.0795784696348,1.11089149665755,0.89,0.128396189885747,0.89,0.125099184682549,0.0313130270227517
"gamma_bin_7.50_2.72","gamma_bin","vary_sd",2.72,FALSE,215,1.09215111452811,1.12271271351787,0.91,0.129543418307676,0.89,0.126375946157163,0.0305615989897625
"gamma_bin_7.50_2.72","gamma_bin","vary_sd",2.72,FALSE,216,1.10660255202503,1.13642143093294,0.9,0.128000640315086,0.89,0.125201290995067,0.0298188789079064
"gamma_bin_7.50_2.72","gamma_bin","vary_sd",2.72,FALSE,217,1.1230463183655,1.15217265558256,0.91,0.124806152972331,0.89,0.122167104802279,0.029126337217062
"gamma_bin_7.50_2.72","gamma_bin","vary_sd",2.72,FALSE,218,1.14161803384419,1.1691816219267,0.92,0.121601509381437,0.91,0.119097372499322,0.0275635880825067
"gamma_bin_7.50_2.72","gamma_bin","vary_sd",2.72,FALSE,219,1.16246850453014,1.18761936081761,0.9,0.120569885045278,0.89,0.118052765962917,0.0251508562874716
"gamma_bin_7.50_2.72","gamma_bin","vary_sd",2.72,FALSE,220,1.18575867786174,1.20725484353865,0.89,0.122296045605021,0.88,0.119620349080704,0.0214961656769144
"gamma_bin_7.50_2.72","gamma_bin","vary_sd",2.72,FALSE,221,1.21165701983639,1.22766965890184,0.9,0.12698771821834,0.9,0.124336552529862,0.0160126390654463
"gamma_bin_7.50_2.72","gamma_bin","vary_sd",2.72,FALSE,222,1.24033898455105,1.2477979376915,0.93,0.133386660295193,0.91,0.130573427483486,0.00745895314044986
"gamma_bin_7.50_2.72","gamma_bin","vary_sd",2.72,FALSE,223,1.27198794287079,1.26775152311708,0.93,0.139964639999522,0.93,0.136706406819455,-0.00423641975370659
"gamma_bin_7.50_2.72","gamma_bin","vary_sd",2.72,FALSE,224,1.30666523446541,1.28743676804782,0.9,0.144330255464164,0.9,0.14126776709158,-0.0192284664175879
"gamma_bin_7.50_2.72","gamma_bin","vary_sd",2.72,FALSE,225,1.3433530482977,1.30642427498106,0.89,0.145612859779155,0.87,0.142573621268985,-0.0369287733166381
"gamma_bin_7.50_2.72","gamma_bin","vary_sd",2.72,FALSE,226,1.38038171186225,1.32471282340369,0.86,0.143707974825301,0.82,0.140920204601327,-0.0556688884585566
"gamma_bin_7.50_2.72","gamma_bin","vary_sd",2.72,FALSE,227,1.41592160258673,1.34195527112745,0.78,0.140452808710394,0.76,0.137729888020787,-0.0739663314592796
"gamma_bin_7.50_2.72","gamma_bin","vary_sd",2.72,FALSE,228,1.44808142918806,1.35744676823648,0.7,0.13883080770924,0.66,0.135601759335309,-0.0906346609515829
"gamma_bin_7.50_2.72","gamma_bin","vary_sd",2.72,FALSE,229,1.47504730588812,1.37113968371656,0.67,0.139788758151992,0.64,0.136366510732855,-0.103907622171559
"gamma_bin_7.50_2.72","gamma_bin","vary_sd",2.72,FALSE,230,1.49521587906308,1.38253000265022,0.62,0.143352956418723,0.6,0.139801163573366,-0.112685876412857
"gamma_bin_7.50_2.72","gamma_bin","vary_sd",2.72,FALSE,231,1.50729103953841,1.39169915272182,0.63,0.147795812923054,0.62,0.144219859988426,-0.115591886816588
"gamma_bin_7.50_2.72","gamma_bin","vary_sd",2.72,FALSE,232,1.51033534857617,1.39763787215644,0.65,0.151992024668304,0.59,0.148459143009538,-0.112697476419727
"gamma_bin_7.50_2.72","gamma_bin","vary_sd",2.72,FALSE,233,1.50378097074586,1.40046201353728,0.72,0.154457929717638,0.67,0.151054992513777,-0.10331895720858
"gamma_bin_7.50_2.72","gamma_bin","vary_sd",2.72,FALSE,234,1.48764960471254,1.39982753509094,0.79,0.15345547528066,0.74,0.150157020647283,-0.087822069621603
"gamma_bin_7.50_2.72","gamma_bin","vary_sd",2.72,FALSE,235,1.46373241708909,1.3953542020648,0.82,0.14977955690761,0.79,0.146364575234714,-0.0683782150242882
"gamma_bin_7.50_2.72","gamma_bin","vary_sd",2.72,FALSE,236,1.43448143272486,1.38749313397383,0.85,0.144475442476077,0.86,0.141162756475286,-0.0469882987510319
"gamma_bin_7.50_2.72","gamma_bin","vary_sd",2.72,FALSE,237,1.40223769952072,1.37729668466565,0.9,0.139782861279247,0.89,0.136551038860655,-0.0249410148550706
"gamma_bin_7.50_2.72","gamma_bin","vary_sd",2.72,FALSE,238,1.36905513115977,1.365341785363,0.91,0.137125495376695,0.9,0.134136003630656,-0.00371334579677463
"gamma_bin_7.50_2.72","gamma_bin","vary_sd",2.72,FALSE,239,1.33659069308879,1.3522848507665,0.91,0.137094718941169,0.91,0.134325521017688,0.0156941576777074
"gamma_bin_7.50_2.72","gamma_bin","vary_sd",2.72,FALSE,240,1.30608415861083,1.33825142814405,0.9,0.139966291184268,0.91,0.136819649993126,0.0321672695332151
"gamma_bin_7.50_2.72","gamma_bin","vary_sd",2.72,FALSE,241,1.27840456713347,1.32416059164552,0.88,0.143456522243797,0.88,0.14061846976298,0.045756024512047
"gamma_bin_7.50_2.72","gamma_bin","vary_sd",2.72,FALSE,242,1.25412742548082,1.30993015585911,0.88,0.146274461982294,0.89,0.143448718363694,0.055802730378288
"gamma_bin_7.50_2.72","gamma_bin","vary_sd",2.72,FALSE,243,1.23361554311767,1.29580501593969,0.89,0.14752606206531,0.88,0.144638853122745,0.0621894728220156
"gamma_bin_7.50_2.72","gamma_bin","vary_sd",2.72,FALSE,244,1.21706403589592,1.28226839811089,0.88,0.14721180704624,0.88,0.143916000986433,0.0652043622149707
"gamma_bin_7.50_2.72","gamma_bin","vary_sd",2.72,FALSE,245,1.20445667363505,1.26906689462831,0.86,0.147945559027988,0.88,0.14388348650757,0.0646102209932611
"gamma_bin_7.50_2.72","gamma_bin","vary_sd",2.72,FALSE,246,1.19569657050359,1.25657999195781,0.89,0.151118156900917,0.88,0.146968795542844,0.0608834214542238
"gamma_bin_7.50_2.72","gamma_bin","vary_sd",2.72,FALSE,247,1.19067334691389,1.24452609963634,0.91,0.159254909810686,0.92,0.155123883292549,0.0538527527224459
"gamma_bin_7.50_2.72","gamma_bin","vary_sd",2.72,FALSE,248,1.1892846905786,1.23346458136329,0.93,0.173086218557656,0.93,0.168409131858692,0.04417989078469
"gamma_bin_7.50_2.72","gamma_bin","vary_sd",2.72,FALSE,249,1.1914521017446,1.2236489304506,0.95,0.190307599327719,0.97,0.185643760702933,0.0321968287059999
"gamma_bin_7.50_2.72","gamma_bin","vary_sd",2.72,FALSE,250,1.19713021020468,1.21477271657854,0.97,0.210525527398571,0.98,0.205455149009945,0.0176425063738568
"gamma_bin_7.50_2.72","gamma_bin","vary_sd",2.72,FALSE,251,1.20631090184647,1.20685011933285,0.99,0.232655756761236,0.99,0.227125410900222,0.000539217486381416
"gamma_bin_7.50_2.72","gamma_bin","vary_sd",2.72,FALSE,252,1.21902415582724,1.19989417002591,1,0.255416004464151,1,0.249506513714788,-0.0191299858013325
"gamma_bin_7.50_2.72","gamma_bin","vary_sd",2.72,FALSE,253,1.23533724681924,1.19465401109267,1,0.279779073135129,0.99,0.273003518281607,-0.0406832357265705
"gamma_bin_7.50_3.40","gamma_bin","vary_sd",3.4,FALSE,2,6.47633271060018,NA,NA,NA,NA,NA,NA
"gamma_bin_7.50_3.40","gamma_bin","vary_sd",3.4,FALSE,3,5.39748004467528,NA,NA,NA,NA,NA,NA
"gamma_bin_7.50_3.40","gamma_bin","vary_sd",3.4,FALSE,4,4.52153259075373,NA,NA,NA,NA,NA,NA
"gamma_bin_7.50_3.40","gamma_bin","vary_sd",3.4,FALSE,5,3.81075688710478,4.9479547288532,0,0.515384188698865,0,0.513133242889671,1.13719784174842
"gamma_bin_7.50_3.40","gamma_bin","vary_sd",3.4,FALSE,6,3.23384975678135,3.38442801853797,0.96,0.468274115132208,0.96,0.456736519984962,0.150578261756625
"gamma_bin_7.50_3.40","gamma_bin","vary_sd",3.4,FALSE,7,2.76512519694591,2.40929504279319,0.56,0.361607232311759,0.55,0.354043714562328,-0.355830154152716
"gamma_bin_7.50_3.40","gamma_bin","vary_sd",3.4,FALSE,8,2.38350063829982,1.89416473009298,0.11,0.299068729944883,0.07,0.292711613963293,-0.48933590820684
"gamma_bin_7.50_3.40","gamma_bin","vary_sd",3.4,FALSE,9,2.07220990816182,1.59498705379824,0.04,0.256849405452671,0.04,0.251353628433959,-0.477222854363583
"gamma_bin_7.50_3.40","gamma_bin","vary_sd",3.4,FALSE,10,1.8180094782711,1.40971174074145,0.07,0.225570049278768,0.04,0.220401486397596,-0.408297737529651
"gamma_bin_7.50_3.40","gamma_bin","vary_sd",3.4,FALSE,11,1.61045019265924,1.2891132086308,0.11,0.200168369764467,0.08,0.195208931571319,-0.321336984028435
"gamma_bin_7.50_3.40","gamma_bin","vary_sd",3.4,FALSE,12,1.44129331371926,1.20738698701141,0.27,0.178396244191806,0.23,0.173957141838621,-0.233906326707847
"gamma_bin_7.50_3.40","gamma_bin","vary_sd",3.4,FALSE,13,1.30405110997497,1.14940128051933,0.63,0.160333890418177,0.55,0.156232767423572,-0.154649829455639
"gamma_bin_7.50_3.40","gamma_bin","vary_sd",3.4,FALSE,14,1.1936337473603,1.10714001355509,0.82,0.145897767089183,0.79,0.142399115812708,-0.0864937338052059
"gamma_bin_7.50_3.40","gamma_bin","vary_sd",3.4,FALSE,15,1.10608275580624,1.07497667381034,0.93,0.135321500923211,0.93,0.132034010886214,-0.0311060819958979
"gamma_bin_7.50_3.40","gamma_bin","vary_sd",3.4,FALSE,16,1.03836845094092,1.04926915928771,0.93,0.128038034910357,0.9,0.125141987919961,0.010900708346786
"gamma_bin_7.50_3.40","gamma_bin","vary_sd",3.4,FALSE,17,0.987514418464918,1.02766699898132,0.89,0.1232204785604,0.9,0.120433448547301,0.0401525805164022
"gamma_bin_7.50_3.40","gamma_bin","vary_sd",3.4,FALSE,18,0.94985341422689,1.008477320321,0.81,0.119316714856712,0.82,0.116854741142582,0.0586239060941085
"gamma_bin_7.50_3.40","gamma_bin","vary_sd",3.4,FALSE,19,0.922342058412537,0.990736839688833,0.78,0.115529778953734,0.77,0.113014589762973,0.068394781276296
"gamma_bin_7.50_3.40","gamma_bin","vary_sd",3.4,FALSE,20,0.902533145800087,0.97421552111669,0.74,0.110937573069522,0.71,0.108582455698337,0.0716823753166026
"gamma_bin_7.50_3.40","gamma_bin","vary_sd",3.4,FALSE,21,0.888443579660898,0.958101091523015,0.72,0.105451612749126,0.72,0.103255528066923,0.0696575118621169
"gamma_bin_7.50_3.40","gamma_bin","vary_sd",3.4,FALSE,22,0.878474950045775,0.942064969216345,0.72,0.100405160403224,0.72,0.0982240431205498,0.06359001917057
"gamma_bin_7.50_3.40","gamma_bin","vary_sd",3.4,FALSE,23,0.871353706634507,0.926125753932286,0.75,0.0968640293131437,0.73,0.094739359763952,0.0547720472977793
"gamma_bin_7.50_3.40","gamma_bin","vary_sd",3.4,FALSE,24,0.866079695774009,0.910495613982448,0.8,0.0948861978889565,0.79,0.0928801313621546,0.0444159182084395
"gamma_bin_7.50_3.40","gamma_bin","vary_sd",3.4,FALSE,25,0.861880113955128,0.895352885340398,0.86,0.0948121327681676,0.88,0.0928673949749563,0.0334727713852697
"gamma_bin_7.50_3.40","gamma_bin","vary_sd",3.4,FALSE,26,0.858167576978305,0.880489331291994,0.91,0.0953706863992236,0.9,0.0932888940538577,0.0223217543136888
"gamma_bin_7.50_3.40","gamma_bin","vary_sd",3.4,FALSE,27,0.854446587171991,0.865790963854717,0.96,0.095739899535337,0.96,0.0935765168028515,0.0113443766827264
"gamma_bin_7.50_3.40","gamma_bin","vary_sd",3.4,FALSE,28,0.850242530612154,0.851135261994338,0.97,0.0947205620914852,0.95,0.0927042286328634,0.000892731382184042
"gamma_bin_7.50_3.40","gamma_bin","vary_sd",3.4,FALSE,29,0.845168044117022,0.836483392439822,0.94,0.0919342339377986,0.93,0.0900370454345159,-0.00868465167720045
"gamma_bin_7.50_3.40","gamma_bin","vary_sd",3.4,FALSE,30,0.838916821827613,0.822248139147105,0.93,0.0878501471767664,0.92,0.0861169938386036,-0.0166686826805079
"gamma_bin_7.50_3.40","gamma_bin","vary_sd",3.4,FALSE,31,0.83125458603177,0.807922053977067,0.91,0.0834998522432055,0.9,0.0818659392298272,-0.023332532054703
"gamma_bin_7.50_3.40","gamma_bin","vary_sd",3.4,FALSE,32,0.822012955905288,0.79396979258416,0.85,0.0801045593034241,0.85,0.0785837949909903,-0.0280431633211282
"gamma_bin_7.50_3.40","gamma_bin","vary_sd",3.4,FALSE,33,0.811083441801087,0.780277095728054,0.84,0.07813957644171,0.82,0.0769000748725224,-0.0308063460730327
"gamma_bin_7.50_3.40","gamma_bin","vary_sd",3.4,FALSE,34,0.798410706391415,0.767119311684555,0.84,0.0780737505954886,0.83,0.0767077700242592,-0.0312913947068595
"gamma_bin_7.50_3.40","gamma_bin","vary_sd",3.4,FALSE,35,0.783985284249482,0.754266605874465,0.86,0.078991019362607,0.84,0.0774671813910175,-0.029718678375017
"gamma_bin_7.50_3.40","gamma_bin","vary_sd",3.4,FALSE,36,0.767842249776292,0.741472444683527,0.87,0.0802529985105504,0.87,0.0788760193419101,-0.0263698050927653
"gamma_bin_7.50_3.40","gamma_bin","vary_sd",3.4,FALSE,37,0.750320099865667,0.72901487965646,0.9,0.0810547112578894,0.87,0.0796716389667804,-0.0213052202092074
"gamma_bin_7.50_3.40","gamma_bin","vary_sd",3.4,FALSE,38,0.732127511283489,0.71687621714262,0.91,0.0805462584968501,0.93,0.079087372624839,-0.0152512941408685
"gamma_bin_7.50_3.40","gamma_bin","vary_sd",3.4,FALSE,39,0.713945546467747,0.705215385412812,0.94,0.0785225148508498,0.97,0.0769311143925732,-0.00873016105493452
"gamma_bin_7.50_3.40","gamma_bin","vary_sd",3.4,FALSE,40,0.696377644387645,0.694111968464925,0.96,0.0755777395130196,0.97,0.0741652216122445,-0.00226567592272031
"gamma_bin_7.50_3.40","gamma_bin","vary_sd",3.4,FALSE,41,0.679931575981829,0.683779491969134,0.95,0.0728654899170411,0.96,0.0714897685771348,0.00384791598730483
"gamma_bin_7.50_3.40","gamma_bin","vary_sd",3.4,FALSE,42,0.665012401557135,0.67412149206134,0.93,0.0709545869646024,0.94,0.0695612265406864,0.00910909050420483
"gamma_bin_7.50_3.40","gamma_bin","vary_sd",3.4,FALSE,43,0.65192842067752,0.665589313380063,0.94,0.0703321481700545,0.93,0.0689258367661245,0.0136608927025434
"gamma_bin_7.50_3.40","gamma_bin","vary_sd",3.4,FALSE,44,0.640906266957601,0.657923167976538,0.93,0.0706629468911671,0.93,0.0694258040294759,0.0170169010189368
"gamma_bin_7.50_3.40","gamma_bin","vary_sd",3.4,FALSE,45,0.632110069284813,0.651274086807561,0.95,0.0718878783804438,0.96,0.0707040399164315,0.0191640175227485
"gamma_bin_7.50_3.40","gamma_bin","vary_sd",3.4,FALSE,46,0.625656360123327,0.645762496001839,0.96,0.0731243545804391,0.95,0.0717907390560031,0.0201061358785124
"gamma_bin_7.50_3.40","gamma_bin","vary_sd",3.4,FALSE,47,0.621502273809677,0.641377510157425,0.96,0.073488347895266,0.96,0.0720198495407132,0.019875236347748
"gamma_bin_7.50_3.40","gamma_bin","vary_sd",3.4,FALSE,48,0.619441171957512,0.638259247693633,0.94,0.0721839561761135,0.95,0.0709354374735319,0.0188180757361208
"gamma_bin_7.50_3.40","gamma_bin","vary_sd",3.4,FALSE,49,0.619256488578844,0.636498808264229,0.95,0.0703159380531691,0.95,0.0691028843645092,0.0172423196853849
"gamma_bin_7.50_3.40","gamma_bin","vary_sd",3.4,FALSE,50,0.620736004042686,0.6359072500848,0.93,0.0683553418826469,0.93,0.0670325156491431,0.0151712460421141
"gamma_bin_7.50_3.40","gamma_bin","vary_sd",3.4,FALSE,51,0.623679916186844,0.636435491914735,0.91,0.0670170570858203,0.92,0.0656696289066325,0.0127555757278905
"gamma_bin_7.50_3.40","gamma_bin","vary_sd",3.4,FALSE,52,0.627908213332621,0.637819086096081,0.9,0.0666207657528991,0.93,0.0653795522103434,0.00991087276346037
"gamma_bin_7.50_3.40","gamma_bin","vary_sd",3.4,FALSE,53,0.633265384812971,0.64009570386156,0.9,0.0677321661285897,0.91,0.0664323454574283,0.00683031904858855
"gamma_bin_7.50_3.40","gamma_bin","vary_sd",3.4,FALSE,54,0.639622221613428,0.643164777203705,0.92,0.0698774818574289,0.9,0.0685172931551543,0.00354255559027727
"gamma_bin_7.50_3.40","gamma_bin","vary_sd",3.4,FALSE,55,0.646875295241765,0.646999536058248,0.92,0.0720949888888341,0.93,0.0707897462204696,0.000124240816483101
"gamma_bin_7.50_3.40","gamma_bin","vary_sd",3.4,FALSE,56,0.654940797889892,0.651518208600618,0.92,0.0738403673392832,0.92,0.0724000335100144,-0.0034225892892743
"gamma_bin_7.50_3.40","gamma_bin","vary_sd",3.4,FALSE,57,0.663667548235467,0.656769513473856,0.94,0.0745316238093703,0.94,0.0730351858517653,-0.00689803476161144
"gamma_bin_7.50_3.40","gamma_bin","vary_sd",3.4,FALSE,58,0.67283196893338,0.662577393930952,0.94,0.0738571100567808,0.94,0.0724022300368242,-0.0102545750024277
"gamma_bin_7.50_3.40","gamma_bin","vary_sd",3.4,FALSE,59,0.682212593504884,0.668895306596016,0.94,0.072898350823911,0.94,0.0713701994961768,-0.0133172869088676
"gamma_bin_7.50_3.40","gamma_bin","vary_sd",3.4,FALSE,60,0.691594549334227,0.675569905201001,0.9,0.0724717616100832,0.9,0.0708806212350791,-0.0160246441332261
"gamma_bin_7.50_3.40","gamma_bin","vary_sd",3.4,FALSE,61,0.700774343176902,0.682569279165619,0.9,0.0729452035088502,0.9,0.071411718995973,-0.0182050640112832
"gamma_bin_7.50_3.40","gamma_bin","vary_sd",3.4,FALSE,62,0.709565411363515,0.689869649033666,0.89,0.0747112493504148,0.9,0.0729671386069011,-0.0196957623298488
"gamma_bin_7.50_3.40","gamma_bin","vary_sd",3.4,FALSE,63,0.717802382251417,0.697321963060515,0.91,0.0771061795079748,0.91,0.0754615612001604,-0.020480419190902
"gamma_bin_7.50_3.40","gamma_bin","vary_sd",3.4,FALSE,64,0.725343303375917,0.70476984514187,0.92,0.0798410672632233,0.93,0.0783230796134441,-0.0205734582340467
"gamma_bin_7.50_3.40","gamma_bin","vary_sd",3.4,FALSE,65,0.732069930484564,0.712566262527269,0.94,0.0821431554790899,0.92,0.0804597954479417,-0.019503667957295
"gamma_bin_7.50_3.40","gamma_bin","vary_sd",3.4,FALSE,66,0.737895666769886,0.720403069434913,0.93,0.0829449664025362,0.93,0.0813379984875904,-0.0174925973349733
"gamma_bin_7.50_3.40","gamma_bin","vary_sd",3.4,FALSE,67,0.742895958587221,0.72831127622311,0.91,0.0825877689496365,0.91,0.0809501143311474,-0.0145846823641111
"gamma_bin_7.50_3.40","gamma_bin","vary_sd",3.4,FALSE,68,0.747278763319657,0.736098542811009,0.92,0.0809096408081084,0.93,0.0793886895614957,-0.011180220508648
"gamma_bin_7.50_3.40","gamma_bin","vary_sd",3.4,FALSE,69,0.751271373438236,0.74361971161335,0.94,0.0791250611229992,0.93,0.0774701273788045,-0.00765166182488597
"gamma_bin_7.50_3.40","gamma_bin","vary_sd",3.4,FALSE,70,0.755105697598796,0.751122108026895,0.95,0.0786702109095922,0.94,0.0766405946614873,-0.00398358957190126
"gamma_bin_7.50_3.40","gamma_bin","vary_sd",3.4,FALSE,71,0.759004827658807,0.75841870037054,0.94,0.079839800244707,0.93,0.0774391876629521,-0.000586127288267013
"gamma_bin_7.50_3.40","gamma_bin","vary_sd",3.4,FALSE,72,0.76317231106088,0.765310537064182,0.94,0.0820511599057816,0.93,0.0799392560625198,0.00213822600330171
"gamma_bin_7.50_3.40","gamma_bin","vary_sd",3.4,FALSE,73,0.767786202417761,0.771863958246463,0.95,0.0851621167812598,0.92,0.082913863898621,0.00407775582870196
"gamma_bin_7.50_3.40","gamma_bin","vary_sd",3.4,FALSE,74,0.772997638290372,0.77828556570252,0.96,0.0876245459573329,0.95,0.0855492674051317,0.00528792741214823
"gamma_bin_7.50_3.40","gamma_bin","vary_sd",3.4,FALSE,75,0.77893263784533,0.784629163826333,0.97,0.0892128847642485,0.96,0.0872103434581518,0.0056965259810029
"gamma_bin_7.50_3.40","gamma_bin","vary_sd",3.4,FALSE,76,0.78568141824908,0.790696841441814,0.98,0.0891647186782051,0.96,0.087095670661803,0.0050154231927344
"gamma_bin_7.50_3.40","gamma_bin","vary_sd",3.4,FALSE,77,0.793148670755028,0.79643028536554,0.96,0.0879035071344121,0.95,0.0857396175122617,0.00328161461051213
"gamma_bin_7.50_3.40","gamma_bin","vary_sd",3.4,FALSE,78,0.801109464577554,0.801760786855519,0.96,0.0861069873576214,0.95,0.0842731686568308,0.000651322277965383
"gamma_bin_7.50_3.40","gamma_bin","vary_sd",3.4,FALSE,79,0.809317687520099,0.806979336104347,0.95,0.0851639483841451,0.94,0.0835010624655101,-0.00233835141575156
"gamma_bin_7.50_3.40","gamma_bin","vary_sd",3.4,FALSE,80,0.817518562189946,0.811860782350163,0.94,0.0860671490678798,0.92,0.0845272661099007,-0.00565777983978277
"gamma_bin_7.50_3.40","gamma_bin","vary_sd",3.4,FALSE,81,0.825462916255739,0.816354845087793,0.92,0.0884488756941581,0.93,0.0867061178252541,-0.00910807116794587
"gamma_bin_7.50_3.40","gamma_bin","vary_sd",3.4,FALSE,82,0.832920079463184,0.820655953716509,0.93,0.091382804068479,0.94,0.0894153139164224,-0.0122641257466755
"gamma_bin_7.50_3.40","gamma_bin","vary_sd",3.4,FALSE,83,0.83968668789734,0.824835565975902,0.95,0.0940859111512238,0.91,0.0919105025263263,-0.0148511219214382
"gamma_bin_7.50_3.40","gamma_bin","vary_sd",3.4,FALSE,84,0.845591000049052,0.828720468263325,0.94,0.0955404256976826,0.92,0.0932950302501131,-0.0168705317857266
"gamma_bin_7.50_3.40","gamma_bin","vary_sd",3.4,FALSE,85,0.850493536894317,0.832259808619213,0.93,0.0950353612215504,0.92,0.0929209580049195,-0.0182337282751038
"gamma_bin_7.50_3.40","gamma_bin","vary_sd",3.4,FALSE,86,0.854297533108007,0.835605292466101,0.92,0.0930924509754147,0.91,0.0910442361523757,-0.0186922406419063
"gamma_bin_7.50_3.40","gamma_bin","vary_sd",3.4,FALSE,87,0.857044342489846,0.838813373191647,0.91,0.0903285751996437,0.91,0.0886215321547169,-0.0182309692981988
"gamma_bin_7.50_3.40","gamma_bin","vary_sd",3.4,FALSE,88,0.858857822167393,0.841746325016173,0.89,0.0882704588450681,0.89,0.0864553585533636,-0.0171114971512202
"gamma_bin_7.50_3.40","gamma_bin","vary_sd",3.4,FALSE,89,0.859878747666928,0.844695288835667,0.87,0.087971422810878,0.87,0.0859164044650129,-0.0151834588312612
"gamma_bin_7.50_3.40","gamma_bin","vary_sd",3.4,FALSE,90,0.86025311141159,0.847536508328148,0.87,0.0895024751093886,0.88,0.0874380036126383,-0.012716603083442
"gamma_bin_7.50_3.40","gamma_bin","vary_sd",3.4,FALSE,91,0.860120701023208,0.850370955770182,0.88,0.0921687872910691,0.89,0.0902227874925746,-0.00974974525302652
"gamma_bin_7.50_3.40","gamma_bin","vary_sd",3.4,FALSE,92,0.859606619529194,0.853340122303065,0.88,0.0952228124178364,0.88,0.0929006996061216,-0.00626649722612904
"gamma_bin_7.50_3.40","gamma_bin","vary_sd",3.4,FALSE,93,0.8588168361623,0.856675402421462,0.87,0.0970525751100493,0.88,0.0949777082957444,-0.00214143374083797
"gamma_bin_7.50_3.40","gamma_bin","vary_sd",3.4,FALSE,94,0.857837212377275,0.860578571743179,0.87,0.0978584565278508,0.87,0.0956379668917334,0.00274135936590392
"gamma_bin_7.50_3.40","gamma_bin","vary_sd",3.4,FALSE,95,0.856734852284735,0.864775121213261,0.86,0.0966952090846757,0.86,0.0946106859457493,0.00804026892852616
"gamma_bin_7.50_3.40","gamma_bin","vary_sd",3.4,FALSE,96,0.855586935925609,0.86941876456253,0.88,0.0949336021635268,0.87,0.0927533030254638,0.0138318286369216
"gamma_bin_7.50_3.40","gamma_bin","vary_sd",3.4,FALSE,97,0.854642173312711,0.873997213150135,0.87,0.0936581962285019,0.86,0.0914845703163561,0.0193550398374237
"gamma_bin_7.50_3.40","gamma_bin","vary_sd",3.4,FALSE,98,0.854216899337268,0.878967997547919,0.87,0.0933071510275741,0.88,0.0913781194053252,0.024751098210651
"gamma_bin_7.50_3.40","gamma_bin","vary_sd",3.4,FALSE,99,0.854615196085733,0.884131620919673,0.87,0.0945627369651379,0.86,0.0926171626563816,0.0295164248339397
"gamma_bin_7.50_3.40","gamma_bin","vary_sd",3.4,FALSE,100,0.856123392287051,0.889388468450758,0.86,0.0970464490089711,0.85,0.0950911536182114,0.0332650761637067
"gamma_bin_7.50_3.40","gamma_bin","vary_sd",3.4,FALSE,101,0.859003725920451,0.895133672765757,0.85,0.0999795895408221,0.84,0.0980956229583622,0.0361299468453056
"gamma_bin_7.50_3.40","gamma_bin","vary_sd",3.4,FALSE,102,0.863491057515902,0.900951387671368,0.87,0.102316253110725,0.87,0.100407495091334,0.0374603301554662
"gamma_bin_7.50_3.40","gamma_bin","vary_sd",3.4,FALSE,103,0.869793786137492,0.907414189625232,0.87,0.103334158193425,0.87,0.101263397757098,0.0376204034877395
"gamma_bin_7.50_3.40","gamma_bin","vary_sd",3.4,FALSE,104,0.878098070350996,0.914467984575233,0.85,0.102861226496953,0.85,0.100554426464006,0.0363699142242369
"gamma_bin_7.50_3.40","gamma_bin","vary_sd",3.4,FALSE,105,0.888573897619543,0.921634900257052,0.84,0.100800806237734,0.85,0.0985076066905958,0.0330610026375087
"gamma_bin_7.50_3.40","gamma_bin","vary_sd",3.4,FALSE,106,0.901301658370892,0.92909659716592,0.86,0.0986231829502495,0.86,0.0965895017802815,0.0277949387950283
"gamma_bin_7.50_3.40","gamma_bin","vary_sd",3.4,FALSE,107,0.915897849763235,0.936845486528509,0.86,0.0980451221920422,0.88,0.095525466898848,0.0209476367652742
"gamma_bin_7.50_3.40","gamma_bin","vary_sd",3.4,FALSE,108,0.931781890770312,0.944165801379386,0.89,0.0992597162989125,0.91,0.0966314794028852,0.0123839106090742
"gamma_bin_7.50_3.40","gamma_bin","vary_sd",3.4,FALSE,109,0.964908287444313,0.95078082537608,0.91,0.102235118035863,0.9,0.0995544834628213,-0.0141274620682325
"gamma_bin_7.50_3.40","gamma_bin","vary_sd",3.4,FALSE,110,0.980887218164916,0.957178257293405,0.91,0.106108294530403,0.86,0.103319802193164,-0.023708960871511
"gamma_bin_7.50_3.40","gamma_bin","vary_sd",3.4,FALSE,111,0.995692213942587,0.963269033170779,0.88,0.110017706429461,0.83,0.106787248360415,-0.0324231807718084
"gamma_bin_7.50_3.40","gamma_bin","vary_sd",3.4,FALSE,112,1.00881666031265,0.968493453705022,0.83,0.11159066176558,0.82,0.108520272059225,-0.0403232066076284
"gamma_bin_7.50_3.40","gamma_bin","vary_sd",3.4,FALSE,113,1.01983605940048,0.973029768590108,0.79,0.111099138296607,0.78,0.108090086791612,-0.0468062908103719
"gamma_bin_7.50_3.40","gamma_bin","vary_sd",3.4,FALSE,114,1.02841129997895,0.976670785204997,0.74,0.108391273986548,0.73,0.105777598438053,-0.0517405147739528
"gamma_bin_7.50_3.40","gamma_bin","vary_sd",3.4,FALSE,115,1.03430371035801,0.979546057300423,0.74,0.105311557099247,0.73,0.102465316404098,-0.0547576530575873
"gamma_bin_7.50_3.40","gamma_bin","vary_sd",3.4,FALSE,116,1.03743175161603,0.981411249879588,0.76,0.102781480358534,0.73,0.100114602860111,-0.0560205017364421
"gamma_bin_7.50_3.40","gamma_bin","vary_sd",3.4,FALSE,117,1.0378022122009,0.982386903779384,0.77,0.102167500458606,0.74,0.0996663789419473,-0.0554153084215165
"gamma_bin_7.50_3.40","gamma_bin","vary_sd",3.4,FALSE,118,1.03547276308025,0.982755573939359,0.77,0.103567053795886,0.75,0.10091817601936,-0.0527171891408906
"gamma_bin_7.50_3.40","gamma_bin","vary_sd",3.4,FALSE,119,1.03053550780697,0.982612373578944,0.79,0.106474681270692,0.78,0.103558127409451,-0.0479231342280257
"gamma_bin_7.50_3.40","gamma_bin","vary_sd",3.4,FALSE,120,1.02310221069091,0.981877110383091,0.82,0.109603574162488,0.82,0.106348715173574,-0.0412251003078191
"gamma_bin_7.50_3.40","gamma_bin","vary_sd",3.4,FALSE,121,1.01329357541095,0.980490443786996,0.88,0.112341038974515,0.85,0.108753611889286,-0.0328031316239537
"gamma_bin_7.50_3.40","gamma_bin","vary_sd",3.4,FALSE,122,1.00123289414715,0.978397997706489,0.88,0.112739744849974,0.89,0.109406213019547,-0.0228348964406609
"gamma_bin_7.50_3.40","gamma_bin","vary_sd",3.4,FALSE,123,0.987043160294477,0.975665539485826,0.94,0.111057186848751,0.89,0.10771692891604,-0.0113776208086507
"gamma_bin_7.50_3.40","gamma_bin","vary_sd",3.4,FALSE,124,0.970846430550826,0.972418272535497,0.94,0.107620921430215,0.92,0.104956085411859,0.00157184198467075
"gamma_bin_7.50_3.40","gamma_bin","vary_sd",3.4,FALSE,125,0.953001568168985,0.968592216219033,0.89,0.105393867836995,0.9,0.102601538634178,0.0155906480500476
"gamma_bin_7.50_3.40","gamma_bin","vary_sd",3.4,FALSE,126,0.934680947695761,0.965058887836298,0.84,0.104516110743804,0.87,0.101961817489824,0.0303779401405374
"gamma_bin_7.50_3.40","gamma_bin","vary_sd",3.4,FALSE,127,0.917145793226913,0.962028767583014,0.77,0.105568194921672,0.78,0.103157482772758,0.0448829743561012
"gamma_bin_7.50_3.40","gamma_bin","vary_sd",3.4,FALSE,128,0.901530406151582,0.95932801579571,0.73,0.107595001635532,0.72,0.105390825969961,0.0577976096441276
"gamma_bin_7.50_3.40","gamma_bin","vary_sd",3.4,FALSE,129,0.888820761331304,0.957275297250799,0.68,0.110203083754322,0.69,0.107610248426254,0.0684545359194951
"gamma_bin_7.50_3.40","gamma_bin","vary_sd",3.4,FALSE,130,0.879849051096058,0.956002487946919,0.67,0.112262496106726,0.65,0.109530924072288,0.0761534368508605
"gamma_bin_7.50_3.40","gamma_bin","vary_sd",3.4,FALSE,131,0.875312502934994,0.955602338439788,0.66,0.112496234262366,0.62,0.110054372351458,0.0802898355047945
"gamma_bin_7.50_3.40","gamma_bin","vary_sd",3.4,FALSE,132,0.875810644994376,0.956380097389816,0.67,0.110683732117474,0.65,0.108361530172631,0.0805694523954398
"gamma_bin_7.50_3.40","gamma_bin","vary_sd",3.4,FALSE,133,0.881891211117993,0.958264272982574,0.65,0.107391198363647,0.66,0.104984594848341,0.0763730618645807
"gamma_bin_7.50_3.40","gamma_bin","vary_sd",3.4,FALSE,134,0.894096753734329,0.960564620205117,0.71,0.103696146383123,0.71,0.101609878320555,0.066467866470788
"gamma_bin_7.50_3.40","gamma_bin","vary_sd",3.4,FALSE,135,0.912538889585145,0.96318116565218,0.78,0.101695804792647,0.78,0.0995407730893527,0.0506422760670354
"gamma_bin_7.50_3.40","gamma_bin","vary_sd",3.4,FALSE,136,0.935968580436848,0.966382297857766,0.83,0.101527642933687,0.8,0.0997146894095339,0.0304137174209177
"gamma_bin_7.50_3.40","gamma_bin","vary_sd",3.4,FALSE,137,0.962748452443007,0.969102241584763,0.89,0.10386348087268,0.9,0.101651403414479,0.00635378914175644
"gamma_bin_7.50_3.40","gamma_bin","vary_sd",3.4,FALSE,138,0.991058087015847,0.971884893539587,0.9,0.107302966932371,0.89,0.104859754462209,-0.01917319347626
"gamma_bin_7.50_3.40","gamma_bin","vary_sd",3.4,FALSE,139,1.01894781256074,0.974699144416314,0.86,0.111115081670444,0.81,0.108453673843374,-0.0442486681444257
"gamma_bin_7.50_3.40","gamma_bin","vary_sd",3.4,FALSE,140,1.04444932027992,0.977262164017571,0.73,0.113599694116952,0.71,0.110811272656662,-0.0671871562623488
"gamma_bin_7.50_3.40","gamma_bin","vary_sd",3.4,FALSE,141,1.0657059122687,0.979218198071869,0.64,0.114261683171278,0.62,0.111288203344203,-0.0864877141968309
"gamma_bin_7.50_3.40","gamma_bin","vary_sd",3.4,FALSE,142,1.0810929449843,0.980895662516699,0.55,0.112639501189669,0.51,0.109627417440135,-0.100197282467601
"gamma_bin_7.50_3.40","gamma_bin","vary_sd",3.4,FALSE,143,1.08930930531451,0.982168066432431,0.52,0.110114963796761,0.49,0.107507549491133,-0.107141238882079
"gamma_bin_7.50_3.40","gamma_bin","vary_sd",3.4,FALSE,144,1.08943317712892,0.982676194848202,0.48,0.108310973889852,0.48,0.105986359267259,-0.106756982280718
"gamma_bin_7.50_3.40","gamma_bin","vary_sd",3.4,FALSE,145,1.08148967301391,0.982542161112986,0.51,0.107827121536905,0.49,0.105702764520543,-0.0989475119009242
"gamma_bin_7.50_3.40","gamma_bin","vary_sd",3.4,FALSE,146,1.067118056924,0.981613726010604,0.6,0.108854113674436,0.56,0.106646523313458,-0.0855043309133962
"gamma_bin_7.50_3.40","gamma_bin","vary_sd",3.4,FALSE,147,1.04828964020928,0.980127067392186,0.69,0.110718738374602,0.71,0.108498008462708,-0.0681625728170939
"gamma_bin_7.50_3.40","gamma_bin","vary_sd",3.4,FALSE,148,1.02693455801449,0.978038571069746,0.78,0.112575388075366,0.77,0.110081851276821,-0.048895986944744
"gamma_bin_7.50_3.40","gamma_bin","vary_sd",3.4,FALSE,149,1.00477443375589,0.9752093183353,0.9,0.11358687030431,0.9,0.111017391495758,-0.0295651154205903
"gamma_bin_7.50_3.40","gamma_bin","vary_sd",3.4,FALSE,150,0.983222907766779,0.971966927835305,0.93,0.112661119231239,0.93,0.110127307197776,-0.0112559799314742
"gamma_bin_7.50_3.40","gamma_bin","vary_sd",3.4,FALSE,151,0.963363940769346,0.968232996961758,0.9,0.109853575520271,0.93,0.107485065006852,0.0048690561924124
"gamma_bin_7.50_3.40","gamma_bin","vary_sd",3.4,FALSE,152,0.945985514931433,0.964459717419805,0.9,0.105984638472247,0.92,0.103796380988957,0.0184742024883722
"gamma_bin_7.50_3.40","gamma_bin","vary_sd",3.4,FALSE,153,0.931639698450479,0.960791723038663,0.85,0.10271439585874,0.87,0.100495234825281,0.0291520245881843
"gamma_bin_7.50_3.40","gamma_bin","vary_sd",3.4,FALSE,154,0.920706027513323,0.957382685717522,0.83,0.101157771993028,0.84,0.09871555642259,0.0366766582041986
"gamma_bin_7.50_3.40","gamma_bin","vary_sd",3.4,FALSE,155,0.913287949909382,0.954226786382907,0.83,0.101044101626851,0.81,0.0987401243343903,0.0409388364735255
"gamma_bin_7.50_3.40","gamma_bin","vary_sd",3.4,FALSE,156,0.909118262499206,0.951434824485091,0.83,0.102698642082072,0.81,0.100381712255219,0.0423165619858846
"gamma_bin_7.50_3.40","gamma_bin","vary_sd",3.4,FALSE,157,0.90786599524967,0.949137182106291,0.82,0.105294658417942,0.81,0.102982681524531,0.0412711868566213
"gamma_bin_7.50_3.40","gamma_bin","vary_sd",3.4,FALSE,158,0.909191813449816,0.94742074740814,0.83,0.107446665694129,0.81,0.105289403899472,0.0382289339583237
"gamma_bin_7.50_3.40","gamma_bin","vary_sd",3.4,FALSE,159,0.9127706498954,0.946305519701693,0.86,0.108316901065487,0.86,0.106059547158195,0.0335348698062931
"gamma_bin_7.50_3.40","gamma_bin","vary_sd",3.4,FALSE,160,0.918310343562916,0.946018934752563,0.88,0.107341601547497,0.89,0.104923954667757,0.027708591189647
"gamma_bin_7.50_3.40","gamma_bin","vary_sd",3.4,FALSE,161,0.925562601543549,0.946985032424576,0.9,0.105198242248312,0.92,0.102842777776208,0.0214224308810268
"gamma_bin_7.50_3.40","gamma_bin","vary_sd",3.4,FALSE,162,0.934326617511047,0.949104210661616,0.93,0.10333533534386,0.92,0.100791520718535,0.0147775931505687
"gamma_bin_7.50_3.40","gamma_bin","vary_sd",3.4,FALSE,163,0.944447396594412,0.951986614428234,0.91,0.102323909822674,0.92,0.0997254272741747,0.00753921783382216
"gamma_bin_7.50_3.40","gamma_bin","vary_sd",3.4,FALSE,164,0.955808426255688,0.955684972603534,0.91,0.102631729288876,0.9,0.100357829159198,-0.000123453652153604
"gamma_bin_7.50_3.40","gamma_bin","vary_sd",3.4,FALSE,165,0.968171987055275,0.960309387350269,0.91,0.104704122290435,0.89,0.102561071846794,-0.00786259970500591
"gamma_bin_7.50_3.40","gamma_bin","vary_sd",3.4,FALSE,166,0.981075418082579,0.965819428897949,0.89,0.107892594088288,0.88,0.105801781380792,-0.01525598918463
"gamma_bin_7.50_3.40","gamma_bin","vary_sd",3.4,FALSE,167,0.99403776313242,0.972256396316468,0.87,0.111136798798911,0.87,0.108994578165397,-0.0217813668159522
"gamma_bin_7.50_3.40","gamma_bin","vary_sd",3.4,FALSE,168,1.00658618871785,0.979026541483001,0.86,0.113356363566036,0.86,0.110895012896794,-0.0275596472348487
"gamma_bin_7.50_3.40","gamma_bin","vary_sd",3.4,FALSE,169,1.01827263962082,0.986360368386758,0.84,0.113662665991386,0.83,0.111140220664286,-0.0319122712340617
"gamma_bin_7.50_3.40","gamma_bin","vary_sd",3.4,FALSE,170,1.02869207421039,0.994188374479606,0.83,0.112207510202832,0.83,0.109553364886785,-0.0345036997307842
"gamma_bin_7.50_3.40","gamma_bin","vary_sd",3.4,FALSE,171,1.03749575970787,1.00296248590549,0.81,0.110246825236696,0.8,0.1079429694024,-0.0345332738023769
"gamma_bin_7.50_3.40","gamma_bin","vary_sd",3.4,FALSE,172,1.04439766370686,1.01221007570539,0.81,0.109299739872454,0.79,0.106951880963597,-0.0321875880014668
"gamma_bin_7.50_3.40","gamma_bin","vary_sd",3.4,FALSE,173,1.04917474480308,1.0221520354485,0.81,0.109940152889947,0.78,0.107607778876017,-0.0270227093545838
"gamma_bin_7.50_3.40","gamma_bin","vary_sd",3.4,FALSE,174,1.05167598943045,1.03297062251196,0.84,0.112361138985468,0.83,0.110064429868704,-0.0187053669184924
"gamma_bin_7.50_3.40","gamma_bin","vary_sd",3.4,FALSE,175,1.05228684352057,1.04458927861205,0.84,0.116292209028137,0.85,0.113588233652292,-0.00769756490851603
"gamma_bin_7.50_3.40","gamma_bin","vary_sd",3.4,FALSE,176,1.05205037229906,1.0569892680336,0.88,0.120113091649277,0.87,0.117553817190781,0.00493889573454109
"gamma_bin_7.50_3.40","gamma_bin","vary_sd",3.4,FALSE,177,1.05206304074467,1.06975990280299,0.87,0.12310738966719,0.85,0.120480874289979,0.0176968620583244
"gamma_bin_7.50_3.40","gamma_bin","vary_sd",3.4,FALSE,178,1.0533911428065,1.08306318299046,0.88,0.124284591909649,0.86,0.121629591847499,0.0296720401839579
"gamma_bin_7.50_3.40","gamma_bin","vary_sd",3.4,FALSE,179,1.05702523270082,1.09704112152252,0.8,0.12311513836289,0.83,0.12038199579981,0.0400158888216959
"gamma_bin_7.50_3.40","gamma_bin","vary_sd",3.4,FALSE,180,1.06385390304002,1.11115612842612,0.78,0.120613123681411,0.79,0.117831396862486,0.0473022253861028
"gamma_bin_7.50_3.40","gamma_bin","vary_sd",3.4,FALSE,181,1.07466368846286,1.12540111631414,0.77,0.118044208705055,0.79,0.115647584224818,0.0507374278512833
"gamma_bin_7.50_3.40","gamma_bin","vary_sd",3.4,FALSE,182,1.09015918537017,1.13961778729134,0.75,0.117295711661044,0.75,0.115014447749351,0.0494586019211725
"gamma_bin_7.50_3.40","gamma_bin","vary_sd",3.4,FALSE,183,1.11099415707904,1.15363731552919,0.78,0.119585772625357,0.77,0.117051688522144,0.042643158450149
"gamma_bin_7.50_3.40","gamma_bin","vary_sd",3.4,FALSE,184,1.13776253966062,1.16704724332659,0.85,0.123941603477987,0.86,0.120860433309002,0.0292847036659676
"gamma_bin_7.50_3.40","gamma_bin","vary_sd",3.4,FALSE,185,1.16994138910722,1.17963733366901,0.89,0.128738272912124,0.9,0.12532092872517,0.00969594456178968
"gamma_bin_7.50_3.40","gamma_bin","vary_sd",3.4,FALSE,186,1.20568067952197,1.19075346043852,0.89,0.132417443273368,0.88,0.128941465441457,-0.0149272190834453
"gamma_bin_7.50_3.40","gamma_bin","vary_sd",3.4,FALSE,187,1.24280592689739,1.20018795422275,0.88,0.133965903258849,0.85,0.13052733497761,-0.0426179726746407
"gamma_bin_7.50_3.40","gamma_bin","vary_sd",3.4,FALSE,188,1.27892507759421,1.20735975034914,0.73,0.133015391203335,0.71,0.12948110093285,-0.0715653272450747
"gamma_bin_7.50_3.40","gamma_bin","vary_sd",3.4,FALSE,189,1.31157809299846,1.21290326915345,0.65,0.129490160022386,0.63,0.125931310418281,-0.0986748238450097
"gamma_bin_7.50_3.40","gamma_bin","vary_sd",3.4,FALSE,190,1.33842575739913,1.21654335030181,0.56,0.125682917207076,0.5,0.122660707662352,-0.121882407097318
"gamma_bin_7.50_3.40","gamma_bin","vary_sd",3.4,FALSE,191,1.35742493987032,1.21815532545271,0.42,0.124334327643847,0.38,0.120995029037542,-0.139269614417612
"gamma_bin_7.50_3.40","gamma_bin","vary_sd",3.4,FALSE,192,1.36695842059754,1.21811856222812,0.36,0.124850081391145,0.34,0.121616338674008,-0.148839858369416
"gamma_bin_7.50_3.40","gamma_bin","vary_sd",3.4,FALSE,193,1.36590703303142,1.21630301775513,0.4,0.127034201365802,0.35,0.123622311054294,-0.149604015276285
"gamma_bin_7.50_3.40","gamma_bin","vary_sd",3.4,FALSE,194,1.35374441935837,1.21259729354605,0.47,0.129832472348767,0.4,0.12646422590272,-0.141147125812322
"gamma_bin_7.50_3.40","gamma_bin","vary_sd",3.4,FALSE,195,1.33179505256341,1.20733174247844,0.56,0.131629489575636,0.5,0.128423583816439,-0.12446331008497
"gamma_bin_7.50_3.40","gamma_bin","vary_sd",3.4,FALSE,196,1.30282908300336,1.20009601219277,0.66,0.131330924003353,0.62,0.128306449475897,-0.102733070810586
"gamma_bin_7.50_3.40","gamma_bin","vary_sd",3.4,FALSE,197,1.26962792749398,1.19118752250826,0.72,0.128563204479593,0.68,0.125745773678816,-0.0784404049857175
"gamma_bin_7.50_3.40","gamma_bin","vary_sd",3.4,FALSE,198,1.23470197201586,1.18062975672579,0.79,0.123988160583764,0.77,0.121120726737142,-0.054072215290069
"gamma_bin_7.50_3.40","gamma_bin","vary_sd",3.4,FALSE,199,1.20012008532359,1.16874344128907,0.85,0.118981543605433,0.83,0.116083866964639,-0.031376644034518
"gamma_bin_7.50_3.40","gamma_bin","vary_sd",3.4,FALSE,200,1.16745324780638,1.15603529574926,0.88,0.115541287538413,0.87,0.112732364232944,-0.011417952057116
"gamma_bin_7.50_3.40","gamma_bin","vary_sd",3.4,FALSE,201,1.13781324493009,1.14340468921632,0.88,0.114594859381678,0.88,0.112008313567927,0.00559144428623082
"gamma_bin_7.50_3.40","gamma_bin","vary_sd",3.4,FALSE,202,1.11194114249594,1.13125871378804,0.88,0.11602061626551,0.89,0.113548900718354,0.0193175712920959
"gamma_bin_7.50_3.40","gamma_bin","vary_sd",3.4,FALSE,203,1.09030738318271,1.12015790512887,0.86,0.119144697167162,0.85,0.116104735938107,0.0298505219461613
"gamma_bin_7.50_3.40","gamma_bin","vary_sd",3.4,FALSE,204,1.07317842503564,1.11043945320422,0.85,0.121804847678349,0.83,0.118701044935142,0.0372610281685812
"gamma_bin_7.50_3.40","gamma_bin","vary_sd",3.4,FALSE,205,1.06040347302214,1.10208818723557,0.83,0.123161868770483,0.82,0.119848814585246,0.041684714213434
"gamma_bin_7.50_3.40","gamma_bin","vary_sd",3.4,FALSE,206,1.05156904168052,1.09544261555784,0.82,0.122477169825542,0.81,0.119164930936083,0.0438735738773237
"gamma_bin_7.50_3.40","gamma_bin","vary_sd",3.4,FALSE,207,1.04624950999474,1.09064898381058,0.81,0.119898079193315,0.82,0.116853948886855,0.04439947381584
"gamma_bin_7.50_3.40","gamma_bin","vary_sd",3.4,FALSE,208,1.04403704329192,1.08756741253847,0.81,0.116262390529984,0.81,0.114088500358835,0.0435303692465541
"gamma_bin_7.50_3.40","gamma_bin","vary_sd",3.4,FALSE,209,1.0445651521307,1.08640732163319,0.81,0.113670872747791,0.83,0.111696398543709,0.0418421695024913
"gamma_bin_7.50_3.40","gamma_bin","vary_sd",3.4,FALSE,210,1.04752392002038,1.08672682102611,0.82,0.112822317728973,0.83,0.110825773811624,0.0392029010057289
"gamma_bin_7.50_3.40","gamma_bin","vary_sd",3.4,FALSE,211,1.05266551803821,1.08893534621007,0.81,0.114028647599309,0.83,0.111679164379589,0.0362698281718572
"gamma_bin_7.50_3.40","gamma_bin","vary_sd",3.4,FALSE,212,1.0598023103751,1.09329343816843,0.84,0.116868996247094,0.84,0.114264467016699,0.0334911277933287
"gamma_bin_7.50_3.40","gamma_bin","vary_sd",3.4,FALSE,213,1.06880062573221,1.09986969442162,0.86,0.121134884492952,0.84,0.11831718662914,0.0310690686894064
"gamma_bin_7.50_3.40","gamma_bin","vary_sd",3.4,FALSE,214,1.0795784696348,1.10826466034381,0.87,0.124753585281856,0.87,0.121481667210064,0.0286861907090079
"gamma_bin_7.50_3.40","gamma_bin","vary_sd",3.4,FALSE,215,1.09215111452811,1.11871006672836,0.9,0.126287128013212,0.9,0.123082265103688,0.0265589522002545
"gamma_bin_7.50_3.40","gamma_bin","vary_sd",3.4,FALSE,216,1.10660255202503,1.13137601344888,0.91,0.12596692042887,0.9,0.122891212512354,0.0247734614238484
"gamma_bin_7.50_3.40","gamma_bin","vary_sd",3.4,FALSE,217,1.1230463183655,1.14644676779515,0.92,0.123591964486443,0.92,0.120865566175846,0.0234004494296463
"gamma_bin_7.50_3.40","gamma_bin","vary_sd",3.4,FALSE,218,1.14161803384419,1.16316134318055,0.92,0.121439568940741,0.91,0.118722473452431,0.02154330933636
"gamma_bin_7.50_3.40","gamma_bin","vary_sd",3.4,FALSE,219,1.16246850453014,1.18109526700539,0.91,0.120820013634768,0.91,0.117812366901652,0.0186267624752547
"gamma_bin_7.50_3.40","gamma_bin","vary_sd",3.4,FALSE,220,1.18575867786174,1.19978472991637,0.93,0.122459063817086,0.93,0.119565949433791,0.0140260520546331
"gamma_bin_7.50_3.40","gamma_bin","vary_sd",3.4,FALSE,221,1.21165701983639,1.2191202734253,0.93,0.126940221264453,0.94,0.124052838303142,0.00746325358890543
"gamma_bin_7.50_3.40","gamma_bin","vary_sd",3.4,FALSE,222,1.24033898455105,1.23838100770202,0.92,0.132821533773873,0.93,0.129982139348632,-0.00195797684903054
"gamma_bin_7.50_3.40","gamma_bin","vary_sd",3.4,FALSE,223,1.27198794287079,1.25777929613278,0.93,0.138721701052627,0.92,0.135753827638559,-0.014208646738008
"gamma_bin_7.50_3.40","gamma_bin","vary_sd",3.4,FALSE,224,1.30666523446541,1.27686553465741,0.91,0.142752548492397,0.92,0.139465594623598,-0.0297996998080039
"gamma_bin_7.50_3.40","gamma_bin","vary_sd",3.4,FALSE,225,1.3433530482977,1.29552287890603,0.89,0.143361325847801,0.86,0.13956739467499,-0.0478301693916707
"gamma_bin_7.50_3.40","gamma_bin","vary_sd",3.4,FALSE,226,1.38038171186225,1.31365359326803,0.83,0.140970967028266,0.8,0.137326196381517,-0.0667281185942212
"gamma_bin_7.50_3.40","gamma_bin","vary_sd",3.4,FALSE,227,1.41592160258673,1.33101694358049,0.78,0.138146316784134,0.72,0.134456935296102,-0.0849046590062361
"gamma_bin_7.50_3.40","gamma_bin","vary_sd",3.4,FALSE,228,1.44808142918806,1.34703656369765,0.7,0.136467403888179,0.62,0.132835626950469,-0.101044865490407
"gamma_bin_7.50_3.40","gamma_bin","vary_sd",3.4,FALSE,229,1.47504730588812,1.36121595254116,0.61,0.136848555462042,0.59,0.13363264807159,-0.113831353346962
"gamma_bin_7.50_3.40","gamma_bin","vary_sd",3.4,FALSE,230,1.49521587906308,1.37292507068103,0.57,0.140202624424548,0.51,0.136950298558,-0.122290808382048
"gamma_bin_7.50_3.40","gamma_bin","vary_sd",3.4,FALSE,231,1.50729103953841,1.38180755436671,0.55,0.145010819278202,0.53,0.141954355565407,-0.125483485171701
"gamma_bin_7.50_3.40","gamma_bin","vary_sd",3.4,FALSE,232,1.51033534857617,1.38785323027078,0.57,0.149558562690755,0.56,0.146317577360752,-0.122482118305392
"gamma_bin_7.50_3.40","gamma_bin","vary_sd",3.4,FALSE,233,1.50378097074586,1.39065119144358,0.61,0.151783398555167,0.61,0.148733357550734,-0.113129779302278
"gamma_bin_7.50_3.40","gamma_bin","vary_sd",3.4,FALSE,234,1.48764960471254,1.38995343359357,0.71,0.151303261055778,0.71,0.148241490279046,-0.097696171118973
"gamma_bin_7.50_3.40","gamma_bin","vary_sd",3.4,FALSE,235,1.46373241708909,1.3860479101959,0.76,0.147717346459142,0.74,0.144692862717051,-0.0776845068931924
"gamma_bin_7.50_3.40","gamma_bin","vary_sd",3.4,FALSE,236,1.43448143272486,1.37894086146441,0.78,0.142262882636116,0.77,0.139679276333355,-0.0555405712604526
"gamma_bin_7.50_3.40","gamma_bin","vary_sd",3.4,FALSE,237,1.40223769952072,1.36945148866107,0.87,0.137954032943124,0.85,0.135232161970884,-0.0327862108596466
"gamma_bin_7.50_3.40","gamma_bin","vary_sd",3.4,FALSE,238,1.36905513115977,1.35766255824648,0.94,0.135655933168731,0.93,0.132743519183308,-0.0113925729132875
"gamma_bin_7.50_3.40","gamma_bin","vary_sd",3.4,FALSE,239,1.33659069308879,1.34502356194443,0.96,0.135635177866721,0.95,0.13289975051406,0.00843286885563588
"gamma_bin_7.50_3.40","gamma_bin","vary_sd",3.4,FALSE,240,1.30608415861083,1.33204975376392,0.94,0.137920067406085,0.93,0.135020786147875,0.0259655951530904
"gamma_bin_7.50_3.40","gamma_bin","vary_sd",3.4,FALSE,241,1.27840456713347,1.31915142689443,0.94,0.140568966953044,0.93,0.137753628085085,0.0407468597609579
"gamma_bin_7.50_3.40","gamma_bin","vary_sd",3.4,FALSE,242,1.25412742548082,1.30611006376239,0.93,0.142422413875552,0.91,0.139277650003336,0.0519826382815738
"gamma_bin_7.50_3.40","gamma_bin","vary_sd",3.4,FALSE,243,1.23361554311767,1.2935568825631,0.91,0.142926478687588,0.9,0.139520579799248,0.0599413394454285
"gamma_bin_7.50_3.40","gamma_bin","vary_sd",3.4,FALSE,244,1.21706403589592,1.28130623942736,0.87,0.142926058669169,0.88,0.139620957865168,0.0642422035314365
"gamma_bin_7.50_3.40","gamma_bin","vary_sd",3.4,FALSE,245,1.20445667363505,1.2696707876964,0.88,0.14376950220479,0.89,0.140503348802382,0.065214114061348
"gamma_bin_7.50_3.40","gamma_bin","vary_sd",3.4,FALSE,246,1.19569657050359,1.25876833996758,0.88,0.1473013665074,0.88,0.144737845949642,0.0630717694639937
"gamma_bin_7.50_3.40","gamma_bin","vary_sd",3.4,FALSE,247,1.19067334691389,1.2488192552741,0.91,0.156205737257262,0.91,0.15272267057697,0.0581459083602096
"gamma_bin_7.50_3.40","gamma_bin","vary_sd",3.4,FALSE,248,1.1892846905786,1.23975569082437,0.93,0.168912586188537,0.95,0.165388864696314,0.0504710002457658
"gamma_bin_7.50_3.40","gamma_bin","vary_sd",3.4,FALSE,249,1.1914521017446,1.23125821326753,0.96,0.185449922885827,0.97,0.18141481496148,0.0398061115229338
"gamma_bin_7.50_3.40","gamma_bin","vary_sd",3.4,FALSE,250,1.19713021020468,1.2232614972496,0.99,0.204669731829317,1,0.200273579362489,0.0261312870449175
"gamma_bin_7.50_3.40","gamma_bin","vary_sd",3.4,FALSE,251,1.20631090184647,1.21570586019207,1,0.225513146212734,1,0.22075848129437,0.00939495834560455
"gamma_bin_7.50_3.40","gamma_bin","vary_sd",3.4,FALSE,252,1.21902415582724,1.20915974268996,1,0.247681757315898,1,0.242044787825194,-0.00986441313728093
"gamma_bin_7.50_3.40","gamma_bin","vary_sd",3.4,FALSE,253,1.23533724681924,1.20333359330907,0.99,0.270344375963262,0.99,0.263533110875738,-0.0320036535101704
"gamma_bin_7.50_4.08","gamma_bin","vary_sd",4.08,FALSE,2,6.47633271060018,NA,NA,NA,NA,NA,NA
"gamma_bin_7.50_4.08","gamma_bin","vary_sd",4.08,FALSE,3,5.39748004467528,NA,NA,NA,NA,NA,NA
"gamma_bin_7.50_4.08","gamma_bin","vary_sd",4.08,FALSE,4,4.52153259075373,NA,NA,NA,NA,NA,NA
"gamma_bin_7.50_4.08","gamma_bin","vary_sd",4.08,FALSE,5,3.81075688710478,4.16436664198121,0.73,0.459983065595894,0.74,0.449004659355721,0.353609754876428
"gamma_bin_7.50_4.08","gamma_bin","vary_sd",4.08,FALSE,6,3.23384975678135,2.89393305314697,0.58,0.360045797921909,0.5,0.351381492206537,-0.339916703634382
"gamma_bin_7.50_4.08","gamma_bin","vary_sd",4.08,FALSE,7,2.76512519694591,2.23008858194411,0.08,0.300000780166444,0.05,0.293124659978705,-0.5350366150018
"gamma_bin_7.50_4.08","gamma_bin","vary_sd",4.08,FALSE,8,2.38350063829982,1.84284476014413,0.02,0.259673427862286,0.03,0.254135145926004,-0.540655878155692
"gamma_bin_7.50_4.08","gamma_bin","vary_sd",4.08,FALSE,9,2.07220990816182,1.59905418954737,0.03,0.229894982676917,0.03,0.225129682097334,-0.473155718614448
"gamma_bin_7.50_4.08","gamma_bin","vary_sd",4.08,FALSE,10,1.8180094782711,1.43674953775327,0.06,0.205310123258487,0.05,0.20123508552037,-0.38125994051783
"gamma_bin_7.50_4.08","gamma_bin","vary_sd",4.08,FALSE,11,1.61045019265924,1.32362692568428,0.17,0.183972582783529,0.15,0.180492392949167,-0.286823266974957
"gamma_bin_7.50_4.08","gamma_bin","vary_sd",4.08,FALSE,12,1.44129331371926,1.24203439332881,0.35,0.165276151451529,0.34,0.161994002204346,-0.199258920390453
"gamma_bin_7.50_4.08","gamma_bin","vary_sd",4.08,FALSE,13,1.30405110997497,1.18104909370917,0.63,0.14990320665917,0.64,0.147009875685763,-0.123002016265796
"gamma_bin_7.50_4.08","gamma_bin","vary_sd",4.08,FALSE,14,1.1936337473603,1.1342667537041,0.87,0.137887689179339,0.84,0.134828472539299,-0.0593669936561971
"gamma_bin_7.50_4.08","gamma_bin","vary_sd",4.08,FALSE,15,1.10608275580624,1.09715550450168,0.93,0.128982371082508,0.93,0.125875065596706,-0.0089272513045624
"gamma_bin_7.50_4.08","gamma_bin","vary_sd",4.08,FALSE,16,1.03836845094092,1.06715007730907,0.91,0.122512784842187,0.89,0.119669297260648,0.0287816263681528
"gamma_bin_7.50_4.08","gamma_bin","vary_sd",4.08,FALSE,17,0.987514418464918,1.04151386528616,0.86,0.11774846211783,0.87,0.115075864193333,0.0539994468212408
"gamma_bin_7.50_4.08","gamma_bin","vary_sd",4.08,FALSE,18,0.94985341422689,1.01921874376278,0.75,0.113549333798349,0.76,0.110923629530638,0.069365329535894
"gamma_bin_7.50_4.08","gamma_bin","vary_sd",4.08,FALSE,19,0.922342058412537,0.999225622462203,0.68,0.109133141702294,0.65,0.106194037972291,0.0768835640496658
"gamma_bin_7.50_4.08","gamma_bin","vary_sd",4.08,FALSE,20,0.902533145800087,0.980783661677935,0.62,0.103641282658716,0.63,0.101169969391457,0.0782505158778483
"gamma_bin_7.50_4.08","gamma_bin","vary_sd",4.08,FALSE,21,0.888443579660898,0.963438580436872,0.6,0.0977628016959851,0.58,0.0955328755111753,0.0749950007759742
"gamma_bin_7.50_4.08","gamma_bin","vary_sd",4.08,FALSE,22,0.878474950045775,0.94667567642989,0.63,0.0921386545372598,0.63,0.0900322350412114,0.068200726384115
"gamma_bin_7.50_4.08","gamma_bin","vary_sd",4.08,FALSE,23,0.871353706634507,0.930430540588994,0.66,0.0886195473260744,0.68,0.086556598416376,0.0590768339544872
"gamma_bin_7.50_4.08","gamma_bin","vary_sd",4.08,FALSE,24,0.866079695774009,0.914881015864795,0.75,0.0875548359699013,0.76,0.085451985345826,0.0488013200907859
"gamma_bin_7.50_4.08","gamma_bin","vary_sd",4.08,FALSE,25,0.861880113955128,0.899281218917772,0.84,0.0880681366052308,0.82,0.0859948021275729,0.0374011049626439
"gamma_bin_7.50_4.08","gamma_bin","vary_sd",4.08,FALSE,26,0.858167576978305,0.883979544882565,0.88,0.0894023427018508,0.88,0.0874579873227564,0.0258119679042604
"gamma_bin_7.50_4.08","gamma_bin","vary_sd",4.08,FALSE,27,0.854446587171991,0.868821037495351,0.94,0.0903097477767878,0.93,0.0883119092013584,0.0143744503233599
"gamma_bin_7.50_4.08","gamma_bin","vary_sd",4.08,FALSE,28,0.850242530612154,0.853961992504466,0.94,0.09005625105561,0.93,0.0880253104884735,0.00371946189231209
"gamma_bin_7.50_4.08","gamma_bin","vary_sd",4.08,FALSE,29,0.845168044117022,0.839438220722578,0.95,0.088267480324944,0.95,0.0861048180256068,-0.00572982339444439
"gamma_bin_7.50_4.08","gamma_bin","vary_sd",4.08,FALSE,30,0.838916821827613,0.825167061008895,0.95,0.0852453935276633,0.97,0.0831249325112542,-0.0137497608187176
"gamma_bin_7.50_4.08","gamma_bin","vary_sd",4.08,FALSE,31,0.83125458603177,0.811014674234666,0.91,0.0818437918171331,0.91,0.0798108499764568,-0.0202399117971045
"gamma_bin_7.50_4.08","gamma_bin","vary_sd",4.08,FALSE,32,0.822012955905288,0.79727544861089,0.88,0.0790988588858852,0.88,0.0771673933934735,-0.0247375072943977
"gamma_bin_7.50_4.08","gamma_bin","vary_sd",4.08,FALSE,33,0.811083441801087,0.783648544086243,0.87,0.077778523836032,0.87,0.0758524679867303,-0.0274348977148444
"gamma_bin_7.50_4.08","gamma_bin","vary_sd",4.08,FALSE,34,0.798410706391415,0.770259998066612,0.87,0.077850321256757,0.84,0.0759650497266662,-0.0281507083248033
"gamma_bin_7.50_4.08","gamma_bin","vary_sd",4.08,FALSE,35,0.783985284249482,0.757172512841908,0.88,0.0787760849215753,0.86,0.076908886555549,-0.0268127714075739
"gamma_bin_7.50_4.08","gamma_bin","vary_sd",4.08,FALSE,36,0.767842249776292,0.744435371912137,0.89,0.079560125088244,0.88,0.077859532632387,-0.0234068778641547
"gamma_bin_7.50_4.08","gamma_bin","vary_sd",4.08,FALSE,37,0.750320099865667,0.732042092797267,0.91,0.0795637716302477,0.92,0.0779788824832474,-0.0182780070684002
"gamma_bin_7.50_4.08","gamma_bin","vary_sd",4.08,FALSE,38,0.732127511283489,0.720016965381192,0.93,0.0784977544208196,0.9,0.0769658240434739,-0.0121105459022971
"gamma_bin_7.50_4.08","gamma_bin","vary_sd",4.08,FALSE,39,0.713945546467747,0.708187483085096,0.93,0.0760901623677504,0.93,0.0744928284104343,-0.00575806338265072
"gamma_bin_7.50_4.08","gamma_bin","vary_sd",4.08,FALSE,40,0.696377644387645,0.696716762131806,0.94,0.0729913294491626,0.94,0.071524716923736,0.000339117744160844
"gamma_bin_7.50_4.08","gamma_bin","vary_sd",4.08,FALSE,41,0.679931575981829,0.685953731060858,0.93,0.0700836923332658,0.93,0.0687851359596991,0.00602215507902915
"gamma_bin_7.50_4.08","gamma_bin","vary_sd",4.08,FALSE,42,0.665012401557135,0.675896293885508,0.93,0.0681546008887217,0.92,0.066810345230314,0.0108838923283732
"gamma_bin_7.50_4.08","gamma_bin","vary_sd",4.08,FALSE,43,0.65192842067752,0.666633137608106,0.93,0.0677571301826094,0.92,0.066469843906154,0.0147047169305863
"gamma_bin_7.50_4.08","gamma_bin","vary_sd",4.08,FALSE,44,0.640906266957601,0.658464964333533,0.93,0.0685418350405117,0.93,0.0670198931606775,0.0175586973759322
"gamma_bin_7.50_4.08","gamma_bin","vary_sd",4.08,FALSE,45,0.632110069284813,0.651491980842402,0.94,0.0697536835501569,0.93,0.0682282877256395,0.0193819115575891
"gamma_bin_7.50_4.08","gamma_bin","vary_sd",4.08,FALSE,46,0.625656360123327,0.645534702535534,0.93,0.0708908229308466,0.94,0.0693707180892769,0.0198783424122068
"gamma_bin_7.50_4.08","gamma_bin","vary_sd",4.08,FALSE,47,0.621502273809677,0.640741370879805,0.94,0.071515777467893,0.94,0.0700142298663437,0.0192390970701279
"gamma_bin_7.50_4.08","gamma_bin","vary_sd",4.08,FALSE,48,0.619441171957512,0.63726623623554,0.95,0.0711085870001253,0.94,0.0695999931300788,0.017825064278028
"gamma_bin_7.50_4.08","gamma_bin","vary_sd",4.08,FALSE,49,0.619256488578844,0.634909243030686,0.95,0.0699147393914612,0.94,0.0683441375029289,0.0156527544518419
"gamma_bin_7.50_4.08","gamma_bin","vary_sd",4.08,FALSE,50,0.620736004042686,0.63376089346026,0.94,0.0685736424124133,0.93,0.0668952924681809,0.0130248894175738
"gamma_bin_7.50_4.08","gamma_bin","vary_sd",4.08,FALSE,51,0.623679916186844,0.633491910111776,0.95,0.0675301280642984,0.95,0.0659600490513478,0.00981199392493182
"gamma_bin_7.50_4.08","gamma_bin","vary_sd",4.08,FALSE,52,0.627908213332621,0.634324292282366,0.94,0.0676988106187607,0.94,0.0662819909901316,0.00641607894974472
"gamma_bin_7.50_4.08","gamma_bin","vary_sd",4.08,FALSE,53,0.633265384812971,0.635994775102099,0.94,0.0689106577828693,0.93,0.0673238130870462,0.00272939028912778
"gamma_bin_7.50_4.08","gamma_bin","vary_sd",4.08,FALSE,54,0.639622221613428,0.638580834406082,0.93,0.0705126927955481,0.93,0.0689458689672362,-0.00104138720734626
"gamma_bin_7.50_4.08","gamma_bin","vary_sd",4.08,FALSE,55,0.646875295241765,0.642163560404155,0.93,0.0721003816790103,0.93,0.0705596771111107,-0.00471173483760956
"gamma_bin_7.50_4.08","gamma_bin","vary_sd",4.08,FALSE,56,0.654940797889892,0.64637712344267,0.94,0.0734436968291341,0.94,0.0715982689300617,-0.00856367444722217
"gamma_bin_7.50_4.08","gamma_bin","vary_sd",4.08,FALSE,57,0.663667548235467,0.65132448031122,0.94,0.0735203672789684,0.91,0.0717225112765319,-0.0123430679242467
"gamma_bin_7.50_4.08","gamma_bin","vary_sd",4.08,FALSE,58,0.67283196893338,0.656907781413273,0.92,0.0725335199317113,0.92,0.0709069437511221,-0.0159241875201074
"gamma_bin_7.50_4.08","gamma_bin","vary_sd",4.08,FALSE,59,0.682212593504884,0.663298338816952,0.9,0.0713470837566219,0.9,0.0697176486263125,-0.0189142546879324
"gamma_bin_7.50_4.08","gamma_bin","vary_sd",4.08,FALSE,60,0.691594549334227,0.670194243135279,0.91,0.0704531629641355,0.9,0.0688280512623516,-0.0214003061989481
"gamma_bin_7.50_4.08","gamma_bin","vary_sd",4.08,FALSE,61,0.700774343176902,0.677339420053678,0.9,0.0708215819204909,0.89,0.06919785347544,-0.0234349231232245
"gamma_bin_7.50_4.08","gamma_bin","vary_sd",4.08,FALSE,62,0.709565411363515,0.684828780807142,0.89,0.072375145897842,0.87,0.0706531341811466,-0.0247366305563734
"gamma_bin_7.50_4.08","gamma_bin","vary_sd",4.08,FALSE,63,0.717802382251417,0.692607110469136,0.89,0.0747338280679246,0.88,0.0732253094857519,-0.025195271782281
"gamma_bin_7.50_4.08","gamma_bin","vary_sd",4.08,FALSE,64,0.725343303375917,0.700486749953512,0.9,0.0773228354649424,0.89,0.0757213141667194,-0.0248565534224046
"gamma_bin_7.50_4.08","gamma_bin","vary_sd",4.08,FALSE,65,0.732069930484564,0.708166118016002,0.89,0.0792783091981552,0.9,0.0774817615400758,-0.023903812468562
"gamma_bin_7.50_4.08","gamma_bin","vary_sd",4.08,FALSE,66,0.737895666769886,0.7157490421916,0.91,0.0799787386035622,0.9,0.0782912707133395,-0.0221466245782858
"gamma_bin_7.50_4.08","gamma_bin","vary_sd",4.08,FALSE,67,0.742895958587221,0.723321385960756,0.9,0.0795249618044923,0.89,0.0777519762631508,-0.0195745726264649
"gamma_bin_7.50_4.08","gamma_bin","vary_sd",4.08,FALSE,68,0.747278763319657,0.730668839966755,0.9,0.0782488090789468,0.9,0.0766876835592868,-0.016609923352902
"gamma_bin_7.50_4.08","gamma_bin","vary_sd",4.08,FALSE,69,0.751271373438236,0.737974349288091,0.91,0.0772100457446429,0.92,0.0759226383630941,-0.0132970241501451
"gamma_bin_7.50_4.08","gamma_bin","vary_sd",4.08,FALSE,70,0.755105697598796,0.745201187686673,0.9,0.0773056028411088,0.91,0.0758893032744209,-0.00990450991212277
"gamma_bin_7.50_4.08","gamma_bin","vary_sd",4.08,FALSE,71,0.759004827658807,0.752105569617848,0.91,0.0787912892364895,0.91,0.0770762588060287,-0.00689925804095937
"gamma_bin_7.50_4.08","gamma_bin","vary_sd",4.08,FALSE,72,0.76317231106088,0.758862913039016,0.92,0.0810615846232947,0.91,0.0791037353328334,-0.00430939802186447
"gamma_bin_7.50_4.08","gamma_bin","vary_sd",4.08,FALSE,73,0.767786202417761,0.76544197840638,0.93,0.0837270887656185,0.92,0.0816706524724665,-0.00234422401138146
"gamma_bin_7.50_4.08","gamma_bin","vary_sd",4.08,FALSE,74,0.772997638290372,0.771878069245433,0.94,0.0861990985130507,0.95,0.0840296693445116,-0.00111956904493882
"gamma_bin_7.50_4.08","gamma_bin","vary_sd",4.08,FALSE,75,0.77893263784533,0.778134515389398,0.96,0.0872483969070553,0.95,0.0853755997116839,-0.00079812245593236
"gamma_bin_7.50_4.08","gamma_bin","vary_sd",4.08,FALSE,76,0.78568141824908,0.784354156357042,0.96,0.0871220624372403,0.97,0.0852643673634638,-0.0013272618920378
"gamma_bin_7.50_4.08","gamma_bin","vary_sd",4.08,FALSE,77,0.793148670755028,0.790281478731164,0.95,0.0858807685532678,0.94,0.0840736992008015,-0.00286719202386432
"gamma_bin_7.50_4.08","gamma_bin","vary_sd",4.08,FALSE,78,0.801109464577554,0.795989569185365,0.94,0.0843938937748755,0.95,0.082553477127029,-0.0051198953921886
"gamma_bin_7.50_4.08","gamma_bin","vary_sd",4.08,FALSE,79,0.809317687520099,0.801684144666032,0.94,0.0832078965303318,0.93,0.0813112647902087,-0.00763354285406692
"gamma_bin_7.50_4.08","gamma_bin","vary_sd",4.08,FALSE,80,0.817518562189946,0.807056684529376,0.94,0.0832202823493084,0.95,0.0811658863148978,-0.0104618776605699
"gamma_bin_7.50_4.08","gamma_bin","vary_sd",4.08,FALSE,81,0.825462916255739,0.812110525193265,0.92,0.0842468749674614,0.92,0.0822738302081411,-0.0133523910624735
"gamma_bin_7.50_4.08","gamma_bin","vary_sd",4.08,FALSE,82,0.832920079463184,0.817171001831395,0.92,0.0861423166789397,0.91,0.0840484656969191,-0.0157490776317886
"gamma_bin_7.50_4.08","gamma_bin","vary_sd",4.08,FALSE,83,0.83968668789734,0.822027224442091,0.92,0.0879919392036302,0.89,0.0858191000292002,-0.0176594634552492
"gamma_bin_7.50_4.08","gamma_bin","vary_sd",4.08,FALSE,84,0.845591000049052,0.826515037343168,0.92,0.0889206228950911,0.9,0.086969774617898,-0.0190759627058841
"gamma_bin_7.50_4.08","gamma_bin","vary_sd",4.08,FALSE,85,0.850493536894317,0.830661154741342,0.91,0.0886643584738171,0.91,0.0870392155752194,-0.0198323821529754
"gamma_bin_7.50_4.08","gamma_bin","vary_sd",4.08,FALSE,86,0.854297533108007,0.834520739758092,0.91,0.0873132008180498,0.9,0.0858508186239701,-0.0197767933499148
"gamma_bin_7.50_4.08","gamma_bin","vary_sd",4.08,FALSE,87,0.857044342489846,0.838105544133376,0.9,0.0857693469424157,0.9,0.0842171233853909,-0.0189387983564697
"gamma_bin_7.50_4.08","gamma_bin","vary_sd",4.08,FALSE,88,0.858857822167393,0.841453481521278,0.88,0.0848546190206277,0.88,0.0831209635744159,-0.017404340646115
"gamma_bin_7.50_4.08","gamma_bin","vary_sd",4.08,FALSE,89,0.859878747666928,0.844912665668686,0.86,0.0851143852442616,0.86,0.0833429617508588,-0.0149660819982417
"gamma_bin_7.50_4.08","gamma_bin","vary_sd",4.08,FALSE,90,0.86025311141159,0.848351985123562,0.88,0.086773951636917,0.88,0.0848387186623263,-0.0119011262880278
"gamma_bin_7.50_4.08","gamma_bin","vary_sd",4.08,FALSE,91,0.860120701023208,0.85171841080255,0.88,0.0888149711288986,0.86,0.0870803757410183,-0.0084022902206583
"gamma_bin_7.50_4.08","gamma_bin","vary_sd",4.08,FALSE,92,0.859606619529194,0.855219863350662,0.91,0.0913424196253298,0.9,0.0892382060032499,-0.00438675617853201
"gamma_bin_7.50_4.08","gamma_bin","vary_sd",4.08,FALSE,93,0.8588168361623,0.858827165003827,0.9,0.0930369205059218,0.9,0.0907721078979269,1.03288415274072e-05
"gamma_bin_7.50_4.08","gamma_bin","vary_sd",4.08,FALSE,94,0.857837212377275,0.862328354132899,0.9,0.0935523458980994,0.9,0.0912935090786637,0.00449114175562415
"gamma_bin_7.50_4.08","gamma_bin","vary_sd",4.08,FALSE,95,0.856734852284735,0.865984709722848,0.89,0.0925990211243463,0.9,0.0905505311653382,0.00924985743811269
"gamma_bin_7.50_4.08","gamma_bin","vary_sd",4.08,FALSE,96,0.855586935925609,0.869651299819876,0.89,0.0910004590043272,0.9,0.0890432998228227,0.0140643638942666
"gamma_bin_7.50_4.08","gamma_bin","vary_sd",4.08,FALSE,97,0.854642173312711,0.873565677817637,0.86,0.090023409541613,0.84,0.0881812961461207,0.0189235045049261
"gamma_bin_7.50_4.08","gamma_bin","vary_sd",4.08,FALSE,98,0.854216899337268,0.877817237988168,0.87,0.0900971265442182,0.85,0.0882028323320972,0.0236003386509002
"gamma_bin_7.50_4.08","gamma_bin","vary_sd",4.08,FALSE,99,0.854615196085733,0.882417033181295,0.87,0.0912799005546342,0.86,0.0894545358752996,0.0278018370955625
"gamma_bin_7.50_4.08","gamma_bin","vary_sd",4.08,FALSE,100,0.856123392287051,0.887252683303202,0.87,0.0936475783032244,0.86,0.0916451985694206,0.0311292910161506
"gamma_bin_7.50_4.08","gamma_bin","vary_sd",4.08,FALSE,101,0.859003725920451,0.892643244870132,0.86,0.0963355693594391,0.87,0.0943337366605402,0.0336395189496808
"gamma_bin_7.50_4.08","gamma_bin","vary_sd",4.08,FALSE,102,0.863491057515902,0.898333197900426,0.87,0.0986495168477756,0.87,0.0965964767463749,0.034842140384524
"gamma_bin_7.50_4.08","gamma_bin","vary_sd",4.08,FALSE,103,0.869793786137492,0.904455615926716,0.88,0.0995542650027164,0.85,0.0974086140974884,0.0346618297892235
"gamma_bin_7.50_4.08","gamma_bin","vary_sd",4.08,FALSE,104,0.878098070350996,0.911070342430356,0.84,0.0986828475943365,0.83,0.096459301886681,0.0329722720793602
"gamma_bin_7.50_4.08","gamma_bin","vary_sd",4.08,FALSE,105,0.888573897619543,0.917585072369043,0.84,0.0966528426514875,0.82,0.0946675623653054,0.0290111747495001
"gamma_bin_7.50_4.08","gamma_bin","vary_sd",4.08,FALSE,106,0.901301658370892,0.924160861338975,0.86,0.0946266141797689,0.83,0.0928253461335965,0.0228592029680832
"gamma_bin_7.50_4.08","gamma_bin","vary_sd",4.08,FALSE,107,0.915897849763235,0.93084334188245,0.85,0.0940804303360394,0.84,0.0922767507688344,0.0149454921192154
"gamma_bin_7.50_4.08","gamma_bin","vary_sd",4.08,FALSE,108,0.931781890770312,0.937343956099088,0.86,0.0952548730446037,0.87,0.0935804382122137,0.00556206532877568
"gamma_bin_7.50_4.08","gamma_bin","vary_sd",4.08,FALSE,109,0.964908287444313,0.943710648677238,0.88,0.0980583521077423,0.89,0.0963526642690325,-0.0211976387670754
"gamma_bin_7.50_4.08","gamma_bin","vary_sd",4.08,FALSE,110,0.980887218164916,0.949948336375508,0.89,0.1014034698632,0.86,0.0993981562058097,-0.0309388817894078
"gamma_bin_7.50_4.08","gamma_bin","vary_sd",4.08,FALSE,111,0.995692213942587,0.955720168417467,0.87,0.104587447442833,0.84,0.102335235853181,-0.03997204552512
"gamma_bin_7.50_4.08","gamma_bin","vary_sd",4.08,FALSE,112,1.00881666031265,0.960815113928525,0.82,0.106566365346698,0.8,0.103858335550946,-0.048001546384125
"gamma_bin_7.50_4.08","gamma_bin","vary_sd",4.08,FALSE,113,1.01983605940048,0.965395896203701,0.77,0.106611062909592,0.76,0.103841136879842,-0.0544401631967794
"gamma_bin_7.50_4.08","gamma_bin","vary_sd",4.08,FALSE,114,1.02841129997895,0.969288185542428,0.72,0.104640172759338,0.74,0.102000086408677,-0.0591231144365217
"gamma_bin_7.50_4.08","gamma_bin","vary_sd",4.08,FALSE,115,1.03430371035801,0.97246942780168,0.7,0.101788013793719,0.69,0.0993622499192933,-0.0618342825563304
"gamma_bin_7.50_4.08","gamma_bin","vary_sd",4.08,FALSE,116,1.03743175161603,0.975093312811182,0.69,0.0996806692519735,0.67,0.0974262074997796,-0.0623384388048481
"gamma_bin_7.50_4.08","gamma_bin","vary_sd",4.08,FALSE,117,1.0378022122009,0.977106170097424,0.7,0.0992447204398955,0.74,0.0972381859143156,-0.0606960421034766
"gamma_bin_7.50_4.08","gamma_bin","vary_sd",4.08,FALSE,118,1.03547276308025,0.97825528929673,0.73,0.100179319293187,0.72,0.0981510606351195,-0.0572174737835199
"gamma_bin_7.50_4.08","gamma_bin","vary_sd",4.08,FALSE,119,1.03053550780697,0.978593630723388,0.78,0.102160340542939,0.77,0.0998487657911606,-0.0519418770835823
"gamma_bin_7.50_4.08","gamma_bin","vary_sd",4.08,FALSE,120,1.02310221069091,0.97816628376868,0.82,0.103959056589183,0.81,0.101756474357904,-0.0449359269222305
"gamma_bin_7.50_4.08","gamma_bin","vary_sd",4.08,FALSE,121,1.01329357541095,0.977047736883735,0.85,0.104904627142268,0.84,0.10274736760097,-0.036245838527215
"gamma_bin_7.50_4.08","gamma_bin","vary_sd",4.08,FALSE,122,1.00123289414715,0.975473236089851,0.88,0.104624038622295,0.86,0.102447561148572,-0.0257596580572992
"gamma_bin_7.50_4.08","gamma_bin","vary_sd",4.08,FALSE,123,0.987043160294477,0.973152742248575,0.91,0.102507320357387,0.87,0.100377985609917,-0.013890418045902
"gamma_bin_7.50_4.08","gamma_bin","vary_sd",4.08,FALSE,124,0.970846430550826,0.970424421959656,0.92,0.099955204398065,0.92,0.0976056304526428,-0.000422008591170364
"gamma_bin_7.50_4.08","gamma_bin","vary_sd",4.08,FALSE,125,0.953001568168985,0.967536027679786,0.91,0.097983036875924,0.91,0.0954652727134173,0.0145344595108013
"gamma_bin_7.50_4.08","gamma_bin","vary_sd",4.08,FALSE,126,0.934680947695761,0.964453521513107,0.87,0.09706261010039,0.87,0.0947546211980865,0.0297725738173455
"gamma_bin_7.50_4.08","gamma_bin","vary_sd",4.08,FALSE,127,0.917145793226913,0.961546955419127,0.83,0.0982321965555444,0.81,0.095740184170998,0.0444011621922141
"gamma_bin_7.50_4.08","gamma_bin","vary_sd",4.08,FALSE,128,0.901530406151582,0.959330712595362,0.71,0.100428595331948,0.72,0.0980719845684211,0.0578003064437798
"gamma_bin_7.50_4.08","gamma_bin","vary_sd",4.08,FALSE,129,0.888820761331304,0.957743326924065,0.68,0.102733396429081,0.71,0.100290646269507,0.0689225655927609
"gamma_bin_7.50_4.08","gamma_bin","vary_sd",4.08,FALSE,130,0.879849051096058,0.956890146351228,0.62,0.104441406020573,0.64,0.102103789837905,0.0770410952551696
"gamma_bin_7.50_4.08","gamma_bin","vary_sd",4.08,FALSE,131,0.875312502934994,0.956887827218606,0.6,0.104861417824002,0.63,0.102502267374837,0.0815753242836125
"gamma_bin_7.50_4.08","gamma_bin","vary_sd",4.08,FALSE,132,0.875810644994376,0.957950760719752,0.6,0.10366602683046,0.6,0.101271959630582,0.0821401157253759
"gamma_bin_7.50_4.08","gamma_bin","vary_sd",4.08,FALSE,133,0.881891211117993,0.959838477617494,0.64,0.101121207930543,0.65,0.09890020959889,0.0779472664995015
"gamma_bin_7.50_4.08","gamma_bin","vary_sd",4.08,FALSE,134,0.894096753734329,0.962152974783174,0.71,0.0991965685448236,0.71,0.0968206761603233,0.0680562210488446
"gamma_bin_7.50_4.08","gamma_bin","vary_sd",4.08,FALSE,135,0.912538889585145,0.96494726179228,0.78,0.0984557735475642,0.8,0.0961602530945769,0.0524083722071349
"gamma_bin_7.50_4.08","gamma_bin","vary_sd",4.08,FALSE,136,0.935968580436848,0.968415202094883,0.82,0.0990170696820587,0.84,0.0969656313274638,0.0324466216580348
"gamma_bin_7.50_4.08","gamma_bin","vary_sd",4.08,FALSE,137,0.962748452443007,0.971923406849255,0.88,0.101026181052846,0.89,0.0990013995270345,0.00917495440624772
"gamma_bin_7.50_4.08","gamma_bin","vary_sd",4.08,FALSE,138,0.991058087015847,0.974915891735315,0.9,0.103518044386018,0.91,0.101345736868476,-0.0161421952805317
"gamma_bin_7.50_4.08","gamma_bin","vary_sd",4.08,FALSE,139,1.01894781256074,0.977663309913484,0.85,0.105717832319985,0.85,0.103557231780964,-0.0412845026472562
"gamma_bin_7.50_4.08","gamma_bin","vary_sd",4.08,FALSE,140,1.04444932027992,0.980005119556413,0.74,0.106931162274227,0.71,0.104658852957906,-0.0644442007235067
"gamma_bin_7.50_4.08","gamma_bin","vary_sd",4.08,FALSE,141,1.0657059122687,0.981833912172571,0.65,0.106540037958012,0.64,0.104163893477128,-0.0838720000961294
"gamma_bin_7.50_4.08","gamma_bin","vary_sd",4.08,FALSE,142,1.0810929449843,0.982915638554878,0.54,0.104478446219926,0.48,0.102174871876628,-0.0981773064294225
"gamma_bin_7.50_4.08","gamma_bin","vary_sd",4.08,FALSE,143,1.08930930531451,0.983045327105177,0.48,0.10182074814721,0.42,0.0995307763714814,-0.106263978209333
"gamma_bin_7.50_4.08","gamma_bin","vary_sd",4.08,FALSE,144,1.08943317712892,0.982654228334172,0.49,0.1005890582314,0.43,0.0982688901649297,-0.106778948794748
"gamma_bin_7.50_4.08","gamma_bin","vary_sd",4.08,FALSE,145,1.08148967301391,0.98169191446314,0.5,0.100770194867008,0.48,0.0986674529914667,-0.0997977585507698
"gamma_bin_7.50_4.08","gamma_bin","vary_sd",4.08,FALSE,146,1.067118056924,0.980475603870557,0.56,0.102407196428831,0.53,0.100457222464342,-0.0866424530534425
"gamma_bin_7.50_4.08","gamma_bin","vary_sd",4.08,FALSE,147,1.04828964020928,0.978837260267012,0.63,0.104861565650966,0.61,0.102978813782168,-0.0694523799422684
"gamma_bin_7.50_4.08","gamma_bin","vary_sd",4.08,FALSE,148,1.02693455801449,0.976615281513509,0.76,0.107242151670848,0.73,0.105459909342987,-0.0503192765009806
"gamma_bin_7.50_4.08","gamma_bin","vary_sd",4.08,FALSE,149,1.00477443375589,0.97380215754739,0.86,0.10877579146286,0.85,0.106842333878137,-0.0309722762085001
"gamma_bin_7.50_4.08","gamma_bin","vary_sd",4.08,FALSE,150,0.983222907766779,0.970712930496666,0.88,0.108527166776641,0.87,0.106605154890831,-0.0125099772701134
"gamma_bin_7.50_4.08","gamma_bin","vary_sd",4.08,FALSE,151,0.963363940769346,0.967540944281088,0.91,0.106418000188564,0.9,0.104622111354592,0.00417700351174166
"gamma_bin_7.50_4.08","gamma_bin","vary_sd",4.08,FALSE,152,0.945985514931433,0.964286399006457,0.87,0.103214947446402,0.89,0.101344287950098,0.0183008840750236
"gamma_bin_7.50_4.08","gamma_bin","vary_sd",4.08,FALSE,153,0.931639698450479,0.961069368143131,0.82,0.100310584086385,0.8,0.0984799587350742,0.0294296696926525
"gamma_bin_7.50_4.08","gamma_bin","vary_sd",4.08,FALSE,154,0.920706027513323,0.957830462726738,0.79,0.0986918220601502,0.78,0.0969280904348866,0.0371244352134151
"gamma_bin_7.50_4.08","gamma_bin","vary_sd",4.08,FALSE,155,0.913287949909382,0.954865077787249,0.8,0.0990791394234312,0.8,0.0972518017158109,0.0415771278778667
"gamma_bin_7.50_4.08","gamma_bin","vary_sd",4.08,FALSE,156,0.909118262499206,0.952362559148566,0.81,0.100544184701065,0.79,0.0986316340399727,0.0432442966493602
"gamma_bin_7.50_4.08","gamma_bin","vary_sd",4.08,FALSE,157,0.90786599524967,0.950402151397122,0.83,0.102517532121371,0.82,0.100407961478651,0.042536156147452
"gamma_bin_7.50_4.08","gamma_bin","vary_sd",4.08,FALSE,158,0.909191813449816,0.948909140759928,0.84,0.10406582632398,0.84,0.101833182150661,0.0397173273101125
"gamma_bin_7.50_4.08","gamma_bin","vary_sd",4.08,FALSE,159,0.9127706498954,0.94819588763632,0.87,0.104448659876089,0.86,0.10217807502568,0.0354252377409194
"gamma_bin_7.50_4.08","gamma_bin","vary_sd",4.08,FALSE,160,0.918310343562916,0.948225888691802,0.87,0.1031854148604,0.89,0.101074603295752,0.0299155451288862
"gamma_bin_7.50_4.08","gamma_bin","vary_sd",4.08,FALSE,161,0.925562601543549,0.94918033111147,0.87,0.101224697862525,0.88,0.0987279947471041,0.0236177295679215
"gamma_bin_7.50_4.08","gamma_bin","vary_sd",4.08,FALSE,162,0.934326617511047,0.951131148016418,0.89,0.0990286421813465,0.9,0.0966974166892646,0.0168045305053712
"gamma_bin_7.50_4.08","gamma_bin","vary_sd",4.08,FALSE,163,0.944447396594412,0.953814984915979,0.91,0.0979447166356716,0.91,0.0955487181687654,0.0093675883215667
"gamma_bin_7.50_4.08","gamma_bin","vary_sd",4.08,FALSE,164,0.955808426255688,0.957287864495619,0.91,0.0985029085974986,0.9,0.0961868121734253,0.00147943823993113
"gamma_bin_7.50_4.08","gamma_bin","vary_sd",4.08,FALSE,165,0.968171987055275,0.961433856285447,0.92,0.100644083861496,0.92,0.0983779435942783,-0.00673813076982832
"gamma_bin_7.50_4.08","gamma_bin","vary_sd",4.08,FALSE,166,0.981075418082579,0.96635533999905,0.9,0.103706831344508,0.9,0.101382300487041,-0.0147200780835295
"gamma_bin_7.50_4.08","gamma_bin","vary_sd",4.08,FALSE,167,0.99403776313242,0.971922813934206,0.92,0.10652807762301,0.92,0.103928873823351,-0.0221149491982144
"gamma_bin_7.50_4.08","gamma_bin","vary_sd",4.08,FALSE,168,1.00658618871785,0.978126067698398,0.89,0.108305487790522,0.89,0.105485378522172,-0.0284601210194515
"gamma_bin_7.50_4.08","gamma_bin","vary_sd",4.08,FALSE,169,1.01827263962082,0.9851194563571,0.88,0.108445989861873,0.85,0.105749604938414,-0.0331531832637202
"gamma_bin_7.50_4.08","gamma_bin","vary_sd",4.08,FALSE,170,1.02869207421039,0.992716640192564,0.85,0.107111419929722,0.85,0.104660192353174,-0.0359754340178258
"gamma_bin_7.50_4.08","gamma_bin","vary_sd",4.08,FALSE,171,1.03749575970787,1.00115621566002,0.83,0.105597943462148,0.83,0.103055497526982,-0.0363395440478473
"gamma_bin_7.50_4.08","gamma_bin","vary_sd",4.08,FALSE,172,1.04439766370686,1.01036181747638,0.82,0.104589946068705,0.83,0.102373665210152,-0.0340358462304751
"gamma_bin_7.50_4.08","gamma_bin","vary_sd",4.08,FALSE,173,1.04917474480308,1.02039369523869,0.83,0.104907060014754,0.84,0.102740786067885,-0.028781049564389
"gamma_bin_7.50_4.08","gamma_bin","vary_sd",4.08,FALSE,174,1.05167598943045,1.03132996791043,0.86,0.107161983152562,0.87,0.105009050595226,-0.020346021520022
"gamma_bin_7.50_4.08","gamma_bin","vary_sd",4.08,FALSE,175,1.05228684352057,1.04298978096191,0.89,0.1104268049429,0.88,0.108139999381597,-0.00929706255865903
"gamma_bin_7.50_4.08","gamma_bin","vary_sd",4.08,FALSE,176,1.05205037229906,1.05505586629616,0.88,0.113561388491108,0.89,0.111288652841348,0.00300549399710404
"gamma_bin_7.50_4.08","gamma_bin","vary_sd",4.08,FALSE,177,1.05206304074467,1.0675383776813,0.84,0.115820203878285,0.85,0.113278221570839,0.0154753369366303
"gamma_bin_7.50_4.08","gamma_bin","vary_sd",4.08,FALSE,178,1.0533911428065,1.0804499033636,0.82,0.116783787833141,0.83,0.114280896827152,0.0270587605571029
"gamma_bin_7.50_4.08","gamma_bin","vary_sd",4.08,FALSE,179,1.05702523270082,1.09383148612131,0.8,0.115945613381832,0.82,0.113489132564779,0.0368062534204907
"gamma_bin_7.50_4.08","gamma_bin","vary_sd",4.08,FALSE,180,1.06385390304002,1.10745012287039,0.79,0.113790004708462,0.8,0.111811515363088,0.0435962198303723
"gamma_bin_7.50_4.08","gamma_bin","vary_sd",4.08,FALSE,181,1.07466368846286,1.12133371549603,0.74,0.111905592708779,0.81,0.109914336989665,0.046670027033171
"gamma_bin_7.50_4.08","gamma_bin","vary_sd",4.08,FALSE,182,1.09015918537017,1.13479075911101,0.76,0.111658961200301,0.77,0.109648049115059,0.0446315737408427
"gamma_bin_7.50_4.08","gamma_bin","vary_sd",4.08,FALSE,183,1.11099415707904,1.14783688148161,0.8,0.113243335389273,0.8,0.111172446580472,0.0368427244025742
"gamma_bin_7.50_4.08","gamma_bin","vary_sd",4.08,FALSE,184,1.13776253966062,1.16021966881258,0.86,0.1166371257555,0.85,0.11413956493515,0.0224571291519557
"gamma_bin_7.50_4.08","gamma_bin","vary_sd",4.08,FALSE,185,1.16994138910722,1.17142009142542,0.86,0.120779560374592,0.86,0.118044286471247,0.00147870231819969
"gamma_bin_7.50_4.08","gamma_bin","vary_sd",4.08,FALSE,186,1.20568067952197,1.18146700086341,0.86,0.123986337152081,0.85,0.121460603008253,-0.0242136786585605
"gamma_bin_7.50_4.08","gamma_bin","vary_sd",4.08,FALSE,187,1.24280592689739,1.19020374080244,0.8,0.12545926514189,0.8,0.123237733790879,-0.0526021860949486
"gamma_bin_7.50_4.08","gamma_bin","vary_sd",4.08,FALSE,188,1.27892507759421,1.19742743725966,0.72,0.124868180214227,0.69,0.122745260447634,-0.0814976403345462
"gamma_bin_7.50_4.08","gamma_bin","vary_sd",4.08,FALSE,189,1.31157809299846,1.20271477159363,0.57,0.122818183951824,0.57,0.120330467400571,-0.108863321404832
"gamma_bin_7.50_4.08","gamma_bin","vary_sd",4.08,FALSE,190,1.33842575739913,1.20653151345419,0.45,0.120297363786026,0.43,0.11758727374065,-0.131894243944942
"gamma_bin_7.50_4.08","gamma_bin","vary_sd",4.08,FALSE,191,1.35742493987032,1.20847549914863,0.36,0.118752890392735,0.35,0.116430431605605,-0.14894944072169
"gamma_bin_7.50_4.08","gamma_bin","vary_sd",4.08,FALSE,192,1.36695842059754,1.20871744232211,0.34,0.119199935452358,0.3,0.116588420677901,-0.158240978275429
"gamma_bin_7.50_4.08","gamma_bin","vary_sd",4.08,FALSE,193,1.36590703303142,1.20736047156599,0.32,0.121175898470963,0.32,0.11876423880595,-0.158546561465426
"gamma_bin_7.50_4.08","gamma_bin","vary_sd",4.08,FALSE,194,1.35374441935837,1.20441876757064,0.35,0.12363463565728,0.35,0.121200755045088,-0.149325651787727
"gamma_bin_7.50_4.08","gamma_bin","vary_sd",4.08,FALSE,195,1.33179505256341,1.19974753047696,0.47,0.125146863283173,0.44,0.122617446445374,-0.132047522086453
"gamma_bin_7.50_4.08","gamma_bin","vary_sd",4.08,FALSE,196,1.30282908300336,1.19325156394046,0.61,0.125461762061773,0.56,0.122791368123462,-0.109577519062896
"gamma_bin_7.50_4.08","gamma_bin","vary_sd",4.08,FALSE,197,1.26962792749398,1.1850146586864,0.71,0.123333600548479,0.69,0.120967490620932,-0.0846132688075769
"gamma_bin_7.50_4.08","gamma_bin","vary_sd",4.08,FALSE,198,1.23470197201586,1.17532379883317,0.77,0.119287102290439,0.78,0.117137284369238,-0.059378173182695
"gamma_bin_7.50_4.08","gamma_bin","vary_sd",4.08,FALSE,199,1.20012008532359,1.16457137941798,0.83,0.114803814854855,0.82,0.112267151682761,-0.0355487059056074
"gamma_bin_7.50_4.08","gamma_bin","vary_sd",4.08,FALSE,200,1.16745324780638,1.1533031212572,0.86,0.111418606168932,0.85,0.108542407553243,-0.0141501265491841
"gamma_bin_7.50_4.08","gamma_bin","vary_sd",4.08,FALSE,201,1.13781324493009,1.1424604882775,0.91,0.110196371940878,0.91,0.10728244485409,0.00464724334740718
"gamma_bin_7.50_4.08","gamma_bin","vary_sd",4.08,FALSE,202,1.11194114249594,1.13196740710761,0.91,0.111019592685404,0.92,0.108492757295136,0.0200262646116685
"gamma_bin_7.50_4.08","gamma_bin","vary_sd",4.08,FALSE,203,1.09030738318271,1.12239567107404,0.9,0.113098641388491,0.89,0.110708512179058,0.0320882878913329
"gamma_bin_7.50_4.08","gamma_bin","vary_sd",4.08,FALSE,204,1.07317842503564,1.11419413691659,0.87,0.115377418272851,0.88,0.113010671933345,0.0410157118809453
"gamma_bin_7.50_4.08","gamma_bin","vary_sd",4.08,FALSE,205,1.06040347302214,1.10690539568279,0.88,0.117026618259696,0.85,0.11442382667851,0.046501922660648
"gamma_bin_7.50_4.08","gamma_bin","vary_sd",4.08,FALSE,206,1.05156904168052,1.10102214647494,0.86,0.116573596347963,0.82,0.114176393343339,0.0494531047944238
"gamma_bin_7.50_4.08","gamma_bin","vary_sd",4.08,FALSE,207,1.04624950999474,1.09652840737732,0.83,0.114282745694651,0.81,0.111913456107648,0.0502788973825761
"gamma_bin_7.50_4.08","gamma_bin","vary_sd",4.08,FALSE,208,1.04403704329192,1.09377750703146,0.82,0.111403763573476,0.81,0.108815497502062,0.0497404637395371
"gamma_bin_7.50_4.08","gamma_bin","vary_sd",4.08,FALSE,209,1.0445651521307,1.09269403784686,0.81,0.108951851453823,0.82,0.106641696795949,0.048128885716155
"gamma_bin_7.50_4.08","gamma_bin","vary_sd",4.08,FALSE,210,1.04752392002038,1.09327811760509,0.84,0.108012979854078,0.82,0.105887333506797,0.0457541975847136
"gamma_bin_7.50_4.08","gamma_bin","vary_sd",4.08,FALSE,211,1.05266551803821,1.0959271693286,0.84,0.108730576170131,0.81,0.106717405337098,0.0432616512903858
"gamma_bin_7.50_4.08","gamma_bin","vary_sd",4.08,FALSE,212,1.0598023103751,1.10037688722198,0.86,0.111022136101048,0.85,0.109013600922206,0.0405745768468768
"gamma_bin_7.50_4.08","gamma_bin","vary_sd",4.08,FALSE,213,1.06880062573221,1.10669273255836,0.85,0.113798122452949,0.84,0.112023184943454,0.0378921068261526
"gamma_bin_7.50_4.08","gamma_bin","vary_sd",4.08,FALSE,214,1.0795784696348,1.11474441824995,0.85,0.116575338853159,0.85,0.114429528452812,0.0351659486151477
"gamma_bin_7.50_4.08","gamma_bin","vary_sd",4.08,FALSE,215,1.09215111452811,1.12486731652391,0.86,0.117543098700393,0.85,0.115368353053544,0.0327162019958034
"gamma_bin_7.50_4.08","gamma_bin","vary_sd",4.08,FALSE,216,1.10660255202503,1.13689878515137,0.88,0.116840511479015,0.85,0.114520331772906,0.0302962331263368
"gamma_bin_7.50_4.08","gamma_bin","vary_sd",4.08,FALSE,217,1.1230463183655,1.15083309810947,0.86,0.115141354323156,0.88,0.112606315562189,0.0277867797439668
"gamma_bin_7.50_4.08","gamma_bin","vary_sd",4.08,FALSE,218,1.14161803384419,1.16608377711727,0.87,0.113713286562313,0.89,0.110913044090815,0.0244657432730782
"gamma_bin_7.50_4.08","gamma_bin","vary_sd",4.08,FALSE,219,1.16246850453014,1.18223658508512,0.91,0.113519676249213,0.89,0.110680521392304,0.0197680805549798
"gamma_bin_7.50_4.08","gamma_bin","vary_sd",4.08,FALSE,220,1.18575867786174,1.1991029448559,0.92,0.11562554690868,0.91,0.112590705903087,0.0133442669941586
"gamma_bin_7.50_4.08","gamma_bin","vary_sd",4.08,FALSE,221,1.21165701983639,1.21635084741894,0.91,0.120059458364082,0.88,0.116602226596316,0.00469382758254833
"gamma_bin_7.50_4.08","gamma_bin","vary_sd",4.08,FALSE,222,1.24033898455105,1.23354768444258,0.91,0.125594588132479,0.91,0.122194446286127,-0.00679130010846829
"gamma_bin_7.50_4.08","gamma_bin","vary_sd",4.08,FALSE,223,1.27198794287079,1.25086448809664,0.92,0.130071357122943,0.89,0.126497203229312,-0.0211234547741532
"gamma_bin_7.50_4.08","gamma_bin","vary_sd",4.08,FALSE,224,1.30666523446541,1.26773661638287,0.9,0.132416224235099,0.86,0.128588911808764,-0.0389286180825394
"gamma_bin_7.50_4.08","gamma_bin","vary_sd",4.08,FALSE,225,1.3433530482977,1.28452909173816,0.85,0.132047428125377,0.82,0.128411595568436,-0.0588239565595392
"gamma_bin_7.50_4.08","gamma_bin","vary_sd",4.08,FALSE,226,1.38038171186225,1.30080475678697,0.78,0.129763688241104,0.76,0.125923713072883,-0.0795769550752754
"gamma_bin_7.50_4.08","gamma_bin","vary_sd",4.08,FALSE,227,1.41592160258673,1.3163414806234,0.69,0.126812286915687,0.69,0.122964958351916,-0.0995801219633325
"gamma_bin_7.50_4.08","gamma_bin","vary_sd",4.08,FALSE,228,1.44808142918806,1.33084059197302,0.62,0.125117135037843,0.56,0.12174161016082,-0.117240837215037
"gamma_bin_7.50_4.08","gamma_bin","vary_sd",4.08,FALSE,229,1.47504730588812,1.34352684539335,0.54,0.12611444968454,0.48,0.122675965517348,-0.131520460494772
"gamma_bin_7.50_4.08","gamma_bin","vary_sd",4.08,FALSE,230,1.49521587906308,1.35446470921765,0.48,0.128710954897824,0.46,0.125800218921325,-0.140751169845433
"gamma_bin_7.50_4.08","gamma_bin","vary_sd",4.08,FALSE,231,1.50729103953841,1.36285130908514,0.49,0.133033750199925,0.42,0.130295208441768,-0.144439730453268
"gamma_bin_7.50_4.08","gamma_bin","vary_sd",4.08,FALSE,232,1.51033534857617,1.36841663284177,0.49,0.137055500050171,0.46,0.134144441915457,-0.1419187157344
"gamma_bin_7.50_4.08","gamma_bin","vary_sd",4.08,FALSE,233,1.50378097074586,1.37122552305364,0.58,0.139121812428811,0.53,0.136163575404025,-0.132555447692216
"gamma_bin_7.50_4.08","gamma_bin","vary_sd",4.08,FALSE,234,1.48764960471254,1.37165058539118,0.63,0.138539314610357,0.6,0.135649555789051,-0.115999019321364
"gamma_bin_7.50_4.08","gamma_bin","vary_sd",4.08,FALSE,235,1.46373241708909,1.36934257097942,0.68,0.134873841470371,0.67,0.132001036415468,-0.0943898461096682
"gamma_bin_7.50_4.08","gamma_bin","vary_sd",4.08,FALSE,236,1.43448143272486,1.36433522765437,0.75,0.12961081637812,0.74,0.127033510576081,-0.0701462050704884
"gamma_bin_7.50_4.08","gamma_bin","vary_sd",4.08,FALSE,237,1.40223769952072,1.35767197708952,0.86,0.124934346940227,0.85,0.122408298586853,-0.0445657224312046
"gamma_bin_7.50_4.08","gamma_bin","vary_sd",4.08,FALSE,238,1.36905513115977,1.34930639033161,0.89,0.122402064044331,0.89,0.120002282175794,-0.0197487408281605
"gamma_bin_7.50_4.08","gamma_bin","vary_sd",4.08,FALSE,239,1.33659069308879,1.33969668306965,0.92,0.122193610587811,0.92,0.119603861463788,0.00310598998086298
"gamma_bin_7.50_4.08","gamma_bin","vary_sd",4.08,FALSE,240,1.30608415861083,1.32939479310748,0.89,0.123389689927423,0.86,0.120576423224783,0.0233106344966523
"gamma_bin_7.50_4.08","gamma_bin","vary_sd",4.08,FALSE,241,1.27840456713347,1.31832518548724,0.87,0.125358568008035,0.87,0.122815937145941,0.0399206183537684
"gamma_bin_7.50_4.08","gamma_bin","vary_sd",4.08,FALSE,242,1.25412742548082,1.30698827138304,0.88,0.12745322779404,0.85,0.124722593895434,0.0528608459022193
"gamma_bin_7.50_4.08","gamma_bin","vary_sd",4.08,FALSE,243,1.23361554311767,1.29546425812493,0.83,0.128524683749266,0.82,0.125835466432831,0.0618487150072595
"gamma_bin_7.50_4.08","gamma_bin","vary_sd",4.08,FALSE,244,1.21706403589592,1.28365842286217,0.82,0.128919078623861,0.82,0.126456894375438,0.0665943869662506
"gamma_bin_7.50_4.08","gamma_bin","vary_sd",4.08,FALSE,245,1.20445667363505,1.27097545802816,0.84,0.130141505500185,0.83,0.127297230312951,0.0665187843931057
"gamma_bin_7.50_4.08","gamma_bin","vary_sd",4.08,FALSE,246,1.19569657050359,1.25909624923014,0.84,0.133765714282326,0.85,0.131107902742761,0.0633996787265549
"gamma_bin_7.50_4.08","gamma_bin","vary_sd",4.08,FALSE,247,1.19067334691389,1.24751036354792,0.85,0.142305817178602,0.84,0.138802395112547,0.0568370166340342
"gamma_bin_7.50_4.08","gamma_bin","vary_sd",4.08,FALSE,248,1.1892846905786,1.2367833370453,0.92,0.154594652526871,0.91,0.150547609685066,0.0474986464666978
"gamma_bin_7.50_4.08","gamma_bin","vary_sd",4.08,FALSE,249,1.1914521017446,1.22695897655877,0.97,0.170953959116738,0.96,0.166227603865335,0.0355068748141705
"gamma_bin_7.50_4.08","gamma_bin","vary_sd",4.08,FALSE,250,1.19713021020468,1.21845805222563,0.98,0.189885546163382,0.97,0.18394601280673,0.0213278420209455
"gamma_bin_7.50_4.08","gamma_bin","vary_sd",4.08,FALSE,251,1.20631090184647,1.21100051325874,0.97,0.209953875172489,0.97,0.203231586292342,0.00468961141227497
"gamma_bin_7.50_4.08","gamma_bin","vary_sd",4.08,FALSE,252,1.21902415582724,1.20443105753218,0.99,0.231902281822651,0.98,0.223830996600357,-0.014593098295058
"gamma_bin_7.50_4.08","gamma_bin","vary_sd",4.08,FALSE,253,1.23533724681924,1.19867573487273,0.99,0.254228437185907,0.99,0.245566496998452,-0.0366615119465132
"gamma_bin_7.50_4.76","gamma_bin","vary_sd",4.76,FALSE,2,6.47633271060018,NA,NA,NA,NA,NA,NA
"gamma_bin_7.50_4.76","gamma_bin","vary_sd",4.76,FALSE,3,5.39748004467528,NA,NA,NA,NA,NA,NA
"gamma_bin_7.50_4.76","gamma_bin","vary_sd",4.76,FALSE,4,4.52153259075373,4.93389646666507,0.5,0.421029989252251,0.5,0.401246132493292,0.412363875911343
"gamma_bin_7.50_4.76","gamma_bin","vary_sd",4.76,FALSE,5,3.81075688710478,3.44439876496354,0.48,0.348057282605844,0.42,0.340094397767227,-0.366358122141243
"gamma_bin_7.50_4.76","gamma_bin","vary_sd",4.76,FALSE,6,3.23384975678135,2.58499876254461,0.01,0.294857246970864,0,0.287421534859445,-0.648850994236741
"gamma_bin_7.50_4.76","gamma_bin","vary_sd",4.76,FALSE,7,2.76512519694591,2.09653170176627,0,0.259364674536118,0,0.252729768725541,-0.668593495179636
"gamma_bin_7.50_4.76","gamma_bin","vary_sd",4.76,FALSE,8,2.38350063829982,1.79233682208765,0,0.233052004841278,0,0.227205741667145,-0.591163816212168
"gamma_bin_7.50_4.76","gamma_bin","vary_sd",4.76,FALSE,9,2.07220990816182,1.59025378854456,0.01,0.211865097794606,0,0.206531721617238,-0.481956119617259
"gamma_bin_7.50_4.76","gamma_bin","vary_sd",4.76,FALSE,10,1.8180094782711,1.44915680096287,0.05,0.193478075104026,0.05,0.188301773063056,-0.368852677308227
"gamma_bin_7.50_4.76","gamma_bin","vary_sd",4.76,FALSE,11,1.61045019265924,1.34664478840625,0.11,0.175797357329784,0.1,0.171379422239554,-0.263805404252985
"gamma_bin_7.50_4.76","gamma_bin","vary_sd",4.76,FALSE,12,1.44129331371926,1.27036310549829,0.47,0.159719994044913,0.43,0.156052341842085,-0.170930208220974
"gamma_bin_7.50_4.76","gamma_bin","vary_sd",4.76,FALSE,13,1.30405110997497,1.21139875079133,0.81,0.14601537606718,0.75,0.142472415852763,-0.0926523591836397
"gamma_bin_7.50_4.76","gamma_bin","vary_sd",4.76,FALSE,14,1.1936337473603,1.16439165754438,0.92,0.134541685423997,0.92,0.131455850151229,-0.0292420898159227
"gamma_bin_7.50_4.76","gamma_bin","vary_sd",4.76,FALSE,15,1.10608275580624,1.12630927146838,0.93,0.125969746674658,0.94,0.123135236554183,0.0202265156621382
"gamma_bin_7.50_4.76","gamma_bin","vary_sd",4.76,FALSE,16,1.03836845094092,1.09428784045907,0.87,0.11979513837291,0.86,0.117141073411731,0.0559193895181476
"gamma_bin_7.50_4.76","gamma_bin","vary_sd",4.76,FALSE,17,0.987514418464918,1.06666519180221,0.7,0.115343253571079,0.69,0.112648807577842,0.0791507733372936
"gamma_bin_7.50_4.76","gamma_bin","vary_sd",4.76,FALSE,18,0.94985341422689,1.04225628299337,0.56,0.111478303859345,0.55,0.108979568138672,0.0924028687664769
"gamma_bin_7.50_4.76","gamma_bin","vary_sd",4.76,FALSE,19,0.922342058412537,1.02008344028702,0.49,0.107371136426795,0.49,0.105082349977258,0.0977413818744797
"gamma_bin_7.50_4.76","gamma_bin","vary_sd",4.76,FALSE,20,0.902533145800087,0.999624656096885,0.46,0.102165501790187,0.48,0.100076738452174,0.0970915102967983
"gamma_bin_7.50_4.76","gamma_bin","vary_sd",4.76,FALSE,21,0.888443579660898,0.980672757739877,0.46,0.0964679903793748,0.46,0.0945435307856798,0.0922291780789786
"gamma_bin_7.50_4.76","gamma_bin","vary_sd",4.76,FALSE,22,0.878474950045775,0.96269699766905,0.48,0.091655630255549,0.48,0.0898032182005079,0.0842220476232745
"gamma_bin_7.50_4.76","gamma_bin","vary_sd",4.76,FALSE,23,0.871353706634507,0.945483833941835,0.56,0.0880928745164972,0.57,0.0864237456482591,0.0741301273073279
"gamma_bin_7.50_4.76","gamma_bin","vary_sd",4.76,FALSE,24,0.866079695774009,0.928598060551128,0.68,0.0867040751768219,0.67,0.0848011765914865,0.0625183647771194
"gamma_bin_7.50_4.76","gamma_bin","vary_sd",4.76,FALSE,25,0.861880113955128,0.911663324310826,0.72,0.0868246893074406,0.73,0.084739633879401,0.0497832103556984
"gamma_bin_7.50_4.76","gamma_bin","vary_sd",4.76,FALSE,26,0.858167576978305,0.895064454803748,0.81,0.0871029986448136,0.78,0.0849523300177665,0.0368968778254429
"gamma_bin_7.50_4.76","gamma_bin","vary_sd",4.76,FALSE,27,0.854446587171991,0.878856053952738,0.9,0.0871102991603734,0.9,0.0851770669408399,0.0244094667807473
"gamma_bin_7.50_4.76","gamma_bin","vary_sd",4.76,FALSE,28,0.850242530612154,0.863013438831193,0.94,0.0866951607445814,0.94,0.0846017939813924,0.0127709082190387
"gamma_bin_7.50_4.76","gamma_bin","vary_sd",4.76,FALSE,29,0.845168044117022,0.84757315751054,0.95,0.0846044783767836,0.94,0.0827540232052318,0.00240511339351801
"gamma_bin_7.50_4.76","gamma_bin","vary_sd",4.76,FALSE,30,0.838916821827613,0.831918786149556,0.94,0.0815238999772307,0.93,0.0797288992906621,-0.00699803567805679
"gamma_bin_7.50_4.76","gamma_bin","vary_sd",4.76,FALSE,31,0.83125458603177,0.816510491236744,0.91,0.0781026559782926,0.9,0.0761067045533218,-0.0147440947950258
"gamma_bin_7.50_4.76","gamma_bin","vary_sd",4.76,FALSE,32,0.822012955905288,0.801601633449496,0.88,0.0752759679978617,0.86,0.0731902430487848,-0.0204113224557924
"gamma_bin_7.50_4.76","gamma_bin","vary_sd",4.76,FALSE,33,0.811083441801087,0.787098954530663,0.87,0.0736839298840857,0.87,0.0718180093729408,-0.0239844872704237
"gamma_bin_7.50_4.76","gamma_bin","vary_sd",4.76,FALSE,34,0.798410706391415,0.773011752949746,0.87,0.0734102836546716,0.85,0.0717867491300851,-0.0253989534416685
"gamma_bin_7.50_4.76","gamma_bin","vary_sd",4.76,FALSE,35,0.783985284249482,0.759151030037702,0.86,0.073949451643244,0.86,0.0722739260235412,-0.02483425421178
"gamma_bin_7.50_4.76","gamma_bin","vary_sd",4.76,FALSE,36,0.767842249776292,0.745676653531285,0.89,0.0742106728599256,0.87,0.0727208495798788,-0.0221655962450067
"gamma_bin_7.50_4.76","gamma_bin","vary_sd",4.76,FALSE,37,0.750320099865667,0.732609619258774,0.91,0.0742540056865855,0.91,0.0728166381206015,-0.017710480606893
"gamma_bin_7.50_4.76","gamma_bin","vary_sd",4.76,FALSE,38,0.732127511283489,0.720092857257085,0.92,0.0734538208330991,0.93,0.0721374710813752,-0.012034654026404
"gamma_bin_7.50_4.76","gamma_bin","vary_sd",4.76,FALSE,39,0.713945546467747,0.707772654278086,0.95,0.0716952585502677,0.92,0.0703331884842275,-0.00617289218966144
"gamma_bin_7.50_4.76","gamma_bin","vary_sd",4.76,FALSE,40,0.696377644387645,0.695924795951386,0.94,0.0693042518145721,0.94,0.0681362654952997,-0.000452848436259479
"gamma_bin_7.50_4.76","gamma_bin","vary_sd",4.76,FALSE,41,0.679931575981829,0.684656798918789,0.93,0.0673382979987463,0.92,0.0662081267233565,0.00472522293695954
"gamma_bin_7.50_4.76","gamma_bin","vary_sd",4.76,FALSE,42,0.665012401557135,0.674258335555205,0.91,0.066696505697382,0.91,0.0654415219446306,0.00924593399807006
"gamma_bin_7.50_4.76","gamma_bin","vary_sd",4.76,FALSE,43,0.65192842067752,0.664817779648003,0.91,0.0671843396832845,0.91,0.0658781996841842,0.0128893589704833
"gamma_bin_7.50_4.76","gamma_bin","vary_sd",4.76,FALSE,44,0.640906266957601,0.65643970129376,0.91,0.0684149712396961,0.88,0.0671108795099845,0.0155334343361593
"gamma_bin_7.50_4.76","gamma_bin","vary_sd",4.76,FALSE,45,0.632110069284813,0.648976049612839,0.9,0.0699356661692811,0.9,0.0684757342201506,0.0168659803280261
"gamma_bin_7.50_4.76","gamma_bin","vary_sd",4.76,FALSE,46,0.625656360123327,0.642666722154222,0.89,0.0709047338299345,0.9,0.0695449896779618,0.017010362030895
"gamma_bin_7.50_4.76","gamma_bin","vary_sd",4.76,FALSE,47,0.621502273809677,0.637542281116422,0.9,0.0711976670041065,0.91,0.069786538454189,0.0160400073067453
"gamma_bin_7.50_4.76","gamma_bin","vary_sd",4.76,FALSE,48,0.619441171957512,0.633684375558803,0.91,0.0703269864536766,0.92,0.0689112718238832,0.0142432036012913
"gamma_bin_7.50_4.76","gamma_bin","vary_sd",4.76,FALSE,49,0.619256488578844,0.631027164887512,0.91,0.0683086702615573,0.94,0.0669620405669148,0.0117706763086678
"gamma_bin_7.50_4.76","gamma_bin","vary_sd",4.76,FALSE,50,0.620736004042686,0.62957927852315,0.91,0.0661116815221258,0.94,0.0647382641063793,0.00884327448046385
"gamma_bin_7.50_4.76","gamma_bin","vary_sd",4.76,FALSE,51,0.623679916186844,0.629076648926452,0.91,0.0644826079475184,0.91,0.0631525791277483,0.00539673273960828
"gamma_bin_7.50_4.76","gamma_bin","vary_sd",4.76,FALSE,52,0.627908213332621,0.6296140654252,0.94,0.0640603456467563,0.93,0.0627300571259815,0.00170585209257923
"gamma_bin_7.50_4.76","gamma_bin","vary_sd",4.76,FALSE,53,0.633265384812971,0.63100881973496,0.93,0.0649296646542429,0.91,0.0635823272728178,-0.0022565650780112
"gamma_bin_7.50_4.76","gamma_bin","vary_sd",4.76,FALSE,54,0.639622221613428,0.633276703616711,0.91,0.0667997551348185,0.9,0.0653612936785913,-0.00634551799671657
"gamma_bin_7.50_4.76","gamma_bin","vary_sd",4.76,FALSE,55,0.646875295241765,0.636347822868172,0.92,0.0689087179217338,0.9,0.0672571260789562,-0.0105274723735932
"gamma_bin_7.50_4.76","gamma_bin","vary_sd",4.76,FALSE,56,0.654940797889892,0.640175956832788,0.91,0.0704169709173231,0.9,0.0688232477531458,-0.0147648410571043
"gamma_bin_7.50_4.76","gamma_bin","vary_sd",4.76,FALSE,57,0.663667548235467,0.644843949048119,0.9,0.0710560498265631,0.9,0.0694890216279557,-0.0188235991873481
"gamma_bin_7.50_4.76","gamma_bin","vary_sd",4.76,FALSE,58,0.67283196893338,0.650170685590229,0.88,0.0705613652447472,0.9,0.0691636667646085,-0.0226612833431515
"gamma_bin_7.50_4.76","gamma_bin","vary_sd",4.76,FALSE,59,0.682212593504884,0.656050694007001,0.88,0.0697526308197307,0.87,0.068151485011297,-0.0261618994978827
"gamma_bin_7.50_4.76","gamma_bin","vary_sd",4.76,FALSE,60,0.691594549334227,0.662541476224425,0.87,0.0689264915984246,0.87,0.0673664606319214,-0.0290530731098023
"gamma_bin_7.50_4.76","gamma_bin","vary_sd",4.76,FALSE,61,0.700774343176902,0.669391713857139,0.89,0.0692718439485607,0.86,0.0676631031242426,-0.0313826293197631
"gamma_bin_7.50_4.76","gamma_bin","vary_sd",4.76,FALSE,62,0.709565411363515,0.676569220424626,0.89,0.0705176765060553,0.84,0.0687466186718121,-0.032996190938889
"gamma_bin_7.50_4.76","gamma_bin","vary_sd",4.76,FALSE,63,0.717802382251417,0.684064653692194,0.86,0.072289661245476,0.84,0.0704160245658654,-0.0337377285592233
"gamma_bin_7.50_4.76","gamma_bin","vary_sd",4.76,FALSE,64,0.725343303375917,0.691804442344312,0.85,0.0745442376692092,0.82,0.072368270880964,-0.033538861031605
"gamma_bin_7.50_4.76","gamma_bin","vary_sd",4.76,FALSE,65,0.732069930484564,0.699739983193362,0.87,0.0760711268972014,0.82,0.0741990265184596,-0.0323299472912023
"gamma_bin_7.50_4.76","gamma_bin","vary_sd",4.76,FALSE,66,0.737895666769886,0.707528369932273,0.89,0.0768757338898691,0.86,0.075119574279329,-0.0303672968376135
"gamma_bin_7.50_4.76","gamma_bin","vary_sd",4.76,FALSE,67,0.742895958587221,0.715390154948044,0.89,0.0764130159810222,0.87,0.0748972833881088,-0.0275058036391769
"gamma_bin_7.50_4.76","gamma_bin","vary_sd",4.76,FALSE,68,0.747278763319657,0.723219401029152,0.92,0.0752426005359213,0.88,0.0736279939069012,-0.0240593622905045
"gamma_bin_7.50_4.76","gamma_bin","vary_sd",4.76,FALSE,69,0.751271373438236,0.730732632784665,0.92,0.0740251667749935,0.92,0.0724676653652666,-0.0205387406535708
"gamma_bin_7.50_4.76","gamma_bin","vary_sd",4.76,FALSE,70,0.755105697598796,0.738468069339723,0.92,0.0740592188071929,0.92,0.0725120231102188,-0.0166376282590731
"gamma_bin_7.50_4.76","gamma_bin","vary_sd",4.76,FALSE,71,0.759004827658807,0.746071500013549,0.91,0.0754357569100116,0.9,0.0735408254214712,-0.0129333276452576
"gamma_bin_7.50_4.76","gamma_bin","vary_sd",4.76,FALSE,72,0.76317231106088,0.753357755159618,0.9,0.077780119804498,0.9,0.0760917832751524,-0.00981455590126201
"gamma_bin_7.50_4.76","gamma_bin","vary_sd",4.76,FALSE,73,0.767786202417761,0.760372473841732,0.91,0.0806471731032371,0.93,0.0786789650099021,-0.0074137285760294
"gamma_bin_7.50_4.76","gamma_bin","vary_sd",4.76,FALSE,74,0.772997638290372,0.767326551024288,0.93,0.0829116157605374,0.93,0.0810273006392704,-0.00567108726608423
"gamma_bin_7.50_4.76","gamma_bin","vary_sd",4.76,FALSE,75,0.77893263784533,0.773954711316137,0.93,0.0841725058867676,0.96,0.0821915639818856,-0.00497792652919293
"gamma_bin_7.50_4.76","gamma_bin","vary_sd",4.76,FALSE,76,0.78568141824908,0.780472351889698,0.95,0.0840036534844999,0.94,0.0821063278719638,-0.00520906635938245
"gamma_bin_7.50_4.76","gamma_bin","vary_sd",4.76,FALSE,77,0.793148670755028,0.78664934539177,0.94,0.0827852845431882,0.94,0.0810976246773938,-0.00649932536325759
"gamma_bin_7.50_4.76","gamma_bin","vary_sd",4.76,FALSE,78,0.801109464577554,0.792339030598086,0.94,0.0815805372628299,0.93,0.0799643342851565,-0.00877043397946808
"gamma_bin_7.50_4.76","gamma_bin","vary_sd",4.76,FALSE,79,0.809317687520099,0.797839796023485,0.94,0.0812089348371127,0.93,0.0792301626394349,-0.0114778914966139
"gamma_bin_7.50_4.76","gamma_bin","vary_sd",4.76,FALSE,80,0.817518562189946,0.803302887133952,0.93,0.0819842577713242,0.92,0.0798416525990701,-0.0142156750559942
"gamma_bin_7.50_4.76","gamma_bin","vary_sd",4.76,FALSE,81,0.825462916255739,0.808516413387029,0.94,0.0838360310001993,0.92,0.0815181179935463,-0.0169465028687105
"gamma_bin_7.50_4.76","gamma_bin","vary_sd",4.76,FALSE,82,0.832920079463184,0.813368366707586,0.94,0.0862655787175237,0.93,0.0837437106178003,-0.0195517127555979
"gamma_bin_7.50_4.76","gamma_bin","vary_sd",4.76,FALSE,83,0.83968668789734,0.817779286090317,0.94,0.0881786058769398,0.93,0.0860893158382562,-0.0219074018070234
"gamma_bin_7.50_4.76","gamma_bin","vary_sd",4.76,FALSE,84,0.845591000049052,0.82200978266857,0.93,0.0896797417090664,0.93,0.0874358530816559,-0.0235812173804815
"gamma_bin_7.50_4.76","gamma_bin","vary_sd",4.76,FALSE,85,0.850493536894317,0.825907070548855,0.92,0.0897844274206324,0.93,0.087279345759384,-0.0245864663454617
"gamma_bin_7.50_4.76","gamma_bin","vary_sd",4.76,FALSE,86,0.854297533108007,0.829388932121971,0.91,0.0883128121882729,0.9,0.0859812875916914,-0.0249086009860356
"gamma_bin_7.50_4.76","gamma_bin","vary_sd",4.76,FALSE,87,0.857044342489846,0.832509332874935,0.88,0.0865812361854574,0.86,0.0846480667831555,-0.0245350096149107
"gamma_bin_7.50_4.76","gamma_bin","vary_sd",4.76,FALSE,88,0.858857822167393,0.835405250914588,0.89,0.0855959873712393,0.87,0.0836696900720444,-0.0234525712528054
"gamma_bin_7.50_4.76","gamma_bin","vary_sd",4.76,FALSE,89,0.859878747666928,0.838161773196262,0.87,0.0856917044840857,0.85,0.0836929627017484,-0.0217169744706665
"gamma_bin_7.50_4.76","gamma_bin","vary_sd",4.76,FALSE,90,0.86025311141159,0.841201128998527,0.86,0.0865280523738522,0.86,0.0846193050619893,-0.0190519824130632
"gamma_bin_7.50_4.76","gamma_bin","vary_sd",4.76,FALSE,91,0.860120701023208,0.844183584458576,0.85,0.0882456909565999,0.84,0.0861406735179271,-0.0159371165646319
"gamma_bin_7.50_4.76","gamma_bin","vary_sd",4.76,FALSE,92,0.859606619529194,0.847467618533198,0.84,0.0900526303571884,0.81,0.0878985560053206,-0.0121390009959957
"gamma_bin_7.50_4.76","gamma_bin","vary_sd",4.76,FALSE,93,0.8588168361623,0.850933379591598,0.85,0.091236896196294,0.85,0.0890814178099435,-0.00788345657070155
"gamma_bin_7.50_4.76","gamma_bin","vary_sd",4.76,FALSE,94,0.857837212377275,0.854580616515431,0.85,0.0912521371547864,0.85,0.0893867160260163,-0.00325659586184435
"gamma_bin_7.50_4.76","gamma_bin","vary_sd",4.76,FALSE,95,0.856734852284735,0.858516132651381,0.85,0.0902241550148819,0.85,0.0884528544009218,0.00178128036664582
"gamma_bin_7.50_4.76","gamma_bin","vary_sd",4.76,FALSE,96,0.855586935925609,0.862809124238973,0.83,0.0885579766520415,0.84,0.0867292447986635,0.00722218831336396
"gamma_bin_7.50_4.76","gamma_bin","vary_sd",4.76,FALSE,97,0.854642173312711,0.867247640339046,0.86,0.0872354145607555,0.84,0.0852277633516006,0.0126054670263347
"gamma_bin_7.50_4.76","gamma_bin","vary_sd",4.76,FALSE,98,0.854216899337268,0.871968148937244,0.86,0.0871447709553537,0.83,0.0850425226197473,0.0177512495999762
"gamma_bin_7.50_4.76","gamma_bin","vary_sd",4.76,FALSE,99,0.854615196085733,0.877317771877898,0.89,0.0884578511494498,0.9,0.0862048589963916,0.0227025757921653
"gamma_bin_7.50_4.76","gamma_bin","vary_sd",4.76,FALSE,100,0.856123392287051,0.882862922822027,0.87,0.0904935097577389,0.88,0.0883715026620611,0.0267395305349756
"gamma_bin_7.50_4.76","gamma_bin","vary_sd",4.76,FALSE,101,0.859003725920451,0.88863045214103,0.86,0.0929831513272234,0.85,0.0910148916712696,0.029626726220579
"gamma_bin_7.50_4.76","gamma_bin","vary_sd",4.76,FALSE,102,0.863491057515902,0.894617253072676,0.9,0.0952185582704794,0.87,0.0931519417219371,0.0311261955567738
"gamma_bin_7.50_4.76","gamma_bin","vary_sd",4.76,FALSE,103,0.869793786137492,0.901120501834698,0.9,0.0964739371352692,0.89,0.0942753258855689,0.0313267156972056
"gamma_bin_7.50_4.76","gamma_bin","vary_sd",4.76,FALSE,104,0.878098070350996,0.908234172542095,0.88,0.0958282270055623,0.87,0.0938292310493196,0.0301361021910992
"gamma_bin_7.50_4.76","gamma_bin","vary_sd",4.76,FALSE,105,0.888573897619543,0.915673948986805,0.85,0.0942373151907863,0.83,0.0924127361429094,0.0271000513672619
"gamma_bin_7.50_4.76","gamma_bin","vary_sd",4.76,FALSE,106,0.901301658370892,0.923334883276833,0.86,0.0928372169050656,0.85,0.0910758895656339,0.0220332249059412
"gamma_bin_7.50_4.76","gamma_bin","vary_sd",4.76,FALSE,107,0.915897849763235,0.93089246933497,0.87,0.0924195844539593,0.86,0.0906163708848171,0.0149946195717351
"gamma_bin_7.50_4.76","gamma_bin","vary_sd",4.76,FALSE,108,0.931781890770312,0.938130345482441,0.89,0.0930531605224255,0.87,0.0911537652270387,0.00634845471212941
"gamma_bin_7.50_4.76","gamma_bin","vary_sd",4.76,FALSE,109,0.964908287444313,0.945059073969518,0.87,0.0953579100911068,0.88,0.0931811831965328,-0.0198492134747947
"gamma_bin_7.50_4.76","gamma_bin","vary_sd",4.76,FALSE,110,0.980887218164916,0.951302898256163,0.84,0.0983720809349519,0.82,0.0959946290966835,-0.0295843199087531
"gamma_bin_7.50_4.76","gamma_bin","vary_sd",4.76,FALSE,111,0.995692213942587,0.957096019139082,0.82,0.101293864409299,0.78,0.0986406443398449,-0.0385961948035054
"gamma_bin_7.50_4.76","gamma_bin","vary_sd",4.76,FALSE,112,1.00881666031265,0.96221250775813,0.76,0.103044629371109,0.77,0.100109004133208,-0.0466041525545199
"gamma_bin_7.50_4.76","gamma_bin","vary_sd",4.76,FALSE,113,1.01983605940048,0.966669238593431,0.75,0.102957008288445,0.75,0.100081637253738,-0.053166820807049
"gamma_bin_7.50_4.76","gamma_bin","vary_sd",4.76,FALSE,114,1.02841129997895,0.970508969195015,0.74,0.10125331509535,0.72,0.0979690283482971,-0.0579023307839353
"gamma_bin_7.50_4.76","gamma_bin","vary_sd",4.76,FALSE,115,1.03430371035801,0.973525095549736,0.72,0.0986411181166288,0.71,0.095623338968355,-0.0607786148082742
"gamma_bin_7.50_4.76","gamma_bin","vary_sd",4.76,FALSE,116,1.03743175161603,0.975798276906081,0.68,0.0964732551545656,0.67,0.0940836206850477,-0.0616334747099492
"gamma_bin_7.50_4.76","gamma_bin","vary_sd",4.76,FALSE,117,1.0378022122009,0.977212257609041,0.69,0.0956871980090211,0.69,0.0936455973323616,-0.0605899545918591
"gamma_bin_7.50_4.76","gamma_bin","vary_sd",4.76,FALSE,118,1.03547276308025,0.977726688093209,0.73,0.0965280907233682,0.71,0.0945911911285244,-0.0577460749870415
"gamma_bin_7.50_4.76","gamma_bin","vary_sd",4.76,FALSE,119,1.03053550780697,0.977840535077204,0.77,0.0984647278672514,0.73,0.0964411341350525,-0.052694972729766
"gamma_bin_7.50_4.76","gamma_bin","vary_sd",4.76,FALSE,120,1.02310221069091,0.977601635439387,0.8,0.100573156097568,0.79,0.0983380859710762,-0.0455005752515227
"gamma_bin_7.50_4.76","gamma_bin","vary_sd",4.76,FALSE,121,1.01329357541095,0.976685660778312,0.86,0.101559983518949,0.85,0.0994309764803912,-0.0366079146326382
"gamma_bin_7.50_4.76","gamma_bin","vary_sd",4.76,FALSE,122,1.00123289414715,0.97493135831623,0.88,0.101208931302666,0.88,0.0990625221510979,-0.0263015358309195
"gamma_bin_7.50_4.76","gamma_bin","vary_sd",4.76,FALSE,123,0.987043160294477,0.972621580901104,0.88,0.0994563402780619,0.87,0.0973927564958561,-0.0144215793933727
"gamma_bin_7.50_4.76","gamma_bin","vary_sd",4.76,FALSE,124,0.970846430550826,0.969737762180839,0.88,0.0966749671921948,0.88,0.0946822995973348,-0.00110866836998724
"gamma_bin_7.50_4.76","gamma_bin","vary_sd",4.76,FALSE,125,0.953001568168985,0.966915440379641,0.88,0.0945867800343466,0.86,0.0924741087415305,0.0139138722106564
"gamma_bin_7.50_4.76","gamma_bin","vary_sd",4.76,FALSE,126,0.934680947695761,0.964030704417807,0.85,0.0939056743260736,0.84,0.0919182830560793,0.0293497567220457
"gamma_bin_7.50_4.76","gamma_bin","vary_sd",4.76,FALSE,127,0.917145793226913,0.961651500015823,0.77,0.0946551565457649,0.79,0.092828303689481,0.0445057067889096
"gamma_bin_7.50_4.76","gamma_bin","vary_sd",4.76,FALSE,128,0.901530406151582,0.959391751469685,0.73,0.0964799716384597,0.76,0.0946781715863874,0.0578613453181027
"gamma_bin_7.50_4.76","gamma_bin","vary_sd",4.76,FALSE,129,0.888820761331304,0.95772773456281,0.69,0.0984137714950154,0.69,0.09666163879525,0.0689069732315056
"gamma_bin_7.50_4.76","gamma_bin","vary_sd",4.76,FALSE,130,0.879849051096058,0.956874147390804,0.65,0.099954483758942,0.64,0.0981466051684048,0.0770250962947457
"gamma_bin_7.50_4.76","gamma_bin","vary_sd",4.76,FALSE,131,0.875312502934994,0.956616620678444,0.66,0.100322757644175,0.64,0.0984778479510027,0.0813041177434498
"gamma_bin_7.50_4.76","gamma_bin","vary_sd",4.76,FALSE,132,0.875810644994376,0.957348591264284,0.66,0.0993009716226041,0.67,0.0974600517855417,0.0815379462699076
"gamma_bin_7.50_4.76","gamma_bin","vary_sd",4.76,FALSE,133,0.881891211117993,0.958794561735082,0.71,0.0973305172124851,0.68,0.0953342234663449,0.0769033506170895
"gamma_bin_7.50_4.76","gamma_bin","vary_sd",4.76,FALSE,134,0.894096753734329,0.961034999463697,0.73,0.0951783151354945,0.72,0.0933315814607419,0.0669382457293685
"gamma_bin_7.50_4.76","gamma_bin","vary_sd",4.76,FALSE,135,0.912538889585145,0.963670422159019,0.76,0.0943933804330108,0.76,0.0923643205498979,0.0511315325738745
"gamma_bin_7.50_4.76","gamma_bin","vary_sd",4.76,FALSE,136,0.935968580436848,0.966480102252165,0.83,0.0950744334068547,0.8,0.0929066938798872,0.030511521815317
"gamma_bin_7.50_4.76","gamma_bin","vary_sd",4.76,FALSE,137,0.962748452443007,0.969514428492582,0.85,0.096919653164242,0.87,0.0946056735360566,0.00676597604957474
"gamma_bin_7.50_4.76","gamma_bin","vary_sd",4.76,FALSE,138,0.991058087015847,0.972501235054251,0.91,0.0990744497353405,0.89,0.0966352482420145,-0.0185568519615956
"gamma_bin_7.50_4.76","gamma_bin","vary_sd",4.76,FALSE,139,1.01894781256074,0.975241363990143,0.78,0.10127501420178,0.75,0.0987872692130843,-0.0437064485705974
"gamma_bin_7.50_4.76","gamma_bin","vary_sd",4.76,FALSE,140,1.04444932027992,0.977431258065491,0.69,0.102403430199972,0.62,0.100033818981206,-0.0670180622144292
"gamma_bin_7.50_4.76","gamma_bin","vary_sd",4.76,FALSE,141,1.0657059122687,0.97916947896653,0.57,0.102132393933833,0.55,0.0998116701275152,-0.0865364333021704
"gamma_bin_7.50_4.76","gamma_bin","vary_sd",4.76,FALSE,142,1.0810929449843,0.98017764654591,0.49,0.100821142836856,0.47,0.0982052603154162,-0.10091529843839
"gamma_bin_7.50_4.76","gamma_bin","vary_sd",4.76,FALSE,143,1.08930930531451,0.980742511114122,0.43,0.0985532050548333,0.41,0.0961571256876656,-0.108566794200388
"gamma_bin_7.50_4.76","gamma_bin","vary_sd",4.76,FALSE,144,1.08943317712892,0.980573977142868,0.42,0.0970039430273081,0.41,0.0950581993351255,-0.108859199986053
"gamma_bin_7.50_4.76","gamma_bin","vary_sd",4.76,FALSE,145,1.08148967301391,0.979866537001389,0.47,0.0969980629040596,0.45,0.0949416058798711,-0.101623136012521
"gamma_bin_7.50_4.76","gamma_bin","vary_sd",4.76,FALSE,146,1.067118056924,0.978748922084093,0.52,0.09842413870613,0.5,0.0961893334721287,-0.0883691348399066
"gamma_bin_7.50_4.76","gamma_bin","vary_sd",4.76,FALSE,147,1.04828964020928,0.977086122809095,0.63,0.100583243260622,0.6,0.0985637744848971,-0.0712035174001846
"gamma_bin_7.50_4.76","gamma_bin","vary_sd",4.76,FALSE,148,1.02693455801449,0.975062527581066,0.8,0.10273221969345,0.76,0.100750684384356,-0.051872030433424
"gamma_bin_7.50_4.76","gamma_bin","vary_sd",4.76,FALSE,149,1.00477443375589,0.972869327625606,0.85,0.104091236304567,0.85,0.101671480940453,-0.0319051061302841
"gamma_bin_7.50_4.76","gamma_bin","vary_sd",4.76,FALSE,150,0.983222907766779,0.970291146688111,0.87,0.103868466038536,0.9,0.101340588646462,-0.0129317610786677
"gamma_bin_7.50_4.76","gamma_bin","vary_sd",4.76,FALSE,151,0.963363940769346,0.967282898299475,0.91,0.101936467777906,0.89,0.0997433316169993,0.00391895753012916
"gamma_bin_7.50_4.76","gamma_bin","vary_sd",4.76,FALSE,152,0.945985514931433,0.964197399660371,0.88,0.0992614031539671,0.86,0.0970289033434582,0.0182118847289381
"gamma_bin_7.50_4.76","gamma_bin","vary_sd",4.76,FALSE,153,0.931639698450479,0.960865327604223,0.81,0.0966234584488697,0.8,0.0946016475033414,0.029225629153744
"gamma_bin_7.50_4.76","gamma_bin","vary_sd",4.76,FALSE,154,0.920706027513323,0.957741613306641,0.78,0.0955306295579039,0.79,0.0936424097293747,0.0370355857933181
"gamma_bin_7.50_4.76","gamma_bin","vary_sd",4.76,FALSE,155,0.913287949909382,0.955036966084543,0.8,0.0965374360149529,0.79,0.0944475044375886,0.0417490161751608
"gamma_bin_7.50_4.76","gamma_bin","vary_sd",4.76,FALSE,156,0.909118262499206,0.952650350019119,0.82,0.0983411769015824,0.8,0.0963769809811661,0.0435320875199126
"gamma_bin_7.50_4.76","gamma_bin","vary_sd",4.76,FALSE,157,0.90786599524967,0.950912329700594,0.83,0.100487281515425,0.82,0.0985733475076185,0.0430463344509237
"gamma_bin_7.50_4.76","gamma_bin","vary_sd",4.76,FALSE,158,0.909191813449816,0.949843397207368,0.83,0.102302214571296,0.85,0.100064055898097,0.0406515837575523
"gamma_bin_7.50_4.76","gamma_bin","vary_sd",4.76,FALSE,159,0.9127706498954,0.949369670155084,0.85,0.102275931027058,0.86,0.10031514178499,0.0365990202596835
"gamma_bin_7.50_4.76","gamma_bin","vary_sd",4.76,FALSE,160,0.918310343562916,0.949561544571787,0.85,0.100669209288288,0.86,0.0987406949373706,0.0312512010088709
"gamma_bin_7.50_4.76","gamma_bin","vary_sd",4.76,FALSE,161,0.925562601543549,0.950436855270351,0.86,0.0981128628605883,0.85,0.0961189870939914,0.024874253726802
"gamma_bin_7.50_4.76","gamma_bin","vary_sd",4.76,FALSE,162,0.934326617511047,0.952236605621146,0.87,0.0955697716588752,0.87,0.093591783617216,0.0179099881100989
"gamma_bin_7.50_4.76","gamma_bin","vary_sd",4.76,FALSE,163,0.944447396594412,0.954712450434921,0.89,0.0940804062871945,0.89,0.0921646723894434,0.010265053840509
"gamma_bin_7.50_4.76","gamma_bin","vary_sd",4.76,FALSE,164,0.955808426255688,0.957977319126245,0.89,0.0945002664960118,0.89,0.0926339165234079,0.00216889287055699
"gamma_bin_7.50_4.76","gamma_bin","vary_sd",4.76,FALSE,165,0.968171987055275,0.96191066027252,0.93,0.0961780453827941,0.93,0.0943261869890384,-0.00626132678275548
"gamma_bin_7.50_4.76","gamma_bin","vary_sd",4.76,FALSE,166,0.981075418082579,0.96679783527269,0.92,0.0985173888957344,0.89,0.0967178106429394,-0.0142775828098892
"gamma_bin_7.50_4.76","gamma_bin","vary_sd",4.76,FALSE,167,0.99403776313242,0.972352241745443,0.9,0.100845416523137,0.87,0.098984865522403,-0.0216855213869773
"gamma_bin_7.50_4.76","gamma_bin","vary_sd",4.76,FALSE,168,1.00658618871785,0.978551031659415,0.89,0.102626578794334,0.85,0.100253566325262,-0.0280351570584348
"gamma_bin_7.50_4.76","gamma_bin","vary_sd",4.76,FALSE,169,1.01827263962082,0.98562716866102,0.88,0.102850521830178,0.86,0.100505106271781,-0.0326454709597999
"gamma_bin_7.50_4.76","gamma_bin","vary_sd",4.76,FALSE,170,1.02869207421039,0.993389929478392,0.87,0.101743332681519,0.85,0.0996146551854381,-0.0353021447319981
"gamma_bin_7.50_4.76","gamma_bin","vary_sd",4.76,FALSE,171,1.03749575970787,1.00135418335817,0.86,0.1004858532964,0.83,0.0985710469233294,-0.0361415763497028
"gamma_bin_7.50_4.76","gamma_bin","vary_sd",4.76,FALSE,172,1.04439766370686,1.01048537362051,0.84,0.099760361078851,0.84,0.0981876731468156,-0.0339122900863469
"gamma_bin_7.50_4.76","gamma_bin","vary_sd",4.76,FALSE,173,1.04917474480308,1.01985517031792,0.84,0.100843248074722,0.84,0.0990736749143649,-0.0293195744851575
"gamma_bin_7.50_4.76","gamma_bin","vary_sd",4.76,FALSE,174,1.05167598943045,1.02984316241706,0.86,0.102773250289437,0.85,0.101080736521706,-0.0218328270133852
"gamma_bin_7.50_4.76","gamma_bin","vary_sd",4.76,FALSE,175,1.05228684352057,1.04066218396639,0.85,0.105689845754203,0.84,0.103873998551745,-0.0116246595541787
"gamma_bin_7.50_4.76","gamma_bin","vary_sd",4.76,FALSE,176,1.05205037229906,1.05213018206638,0.88,0.108670938531336,0.87,0.106693195568625,7.98097673166964e-05
"gamma_bin_7.50_4.76","gamma_bin","vary_sd",4.76,FALSE,177,1.05206304074467,1.06399590550833,0.86,0.110870678166394,0.84,0.108703663260617,0.0119328647636625
"gamma_bin_7.50_4.76","gamma_bin","vary_sd",4.76,FALSE,178,1.0533911428065,1.07626894273094,0.84,0.111478369946221,0.84,0.10901108676806,0.0228777999244358
"gamma_bin_7.50_4.76","gamma_bin","vary_sd",4.76,FALSE,179,1.05702523270082,1.08918442902463,0.81,0.110265834341526,0.85,0.107833218590886,0.0321591963238095
"gamma_bin_7.50_4.76","gamma_bin","vary_sd",4.76,FALSE,180,1.06385390304002,1.10264153787656,0.79,0.108233338872928,0.79,0.105618383916115,0.0387876348365432
"gamma_bin_7.50_4.76","gamma_bin","vary_sd",4.76,FALSE,181,1.07466368846286,1.11601196113596,0.74,0.106488386526366,0.74,0.104123104548355,0.0413482726730992
"gamma_bin_7.50_4.76","gamma_bin","vary_sd",4.76,FALSE,182,1.09015918537017,1.12943866566895,0.78,0.106815539610873,0.78,0.104342921269239,0.0392794802987828
"gamma_bin_7.50_4.76","gamma_bin","vary_sd",4.76,FALSE,183,1.11099415707904,1.1425748844487,0.8,0.108976871061418,0.83,0.106243849794559,0.0315807273696627
"gamma_bin_7.50_4.76","gamma_bin","vary_sd",4.76,FALSE,184,1.13776253966062,1.15508793104673,0.86,0.112308255288187,0.85,0.109410533424594,0.0173253913861144
"gamma_bin_7.50_4.76","gamma_bin","vary_sd",4.76,FALSE,185,1.16994138910722,1.16668208625278,0.85,0.116089142515047,0.85,0.113255279584363,-0.00325930285443676
"gamma_bin_7.50_4.76","gamma_bin","vary_sd",4.76,FALSE,186,1.20568067952197,1.17688541901262,0.83,0.118567554567428,0.83,0.115980765402303,-0.0287952605093502
"gamma_bin_7.50_4.76","gamma_bin","vary_sd",4.76,FALSE,187,1.24280592689739,1.18601595290832,0.78,0.119440860347617,0.77,0.116960667479669,-0.0567899739890689
"gamma_bin_7.50_4.76","gamma_bin","vary_sd",4.76,FALSE,188,1.27892507759421,1.19365714622204,0.62,0.118404034692841,0.59,0.115893296948866,-0.0852679313721716
"gamma_bin_7.50_4.76","gamma_bin","vary_sd",4.76,FALSE,189,1.31157809299846,1.19966557926552,0.55,0.115820679186116,0.54,0.113539674825491,-0.111912513732941
"gamma_bin_7.50_4.76","gamma_bin","vary_sd",4.76,FALSE,190,1.33842575739913,1.20409872850457,0.4,0.113770158028881,0.37,0.111423816818223,-0.134327028894564
"gamma_bin_7.50_4.76","gamma_bin","vary_sd",4.76,FALSE,191,1.35742493987032,1.20662338712311,0.29,0.112870849377823,0.29,0.110326888216324,-0.15080155274721
"gamma_bin_7.50_4.76","gamma_bin","vary_sd",4.76,FALSE,192,1.36695842059754,1.20739525627506,0.27,0.113812080004991,0.25,0.111094419227301,-0.159563164322479
"gamma_bin_7.50_4.76","gamma_bin","vary_sd",4.76,FALSE,193,1.36590703303142,1.2063748847641,0.28,0.116150810855952,0.24,0.113461555888257,-0.159532148267317
"gamma_bin_7.50_4.76","gamma_bin","vary_sd",4.76,FALSE,194,1.35374441935837,1.20367520882106,0.35,0.118598030185167,0.31,0.115868015281106,-0.150069210537311
"gamma_bin_7.50_4.76","gamma_bin","vary_sd",4.76,FALSE,195,1.33179505256341,1.19953830810758,0.48,0.120291520816652,0.44,0.117427770041527,-0.132256744455833
"gamma_bin_7.50_4.76","gamma_bin","vary_sd",4.76,FALSE,196,1.30282908300336,1.1936486030905,0.57,0.120103283136114,0.53,0.117359223642148,-0.109180479912864
"gamma_bin_7.50_4.76","gamma_bin","vary_sd",4.76,FALSE,197,1.26962792749398,1.18589486336638,0.67,0.118194217882615,0.63,0.115493966425318,-0.083733064127602
"gamma_bin_7.50_4.76","gamma_bin","vary_sd",4.76,FALSE,198,1.23470197201586,1.17654649230557,0.74,0.114588161199935,0.73,0.112182515299291,-0.058155479710289
"gamma_bin_7.50_4.76","gamma_bin","vary_sd",4.76,FALSE,199,1.20012008532359,1.16596028590498,0.83,0.110480599679447,0.8,0.107990460232425,-0.034159799418612
"gamma_bin_7.50_4.76","gamma_bin","vary_sd",4.76,FALSE,200,1.16745324780638,1.15513571750958,0.88,0.106986968275031,0.88,0.104655819739843,-0.0123175302968019
"gamma_bin_7.50_4.76","gamma_bin","vary_sd",4.76,FALSE,201,1.13781324493009,1.14424962773476,0.93,0.105344218676284,0.92,0.103101549807004,0.00643638280467163
"gamma_bin_7.50_4.76","gamma_bin","vary_sd",4.76,FALSE,202,1.11194114249594,1.13382112206532,0.92,0.10542182311494,0.92,0.103296587605865,0.0218799795693798
"gamma_bin_7.50_4.76","gamma_bin","vary_sd",4.76,FALSE,203,1.09030738318271,1.12381323776837,0.88,0.106694766111309,0.88,0.104579666345979,0.0335058545856624
"gamma_bin_7.50_4.76","gamma_bin","vary_sd",4.76,FALSE,204,1.07317842503564,1.11475810129251,0.85,0.108042332472826,0.84,0.106015246818889,0.041579676256875
"gamma_bin_7.50_4.76","gamma_bin","vary_sd",4.76,FALSE,205,1.06040347302214,1.10699503265407,0.84,0.108739942754104,0.87,0.106641177733878,0.04659155963193
"gamma_bin_7.50_4.76","gamma_bin","vary_sd",4.76,FALSE,206,1.05156904168052,1.10063902366412,0.8,0.108298669538213,0.8,0.106296952151005,0.0490699819835989
"gamma_bin_7.50_4.76","gamma_bin","vary_sd",4.76,FALSE,207,1.04624950999474,1.09575113181014,0.8,0.106661126721731,0.79,0.104588830871947,0.0495016218154043
"gamma_bin_7.50_4.76","gamma_bin","vary_sd",4.76,FALSE,208,1.04403704329192,1.09260332939184,0.79,0.104272678227993,0.8,0.102188042387716,0.048566286099923
"gamma_bin_7.50_4.76","gamma_bin","vary_sd",4.76,FALSE,209,1.0445651521307,1.0909516876798,0.78,0.102224237443466,0.79,0.10030073997464,0.0463865355490953
"gamma_bin_7.50_4.76","gamma_bin","vary_sd",4.76,FALSE,210,1.04752392002038,1.09084988401951,0.79,0.102289724802322,0.81,0.0999485418135432,0.0433259639991297
"gamma_bin_7.50_4.76","gamma_bin","vary_sd",4.76,FALSE,211,1.05266551803821,1.09277210416609,0.82,0.103570884176708,0.81,0.101506522862994,0.0401065861278753
"gamma_bin_7.50_4.76","gamma_bin","vary_sd",4.76,FALSE,212,1.0598023103751,1.09659229099007,0.82,0.106410116977637,0.79,0.104053023241261,0.0367899806149719
"gamma_bin_7.50_4.76","gamma_bin","vary_sd",4.76,FALSE,213,1.06880062573221,1.10210656351554,0.86,0.109232700075463,0.85,0.106746441453915,0.0333059377833327
"gamma_bin_7.50_4.76","gamma_bin","vary_sd",4.76,FALSE,214,1.0795784696348,1.109677272375,0.88,0.111719981981203,0.88,0.108972590849904,0.0300988027401992
"gamma_bin_7.50_4.76","gamma_bin","vary_sd",4.76,FALSE,215,1.09215111452811,1.11923400370095,0.88,0.112658167268988,0.87,0.11011614683522,0.0270828891728432
"gamma_bin_7.50_4.76","gamma_bin","vary_sd",4.76,FALSE,216,1.10660255202503,1.13062395924079,0.87,0.111883610693221,0.87,0.109667625465611,0.0240214072157607
"gamma_bin_7.50_4.76","gamma_bin","vary_sd",4.76,FALSE,217,1.1230463183655,1.14394758242543,0.89,0.109820405903295,0.87,0.10784928643536,0.0209012640599269
"gamma_bin_7.50_4.76","gamma_bin","vary_sd",4.76,FALSE,218,1.14161803384419,1.15875146868607,0.91,0.108526429532153,0.9,0.10651609734511,0.0171334348418759
"gamma_bin_7.50_4.76","gamma_bin","vary_sd",4.76,FALSE,219,1.16246850453014,1.17485740896483,0.9,0.108658896996452,0.91,0.106477541943583,0.0123889044346888
"gamma_bin_7.50_4.76","gamma_bin","vary_sd",4.76,FALSE,220,1.18575867786174,1.1915335313216,0.9,0.1102583320707,0.91,0.10795016754316,0.0057748534598574
"gamma_bin_7.50_4.76","gamma_bin","vary_sd",4.76,FALSE,221,1.21165701983639,1.20885633194324,0.91,0.113427428601101,0.91,0.111081758288063,-0.00280068789314591
"gamma_bin_7.50_4.76","gamma_bin","vary_sd",4.76,FALSE,222,1.24033898455105,1.22635270929566,0.91,0.117571905520675,0.91,0.114944179832233,-0.0139862752553914
"gamma_bin_7.50_4.76","gamma_bin","vary_sd",4.76,FALSE,223,1.27198794287079,1.24375698888427,0.89,0.121127974570749,0.9,0.118424733662195,-0.0282309539865153
"gamma_bin_7.50_4.76","gamma_bin","vary_sd",4.76,FALSE,224,1.30666523446541,1.26106000011878,0.86,0.123080158186498,0.86,0.120440263755275,-0.0456052343466273
"gamma_bin_7.50_4.76","gamma_bin","vary_sd",4.76,FALSE,225,1.3433530482977,1.27814529753554,0.8,0.123029968767959,0.78,0.120196729445605,-0.0652077507621553
"gamma_bin_7.50_4.76","gamma_bin","vary_sd",4.76,FALSE,226,1.38038171186225,1.29476019860061,0.71,0.121446358401024,0.67,0.118606764593474,-0.0856215132616438
"gamma_bin_7.50_4.76","gamma_bin","vary_sd",4.76,FALSE,227,1.41592160258673,1.31058982585705,0.57,0.11964040576508,0.61,0.116692269822338,-0.105331776729679
"gamma_bin_7.50_4.76","gamma_bin","vary_sd",4.76,FALSE,228,1.44808142918806,1.32503259268166,0.51,0.118481796032432,0.5,0.115867927289871,-0.1230488365064
"gamma_bin_7.50_4.76","gamma_bin","vary_sd",4.76,FALSE,229,1.47504730588812,1.3377358885478,0.46,0.119549740298469,0.44,0.116981511163361,-0.137311417340318
"gamma_bin_7.50_4.76","gamma_bin","vary_sd",4.76,FALSE,230,1.49521587906308,1.3486503753065,0.41,0.122428885609828,0.4,0.119603399005406,-0.146565503756582
"gamma_bin_7.50_4.76","gamma_bin","vary_sd",4.76,FALSE,231,1.50729103953841,1.35686352977247,0.41,0.125570382723142,0.39,0.122916240920411,-0.150427509765937
"gamma_bin_7.50_4.76","gamma_bin","vary_sd",4.76,FALSE,232,1.51033534857617,1.36258822901488,0.42,0.128454363517716,0.39,0.125738365083458,-0.14774711956129
"gamma_bin_7.50_4.76","gamma_bin","vary_sd",4.76,FALSE,233,1.50378097074586,1.36573484816208,0.49,0.12941692974858,0.45,0.126739141339007,-0.138046122583782
"gamma_bin_7.50_4.76","gamma_bin","vary_sd",4.76,FALSE,234,1.48764960471254,1.36643630786553,0.54,0.128041299250377,0.53,0.125720437339396,-0.121213296847012
"gamma_bin_7.50_4.76","gamma_bin","vary_sd",4.76,FALSE,235,1.46373241708909,1.36437884597039,0.65,0.124624492770941,0.63,0.122542962492648,-0.0993535711186979
"gamma_bin_7.50_4.76","gamma_bin","vary_sd",4.76,FALSE,236,1.43448143272486,1.3597386920037,0.72,0.120721635028475,0.69,0.118678400598428,-0.074742740721164
"gamma_bin_7.50_4.76","gamma_bin","vary_sd",4.76,FALSE,237,1.40223769952072,1.35271679422213,0.76,0.117823116787833,0.76,0.115573461328237,-0.0495209052985892
"gamma_bin_7.50_4.76","gamma_bin","vary_sd",4.76,FALSE,238,1.36905513115977,1.34388224512796,0.85,0.116861755880932,0.86,0.114668556683256,-0.0251728860318121
"gamma_bin_7.50_4.76","gamma_bin","vary_sd",4.76,FALSE,239,1.33659069308879,1.33406428591345,0.91,0.118604113049256,0.91,0.115974132907594,-0.00252640717533903
"gamma_bin_7.50_4.76","gamma_bin","vary_sd",4.76,FALSE,240,1.30608415861083,1.32354444992998,0.93,0.121231613811914,0.94,0.118803097018195,0.0174602913191517
"gamma_bin_7.50_4.76","gamma_bin","vary_sd",4.76,FALSE,241,1.27840456713347,1.31276752023388,0.92,0.124733237636889,0.93,0.121900765973643,0.0343629531004148
"gamma_bin_7.50_4.76","gamma_bin","vary_sd",4.76,FALSE,242,1.25412742548082,1.30159488144156,0.91,0.126798559198488,0.91,0.124197606673157,0.0474674559607375
"gamma_bin_7.50_4.76","gamma_bin","vary_sd",4.76,FALSE,243,1.23361554311767,1.29036208964297,0.84,0.127570761998786,0.88,0.125019651336919,0.0567465465253034
"gamma_bin_7.50_4.76","gamma_bin","vary_sd",4.76,FALSE,244,1.21706403589592,1.27925376301037,0.84,0.128110087030677,0.84,0.125191432010792,0.0621897271144467
"gamma_bin_7.50_4.76","gamma_bin","vary_sd",4.76,FALSE,245,1.20445667363505,1.26862324931023,0.85,0.129183582240745,0.86,0.126363268161453,0.064166575675181
"gamma_bin_7.50_4.76","gamma_bin","vary_sd",4.76,FALSE,246,1.19569657050359,1.25838544274171,0.86,0.13346011748612,0.87,0.130548667006674,0.0626888722381227
"gamma_bin_7.50_4.76","gamma_bin","vary_sd",4.76,FALSE,247,1.19067334691389,1.24877323118122,0.91,0.141623648786492,0.92,0.13859422844401,0.0580998842673295
"gamma_bin_7.50_4.76","gamma_bin","vary_sd",4.76,FALSE,248,1.1892846905786,1.23996868001098,0.92,0.153891351308655,0.93,0.150379666086536,0.0506839894323827
"gamma_bin_7.50_4.76","gamma_bin","vary_sd",4.76,FALSE,249,1.1914521017446,1.23152698132003,0.93,0.16863797439059,0.95,0.165359288269094,0.0400748795754295
"gamma_bin_7.50_4.76","gamma_bin","vary_sd",4.76,FALSE,250,1.19713021020468,1.22393363698755,0.97,0.185846701021726,0.98,0.182137659549206,0.0268034267828696
"gamma_bin_7.50_4.76","gamma_bin","vary_sd",4.76,FALSE,251,1.20631090184647,1.21726846109897,0.98,0.204152798325598,0.98,0.19993644925644,0.0109575592525015
"gamma_bin_7.50_4.76","gamma_bin","vary_sd",4.76,FALSE,252,1.21902415582724,1.21190828297366,0.98,0.223283295441969,0.97,0.218901872836034,-0.00711587285358339
"gamma_bin_7.50_4.76","gamma_bin","vary_sd",4.76,FALSE,253,1.23533724681924,1.20770923371907,0.98,0.244112922727554,0.98,0.238770208860961,-0.0276280131001709
"gamma_bin_7.50_5.44","gamma_bin","vary_sd",5.44,FALSE,2,6.47633271060018,NA,NA,NA,NA,NA,NA
"gamma_bin_7.50_5.44","gamma_bin","vary_sd",5.44,FALSE,3,5.39748004467528,NA,NA,NA,NA,NA,NA
"gamma_bin_7.50_5.44","gamma_bin","vary_sd",5.44,FALSE,4,4.52153259075373,4.21971546824662,0.6,0.341985559908999,0.58,0.335906831705079,-0.30181712250711
"gamma_bin_7.50_5.44","gamma_bin","vary_sd",5.44,FALSE,5,3.81075688710478,3.02510605223307,0,0.289141166411916,0,0.283908260551237,-0.785650834871711
"gamma_bin_7.50_5.44","gamma_bin","vary_sd",5.44,FALSE,6,3.23384975678135,2.38927657248562,0,0.255333193322042,0,0.250743163440194,-0.844573184295735
"gamma_bin_7.50_5.44","gamma_bin","vary_sd",5.44,FALSE,7,2.76512519694591,2.00620789702403,0,0.231792960855778,0,0.227136408533076,-0.758917299921882
"gamma_bin_7.50_5.44","gamma_bin","vary_sd",5.44,FALSE,8,2.38350063829982,1.75599637149135,0,0.212928879295927,0,0.208812448077993,-0.627504266808465
"gamma_bin_7.50_5.44","gamma_bin","vary_sd",5.44,FALSE,9,2.07220990816182,1.5828095596318,0,0.196444974938828,0,0.192696978744219,-0.489400348530016
"gamma_bin_7.50_5.44","gamma_bin","vary_sd",5.44,FALSE,10,1.8180094782711,1.45754905352091,0.04,0.181046289929619,0.03,0.177488734538119,-0.360460424750192
"gamma_bin_7.50_5.44","gamma_bin","vary_sd",5.44,FALSE,11,1.61045019265924,1.3638448115868,0.14,0.165967401302933,0.12,0.162614219236375,-0.246605381072444
"gamma_bin_7.50_5.44","gamma_bin","vary_sd",5.44,FALSE,12,1.44129331371926,1.29157287316278,0.51,0.151563576860911,0.49,0.148740818314523,-0.149720440556481
"gamma_bin_7.50_5.44","gamma_bin","vary_sd",5.44,FALSE,13,1.30405110997497,1.23395724116693,0.88,0.139261510847943,0.84,0.13687325407255,-0.0700938688080401
"gamma_bin_7.50_5.44","gamma_bin","vary_sd",5.44,FALSE,14,1.1936337473603,1.18698848236489,0.93,0.129594498990086,0.92,0.127252427554484,-0.00664526499541429
"gamma_bin_7.50_5.44","gamma_bin","vary_sd",5.44,FALSE,15,1.10608275580624,1.14750090920992,0.92,0.122309472037151,0.92,0.120221824149972,0.041418153403683
"gamma_bin_7.50_5.44","gamma_bin","vary_sd",5.44,FALSE,16,1.03836845094092,1.11387348897268,0.78,0.117032974322354,0.76,0.11474864156619,0.0755050380317552
"gamma_bin_7.50_5.44","gamma_bin","vary_sd",5.44,FALSE,17,0.987514418464918,1.08448029362195,0.6,0.113178299182213,0.55,0.110795090361677,0.0969658751570333
"gamma_bin_7.50_5.44","gamma_bin","vary_sd",5.44,FALSE,18,0.94985341422689,1.05834842218975,0.46,0.109853368829045,0.47,0.107327731577272,0.108495007962856
"gamma_bin_7.50_5.44","gamma_bin","vary_sd",5.44,FALSE,19,0.922342058412537,1.03466493695534,0.4,0.106261934177781,0.39,0.103867619296796,0.112322878542808
"gamma_bin_7.50_5.44","gamma_bin","vary_sd",5.44,FALSE,20,0.902533145800087,1.01293710879159,0.36,0.101787411877066,0.36,0.0994267935001457,0.110403962991507
"gamma_bin_7.50_5.44","gamma_bin","vary_sd",5.44,FALSE,21,0.888443579660898,0.992443834048602,0.39,0.0970333437697782,0.4,0.0944573433711855,0.104000254387704
"gamma_bin_7.50_5.44","gamma_bin","vary_sd",5.44,FALSE,22,0.878474950045775,0.973124305165288,0.41,0.092103453136726,0.42,0.0898954524611729,0.0946493551195134
"gamma_bin_7.50_5.44","gamma_bin","vary_sd",5.44,FALSE,23,0.871353706634507,0.954593626352873,0.48,0.0886133794469524,0.48,0.0866331165477525,0.0832399197183661
"gamma_bin_7.50_5.44","gamma_bin","vary_sd",5.44,FALSE,24,0.866079695774009,0.936230383715109,0.6,0.0867235606307738,0.57,0.0848816888949833,0.0701506879410996
"gamma_bin_7.50_5.44","gamma_bin","vary_sd",5.44,FALSE,25,0.861880113955128,0.918067213266163,0.66,0.0862873528896959,0.67,0.0842425925911931,0.056187099311035
"gamma_bin_7.50_5.44","gamma_bin","vary_sd",5.44,FALSE,26,0.858167576978305,0.900598720894779,0.74,0.0866810111740288,0.76,0.0844083907221086,0.0424311439164738
"gamma_bin_7.50_5.44","gamma_bin","vary_sd",5.44,FALSE,27,0.854446587171991,0.8839152812723,0.83,0.0867107408974188,0.83,0.0843803716685887,0.0294686941003095
"gamma_bin_7.50_5.44","gamma_bin","vary_sd",5.44,FALSE,28,0.850242530612154,0.867615355226933,0.89,0.0861665215982265,0.9,0.0838089691753961,0.0173728246147788
"gamma_bin_7.50_5.44","gamma_bin","vary_sd",5.44,FALSE,29,0.845168044117022,0.851694193756635,0.92,0.084153922019841,0.94,0.0817374761741474,0.00652614963961295
"gamma_bin_7.50_5.44","gamma_bin","vary_sd",5.44,FALSE,30,0.838916821827613,0.83590958320407,0.92,0.0808907572335621,0.93,0.0787354699626859,-0.00300723862354246
"gamma_bin_7.50_5.44","gamma_bin","vary_sd",5.44,FALSE,31,0.83125458603177,0.820285402544818,0.93,0.0774422722454911,0.92,0.0755208346084525,-0.0109691834869516
"gamma_bin_7.50_5.44","gamma_bin","vary_sd",5.44,FALSE,32,0.822012955905288,0.805456407102344,0.91,0.0747769769088811,0.9,0.073073450697228,-0.0165565488029438
"gamma_bin_7.50_5.44","gamma_bin","vary_sd",5.44,FALSE,33,0.811083441801087,0.790860711080087,0.88,0.0734796812561703,0.86,0.0718467344311219,-0.0202227307209996
"gamma_bin_7.50_5.44","gamma_bin","vary_sd",5.44,FALSE,34,0.798410706391415,0.776760013922221,0.88,0.0735911556583235,0.88,0.0717966460264582,-0.021650692469194
"gamma_bin_7.50_5.44","gamma_bin","vary_sd",5.44,FALSE,35,0.783985284249482,0.762880585228462,0.89,0.0742151507666326,0.88,0.0725159266634894,-0.0211046990210197
"gamma_bin_7.50_5.44","gamma_bin","vary_sd",5.44,FALSE,36,0.767842249776292,0.74910163825792,0.91,0.0750361327068957,0.9,0.0733823690490252,-0.0187406115183715
"gamma_bin_7.50_5.44","gamma_bin","vary_sd",5.44,FALSE,37,0.750320099865667,0.735719270503891,0.92,0.0751492893309587,0.91,0.073375046692684,-0.0146008293617758
"gamma_bin_7.50_5.44","gamma_bin","vary_sd",5.44,FALSE,38,0.732127511283489,0.722827113936148,0.92,0.074066498582326,0.91,0.072231479497448,-0.00930039734734123
"gamma_bin_7.50_5.44","gamma_bin","vary_sd",5.44,FALSE,39,0.713945546467747,0.710342607392571,0.91,0.0718312690041033,0.91,0.0702179479881977,-0.00360293907517562
"gamma_bin_7.50_5.44","gamma_bin","vary_sd",5.44,FALSE,40,0.696377644387645,0.698318153125996,0.91,0.069024033489624,0.88,0.067608576212871,0.00194050873835128
"gamma_bin_7.50_5.44","gamma_bin","vary_sd",5.44,FALSE,41,0.679931575981829,0.686952966809206,0.89,0.0665082108267476,0.88,0.0651617482436848,0.00702139082737707
"gamma_bin_7.50_5.44","gamma_bin","vary_sd",5.44,FALSE,42,0.665012401557135,0.6764123202246,0.89,0.065009739532857,0.88,0.0637877157720371,0.0113999186674653
"gamma_bin_7.50_5.44","gamma_bin","vary_sd",5.44,FALSE,43,0.65192842067752,0.66682458955385,0.87,0.0648960816797914,0.86,0.0636833546697039,0.0148961688763298
"gamma_bin_7.50_5.44","gamma_bin","vary_sd",5.44,FALSE,44,0.640906266957601,0.658109201414067,0.86,0.0658826761735042,0.86,0.0645463480296917,0.0172029344564663
"gamma_bin_7.50_5.44","gamma_bin","vary_sd",5.44,FALSE,45,0.632110069284813,0.650184755117931,0.86,0.0670760135585429,0.88,0.0657500452010227,0.0180746858331179
"gamma_bin_7.50_5.44","gamma_bin","vary_sd",5.44,FALSE,46,0.625656360123327,0.643302289516521,0.86,0.0681443674488317,0.87,0.0667157488099429,0.0176459293931941
"gamma_bin_7.50_5.44","gamma_bin","vary_sd",5.44,FALSE,47,0.621502273809677,0.637404976438679,0.87,0.068444402715799,0.88,0.0669520982748128,0.0159027026290017
"gamma_bin_7.50_5.44","gamma_bin","vary_sd",5.44,FALSE,48,0.619441171957512,0.632840134922015,0.9,0.0678857989150725,0.9,0.0663679951589746,0.0133989629645026
"gamma_bin_7.50_5.44","gamma_bin","vary_sd",5.44,FALSE,49,0.619256488578844,0.629687203204953,0.9,0.066494168432939,0.91,0.0651248554214734,0.0104307146261088
"gamma_bin_7.50_5.44","gamma_bin","vary_sd",5.44,FALSE,50,0.620736004042686,0.627521526889955,0.9,0.0649955965272628,0.92,0.0635902453815361,0.00678552284726908
"gamma_bin_7.50_5.44","gamma_bin","vary_sd",5.44,FALSE,51,0.623679916186844,0.626417314763668,0.92,0.0641873512850887,0.9,0.0626974352367509,0.00273739857682387
"gamma_bin_7.50_5.44","gamma_bin","vary_sd",5.44,FALSE,52,0.627908213332621,0.626279704582976,0.88,0.0641412669666323,0.89,0.0626996158318297,-0.00162850874964482
"gamma_bin_7.50_5.44","gamma_bin","vary_sd",5.44,FALSE,53,0.633265384812971,0.627066208707145,0.9,0.0648723388408132,0.89,0.0634313408258036,-0.00619917610582588
"gamma_bin_7.50_5.44","gamma_bin","vary_sd",5.44,FALSE,54,0.639622221613428,0.628903716574473,0.89,0.0662949454176854,0.88,0.0648053085032672,-0.0107185050389549
"gamma_bin_7.50_5.44","gamma_bin","vary_sd",5.44,FALSE,55,0.646875295241765,0.631621457468009,0.89,0.0676255296986747,0.87,0.066323353101335,-0.015253837773756
"gamma_bin_7.50_5.44","gamma_bin","vary_sd",5.44,FALSE,56,0.654940797889892,0.635161337735284,0.88,0.0687371938887707,0.86,0.0672255396627311,-0.0197794601546083
"gamma_bin_7.50_5.44","gamma_bin","vary_sd",5.44,FALSE,57,0.663667548235467,0.639501743053652,0.85,0.0686926010628771,0.86,0.0672966544984947,-0.024165805181815
"gamma_bin_7.50_5.44","gamma_bin","vary_sd",5.44,FALSE,58,0.67283196893338,0.644708316407752,0.82,0.0680491524956305,0.82,0.0665886891403542,-0.0281236525256283
"gamma_bin_7.50_5.44","gamma_bin","vary_sd",5.44,FALSE,59,0.682212593504884,0.650421512153255,0.81,0.0671030577035831,0.78,0.0656705976550639,-0.0317910813516292
"gamma_bin_7.50_5.44","gamma_bin","vary_sd",5.44,FALSE,60,0.691594549334227,0.656537792406997,0.76,0.0663520948042115,0.75,0.0650409281079871,-0.0350567569272301
"gamma_bin_7.50_5.44","gamma_bin","vary_sd",5.44,FALSE,61,0.700774343176902,0.66303931977379,0.75,0.0663928697906243,0.72,0.0651480450225707,-0.0377350234031115
"gamma_bin_7.50_5.44","gamma_bin","vary_sd",5.44,FALSE,62,0.709565411363515,0.669774358035281,0.74,0.0674685114620144,0.73,0.0662689405282345,-0.0397910533282336
"gamma_bin_7.50_5.44","gamma_bin","vary_sd",5.44,FALSE,63,0.717802382251417,0.67691875136117,0.74,0.0692610857971917,0.74,0.0680633881622689,-0.0408836308902469
"gamma_bin_7.50_5.44","gamma_bin","vary_sd",5.44,FALSE,64,0.725343303375917,0.6842004297262,0.79,0.0714380882794591,0.78,0.0700878455801258,-0.041142873649717
"gamma_bin_7.50_5.44","gamma_bin","vary_sd",5.44,FALSE,65,0.732069930484564,0.691927841630104,0.8,0.0733313606534739,0.8,0.0717771608754231,-0.04014208885446
"gamma_bin_7.50_5.44","gamma_bin","vary_sd",5.44,FALSE,66,0.737895666769886,0.699827114827212,0.81,0.0742028541055014,0.8,0.0725341164336571,-0.038068551942674
"gamma_bin_7.50_5.44","gamma_bin","vary_sd",5.44,FALSE,67,0.742895958587221,0.707739100777238,0.83,0.0737124992383715,0.82,0.0720201718535597,-0.0351568578099835
"gamma_bin_7.50_5.44","gamma_bin","vary_sd",5.44,FALSE,68,0.747278763319657,0.715496352537449,0.82,0.0726599779583729,0.8,0.0710020096297566,-0.0317824107822081
"gamma_bin_7.50_5.44","gamma_bin","vary_sd",5.44,FALSE,69,0.751271373438236,0.72329918674557,0.85,0.0720660109152264,0.82,0.0703443397391283,-0.0279721866926665
"gamma_bin_7.50_5.44","gamma_bin","vary_sd",5.44,FALSE,70,0.755105697598796,0.73090015113573,0.87,0.0721592176512328,0.85,0.0702302346362969,-0.0242055464630663
"gamma_bin_7.50_5.44","gamma_bin","vary_sd",5.44,FALSE,71,0.759004827658807,0.738470209572089,0.9,0.0731818092963361,0.88,0.0710625631354225,-0.0205346180867175
"gamma_bin_7.50_5.44","gamma_bin","vary_sd",5.44,FALSE,72,0.76317231106088,0.74600198138374,0.91,0.0748040481118984,0.89,0.0727252713749885,-0.0171703296771396
"gamma_bin_7.50_5.44","gamma_bin","vary_sd",5.44,FALSE,73,0.767786202417761,0.753390595689391,0.91,0.0769363740216577,0.93,0.0746886188800758,-0.0143956067283701
"gamma_bin_7.50_5.44","gamma_bin","vary_sd",5.44,FALSE,74,0.772997638290372,0.760477770607982,0.93,0.0790178326181766,0.92,0.0767198950011917,-0.0125198676823897
"gamma_bin_7.50_5.44","gamma_bin","vary_sd",5.44,FALSE,75,0.77893263784533,0.767445341538396,0.94,0.0802151620537609,0.94,0.0781499738738528,-0.0114872963069337
"gamma_bin_7.50_5.44","gamma_bin","vary_sd",5.44,FALSE,76,0.78568141824908,0.774220351168629,0.94,0.0802719816034384,0.93,0.0783752872048202,-0.0114610670804506
"gamma_bin_7.50_5.44","gamma_bin","vary_sd",5.44,FALSE,77,0.793148670755028,0.780757711430817,0.94,0.079395811525201,0.94,0.0776582256484246,-0.0123909593242115
"gamma_bin_7.50_5.44","gamma_bin","vary_sd",5.44,FALSE,78,0.801109464577554,0.786950161276802,0.92,0.0783322127208843,0.93,0.0766171434487785,-0.0141593033007523
"gamma_bin_7.50_5.44","gamma_bin","vary_sd",5.44,FALSE,79,0.809317687520099,0.792868955381671,0.92,0.0779041381988964,0.9,0.0762932334058186,-0.0164487321384281
"gamma_bin_7.50_5.44","gamma_bin","vary_sd",5.44,FALSE,80,0.817518562189946,0.798223489612168,0.9,0.0784106478011887,0.88,0.0767175035535341,-0.019295072577778
"gamma_bin_7.50_5.44","gamma_bin","vary_sd",5.44,FALSE,81,0.825462916255739,0.803498536180662,0.88,0.0795922000348177,0.89,0.0782676555245082,-0.021964380075077
"gamma_bin_7.50_5.44","gamma_bin","vary_sd",5.44,FALSE,82,0.832920079463184,0.808447198725945,0.9,0.0816268438011208,0.9,0.0801737144499313,-0.0244728807372392
"gamma_bin_7.50_5.44","gamma_bin","vary_sd",5.44,FALSE,83,0.83968668789734,0.81305653326701,0.9,0.0834995235234355,0.89,0.0818985571830997,-0.0266301546303297
"gamma_bin_7.50_5.44","gamma_bin","vary_sd",5.44,FALSE,84,0.845591000049052,0.817616258902141,0.92,0.0848189231260886,0.89,0.0828024778170484,-0.027974741146911
"gamma_bin_7.50_5.44","gamma_bin","vary_sd",5.44,FALSE,85,0.850493536894317,0.821885236560924,0.91,0.084601990450434,0.9,0.0826117234315744,-0.0286083003333932
"gamma_bin_7.50_5.44","gamma_bin","vary_sd",5.44,FALSE,86,0.854297533108007,0.826020386589759,0.88,0.0832364345948661,0.87,0.081517000902022,-0.0282771465182482
"gamma_bin_7.50_5.44","gamma_bin","vary_sd",5.44,FALSE,87,0.857044342489846,0.829823068798325,0.87,0.0816380075434002,0.86,0.0800991587051613,-0.0272212736915213
"gamma_bin_7.50_5.44","gamma_bin","vary_sd",5.44,FALSE,88,0.858857822167393,0.833313887261302,0.86,0.0805131918472973,0.85,0.0790847557435818,-0.0255439349060914
"gamma_bin_7.50_5.44","gamma_bin","vary_sd",5.44,FALSE,89,0.859878747666928,0.836822692477559,0.85,0.0806498243676199,0.84,0.0792842069199853,-0.0230560551893687
"gamma_bin_7.50_5.44","gamma_bin","vary_sd",5.44,FALSE,90,0.86025311141159,0.840345833503015,0.86,0.0820385298258186,0.85,0.0804715931958218,-0.0199072779085752
"gamma_bin_7.50_5.44","gamma_bin","vary_sd",5.44,FALSE,91,0.860120701023208,0.844126333040921,0.84,0.0839476699260801,0.83,0.0823413991738544,-0.0159943679822869
"gamma_bin_7.50_5.44","gamma_bin","vary_sd",5.44,FALSE,92,0.859606619529194,0.847753580555214,0.85,0.0860940233335124,0.8,0.0844817596181722,-0.0118530389739805
"gamma_bin_7.50_5.44","gamma_bin","vary_sd",5.44,FALSE,93,0.8588168361623,0.851512334987985,0.85,0.0878320443466334,0.82,0.0860951869612099,-0.00730450117431469
"gamma_bin_7.50_5.44","gamma_bin","vary_sd",5.44,FALSE,94,0.857837212377275,0.855256916955415,0.83,0.0884976753730017,0.84,0.0866391304740547,-0.00258029542186011
"gamma_bin_7.50_5.44","gamma_bin","vary_sd",5.44,FALSE,95,0.856734852284735,0.859168571946091,0.84,0.0875551109413014,0.82,0.0856000915500284,0.00243371966135608
"gamma_bin_7.50_5.44","gamma_bin","vary_sd",5.44,FALSE,96,0.855586935925609,0.862890624894872,0.85,0.0856243979285079,0.81,0.0838898526910472,0.00730368896926281
"gamma_bin_7.50_5.44","gamma_bin","vary_sd",5.44,FALSE,97,0.854642173312711,0.866604678905484,0.84,0.0838987383804213,0.83,0.0821841205811329,0.0119625055927732
"gamma_bin_7.50_5.44","gamma_bin","vary_sd",5.44,FALSE,98,0.854216899337268,0.87070249159826,0.83,0.0833411975973805,0.8,0.0819100053832048,0.0164855922609923
"gamma_bin_7.50_5.44","gamma_bin","vary_sd",5.44,FALSE,99,0.854615196085733,0.874964608073312,0.82,0.0845937556626518,0.81,0.083358072640766,0.020349411987579
"gamma_bin_7.50_5.44","gamma_bin","vary_sd",5.44,FALSE,100,0.856123392287051,0.879693790702921,0.85,0.0875654318750492,0.84,0.0857991579667145,0.0235703984158696
"gamma_bin_7.50_5.44","gamma_bin","vary_sd",5.44,FALSE,101,0.859003725920451,0.884636306215885,0.87,0.0907973591579075,0.85,0.0887974467685269,0.0256325802954335
"gamma_bin_7.50_5.44","gamma_bin","vary_sd",5.44,FALSE,102,0.863491057515902,0.890143756911727,0.87,0.0935780646348925,0.87,0.0915908569176769,0.0266526993958246
"gamma_bin_7.50_5.44","gamma_bin","vary_sd",5.44,FALSE,103,0.869793786137492,0.896159632632923,0.87,0.0951984349068681,0.87,0.0931259898187993,0.0263658464954312
"gamma_bin_7.50_5.44","gamma_bin","vary_sd",5.44,FALSE,104,0.878098070350996,0.902660010795245,0.87,0.0951879328359583,0.88,0.0932191270692606,0.0245619404442489
"gamma_bin_7.50_5.44","gamma_bin","vary_sd",5.44,FALSE,105,0.888573897619543,0.909700945488562,0.87,0.0940633390516935,0.86,0.0918342727951929,0.0211270478690193
"gamma_bin_7.50_5.44","gamma_bin","vary_sd",5.44,FALSE,106,0.901301658370892,0.916908607694783,0.86,0.0924528827263686,0.87,0.0902169512790861,0.0156069493238906
"gamma_bin_7.50_5.44","gamma_bin","vary_sd",5.44,FALSE,107,0.915897849763235,0.924162420777916,0.88,0.0911557291539898,0.9,0.0891185468489894,0.00826457101468059
"gamma_bin_7.50_5.44","gamma_bin","vary_sd",5.44,FALSE,108,0.931781890770312,0.931330234248156,0.88,0.0913102562695856,0.9,0.0893020312869825,-0.000451656522155952
"gamma_bin_7.50_5.44","gamma_bin","vary_sd",5.44,FALSE,109,0.964908287444313,0.938379682854211,0.81,0.0925077036621795,0.8,0.0907032171335682,-0.026528604590102
"gamma_bin_7.50_5.44","gamma_bin","vary_sd",5.44,FALSE,110,0.980887218164916,0.945096549138301,0.78,0.0944369919095496,0.79,0.0925538945152547,-0.0357906690266151
"gamma_bin_7.50_5.44","gamma_bin","vary_sd",5.44,FALSE,111,0.995692213942587,0.951608895023958,0.77,0.0958513801591092,0.78,0.0940619888788429,-0.0440833189186294
"gamma_bin_7.50_5.44","gamma_bin","vary_sd",5.44,FALSE,112,1.00881666031265,0.957555551587525,0.72,0.0966745405615403,0.72,0.0948408533018507,-0.051261108725125
"gamma_bin_7.50_5.44","gamma_bin","vary_sd",5.44,FALSE,113,1.01983605940048,0.962863847326265,0.7,0.096436977642326,0.7,0.0946340969925563,-0.056972212074215
"gamma_bin_7.50_5.44","gamma_bin","vary_sd",5.44,FALSE,114,1.02841129997895,0.967410593979159,0.67,0.0950803436563232,0.7,0.0933839587892126,-0.0610007059997913
"gamma_bin_7.50_5.44","gamma_bin","vary_sd",5.44,FALSE,115,1.03430371035801,0.971085156701566,0.65,0.0935938699725956,0.65,0.0919296625907577,-0.0632185536564436
"gamma_bin_7.50_5.44","gamma_bin","vary_sd",5.44,FALSE,116,1.03743175161603,0.974029510548634,0.68,0.0931468189516802,0.65,0.0910951365062564,-0.0634022410673961
"gamma_bin_7.50_5.44","gamma_bin","vary_sd",5.44,FALSE,117,1.0378022122009,0.976398420806643,0.68,0.0932501337759138,0.69,0.0912667201514317,-0.0614037913942567
"gamma_bin_7.50_5.44","gamma_bin","vary_sd",5.44,FALSE,118,1.03547276308025,0.97804002053776,0.77,0.09490434999465,0.74,0.092705655434524,-0.0574327425424902
"gamma_bin_7.50_5.44","gamma_bin","vary_sd",5.44,FALSE,119,1.03053550780697,0.978850934005369,0.8,0.0970193707960425,0.8,0.0948153047089025,-0.0516845738016009
"gamma_bin_7.50_5.44","gamma_bin","vary_sd",5.44,FALSE,120,1.02310221069091,0.978788968760973,0.83,0.0985255277583287,0.82,0.0964779555129707,-0.0443132419299367
"gamma_bin_7.50_5.44","gamma_bin","vary_sd",5.44,FALSE,121,1.01329357541095,0.978049319407715,0.83,0.0993876894895612,0.82,0.0973553976470098,-0.035244256003235
"gamma_bin_7.50_5.44","gamma_bin","vary_sd",5.44,FALSE,122,1.00123289414715,0.976919320521763,0.9,0.098849016428543,0.89,0.0967798183021504,-0.0243135736253873
"gamma_bin_7.50_5.44","gamma_bin","vary_sd",5.44,FALSE,123,0.987043160294477,0.975124337354067,0.92,0.0965826679085611,0.91,0.0946866456824874,-0.0119188229404102
"gamma_bin_7.50_5.44","gamma_bin","vary_sd",5.44,FALSE,124,0.970846430550826,0.973031067571912,0.91,0.0934969480962688,0.89,0.0916364163385174,0.00218463702108584
"gamma_bin_7.50_5.44","gamma_bin","vary_sd",5.44,FALSE,125,0.953001568168985,0.970772019004857,0.85,0.0909914540386021,0.87,0.0891199880689432,0.0177704508358724
"gamma_bin_7.50_5.44","gamma_bin","vary_sd",5.44,FALSE,126,0.934680947695761,0.968490476937373,0.8,0.0899479983473371,0.8,0.088012264376763,0.0338095292416122
"gamma_bin_7.50_5.44","gamma_bin","vary_sd",5.44,FALSE,127,0.917145793226913,0.965976518660492,0.73,0.0904659518510413,0.73,0.0885471734744611,0.0488307254335791
"gamma_bin_7.50_5.44","gamma_bin","vary_sd",5.44,FALSE,128,0.901530406151582,0.96378281248479,0.69,0.0922626845306607,0.64,0.0903795706780677,0.0622524063332083
"gamma_bin_7.50_5.44","gamma_bin","vary_sd",5.44,FALSE,129,0.888820761331304,0.962206360457731,0.58,0.0945297177560186,0.58,0.0925677486805342,0.0733855991264268
"gamma_bin_7.50_5.44","gamma_bin","vary_sd",5.44,FALSE,130,0.879849051096058,0.961012108003054,0.53,0.096398234309205,0.55,0.0943601183386728,0.0811630569069964
"gamma_bin_7.50_5.44","gamma_bin","vary_sd",5.44,FALSE,131,0.875312502934994,0.960441002974609,0.53,0.0970428436172966,0.54,0.0950654604558796,0.0851285000396149
"gamma_bin_7.50_5.44","gamma_bin","vary_sd",5.44,FALSE,132,0.875810644994376,0.960528829132189,0.56,0.096370035579782,0.54,0.094597867071922,0.0847181841378132
"gamma_bin_7.50_5.44","gamma_bin","vary_sd",5.44,FALSE,133,0.881891211117993,0.961357633565734,0.63,0.0946537716650771,0.61,0.0930820849672288,0.0794664224477407
"gamma_bin_7.50_5.44","gamma_bin","vary_sd",5.44,FALSE,134,0.894096753734329,0.9626638803494,0.69,0.0932186899406704,0.71,0.091507979288955,0.0685671266150711
"gamma_bin_7.50_5.44","gamma_bin","vary_sd",5.44,FALSE,135,0.912538889585145,0.964367715267476,0.78,0.0925036459528513,0.77,0.0906551519979187,0.0518288256823314
"gamma_bin_7.50_5.44","gamma_bin","vary_sd",5.44,FALSE,136,0.935968580436848,0.966179562630295,0.81,0.0929875571131629,0.79,0.0910453222676592,0.030210982193447
"gamma_bin_7.50_5.44","gamma_bin","vary_sd",5.44,FALSE,137,0.962748452443007,0.967870508125924,0.85,0.0942226770134698,0.87,0.0925263911063806,0.00512205568291679
"gamma_bin_7.50_5.44","gamma_bin","vary_sd",5.44,FALSE,138,0.991058087015847,0.969531712799914,0.85,0.0959072490392364,0.85,0.094211575251399,-0.0215263742159332
"gamma_bin_7.50_5.44","gamma_bin","vary_sd",5.44,FALSE,139,1.01894781256074,0.971313695416104,0.77,0.0977023159742488,0.78,0.0959549347801378,-0.0476341171446361
"gamma_bin_7.50_5.44","gamma_bin","vary_sd",5.44,FALSE,140,1.04444932027992,0.972924880611226,0.6,0.0984833866595883,0.61,0.0966291451404654,-0.0715244396686938
"gamma_bin_7.50_5.44","gamma_bin","vary_sd",5.44,FALSE,141,1.0657059122687,0.97428656080452,0.5,0.0977451576429514,0.48,0.0957451176115151,-0.0914193514641806
"gamma_bin_7.50_5.44","gamma_bin","vary_sd",5.44,FALSE,142,1.0810929449843,0.975160876055901,0.43,0.0956055115129835,0.38,0.09364371471328,-0.105932068928399
"gamma_bin_7.50_5.44","gamma_bin","vary_sd",5.44,FALSE,143,1.08930930531451,0.975406172004622,0.36,0.0934045108144775,0.34,0.0915236001906739,-0.113903133309888
"gamma_bin_7.50_5.44","gamma_bin","vary_sd",5.44,FALSE,144,1.08943317712892,0.975316758749712,0.39,0.0918798980684758,0.33,0.0901309508912486,-0.114116418379208
"gamma_bin_7.50_5.44","gamma_bin","vary_sd",5.44,FALSE,145,1.08148967301391,0.975081829511513,0.39,0.0919411219128305,0.39,0.0901435501505667,-0.106407843502397
"gamma_bin_7.50_5.44","gamma_bin","vary_sd",5.44,FALSE,146,1.067118056924,0.97420515175383,0.46,0.0933313891771649,0.46,0.0915919353489703,-0.0929129051701697
"gamma_bin_7.50_5.44","gamma_bin","vary_sd",5.44,FALSE,147,1.04828964020928,0.973086920787006,0.6,0.0955458403891359,0.57,0.0937250359072376,-0.0752027194222737
"gamma_bin_7.50_5.44","gamma_bin","vary_sd",5.44,FALSE,148,1.02693455801449,0.97170039271649,0.71,0.0977889408009975,0.71,0.0958173948913393,-0.0552341652980001
"gamma_bin_7.50_5.44","gamma_bin","vary_sd",5.44,FALSE,149,1.00477443375589,0.97025491406387,0.84,0.09923573739727,0.81,0.0972445546709005,-0.0345195196920197
"gamma_bin_7.50_5.44","gamma_bin","vary_sd",5.44,FALSE,150,0.983222907766779,0.968337261916393,0.88,0.0992179645659407,0.89,0.0970697860071131,-0.0148856458503859
"gamma_bin_7.50_5.44","gamma_bin","vary_sd",5.44,FALSE,151,0.963363940769346,0.965895948423953,0.92,0.0975716159756085,0.91,0.095459127268528,0.00253200765460737
"gamma_bin_7.50_5.44","gamma_bin","vary_sd",5.44,FALSE,152,0.945985514931433,0.963049325397706,0.89,0.0953647054291823,0.88,0.0935084291806906,0.0170638104662731
"gamma_bin_7.50_5.44","gamma_bin","vary_sd",5.44,FALSE,153,0.931639698450479,0.959785830124133,0.82,0.0934035174532028,0.81,0.0914046018082427,0.0281461316736535
"gamma_bin_7.50_5.44","gamma_bin","vary_sd",5.44,FALSE,154,0.920706027513323,0.956679186274353,0.79,0.0925197425797552,0.79,0.0907277933503625,0.03597315876103
"gamma_bin_7.50_5.44","gamma_bin","vary_sd",5.44,FALSE,155,0.913287949909382,0.953891370622108,0.78,0.0931975117854243,0.78,0.091195797996872,0.0406034207127264
"gamma_bin_7.50_5.44","gamma_bin","vary_sd",5.44,FALSE,156,0.909118262499206,0.9516172915057,0.76,0.0947670088735021,0.77,0.0926033333611874,0.0424990290064945
"gamma_bin_7.50_5.44","gamma_bin","vary_sd",5.44,FALSE,157,0.90786599524967,0.949962937774516,0.8,0.0965400419719941,0.79,0.0941437348217431,0.0420969425248456
"gamma_bin_7.50_5.44","gamma_bin","vary_sd",5.44,FALSE,158,0.909191813449816,0.948775498600371,0.81,0.0977839809001969,0.81,0.0954506393591968,0.0395836851505547
"gamma_bin_7.50_5.44","gamma_bin","vary_sd",5.44,FALSE,159,0.9127706498954,0.948146798519666,0.82,0.0976935571819493,0.82,0.0955598319523428,0.0353761486242662
"gamma_bin_7.50_5.44","gamma_bin","vary_sd",5.44,FALSE,160,0.918310343562916,0.948371206303544,0.83,0.0965345409642002,0.81,0.0943291428439348,0.0300608627406277
"gamma_bin_7.50_5.44","gamma_bin","vary_sd",5.44,FALSE,161,0.925562601543549,0.949555578454651,0.85,0.0945151486716837,0.82,0.0920809196521361,0.0239929769111018
"gamma_bin_7.50_5.44","gamma_bin","vary_sd",5.44,FALSE,162,0.934326617511047,0.951693432464735,0.87,0.0927786805231085,0.86,0.0903930084120536,0.0173668149536882
"gamma_bin_7.50_5.44","gamma_bin","vary_sd",5.44,FALSE,163,0.944447396594412,0.954198882592801,0.87,0.0917663076537015,0.88,0.0895488538335685,0.00975148599838882
"gamma_bin_7.50_5.44","gamma_bin","vary_sd",5.44,FALSE,164,0.955808426255688,0.95713817207733,0.86,0.0921522601287453,0.84,0.0900138817551508,0.00132974582164247
"gamma_bin_7.50_5.44","gamma_bin","vary_sd",5.44,FALSE,165,0.968171987055275,0.961068255299346,0.84,0.0941162931636591,0.85,0.0920550409753496,-0.00710373175592915
"gamma_bin_7.50_5.44","gamma_bin","vary_sd",5.44,FALSE,166,0.981075418082579,0.965770127291793,0.84,0.0965522366922619,0.84,0.0947811005593917,-0.0153052907907859
"gamma_bin_7.50_5.44","gamma_bin","vary_sd",5.44,FALSE,167,0.99403776313242,0.971340051417957,0.82,0.0993068465770651,0.84,0.09730278517067,-0.0226977117144634
"gamma_bin_7.50_5.44","gamma_bin","vary_sd",5.44,FALSE,168,1.00658618871785,0.977544321136504,0.8,0.101168835588119,0.79,0.0991098949213845,-0.0290418675813464
"gamma_bin_7.50_5.44","gamma_bin","vary_sd",5.44,FALSE,169,1.01827263962082,0.984644179445505,0.79,0.101563651522891,0.79,0.099442938222381,-0.0336284601753145
"gamma_bin_7.50_5.44","gamma_bin","vary_sd",5.44,FALSE,170,1.02869207421039,0.992187103553769,0.79,0.10056715057571,0.77,0.0984795600255908,-0.0365049706566212
"gamma_bin_7.50_5.44","gamma_bin","vary_sd",5.44,FALSE,171,1.03749575970787,1.00053763448818,0.81,0.0989924681172456,0.78,0.0968440817456744,-0.0369581252196942
"gamma_bin_7.50_5.44","gamma_bin","vary_sd",5.44,FALSE,172,1.04439766370686,1.00952741338757,0.82,0.0980430566597338,0.77,0.0959782914540346,-0.0348702503192933
"gamma_bin_7.50_5.44","gamma_bin","vary_sd",5.44,FALSE,173,1.04917474480308,1.01923975565103,0.83,0.0987490318870287,0.84,0.0966643847719476,-0.029934989152048
"gamma_bin_7.50_5.44","gamma_bin","vary_sd",5.44,FALSE,174,1.05167598943045,1.02957039760539,0.82,0.100509320132884,0.83,0.0985510380192149,-0.0221055918250594
"gamma_bin_7.50_5.44","gamma_bin","vary_sd",5.44,FALSE,175,1.05228684352057,1.04011580416079,0.86,0.10338466363113,0.87,0.101214374550927,-0.0121710393597845
"gamma_bin_7.50_5.44","gamma_bin","vary_sd",5.44,FALSE,176,1.05205037229906,1.05106212828287,0.9,0.105988353945793,0.88,0.103743326079715,-0.000988244016188355
"gamma_bin_7.50_5.44","gamma_bin","vary_sd",5.44,FALSE,177,1.05206304074467,1.06253496901962,0.88,0.107747624637267,0.9,0.105303635845117,0.0104719282749532
"gamma_bin_7.50_5.44","gamma_bin","vary_sd",5.44,FALSE,178,1.0533911428065,1.07447340803014,0.89,0.107832506476963,0.85,0.105484372148471,0.0210822652236444
"gamma_bin_7.50_5.44","gamma_bin","vary_sd",5.44,FALSE,179,1.05702523270082,1.08681403571056,0.86,0.105985438617494,0.83,0.104056929384798,0.0297888030097395
"gamma_bin_7.50_5.44","gamma_bin","vary_sd",5.44,FALSE,180,1.06385390304002,1.09979619096354,0.83,0.103762106498825,0.81,0.101806977538751,0.0359422879235156
"gamma_bin_7.50_5.44","gamma_bin","vary_sd",5.44,FALSE,181,1.07466368846286,1.11255526656045,0.78,0.101839662151646,0.8,0.100021738953583,0.0378915780975897
"gamma_bin_7.50_5.44","gamma_bin","vary_sd",5.44,FALSE,182,1.09015918537017,1.12521787196868,0.84,0.101508927762853,0.82,0.0995478498471043,0.0350586865985056
"gamma_bin_7.50_5.44","gamma_bin","vary_sd",5.44,FALSE,183,1.11099415707904,1.1374888818787,0.85,0.103354681076014,0.83,0.10119196347024,0.0264947247996645
"gamma_bin_7.50_5.44","gamma_bin","vary_sd",5.44,FALSE,184,1.13776253966062,1.1491532763747,0.85,0.106836121957714,0.85,0.104203725233064,0.0113907367140815
"gamma_bin_7.50_5.44","gamma_bin","vary_sd",5.44,FALSE,185,1.16994138910722,1.15969931608589,0.85,0.110255431319665,0.85,0.107933815537082,-0.0102420730213284
"gamma_bin_7.50_5.44","gamma_bin","vary_sd",5.44,FALSE,186,1.20568067952197,1.16955750958754,0.84,0.113129888952655,0.84,0.110402640882014,-0.0361231699344269
"gamma_bin_7.50_5.44","gamma_bin","vary_sd",5.44,FALSE,187,1.24280592689739,1.1782037641083,0.72,0.114235864355469,0.7,0.111266111291805,-0.0646021627890851
"gamma_bin_7.50_5.44","gamma_bin","vary_sd",5.44,FALSE,188,1.27892507759421,1.18553513256288,0.61,0.112991798705897,0.54,0.110172118867474,-0.0933899450313302
"gamma_bin_7.50_5.44","gamma_bin","vary_sd",5.44,FALSE,189,1.31157809299846,1.19145071696473,0.42,0.11024838434908,0.43,0.107746038619199,-0.120127376033725
"gamma_bin_7.50_5.44","gamma_bin","vary_sd",5.44,FALSE,190,1.33842575739913,1.19593097551888,0.36,0.107530159411633,0.34,0.105094962921738,-0.142494781880251
"gamma_bin_7.50_5.44","gamma_bin","vary_sd",5.44,FALSE,191,1.35742493987032,1.19874187375581,0.24,0.106065745237069,0.24,0.104049997514006,-0.158683066114508
"gamma_bin_7.50_5.44","gamma_bin","vary_sd",5.44,FALSE,192,1.36695842059754,1.19991501931277,0.22,0.106561356447311,0.22,0.104695945460436,-0.167043401284773
"gamma_bin_7.50_5.44","gamma_bin","vary_sd",5.44,FALSE,193,1.36590703303142,1.19943972683023,0.24,0.108767020728306,0.22,0.106548050686991,-0.166467306201188
"gamma_bin_7.50_5.44","gamma_bin","vary_sd",5.44,FALSE,194,1.35374441935837,1.19732832538402,0.31,0.111208047383936,0.26,0.10873076307993,-0.156416093974352
"gamma_bin_7.50_5.44","gamma_bin","vary_sd",5.44,FALSE,195,1.33179505256341,1.193636493869,0.38,0.112240150905751,0.38,0.109830436821861,-0.138158558694413
"gamma_bin_7.50_5.44","gamma_bin","vary_sd",5.44,FALSE,196,1.30282908300336,1.18828912078902,0.53,0.111926719099778,0.51,0.109450072494219,-0.114539962214343
"gamma_bin_7.50_5.44","gamma_bin","vary_sd",5.44,FALSE,197,1.26962792749398,1.18112520635609,0.66,0.109484613302712,0.62,0.106940491554561,-0.0885027211378893
"gamma_bin_7.50_5.44","gamma_bin","vary_sd",5.44,FALSE,198,1.23470197201586,1.17249830893847,0.7,0.105529537135679,0.71,0.10304497059118,-0.0622036630773855
"gamma_bin_7.50_5.44","gamma_bin","vary_sd",5.44,FALSE,199,1.20012008532359,1.16273699224351,0.79,0.101630279995396,0.78,0.099372639383833,-0.037383093080076
"gamma_bin_7.50_5.44","gamma_bin","vary_sd",5.44,FALSE,200,1.16745324780638,1.15270129506342,0.86,0.0996440983985434,0.87,0.097471809642735,-0.0147519527429594
"gamma_bin_7.50_5.44","gamma_bin","vary_sd",5.44,FALSE,201,1.13781324493009,1.14231546832417,0.88,0.0994107818587547,0.88,0.0971150610766436,0.00450222339407969
"gamma_bin_7.50_5.44","gamma_bin","vary_sd",5.44,FALSE,202,1.11194114249594,1.13205092801453,0.86,0.100824256865318,0.86,0.0987293005296435,0.0201097855185925
"gamma_bin_7.50_5.44","gamma_bin","vary_sd",5.44,FALSE,203,1.09030738318271,1.12241707775092,0.84,0.103365495902902,0.87,0.101181076287999,0.032109694568206
"gamma_bin_7.50_5.44","gamma_bin","vary_sd",5.44,FALSE,204,1.07317842503564,1.11371163726016,0.83,0.105546701958648,0.84,0.103170227949694,0.0405332122245206
"gamma_bin_7.50_5.44","gamma_bin","vary_sd",5.44,FALSE,205,1.06040347302214,1.106227296573,0.8,0.106494859878877,0.82,0.104177266402595,0.0458238235508552
"gamma_bin_7.50_5.44","gamma_bin","vary_sd",5.44,FALSE,206,1.05156904168052,1.10008634264413,0.79,0.106287957951877,0.8,0.103833324232321,0.04851730096361
"gamma_bin_7.50_5.44","gamma_bin","vary_sd",5.44,FALSE,207,1.04624950999474,1.0951735391888,0.78,0.104273204377408,0.77,0.101570841067184,0.0489240291940558
"gamma_bin_7.50_5.44","gamma_bin","vary_sd",5.44,FALSE,208,1.04403704329192,1.09198449632102,0.79,0.101288680231528,0.77,0.0987821261579031,0.0479474530290978
"gamma_bin_7.50_5.44","gamma_bin","vary_sd",5.44,FALSE,209,1.0445651521307,1.09056074994601,0.77,0.0990060263366409,0.78,0.0966680503379924,0.0459955978153055
"gamma_bin_7.50_5.44","gamma_bin","vary_sd",5.44,FALSE,210,1.04752392002038,1.09062354831097,0.81,0.0982586403256616,0.81,0.0960104967465487,0.0430996282905931
"gamma_bin_7.50_5.44","gamma_bin","vary_sd",5.44,FALSE,211,1.05266551803821,1.09264041243435,0.83,0.0987385594824045,0.85,0.0966333466893503,0.0399748943961378
"gamma_bin_7.50_5.44","gamma_bin","vary_sd",5.44,FALSE,212,1.0598023103751,1.09649953899386,0.85,0.100374876390462,0.85,0.0985353409651429,0.0366972286187617
"gamma_bin_7.50_5.44","gamma_bin","vary_sd",5.44,FALSE,213,1.06880062573221,1.10201601863992,0.85,0.102890927991724,0.85,0.101035456093206,0.033215392907709
"gamma_bin_7.50_5.44","gamma_bin","vary_sd",5.44,FALSE,214,1.0795784696348,1.10929626938446,0.86,0.1052181015188,0.86,0.103266323823812,0.029717799749656
"gamma_bin_7.50_5.44","gamma_bin","vary_sd",5.44,FALSE,215,1.09215111452811,1.1182058797427,0.86,0.106283178497418,0.85,0.104481559472946,0.0260547652145895
"gamma_bin_7.50_5.44","gamma_bin","vary_sd",5.44,FALSE,216,1.10660255202503,1.12916104324189,0.86,0.105805401056218,0.85,0.103941452305294,0.0225584912168635
"gamma_bin_7.50_5.44","gamma_bin","vary_sd",5.44,FALSE,217,1.1230463183655,1.14175450393789,0.87,0.104294112443903,0.88,0.102355404505556,0.0187081855723938
"gamma_bin_7.50_5.44","gamma_bin","vary_sd",5.44,FALSE,218,1.14161803384419,1.15588127276757,0.89,0.103084986885078,0.88,0.100831134791421,0.0142632389233814
"gamma_bin_7.50_5.44","gamma_bin","vary_sd",5.44,FALSE,219,1.16246850453014,1.17090633231644,0.88,0.103169371521713,0.89,0.100729676629868,0.00843782778630087
"gamma_bin_7.50_5.44","gamma_bin","vary_sd",5.44,FALSE,220,1.18575867786174,1.18692523477381,0.87,0.105024781722605,0.88,0.102763434686663,0.00116655691207468
"gamma_bin_7.50_5.44","gamma_bin","vary_sd",5.44,FALSE,221,1.21165701983639,1.20364082802745,0.87,0.109097907664997,0.85,0.106740632467839,-0.00801619180894231
"gamma_bin_7.50_5.44","gamma_bin","vary_sd",5.44,FALSE,222,1.24033898455105,1.22066736309163,0.86,0.113685400117225,0.86,0.111290531412482,-0.019671621459417
"gamma_bin_7.50_5.44","gamma_bin","vary_sd",5.44,FALSE,223,1.27198794287079,1.23762246638515,0.85,0.117660710075822,0.86,0.115346445574574,-0.0343654764856416
"gamma_bin_7.50_5.44","gamma_bin","vary_sd",5.44,FALSE,224,1.30666523446541,1.25422862666412,0.81,0.120208518141963,0.77,0.117717691516016,-0.0524366078012892
"gamma_bin_7.50_5.44","gamma_bin","vary_sd",5.44,FALSE,225,1.3433530482977,1.27032663244579,0.76,0.120324154068412,0.73,0.11786139317794,-0.073026415851908
"gamma_bin_7.50_5.44","gamma_bin","vary_sd",5.44,FALSE,226,1.38038171186225,1.28602281177451,0.71,0.118278769863858,0.7,0.115873271623306,-0.094358900087741
"gamma_bin_7.50_5.44","gamma_bin","vary_sd",5.44,FALSE,227,1.41592160258673,1.30059701386987,0.56,0.115736900485181,0.55,0.113476918518668,-0.115324588716857
"gamma_bin_7.50_5.44","gamma_bin","vary_sd",5.44,FALSE,228,1.44808142918806,1.31427094729427,0.45,0.114841042274974,0.39,0.112335604065251,-0.13381048189379
"gamma_bin_7.50_5.44","gamma_bin","vary_sd",5.44,FALSE,229,1.47504730588812,1.32661404360403,0.38,0.116050047631439,0.35,0.113278647410033,-0.148433262284089
"gamma_bin_7.50_5.44","gamma_bin","vary_sd",5.44,FALSE,230,1.49521587906308,1.33720356942803,0.37,0.118690756257885,0.32,0.115889695037987,-0.158012309635051
"gamma_bin_7.50_5.44","gamma_bin","vary_sd",5.44,FALSE,231,1.50729103953841,1.34561870669324,0.35,0.122061804952616,0.33,0.11913751509024,-0.161672332845172
"gamma_bin_7.50_5.44","gamma_bin","vary_sd",5.44,FALSE,232,1.51033534857617,1.35171992176141,0.37,0.124801138650117,0.35,0.121531391986005,-0.158615426814758
"gamma_bin_7.50_5.44","gamma_bin","vary_sd",5.44,FALSE,233,1.50378097074586,1.35538544783691,0.44,0.125787516889024,0.42,0.122490725185645,-0.148395522908954
"gamma_bin_7.50_5.44","gamma_bin","vary_sd",5.44,FALSE,234,1.48764960471254,1.35654472306676,0.53,0.124536678614282,0.52,0.121328874663677,-0.131104881645779
"gamma_bin_7.50_5.44","gamma_bin","vary_sd",5.44,FALSE,235,1.46373241708909,1.35548224039078,0.61,0.121118958284398,0.58,0.117973429170122,-0.108250176698313
"gamma_bin_7.50_5.44","gamma_bin","vary_sd",5.44,FALSE,236,1.43448143272486,1.35171762019466,0.66,0.116768862541997,0.65,0.113903344249325,-0.0827638125302019
"gamma_bin_7.50_5.44","gamma_bin","vary_sd",5.44,FALSE,237,1.40223769952072,1.34600170653317,0.74,0.113527810932381,0.72,0.110889025271565,-0.0562359929875476
"gamma_bin_7.50_5.44","gamma_bin","vary_sd",5.44,FALSE,238,1.36905513115977,1.33890749125284,0.88,0.112195499239583,0.89,0.109901375473257,-0.0301476399069287
"gamma_bin_7.50_5.44","gamma_bin","vary_sd",5.44,FALSE,239,1.33659069308879,1.33064084281951,0.92,0.11302270480756,0.92,0.110780854208911,-0.00594985026927741
"gamma_bin_7.50_5.44","gamma_bin","vary_sd",5.44,FALSE,240,1.30608415861083,1.32164495117336,0.93,0.115228800538081,0.93,0.112712867125988,0.0155607925625296
"gamma_bin_7.50_5.44","gamma_bin","vary_sd",5.44,FALSE,241,1.27840456713347,1.31199585030298,0.88,0.117382259208321,0.91,0.114632053101958,0.0335912831695087
"gamma_bin_7.50_5.44","gamma_bin","vary_sd",5.44,FALSE,242,1.25412742548082,1.30207859268379,0.84,0.118947681554336,0.87,0.11617614321413,0.0479511672029673
"gamma_bin_7.50_5.44","gamma_bin","vary_sd",5.44,FALSE,243,1.23361554311767,1.29170691688903,0.83,0.119794489037573,0.85,0.117467763010927,0.0580913737713633
"gamma_bin_7.50_5.44","gamma_bin","vary_sd",5.44,FALSE,244,1.21706403589592,1.28081175867559,0.8,0.120505564910798,0.8,0.11793022043682,0.0637477227796679
"gamma_bin_7.50_5.44","gamma_bin","vary_sd",5.44,FALSE,245,1.20445667363505,1.26992438375206,0.81,0.122304735959468,0.81,0.119850221953024,0.0654677101170065
"gamma_bin_7.50_5.44","gamma_bin","vary_sd",5.44,FALSE,246,1.19569657050359,1.25890507550758,0.82,0.127244175861925,0.84,0.124738526406047,0.0632085050039908
"gamma_bin_7.50_5.44","gamma_bin","vary_sd",5.44,FALSE,247,1.19067334691389,1.24803796216716,0.85,0.135399255944005,0.85,0.132499778705365,0.0573646152532681
"gamma_bin_7.50_5.44","gamma_bin","vary_sd",5.44,FALSE,248,1.1892846905786,1.23794222512104,0.92,0.146669273533308,0.93,0.143225329984342,0.0486575345424392
"gamma_bin_7.50_5.44","gamma_bin","vary_sd",5.44,FALSE,249,1.1914521017446,1.22844399702403,0.97,0.161083914239172,0.97,0.157154401108081,0.0369918952794288
"gamma_bin_7.50_5.44","gamma_bin","vary_sd",5.44,FALSE,250,1.19713021020468,1.21983565846004,0.99,0.176524560378908,0.99,0.172511485062416,0.0227054482553586
"gamma_bin_7.50_5.44","gamma_bin","vary_sd",5.44,FALSE,251,1.20631090184647,1.21210863747625,0.99,0.193581289196676,0.99,0.189229559363178,0.00579773562978025
"gamma_bin_7.50_5.44","gamma_bin","vary_sd",5.44,FALSE,252,1.21902415582724,1.20550423020143,1,0.212255761185798,0.99,0.20713761278675,-0.0135199256258098
"gamma_bin_7.50_5.44","gamma_bin","vary_sd",5.44,FALSE,253,1.23533724681924,1.19988215337057,0.99,0.232305173860027,0.99,0.226552838838458,-0.0354550934486662
